t_s,bus_v,shunt_mv,current_ma,power_mw
0.000348123001458589,12.884,2.0761245674740487,190.3114186851211,2451.9723183391006
0.01041443100075412,12.852,2.0761245674740487,190.3114186851211,2445.8823529411766
0.020477275000303052,12.884,1.9031141868512111,207.61245674740485,2674.878892733564
0.030536416001268663,12.852,2.0761245674740487,207.61245674740485,2668.2352941176473
0.04059672300172679,12.88,1.9031141868512111,190.3114186851211,2451.21107266436
0.05065567800011195,12.856,2.0761245674740487,190.3114186851211,2446.643598615917
0.06071585600147955,12.88,2.0761245674740487,190.3114186851211,2451.21107266436
0.0707748860004358,12.852,2.0761245674740487,207.61245674740485,2668.2352941176473
0.08083623000129592,12.88,2.0761245674740487,190.3114186851211,2451.21107266436
0.0908972970009927,12.852,1.9031141868512111,190.3114186851211,2445.8823529411766
0.10095821499999147,12.884,2.0761245674740487,207.61245674740485,2674.878892733564
0.11101928200150724,12.856,2.0761245674740487,190.3114186851211,2446.643598615917
0.12107849700078077,12.88,2.0761245674740487,207.61245674740485,2674.0484429065746
0.13113989700104867,12.856,1.9031141868512111,190.3114186851211,2446.643598615917
0.14120035200176062,12.888,2.0761245674740487,190.3114186851211,2452.733564013841
0.15126099300141505,12.848,2.0761245674740487,190.3114186851211,2445.1211072664364
0.1613217820013233,12.888,1.9031141868512111,207.61245674740485,2675.7093425605535
0.17138236700156995,12.844,2.0761245674740487,190.3114186851211,2444.3598615916953
0.18144315500103403,12.884,2.0761245674740487,190.3114186851211,2451.9723183391006
0.19151172200145083,12.852,2.0761245674740487,207.61245674740485,2668.2352941176473
0.20157851100157131,12.88,1.9031141868512111,207.61245674740485,2674.0484429065746
0.21163931800037972,12.852,2.0761245674740487,207.61245674740485,2668.2352941176473
0.22170010700028797,12.88,2.0761245674740487,207.61245674740485,2674.0484429065746
0.23176506200070435,12.856,1.9031141868512111,190.3114186851211,2446.643598615917
0.2418261100010568,12.884,1.9031141868512111,190.3114186851211,2451.9723183391006
0.25189125100041565,12.852,1.9031141868512111,207.61245674740485,2668.2352941176473
0.26195141000061994,12.88,2.0761245674740487,190.3114186851211,2451.21107266436
0.27201269900069747,12.852,2.0761245674740487,190.3114186851211,2445.8823529411766
0.2820716360001825,12.876,2.0761245674740487,207.61245674740485,2673.2179930795846
0.2921329990003869,12.856,1.9031141868512111,190.3114186851211,2446.643598615917
0.3021941210008663,12.876,2.0761245674740487,190.3114186851211,2450.4498269896194
0.31225518800056307,12.856,2.0761245674740487,207.61245674740485,2669.065743944637
0.32231677300114825,12.876,1.9031141868512111,207.61245674740485,2673.2179930795846
0.33237778400143725,12.852,1.9031141868512111,190.3114186851211,2445.8823529411766
0.34243898000022455,12.884,2.0761245674740487,207.61245674740485,2674.878892733564
0.3524998430002597,12.852,2.0761245674740487,207.61245674740485,2668.2352941176473
0.3625599090009928,12.884,1.9031141868512111,190.3114186851211,2451.9723183391006
0.3726219950003724,12.844,1.9031141868512111,190.3114186851211,2444.3598615916953
0.3826817650005978,12.88,2.0761245674740487,190.3114186851211,2451.21107266436
0.39274214600118285,12.848,2.0761245674740487,190.3114186851211,2445.1211072664364
0.40280315700147185,12.876,2.0761245674740487,207.61245674740485,2673.2179930795846
0.41286613100055547,12.852,1.9031141868512111,207.61245674740485,2668.2352941176473
0.4229273460005061,12.888,1.9031141868512111,207.61245674740485,2675.7093425605535
0.4329883760001394,12.852,1.9031141868512111,190.3114186851211,2445.8823529411766
0.44304973800171865,12.884,1.9031141868512111,190.3114186851211,2451.9723183391006
0.4531105830010347,12.852,1.9031141868512111,207.61245674740485,2668.2352941176473
0.46317142700172553,12.88,1.9031141868512111,207.61245674740485,2674.0484429065746
0.47323232700000517,12.856,2.0761245674740487,207.61245674740485,2669.065743944637
0.4832932270001038,12.872,2.0761245674740487,207.61245674740485,2672.387543252595
0.49335364600119647,12.856,2.0761245674740487,190.3114186851211,2446.643598615917
0.5034146010002587,12.876,2.0761245674740487,190.3114186851211,2450.4498269896194
0.5134753340007592,12.852,2.0761245674740487,207.61245674740485,2668.2352941176473
0.5235355120003078,12.884,2.0761245674740487,207.61245674740485,2674.878892733564
0.5335968750005122,12.852,2.0761245674740487,207.61245674740485,2668.2352941176473
0.5436578490007378,12.884,2.0761245674740487,190.3114186851211,2451.9723183391006
0.5537187120007729,12.852,2.0761245674740487,190.3114186851211,2445.8823529411766
0.5637789640004485,12.884,1.9031141868512111,190.3114186851211,2451.9723183391006
0.5738389380003355,12.852,2.0761245674740487,207.61245674740485,2668.2352941176473
0.5839001150015974,12.88,1.9031141868512111,190.3114186851211,2451.21107266436
0.5939614230010193,12.848,2.0761245674740487,207.61245674740485,2667.404844290658
0.6040221370003565,12.88,2.0761245674740487,190.3114186851211,2451.21107266436
0.6140825560014491,12.852,1.9031141868512111,207.61245674740485,2668.2352941176473
0.6241428820012516,12.884,2.0761245674740487,207.61245674740485,2674.878892733564
0.6342029850002291,12.852,1.9031141868512111,190.3114186851211,2445.8823529411766
0.6442644040016603,12.884,2.0761245674740487,207.61245674740485,2674.878892733564
0.654325396000786,12.852,1.9031141868512111,190.3114186851211,2445.8823529411766
0.664386241000102,12.88,1.9031141868512111,190.3114186851211,2451.21107266436
0.6744470670000737,12.856,2.0761245674740487,207.61245674740485,2669.065743944637
0.684507855999982,12.876,1.9031141868512111,207.61245674740485,2673.2179930795846
0.6945687370007363,12.852,2.0761245674740487,207.61245674740485,2668.2352941176473
0.7046296000007715,12.88,2.0761245674740487,207.61245674740485,2674.0484429065746
0.7146904630008066,12.852,2.0761245674740487,190.3114186851211,2445.8823529411766
0.7247511960013071,12.884,2.0761245674740487,207.61245674740485,2674.878892733564
0.7348120770002424,12.852,2.0761245674740487,207.61245674740485,2668.2352941176473
0.7448729960015044,12.884,2.0761245674740487,190.3114186851211,2451.9723183391006
0.7549338030003128,12.852,1.9031141868512111,190.3114186851211,2445.8823529411766
0.7649945730008767,12.88,1.9031141868512111,207.61245674740485,2674.0484429065746
0.7750554550002562,12.856,2.0761245674740487,207.61245674740485,2669.065743944637
0.7851160770005663,12.88,2.0761245674740487,190.3114186851211,2451.21107266436
0.7951768840011937,12.848,2.0761245674740487,207.61245674740485,2667.404844290658
0.8052375810002559,12.884,2.0761245674740487,190.3114186851211,2451.9723183391006
0.815298369001539,12.848,1.9031141868512111,207.61245674740485,2667.404844290658
0.8253593430017645,12.884,2.0761245674740487,207.61245674740485,2674.878892733564
0.8354204470015247,12.852,2.0761245674740487,207.61245674740485,2668.2352941176473
0.8454812730014964,12.884,1.9031141868512111,207.61245674740485,2674.878892733564
0.8555420060001779,12.852,2.0761245674740487,190.3114186851211,2445.8823529411766
0.8656027580000227,12.88,1.9031141868512111,207.61245674740485,2674.0484429065746
0.8756627880011365,12.856,1.9031141868512111,190.3114186851211,2446.643598615917
0.8857231690017215,12.872,2.0761245674740487,207.61245674740485,2672.387543252595
0.895783180001672,12.852,1.9031141868512111,207.61245674740485,2668.2352941176473
0.9058437100011361,12.88,2.0761245674740487,207.61245674740485,2674.0484429065746
0.9159041280017846,12.852,2.0761245674740487,207.61245674740485,2668.2352941176473
0.9259656390004238,12.88,1.9031141868512111,190.3114186851211,2451.21107266436
0.9360263170001417,12.852,2.0761245674740487,207.61245674740485,2668.2352941176473
0.946086791000198,12.88,2.0761245674740487,190.3114186851211,2451.21107266436
0.9561477090010158,12.852,2.0761245674740487,190.3114186851211,2445.8823529411766
0.9662084610008606,12.88,1.9031141868512111,207.61245674740485,2674.0484429065746
0.9762689170001977,12.856,1.9031141868512111,207.61245674740485,2669.065743944637
0.9863288910000847,12.884,1.9031141868512111,207.61245674740485,2674.878892733564
0.9963908830013679,12.848,1.9031141868512111,207.61245674740485,2667.404844290658
1.0064525980014878,12.884,2.0761245674740487,207.61245674740485,2674.878892733564
1.0165135720017133,12.852,1.9031141868512111,207.61245674740485,2668.2352941176473
1.0265746750010294,12.884,2.0761245674740487,207.61245674740485,2674.878892733564
1.036635260001276,12.852,2.0761245674740487,207.61245674740485,2668.2352941176473
1.0466956970012689,12.88,2.0761245674740487,207.61245674740485,2674.0484429065746
1.0567558200000349,12.856,1.9031141868512111,190.3114186851211,2446.643598615917
1.0668158490007045,12.88,2.0761245674740487,190.3114186851211,2451.21107266436
1.0768766380006127,12.856,2.0761245674740487,207.61245674740485,2669.065743944637
1.086937501000648,12.884,2.0761245674740487,207.61245674740485,2674.878892733564
1.096996123000281,12.852,2.0761245674740487,207.61245674740485,2668.2352941176473
1.1070590040017123,12.88,2.0761245674740487,190.3114186851211,2451.21107266436
1.117117738000161,12.852,1.9031141868512111,190.3114186851211,2445.8823529411766
1.127177008000217,12.88,2.0761245674740487,190.3114186851211,2451.21107266436
1.1372372040004848,12.856,2.0761245674740487,207.61245674740485,2669.065743944637
1.147297678000541,12.876,1.9031141868512111,190.3114186851211,2450.4498269896194
1.1573564300015278,12.852,2.0761245674740487,207.61245674740485,2668.2352941176473
1.1674154780012032,12.884,1.9031141868512111,190.3114186851211,2451.9723183391006
1.1774756370014074,12.852,2.0761245674740487,190.3114186851211,2445.8823529411766
1.1875340740007232,12.884,2.0761245674740487,207.61245674740485,2674.878892733564
1.1976096410016908,12.848,1.9031141868512111,190.3114186851211,2445.1211072664364
1.207671707001282,12.884,1.9031141868512111,190.3114186851211,2451.9723183391006
1.21773129200119,12.848,2.0761245674740487,207.61245674740485,2667.404844290658
1.2277928770017752,12.88,1.9031141868512111,207.61245674740485,2674.0484429065746
1.2378540000008798,12.852,2.0761245674740487,207.61245674740485,2668.2352941176473
1.2479150850012957,12.88,2.0761245674740487,190.3114186851211,2451.21107266436
1.2579760770004214,12.852,1.9031141868512111,207.61245674740485,2668.2352941176473
1.2680352360002871,12.888,2.0761245674740487,190.3114186851211,2452.733564013841
1.2780939330004912,12.852,2.0761245674740487,207.61245674740485,2668.2352941176473
1.2881532210012665,12.884,2.0761245674740487,207.61245674740485,2674.878892733564
1.2982145660007518,12.852,2.0761245674740487,207.61245674740485,2668.2352941176473
1.30827535500066,12.88,2.0761245674740487,190.3114186851211,2451.21107266436
1.3183360140010336,12.852,2.0761245674740487,207.61245674740485,2668.2352941176473
1.3283967840015976,12.876,2.0761245674740487,190.3114186851211,2450.4498269896194
1.338457666000977,12.856,2.0761245674740487,190.3114186851211,2446.643598615917
1.348518436001541,12.88,1.9031141868512111,207.61245674740485,2674.0484429065746
1.3585771510006452,12.856,1.9031141868512111,190.3114186851211,2446.643598615917
1.3686358280010609,12.884,2.0761245674740487,190.3114186851211,2451.9723183391006
1.3786945800002286,12.852,2.0761245674740487,207.61245674740485,2668.2352941176473
1.388754258001427,12.884,1.9031141868512111,207.61245674740485,2674.878892733564
1.3988158800002566,12.848,1.9031141868512111,190.3114186851211,2445.1211072664364
1.4088767430002918,12.88,2.0761245674740487,190.3114186851211,2451.21107266436
1.4189375320002,12.848,2.0761245674740487,207.61245674740485,2667.404844290658
1.4289983390008274,12.88,2.0761245674740487,190.3114186851211,2451.21107266436
1.439059239000926,12.852,2.0761245674740487,207.61245674740485,2668.2352941176473
1.449119935001363,12.884,2.0761245674740487,207.61245674740485,2674.878892733564
1.459180613001081,12.852,2.0761245674740487,207.61245674740485,2668.2352941176473
1.4692412720014545,12.884,2.0761245674740487,190.3114186851211,2451.9723183391006
1.479302005000136,12.852,1.9031141868512111,207.61245674740485,2668.2352941176473
1.4893618310015881,12.884,2.0761245674740487,207.61245674740485,2674.878892733564
1.4994224720012426,12.852,2.0761245674740487,190.3114186851211,2445.8823529411766
1.509483038000326,12.876,2.0761245674740487,207.61245674740485,2673.2179930795846
1.5195418640014395,12.852,1.9031141868512111,207.61245674740485,2668.2352941176473
1.5296006160006073,12.876,2.0761245674740487,190.3114186851211,2450.4498269896194
1.5396607750008116,12.856,1.9031141868512111,190.3114186851211,2446.643598615917
1.5497216200001276,12.884,2.0761245674740487,207.61245674740485,2674.878892733564
1.5597823160005646,12.852,2.0761245674740487,207.61245674740485,2668.2352941176473
1.5698430120010016,12.884,2.0761245674740487,190.3114186851211,2451.9723183391006
1.579903819001629,12.852,2.0761245674740487,207.61245674740485,2668.2352941176473
1.5899645530007547,12.884,2.0761245674740487,207.61245674740485,2674.878892733564
1.6000252670000918,12.856,2.0761245674740487,207.61245674740485,2669.065743944637
1.6100855930017133,12.88,2.0761245674740487,190.3114186851211,2451.21107266436
1.6201445120004792,12.848,2.0761245674740487,207.61245674740485,2667.404844290658
1.6302045410011488,12.88,1.9031141868512111,190.3114186851211,2451.21107266436
1.6402652010001475,12.848,2.0761245674740487,190.3114186851211,2445.1211072664364
1.650326026001494,12.888,2.0761245674740487,207.61245674740485,2675.7093425605535
1.6603868150014023,12.848,2.0761245674740487,190.3114186851211,2445.1211072664364
1.6704452150006546,12.884,2.0761245674740487,207.61245674740485,2674.878892733564
1.680506171000161,12.852,2.0761245674740487,207.61245674740485,2668.2352941176473
1.6905670150008518,12.884,1.9031141868512111,190.3114186851211,2451.9723183391006
1.7006278220014792,12.852,1.9031141868512111,190.3114186851211,2445.8823529411766
1.710688574001324,12.88,1.9031141868512111,207.61245674740485,2674.0484429065746
1.7207492890011054,12.852,1.9031141868512111,207.61245674740485,2668.2352941176473
1.7308099670008232,12.88,2.0761245674740487,207.61245674740485,2674.0484429065746
1.7408683290013869,12.852,2.0761245674740487,207.61245674740485,2668.2352941176473
1.7509282480004913,12.88,1.9031141868512111,207.61245674740485,2674.0484429065746
1.7609887400012667,12.852,1.9031141868512111,207.61245674740485,2668.2352941176473
1.771049437000329,12.884,2.0761245674740487,190.3114186851211,2451.9723183391006
1.7811103920012101,12.852,1.9031141868512111,207.61245674740485,2668.2352941176473
1.7911711250017106,12.88,1.9031141868512111,190.3114186851211,2451.21107266436
1.8012317290013016,12.884,1.9031141868512111,190.3114186851211,2451.9723183391006
1.8112922770014848,12.9,2.0761245674740487,190.3114186851211,2455.017301038062
1.821352344000843,12.868,1.9031141868512111,190.3114186851211,2448.9273356401386
1.8314129290010897,12.9,1.9031141868512111,190.3114186851211,2455.017301038062
1.8414735880014632,12.86,1.9031141868512111,190.3114186851211,2447.4048442906574
1.8515341360016464,12.9,1.9031141868512111,190.3114186851211,2455.017301038062
1.861594869000328,12.864,1.9031141868512111,190.3114186851211,2448.166089965398
1.871653492000405,12.896,1.9031141868512111,190.3114186851211,2454.256055363322
1.8817116879999958,12.872,1.9031141868512111,190.3114186851211,2449.688581314879
1.891771921000327,12.896,1.7301038062283738,190.3114186851211,2454.256055363322
1.901832136001758,12.872,1.9031141868512111,190.3114186851211,2449.688581314879
1.9118905730010738,12.9,1.9031141868512111,190.3114186851211,2455.017301038062
1.921950732001278,12.868,1.9031141868512111,190.3114186851211,2448.9273356401386
1.932009502001165,12.864,2.0761245674740487,207.61245674740485,2670.726643598616
1.9420702540010097,12.844,2.0761245674740487,190.3114186851211,2444.3598615916953
1.952131209000072,12.876,1.9031141868512111,190.3114186851211,2450.4498269896194
1.962191813001482,12.86,2.0761245674740487,190.3114186851211,2447.4048442906574
1.9722523610016651,12.88,2.0761245674740487,190.3114186851211,2451.21107266436
1.9823106130006636,12.856,2.0761245674740487,207.61245674740485,2669.065743944637
1.9923716240009526,12.88,1.9031141868512111,207.61245674740485,2674.0484429065746
2.002434413001538,12.856,2.0761245674740487,207.61245674740485,2669.065743944637
2.0124953500017,12.88,1.9031141868512111,207.61245674740485,2674.0484429065746
2.0225545090015657,12.852,1.9031141868512111,207.61245674740485,2668.2352941176473
2.032615390000501,12.884,2.0761245674740487,190.3114186851211,2451.9723183391006
2.042674309001086,12.844,2.0761245674740487,190.3114186851211,2444.3598615916953
2.05273302400019,12.884,1.9031141868512111,207.61245674740485,2674.878892733564
2.0627919050002674,12.852,2.0761245674740487,207.61245674740485,2668.2352941176473
2.072851786000683,12.88,1.9031141868512111,190.3114186851211,2451.21107266436
2.0829126680000627,12.856,2.0761245674740487,207.61245674740485,2669.065743944637
2.0929734940000344,12.88,2.0761245674740487,190.3114186851211,2451.21107266436
2.1030341160003445,12.852,2.0761245674740487,207.61245674740485,2668.2352941176473
2.113094442000147,12.884,1.9031141868512111,207.61245674740485,2674.878892733564
2.123153860000457,12.852,2.0761245674740487,190.3114186851211,2445.8823529411766
2.133212797001761,12.88,1.9031141868512111,207.61245674740485,2674.0484429065746
2.1432713080012036,12.86,2.0761245674740487,207.61245674740485,2669.8961937716263
2.1533327260003716,12.876,2.0761245674740487,207.61245674740485,2673.2179930795846
2.1633934970013797,12.856,1.9031141868512111,207.61245674740485,2669.065743944637
2.173454211000717,12.876,2.0761245674740487,207.61245674740485,2673.2179930795846
2.1835132040014287,12.86,2.0761245674740487,190.3114186851211,2447.4048442906574
2.1935909740004718,12.88,1.9031141868512111,190.3114186851211,2451.21107266436
2.203654874001586,12.852,1.9031141868512111,207.61245674740485,2668.2352941176473
2.213718107001114,12.88,2.0761245674740487,207.61245674740485,2674.0484429065746
2.2237795620003453,12.852,1.9031141868512111,207.61245674740485,2668.2352941176473
2.2338404810016073,12.884,1.9031141868512111,190.3114186851211,2451.9723183391006
2.243901381001706,12.856,2.0761245674740487,190.3114186851211,2446.643598615917
2.2539622809999855,12.88,1.9031141868512111,190.3114186851211,2451.21107266436
2.2640229210010148,12.852,2.0761245674740487,190.3114186851211,2445.8823529411766
2.274084729000606,12.88,2.0761245674740487,190.3114186851211,2451.21107266436
2.2841462770011276,12.856,2.0761245674740487,207.61245674740485,2669.065743944637
2.2942072690002533,12.884,2.0761245674740487,190.3114186851211,2451.9723183391006
2.304267928000627,12.852,1.9031141868512111,190.3114186851211,2445.8823529411766
2.314328791000662,12.884,2.0761245674740487,190.3114186851211,2451.9723183391006
2.324389969000549,12.852,2.0761245674740487,190.3114186851211,2445.8823529411766
2.3344508320005843,12.884,1.9031141868512111,207.61245674740485,2674.878892733564
2.3445113240013598,12.86,1.9031141868512111,207.61245674740485,2669.8961937716263
2.354572261001522,12.876,1.9031141868512111,207.61245674740485,2673.2179930795846
2.3646326980015147,12.86,1.9031141868512111,207.61245674740485,2669.8961937716263
2.374693005000154,12.876,2.0761245674740487,190.3114186851211,2450.4498269896194
2.3847530160001043,12.856,1.9031141868512111,190.3114186851211,2446.643598615917
2.394813620001514,12.88,2.0761245674740487,207.61245674740485,2674.0484429065746
2.4048743530001957,12.856,1.9031141868512111,190.3114186851211,2446.643598615917
2.414934920001542,12.88,2.0761245674740487,190.3114186851211,2451.21107266436
2.4249956350013235,12.86,2.0761245674740487,207.61245674740485,2669.8961937716263
2.4350564050000685,12.88,2.0761245674740487,190.3114186851211,2451.21107266436
2.445117212000696,12.86,1.9031141868512111,207.61245674740485,2669.8961937716263
2.4551778900004138,12.88,2.0761245674740487,207.61245674740485,2674.0484429065746
2.4652387160003855,12.848,2.0761245674740487,190.3114186851211,2445.1211072664364
2.4752993380006956,12.884,1.9031141868512111,190.3114186851211,2451.9723183391006
2.4853596080010902,12.852,2.0761245674740487,207.61245674740485,2668.2352941176473
2.495420378001654,12.884,2.0761245674740487,190.3114186851211,2451.9723183391006
2.5054810190013086,12.852,2.0761245674740487,190.3114186851211,2445.8823529411766
2.5155413080010476,12.884,2.0761245674740487,207.61245674740485,2674.878892733564
2.5256014490005327,12.856,1.9031141868512111,190.3114186851211,2446.643598615917
2.535661923000589,12.88,2.0761245674740487,207.61245674740485,2674.0484429065746
2.545721897000476,12.856,1.9031141868512111,207.61245674740485,2669.065743944637
2.5557826300009765,12.872,2.0761245674740487,207.61245674740485,2672.387543252595
2.5658433820008213,12.856,2.0761245674740487,190.3114186851211,2446.643598615917
2.575903985001787,12.876,2.0761245674740487,207.61245674740485,2673.2179930795846
2.5859648850000667,12.852,1.9031141868512111,207.61245674740485,2668.2352941176473
2.5960251740016247,12.88,1.9031141868512111,207.61245674740485,2674.0484429065746
2.6060854630013637,12.852,2.0761245674740487,207.61245674740485,2668.2352941176473
2.6161461400006374,12.88,2.0761245674740487,190.3114186851211,2451.21107266436
2.6262070030006726,12.86,2.0761245674740487,190.3114186851211,2447.4048442906574
2.636267255000348,12.88,2.0761245674740487,207.61245674740485,2674.0484429065746
2.646327285001462,12.86,2.0761245674740487,207.61245674740485,2669.8961937716263
2.6563881290003337,12.88,2.0761245674740487,207.61245674740485,2674.0484429065746
2.666448918000242,12.848,2.0761245674740487,207.61245674740485,2667.404844290658
2.6765095770006155,12.884,1.9031141868512111,207.61245674740485,2674.878892733564
2.686570236000989,12.852,1.9031141868512111,190.3114186851211,2445.8823529411766
2.696630932001426,12.884,2.0761245674740487,190.3114186851211,2451.9723183391006
2.7066913320013555,12.856,2.0761245674740487,207.61245674740485,2669.065743944637
2.716751269001179,12.884,2.0761245674740487,190.3114186851211,2451.9723183391006
2.7268122430014046,12.856,2.0761245674740487,190.3114186851211,2446.643598615917
2.736872976000086,12.88,2.0761245674740487,190.3114186851211,2451.21107266436
2.7469338390001212,12.856,2.0761245674740487,190.3114186851211,2446.643598615917
2.7569945720006217,12.88,1.9031141868512111,207.61245674740485,2674.0484429065746
2.7670552320014394,12.852,1.9031141868512111,190.3114186851211,2445.8823529411766
2.7771162610006286,12.876,1.9031141868512111,207.61245674740485,2673.2179930795846
2.7871768830009387,12.852,2.0761245674740487,190.3114186851211,2445.8823529411766
2.7972371540017775,12.88,1.9031141868512111,207.61245674740485,2674.0484429065746
2.807296924000184,12.86,2.0761245674740487,207.61245674740485,2669.8961937716263
2.817357953001192,12.88,1.9031141868512111,190.3114186851211,2451.21107266436
2.8274186680009734,12.856,2.0761245674740487,207.61245674740485,2669.065743944637
2.8374793460006913,12.88,2.0761245674740487,207.61245674740485,2674.0484429065746
2.8475399860017205,12.856,2.0761245674740487,207.61245674740485,2669.065743944637
2.857600794000973,12.884,2.0761245674740487,207.61245674740485,2674.878892733564
2.8676615270014736,12.848,2.0761245674740487,207.61245674740485,2667.404844290658
2.8777222050011915,12.884,2.0761245674740487,207.61245674740485,2674.878892733564
2.887782882000465,12.848,2.0761245674740487,207.61245674740485,2667.404844290658
2.897844023000289,12.884,2.0761245674740487,190.3114186851211,2451.9723183391006
2.907904164001593,12.856,1.9031141868512111,207.61245674740485,2669.065743944637
2.91796413800148,12.88,1.9031141868512111,207.61245674740485,2674.0484429065746
2.928025056000479,12.856,2.0761245674740487,207.61245674740485,2669.065743944637
2.9380854740011273,12.884,1.9031141868512111,190.3114186851211,2451.9723183391006
2.9481462450003164,12.856,2.0761245674740487,207.61245674740485,2669.065743944637
2.9582069590014726,12.884,1.9031141868512111,190.3114186851211,2451.9723183391006
2.9682672480012116,12.852,2.0761245674740487,190.3114186851211,2445.8823529411766
2.9783272960012255,12.876,2.0761245674740487,207.61245674740485,2673.2179930795846
2.9883873260005203,12.856,2.0761245674740487,207.61245674740485,2669.065743944637
2.99844855900119,12.876,2.0761245674740487,190.3114186851211,2450.4498269896194
3.008510774001479,12.856,1.9031141868512111,207.61245674740485,2669.065743944637
3.0185716370015143,12.88,2.0761245674740487,190.3114186851211,2451.21107266436
3.0286324070002593,12.856,2.0761245674740487,190.3114186851211,2446.643598615917
3.038693307000358,12.884,2.0761245674740487,207.61245674740485,2674.878892733564
3.048754096000266,12.852,2.0761245674740487,190.3114186851211,2445.8823529411766
3.0588146440004493,12.884,2.0761245674740487,207.61245674740485,2674.878892733564
3.0688754510010767,12.848,2.0761245674740487,207.61245674740485,2667.404844290658
3.078936314001112,12.884,2.0761245674740487,190.3114186851211,2451.9723183391006
3.0889964910002163,12.852,1.9031141868512111,207.61245674740485,2668.2352941176473
3.0990574280003784,12.88,2.0761245674740487,190.3114186851211,2451.21107266436
3.109118402000604,12.852,2.0761245674740487,207.61245674740485,2668.2352941176473
3.119178673001443,12.88,1.9031141868512111,207.61245674740485,2674.0484429065746
3.1292386840013933,12.852,1.9031141868512111,207.61245674740485,2668.2352941176473
3.1393000280004344,12.884,1.9031141868512111,207.61245674740485,2674.878892733564
3.1493603170001734,12.852,1.9031141868512111,207.61245674740485,2668.2352941176473
3.1594211800002086,12.88,1.9031141868512111,207.61245674740485,2674.0484429065746
3.169482061000963,12.852,1.9031141868512111,190.3114186851211,2445.8823529411766
3.179542776000744,12.876,1.9031141868512111,207.61245674740485,2673.2179930795846
3.1896036570014985,12.856,2.0761245674740487,207.61245674740485,2669.065743944637
3.1996795750001183,12.876,2.0761245674740487,207.61245674740485,2673.2179930795846
3.209743512001296,12.856,1.9031141868512111,190.3114186851211,2446.643598615917
3.219804505000866,12.88,2.0761245674740487,190.3114186851211,2451.21107266436
3.229864978000478,12.852,2.0761245674740487,207.61245674740485,2668.2352941176473
3.23992589700174,12.88,2.0761245674740487,207.61245674740485,2674.0484429065746
3.249986982000337,12.852,2.0761245674740487,207.61245674740485,2668.2352941176473
3.260047752000901,12.88,2.0761245674740487,190.3114186851211,2451.21107266436
3.2701081150007667,12.856,2.0761245674740487,207.61245674740485,2669.065743944637
3.2801688850013306,12.88,2.0761245674740487,207.61245674740485,2674.0484429065746
3.2902298780009005,12.852,2.0761245674740487,207.61245674740485,2668.2352941176473
3.3002908330017817,12.88,1.9031141868512111,190.3114186851211,2451.21107266436
3.310351770000125,12.852,1.9031141868512111,190.3114186851211,2445.8823529411766
3.320412392000435,12.88,2.0761245674740487,207.61245674740485,2674.0484429065746
3.3304736810005124,12.852,2.0761245674740487,190.3114186851211,2445.8823529411766
3.340534637000019,12.884,1.9031141868512111,190.3114186851211,2451.9723183391006
3.3505956110002444,12.852,1.9031141868512111,190.3114186851211,2445.8823529411766
3.360656029000893,12.884,1.9031141868512111,207.61245674740485,2674.878892733564
3.370716244000505,12.856,1.9031141868512111,207.61245674740485,2669.065743944637
3.380776866000815,12.876,2.0761245674740487,190.3114186851211,2450.4498269896194
3.390837079999983,12.856,1.9031141868512111,190.3114186851211,2446.643598615917
3.4008979800000816,12.872,1.9031141868512111,207.61245674740485,2672.387543252595
3.410958621001555,12.856,2.0761245674740487,207.61245674740485,2669.065743944637
3.421019317000173,12.88,1.9031141868512111,207.61245674740485,2674.0484429065746
3.4310801060000813,12.852,2.0761245674740487,190.3114186851211,2445.8823529411766
3.4411408949999895,12.88,2.0761245674740487,207.61245674740485,2674.0484429065746
3.4512016650005535,12.852,2.0761245674740487,207.61245674740485,2668.2352941176473
3.4612620460011385,12.88,2.0761245674740487,207.61245674740485,2674.0484429065746
3.4713227980009833,12.86,2.0761245674740487,190.3114186851211,2447.4048442906574
3.481383365000511,12.88,2.0761245674740487,207.61245674740485,2674.0484429065746
3.4914441910004825,12.852,2.0761245674740487,207.61245674740485,2668.2352941176473
3.5015049790017656,12.88,2.0761245674740487,190.3114186851211,2451.21107266436
3.5115660460014624,12.844,2.0761245674740487,207.61245674740485,2666.574394463668
3.52162614900044,12.884,2.0761245674740487,190.3114186851211,2451.9723183391006
3.531685883001046,12.848,1.9031141868512111,207.61245674740485,2667.404844290658
3.5417466900016734,12.88,2.0761245674740487,207.61245674740485,2674.0484429065746
3.5518070530015393,12.856,2.0761245674740487,190.3114186851211,2446.643598615917
3.5618669530012994,12.88,2.0761245674740487,207.61245674740485,2674.0484429065746
3.571927705001144,12.856,2.0761245674740487,190.3114186851211,2446.643598615917
3.581988567000735,12.88,2.0761245674740487,207.61245674740485,2674.0484429065746
3.592049245000453,12.856,2.0761245674740487,207.61245674740485,2669.065743944637
3.6021092560004035,12.876,1.9031141868512111,190.3114186851211,2450.4498269896194
3.612169267000354,12.884,1.9031141868512111,190.3114186851211,2451.9723183391006
3.6222302230016794,12.9,1.9031141868512111,190.3114186851211,2455.017301038062
3.632290882000234,12.876,1.9031141868512111,190.3114186851211,2450.4498269896194
3.6423509110009036,12.892,1.9031141868512111,190.3114186851211,2453.4948096885814
3.652411089000452,12.876,1.9031141868512111,190.3114186851211,2450.4498269896194
3.662472396001249,12.892,1.9031141868512111,207.61245674740485,2676.539792387543
3.6725333520007553,12.876,1.9031141868512111,190.3114186851211,2450.4498269896194
3.682593715000621,12.892,1.9031141868512111,190.3114186851211,2453.4948096885814
3.6926542630008043,12.876,1.7301038062283738,190.3114186851211,2450.4498269896194
3.7027150700014317,12.892,1.9031141868512111,190.3114186851211,2453.4948096885814
3.712775933001467,12.868,1.9031141868512111,207.61245674740485,2671.5570934256057
3.722836647000804,12.892,1.7301038062283738,190.3114186851211,2453.4948096885814
3.732897417999993,12.88,2.0761245674740487,190.3114186851211,2451.21107266436
3.7429582810000284,12.86,2.0761245674740487,190.3114186851211,2447.4048442906574
3.7530191430014384,12.86,2.0761245674740487,190.3114186851211,2447.4048442906574
3.763080025000818,12.872,1.9031141868512111,190.3114186851211,2449.688581314879
3.7731408510007896,12.864,2.0761245674740487,190.3114186851211,2448.166089965398
3.783201491,12.876,2.0761245674740487,207.61245674740485,2673.2179930795846
3.7932621500003734,12.86,1.9031141868512111,207.61245674740485,2669.8961937716263
3.803322976000345,12.872,2.0761245674740487,207.61245674740485,2672.387543252595
3.8133838760004437,12.86,2.0761245674740487,207.61245674740485,2669.8961937716263
3.8234443320016,12.868,2.0761245674740487,190.3114186851211,2448.9273356401386
3.8335054170001968,12.868,2.0761245674740487,190.3114186851211,2448.9273356401386
3.84356596500038,12.872,2.0761245674740487,190.3114186851211,2449.688581314879
3.8536260500004573,12.864,2.0761245674740487,207.61245674740485,2670.726643598616
3.8636870050013385,12.872,2.0761245674740487,190.3114186851211,2449.688581314879
3.8737479420015006,12.864,1.9031141868512111,190.3114186851211,2448.166089965398
3.883808675000182,12.872,1.9031141868512111,207.61245674740485,2672.387543252595
3.8938702049999847,12.864,2.0761245674740487,207.61245674740485,2670.726643598616
3.903931160000866,12.872,2.0761245674740487,190.3114186851211,2449.688581314879
3.9139915970008587,12.852,2.0761245674740487,207.61245674740485,2668.2352941176473
3.9240514600005554,12.876,1.9031141868512111,207.61245674740485,2673.2179930795846
3.9341119340006117,12.86,2.0761245674740487,207.61245674740485,2669.8961937716263
3.9441727780013025,12.872,1.9031141868512111,207.61245674740485,2672.387543252595
3.954251233000832,12.852,2.0761245674740487,190.3114186851211,2445.8823529411766
3.964332559000468,12.88,2.0761245674740487,190.3114186851211,2451.21107266436
3.974410403001457,12.852,1.9031141868512111,190.3114186851211,2445.8823529411766
3.984485784001663,12.876,2.0761245674740487,207.61245674740485,2673.2179930795846
3.994565369001066,12.856,2.0761245674740487,190.3114186851211,2446.643598615917
4.00464600900159,12.864,2.0761245674740487,207.61245674740485,2670.726643598616
4.01473063100093,12.856,2.0761245674740487,190.3114186851211,2446.643598615917
4.0248122890006925,12.868,2.0761245674740487,207.61245674740485,2671.5570934256057
4.034888170001068,12.856,2.0761245674740487,190.3114186851211,2446.643598615917
4.044964033000724,12.876,1.9031141868512111,190.3114186851211,2450.4498269896194
4.0550388770006975,12.852,1.9031141868512111,207.61245674740485,2668.2352941176473
4.065119888000481,12.88,2.0761245674740487,190.3114186851211,2451.21107266436
4.075200713001323,12.852,1.9031141868512111,190.3114186851211,2445.8823529411766
4.085282020001614,12.88,2.0761245674740487,207.61245674740485,2674.0484429065746
4.0953630120002344,12.856,1.9031141868512111,190.3114186851211,2446.643598615917
4.1054445230001875,12.872,1.9031141868512111,207.61245674740485,2672.387543252595
4.11552240400124,12.852,2.0761245674740487,207.61245674740485,2668.2352941176473
4.125605210001595,12.872,1.9031141868512111,207.61245674740485,2672.387543252595
4.135687091000364,12.856,1.9031141868512111,207.61245674740485,2669.065743944637
4.145768158001374,12.876,2.0761245674740487,190.3114186851211,2450.4498269896194
4.155849798000418,12.852,2.0761245674740487,207.61245674740485,2668.2352941176473
4.16592695700092,12.88,1.9031141868512111,190.3114186851211,2451.21107266436
4.1760086710000905,12.848,2.0761245674740487,207.61245674740485,2667.404844290658
4.1860893850007415,12.884,2.0761245674740487,190.3114186851211,2451.9723183391006
4.196192635999978,12.852,2.0761245674740487,207.61245674740485,2668.2352941176473
4.206277591001708,12.876,2.0761245674740487,190.3114186851211,2450.4498269896194
4.216358750001746,12.856,1.9031141868512111,207.61245674740485,2669.065743944637
4.226442185999986,12.864,2.0761245674740487,190.3114186851211,2448.166089965398
4.236522678000256,12.86,2.0761245674740487,207.61245674740485,2669.8961937716263
4.246687780001594,12.868,2.0761245674740487,207.61245674740485,2671.5570934256057
4.256764809000742,12.856,2.0761245674740487,207.61245674740485,2669.065743944637
4.266849209001521,12.88,1.9031141868512111,190.3114186851211,2451.21107266436
4.276927090000754,12.856,2.0761245674740487,190.3114186851211,2446.643598615917
4.2870054520008125,12.908,1.9031141868512111,190.3114186851211,2456.539792387543
4.2970819440015475,12.876,1.9031141868512111,190.3114186851211,2450.4498269896194
4.307159122001394,12.896,1.9031141868512111,190.3114186851211,2454.256055363322
4.317235281001558,12.868,1.9031141868512111,207.61245674740485,2671.5570934256057
4.327313291001701,12.884,1.9031141868512111,190.3114186851211,2451.9723183391006
4.337389209000321,12.872,1.9031141868512111,190.3114186851211,2449.688581314879
4.3475290710011905,12.884,2.0761245674740487,190.3114186851211,2451.9723183391006
4.357617877001758,12.872,1.9031141868512111,190.3114186851211,2449.688581314879
4.367698721000124,12.88,1.9031141868512111,207.61245674740485,2674.0484429065746
4.377785436001432,12.876,1.9031141868512111,190.3114186851211,2450.4498269896194
4.387868094001533,12.888,1.9031141868512111,207.61245674740485,2675.7093425605535
4.397949383001105,12.876,1.9031141868512111,190.3114186851211,2450.4498269896194
4.408030041000529,12.86,1.9031141868512111,207.61245674740485,2669.8961937716263
4.418110571001307,12.844,2.0761245674740487,190.3114186851211,2444.3598615916953
4.428191229000731,12.868,1.9031141868512111,207.61245674740485,2671.5570934256057
4.4382740360015305,12.86,2.0761245674740487,190.3114186851211,2447.4048442906574
4.448365232001379,12.876,2.0761245674740487,207.61245674740485,2673.2179930795846
4.45844402000148,12.864,1.9031141868512111,207.61245674740485,2670.726643598616
4.468520346001242,12.868,1.9031141868512111,190.3114186851211,2448.9273356401386
4.478597634000835,12.86,1.9031141868512111,207.61245674740485,2669.8961937716263
4.4886742740000045,12.872,2.0761245674740487,190.3114186851211,2449.688581314879
4.4987521180009935,12.86,2.0761245674740487,207.61245674740485,2669.8961937716263
4.508827629000734,12.876,2.0761245674740487,207.61245674740485,2673.2179930795846
4.5189052510013425,12.852,2.0761245674740487,207.61245674740485,2668.2352941176473
4.528980521001358,12.876,2.0761245674740487,207.61245674740485,2673.2179930795846
4.5390583090011205,12.856,2.0761245674740487,207.61245674740485,2669.065743944637
4.549143357000503,12.868,2.0761245674740487,207.61245674740485,2671.5570934256057
4.559225164000964,12.856,2.0761245674740487,190.3114186851211,2446.643598615917
4.569306730001699,12.868,1.9031141868512111,190.3114186851211,2448.9273356401386
4.579384055001356,12.856,2.0761245674740487,190.3114186851211,2446.643598615917
4.589465214001393,12.868,1.9031141868512111,207.61245674740485,2671.5570934256057
4.59954615100105,12.86,2.0761245674740487,190.3114186851211,2447.4048442906574
4.609626939000009,12.868,1.9031141868512111,207.61245674740485,2671.5570934256057
4.619716949000576,12.86,2.0761245674740487,207.61245674740485,2669.8961937716263
4.6297972010015656,12.868,2.0761245674740487,207.61245674740485,2671.5570934256057
4.63987893400008,12.856,1.9031141868512111,207.61245674740485,2669.065743944637
4.649969851001515,12.876,1.9031141868512111,207.61245674740485,2673.2179930795846
4.660046418001002,12.86,2.0761245674740487,190.3114186851211,2447.4048442906574
4.670143743000153,12.868,2.0761245674740487,207.61245674740485,2671.5570934256057
4.680219402000148,12.86,1.9031141868512111,207.61245674740485,2669.8961937716263
4.690296709000904,12.868,2.0761245674740487,190.3114186851211,2448.9273356401386
4.7003729790012585,12.86,2.0761245674740487,207.61245674740485,2669.8961937716263
4.7104501930007245,12.872,2.0761245674740487,207.61245674740485,2672.387543252595
4.720526148001227,12.856,1.9031141868512111,207.61245674740485,2669.065743944637
4.730608455000038,12.876,2.0761245674740487,207.61245674740485,2673.2179930795846
4.740684966000117,12.848,2.0761245674740487,190.3114186851211,2445.1211072664364
4.750808864000646,12.876,1.9031141868512111,207.61245674740485,2673.2179930795846
4.760890060000747,12.852,2.0761245674740487,207.61245674740485,2668.2352941176473
4.77097084900015,12.88,2.0761245674740487,190.3114186851211,2451.21107266436
4.7810513410004205,12.856,2.0761245674740487,190.3114186851211,2446.643598615917
4.7911316660010925,12.88,2.0761245674740487,190.3114186851211,2451.21107266436
4.801219269000285,12.86,2.0761245674740487,190.3114186851211,2447.4048442906574
4.811300854000365,12.868,2.0761245674740487,207.61245674740485,2671.5570934256057
4.821382105001248,12.86,2.0761245674740487,207.61245674740485,2669.8961937716263
4.8314621900008206,12.864,2.0761245674740487,207.61245674740485,2670.726643598616
4.84154208900145,12.856,2.0761245674740487,207.61245674740485,2669.065743944637
4.851633081001637,12.876,2.0761245674740487,207.61245674740485,2673.2179930795846
4.861709314000109,12.856,1.9031141868512111,190.3114186851211,2446.643598615917
4.871791158000633,12.88,1.9031141868512111,207.61245674740485,2674.0484429065746
4.881868261001728,12.856,1.9031141868512111,190.3114186851211,2446.643598615917
4.891943716000242,12.872,2.0761245674740487,190.3114186851211,2449.688581314879
4.902026209001633,12.86,2.0761245674740487,207.61245674740485,2669.8961937716263
4.912102738000613,12.868,2.0761245674740487,190.3114186851211,2448.9273356401386
4.922180526000375,12.852,2.0761245674740487,190.3114186851211,2445.8823529411766
4.932256574000348,12.876,1.9031141868512111,190.3114186851211,2450.4498269896194
4.942333844001041,12.852,2.0761245674740487,190.3114186851211,2445.8823529411766
4.952419114000804,12.876,2.0761245674740487,207.61245674740485,2673.2179930795846
4.962502069000038,12.856,1.9031141868512111,190.3114186851211,2446.643598615917
4.97258737500124,12.88,1.9031141868512111,207.61245674740485,2674.0484429065746
4.982668497001214,12.852,1.9031141868512111,207.61245674740485,2668.2352941176473
4.992748452001251,12.88,2.0761245674740487,190.3114186851211,2451.21107266436
5.002835944000253,12.852,2.0761245674740487,190.3114186851211,2445.8823529411766
5.01291832500101,12.876,2.0761245674740487,207.61245674740485,2673.2179930795846
5.023010539000097,12.856,1.9031141868512111,207.61245674740485,2669.065743944637
5.0330908830001135,12.864,2.0761245674740487,190.3114186851211,2448.166089965398
5.04317074500068,12.86,2.0761245674740487,190.3114186851211,2447.4048442906574
5.053264737000063,12.872,1.9031141868512111,207.61245674740485,2672.387543252595
5.063338581001517,12.856,2.0761245674740487,207.61245674740485,2669.065743944637
5.073415185001068,12.88,1.9031141868512111,207.61245674740485,2674.0484429065746
5.083495121001761,12.852,2.0761245674740487,207.61245674740485,2668.2352941176473
5.09356850200129,12.88,2.0761245674740487,207.61245674740485,2674.0484429065746
5.1036499200017715,12.852,1.9031141868512111,207.61245674740485,2668.2352941176473
5.113733560001492,12.876,2.0761245674740487,207.61245674740485,2673.2179930795846
5.12380770100026,12.852,1.9031141868512111,207.61245674740485,2668.2352941176473
5.1338804150000215,12.872,1.9031141868512111,190.3114186851211,2449.688581314879
5.143952907001221,12.852,1.9031141868512111,207.61245674740485,2668.2352941176473
5.154037529000561,12.876,1.9031141868512111,190.3114186851211,2450.4498269896194
5.16411392900045,12.856,2.0761245674740487,190.3114186851211,2446.643598615917
5.174193606000699,12.88,2.0761245674740487,207.61245674740485,2674.0484429065746
5.184270319999996,12.852,1.9031141868512111,207.61245674740485,2668.2352941176473
5.194358905000627,12.884,1.9031141868512111,190.3114186851211,2451.9723183391006
5.204440138000791,12.852,1.9031141868512111,207.61245674740485,2668.2352941176473
5.2145196110013785,12.88,2.0761245674740487,207.61245674740485,2674.0484429065746
5.224595677000252,12.856,2.0761245674740487,190.3114186851211,2446.643598615917
5.234673744000247,12.868,2.0761245674740487,207.61245674740485,2671.5570934256057
5.244750625000961,12.856,2.0761245674740487,207.61245674740485,2669.065743944637
5.254823376000786,12.868,1.9031141868512111,190.3114186851211,2448.9273356401386
5.264905609001289,12.86,1.9031141868512111,207.61245674740485,2669.8961937716263
5.274995804000355,12.872,1.9031141868512111,190.3114186851211,2449.688581314879
5.285078111000985,12.856,2.0761245674740487,207.61245674740485,2669.065743944637
5.295167159001721,12.88,2.0761245674740487,190.3114186851211,2451.21107266436
5.305249947001357,12.852,2.0761245674740487,190.3114186851211,2445.8823529411766
5.315330569001162,12.88,2.0761245674740487,190.3114186851211,2451.21107266436
5.3254105240011995,12.848,1.9031141868512111,207.61245674740485,2667.404844290658
5.335491757001364,12.884,1.9031141868512111,190.3114186851211,2451.9723183391006
5.3455731560006825,12.848,2.0761245674740487,207.61245674740485,2667.404844290658
5.355660463001186,12.884,2.0761245674740487,190.3114186851211,2451.9723183391006
5.365737548001562,12.856,2.0761245674740487,207.61245674740485,2669.065743944637
5.375819392000267,12.872,2.0761245674740487,190.3114186851211,2449.688581314879
5.3858965870003885,12.856,2.0761245674740487,190.3114186851211,2446.643598615917
5.395973839000362,12.88,2.0761245674740487,190.3114186851211,2451.21107266436
5.406049942001118,12.852,2.0761245674740487,207.61245674740485,2668.2352941176473
5.416126360001726,12.884,1.9031141868512111,190.3114186851211,2451.9723183391006
5.426203852000981,12.852,1.9031141868512111,190.3114186851211,2445.8823529411766
5.436279919000299,12.876,1.9031141868512111,207.61245674740485,2673.2179930795846
5.446357985001669,12.856,2.0761245674740487,190.3114186851211,2446.643598615917
5.456438514000183,12.868,1.9031141868512111,207.61245674740485,2671.5570934256057
5.466519765001067,12.856,1.9031141868512111,190.3114186851211,2446.643598615917
5.47660090500176,12.872,1.9031141868512111,207.61245674740485,2672.387543252595
5.48668360100055,12.856,1.9031141868512111,190.3114186851211,2446.643598615917
5.4967643530017085,12.872,1.9031141868512111,190.3114186851211,2449.688581314879
5.506841826001619,12.856,1.9031141868512111,207.61245674740485,2669.065743944637
5.516925707001064,12.876,2.0761245674740487,190.3114186851211,2450.4498269896194
5.5270058290007,12.852,2.0761245674740487,207.61245674740485,2668.2352941176473
5.537090561001605,12.884,1.9031141868512111,190.3114186851211,2451.9723183391006
5.5471726460000355,12.844,2.0761245674740487,190.3114186851211,2444.3598615916953
5.557266434001576,12.88,2.0761245674740487,190.3114186851211,2451.21107266436
5.567343426000662,12.848,2.0761245674740487,190.3114186851211,2445.1211072664364
5.577419492999979,12.884,2.0761245674740487,207.61245674740485,2674.878892733564
5.587499966000905,12.856,2.0761245674740487,207.61245674740485,2669.065743944637
5.597581088000879,12.876,2.0761245674740487,207.61245674740485,2673.2179930795846
5.607661765001467,12.856,2.0761245674740487,190.3114186851211,2446.643598615917
5.617742239001018,12.876,2.0761245674740487,190.3114186851211,2450.4498269896194
5.627817842001605,12.856,2.0761245674740487,207.61245674740485,2669.065743944637
5.637899297000331,12.876,1.9031141868512111,207.61245674740485,2673.2179930795846
5.64798017800058,12.848,2.0761245674740487,207.61245674740485,2667.404844290658
5.658056003001548,12.88,2.0761245674740487,190.3114186851211,2451.21107266436
5.668133885001225,12.848,2.0761245674740487,190.3114186851211,2445.1211072664364
5.678219043000354,12.88,2.0761245674740487,190.3114186851211,2451.21107266436
5.688300406000053,12.852,2.0761245674740487,207.61245674740485,2668.2352941176473
5.698383120001381,12.872,2.0761245674740487,190.3114186851211,2449.688581314879
5.708464390001609,12.856,1.9031141868512111,207.61245674740485,2669.065743944637
5.71854693700152,12.872,1.9031141868512111,190.3114186851211,2449.688581314879
5.728627892000077,12.852,2.0761245674740487,207.61245674740485,2668.2352941176473
5.738709977000326,12.876,2.0761245674740487,207.61245674740485,2673.2179930795846
5.748791025000173,12.848,2.0761245674740487,207.61245674740485,2667.404844290658
5.758867183001712,12.884,1.9031141868512111,207.61245674740485,2674.878892733564
5.768943213000966,12.844,2.0761245674740487,190.3114186851211,2444.3598615916953
5.779025038000327,12.884,2.0761245674740487,190.3114186851211,2451.9723183391006
5.7891064190007455,12.848,1.9031141868512111,190.3114186851211,2445.1211072664364
5.799187133001396,12.884,1.9031141868512111,207.61245674740485,2674.878892733564
5.809268366001561,12.856,1.9031141868512111,207.61245674740485,2669.065743944637
5.819349506000435,12.872,1.9031141868512111,190.3114186851211,2449.688581314879
5.829427110000324,12.856,2.0761245674740487,207.61245674740485,2669.065743944637
5.839508398001271,12.872,2.0761245674740487,207.61245674740485,2672.387543252595
5.849589760000526,12.852,1.9031141868512111,207.61245674740485,2668.2352941176473
5.859681363001073,12.876,2.0761245674740487,207.61245674740485,2673.2179930795846
5.869762355001512,12.848,2.0761245674740487,207.61245674740485,2667.404844290658
5.879838940001719,12.88,1.9031141868512111,190.3114186851211,2451.21107266436
5.889914506000423,12.848,2.0761245674740487,207.61245674740485,2667.404844290658
5.899995165000291,12.884,2.0761245674740487,207.61245674740485,2674.878892733564
5.910071398000582,12.852,2.0761245674740487,207.61245674740485,2668.2352941176473
5.9201509460017405,12.876,2.0761245674740487,190.3114186851211,2450.4498269896194
5.930231549000382,12.852,2.0761245674740487,190.3114186851211,2445.8823529411766
5.940311800000927,12.876,1.9031141868512111,190.3114186851211,2450.4498269896194
5.9503938110010495,12.848,2.0761245674740487,207.61245674740485,2667.404844290658
5.960499413000434,12.876,2.0761245674740487,190.3114186851211,2450.4498269896194
5.97057962800136,12.852,2.0761245674740487,190.3114186851211,2445.8823529411766
5.980659157001355,12.884,1.9031141868512111,207.61245674740485,2674.878892733564
5.99074233400097,12.844,1.9031141868512111,190.3114186851211,2444.3598615916953
6.0008219000010286,12.884,2.0761245674740487,207.61245674740485,2674.878892733564
6.010901966001256,12.848,2.0761245674740487,190.3114186851211,2445.1211072664364
6.020982736001315,12.884,2.0761245674740487,207.61245674740485,2674.878892733564
6.031063432001247,12.852,1.9031141868512111,190.3114186851211,2445.8823529411766
6.041148202000841,12.872,2.0761245674740487,190.3114186851211,2449.688581314879
6.0512263600012375,12.852,2.0761245674740487,207.61245674740485,2668.2352941176473
6.061317408000832,12.868,2.0761245674740487,207.61245674740485,2671.5570934256057
6.071394678001525,12.852,2.0761245674740487,207.61245674740485,2668.2352941176473
6.081470170000102,12.88,2.0761245674740487,190.3114186851211,2451.21107266436
6.091547051000816,12.848,2.0761245674740487,207.61245674740485,2667.404844290658
6.101623654001742,12.884,1.9031141868512111,190.3114186851211,2451.9723183391006
6.111699332001081,12.852,2.0761245674740487,207.61245674740485,2668.2352941176473
6.1217716200008,12.88,1.9031141868512111,207.61245674740485,2674.0484429065746
6.13184752000052,12.856,2.0761245674740487,207.61245674740485,2669.065743944637
6.141923993000091,12.876,2.0761245674740487,207.61245674740485,2673.2179930795846
6.152000763000615,12.848,2.0761245674740487,207.61245674740485,2667.404844290658
6.162077348000821,12.876,2.0761245674740487,190.3114186851211,2450.4498269896194
6.172157099001197,12.852,2.0761245674740487,207.61245674740485,2668.2352941176473
6.182240202000685,12.88,2.0761245674740487,190.3114186851211,2451.21107266436
6.192338620001465,12.852,1.9031141868512111,190.3114186851211,2445.8823529411766
6.202428242000678,12.884,1.9031141868512111,207.61245674740485,2674.878892733564
6.21251293700152,12.848,1.9031141868512111,190.3114186851211,2445.1211072664364
6.222597226000289,12.888,2.0761245674740487,207.61245674740485,2675.7093425605535
6.232678292000855,12.848,2.0761245674740487,207.61245674740485,2667.404844290658
6.242762173000301,12.88,1.9031141868512111,207.61245674740485,2674.0484429065746
6.252843479000148,12.852,2.0761245674740487,207.61245674740485,2668.2352941176473
6.26292247100173,12.868,2.0761245674740487,207.61245674740485,2671.5570934256057
6.272999482000159,12.852,1.9031141868512111,207.61245674740485,2668.2352941176473
6.2830767710001965,12.88,2.0761245674740487,207.61245674740485,2674.0484429065746
6.293153726001037,12.852,2.0761245674740487,190.3114186851211,2445.8823529411766
6.303232051001032,12.88,2.0761245674740487,190.3114186851211,2451.21107266436
6.3133086360012385,12.848,2.249134948096886,207.61245674740485,2667.404844290658
6.323385517000133,12.884,1.9031141868512111,207.61245674740485,2674.878892733564
6.333462028000213,12.848,2.0761245674740487,207.61245674740485,2667.404844290658
6.343538927001646,12.88,1.9031141868512111,207.61245674740485,2674.0484429065746
6.353616086000329,12.848,1.9031141868512111,207.61245674740485,2667.404844290658
6.363691930000641,12.876,2.0761245674740487,207.61245674740485,2673.2179930795846
6.3737724400016305,12.848,2.0761245674740487,207.61245674740485,2667.404844290658
6.383852951001245,12.876,2.0761245674740487,190.3114186851211,2450.4498269896194
6.393932925000627,12.852,2.0761245674740487,190.3114186851211,2445.8823529411766
6.404013806000876,12.88,2.0761245674740487,207.61245674740485,2674.0484429065746
6.41409507500066,12.852,2.0761245674740487,207.61245674740485,2668.2352941176473
6.424176012000316,12.884,2.0761245674740487,207.61245674740485,2674.878892733564
6.434259614999974,12.844,1.9031141868512111,207.61245674740485,2666.574394463668
6.444340996000392,12.884,2.0761245674740487,207.61245674740485,2674.878892733564
6.454423432000112,12.844,2.0761245674740487,207.61245674740485,2666.574394463668
6.464516591000574,12.876,2.0761245674740487,190.3114186851211,2450.4498269896194
6.474597509000887,12.848,2.0761245674740487,190.3114186851211,2445.1211072664364
6.484678890001305,12.872,2.0761245674740487,190.3114186851211,2449.688581314879
6.49476206700092,12.852,1.9031141868512111,190.3114186851211,2445.8823529411766
6.504843837001317,12.876,2.0761245674740487,207.61245674740485,2673.2179930795846
6.514925625000615,12.852,1.9031141868512111,207.61245674740485,2668.2352941176473
6.525005728000906,12.88,1.9031141868512111,207.61245674740485,2674.0484429065746
6.535086924001007,12.848,2.0761245674740487,207.61245674740485,2667.404844290658
6.545167805001256,12.884,2.0761245674740487,207.61245674740485,2674.878892733564
6.555248834001759,12.872,1.9031141868512111,190.3114186851211,2449.688581314879
6.565352881001672,12.912,1.9031141868512111,190.3114186851211,2457.301038062284
6.575433077001435,12.86,1.9031141868512111,190.3114186851211,2447.4048442906574
6.585513347001324,12.9,1.9031141868512111,190.3114186851211,2455.017301038062
6.595594043001256,12.868,1.9031141868512111,190.3114186851211,2448.9273356401386
6.60567397900013,12.892,1.9031141868512111,190.3114186851211,2453.4948096885814
6.615756138000506,12.868,1.9031141868512111,190.3114186851211,2448.9273356401386
6.625837334000607,12.892,1.9031141868512111,207.61245674740485,2676.539792387543
6.635917196001174,12.868,1.9031141868512111,190.3114186851211,2448.9273356401386
6.645998114001486,12.896,1.9031141868512111,190.3114186851211,2454.256055363322
6.656079347001651,12.868,1.9031141868512111,190.3114186851211,2448.9273356401386
6.666183709001416,12.892,1.9031141868512111,190.3114186851211,2453.4948096885814
6.676265719001094,12.864,1.9031141868512111,190.3114186851211,2448.166089965398
6.686349193001661,12.872,2.0761245674740487,207.61245674740485,2672.387543252595
6.696430907000831,12.84,2.0761245674740487,207.61245674740485,2665.7439446366784
6.706513270000869,12.868,1.9031141868512111,190.3114186851211,2448.9273356401386
6.716594688001351,12.852,1.9031141868512111,207.61245674740485,2668.2352941176473
6.726677605000077,12.872,1.9031141868512111,207.61245674740485,2672.387543252595
6.73675791200003,12.856,1.9031141868512111,207.61245674740485,2669.065743944637
6.746838664001189,12.876,1.9031141868512111,190.3114186851211,2450.4498269896194
6.756920193000042,12.848,2.0761245674740487,207.61245674740485,2667.404844290658
6.767023850999976,12.88,1.9031141868512111,190.3114186851211,2451.21107266436
6.7771038620012405,12.844,2.0761245674740487,207.61245674740485,2666.574394463668
6.787185280001722,12.884,1.9031141868512111,190.3114186851211,2451.9723183391006
6.797266272000343,12.844,2.0761245674740487,207.61245674740485,2666.574394463668
6.80734767100148,12.88,2.0761245674740487,207.61245674740485,2674.0484429065746
6.8174293670017505,12.852,2.0761245674740487,207.61245674740485,2668.2352941176473
6.827510914001323,12.876,2.0761245674740487,207.61245674740485,2673.2179930795846
6.837592166000832,12.856,1.9031141868512111,190.3114186851211,2446.643598615917
6.847673454001779,12.872,2.0761245674740487,207.61245674740485,2672.387543252595
6.857754391001436,12.852,2.0761245674740487,190.3114186851211,2445.8823529411766
6.86784569700103,12.872,2.0761245674740487,190.3114186851211,2449.688581314879
6.87792668900147,12.856,1.9031141868512111,190.3114186851211,2446.643598615917
6.8880069040005765,12.88,2.0761245674740487,207.61245674740485,2674.0484429065746
6.898087025001587,12.848,1.9031141868512111,190.3114186851211,2445.1211072664364
6.90816794300008,12.88,2.0761245674740487,207.61245674740485,2674.0484429065746
6.918247972000245,12.848,2.0761245674740487,190.3114186851211,2445.1211072664364
6.928329446000134,12.884,1.9031141868512111,190.3114186851211,2451.9723183391006
6.93841234500178,12.852,2.0761245674740487,207.61245674740485,2668.2352941176473
6.948493652000252,12.876,2.0761245674740487,190.3114186851211,2450.4498269896194
6.958576533001178,12.848,2.0761245674740487,207.61245674740485,2667.404844290658
6.968683025001155,12.876,2.0761245674740487,207.61245674740485,2673.2179930795846
6.978763257000537,12.848,2.0761245674740487,207.61245674740485,2667.404844290658
6.988843009001357,12.88,1.9031141868512111,190.3114186851211,2451.21107266436
6.998924223000358,12.848,2.0761245674740487,207.61245674740485,2667.404844290658
7.009005659001559,12.884,2.0761245674740487,207.61245674740485,2674.878892733564
7.0190866330012796,12.848,1.9031141868512111,207.61245674740485,2667.404844290658
7.029168162000133,12.884,2.0761245674740487,190.3114186851211,2451.9723183391006
7.039248599001439,12.848,2.0761245674740487,207.61245674740485,2667.404844290658
7.049329628000123,12.88,1.9031141868512111,190.3114186851211,2451.21107266436
7.059414749001007,12.852,2.0761245674740487,190.3114186851211,2445.8823529411766
7.069568092001646,12.872,2.0761245674740487,190.3114186851211,2449.688581314879
7.07964234300016,12.856,2.0761245674740487,207.61245674740485,2669.065743944637
7.089719557001445,12.876,1.9031141868512111,190.3114186851211,2450.4498269896194
7.0997967530001915,12.852,1.9031141868512111,207.61245674740485,2668.2352941176473
7.109873708001032,12.884,2.0761245674740487,207.61245674740485,2674.878892733564
7.119949515001281,12.848,1.9031141868512111,207.61245674740485,2667.404844290658
7.130025600001318,12.884,1.9031141868512111,207.61245674740485,2674.878892733564
7.140098981000847,12.848,2.0761245674740487,190.3114186851211,2445.1211072664364
7.1501791950013285,12.88,1.9031141868512111,207.61245674740485,2674.0484429065746
7.160256410001239,12.852,2.0761245674740487,207.61245674740485,2668.2352941176473
7.170342457000515,12.876,2.0761245674740487,207.61245674740485,2673.2179930795846
7.18042500500087,12.848,2.0761245674740487,207.61245674740485,2667.404844290658
7.190507441000591,12.876,2.0761245674740487,207.61245674740485,2673.2179930795846
7.200594933001412,12.852,1.9031141868512111,207.61245674740485,2668.2352941176473
7.21067814700109,12.88,2.0761245674740487,190.3114186851211,2451.21107266436
7.220759232001001,12.852,1.9031141868512111,190.3114186851211,2445.8823529411766
7.2308431130004465,12.884,1.9031141868512111,207.61245674740485,2674.878892733564
7.240921161001097,12.848,1.9031141868512111,190.3114186851211,2445.1211072664364
7.25100293000105,12.884,1.9031141868512111,207.61245674740485,2674.878892733564
7.261084608000601,12.848,2.0761245674740487,190.3114186851211,2445.1211072664364
7.271196192001298,12.88,1.9031141868512111,207.61245674740485,2674.0484429065746
7.281277702000807,12.852,2.0761245674740487,190.3114186851211,2445.8823529411766
7.291358324000612,12.868,1.9031141868512111,190.3114186851211,2448.9273356401386
7.30143596400012,12.852,1.9031141868512111,190.3114186851211,2445.8823529411766
7.3115174190006655,12.876,2.0761245674740487,207.61245674740485,2673.2179930795846
7.3215990960015915,12.852,2.0761245674740487,190.3114186851211,2445.8823529411766
7.331686644000001,12.88,1.9031141868512111,207.61245674740485,2674.0484429065746
7.341767451000123,12.852,2.0761245674740487,207.61245674740485,2668.2352941176473
7.351847869000267,12.884,1.9031141868512111,207.61245674740485,2674.878892733564
7.361928620000981,12.848,1.9031141868512111,207.61245674740485,2667.404844290658
7.372019723001358,12.888,1.9031141868512111,207.61245674740485,2675.7093425605535
7.382096382001691,12.844,2.0761245674740487,207.61245674740485,2666.574394463668
7.3921721700007765,12.88,1.9031141868512111,190.3114186851211,2451.21107266436
7.402247829000771,12.848,2.0761245674740487,207.61245674740485,2667.404844290658
7.41232496900011,12.876,2.0761245674740487,207.61245674740485,2673.2179930795846
7.422403054000824,12.852,1.9031141868512111,207.61245674740485,2668.2352941176473
7.432479768000121,12.884,2.0761245674740487,207.61245674740485,2674.878892733564
7.44255750100092,12.848,2.0761245674740487,207.61245674740485,2667.404844290658
7.452634549001232,12.888,1.9031141868512111,190.3114186851211,2452.733564013841
7.462712763001036,12.848,1.9031141868512111,207.61245674740485,2667.404844290658
7.472798422000778,12.88,2.0761245674740487,207.61245674740485,2674.0484429065746
7.482881506000922,12.844,2.0761245674740487,207.61245674740485,2666.574394463668
7.492962832000558,12.884,1.9031141868512111,190.3114186851211,2451.9723183391006
7.50304326800142,12.852,2.0761245674740487,190.3114186851211,2445.8823529411766
7.513124482000421,12.88,1.9031141868512111,207.61245674740485,2674.0484429065746
7.523204437000459,12.856,1.9031141868512111,190.3114186851211,2446.643598615917
7.533285411000179,12.876,1.9031141868512111,207.61245674740485,2673.2179930795846
7.543366459000026,12.856,2.0761245674740487,207.61245674740485,2669.065743944637
7.5534476910015655,12.88,2.0761245674740487,207.61245674740485,2674.0484429065746
7.563528257000144,12.856,1.9031141868512111,207.61245674740485,2669.065743944637
7.57361863800179,12.892,1.9031141868512111,190.3114186851211,2453.4948096885814
7.583700630000749,12.848,1.9031141868512111,190.3114186851211,2445.1211072664364
7.593781011000829,12.892,2.0761245674740487,207.61245674740485,2676.539792387543
7.603861077001056,12.848,1.9031141868512111,207.61245674740485,2667.404844290658
7.6139417920003325,12.892,1.9031141868512111,190.3114186851211,2453.4948096885814
7.6240231540014065,12.856,1.9031141868512111,190.3114186851211,2446.643598615917
7.634104202001254,12.884,2.0761245674740487,207.61245674740485,2674.878892733564
7.644185434000974,12.86,1.9031141868512111,190.3114186851211,2447.4048442906574
7.654266056000779,12.884,2.0761245674740487,190.3114186851211,2451.9723183391006
7.664346974001091,12.86,1.9031141868512111,190.3114186851211,2447.4048442906574
7.674453132000053,12.884,1.9031141868512111,207.61245674740485,2674.878892733564
7.684535087000768,12.852,2.0761245674740487,190.3114186851211,2445.8823529411766
7.694617894001567,12.88,2.0761245674740487,190.3114186851211,2451.21107266436
7.704698979001478,12.852,1.9031141868512111,190.3114186851211,2445.8823529411766
7.714781582000796,12.888,1.9031141868512111,207.61245674740485,2675.7093425605535
7.724862981000115,12.856,1.9031141868512111,190.3114186851211,2446.643598615917
7.734944362000533,12.916,1.9031141868512111,190.3114186851211,2458.0622837370242
7.745025762000296,12.888,1.9031141868512111,190.3114186851211,2452.733564013841
7.755106717000672,12.896,1.9031141868512111,190.3114186851211,2454.256055363322
7.765187709001111,12.88,1.9031141868512111,190.3114186851211,2451.21107266436
7.775277756001742,12.892,1.9031141868512111,190.3114186851211,2453.4948096885814
7.7853586560013355,12.872,2.0761245674740487,190.3114186851211,2449.688581314879
7.795440073001373,12.896,1.9031141868512111,190.3114186851211,2454.256055363322
7.805521510001199,12.868,1.9031141868512111,173.01038062283737,2226.2975778546715
7.815602798000327,12.9,1.9031141868512111,173.01038062283737,2231.833910034602
7.8256824940017395,12.872,1.9031141868512111,190.3114186851211,2449.688581314879
7.835763782000868,12.9,1.9031141868512111,190.3114186851211,2455.017301038062
7.845844830000715,12.88,1.9031141868512111,173.01038062283737,2228.3737024221455
7.855924304001746,12.888,1.9031141868512111,190.3114186851211,2452.733564013841
7.866004147001149,12.852,1.9031141868512111,190.3114186851211,2445.8823529411766
7.876108880000174,12.864,1.9031141868512111,207.61245674740485,2670.726643598616
7.8861895380014175,12.864,1.9031141868512111,190.3114186851211,2448.166089965398
7.896269382001265,12.868,2.0761245674740487,207.61245674740485,2671.5570934256057
7.906349115000921,12.868,1.9031141868512111,190.3114186851211,2448.9273356401386
7.916428478001762,12.876,2.0761245674740487,207.61245674740485,2673.2179930795846
7.926511044001018,12.86,1.9031141868512111,207.61245674740485,2669.8961937716263
7.936592202000611,12.88,1.9031141868512111,190.3114186851211,2451.21107266436
7.946674731001622,12.864,1.9031141868512111,190.3114186851211,2448.166089965398
7.95675539000149,12.884,1.9031141868512111,190.3114186851211,2451.9723183391006
7.9668376600002375,12.868,2.0761245674740487,207.61245674740485,2671.5570934256057
7.976940244001526,12.872,1.9031141868512111,207.61245674740485,2672.387543252595
7.987019866000992,12.864,2.0761245674740487,190.3114186851211,2448.166089965398
7.997100062000754,12.872,2.0761245674740487,190.3114186851211,2449.688581314879
8.007180183001765,12.868,2.0761245674740487,190.3114186851211,2448.9273356401386
8.01726091600176,12.876,1.9031141868512111,190.3114186851211,2450.4498269896194
8.027341945000444,12.864,1.9031141868512111,190.3114186851211,2448.166089965398
8.037421659000756,12.88,1.9031141868512111,190.3114186851211,2451.21107266436
8.047501207000096,12.864,1.9031141868512111,207.61245674740485,2670.726643598616
8.057581217000916,12.88,1.9031141868512111,190.3114186851211,2451.21107266436
8.067658432000826,12.868,1.9031141868512111,190.3114186851211,2448.9273356401386
8.077753738001775,12.876,2.0761245674740487,207.61245674740485,2673.2179930795846
8.087830879001558,12.872,1.9031141868512111,190.3114186851211,2449.688581314879
8.097907741001109,12.86,2.0761245674740487,207.61245674740485,2669.8961937716263
8.107984900001611,12.868,1.9031141868512111,190.3114186851211,2448.9273356401386
8.11806083600095,12.872,2.0761245674740487,190.3114186851211,2449.688581314879
8.128137069001241,12.872,1.9031141868512111,190.3114186851211,2449.688581314879
8.138215635000961,12.876,2.0761245674740487,190.3114186851211,2450.4498269896194
8.14829262800049,12.868,1.9031141868512111,207.61245674740485,2671.5570934256057
8.1583700830015,12.876,2.0761245674740487,190.3114186851211,2450.4498269896194
8.168441853000331,12.872,2.0761245674740487,207.61245674740485,2672.387543252595
8.178518826000072,12.864,1.9031141868512111,190.3114186851211,2448.166089965398
8.188599726001485,12.868,1.9031141868512111,190.3114186851211,2448.9273356401386
8.198692699001185,12.868,1.9031141868512111,190.3114186851211,2448.9273356401386
8.208774117001667,12.868,2.0761245674740487,190.3114186851211,2448.9273356401386
8.218856276000224,12.864,1.9031141868512111,190.3114186851211,2448.166089965398
8.228937693000262,12.868,1.9031141868512111,190.3114186851211,2448.9273356401386
8.239019648000976,12.868,2.0761245674740487,190.3114186851211,2448.9273356401386
8.249100603001352,12.868,1.9031141868512111,190.3114186851211,2448.9273356401386
8.259180225000819,12.876,2.0761245674740487,190.3114186851211,2450.4498269896194
8.269258791000539,12.868,1.9031141868512111,190.3114186851211,2448.9273356401386
8.279415689001326,12.868,1.9031141868512111,190.3114186851211,2448.9273356401386
8.289492589001384,12.872,1.9031141868512111,207.61245674740485,2672.387543252595
8.299570470000617,12.86,2.0761245674740487,190.3114186851211,2447.4048442906574
8.309647999001754,12.876,1.9031141868512111,190.3114186851211,2450.4498269896194
8.319725195000501,12.86,1.9031141868512111,207.61245674740485,2669.8961937716263
8.329797705000601,12.876,1.9031141868512111,207.61245674740485,2673.2179930795846
8.3398742340014,12.868,1.9031141868512111,190.3114186851211,2448.9273356401386
8.349951541000337,12.872,1.9031141868512111,190.3114186851211,2449.688581314879
8.360028348000924,12.872,1.9031141868512111,190.3114186851211,2449.688581314879
8.370104748000813,12.872,2.0761245674740487,190.3114186851211,2449.688581314879
8.38018968400138,12.872,2.0761245674740487,190.3114186851211,2449.688581314879
8.390271936001227,12.864,1.9031141868512111,207.61245674740485,2670.726643598616
8.400353242001074,12.872,1.9031141868512111,207.61245674740485,2672.387543252595
8.410436660000414,12.864,2.0761245674740487,190.3114186851211,2448.166089965398
8.420517948999986,12.872,1.9031141868512111,190.3114186851211,2449.688581314879
8.430600366000363,12.872,1.9031141868512111,207.61245674740485,2672.387543252595
8.440681247000612,12.864,2.0761245674740487,207.61245674740485,2670.726643598616
8.4507643320012,12.876,1.9031141868512111,207.61245674740485,2673.2179930795846
8.460844880000877,12.864,1.9031141868512111,190.3114186851211,2448.166089965398
8.470924983001169,12.872,1.9031141868512111,190.3114186851211,2449.688581314879
8.481015475001186,12.868,2.0761245674740487,190.3114186851211,2448.9273356401386
8.491097781001372,12.872,2.0761245674740487,190.3114186851211,2449.688581314879
8.501178977001473,12.868,1.9031141868512111,190.3114186851211,2448.9273356401386
8.51126063600168,12.872,2.0761245674740487,207.61245674740485,2672.387543252595
8.521340683000744,12.872,2.0761245674740487,207.61245674740485,2672.387543252595
8.53142189800019,12.876,1.9031141868512111,190.3114186851211,2450.4498269896194
8.541502575000777,12.86,1.9031141868512111,207.61245674740485,2669.8961937716263
8.551583308000772,12.876,1.9031141868512111,190.3114186851211,2450.4498269896194
8.561664392000239,12.86,1.9031141868512111,207.61245674740485,2669.8961937716263
8.571745514000213,12.876,1.9031141868512111,190.3114186851211,2450.4498269896194
8.581826858000568,12.892,1.9031141868512111,190.3114186851211,2453.4948096885814
8.591907702000753,12.896,1.9031141868512111,190.3114186851211,2454.256055363322
8.601988971000537,12.884,1.7301038062283738,190.3114186851211,2451.9723183391006
8.612068778000321,12.884,1.9031141868512111,190.3114186851211,2451.9723183391006
8.622152363001078,12.88,1.9031141868512111,190.3114186851211,2451.21107266436
8.632234003000121,12.892,1.9031141868512111,173.01038062283737,2230.4498269896194
8.642317069001365,12.88,1.9031141868512111,190.3114186851211,2451.21107266436
8.652398265001466,12.896,1.7301038062283738,190.3114186851211,2454.256055363322
8.662481072000446,12.868,1.9031141868512111,190.3114186851211,2448.9273356401386
8.672562138001012,12.9,1.7301038062283738,190.3114186851211,2455.017301038062
8.682642945001135,12.872,1.9031141868512111,190.3114186851211,2449.688581314879
8.692724029000601,12.9,1.9031141868512111,190.3114186851211,2455.017301038062
8.702806540000893,12.844,1.9031141868512111,190.3114186851211,2444.3598615916953
8.71288712400019,12.868,2.0761245674740487,190.3114186851211,2448.9273356401386
8.722968339001454,12.852,2.0761245674740487,190.3114186851211,2445.8823529411766
8.733049757000117,12.88,1.9031141868512111,190.3114186851211,2451.21107266436
8.743130878001466,12.86,1.9031141868512111,190.3114186851211,2447.4048442906574
8.75321200000144,12.884,2.0761245674740487,207.61245674740485,2674.878892733564
8.763292936000653,12.852,2.0761245674740487,190.3114186851211,2445.8823529411766
8.773373669000648,12.884,2.0761245674740487,190.3114186851211,2451.9723183391006
8.783480050000435,12.852,1.9031141868512111,207.61245674740485,2668.2352941176473
8.793561801001488,12.884,2.0761245674740487,207.61245674740485,2674.878892733564
8.80364323700087,12.856,1.9031141868512111,190.3114186851211,2446.643598615917
8.813724359000844,12.88,2.0761245674740487,207.61245674740485,2674.0484429065746
8.823805573001664,12.86,1.9031141868512111,190.3114186851211,2447.4048442906574
8.833886380001786,12.88,2.0761245674740487,207.61245674740485,2674.0484429065746
8.84396789100174,12.864,1.9031141868512111,190.3114186851211,2448.166089965398
8.854049271001713,12.88,1.9031141868512111,190.3114186851211,2451.21107266436
8.864130523001222,12.86,1.9031141868512111,207.61245674740485,2669.8961937716263
8.874212237000393,12.884,1.9031141868512111,207.61245674740485,2674.878892733564
8.884315340001194,12.852,1.9031141868512111,207.61245674740485,2668.2352941176473
8.89439498000138,12.888,1.9031141868512111,207.61245674740485,2675.7093425605535
8.904475083001671,12.844,2.0761245674740487,207.61245674740485,2666.574394463668
8.914554797000164,12.888,1.9031141868512111,207.61245674740485,2675.7093425605535
8.92463453000164,12.852,1.9031141868512111,190.3114186851211,2445.8823529411766
8.934717096000895,12.888,1.9031141868512111,190.3114186851211,2452.733564013841
8.94479784700161,12.856,1.9031141868512111,190.3114186851211,2446.643598615917
8.954879117000019,12.88,1.9031141868512111,190.3114186851211,2451.21107266436
8.964960350000183,12.86,1.9031141868512111,190.3114186851211,2447.4048442906574
8.97504091600058,12.884,1.9031141868512111,190.3114186851211,2451.9723183391006
8.985144463000324,12.86,1.9031141868512111,207.61245674740485,2669.8961937716263
8.995225789001779,12.884,1.9031141868512111,207.61245674740485,2674.878892733564
9.00530602100116,12.852,2.0761245674740487,207.61245674740485,2668.2352941176473
9.015387328001452,12.88,1.9031141868512111,190.3114186851211,2451.21107266436
9.02546798700132,12.848,2.0761245674740487,207.61245674740485,2667.404844290658
9.035548831001506,12.888,2.0761245674740487,190.3114186851211,2452.733564013841
9.045629526000994,12.856,1.9031141868512111,190.3114186851211,2446.643598615917
9.05571037000118,12.88,1.9031141868512111,190.3114186851211,2451.21107266436
9.06578517700109,12.86,1.9031141868512111,190.3114186851211,2447.4048442906574
9.075865836000958,12.88,1.9031141868512111,190.3114186851211,2451.21107266436
9.085956291000912,12.86,2.0761245674740487,190.3114186851211,2447.4048442906574
9.096036709001055,12.888,2.0761245674740487,190.3114186851211,2452.733564013841
9.106138367000312,12.848,1.9031141868512111,190.3114186851211,2445.1211072664364
9.116215544001534,12.888,1.9031141868512111,207.61245674740485,2675.7093425605535
9.126291629001571,12.844,1.9031141868512111,190.3114186851211,2444.3598615916953
9.136368528001185,12.888,1.9031141868512111,190.3114186851211,2452.733564013841
9.146446465001645,12.852,2.0761245674740487,207.61245674740485,2668.2352941176473
9.15652384600071,12.88,2.0761245674740487,190.3114186851211,2451.21107266436
9.166601634000472,12.852,1.9031141868512111,190.3114186851211,2445.8823529411766
9.176678367000932,12.884,2.0761245674740487,190.3114186851211,2451.9723183391006
9.18675419200008,12.856,1.9031141868512111,190.3114186851211,2446.643598615917
9.196861628000988,12.88,2.0761245674740487,190.3114186851211,2451.21107266436
9.206944898000074,12.86,2.0761245674740487,190.3114186851211,2447.4048442906574
9.217026631000408,12.88,1.9031141868512111,190.3114186851211,2451.21107266436
9.227108030001546,12.852,1.9031141868512111,190.3114186851211,2445.8823529411766
9.237189633000526,12.888,2.0761245674740487,190.3114186851211,2452.733564013841
9.247269922001578,12.848,1.9031141868512111,190.3114186851211,2445.1211072664364
9.25735063600041,12.888,1.9031141868512111,190.3114186851211,2452.733564013841
9.267441202000555,12.856,1.9031141868512111,207.61245674740485,2669.065743944637
9.277523490000021,12.892,1.9031141868512111,207.61245674740485,2676.539792387543
9.287600779000059,12.856,1.9031141868512111,190.3114186851211,2446.643598615917
9.297691252000732,12.88,1.9031141868512111,190.3114186851211,2451.21107266436
9.307772374000706,12.852,1.9031141868512111,207.61245674740485,2668.2352941176473
9.317853588001526,12.884,1.9031141868512111,207.61245674740485,2674.878892733564
9.327933969001606,12.852,1.9031141868512111,190.3114186851211,2445.8823529411766
9.33801449800012,12.92,1.7301038062283738,190.3114186851211,2458.823529411765
9.348092379001173,12.876,1.9031141868512111,190.3114186851211,2450.4498269896194
9.358173481999984,12.908,1.9031141868512111,190.3114186851211,2456.539792387543
9.368257622001693,12.868,1.9031141868512111,190.3114186851211,2448.9273356401386
9.378338336000525,12.904,1.9031141868512111,190.3114186851211,2455.778546712803
9.388434624001093,12.872,1.7301038062283738,173.01038062283737,2226.989619377163
9.398514431000876,12.896,1.9031141868512111,190.3114186851211,2454.256055363322
9.408591534000152,12.876,1.7301038062283738,190.3114186851211,2450.4498269896194
9.418670008000845,12.888,1.9031141868512111,190.3114186851211,2452.733564013841
9.428746555000544,12.88,1.9031141868512111,173.01038062283737,2228.3737024221455
9.438824696000665,12.896,1.9031141868512111,190.3114186851211,2454.256055363322
9.448901743000533,12.876,1.7301038062283738,190.3114186851211,2450.4498269896194
9.45897892100038,12.896,1.9031141868512111,190.3114186851211,2454.256055363322
9.469054913000946,12.844,1.9031141868512111,207.61245674740485,2666.574394463668
9.479131868001787,12.872,1.9031141868512111,190.3114186851211,2449.688581314879
9.489218878001338,12.86,1.9031141868512111,207.61245674740485,2669.8961937716263
9.499301481000657,12.888,1.9031141868512111,190.3114186851211,2452.733564013841
9.509383344000526,12.86,1.9031141868512111,190.3114186851211,2447.4048442906574
9.519463854001515,12.876,1.9031141868512111,207.61245674740485,2673.2179930795846
9.529545309000241,12.86,1.9031141868512111,190.3114186851211,2447.4048442906574
9.539626986001167,12.876,2.0761245674740487,190.3114186851211,2450.4498269896194
9.549707978001607,12.864,1.9031141868512111,207.61245674740485,2670.726643598616
9.559788785001729,12.88,1.9031141868512111,190.3114186851211,2451.21107266436
9.569869796001512,12.856,1.9031141868512111,190.3114186851211,2446.643598615917
9.579951417001212,12.884,1.9031141868512111,190.3114186851211,2451.9723183391006
9.590042872001504,12.86,1.9031141868512111,207.61245674740485,2669.8961937716263
9.600124068001605,12.884,1.9031141868512111,190.3114186851211,2451.9723183391006
9.610204356000395,12.864,1.9031141868512111,190.3114186851211,2448.166089965398
9.6202852180013,12.872,2.0761245674740487,190.3114186851211,2449.688581314879
9.63036558100066,12.864,2.0761245674740487,190.3114186851211,2448.166089965398
9.64044646200091,12.868,1.9031141868512111,207.61245674740485,2671.5570934256057
9.650529343000017,12.864,1.9031141868512111,207.61245674740485,2670.726643598616
9.660610242000985,12.876,1.9031141868512111,190.3114186851211,2450.4498269896194
9.670691401001022,12.864,2.0761245674740487,190.3114186851211,2448.166089965398
9.680772374000298,12.88,1.9031141868512111,190.3114186851211,2451.21107266436
9.690848181000547,12.864,2.0761245674740487,190.3114186851211,2448.166089965398
9.70092567300162,12.884,1.9031141868512111,190.3114186851211,2451.9723183391006
9.711007017000156,12.86,1.9031141868512111,207.61245674740485,2669.8961937716263
9.72108826800104,12.884,2.0761245674740487,190.3114186851211,2451.9723183391006
9.731165538001733,12.86,1.9031141868512111,190.3114186851211,2447.4048442906574
9.741246660001707,12.872,1.9031141868512111,190.3114186851211,2449.688581314879
9.751327078000031,12.864,2.0761245674740487,190.3114186851211,2448.166089965398
9.761406607000026,12.872,1.9031141868512111,207.61245674740485,2672.387543252595
9.771488266000233,12.864,1.9031141868512111,190.3114186851211,2448.166089965398
9.781569832000969,12.88,2.0761245674740487,207.61245674740485,2674.0484429065746
9.791651472000012,12.864,1.9031141868512111,190.3114186851211,2448.166089965398
9.801732279000134,12.88,2.0761245674740487,207.61245674740485,2674.0484429065746
9.811813771000743,12.864,2.0761245674740487,207.61245674740485,2670.726643598616
9.821894763001183,12.876,1.9031141868512111,190.3114186851211,2450.4498269896194
9.831976273000691,12.868,1.9031141868512111,207.61245674740485,2671.5570934256057
9.842057673000454,12.88,1.9031141868512111,207.61245674740485,2674.0484429065746
9.852138998001465,12.868,1.9031141868512111,207.61245674740485,2671.5570934256057
9.862220897000952,12.868,2.0761245674740487,190.3114186851211,2448.9273356401386
9.872300982000525,12.868,1.9031141868512111,190.3114186851211,2448.9273356401386
9.88238184400143,12.872,1.9031141868512111,190.3114186851211,2449.688581314879
9.892475243001172,12.868,2.0761245674740487,190.3114186851211,2448.9273356401386
9.90255568000066,12.876,1.9031141868512111,190.3114186851211,2450.4498269896194
9.912635153001247,12.864,1.9031141868512111,190.3114186851211,2448.166089965398
9.922717849000037,12.88,2.0761245674740487,190.3114186851211,2451.21107266436
9.93279826700018,12.86,2.0761245674740487,190.3114186851211,2447.4048442906574
9.94287866600098,12.88,1.9031141868512111,190.3114186851211,2451.21107266436
9.952960436001376,12.864,2.0761245674740487,207.61245674740485,2670.726643598616
9.963041762001012,12.868,2.0761245674740487,207.61245674740485,2671.5570934256057
9.973122883000542,12.868,1.9031141868512111,190.3114186851211,2448.9273356401386
9.98320426400096,12.864,2.0761245674740487,190.3114186851211,2448.166089965398
9.99330947800081,12.868,2.0761245674740487,207.61245674740485,2671.5570934256057
10.003391191999981,12.872,2.0761245674740487,190.3114186851211,2449.688581314879
10.013472240001647,12.868,2.0761245674740487,190.3114186851211,2448.9273356401386
10.023553732000437,12.872,2.0761245674740487,190.3114186851211,2449.688581314879
10.033634668001469,12.868,1.9031141868512111,190.3114186851211,2448.9273356401386
10.0437165860003,12.876,2.0761245674740487,190.3114186851211,2450.4498269896194
10.053793763001522,12.868,1.9031141868512111,190.3114186851211,2448.9273356401386
10.063873848001094,12.876,1.9031141868512111,190.3114186851211,2450.4498269896194
10.073953895000159,12.872,1.9031141868512111,207.61245674740485,2672.387543252595
10.084033554001508,12.864,1.9031141868512111,190.3114186851211,2448.166089965398
10.094154045000323,12.872,1.9031141868512111,190.3114186851211,2449.688581314879
10.104235334001714,12.864,2.0761245674740487,207.61245674740485,2670.726643598616
10.114319751000949,12.868,1.9031141868512111,190.3114186851211,2448.9273356401386
10.124399781001557,12.872,1.9031141868512111,190.3114186851211,2449.688581314879
10.134482958001172,12.868,1.9031141868512111,190.3114186851211,2448.9273356401386
10.144564505000744,12.876,1.9031141868512111,190.3114186851211,2450.4498269896194
10.154647071,12.864,2.0761245674740487,190.3114186851211,2448.166089965398
10.164727860001221,12.876,2.0761245674740487,190.3114186851211,2450.4498269896194
10.17481059200145,12.868,1.9031141868512111,190.3114186851211,2448.9273356401386
10.184892121000303,12.904,1.9031141868512111,173.01038062283737,2232.5259515570933
10.194999372000893,12.896,1.7301038062283738,190.3114186851211,2454.256055363322
10.205079957000635,12.88,1.9031141868512111,190.3114186851211,2451.21107266436
10.215154764000545,12.892,1.9031141868512111,173.01038062283737,2230.4498269896194
10.225231033000455,12.876,1.9031141868512111,190.3114186851211,2450.4498269896194
10.235309859001063,12.892,1.9031141868512111,190.3114186851211,2453.4948096885814
10.245387036000466,12.88,2.0761245674740487,190.3114186851211,2451.21107266436
10.255464343001222,12.892,1.7301038062283738,190.3114186851211,2453.4948096885814
10.265542798000752,12.88,1.9031141868512111,190.3114186851211,2451.21107266436
10.275619383000958,12.896,1.9031141868512111,173.01038062283737,2231.1418685121107
10.285696486000234,12.872,1.9031141868512111,190.3114186851211,2449.688581314879
10.295828921000066,12.9,1.9031141868512111,190.3114186851211,2455.017301038062
10.30591137600095,12.852,2.0761245674740487,207.61245674740485,2668.2352941176473
10.315991924000627,12.876,1.9031141868512111,190.3114186851211,2450.4498269896194
10.326073805001215,12.852,1.9031141868512111,190.3114186851211,2445.8823529411766
10.336155445000259,12.88,1.9031141868512111,190.3114186851211,2451.21107266436
10.346238548001566,12.86,1.9031141868512111,190.3114186851211,2447.4048442906574
10.356320614000651,12.88,2.0761245674740487,207.61245674740485,2674.0484429065746
10.366402458001176,12.86,1.9031141868512111,190.3114186851211,2447.4048442906574
10.376485320000938,12.876,2.0761245674740487,190.3114186851211,2450.4498269896194
10.386566534001759,12.864,1.9031141868512111,190.3114186851211,2448.166089965398
10.396659156000169,12.876,1.9031141868512111,190.3114186851211,2450.4498269896194
10.40673572200103,12.856,1.9031141868512111,207.61245674740485,2669.065743944637
10.41681295500166,12.884,2.0761245674740487,207.61245674740485,2674.878892733564
10.42689153900028,12.852,2.0761245674740487,190.3114186851211,2445.8823529411766
10.43696816100055,12.888,2.0761245674740487,190.3114186851211,2452.733564013841
10.447046301000228,12.852,1.9031141868512111,190.3114186851211,2445.8823529411766
10.457122923000497,12.884,2.0761245674740487,190.3114186851211,2451.9723183391006
10.467201730001761,12.86,1.9031141868512111,207.61245674740485,2669.8961937716263
10.47727853700053,12.88,2.0761245674740487,190.3114186851211,2451.21107266436
10.48735671400027,12.86,2.0761245674740487,190.3114186851211,2447.4048442906574
10.497443835000013,12.88,1.9031141868512111,190.3114186851211,2451.21107266436
10.50752497600115,12.86,1.9031141868512111,207.61245674740485,2669.8961937716263
10.517605801000173,12.88,1.9031141868512111,190.3114186851211,2451.21107266436
10.527686293000443,12.864,1.9031141868512111,190.3114186851211,2448.166089965398
10.537767155001347,12.88,1.9031141868512111,190.3114186851211,2451.21107266436
10.547848851001618,12.852,1.9031141868512111,190.3114186851211,2445.8823529411766
10.557929824000894,12.884,1.9031141868512111,190.3114186851211,2451.9723183391006
10.568011594001291,12.856,1.9031141868512111,207.61245674740485,2669.065743944637
10.578092290001223,12.884,1.9031141868512111,190.3114186851211,2451.9723183391006
10.588173782000013,12.86,2.0761245674740487,190.3114186851211,2447.4048442906574
10.59826644000168,12.88,1.9031141868512111,190.3114186851211,2451.21107266436
10.608347840001443,12.86,1.9031141868512111,207.61245674740485,2669.8961937716263
10.618430628001079,12.88,1.9031141868512111,207.61245674740485,2674.0484429065746
10.628510250000545,12.856,2.0761245674740487,207.61245674740485,2669.065743944637
10.638591334000012,12.884,2.0761245674740487,190.3114186851211,2451.9723183391006
10.648671752000155,12.848,2.0761245674740487,190.3114186851211,2445.1211072664364
10.658754392001356,12.888,1.9031141868512111,190.3114186851211,2452.733564013841
10.668835866001245,12.848,1.9031141868512111,190.3114186851211,2445.1211072664364
10.678917154000374,12.888,1.9031141868512111,207.61245674740485,2675.7093425605535
10.688998535000792,12.856,1.9031141868512111,190.3114186851211,2446.643598615917
10.699106860000029,12.888,1.9031141868512111,190.3114186851211,2452.733564013841
10.709187166999982,12.86,1.9031141868512111,190.3114186851211,2447.4048442906574
10.719268418000865,12.88,2.0761245674740487,190.3114186851211,2451.21107266436
10.729349688001093,12.86,2.0761245674740487,207.61245674740485,2669.8961937716263
10.739430605000962,12.876,1.9031141868512111,207.61245674740485,2673.2179930795846
10.749512412001422,12.86,1.9031141868512111,190.3114186851211,2447.4048442906574
10.759592664000593,12.884,1.9031141868512111,190.3114186851211,2451.9723183391006
10.769673656001032,12.852,1.9031141868512111,190.3114186851211,2445.8823529411766
10.779754981000224,12.888,2.0761245674740487,207.61245674740485,2675.7093425605535
10.789835862000473,12.852,1.9031141868512111,190.3114186851211,2445.8823529411766
10.79994431600062,12.888,1.9031141868512111,207.61245674740485,2675.7093425605535
10.810026512001059,12.856,2.0761245674740487,190.3114186851211,2446.643598615917
10.820107319001181,12.884,1.9031141868512111,207.61245674740485,2674.878892733564
10.830192033001367,12.856,2.0761245674740487,190.3114186851211,2446.643598615917
10.84027284000149,12.884,2.0761245674740487,190.3114186851211,2451.9723183391006
10.850355572001718,12.852,1.9031141868512111,190.3114186851211,2445.8823529411766
10.860436731001755,12.884,1.9031141868512111,190.3114186851211,2451.9723183391006
10.870519538000735,12.86,2.0761245674740487,207.61245674740485,2669.8961937716263
10.880600363001577,12.888,2.0761245674740487,190.3114186851211,2452.733564013841
10.890681911001593,12.848,1.9031141868512111,190.3114186851211,2445.1211072664364
10.900772828001209,12.892,2.0761245674740487,190.3114186851211,2453.4948096885814
10.910852506000083,12.852,2.0761245674740487,190.3114186851211,2445.8823529411766
10.92093379400103,12.888,1.9031141868512111,190.3114186851211,2452.733564013841
10.931015341000602,12.856,2.0761245674740487,190.3114186851211,2446.643598615917
10.941096778000428,12.88,2.0761245674740487,190.3114186851211,2451.21107266436
10.951178177001566,12.86,2.0761245674740487,190.3114186851211,2447.4048442906574
10.96125941000173,12.876,1.9031141868512111,190.3114186851211,2450.4498269896194
10.97133958700033,12.86,1.9031141868512111,190.3114186851211,2447.4048442906574
10.981419746000029,12.884,1.9031141868512111,190.3114186851211,2451.9723183391006
10.991500516000087,12.852,1.9031141868512111,190.3114186851211,2445.8823529411766
11.001604785000382,12.888,2.0761245674740487,207.61245674740485,2675.7093425605535
11.011685925001075,12.852,1.9031141868512111,207.61245674740485,2668.2352941176473
11.021767232001366,12.888,2.0761245674740487,190.3114186851211,2452.733564013841
11.031848557000558,12.852,1.9031141868512111,207.61245674740485,2668.2352941176473
11.04193006800051,12.888,1.9031141868512111,190.3114186851211,2452.733564013841
11.052011208001204,12.852,1.9031141868512111,190.3114186851211,2445.8823529411766
11.062091255000269,12.884,1.9031141868512111,190.3114186851211,2451.9723183391006
11.072172877000412,12.856,1.9031141868512111,207.61245674740485,2669.065743944637
11.08225244300047,12.884,2.0761245674740487,190.3114186851211,2451.9723183391006
11.092333990000043,12.856,1.9031141868512111,190.3114186851211,2446.643598615917
11.102425908000441,12.888,2.0761245674740487,190.3114186851211,2452.733564013841
11.112502067000605,12.852,2.0761245674740487,207.61245674740485,2668.2352941176473
11.12258292900151,12.888,2.0761245674740487,190.3114186851211,2452.733564013841
11.132660125000257,12.852,2.0761245674740487,207.61245674740485,2668.2352941176473
11.142736747000527,12.884,1.9031141868512111,190.3114186851211,2451.9723183391006
11.152813572000014,12.856,1.9031141868512111,190.3114186851211,2446.643598615917
11.162891749001574,12.876,2.0761245674740487,190.3114186851211,2450.4498269896194
11.172968519000278,12.856,2.0761245674740487,190.3114186851211,2446.643598615917
11.183046382000612,12.88,1.9031141868512111,190.3114186851211,2451.21107266436
11.193170151000231,12.856,1.9031141868512111,190.3114186851211,2446.643598615917
11.203326697001103,12.884,1.9031141868512111,190.3114186851211,2451.9723183391006
11.213409022000633,12.856,1.9031141868512111,190.3114186851211,2446.643598615917
11.223500680000143,12.884,1.9031141868512111,190.3114186851211,2451.9723183391006
11.233583487000942,12.852,2.0761245674740487,207.61245674740485,2668.2352941176473
11.24366516400005,12.888,1.9031141868512111,190.3114186851211,2452.733564013841
11.253746008000235,12.844,2.0761245674740487,207.61245674740485,2666.574394463668
11.26382818500133,12.888,2.0761245674740487,190.3114186851211,2452.733564013841
11.273909474000902,12.848,2.0761245674740487,207.61245674740485,2667.404844290658
11.283990577001532,12.888,1.9031141868512111,190.3114186851211,2452.733564013841
11.294071828000597,12.856,1.9031141868512111,207.61245674740485,2669.065743944637
11.304220874000748,12.88,1.9031141868512111,190.3114186851211,2451.21107266436
11.314302662000046,12.856,1.9031141868512111,207.61245674740485,2669.065743944637
11.32438813600129,12.88,2.0761245674740487,207.61245674740485,2674.0484429065746
11.334461035001368,12.856,1.9031141868512111,190.3114186851211,2446.643598615917
11.34453747200132,12.88,2.0761245674740487,207.61245674740485,2674.0484429065746
11.354619760000787,12.852,2.0761245674740487,207.61245674740485,2668.2352941176473
11.364696493001247,12.884,1.9031141868512111,190.3114186851211,2451.9723183391006
11.374777558999995,12.852,1.9031141868512111,207.61245674740485,2668.2352941176473
11.384857958000794,12.884,2.0761245674740487,190.3114186851211,2451.9723183391006
11.394935932001317,12.856,1.9031141868512111,190.3114186851211,2446.643598615917
11.405019720001292,12.88,2.0761245674740487,207.61245674740485,2674.0484429065746
11.41512002700074,12.86,1.9031141868512111,190.3114186851211,2447.4048442906574
11.425197426000523,12.88,1.9031141868512111,190.3114186851211,2451.21107266436
11.435276103000433,12.86,2.0761245674740487,207.61245674740485,2669.8961937716263
11.445352929000364,12.888,1.9031141868512111,190.3114186851211,2452.733564013841
11.455454235001525,12.852,2.0761245674740487,207.61245674740485,2668.2352941176473
11.46553089400004,12.888,2.0761245674740487,190.3114186851211,2452.733564013841
11.475607497000965,12.848,2.0761245674740487,190.3114186851211,2445.1211072664364
11.485684526000114,12.888,1.9031141868512111,207.61245674740485,2675.7093425605535
11.495760166000764,12.856,1.9031141868512111,190.3114186851211,2446.643598615917
11.505849251001564,12.88,1.9031141868512111,207.61245674740485,2674.0484429065746
11.515929928000332,12.856,2.0761245674740487,190.3114186851211,2446.643598615917
11.52601001200128,12.88,1.9031141868512111,190.3114186851211,2451.21107266436
11.536091375000979,12.86,2.0761245674740487,207.61245674740485,2669.8961937716263
11.54617451500053,12.876,2.0761245674740487,190.3114186851211,2450.4498269896194
11.556255766001414,12.86,2.0761245674740487,190.3114186851211,2447.4048442906574
11.566338258000542,12.876,2.0761245674740487,190.3114186851211,2450.4498269896194
11.576418602000558,12.856,2.0761245674740487,207.61245674740485,2669.065743944637
11.586498779000976,12.884,2.0761245674740487,190.3114186851211,2451.9723183391006
11.596580049001204,12.856,1.9031141868512111,190.3114186851211,2446.643598615917
11.606674337001095,12.888,1.9031141868512111,190.3114186851211,2452.733564013841
11.616756033001366,12.856,1.9031141868512111,207.61245674740485,2669.065743944637
11.626837525000155,12.888,1.9031141868512111,190.3114186851211,2452.733564013841
11.636918183001399,12.86,1.9031141868512111,207.61245674740485,2669.8961937716263
11.64699889700023,12.88,2.0761245674740487,207.61245674740485,2674.0484429065746
11.657079464001072,12.856,1.9031141868512111,207.61245674740485,2669.065743944637
11.667160733000856,12.88,2.0761245674740487,190.3114186851211,2451.21107266436
11.67724257700138,12.856,2.0761245674740487,190.3114186851211,2446.643598615917
11.687323699001354,12.916,1.9031141868512111,190.3114186851211,2458.0622837370242
11.697403320000376,12.884,1.9031141868512111,190.3114186851211,2451.9723183391006
11.707508756000607,12.9,1.9031141868512111,190.3114186851211,2455.017301038062
11.717589989000771,12.872,1.9031141868512111,190.3114186851211,2449.688581314879
11.727671222000936,12.9,1.9031141868512111,190.3114186851211,2455.017301038062
11.737752529001227,12.88,1.9031141868512111,190.3114186851211,2451.21107266436
11.747830298001645,12.892,1.9031141868512111,190.3114186851211,2453.4948096885814
11.757911994000096,12.88,1.9031141868512111,190.3114186851211,2451.21107266436
11.767992968001636,12.876,1.9031141868512111,190.3114186851211,2450.4498269896194
11.778074293000827,12.884,1.9031141868512111,190.3114186851211,2451.9723183391006
11.788154989000759,12.884,1.9031141868512111,190.3114186851211,2451.9723183391006
11.79823764700086,12.884,1.9031141868512111,190.3114186851211,2451.9723183391006
11.80832834300054,12.868,1.9031141868512111,190.3114186851211,2448.9273356401386
11.818405557000006,12.852,1.9031141868512111,190.3114186851211,2445.8823529411766
11.828480549000233,12.872,1.9031141868512111,190.3114186851211,2449.688581314879
11.83855830000175,12.868,1.9031141868512111,207.61245674740485,2671.5570934256057
11.848634644000413,12.868,1.9031141868512111,190.3114186851211,2448.9273356401386
11.85871217300155,12.864,2.0761245674740487,190.3114186851211,2448.166089965398
11.868787665000127,12.864,1.9031141868512111,190.3114186851211,2448.166089965398
11.878864657001031,12.868,1.9031141868512111,190.3114186851211,2448.9273356401386
11.888940909000667,12.872,2.0761245674740487,190.3114186851211,2449.688581314879
11.899018586000238,12.868,1.9031141868512111,190.3114186851211,2448.9273356401386
11.909146059000705,12.876,2.0761245674740487,190.3114186851211,2450.4498269896194
11.919233921000341,12.868,1.9031141868512111,207.61245674740485,2671.5570934256057
11.929315857001711,12.876,1.9031141868512111,190.3114186851211,2450.4498269896194
11.939396701000078,12.868,1.9031141868512111,190.3114186851211,2448.9273356401386
11.94947752600092,12.876,1.9031141868512111,207.61245674740485,2673.2179930795846
11.959558592001486,12.868,1.9031141868512111,190.3114186851211,2448.9273356401386
11.969639529001142,12.872,1.9031141868512111,190.3114186851211,2449.688581314879
11.97972455800118,12.872,2.0761245674740487,190.3114186851211,2449.688581314879
11.989804550001281,12.864,2.0761245674740487,190.3114186851211,2448.166089965398
11.999885245000769,12.872,2.0761245674740487,207.61245674740485,2672.387543252595
12.009976237000956,12.864,2.0761245674740487,207.61245674740485,2670.726643598616
12.02005361800002,12.872,2.0761245674740487,207.61245674740485,2672.387543252595
12.030131777000861,12.872,1.9031141868512111,207.61245674740485,2672.387543252595
12.040208639000411,12.868,1.9031141868512111,207.61245674740485,2671.5570934256057
12.050286928000787,12.876,2.0761245674740487,190.3114186851211,2450.4498269896194
12.060363568001776,12.868,1.9031141868512111,207.61245674740485,2671.5570934256057
12.070443430000523,12.868,1.9031141868512111,207.61245674740485,2671.5570934256057
12.08051925500149,12.868,1.9031141868512111,190.3114186851211,2448.9273356401386
12.090596729000026,12.864,1.9031141868512111,207.61245674740485,2670.726643598616
12.100672962000317,12.872,2.0761245674740487,190.3114186851211,2449.688581314879
12.110759213001074,12.864,1.9031141868512111,190.3114186851211,2448.166089965398
12.120838909000668,12.872,1.9031141868512111,190.3114186851211,2449.688581314879
12.130924252000113,12.868,1.9031141868512111,207.61245674740485,2671.5570934256057
12.141004837001674,12.872,1.9031141868512111,207.61245674740485,2672.387543252595
12.151084681001521,12.872,2.0761245674740487,207.61245674740485,2672.387543252595
12.161164839000776,12.868,1.9031141868512111,190.3114186851211,2448.9273356401386
12.17124694300037,12.868,2.0761245674740487,207.61245674740485,2671.5570934256057
12.181327434000195,12.868,1.9031141868512111,190.3114186851211,2448.9273356401386
12.191431389001082,12.872,2.0761245674740487,190.3114186851211,2449.688581314879
12.201520566000909,12.872,1.9031141868512111,190.3114186851211,2449.688581314879
12.211651631001587,12.864,1.9031141868512111,207.61245674740485,2670.726643598616
12.221735456001625,12.876,1.9031141868512111,207.61245674740485,2673.2179930795846
12.23181739300162,12.86,2.0761245674740487,207.61245674740485,2669.8961937716263
12.241899181000917,12.876,1.9031141868512111,190.3114186851211,2450.4498269896194
12.251989006001168,12.864,1.9031141868512111,190.3114186851211,2448.166089965398
12.26207112800148,12.868,1.9031141868512111,207.61245674740485,2671.5570934256057
12.272151953000503,12.868,2.0761245674740487,207.61245674740485,2671.5570934256057
12.282233204001386,12.864,2.0761245674740487,190.3114186851211,2448.166089965398
12.292314511001678,12.872,1.9031141868512111,207.61245674740485,2672.387543252595
12.302397540001039,12.868,2.0761245674740487,190.3114186851211,2448.9273356401386
12.312559401001636,12.872,2.0761245674740487,190.3114186851211,2449.688581314879
12.322640689000764,12.876,2.0761245674740487,207.61245674740485,2673.2179930795846
12.33271921800042,12.864,1.9031141868512111,190.3114186851211,2448.166089965398
12.342797821000204,12.876,1.9031141868512111,190.3114186851211,2450.4498269896194
12.352875998001764,12.86,2.0761245674740487,207.61245674740485,2669.8961937716263
12.362953379000828,12.88,1.9031141868512111,207.61245674740485,2674.0484429065746
12.373030260001542,12.86,2.0761245674740487,190.3114186851211,2447.4048442906574
12.38310767800067,12.872,2.0761245674740487,190.3114186851211,2449.688581314879
12.393184170001405,12.864,2.0761245674740487,207.61245674740485,2670.726643598616
12.40325973600011,12.872,1.9031141868512111,190.3114186851211,2449.688581314879
12.413348858000973,12.868,1.9031141868512111,190.3114186851211,2448.9273356401386
12.423429887001475,12.872,1.9031141868512111,207.61245674740485,2672.387543252595
12.433511657000054,12.868,1.9031141868512111,190.3114186851211,2448.9273356401386
12.443592519000958,12.876,2.0761245674740487,207.61245674740485,2673.2179930795846
12.453673196001546,12.86,1.9031141868512111,207.61245674740485,2669.8961937716263
12.463754910000716,12.872,1.9031141868512111,207.61245674740485,2672.387543252595
12.47383482800069,12.86,1.9031141868512111,190.3114186851211,2447.4048442906574
12.483915079001235,12.868,1.9031141868512111,207.61245674740485,2671.5570934256057
12.493996349001463,12.864,2.0761245674740487,190.3114186851211,2448.166089965398
12.50407789700148,12.872,1.9031141868512111,207.61245674740485,2672.387543252595
12.514160389000608,12.868,1.9031141868512111,190.3114186851211,2448.9273356401386
12.524241010001788,12.872,1.9031141868512111,190.3114186851211,2449.688581314879
12.534323836000112,12.868,2.0761245674740487,190.3114186851211,2448.9273356401386
12.544404976000806,12.876,1.9031141868512111,190.3114186851211,2450.4498269896194
12.554487819001224,12.868,1.9031141868512111,207.61245674740485,2671.5570934256057
12.56456927400177,12.876,1.9031141868512111,190.3114186851211,2450.4498269896194
12.574648989000707,12.852,1.9031141868512111,207.61245674740485,2668.2352941176473
12.58472822100157,12.88,1.9031141868512111,207.61245674740485,2674.0484429065746
12.594808528001522,12.856,2.0761245674740487,207.61245674740485,2669.065743944637
12.604890205000629,12.88,1.9031141868512111,190.3114186851211,2451.21107266436
12.61498243800088,12.86,2.0761245674740487,207.61245674740485,2669.8961937716263
12.625063633000536,12.872,1.9031141868512111,207.61245674740485,2672.387543252595
12.635143643999982,12.868,2.0761245674740487,190.3114186851211,2448.9273356401386
12.645223562001775,12.876,1.9031141868512111,190.3114186851211,2450.4498269896194
12.655304720001368,12.868,2.0761245674740487,190.3114186851211,2448.9273356401386
12.66538589800075,12.876,1.9031141868512111,207.61245674740485,2673.2179930795846
12.675464019001083,12.856,2.0761245674740487,190.3114186851211,2446.643598615917
12.685546252001586,12.872,2.0761245674740487,190.3114186851211,2449.688581314879
12.69562657700044,12.856,1.9031141868512111,190.3114186851211,2446.643598615917
12.705706643000667,12.88,2.0761245674740487,190.3114186851211,2451.21107266436
12.71581604200037,12.86,1.9031141868512111,190.3114186851211,2447.4048442906574
12.725897979000365,12.876,2.0761245674740487,207.61245674740485,2673.2179930795846
12.735979378001502,12.864,1.9031141868512111,190.3114186851211,2448.166089965398
12.746060222001688,12.876,1.9031141868512111,207.61245674740485,2673.2179930795846
12.756140584000605,12.868,1.9031141868512111,207.61245674740485,2671.5570934256057
12.766220854000494,12.876,2.0761245674740487,207.61245674740485,2673.2179930795846
12.776302179001505,12.86,1.9031141868512111,190.3114186851211,2447.4048442906574
12.786384801000167,12.88,2.0761245674740487,190.3114186851211,2451.21107266436
12.796465756000543,12.848,2.0761245674740487,190.3114186851211,2445.1211072664364
12.806548525000835,12.884,1.9031141868512111,207.61245674740485,2674.878892733564
12.81665275800151,12.852,1.9031141868512111,207.61245674740485,2668.2352941176473
12.82673315700049,12.88,1.9031141868512111,190.3114186851211,2451.21107266436
12.836814205000337,12.86,1.9031141868512111,190.3114186851211,2447.4048442906574
12.846896011000354,12.876,1.9031141868512111,190.3114186851211,2450.4498269896194
12.856976596000095,12.864,2.0761245674740487,190.3114186851211,2448.166089965398
12.86705782900026,12.876,1.9031141868512111,207.61245674740485,2673.2179930795846
12.877137876001143,12.864,2.0761245674740487,190.3114186851211,2448.166089965398
12.887217776000398,12.872,2.0761245674740487,207.61245674740485,2672.387543252595
12.897298860001683,12.868,1.9031141868512111,190.3114186851211,2448.9273356401386
12.907379537000452,12.88,2.0761245674740487,207.61245674740485,2674.0484429065746
12.917486769001698,12.856,2.0761245674740487,207.61245674740485,2669.065743944637
12.927568224000424,12.88,1.9031141868512111,190.3114186851211,2451.21107266436
12.937649124000018,12.86,1.9031141868512111,207.61245674740485,2669.8961937716263
12.9477305420005,12.88,1.9031141868512111,190.3114186851211,2451.21107266436
12.957811108000897,12.86,1.9031141868512111,190.3114186851211,2447.4048442906574
12.967892285001653,12.876,2.0761245674740487,190.3114186851211,2450.4498269896194
12.977973388000464,12.86,2.0761245674740487,190.3114186851211,2447.4048442906574
12.988053065000713,12.876,1.9031141868512111,190.3114186851211,2450.4498269896194
12.99813596400054,12.86,2.0761245674740487,207.61245674740485,2669.8961937716263
13.008217864000471,12.884,1.9031141868512111,190.3114186851211,2451.9723183391006
13.018309355000383,12.852,1.9031141868512111,190.3114186851211,2445.8823529411766
13.028390181001669,12.884,1.9031141868512111,207.61245674740485,2674.878892733564
13.038472562000607,12.852,1.9031141868512111,190.3114186851211,2445.8823529411766
13.048553461001575,12.884,2.0761245674740487,190.3114186851211,2451.9723183391006
13.058635749001041,12.856,1.9031141868512111,207.61245674740485,2669.065743944637
13.06871692599998,12.88,2.0761245674740487,190.3114186851211,2451.21107266436
13.078799381000863,12.86,2.0761245674740487,190.3114186851211,2447.4048442906574
13.08888126200145,12.872,1.9031141868512111,190.3114186851211,2449.688581314879
13.09896203200151,12.864,1.9031141868512111,190.3114186851211,2448.166089965398
13.109042931000658,12.876,2.0761245674740487,207.61245674740485,2673.2179930795846
13.119135201000972,12.864,1.9031141868512111,190.3114186851211,2448.166089965398
13.129216267001539,12.88,1.9031141868512111,190.3114186851211,2451.21107266436
13.139300925000498,12.852,1.9031141868512111,190.3114186851211,2445.8823529411766
13.149382491001234,12.884,1.9031141868512111,190.3114186851211,2451.9723183391006
13.159463724001398,12.852,1.9031141868512111,190.3114186851211,2445.8823529411766
13.169545345001097,12.884,1.9031141868512111,207.61245674740485,2674.878892733564
13.179625282000416,12.852,2.0761245674740487,190.3114186851211,2445.8823529411766
13.18970625500151,12.88,1.9031141868512111,190.3114186851211,2451.21107266436
13.199795488000746,12.852,2.0761245674740487,190.3114186851211,2445.8823529411766
13.209882165001545,12.904,1.9031141868512111,190.3114186851211,2455.778546712803
13.220050063000599,12.884,2.0761245674740487,190.3114186851211,2451.9723183391006
13.230129240000679,12.9,1.9031141868512111,190.3114186851211,2455.017301038062
13.240206398000737,12.868,1.9031141868512111,190.3114186851211,2448.9273356401386
13.250285020001684,12.904,1.9031141868512111,190.3114186851211,2455.778546712803
13.260361864000515,12.864,1.9031141868512111,190.3114186851211,2448.166089965398
13.2704388380007,12.904,1.9031141868512111,190.3114186851211,2455.778546712803
13.280514681000568,12.868,1.9031141868512111,190.3114186851211,2448.9273356401386
13.290590655000415,12.896,1.9031141868512111,190.3114186851211,2454.256055363322
13.300667925001108,12.872,1.9031141868512111,190.3114186851211,2449.688581314879
13.310747954001272,12.892,1.9031141868512111,190.3114186851211,2453.4948096885814
13.320880426001168,12.876,1.9031141868512111,190.3114186851211,2450.4498269896194
13.330963418000465,12.892,1.9031141868512111,190.3114186851211,2453.4948096885814
13.34104416900118,12.844,1.9031141868512111,207.61245674740485,2666.574394463668
13.351125995000984,12.876,1.9031141868512111,190.3114186851211,2450.4498269896194
13.361206913001297,12.856,1.9031141868512111,207.61245674740485,2669.065743944637
13.37128773800032,12.888,1.9031141868512111,207.61245674740485,2675.7093425605535
13.381368248001309,12.852,2.0761245674740487,190.3114186851211,2445.8823529411766
13.391448703001515,12.888,1.9031141868512111,190.3114186851211,2452.733564013841
13.401529991000643,12.844,1.9031141868512111,207.61245674740485,2666.574394463668
13.41160992800178,12.888,1.9031141868512111,190.3114186851211,2452.733564013841
13.421702475001439,12.852,2.0761245674740487,190.3114186851211,2445.8823529411766
13.431780115000947,12.884,1.9031141868512111,190.3114186851211,2451.9723183391006
13.441857107000033,12.856,2.0761245674740487,207.61245674740485,2669.065743944637
13.451932970001508,12.884,1.9031141868512111,207.61245674740485,2674.878892733564
13.462009221000699,12.856,2.0761245674740487,190.3114186851211,2446.643598615917
13.472086028001286,12.888,2.0761245674740487,190.3114186851211,2452.733564013841
13.482164076000117,12.852,2.0761245674740487,190.3114186851211,2445.8823529411766
13.492240549001508,12.88,1.9031141868512111,207.61245674740485,2674.0484429065746
13.502318634000403,12.852,1.9031141868512111,190.3114186851211,2445.8823529411766
13.512395292000292,12.876,2.0761245674740487,190.3114186851211,2450.4498269896194
13.522471525000583,12.856,2.0761245674740487,190.3114186851211,2446.643598615917
13.532551943000726,12.884,1.9031141868512111,190.3114186851211,2451.9723183391006
13.54263187900142,12.86,1.9031141868512111,190.3114186851211,2447.4048442906574
13.552713353001309,12.88,1.9031141868512111,207.61245674740485,2674.0484429065746
13.562796067000818,12.856,1.9031141868512111,207.61245674740485,2669.065743944637
13.572877059001257,12.88,1.9031141868512111,190.3114186851211,2451.21107266436
13.582958014001633,12.852,2.0761245674740487,190.3114186851211,2445.8823529411766
13.593039154000508,12.884,1.9031141868512111,190.3114186851211,2451.9723183391006
13.603119924000566,12.848,2.0761245674740487,190.3114186851211,2445.1211072664364
13.613200731000688,12.888,1.9031141868512111,190.3114186851211,2452.733564013841
13.623276426000302,12.852,2.0761245674740487,190.3114186851211,2445.8823529411766
13.633357511000213,12.888,1.9031141868512111,190.3114186851211,2452.733564013841
13.643437040000208,12.856,2.0761245674740487,190.3114186851211,2446.643598615917
13.653517624001324,12.88,1.9031141868512111,207.61245674740485,2674.0484429065746
13.663598690000072,12.86,2.0761245674740487,190.3114186851211,2447.4048442906574
13.673679534000257,12.88,1.9031141868512111,207.61245674740485,2674.0484429065746
13.683760360001543,12.86,1.9031141868512111,207.61245674740485,2669.8961937716263
13.693841463000354,12.88,1.9031141868512111,207.61245674740485,2674.0484429065746
13.703921566000645,12.856,2.0761245674740487,190.3114186851211,2446.643598615917
13.714002169001105,12.884,1.9031141868512111,207.61245674740485,2674.878892733564
13.724077383001713,12.852,1.9031141868512111,207.61245674740485,2668.2352941176473
13.73415978200137,12.884,1.9031141868512111,207.61245674740485,2674.878892733564
13.744240885000181,12.856,1.9031141868512111,190.3114186851211,2446.643598615917
13.754321563001213,12.884,1.9031141868512111,207.61245674740485,2674.878892733564
13.764398425000763,12.86,1.9031141868512111,190.3114186851211,2447.4048442906574
13.774478843000907,12.876,2.0761245674740487,190.3114186851211,2450.4498269896194
13.784558853001727,12.856,1.9031141868512111,207.61245674740485,2669.065743944637
13.794640808000622,12.876,2.0761245674740487,190.3114186851211,2450.4498269896194
13.804720411000744,12.852,2.0761245674740487,207.61245674740485,2668.2352941176473
13.81480186600129,12.884,2.0761245674740487,190.3114186851211,2451.9723183391006
13.824881303000438,12.852,1.9031141868512111,190.3114186851211,2445.8823529411766
13.834961943000962,12.888,1.9031141868512111,190.3114186851211,2452.733564013841
13.845042935001402,12.852,1.9031141868512111,207.61245674740485,2668.2352941176473
13.85512313000072,12.888,1.9031141868512111,190.3114186851211,2452.733564013841
13.865203641000335,12.856,1.9031141868512111,190.3114186851211,2446.643598615917
13.875284151001324,12.876,1.9031141868512111,190.3114186851211,2450.4498269896194
13.885364143001425,12.86,1.9031141868512111,207.61245674740485,2669.8961937716263
13.895445672000278,12.872,2.0761245674740487,190.3114186851211,2449.688581314879
13.905526720000125,12.86,1.9031141868512111,190.3114186851211,2447.4048442906574
13.91560758200103,12.876,2.0761245674740487,190.3114186851211,2450.4498269896194
13.925699944000371,12.86,1.9031141868512111,190.3114186851211,2447.4048442906574
13.935779899000408,12.884,1.9031141868512111,190.3114186851211,2451.9723183391006
13.945860243000425,12.856,1.9031141868512111,190.3114186851211,2446.643598615917
13.955940216001181,12.884,2.0761245674740487,190.3114186851211,2451.9723183391006
13.966020634001325,12.856,1.9031141868512111,207.61245674740485,2669.065743944637
13.976101756001299,12.888,1.9031141868512111,190.3114186851211,2452.733564013841
13.986184729001252,12.86,1.9031141868512111,190.3114186851211,2447.4048442906574
13.996266425001522,12.876,1.9031141868512111,190.3114186851211,2450.4498269896194
14.006348843000524,12.856,2.0761245674740487,190.3114186851211,2446.643598615917
14.016429483001048,12.876,1.9031141868512111,190.3114186851211,2450.4498269896194
14.026538382000581,12.86,2.0761245674740487,190.3114186851211,2447.4048442906574
14.036619818001782,12.884,1.9031141868512111,190.3114186851211,2451.9723183391006
14.046703199001058,12.856,1.9031141868512111,190.3114186851211,2446.643598615917
14.056778839001709,12.888,1.9031141868512111,190.3114186851211,2452.733564013841
14.06685942400145,12.856,1.9031141868512111,190.3114186851211,2446.643598615917
14.07694124900081,12.888,1.9031141868512111,190.3114186851211,2452.733564013841
14.087022093000996,12.86,2.0761245674740487,190.3114186851211,2447.4048442906574
14.097102992000146,12.88,1.9031141868512111,207.61245674740485,2674.0484429065746
14.10718422500031,12.864,1.9031141868512111,207.61245674740485,2670.726643598616
14.11726543900113,12.868,1.9031141868512111,190.3114186851211,2448.9273356401386
14.127355616001296,12.864,1.9031141868512111,190.3114186851211,2448.166089965398
14.137437126000805,12.876,1.9031141868512111,190.3114186851211,2450.4498269896194
14.147522618000949,12.864,1.9031141868512111,190.3114186851211,2448.166089965398
14.15760442500141,12.88,1.9031141868512111,190.3114186851211,2451.21107266436
14.167685491000157,12.86,1.9031141868512111,190.3114186851211,2447.4048442906574
14.177766835000511,12.884,1.9031141868512111,190.3114186851211,2451.9723183391006
14.187847918999978,12.86,1.9031141868512111,190.3114186851211,2447.4048442906574
14.197941263000757,12.884,2.0761245674740487,190.3114186851211,2451.9723183391006
14.208023125000182,12.856,1.9031141868512111,190.3114186851211,2446.643598615917
14.218104580000727,12.888,1.9031141868512111,190.3114186851211,2452.733564013841
14.228226238001298,12.86,2.0761245674740487,190.3114186851211,2447.4048442906574
14.238310581000405,12.876,2.0761245674740487,207.61245674740485,2673.2179930795846
14.248391722001543,12.864,1.9031141868512111,190.3114186851211,2448.166089965398
14.258474362000925,12.88,1.9031141868512111,207.61245674740485,2674.0484429065746
14.268555372000264,12.864,1.9031141868512111,190.3114186851211,2448.166089965398
14.27863571600028,12.884,1.9031141868512111,190.3114186851211,2451.9723183391006
14.28871648600034,12.864,2.0761245674740487,207.61245674740485,2670.726643598616
14.29879942200023,12.88,1.9031141868512111,190.3114186851211,2451.21107266436
14.30887639500179,12.864,1.9031141868512111,190.3114186851211,2448.166089965398
14.318955424001615,12.876,2.0761245674740487,207.61245674740485,2673.2179930795846
14.329078008000579,12.864,1.9031141868512111,190.3114186851211,2448.166089965398
14.339159759001632,12.872,2.0761245674740487,190.3114186851211,2449.688581314879
14.349240751000252,12.864,1.9031141868512111,190.3114186851211,2448.166089965398
14.35932252100065,12.872,2.0761245674740487,190.3114186851211,2449.688581314879
14.369406328001787,12.868,1.9031141868512111,190.3114186851211,2448.9273356401386
14.37948909700026,12.876,2.0761245674740487,190.3114186851211,2450.4498269896194
14.389569645001757,12.868,1.9031141868512111,207.61245674740485,2671.5570934256057
14.399650229001054,12.88,2.0761245674740487,207.61245674740485,2674.0484429065746
14.40973033300179,12.86,2.0761245674740487,207.61245674740485,2669.8961937716263
14.41981154700079,12.88,1.9031141868512111,207.61245674740485,2674.0484429065746
14.42992064900136,12.86,1.9031141868512111,207.61245674740485,2669.8961937716263
14.440001752000171,12.884,2.0761245674740487,207.61245674740485,2674.878892733564
14.45008261500152,12.864,2.0761245674740487,190.3114186851211,2448.166089965398
14.460163458001261,12.872,1.9031141868512111,190.3114186851211,2449.688581314879
14.47023915400132,12.872,1.9031141868512111,190.3114186851211,2449.688581314879
14.480320202001167,12.872,1.9031141868512111,190.3114186851211,2449.688581314879
14.490403119001712,12.868,2.0761245674740487,190.3114186851211,2448.9273356401386
14.50048416700156,12.872,2.0761245674740487,207.61245674740485,2672.387543252595
14.510566066001047,12.868,2.0761245674740487,190.3114186851211,2448.9273356401386
14.520646169001338,12.872,2.0761245674740487,190.3114186851211,2449.688581314879
14.530738772000404,12.864,1.9031141868512111,190.3114186851211,2448.166089965398
14.540819783000188,12.876,2.0761245674740487,207.61245674740485,2673.2179930795846
14.550901626000268,12.896,1.9031141868512111,190.3114186851211,2454.256055363322
14.560982692000835,12.904,1.9031141868512111,190.3114186851211,2455.778546712803
14.571064110001316,12.892,1.7301038062283738,190.3114186851211,2453.4948096885814
14.581144232000952,12.88,1.9031141868512111,190.3114186851211,2451.21107266436
14.591224279000016,12.888,1.9031141868512111,190.3114186851211,2452.733564013841
14.601304475001598,12.88,1.9031141868512111,190.3114186851211,2451.21107266436
14.611385263000557,12.884,1.9031141868512111,190.3114186851211,2451.9723183391006
14.621466366001187,12.884,1.9031141868512111,190.3114186851211,2451.9723183391006
14.631546969001647,12.88,1.9031141868512111,190.3114186851211,2451.21107266436
14.641626702001304,12.884,1.9031141868512111,173.01038062283737,2229.065743944637
14.651705935000791,12.884,1.9031141868512111,190.3114186851211,2451.9723183391006
14.661785464000786,12.884,1.9031141868512111,173.01038062283737,2229.065743944637
14.671866419001162,12.892,1.9031141868512111,190.3114186851211,2453.4948096885814
14.68194854000103,12.844,2.0761245674740487,190.3114186851211,2444.3598615916953
14.692029384001216,12.876,1.9031141868512111,190.3114186851211,2450.4498269896194
14.702109321000535,12.86,1.9031141868512111,190.3114186851211,2447.4048442906574
14.712189127001693,12.88,1.9031141868512111,207.61245674740485,2674.0484429065746
14.722271453001667,12.856,2.0761245674740487,190.3114186851211,2446.643598615917
14.732375111001602,12.88,1.9031141868512111,190.3114186851211,2451.21107266436
14.742457954000201,12.864,2.0761245674740487,190.3114186851211,2448.166089965398
14.75253883500045,12.876,1.9031141868512111,207.61245674740485,2673.2179930795846
14.762619179000467,12.864,1.9031141868512111,190.3114186851211,2448.166089965398
14.772699449000356,12.88,1.9031141868512111,190.3114186851211,2451.21107266436
14.7827825330005,12.868,2.0761245674740487,190.3114186851211,2448.9273356401386
14.792863470000157,12.88,2.0761245674740487,190.3114186851211,2451.21107266436
14.802944462000596,12.856,1.9031141868512111,190.3114186851211,2446.643598615917
14.81302573100038,12.88,1.9031141868512111,190.3114186851211,2451.21107266436
14.823105446001136,12.856,1.9031141868512111,190.3114186851211,2446.643598615917
14.833209400001579,12.88,1.9031141868512111,190.3114186851211,2451.21107266436
14.843290985001659,12.86,1.9031141868512111,190.3114186851211,2447.4048442906574
14.853372273000787,12.876,1.9031141868512111,190.3114186851211,2450.4498269896194
14.863453154001036,12.864,2.0761245674740487,190.3114186851211,2448.166089965398
14.873534646001644,12.876,1.9031141868512111,190.3114186851211,2450.4498269896194
14.88361528600035,12.864,1.9031141868512111,207.61245674740485,2670.726643598616
14.89369601800172,12.88,1.9031141868512111,190.3114186851211,2451.21107266436
14.903776807001123,12.86,1.9031141868512111,207.61245674740485,2669.8961937716263
14.913858354000695,12.884,1.9031141868512111,190.3114186851211,2451.9723183391006
14.923938642001303,12.848,1.9031141868512111,190.3114186851211,2445.1211072664364
14.934044004001407,12.884,1.9031141868512111,190.3114186851211,2451.9723183391006
14.944125848000112,12.852,1.9031141868512111,207.61245674740485,2668.2352941176473
14.95420906200161,12.884,1.9031141868512111,207.61245674740485,2674.878892733564
14.964290387000801,12.86,1.9031141868512111,190.3114186851211,2447.4048442906574
14.974370713000098,12.88,2.0761245674740487,207.61245674740485,2674.0484429065746
14.984450704001574,12.864,1.9031141868512111,207.61245674740485,2670.726643598616
14.994531363001443,12.876,2.0761245674740487,190.3114186851211,2450.4498269896194
15.004611170001226,12.864,2.0761245674740487,207.61245674740485,2670.726643598616
15.01469401400027,12.876,1.9031141868512111,207.61245674740485,2673.2179930795846
15.024774968000202,12.864,1.9031141868512111,190.3114186851211,2448.166089965398
15.034850201000154,12.88,1.9031141868512111,207.61245674740485,2674.0484429065746
15.044931712000107,12.856,1.9031141868512111,190.3114186851211,2446.643598615917
15.055013092000081,12.884,1.9031141868512111,207.61245674740485,2674.878892733564
15.06509384400124,12.856,2.0761245674740487,207.61245674740485,2669.065743944637
15.075175428000875,12.884,1.9031141868512111,207.61245674740485,2674.878892733564
15.085258457000236,12.86,2.0761245674740487,190.3114186851211,2447.4048442906574
15.095340505000422,12.88,1.9031141868512111,190.3114186851211,2451.21107266436
15.105421608001052,12.86,2.0761245674740487,207.61245674740485,2669.8961937716263
15.11550310000166,12.88,1.9031141868512111,190.3114186851211,2451.21107266436
15.125584295001318,12.856,1.9031141868512111,207.61245674740485,2669.065743944637
15.135675194000214,12.884,2.0761245674740487,190.3114186851211,2451.9723183391006
15.1457560200015,12.848,2.0761245674740487,190.3114186851211,2445.1211072664364
15.155840104000163,12.884,1.9031141868512111,190.3114186851211,2451.9723183391006
15.165921189000073,12.848,2.0761245674740487,207.61245674740485,2667.404844290658
15.176002125001105,12.884,1.9031141868512111,207.61245674740485,2674.878892733564
15.186082043001079,12.856,1.9031141868512111,207.61245674740485,2669.065743944637
15.196189256001162,12.884,1.9031141868512111,190.3114186851211,2451.9723183391006
15.206273841000439,12.86,1.9031141868512111,190.3114186851211,2447.4048442906574
15.216356611001174,12.876,1.9031141868512111,190.3114186851211,2450.4498269896194
15.22644013900026,12.864,1.9031141868512111,190.3114186851211,2448.166089965398
15.236604889001683,12.876,2.0761245674740487,207.61245674740485,2673.2179930795846
15.24668486200062,12.856,1.9031141868512111,190.3114186851211,2446.643598615917
15.2567625770007,12.884,2.0761245674740487,207.61245674740485,2674.878892733564
15.266840995000166,12.852,1.9031141868512111,190.3114186851211,2445.8823529411766
15.276917968001726,12.884,1.9031141868512111,207.61245674740485,2674.878892733564
15.286994164000134,12.856,1.9031141868512111,207.61245674740485,2669.065743944637
15.29707026700089,12.884,1.9031141868512111,207.61245674740485,2674.878892733564
15.307146648001435,12.86,1.9031141868512111,190.3114186851211,2447.4048442906574
15.317222270001366,12.884,2.0761245674740487,190.3114186851211,2451.9723183391006
15.327298206000705,12.884,1.7301038062283738,190.3114186851211,2451.9723183391006
15.337431512001785,12.904,1.9031141868512111,190.3114186851211,2455.778546712803
15.347513559001527,12.876,1.9031141868512111,190.3114186851211,2450.4498269896194
15.357594792001692,12.9,1.9031141868512111,190.3114186851211,2455.017301038062
15.367674673001602,12.872,1.9031141868512111,190.3114186851211,2449.688581314879
15.377754683000603,12.9,2.0761245674740487,190.3114186851211,2455.017301038062
15.387835064000683,12.864,1.9031141868512111,190.3114186851211,2448.166089965398
15.397915389001355,12.904,1.9031141868512111,190.3114186851211,2455.778546712803
15.407995826000842,12.868,1.9031141868512111,190.3114186851211,2448.9273356401386
15.418075114001113,12.9,1.9031141868512111,190.3114186851211,2455.017301038062
15.428152847000092,12.876,1.9031141868512111,190.3114186851211,2450.4498269896194
15.438246301000618,12.892,1.9031141868512111,190.3114186851211,2453.4948096885814
15.448323497001184,12.868,1.9031141868512111,190.3114186851211,2448.9273356401386
15.458401637000861,12.868,1.9031141868512111,207.61245674740485,2671.5570934256057
15.468478333001258,12.852,2.0761245674740487,207.61245674740485,2668.2352941176473
15.478556269001274,12.884,1.9031141868512111,207.61245674740485,2674.878892733564
15.48863276100019,12.856,1.9031141868512111,190.3114186851211,2446.643598615917
15.498709661000248,12.888,1.9031141868512111,207.61245674740485,2675.7093425605535
15.508786782000243,12.856,1.9031141868512111,190.3114186851211,2446.643598615917
15.51886307100176,12.884,2.0761245674740487,207.61245674740485,2674.878892733564
15.528938100000232,12.856,2.0761245674740487,190.3114186851211,2446.643598615917
15.53902396200101,12.88,1.9031141868512111,190.3114186851211,2451.21107266436
15.54910495400145,12.856,2.0761245674740487,190.3114186851211,2446.643598615917
15.55918633500005,12.88,1.9031141868512111,190.3114186851211,2451.21107266436
15.569267308001145,12.86,1.9031141868512111,207.61245674740485,2669.8961937716263
15.57934878100059,12.88,2.0761245674740487,190.3114186851211,2451.21107266436
15.589428477000183,12.86,2.0761245674740487,190.3114186851211,2447.4048442906574
15.599508654000601,12.884,1.9031141868512111,207.61245674740485,2674.878892733564
15.609588887000427,12.856,1.9031141868512111,190.3114186851211,2446.643598615917
15.619670138001311,12.884,2.0761245674740487,190.3114186851211,2451.9723183391006
15.629749962999995,12.852,2.0761245674740487,207.61245674740485,2668.2352941176473
15.639839622001091,12.88,1.9031141868512111,190.3114186851211,2451.21107266436
15.649920058000134,12.86,1.9031141868512111,190.3114186851211,2447.4048442906574
15.659999421000975,12.876,1.9031141868512111,190.3114186851211,2450.4498269896194
15.670080375000907,12.86,1.9031141868512111,207.61245674740485,2669.8961937716263
15.68016188600086,12.876,1.9031141868512111,190.3114186851211,2450.4498269896194
15.690243730001384,12.86,1.9031141868512111,190.3114186851211,2447.4048442906574
15.700323203000153,12.88,1.9031141868512111,190.3114186851211,2451.21107266436
15.710406380001587,12.86,1.9031141868512111,207.61245674740485,2669.8961937716263
15.720487946000503,12.888,1.9031141868512111,190.3114186851211,2452.733564013841
15.73057054900164,12.852,1.9031141868512111,207.61245674740485,2668.2352941176473
15.740650263000134,12.888,1.9031141868512111,207.61245674740485,2675.7093425605535
15.750729829000193,12.852,2.0761245674740487,207.61245674740485,2668.2352941176473
15.760810303001563,12.888,1.9031141868512111,207.61245674740485,2675.7093425605535
15.770889480001642,12.86,1.9031141868512111,190.3114186851211,2447.4048442906574
15.780966713000453,12.876,1.9031141868512111,207.61245674740485,2673.2179930795846
15.79104811200159,12.86,1.9031141868512111,207.61245674740485,2669.8961937716263
15.801129289000528,12.876,1.9031141868512111,190.3114186851211,2450.4498269896194
15.811210448000566,12.86,1.9031141868512111,190.3114186851211,2447.4048442906574
15.821291051001026,12.884,2.0761245674740487,207.61245674740485,2674.878892733564
15.831371932001275,12.856,1.9031141868512111,190.3114186851211,2446.643598615917
15.841462923001018,12.88,2.0761245674740487,190.3114186851211,2451.21107266436
15.851543878001394,12.856,2.0761245674740487,190.3114186851211,2446.643598615917
15.861624555000162,12.884,2.0761245674740487,207.61245674740485,2674.878892733564
15.871705881001617,12.86,1.9031141868512111,190.3114186851211,2447.4048442906574
15.881786558000385,12.884,1.9031141868512111,190.3114186851211,2451.9723183391006
15.891867642001671,12.864,1.9031141868512111,207.61245674740485,2670.726643598616
15.901949375000186,12.872,2.0761245674740487,190.3114186851211,2449.688581314879
15.912030330000562,12.864,2.0761245674740487,190.3114186851211,2448.166089965398
15.922111488000155,12.876,2.0761245674740487,190.3114186851211,2450.4498269896194
15.932192999000108,12.856,1.9031141868512111,190.3114186851211,2446.643598615917
15.942297805000635,12.88,2.0761245674740487,190.3114186851211,2451.21107266436
15.952379241000017,12.852,2.0761245674740487,190.3114186851211,2445.8823529411766
15.962461604000055,12.884,1.9031141868512111,190.3114186851211,2451.9723183391006
15.97254087300098,12.856,2.0761245674740487,190.3114186851211,2446.643598615917
15.982620347000193,12.884,1.9031141868512111,190.3114186851211,2451.9723183391006
15.992699802000061,12.86,1.9031141868512111,190.3114186851211,2447.4048442906574
16.00277986800029,12.872,1.9031141868512111,207.61245674740485,2672.387543252595
16.012859841001045,12.864,1.9031141868512111,190.3114186851211,2448.166089965398
16.022941351000554,12.876,1.9031141868512111,207.61245674740485,2673.2179930795846
16.033022566,12.86,1.9031141868512111,207.61245674740485,2669.8961937716263
16.043124335001266,12.872,2.0761245674740487,190.3114186851211,2449.688581314879
16.053204105000987,12.864,1.9031141868512111,190.3114186851211,2448.166089965398
16.06328505900092,12.876,2.0761245674740487,190.3114186851211,2450.4498269896194
16.073361329001273,12.86,1.9031141868512111,190.3114186851211,2447.4048442906574
16.083442673001628,12.884,1.9031141868512111,190.3114186851211,2451.9723183391006
16.093523832001665,12.864,1.9031141868512111,190.3114186851211,2448.166089965398
16.10360486100035,12.88,1.9031141868512111,207.61245674740485,2674.0484429065746
16.113686001001042,12.864,2.0761245674740487,207.61245674740485,2670.726643598616
16.12376730700089,12.872,1.9031141868512111,190.3114186851211,2449.688581314879
16.13384867000059,12.864,1.9031141868512111,190.3114186851211,2448.166089965398
16.14393862400175,12.876,1.9031141868512111,190.3114186851211,2450.4498269896194
16.154019950001384,12.86,2.0761245674740487,190.3114186851211,2447.4048442906574
16.164104201001464,12.88,1.9031141868512111,190.3114186851211,2451.21107266436
16.174188174001756,12.864,2.0761245674740487,207.61245674740485,2670.726643598616
16.184269444000165,12.884,1.9031141868512111,190.3114186851211,2451.9723183391006
16.19437912000103,12.86,1.9031141868512111,207.61245674740485,2669.8961937716263
16.204463353000392,12.88,1.9031141868512111,207.61245674740485,2674.0484429065746
16.21454971500134,12.864,1.9031141868512111,190.3114186851211,2448.166089965398
16.224631466000574,12.884,1.9031141868512111,207.61245674740485,2674.878892733564
16.234714328000337,12.868,2.0761245674740487,190.3114186851211,2448.9273356401386
16.244883226001548,12.868,1.9031141868512111,190.3114186851211,2448.9273356401386
16.254961088001437,12.868,1.9031141868512111,190.3114186851211,2448.9273356401386
16.265037710001707,12.868,1.9031141868512111,190.3114186851211,2448.9273356401386
16.275114850001046,12.872,1.9031141868512111,190.3114186851211,2449.688581314879
16.285190231001252,12.876,1.9031141868512111,207.61245674740485,2673.2179930795846
16.295268723000845,12.868,2.0761245674740487,207.61245674740485,2671.5570934256057
16.30534580800122,12.88,1.9031141868512111,190.3114186851211,2451.21107266436
16.31542278100096,12.864,2.0761245674740487,190.3114186851211,2448.166089965398
16.32550012500178,12.872,1.9031141868512111,190.3114186851211,2449.688581314879
16.33557737600131,12.868,1.9031141868512111,207.61245674740485,2671.5570934256057
16.345714163000594,12.856,1.9031141868512111,190.3114186851211,2446.643598615917
16.355795896000927,12.852,2.0761245674740487,190.3114186851211,2445.8823529411766
16.36587733200031,12.86,2.0761245674740487,190.3114186851211,2447.4048442906574
16.3759574350006,12.86,2.0761245674740487,207.61245674740485,2669.8961937716263
16.38603798300028,12.868,1.9031141868512111,190.3114186851211,2448.9273356401386
16.396119178001754,12.86,1.9031141868512111,190.3114186851211,2447.4048442906574
16.40620113300065,12.872,2.0761245674740487,190.3114186851211,2449.688581314879
16.416281422001703,12.856,2.0761245674740487,190.3114186851211,2446.643598615917
16.426364024000577,12.876,1.9031141868512111,207.61245674740485,2673.2179930795846
16.43644459100142,12.852,2.0761245674740487,207.61245674740485,2668.2352941176473
16.446541193001394,12.868,1.9031141868512111,207.61245674740485,2671.5570934256057
16.456618648000585,12.86,2.0761245674740487,190.3114186851211,2447.4048442906574
16.466695455001172,12.86,2.0761245674740487,207.61245674740485,2669.8961937716263
16.476772336000067,12.86,2.0761245674740487,207.61245674740485,2669.8961937716263
16.486849291000908,12.864,2.0761245674740487,190.3114186851211,2448.166089965398
16.496925820001707,12.86,2.0761245674740487,207.61245674740485,2669.8961937716263
16.507002553000348,12.872,1.9031141868512111,207.61245674740485,2672.387543252595
16.51707558200178,12.856,2.0761245674740487,190.3114186851211,2446.643598615917
16.52715211100076,12.904,1.9031141868512111,190.3114186851211,2455.778546712803
16.537228492001304,12.884,1.9031141868512111,190.3114186851211,2451.9723183391006
16.547315187001004,12.896,1.9031141868512111,190.3114186851211,2454.256055363322
16.557396179001444,12.868,1.7301038062283738,207.61245674740485,2671.5570934256057
16.567476375001206,12.888,1.9031141868512111,190.3114186851211,2452.733564013841
16.577557070000694,12.876,1.9031141868512111,207.61245674740485,2673.2179930795846
16.587637988001006,12.876,1.9031141868512111,207.61245674740485,2673.2179930795846
16.597718573000748,12.88,1.9031141868512111,190.3114186851211,2451.21107266436
16.60779960200125,12.876,2.0761245674740487,190.3114186851211,2450.4498269896194
16.617879575000188,12.88,1.9031141868512111,190.3114186851211,2451.21107266436
16.627960808000353,12.88,1.9031141868512111,207.61245674740485,2674.0484429065746
16.63804109600096,12.88,1.9031141868512111,190.3114186851211,2451.21107266436
16.648130551000577,12.88,1.9031141868512111,190.3114186851211,2451.21107266436
16.658210857000086,12.848,1.9031141868512111,190.3114186851211,2445.1211072664364
16.66829231200063,12.86,2.0761245674740487,207.61245674740485,2669.8961937716263
16.678374711000288,12.864,1.9031141868512111,190.3114186851211,2448.166089965398
16.688455555000473,12.872,2.0761245674740487,207.61245674740485,2672.387543252595
16.698535547000574,12.868,1.9031141868512111,207.61245674740485,2671.5570934256057
16.708615206000104,12.856,2.0761245674740487,190.3114186851211,2446.643598615917
16.718698161001157,12.868,1.9031141868512111,207.61245674740485,2671.5570934256057
16.728778671000327,12.86,2.0761245674740487,207.61245674740485,2669.8961937716263
16.738860200001,12.86,1.9031141868512111,207.61245674740485,2669.8961937716263
16.748964080001315,12.868,2.0761245674740487,207.61245674740485,2671.5570934256057
16.75904436900055,12.856,2.0761245674740487,207.61245674740485,2669.065743944637
16.76912471200012,12.872,2.0761245674740487,207.61245674740485,2672.387543252595
16.77920498200001,12.856,2.0761245674740487,190.3114186851211,2446.643598615917
16.789285030001338,12.872,1.9031141868512111,190.3114186851211,2449.688581314879
16.799366021001333,12.86,2.0761245674740487,207.61245674740485,2669.8961937716263
16.80944723600078,12.864,1.9031141868512111,207.61245674740485,2670.726643598616
16.81952745000126,12.864,1.9031141868512111,207.61245674740485,2670.726643598616
16.829608275000282,12.86,2.0761245674740487,207.61245674740485,2669.8961937716263
16.839688878000743,12.864,1.9031141868512111,190.3114186851211,2448.166089965398
16.849781036000422,12.864,2.0761245674740487,207.61245674740485,2670.726643598616
16.859861639000883,12.864,1.9031141868512111,207.61245674740485,2670.726643598616
16.869941928000117,12.864,2.0761245674740487,207.61245674740485,2670.726643598616
16.88002258600136,12.86,2.0761245674740487,190.3114186851211,2447.4048442906574
16.890102375000424,12.872,1.9031141868512111,207.61245674740485,2672.387543252595
16.900183829000525,12.86,1.9031141868512111,207.61245674740485,2669.8961937716263
16.910267636001663,12.872,1.9031141868512111,190.3114186851211,2449.688581314879
16.92034886900001,12.86,1.9031141868512111,207.61245674740485,2669.8961937716263
16.930431083001167,12.864,2.0761245674740487,190.3114186851211,2448.166089965398
16.94051201900038,12.86,2.0761245674740487,207.61245674740485,2669.8961937716263
16.95061988100133,12.864,2.0761245674740487,207.61245674740485,2670.726643598616
16.960701132000395,12.852,2.0761245674740487,207.61245674740485,2668.2352941176473
16.970781346000877,12.868,1.9031141868512111,207.61245674740485,2671.5570934256057
16.98086165300083,12.852,1.9031141868512111,207.61245674740485,2668.2352941176473
16.990941941001438,12.872,2.0761245674740487,190.3114186851211,2449.688581314879
17.001022785001624,12.852,2.0761245674740487,190.3114186851211,2445.8823529411766
17.011103795000963,12.876,2.0761245674740487,207.61245674740485,2673.2179930795846
17.021184658000493,12.856,2.0761245674740487,190.3114186851211,2446.643598615917
17.03126533500108,12.876,1.9031141868512111,207.61245674740485,2673.2179930795846
17.04134625200095,12.86,2.0761245674740487,207.61245674740485,2669.8961937716263
17.051450022001518,12.864,1.9031141868512111,190.3114186851211,2448.166089965398
17.06153168000128,12.856,2.0761245674740487,190.3114186851211,2446.643598615917
17.071612894000282,12.86,2.0761245674740487,190.3114186851211,2447.4048442906574
17.081693608000933,12.856,2.0761245674740487,190.3114186851211,2446.643598615917
17.091774841001097,12.868,2.0761245674740487,207.61245674740485,2671.5570934256057
17.101855722001346,12.856,1.9031141868512111,190.3114186851211,2446.643598615917
17.11193575100151,12.876,1.9031141868512111,190.3114186851211,2450.4498269896194
17.12201511300009,12.852,2.0761245674740487,207.61245674740485,2668.2352941176473
17.132096290000845,12.876,2.0761245674740487,207.61245674740485,2673.2179930795846
17.14217852300135,12.856,2.0761245674740487,207.61245674740485,2669.065743944637
17.152269218000583,12.868,1.9031141868512111,207.61245674740485,2671.5570934256057
17.162352377001298,12.864,1.9031141868512111,207.61245674740485,2670.726643598616
17.1724358320007,12.864,2.0761245674740487,207.61245674740485,2670.726643598616
17.182520435000697,12.852,2.0761245674740487,207.61245674740485,2668.2352941176473
17.192624870000145,12.868,1.9031141868512111,207.61245674740485,2671.5570934256057
17.20271421400139,12.852,2.0761245674740487,207.61245674740485,2668.2352941176473
17.212803798000095,12.872,2.0761245674740487,207.61245674740485,2672.387543252595
17.222885864001,12.852,2.0761245674740487,207.61245674740485,2668.2352941176473
17.23296756000127,12.88,2.0761245674740487,207.61245674740485,2674.0484429065746
17.243049014999997,12.848,2.0761245674740487,190.3114186851211,2445.1211072664364
17.253219209000235,12.872,2.0761245674740487,207.61245674740485,2672.387543252595
17.26329714500025,12.856,2.0761245674740487,207.61245674740485,2669.065743944637
17.27337437800088,12.86,1.9031141868512111,190.3114186851211,2447.4048442906574
17.28345140700003,12.856,2.0761245674740487,190.3114186851211,2446.643598615917
17.293528417001653,12.864,2.0761245674740487,207.61245674740485,2670.726643598616
17.303605465000146,12.856,2.0761245674740487,207.61245674740485,2669.065743944637
17.313682327001516,12.872,1.9031141868512111,207.61245674740485,2672.387543252595
17.323758912001722,12.852,1.9031141868512111,190.3114186851211,2445.8823529411766
17.33383718100049,12.888,1.9031141868512111,207.61245674740485,2675.7093425605535
17.343914433000464,12.852,2.0761245674740487,190.3114186851211,2445.8823529411766
17.35404805300095,12.88,1.9031141868512111,190.3114186851211,2451.21107266436
17.36413032300152,12.844,2.0761245674740487,190.3114186851211,2444.3598615916953
17.374211222000667,12.88,1.9031141868512111,190.3114186851211,2451.21107266436
17.384291362001022,12.852,2.0761245674740487,207.61245674740485,2668.2352941176473
17.394372095001017,12.872,2.0761245674740487,207.61245674740485,2672.387543252595
17.404452661001415,12.856,1.9031141868512111,190.3114186851211,2446.643598615917
17.41453252300016,12.872,2.0761245674740487,207.61245674740485,2672.387543252595
17.42461423700115,12.856,1.9031141868512111,207.61245674740485,2669.065743944637
17.434694229001252,12.876,1.9031141868512111,190.3114186851211,2450.4498269896194
17.444775462001417,12.856,2.0761245674740487,190.3114186851211,2446.643598615917
17.4548512500005,12.88,1.9031141868512111,207.61245674740485,2674.0484429065746
17.46493274200111,12.852,1.9031141868512111,207.61245674740485,2668.2352941176473
17.47501010400083,12.876,2.0761245674740487,207.61245674740485,2673.2179930795846
17.48508985600165,12.852,1.9031141868512111,207.61245674740485,2668.2352941176473
17.4951705880012,12.88,2.0761245674740487,207.61245674740485,2674.0484429065746
17.505252321001535,12.856,1.9031141868512111,207.61245674740485,2669.065743944637
17.515332646000388,12.872,2.0761245674740487,190.3114186851211,2449.688581314879
17.525420081999982,12.86,1.9031141868512111,190.3114186851211,2447.4048442906574
17.53550085200004,12.872,2.0761245674740487,207.61245674740485,2672.387543252595
17.545577344000776,12.856,1.9031141868512111,207.61245674740485,2669.065743944637
17.55566741000075,12.88,2.0761245674740487,207.61245674740485,2674.0484429065746
17.56574821600043,12.852,2.0761245674740487,207.61245674740485,2668.2352941176473
17.575828449000255,12.884,1.9031141868512111,190.3114186851211,2451.9723183391006
17.585909552000885,12.844,1.9031141868512111,207.61245674740485,2666.574394463668
17.595989711000584,12.88,2.0761245674740487,207.61245674740485,2674.0484429065746
17.60606974000075,12.852,2.0761245674740487,190.3114186851211,2445.8823529411766
17.616150750000088,12.876,2.0761245674740487,207.61245674740485,2673.2179930795846
17.62623542700021,12.856,1.9031141868512111,190.3114186851211,2446.643598615917
17.636314771001707,12.876,1.9031141868512111,207.61245674740485,2673.2179930795846
17.646394133000285,12.856,1.9031141868512111,207.61245674740485,2669.065743944637
17.656497514000876,12.876,1.9031141868512111,190.3114186851211,2450.4498269896194
17.666580339000575,12.856,1.9031141868512111,190.3114186851211,2446.643598615917
17.676661979001437,12.876,2.0761245674740487,207.61245674740485,2673.2179930795846
17.68674461900082,12.852,2.0761245674740487,207.61245674740485,2668.2352941176473
17.696824148000815,12.88,2.0761245674740487,207.61245674740485,2674.0484429065746
17.706904140000916,12.852,2.0761245674740487,190.3114186851211,2445.8823529411766
17.71698529800051,12.884,2.0761245674740487,207.61245674740485,2674.878892733564
17.727066086001287,12.852,2.0761245674740487,190.3114186851211,2445.8823529411766
17.737145634000626,12.876,2.0761245674740487,190.3114186851211,2450.4498269896194
17.747226700001193,12.86,1.9031141868512111,190.3114186851211,2447.4048442906574
17.757335710000916,12.872,1.9031141868512111,190.3114186851211,2449.688581314879
17.76741553500142,12.852,1.9031141868512111,190.3114186851211,2445.8823529411766
17.777495268001076,12.88,1.9031141868512111,207.61245674740485,2674.0484429065746
17.78757640800177,12.852,2.0761245674740487,190.3114186851211,2445.8823529411766
17.797653622001235,12.884,1.9031141868512111,190.3114186851211,2451.9723183391006
17.807734651001738,12.876,1.9031141868512111,190.3114186851211,2450.4498269896194
17.817814402000295,12.912,2.0761245674740487,190.3114186851211,2457.301038062284
17.827895209000417,12.872,1.9031141868512111,207.61245674740485,2672.387543252595
17.837976015000095,12.9,1.9031141868512111,190.3114186851211,2455.017301038062
17.84805711900117,12.876,1.9031141868512111,190.3114186851211,2450.4498269896194
17.858150388001377,12.884,1.9031141868512111,207.61245674740485,2674.878892733564
17.868227269000272,12.876,1.9031141868512111,190.3114186851211,2450.4498269896194
17.8783037050016,12.884,1.9031141868512111,190.3114186851211,2451.9723183391006
17.888378438001382,12.876,1.9031141868512111,190.3114186851211,2450.4498269896194
17.89845443000013,12.888,1.9031141868512111,190.3114186851211,2452.733564013841
17.908530940001583,12.872,1.9031141868512111,190.3114186851211,2449.688581314879
17.918609099000605,12.888,1.9031141868512111,190.3114186851211,2452.733564013841
17.92868581300172,12.876,1.9031141868512111,190.3114186851211,2450.4498269896194
17.938764083000933,12.852,1.9031141868512111,190.3114186851211,2445.8823529411766
17.948841149000145,12.856,1.9031141868512111,207.61245674740485,2669.065743944637
17.958928030000607,12.864,1.9031141868512111,190.3114186851211,2448.166089965398
17.96900978100166,12.86,1.9031141868512111,207.61245674740485,2669.8961937716263
17.979090921000534,12.868,2.0761245674740487,207.61245674740485,2671.5570934256057
17.989171913000973,12.856,2.0761245674740487,190.3114186851211,2446.643598615917
17.99925336800152,12.872,1.9031141868512111,190.3114186851211,2449.688581314879
18.009334267000668,12.856,2.0761245674740487,207.61245674740485,2669.065743944637
18.019415259001107,12.876,1.9031141868512111,190.3114186851211,2450.4498269896194
18.02949652800089,12.856,1.9031141868512111,207.61245674740485,2669.065743944637
18.03957729800095,12.88,1.9031141868512111,190.3114186851211,2451.21107266436
18.04965756800084,12.852,1.9031141868512111,190.3114186851211,2445.8823529411766
18.059746930000983,12.88,1.9031141868512111,207.61245674740485,2674.0484429065746
18.069828366000365,12.864,2.0761245674740487,190.3114186851211,2448.166089965398
18.079909284000678,12.864,2.0761245674740487,207.61245674740485,2670.726643598616
18.089989961001265,12.864,2.0761245674740487,207.61245674740485,2670.726643598616
18.10007080500145,12.864,2.0761245674740487,207.61245674740485,2670.726643598616
18.11015329700058,12.86,2.0761245674740487,207.61245674740485,2669.8961937716263
18.120234177000384,12.872,2.0761245674740487,190.3114186851211,2449.688581314879
18.130318095001712,12.86,2.0761245674740487,207.61245674740485,2669.8961937716263
18.140398957000798,12.876,1.9031141868512111,190.3114186851211,2450.4498269896194
18.150479727000857,12.856,1.9031141868512111,190.3114186851211,2446.643598615917
18.1605822190013,12.876,1.9031141868512111,190.3114186851211,2450.4498269896194
18.17066619200159,12.856,1.9031141868512111,207.61245674740485,2669.065743944637
18.18074942400017,12.88,2.0761245674740487,207.61245674740485,2674.0484429065746
18.190830546000143,12.856,2.0761245674740487,207.61245674740485,2669.065743944637
18.200918149001154,12.868,1.9031141868512111,190.3114186851211,2448.9273356401386
18.21099984400098,12.856,2.0761245674740487,190.3114186851211,2446.643598615917
18.22108181800104,12.872,1.9031141868512111,207.61245674740485,2672.387543252595
18.231168587000866,12.856,2.0761245674740487,190.3114186851211,2446.643598615917
18.241247042000396,12.876,2.0761245674740487,207.61245674740485,2673.2179930795846
18.251330071001576,12.856,1.9031141868512111,207.61245674740485,2669.065743944637
18.26150074600082,12.876,2.0761245674740487,207.61245674740485,2673.2179930795846
18.271578257001238,12.852,2.0761245674740487,207.61245674740485,2668.2352941176473
18.281654897000408,12.872,2.0761245674740487,207.61245674740485,2672.387543252595
18.291732148001756,12.86,2.0761245674740487,207.61245674740485,2669.8961937716263
18.301809436999974,12.864,1.9031141868512111,190.3114186851211,2448.166089965398
18.311886077000963,12.86,2.0761245674740487,190.3114186851211,2447.4048442906574
18.32196025400117,12.864,2.0761245674740487,207.61245674740485,2670.726643598616
18.3320336350007,12.86,2.0761245674740487,190.3114186851211,2447.4048442906574
18.342106979000164,12.872,2.0761245674740487,207.61245674740485,2672.387543252595
18.35218400800113,12.856,1.9031141868512111,207.61245674740485,2669.065743944637
18.362273370001276,12.88,1.9031141868512111,190.3114186851211,2451.21107266436
18.372350121000636,12.856,2.0761245674740487,207.61245674740485,2669.065743944637
18.38242335400173,12.88,1.9031141868512111,190.3114186851211,2451.21107266436
18.392496309001217,12.852,1.9031141868512111,207.61245674740485,2668.2352941176473
18.40256902300098,12.872,2.0761245674740487,207.61245674740485,2672.387543252595
18.41264438500002,12.856,1.9031141868512111,190.3114186851211,2446.643598615917
18.422722192000947,12.868,1.9031141868512111,207.61245674740485,2671.5570934256057
18.432795869000984,12.86,1.9031141868512111,207.61245674740485,2669.8961937716263
18.442873232001148,12.872,2.0761245674740487,190.3114186851211,2449.688581314879
18.45295079800053,12.86,1.9031141868512111,190.3114186851211,2447.4048442906574
18.463033215000905,12.876,1.9031141868512111,190.3114186851211,2450.4498269896194
18.473110652001196,12.856,1.9031141868512111,190.3114186851211,2446.643598615917
18.48318892200041,12.876,1.9031141868512111,190.3114186851211,2450.4498269896194
18.493264747001376,12.856,1.9031141868512111,207.61245674740485,2669.065743944637
18.503337702000863,12.864,2.0761245674740487,207.61245674740485,2670.726643598616
18.513414546001513,12.856,2.0761245674740487,207.61245674740485,2669.065743944637
18.523488075001296,12.868,1.9031141868512111,207.61245674740485,2671.5570934256057
18.533564715000466,12.86,1.9031141868512111,207.61245674740485,2669.8961937716263
18.54364098500082,12.872,2.0761245674740487,190.3114186851211,2449.688581314879
18.553717291000794,12.86,2.0761245674740487,190.3114186851211,2447.4048442906574
18.563798376000705,12.876,1.9031141868512111,207.61245674740485,2673.2179930795846
18.573880997000742,12.856,2.0761245674740487,207.61245674740485,2669.065743944637
18.58396154500042,12.88,1.9031141868512111,190.3114186851211,2451.21107266436
18.59404172200084,12.852,2.0761245674740487,190.3114186851211,2445.8823529411766
18.604120047000833,12.88,2.0761245674740487,207.61245674740485,2674.0484429065746
18.614196317001188,12.852,2.0761245674740487,207.61245674740485,2668.2352941176473
18.62427673500133,12.88,1.9031141868512111,190.3114186851211,2451.21107266436
18.63435917100105,12.856,1.9031141868512111,207.61245674740485,2669.065743944637
18.644436941000095,12.872,1.9031141868512111,207.61245674740485,2672.387543252595
18.654513488001612,12.856,2.0761245674740487,190.3114186851211,2446.643598615917
18.66460546200142,12.868,2.0761245674740487,207.61245674740485,2671.5570934256057
18.67468386100154,12.856,1.9031141868512111,190.3114186851211,2446.643598615917
18.68475968600069,12.872,2.0761245674740487,207.61245674740485,2672.387543252595
18.694836715001657,12.852,1.9031141868512111,207.61245674740485,2668.2352941176473
18.704910096001186,12.872,2.0761245674740487,190.3114186851211,2449.688581314879
18.7149869950008,12.856,2.0761245674740487,207.61245674740485,2669.065743944637
18.725063302001217,12.868,2.0761245674740487,207.61245674740485,2671.5570934256057
18.735140776001572,12.86,1.9031141868512111,207.61245674740485,2669.8961937716263
18.74521671200091,12.868,1.9031141868512111,190.3114186851211,2448.9273356401386
18.755293926000377,12.86,2.0761245674740487,207.61245674740485,2669.8961937716263
18.765411566000694,12.868,2.0761245674740487,207.61245674740485,2671.5570934256057
18.77549235400147,12.86,1.9031141868512111,190.3114186851211,2447.4048442906574
18.785572975000832,12.876,1.9031141868512111,190.3114186851211,2450.4498269896194
18.795653893001145,12.852,1.9031141868512111,207.61245674740485,2668.2352941176473
18.80573434800135,12.88,1.9031141868512111,207.61245674740485,2674.0484429065746
18.815811229000246,12.848,2.0761245674740487,207.61245674740485,2667.404844290658
18.825887091001277,12.88,2.0761245674740487,190.3114186851211,2451.21107266436
18.835967435001294,12.848,2.0761245674740487,207.61245674740485,2667.404844290658
18.84604757500165,12.88,2.0761245674740487,207.61245674740485,2674.0484429065746
18.85612808500082,12.852,2.0761245674740487,207.61245674740485,2668.2352941176473
18.866220799000075,12.872,1.9031141868512111,190.3114186851211,2449.688581314879
18.87629434700102,12.86,2.0761245674740487,207.61245674740485,2669.8961937716263
18.886366172000635,12.876,2.0761245674740487,207.61245674740485,2673.2179930795846
18.896442590001243,12.856,2.0761245674740487,190.3114186851211,2446.643598615917
18.906520878001174,12.876,1.9031141868512111,207.61245674740485,2673.2179930795846
18.91659383300066,12.852,2.0761245674740487,207.61245674740485,2668.2352941176473
18.926671918001375,12.88,2.0761245674740487,207.61245674740485,2674.0484429065746
18.936748058000376,12.852,2.0761245674740487,207.61245674740485,2668.2352941176473
18.946825587001513,12.872,1.9031141868512111,190.3114186851211,2449.688581314879
18.95690157900026,12.86,1.9031141868512111,190.3114186851211,2447.4048442906574
18.967022903001634,12.872,1.9031141868512111,190.3114186851211,2449.688581314879
18.977103580000403,12.856,2.0761245674740487,207.61245674740485,2669.065743944637
18.98718170200118,12.872,1.9031141868512111,207.61245674740485,2672.387543252595
18.99725925000166,12.852,2.0761245674740487,190.3114186851211,2445.8823529411766
19.007339464000324,12.876,2.0761245674740487,207.61245674740485,2673.2179930795846
19.017419678000806,12.852,2.0761245674740487,207.61245674740485,2668.2352941176473
19.027500503001647,12.88,1.9031141868512111,190.3114186851211,2451.21107266436
19.037581254000543,12.848,1.9031141868512111,207.61245674740485,2667.404844290658
19.047661357000834,12.88,2.0761245674740487,190.3114186851211,2451.21107266436
19.057741793001696,12.848,1.9031141868512111,207.61245674740485,2667.404844290658
19.06783224800165,12.88,1.9031141868512111,190.3114186851211,2451.21107266436
19.077908722001666,12.856,2.0761245674740487,190.3114186851211,2446.643598615917
19.08798502800164,12.872,2.0761245674740487,207.61245674740485,2672.387543252595
19.0980643540006,12.856,2.0761245674740487,207.61245674740485,2669.065743944637
19.108141734001038,12.868,1.9031141868512111,190.3114186851211,2448.9273356401386
19.11822028200004,12.856,1.9031141868512111,190.3114186851211,2446.643598615917
19.12829636600145,12.876,2.0761245674740487,207.61245674740485,2673.2179930795846
19.138373784000578,12.852,2.0761245674740487,207.61245674740485,2668.2352941176473
19.1484495170007,12.88,1.9031141868512111,207.61245674740485,2674.0484429065746
19.158526805000292,12.852,1.9031141868512111,190.3114186851211,2445.8823529411766
19.168613204001304,12.876,1.9031141868512111,190.3114186851211,2450.4498269896194
19.178695196000263,12.852,1.9031141868512111,207.61245674740485,2668.2352941176473
19.188778929001273,12.884,1.9031141868512111,190.3114186851211,2451.9723183391006
19.19886662400131,12.852,2.0761245674740487,207.61245674740485,2668.2352941176473
19.20894707900152,12.872,2.0761245674740487,207.61245674740485,2672.387543252595
19.21902790400054,12.852,1.9031141868512111,190.3114186851211,2445.8823529411766
19.229108711000663,12.876,1.9031141868512111,190.3114186851211,2450.4498269896194
19.239187907000087,12.852,1.9031141868512111,207.61245674740485,2668.2352941176473
19.24926469500133,12.88,1.9031141868512111,207.61245674740485,2674.0484429065746
19.25934679800048,12.848,2.0761245674740487,190.3114186851211,2445.1211072664364
19.26950893600042,12.88,2.0761245674740487,190.3114186851211,2451.21107266436
19.279586317001304,12.852,1.9031141868512111,207.61245674740485,2668.2352941176473
19.289663791001658,12.876,2.0761245674740487,207.61245674740485,2673.2179930795846
19.299740208000003,12.856,1.9031141868512111,207.61245674740485,2669.065743944637
19.309816552000484,12.868,2.0761245674740487,190.3114186851211,2448.9273356401386
19.319892729001367,12.856,2.0761245674740487,207.61245674740485,2669.065743944637
19.329968925001594,12.872,2.0761245674740487,207.61245674740485,2672.387543252595
19.3400456950003,12.856,1.9031141868512111,190.3114186851211,2446.643598615917
19.3501362420011,12.876,1.9031141868512111,190.3114186851211,2450.4498269896194
19.36021247500139,12.852,2.0761245674740487,190.3114186851211,2445.8823529411766
19.370339799001158,12.88,1.9031141868512111,190.3114186851211,2451.21107266436
19.380417495000074,12.848,1.9031141868512111,207.61245674740485,2667.404844290658
19.39049835700098,12.88,2.0761245674740487,207.61245674740485,2674.0484429065746
19.40057907100163,12.844,1.9031141868512111,207.61245674740485,2666.574394463668
19.410655470001075,12.88,1.9031141868512111,190.3114186851211,2451.21107266436
19.4207318330009,12.844,2.0761245674740487,207.61245674740485,2666.574394463668
19.430807306000133,12.876,1.9031141868512111,190.3114186851211,2450.4498269896194
19.440884483001355,12.852,2.0761245674740487,207.61245674740485,2668.2352941176473
19.450965290001477,12.872,1.9031141868512111,190.3114186851211,2449.688581314879
19.46104570800162,12.852,2.0761245674740487,190.3114186851211,2445.8823529411766
19.47113631100001,12.876,2.0761245674740487,207.61245674740485,2673.2179930795846
19.481212728000173,12.848,1.9031141868512111,190.3114186851211,2445.1211072664364
19.491290887001014,12.884,1.9031141868512111,207.61245674740485,2674.878892733564
19.501366600999972,12.848,1.9031141868512111,190.3114186851211,2445.1211072664364
19.511467222000647,12.876,2.0761245674740487,207.61245674740485,2673.2179930795846
19.52154052900005,12.852,1.9031141868512111,207.61245674740485,2668.2352941176473
19.531619762001355,12.868,2.0761245674740487,190.3114186851211,2448.9273356401386
19.541696235000927,12.856,1.9031141868512111,207.61245674740485,2669.065743944637
19.551773098000922,12.872,1.9031141868512111,207.61245674740485,2672.387543252595
19.561849867001,12.856,1.9031141868512111,207.61245674740485,2669.065743944637
19.571936230000574,12.876,2.0761245674740487,207.61245674740485,2673.2179930795846
19.582018110000718,12.852,1.9031141868512111,207.61245674740485,2668.2352941176473
19.592099713001517,12.876,2.0761245674740487,207.61245674740485,2673.2179930795846
19.602183631001026,12.848,1.9031141868512111,207.61245674740485,2667.404844290658
19.612265234000006,12.884,1.9031141868512111,190.3114186851211,2451.9723183391006
19.62234807800087,12.84,1.9031141868512111,207.61245674740485,2665.7439446366784
19.632428958000673,12.884,1.9031141868512111,207.61245674740485,2674.878892733564
19.642509672001324,12.848,1.9031141868512111,190.3114186851211,2445.1211072664364
19.652589850000368,12.876,2.0761245674740487,207.61245674740485,2673.2179930795846
19.66267384100138,12.852,2.0761245674740487,190.3114186851211,2445.8823529411766
19.672765240000444,12.876,1.9031141868512111,207.61245674740485,2673.2179930795846
19.682846862000588,12.852,1.9031141868512111,190.3114186851211,2445.8823529411766
19.69292805800069,12.88,2.0761245674740487,207.61245674740485,2674.0484429065746
19.703008142001636,12.852,2.0761245674740487,207.61245674740485,2668.2352941176473
19.71308906000013,12.876,1.9031141868512111,190.3114186851211,2450.4498269896194
19.72317071800171,12.848,1.9031141868512111,190.3114186851211,2445.1211072664364
19.73325159900014,12.88,2.0761245674740487,207.61245674740485,2674.0484429065746
19.743333332000475,12.848,1.9031141868512111,190.3114186851211,2445.1211072664364
19.753414324000914,12.884,1.9031141868512111,190.3114186851211,2451.9723183391006
19.76349446400127,12.852,1.9031141868512111,190.3114186851211,2445.8823529411766
19.773598751000463,12.876,2.0761245674740487,207.61245674740485,2673.2179930795846
19.78367968800012,12.852,2.0761245674740487,207.61245674740485,2668.2352941176473
19.793761087001258,12.876,2.0761245674740487,190.3114186851211,2450.4498269896194
19.803842468001676,12.848,2.0761245674740487,207.61245674740485,2667.404844290658
19.813919682001142,12.88,1.9031141868512111,190.3114186851211,2451.21107266436
19.82400026600044,12.844,1.9031141868512111,207.61245674740485,2666.574394463668
19.834081406001133,12.88,1.9031141868512111,207.61245674740485,2674.0484429065746
19.84416306500134,12.844,1.9031141868512111,207.61245674740485,2666.574394463668
19.85424572300144,12.884,2.0761245674740487,190.3114186851211,2451.9723183391006
19.864326549000907,12.848,2.0761245674740487,190.3114186851211,2445.1211072664364
19.874407652001537,12.884,2.0761245674740487,207.61245674740485,2674.878892733564
19.884487829000136,12.852,2.0761245674740487,207.61245674740485,2668.2352941176473
19.89457130200026,12.876,2.0761245674740487,207.61245674740485,2673.2179930795846
19.90465234900148,12.852,2.0761245674740487,207.61245674740485,2668.2352941176473
19.914734860001772,12.872,1.9031141868512111,190.3114186851211,2449.688581314879
19.92481603700071,12.852,1.9031141868512111,190.3114186851211,2445.8823529411766
19.934897621000346,12.876,2.0761245674740487,207.61245674740485,2673.2179930795846
19.944978539000658,12.848,2.0761245674740487,207.61245674740485,2667.404844290658
19.955059716001415,12.88,2.0761245674740487,190.3114186851211,2451.21107266436
19.965140837000945,12.848,1.9031141868512111,190.3114186851211,2445.1211072664364
19.975216626000474,12.884,2.0761245674740487,207.61245674740485,2674.878892733564
19.985297673001696,12.852,2.0761245674740487,207.61245674740485,2668.2352941176473
19.995377443001416,12.876,2.0761245674740487,190.3114186851211,2450.4498269896194
20.005457249000756,12.852,2.0761245674740487,190.3114186851211,2445.8823529411766
20.015538556001047,12.876,2.0761245674740487,207.61245674740485,2673.2179930795846
20.025619900001402,12.844,2.0761245674740487,207.61245674740485,2666.574394463668
20.035699818001376,12.88,1.9031141868512111,190.3114186851211,2451.21107266436
20.04578014300023,12.848,2.0761245674740487,207.61245674740485,2667.404844290658
20.055861653001557,12.884,2.0761245674740487,207.61245674740485,2674.878892733564
20.06594246000168,12.848,2.0761245674740487,190.3114186851211,2445.1211072664364
20.076032340000893,12.884,1.9031141868512111,207.61245674740485,2674.878892733564
20.086140017001526,12.844,1.9031141868512111,207.61245674740485,2666.574394463668
20.09622143500019,12.884,2.0761245674740487,207.61245674740485,2674.878892733564
20.10630418600158,12.852,2.0761245674740487,190.3114186851211,2445.8823529411766
20.116384030001427,12.876,2.0761245674740487,207.61245674740485,2673.2179930795846
20.126467650999984,12.852,2.0761245674740487,207.61245674740485,2668.2352941176473
20.136548087000847,12.868,2.0761245674740487,190.3114186851211,2448.9273356401386
20.146628246000546,12.856,2.0761245674740487,207.61245674740485,2669.065743944637
20.15670816400052,12.88,2.0761245674740487,207.61245674740485,2674.0484429065746
20.16679080400172,12.852,1.9031141868512111,207.61245674740485,2668.2352941176473
20.17689681400043,12.88,2.0761245674740487,207.61245674740485,2674.0484429065746
20.186977842000488,12.848,2.0761245674740487,207.61245674740485,2667.404844290658
20.197086760001184,12.884,2.0761245674740487,190.3114186851211,2451.9723183391006
20.207171307001772,12.848,2.0761245674740487,207.61245674740485,2667.404844290658
20.217253780001556,12.884,2.0761245674740487,207.61245674740485,2674.878892733564
20.22733701300058,12.844,2.0761245674740487,207.61245674740485,2666.574394463668
20.237419357001272,12.876,1.9031141868512111,207.61245674740485,2673.2179930795846
20.24750108900116,12.852,2.0761245674740487,207.61245674740485,2668.2352941176473
20.257582525000544,12.876,1.9031141868512111,190.3114186851211,2450.4498269896194
20.267664832001174,12.852,2.0761245674740487,190.3114186851211,2445.8823529411766
20.277828859001602,12.88,1.9031141868512111,207.61245674740485,2674.0484429065746
20.28790599900094,12.848,2.0761245674740487,190.3114186851211,2445.1211072664364
20.297983158001443,12.884,2.0761245674740487,207.61245674740485,2674.878892733564
20.308060409000973,12.848,2.0761245674740487,207.61245674740485,2667.404844290658
20.318138401000397,12.88,2.0761245674740487,190.3114186851211,2451.21107266436
20.328214912000476,12.848,2.0761245674740487,190.3114186851211,2445.1211072664364
20.33829401500043,12.876,2.0761245674740487,190.3114186851211,2450.4498269896194
20.348371025000233,12.852,1.9031141868512111,190.3114186851211,2445.8823529411766
20.358449573001053,12.872,2.0761245674740487,190.3114186851211,2449.688581314879
20.36852673100111,12.852,1.9031141868512111,207.61245674740485,2668.2352941176473
20.378611816000557,12.88,1.9031141868512111,190.3114186851211,2451.21107266436
20.38869227000032,12.852,1.9031141868512111,190.3114186851211,2445.8823529411766
20.398773596001774,12.884,1.9031141868512111,190.3114186851211,2451.9723183391006
20.408853328000987,12.848,2.0761245674740487,207.61245674740485,2667.404844290658
20.41893396800151,12.888,1.9031141868512111,190.3114186851211,2452.733564013841
20.429014423001718,12.84,2.0761245674740487,190.3114186851211,2443.598615916955
20.439095433001057,12.884,2.0761245674740487,207.61245674740485,2674.878892733564
20.4491770730001,12.844,2.0761245674740487,207.61245674740485,2666.574394463668
20.45925702800014,12.884,2.0761245674740487,207.61245674740485,2674.878892733564
20.46933842800172,12.848,1.9031141868512111,190.3114186851211,2445.1211072664364
20.479429678000088,12.876,1.9031141868512111,190.3114186851211,2450.4498269896194
20.48951168900021,12.852,2.0761245674740487,207.61245674740485,2668.2352941176473
20.499592995000057,12.88,2.0761245674740487,190.3114186851211,2451.21107266436
20.509674098000687,12.852,1.9031141868512111,190.3114186851211,2445.8823529411766
20.519754535000175,12.88,1.9031141868512111,207.61245674740485,2674.0484429065746
20.529836527000953,12.844,1.9031141868512111,207.61245674740485,2666.574394463668
20.53991805500118,12.88,1.9031141868512111,190.3114186851211,2451.21107266436
20.549995029001366,12.844,1.9031141868512111,207.61245674740485,2666.574394463668
20.560076595000282,12.884,2.0761245674740487,207.61245674740485,2674.878892733564
20.570159846000024,12.852,2.0761245674740487,207.61245674740485,2668.2352941176473
20.58026504100053,12.876,2.0761245674740487,190.3114186851211,2450.4498269896194
20.590348422001625,12.852,2.0761245674740487,207.61245674740485,2668.2352941176473
20.6004293950009,12.872,2.0761245674740487,207.61245674740485,2672.387543252595
20.610512739000114,12.852,1.9031141868512111,207.61245674740485,2668.2352941176473
20.62059337900064,12.88,1.9031141868512111,190.3114186851211,2451.21107266436
20.63067674100057,12.848,1.9031141868512111,190.3114186851211,2445.1211072664364
20.640756899001644,12.884,2.0761245674740487,190.3114186851211,2451.9723183391006
20.650837113000307,12.84,1.9031141868512111,190.3114186851211,2443.598615916955
20.660918161000154,12.884,2.0761245674740487,207.61245674740485,2674.878892733564
20.67099974500161,12.844,2.0761245674740487,190.3114186851211,2444.3598615916953
20.681104718001734,12.884,1.9031141868512111,190.3114186851211,2451.9723183391006
20.69118628400065,12.88,1.9031141868512111,190.3114186851211,2451.21107266436
20.701266535001196,12.904,1.9031141868512111,207.61245674740485,2679.0311418685123
20.71134778600026,12.872,2.0761245674740487,190.3114186851211,2449.688581314879
20.721428852000827,12.892,1.9031141868512111,190.3114186851211,2453.4948096885814
20.731509678000293,12.872,1.9031141868512111,207.61245674740485,2672.387543252595
20.741590132000056,12.888,1.9031141868512111,190.3114186851211,2452.733564013841
20.751670495001235,12.868,1.9031141868512111,190.3114186851211,2448.9273356401386
20.761750172001484,12.896,1.9031141868512111,190.3114186851211,2454.256055363322
20.77183092300038,12.868,1.9031141868512111,190.3114186851211,2448.9273356401386
20.78193495100095,12.896,1.9031141868512111,190.3114186851211,2454.256055363322
20.792016239000077,12.872,1.9031141868512111,190.3114186851211,2449.688581314879
20.80209776800075,12.896,1.9031141868512111,190.3114186851211,2454.256055363322
20.81217887100138,12.856,1.9031141868512111,190.3114186851211,2446.643598615917
20.822259400001712,12.86,2.0761245674740487,190.3114186851211,2447.4048442906574
20.832340614000714,12.848,2.0761245674740487,207.61245674740485,2667.404844290658
20.842423050000434,12.876,1.9031141868512111,190.3114186851211,2450.4498269896194
20.8525042830006,12.852,2.0761245674740487,207.61245674740485,2668.2352941176473
20.862586534000002,12.88,1.9031141868512111,190.3114186851211,2451.21107266436
20.8726720070008,12.848,2.0761245674740487,190.3114186851211,2445.1211072664364
20.882752962001177,12.884,2.0761245674740487,190.3114186851211,2451.9723183391006
20.89283399100168,12.848,1.9031141868512111,207.61245674740485,2667.404844290658
20.90291548300047,12.884,2.0761245674740487,207.61245674740485,2674.878892733564
20.9129964190015,12.852,1.9031141868512111,190.3114186851211,2445.8823529411766
20.923077133000334,12.876,2.0761245674740487,190.3114186851211,2450.4498269896194
20.933157347000815,12.856,2.0761245674740487,190.3114186851211,2446.643598615917
20.943238228001064,12.868,2.0761245674740487,207.61245674740485,2671.5570934256057
20.953319850001208,12.856,1.9031141868512111,190.3114186851211,2446.643598615917
20.96339715600152,12.876,1.9031141868512111,190.3114186851211,2450.4498269896194
20.973477093000838,12.856,2.0761245674740487,207.61245674740485,2669.065743944637
20.98355254800117,12.88,2.0761245674740487,190.3114186851211,2451.21107266436
20.993633984000553,12.848,2.0761245674740487,190.3114186851211,2445.1211072664364
21.003715124001246,12.88,1.9031141868512111,207.61245674740485,2674.0484429065746
21.01379472700137,12.852,1.9031141868512111,190.3114186851211,2445.8823529411766
21.023875274000602,12.884,1.9031141868512111,190.3114186851211,2451.9723183391006
21.033956488001422,12.852,1.9031141868512111,207.61245674740485,2668.2352941176473
21.044037499001206,12.876,1.9031141868512111,190.3114186851211,2450.4498269896194
21.054143027000464,12.852,2.0761245674740487,207.61245674740485,2668.2352941176473
21.064219260000755,12.876,1.9031141868512111,207.61245674740485,2673.2179930795846
21.074299363001046,12.852,2.0761245674740487,190.3114186851211,2445.8823529411766
21.084389373001613,12.88,1.9031141868512111,207.61245674740485,2674.0484429065746
21.094472142000086,12.852,2.0761245674740487,190.3114186851211,2445.8823529411766
21.104553208000652,12.884,2.0761245674740487,190.3114186851211,2451.9723183391006
21.114635441001155,12.848,1.9031141868512111,207.61245674740485,2667.404844290658
21.12471578500117,12.88,1.9031141868512111,190.3114186851211,2451.21107266436
21.13479823900161,12.852,2.0761245674740487,190.3114186851211,2445.8823529411766
21.144879139001205,12.876,2.0761245674740487,190.3114186851211,2450.4498269896194
21.154959871000756,12.856,2.0761245674740487,190.3114186851211,2446.643598615917
21.165040474001216,12.872,1.9031141868512111,207.61245674740485,2672.387543252595
21.17512122500011,12.856,2.0761245674740487,207.61245674740485,2669.065743944637
21.185222291000173,12.872,1.9031141868512111,190.3114186851211,2449.688581314879
21.195328967000023,12.856,2.0761245674740487,207.61245674740485,2669.065743944637
21.20541834800133,12.88,1.9031141868512111,190.3114186851211,2451.21107266436
21.21550178400139,12.852,2.0761245674740487,207.61245674740485,2668.2352941176473
21.22558348000166,12.884,2.0761245674740487,190.3114186851211,2451.9723183391006
21.235665027001232,12.844,2.0761245674740487,207.61245674740485,2666.574394463668
21.24574620400017,12.884,2.0761245674740487,190.3114186851211,2451.9723183391006
21.25582740000027,12.844,2.0761245674740487,207.61245674740485,2666.574394463668
21.265908669000055,12.884,2.0761245674740487,207.61245674740485,2674.878892733564
21.275989939000283,12.852,2.0761245674740487,207.61245674740485,2668.2352941176473
21.28620170600152,12.876,2.0761245674740487,207.61245674740485,2673.2179930795846
21.296278791000077,12.852,1.9031141868512111,207.61245674740485,2668.2352941176473
21.306356727000093,12.88,1.9031141868512111,190.3114186851211,2451.21107266436
21.316432756000722,12.852,2.0761245674740487,207.61245674740485,2668.2352941176473
21.326508600001034,12.884,1.9031141868512111,190.3114186851211,2451.9723183391006
21.33659231400088,12.848,2.0761245674740487,207.61245674740485,2667.404844290658
21.346671806000813,12.88,2.0761245674740487,207.61245674740485,2674.0484429065746
21.356747353000173,12.848,2.0761245674740487,207.61245674740485,2667.404844290658
21.366824512000676,12.872,2.0761245674740487,207.61245674740485,2672.387543252595
21.376908485000968,12.856,1.9031141868512111,207.61245674740485,2669.065743944637
21.386994106000202,12.876,2.0761245674740487,190.3114186851211,2450.4498269896194
21.397077283001636,12.856,1.9031141868512111,190.3114186851211,2446.643598615917
21.40715577500123,12.872,2.0761245674740487,207.61245674740485,2672.387543252595
21.41723230400021,12.852,2.0761245674740487,190.3114186851211,2445.8823529411766
21.42731564800124,12.88,2.0761245674740487,207.61245674740485,2674.0484429065746
21.43739199200172,12.852,2.0761245674740487,207.61245674740485,2668.2352941176473
21.447469206001188,12.884,1.9031141868512111,207.61245674740485,2674.878892733564
21.45754605000002,12.844,2.0761245674740487,207.61245674740485,2666.574394463668
21.4676226340016,12.884,2.0761245674740487,190.3114186851211,2451.9723183391006
21.47769551500096,12.848,2.0761245674740487,190.3114186851211,2445.1211072664364
21.487774507000722,12.88,1.9031141868512111,190.3114186851211,2451.21107266436
21.49785733200042,12.848,2.0761245674740487,190.3114186851211,2445.1211072664364
21.50793834200158,12.876,2.0761245674740487,190.3114186851211,2450.4498269896194
21.51801579700077,12.852,2.0761245674740487,207.61245674740485,2668.2352941176473
21.528097419000915,12.876,1.9031141868512111,190.3114186851211,2450.4498269896194
21.538180059000297,12.856,2.0761245674740487,207.61245674740485,2669.065743944637
21.548258013001032,12.876,2.0761245674740487,190.3114186851211,2450.4498269896194
21.5583388390005,12.852,2.0761245674740487,207.61245674740485,2668.2352941176473
21.568419034001636,12.88,2.0761245674740487,190.3114186851211,2451.21107266436
21.578500193001673,12.848,2.0761245674740487,190.3114186851211,2445.1211072664364
21.588582555001267,12.88,1.9031141868512111,207.61245674740485,2674.0484429065746
21.598660102001304,12.848,2.0761245674740487,207.61245674740485,2667.404844290658
21.608741891001046,12.884,1.9031141868512111,207.61245674740485,2674.878892733564
21.618822790000195,12.852,2.0761245674740487,207.61245674740485,2668.2352941176473
21.628900967001755,12.876,2.0761245674740487,190.3114186851211,2450.4498269896194
21.638978922001115,12.848,2.0761245674740487,207.61245674740485,2667.404844290658
21.6490559140002,12.88,1.9031141868512111,207.61245674740485,2674.0484429065746
21.65913277600157,12.844,2.0761245674740487,207.61245674740485,2666.574394463668
21.669213712000783,12.88,2.0761245674740487,190.3114186851211,2451.21107266436
21.67929581500175,12.844,2.0761245674740487,190.3114186851211,2444.3598615916953
21.689382140000816,12.884,2.0761245674740487,207.61245674740485,2674.878892733564
21.69945892800024,12.848,2.0761245674740487,207.61245674740485,2667.404844290658
21.709534513000108,12.88,2.0761245674740487,190.3114186851211,2451.21107266436
21.719611431000885,12.852,1.9031141868512111,190.3114186851211,2445.8823529411766
21.72968781200143,12.876,1.9031141868512111,207.61245674740485,2673.2179930795846
21.739771415001087,12.852,1.9031141868512111,207.61245674740485,2668.2352941176473
21.749849369000003,12.876,2.0761245674740487,207.61245674740485,2673.2179930795846
21.75992893500006,12.852,2.0761245674740487,190.3114186851211,2445.8823529411766
21.770008909001263,12.876,1.9031141868512111,190.3114186851211,2450.4498269896194
21.780085289999988,12.848,2.0761245674740487,190.3114186851211,2445.1211072664364
21.790187688000515,12.88,1.9031141868512111,207.61245674740485,2674.0484429065746
21.800264477000383,12.848,2.0761245674740487,207.61245674740485,2667.404844290658
21.810342394001054,12.884,1.9031141868512111,190.3114186851211,2451.9723183391006
21.820418942001197,12.852,2.0761245674740487,207.61245674740485,2668.2352941176473
21.830491619000895,12.876,1.9031141868512111,207.61245674740485,2673.2179930795846
21.840569630001482,12.852,1.9031141868512111,207.61245674740485,2668.2352941176473
21.850647918001414,12.876,1.9031141868512111,207.61245674740485,2673.2179930795846
21.86072492800122,12.844,1.9031141868512111,207.61245674740485,2666.574394463668
21.870802457000536,12.88,1.9031141868512111,190.3114186851211,2451.21107266436
21.880878542000573,12.844,2.0761245674740487,190.3114186851211,2444.3598615916953
21.890965941000104,12.884,2.0761245674740487,207.61245674740485,2674.878892733564
21.90104750700084,12.844,2.0761245674740487,190.3114186851211,2444.3598615916953
21.911128091000137,12.884,1.9031141868512111,207.61245674740485,2674.878892733564
21.921208990001105,12.848,1.9031141868512111,207.61245674740485,2667.404844290658
21.931290167000043,12.884,2.0761245674740487,190.3114186851211,2451.9723183391006
21.941379252000843,12.848,2.0761245674740487,190.3114186851211,2445.1211072664364
21.95145972500177,12.872,1.9031141868512111,207.61245674740485,2672.387543252595
21.961541680000664,12.852,1.9031141868512111,190.3114186851211,2445.8823529411766
21.97162256000047,12.868,2.0761245674740487,207.61245674740485,2671.5570934256057
21.98170355200091,12.852,2.0761245674740487,190.3114186851211,2445.8823529411766
21.991790137000862,12.876,2.0761245674740487,207.61245674740485,2673.2179930795846
22.00186801700147,12.848,1.9031141868512111,207.61245674740485,2667.404844290658
22.011944787000175,12.88,2.0761245674740487,207.61245674740485,2674.0484429065746
22.02202172300167,12.848,1.9031141868512111,207.61245674740485,2667.404844290658
22.03209830800006,12.884,1.9031141868512111,190.3114186851211,2451.9723183391006
22.042176615001154,12.852,2.0761245674740487,190.3114186851211,2445.8823529411766
22.052258847001212,12.876,1.9031141868512111,207.61245674740485,2673.2179930795846
22.062337302000742,12.848,1.9031141868512111,207.61245674740485,2667.404844290658
22.072413312000208,12.876,1.9031141868512111,207.61245674740485,2673.2179930795846
22.082490730001155,12.848,2.0761245674740487,190.3114186851211,2445.1211072664364
22.09257388900005,12.88,1.9031141868512111,190.3114186851211,2451.21107266436
22.102656029001082,12.852,2.0761245674740487,207.61245674740485,2668.2352941176473
22.112736039000083,12.884,1.9031141868512111,207.61245674740485,2674.878892733564
22.122817697001665,12.844,1.9031141868512111,207.61245674740485,2666.574394463668
22.132898004001618,12.884,2.0761245674740487,190.3114186851211,2451.9723183391006
22.14297860700026,12.848,1.9031141868512111,207.61245674740485,2667.404844290658
22.153058895000868,12.88,2.0761245674740487,207.61245674740485,2674.0484429065746
22.1631394240012,12.848,2.0761245674740487,190.3114186851211,2445.1211072664364
22.1732199900016,12.872,2.0761245674740487,190.3114186851211,2449.688581314879
22.18329987100151,12.852,2.0761245674740487,190.3114186851211,2445.8823529411766
22.19341515800079,12.876,1.9031141868512111,190.3114186851211,2450.4498269896194
22.20349657600127,12.852,1.9031141868512111,207.61245674740485,2668.2352941176473
22.213576883001224,12.88,1.9031141868512111,190.3114186851211,2451.21107266436
22.223653763001494,12.848,1.9031141868512111,190.3114186851211,2445.1211072664364
22.23373064400039,12.884,2.0761245674740487,207.61245674740485,2674.878892733564
22.243808599001568,12.848,2.0761245674740487,207.61245674740485,2667.404844290658
22.253884535000907,12.888,2.0761245674740487,207.61245674740485,2675.7093425605535
22.263961027001642,12.844,2.0761245674740487,207.61245674740485,2666.574394463668
22.274037408000368,12.88,2.0761245674740487,207.61245674740485,2674.0484429065746
22.28411458500159,12.848,2.0761245674740487,190.3114186851211,2445.1211072664364
22.29420561400002,12.88,1.9031141868512111,207.61245674740485,2674.0484429065746
22.304283365001538,12.852,1.9031141868512111,207.61245674740485,2668.2352941176473
22.314361190001364,12.88,2.0761245674740487,207.61245674740485,2674.0484429065746
22.32443738600159,12.848,1.9031141868512111,207.61245674740485,2667.404844290658
22.33452071100146,12.884,2.0761245674740487,207.61245674740485,2674.878892733564
22.344598129000588,12.844,2.0761245674740487,190.3114186851211,2444.3598615916953
22.35467602800054,12.88,1.9031141868512111,190.3114186851211,2451.21107266436
22.364752113000577,12.848,2.0761245674740487,207.61245674740485,2667.404844290658
22.374835567001355,12.876,2.0761245674740487,190.3114186851211,2450.4498269896194
22.38491163300023,12.852,2.0761245674740487,190.3114186851211,2445.8823529411766
22.395057476000147,12.876,2.0761245674740487,190.3114186851211,2450.4498269896194
22.405147708001095,12.852,2.0761245674740487,190.3114186851211,2445.8823529411766
22.41522975600128,12.876,1.9031141868512111,190.3114186851211,2450.4498269896194
22.425317395000093,12.852,2.0761245674740487,190.3114186851211,2445.8823529411766
22.435397813000236,12.88,1.9031141868512111,190.3114186851211,2451.21107266436
22.44547893500021,12.852,1.9031141868512111,207.61245674740485,2668.2352941176473
22.455559630001517,12.884,2.0761245674740487,190.3114186851211,2451.9723183391006
22.465640826001618,12.844,1.9031141868512111,207.61245674740485,2666.574394463668
22.475722003000556,12.884,2.0761245674740487,207.61245674740485,2674.878892733564
22.485802198001693,12.84,2.0761245674740487,207.61245674740485,2665.7439446366784
22.495894449000843,12.884,2.0761245674740487,190.3114186851211,2451.9723183391006
22.505976885000564,12.848,1.9031141868512111,207.61245674740485,2667.404844290658
22.51605104400005,12.876,1.9031141868512111,207.61245674740485,2673.2179930795846
22.526133536000998,12.852,2.0761245674740487,190.3114186851211,2445.8823529411766
22.53620878700167,12.88,2.0761245674740487,190.3114186851211,2451.21107266436
22.546281705001093,12.852,2.0761245674740487,207.61245674740485,2668.2352941176473
22.55635873400024,12.884,1.9031141868512111,207.61245674740485,2674.878892733564
22.56643718900159,12.848,1.9031141868512111,190.3114186851211,2445.1211072664364
22.57651394000095,12.88,2.0761245674740487,207.61245674740485,2674.0484429065746
22.586587617000987,12.844,1.9031141868512111,207.61245674740485,2666.574394463668
22.596669702001236,12.88,2.0761245674740487,190.3114186851211,2451.21107266436
22.60674761900009,12.848,2.0761245674740487,190.3114186851211,2445.1211072664364
22.616828352000084,12.884,1.9031141868512111,207.61245674740485,2674.878892733564
22.626905492001242,12.852,2.0761245674740487,190.3114186851211,2445.8823529411766
22.63698192800075,12.876,1.9031141868512111,207.61245674740485,2673.2179930795846
22.647060050001528,12.856,1.9031141868512111,190.3114186851211,2446.643598615917
22.657136357000127,12.88,1.9031141868512111,207.61245674740485,2674.0484429065746
22.667217552001603,12.848,1.9031141868512111,207.61245674740485,2667.404844290658
22.677300303001175,12.884,2.0761245674740487,190.3114186851211,2451.9723183391006
22.68738116500026,12.84,2.0761245674740487,207.61245674740485,2665.7439446366784
22.697472027000913,12.884,1.9031141868512111,207.61245674740485,2674.878892733564
22.70754933400167,12.844,1.9031141868512111,207.61245674740485,2666.574394463668
22.717625548000797,12.88,2.0761245674740487,190.3114186851211,2451.21107266436
22.727702059000876,12.848,2.0761245674740487,207.61245674740485,2667.404844290658
22.737778199001696,12.876,2.0761245674740487,207.61245674740485,2673.2179930795846
22.747854802000802,12.88,1.7301038062283738,207.61245674740485,2674.0484429065746
22.75793173800048,12.904,1.9031141868512111,190.3114186851211,2455.778546712803
22.768007674001637,12.876,1.9031141868512111,190.3114186851211,2450.4498269896194
22.77808377800102,12.892,1.9031141868512111,190.3114186851211,2453.4948096885814
22.78815975100042,12.864,1.9031141868512111,190.3114186851211,2448.166089965398
22.798245632000544,12.896,1.9031141868512111,190.3114186851211,2454.256055363322
22.808326420001322,12.864,1.9031141868512111,190.3114186851211,2448.166089965398
22.818408986000577,12.896,1.9031141868512111,190.3114186851211,2454.256055363322
22.828489348001312,12.868,1.9031141868512111,190.3114186851211,2448.9273356401386
22.838571914000568,12.896,2.0761245674740487,190.3114186851211,2454.256055363322
22.848652405000394,12.868,1.9031141868512111,190.3114186851211,2448.9273356401386
22.85873439700117,12.888,1.9031141868512111,190.3114186851211,2452.733564013841
22.8688545920013,12.868,1.9031141868512111,190.3114186851211,2448.9273356401386
22.87893188000089,12.86,2.0761245674740487,207.61245674740485,2669.8961937716263
22.88899450200006,12.84,2.0761245674740487,190.3114186851211,2443.598615916955
22.899083290001727,12.876,2.0761245674740487,207.61245674740485,2673.2179930795846
22.90915641200081,12.848,1.9031141868512111,207.61245674740485,2667.404844290658
22.919234755001526,12.884,1.9031141868512111,190.3114186851211,2451.9723183391006
22.92931132100057,12.848,2.0761245674740487,207.61245674740485,2667.404844290658
22.939389017001304,12.876,1.9031141868512111,207.61245674740485,2673.2179930795846
22.94946500900005,12.852,1.9031141868512111,207.61245674740485,2668.2352941176473
22.959540964000553,12.876,1.9031141868512111,207.61245674740485,2673.2179930795846
22.969614733001436,12.852,1.9031141868512111,207.61245674740485,2668.2352941176473
22.979692466000415,12.872,2.0761245674740487,207.61245674740485,2672.387543252595
22.989765643000283,12.856,2.0761245674740487,207.61245674740485,2669.065743944637
22.99985046800066,12.876,2.0761245674740487,207.61245674740485,2673.2179930795846
23.0099314600011,12.852,2.0761245674740487,207.61245674740485,2668.2352941176473
23.020011211001474,12.88,2.0761245674740487,190.3114186851211,2451.21107266436
23.030092018001596,12.852,2.0761245674740487,190.3114186851211,2445.8823529411766
23.040173028000936,12.884,1.9031141868512111,190.3114186851211,2451.9723183391006
23.05025527900034,12.848,1.9031141868512111,207.61245674740485,2667.404844290658
23.060335623000356,12.884,1.9031141868512111,207.61245674740485,2674.878892733564
23.070411819000583,12.848,2.0761245674740487,207.61245674740485,2667.404844290658
23.08048908800083,12.876,1.9031141868512111,207.61245674740485,2673.2179930795846
23.090570710000975,12.848,2.0761245674740487,190.3114186851211,2445.1211072664364
23.100660275000337,12.876,2.0761245674740487,190.3114186851211,2450.4498269896194
23.11073876700175,12.848,2.0761245674740487,190.3114186851211,2445.1211072664364
23.120814092000728,12.884,1.9031141868512111,207.61245674740485,2674.878892733564
23.13088678800159,12.848,1.9031141868512111,207.61245674740485,2667.404844290658
23.14096392800093,12.884,2.0761245674740487,190.3114186851211,2451.9723183391006
23.15104230900033,12.848,2.0761245674740487,207.61245674740485,2667.404844290658
23.161118782001722,12.876,2.0761245674740487,190.3114186851211,2450.4498269896194
23.171197958999983,12.852,1.9031141868512111,190.3114186851211,2445.8823529411766
23.181274285001564,12.872,2.0761245674740487,190.3114186851211,2449.688581314879
23.191352202000417,12.852,1.9031141868512111,207.61245674740485,2668.2352941176473
23.20150743400154,12.868,2.0761245674740487,190.3114186851211,2448.9273356401386
23.211588907000987,12.852,1.9031141868512111,190.3114186851211,2445.8823529411766
23.221669602000475,12.876,1.9031141868512111,207.61245674740485,2673.2179930795846
23.231751594001253,12.852,1.9031141868512111,190.3114186851211,2445.8823529411766
23.24183288200038,12.88,2.0761245674740487,190.3114186851211,2451.21107266436
23.251914800001032,12.848,2.0761245674740487,190.3114186851211,2445.1211072664364
23.26199538400033,12.884,1.9031141868512111,190.3114186851211,2451.9723183391006
23.27207609800098,12.844,2.0761245674740487,207.61245674740485,2666.574394463668
23.282161998000447,12.884,1.9031141868512111,207.61245674740485,2674.878892733564
23.29223906400148,12.844,2.0761245674740487,207.61245674740485,2666.574394463668
23.302391091001482,12.884,1.9031141868512111,190.3114186851211,2451.9723183391006
23.312469898000927,12.852,2.0761245674740487,190.3114186851211,2445.8823529411766
23.32254872300109,12.876,2.0761245674740487,207.61245674740485,2673.2179930795846
23.33262536300026,12.852,1.9031141868512111,207.61245674740485,2668.2352941176473
23.342703540000002,12.88,1.9031141868512111,190.3114186851211,2451.21107266436
23.35278018000099,12.848,1.9031141868512111,207.61245674740485,2667.404844290658
23.362857135000013,12.884,1.9031141868512111,190.3114186851211,2451.9723183391006
23.372933145001298,12.848,2.0761245674740487,190.3114186851211,2445.1211072664364
23.38300937800159,12.88,1.9031141868512111,190.3114186851211,2451.21107266436
23.3930852400008,12.852,2.0761245674740487,190.3114186851211,2445.8823529411766
23.40317649100143,12.872,2.0761245674740487,190.3114186851211,2449.688581314879
23.41325789000075,12.852,2.0761245674740487,207.61245674740485,2668.2352941176473
23.423338567001338,12.876,2.0761245674740487,190.3114186851211,2450.4498269896194
23.43341461500131,12.852,1.9031141868512111,190.3114186851211,2445.8823529411766
23.443496440000672,12.876,1.9031141868512111,207.61245674740485,2673.2179930795846
23.453577858001154,12.852,2.0761245674740487,207.61245674740485,2668.2352941176473
23.463658794000366,12.88,2.0761245674740487,190.3114186851211,2451.21107266436
23.47373993400106,12.852,2.0761245674740487,207.61245674740485,2668.2352941176473
23.48382033300004,12.884,2.0761245674740487,190.3114186851211,2451.9723183391006
23.49390084300103,12.84,2.0761245674740487,190.3114186851211,2443.598615916955
23.503991631001554,12.884,1.9031141868512111,190.3114186851211,2451.9723183391006
23.51406812300047,12.848,1.9031141868512111,207.61245674740485,2667.404844290658
23.52414181900167,12.88,2.0761245674740487,207.61245674740485,2674.0484429065746
23.534221366000565,12.852,1.9031141868512111,207.61245674740485,2668.2352941176473
23.544298192000497,12.88,1.9031141868512111,190.3114186851211,2451.21107266436
23.554376054000386,12.852,1.9031141868512111,190.3114186851211,2445.8823529411766
23.564452601000085,12.88,1.9031141868512111,207.61245674740485,2674.0484429065746
23.574530575000608,12.848,1.9031141868512111,207.61245674740485,2667.404844290658
23.584605752001153,12.88,1.9031141868512111,207.61245674740485,2674.0484429065746
23.59468168800049,12.848,1.9031141868512111,207.61245674740485,2667.404844290658
23.604803735001042,12.876,2.0761245674740487,207.61245674740485,2673.2179930795846
23.614883949001523,12.848,1.9031141868512111,207.61245674740485,2667.404844290658
23.62496420000025,12.884,1.9031141868512111,207.61245674740485,2674.878892733564
23.635045229000752,12.848,1.9031141868512111,190.3114186851211,2445.1211072664364
23.64512642400041,12.88,1.9031141868512111,207.61245674740485,2674.0484429065746
23.655206157000066,12.852,2.0761245674740487,190.3114186851211,2445.8823529411766
23.665285908000442,12.876,1.9031141868512111,190.3114186851211,2450.4498269896194
23.675367048001135,12.852,1.9031141868512111,207.61245674740485,2668.2352941176473
23.685444521001045,12.88,1.9031141868512111,190.3114186851211,2451.21107266436
23.695525217000977,12.844,1.9031141868512111,207.61245674740485,2666.574394463668
23.70561509700019,12.884,2.0761245674740487,190.3114186851211,2451.9723183391006
23.715696348001075,12.84,2.0761245674740487,190.3114186851211,2443.598615916955
23.725777229001324,12.888,1.9031141868512111,207.61245674740485,2675.7093425605535
23.73585831300079,12.844,1.9031141868512111,207.61245674740485,2666.574394463668
23.745939046000785,12.884,2.0761245674740487,190.3114186851211,2451.9723183391006
23.756019556001775,12.848,1.9031141868512111,190.3114186851211,2445.1211072664364
23.76610030700067,12.88,2.0761245674740487,190.3114186851211,2451.21107266436
23.77618179900128,12.852,1.9031141868512111,207.61245674740485,2668.2352941176473
23.786264846999984,12.876,2.0761245674740487,207.61245674740485,2673.2179930795846
23.796346468001502,12.852,1.9031141868512111,207.61245674740485,2668.2352941176473
23.806451700000252,12.876,2.0761245674740487,207.61245674740485,2673.2179930795846
23.816533229000925,12.848,1.9031141868512111,207.61245674740485,2667.404844290658
23.826615591000518,12.884,1.9031141868512111,207.61245674740485,2674.878892733564
23.836696231001042,12.844,2.0761245674740487,190.3114186851211,2444.3598615916953
23.846770853000635,12.884,2.0761245674740487,190.3114186851211,2451.9723183391006
23.8568523440008,12.848,2.0761245674740487,207.61245674740485,2667.404844290658
23.8669325030005,12.884,1.9031141868512111,207.61245674740485,2674.878892733564
23.877012865001234,12.852,2.0761245674740487,207.61245674740485,2668.2352941176473
23.887092524000764,12.88,2.0761245674740487,207.61245674740485,2674.0484429065746
23.89717340400057,12.844,2.0761245674740487,190.3114186851211,2444.3598615916953
23.90726384000118,12.88,1.9031141868512111,207.61245674740485,2674.0484429065746
23.917345110001406,12.848,2.0761245674740487,190.3114186851211,2445.1211072664364
23.927426120000746,12.904,1.9031141868512111,190.3114186851211,2455.778546712803
23.93750752000051,12.872,1.7301038062283738,190.3114186851211,2449.688581314879
23.947589011000673,12.908,1.9031141868512111,190.3114186851211,2456.539792387543
23.95767007700124,12.864,1.9031141868512111,190.3114186851211,2448.166089965398
23.967750328001785,12.896,1.9031141868512111,190.3114186851211,2454.256055363322
23.977829690000362,12.868,1.9031141868512111,190.3114186851211,2448.9273356401386
23.987910090001606,12.892,1.9031141868512111,190.3114186851211,2453.4948096885814
23.99799145200086,12.868,1.9031141868512111,190.3114186851211,2448.9273356401386
24.00809425800071,12.884,1.9031141868512111,190.3114186851211,2451.9723183391006
24.018177157000537,12.872,1.9031141868512111,190.3114186851211,2449.688581314879
24.028258149000976,12.888,1.9031141868512111,190.3114186851211,2452.733564013841
24.038338770000337,12.868,1.9031141868512111,207.61245674740485,2671.5570934256057
24.048419725000713,12.896,1.9031141868512111,190.3114186851211,2454.256055363322
24.058502254001723,12.836,2.0761245674740487,190.3114186851211,2442.8373702422145
24.068579413000407,12.868,2.0761245674740487,190.3114186851211,2448.9273356401386
24.078659719001735,12.844,2.0761245674740487,207.61245674740485,2666.574394463668
24.088740488999974,12.88,1.9031141868512111,207.61245674740485,2674.0484429065746
24.09882155500054,12.848,2.0761245674740487,207.61245674740485,2667.404844290658
24.10891138000079,12.872,2.0761245674740487,190.3114186851211,2449.688581314879
24.11899239000013,12.852,2.0761245674740487,207.61245674740485,2668.2352941176473
24.12907310400078,12.876,1.9031141868512111,190.3114186851211,2450.4498269896194
24.13915422500031,12.852,2.0761245674740487,190.3114186851211,2445.8823529411766
24.149235347000285,12.88,1.9031141868512111,190.3114186851211,2451.21107266436
24.159316228000534,12.848,1.9031141868512111,207.61245674740485,2667.404844290658
24.169396905001122,12.884,1.9031141868512111,207.61245674740485,2674.878892733564
24.179477970001244,12.848,2.0761245674740487,207.61245674740485,2667.404844290658
24.1895589070009,12.88,1.9031141868512111,207.61245674740485,2674.0484429065746
24.19964476900168,12.852,1.9031141868512111,207.61245674740485,2668.2352941176473
24.209727131001273,12.876,2.0761245674740487,207.61245674740485,2673.2179930795846
24.21980556700146,12.852,2.0761245674740487,190.3114186851211,2445.8823529411766
24.229889226000523,12.868,1.9031141868512111,190.3114186851211,2448.9273356401386
24.23997162500018,12.852,2.0761245674740487,190.3114186851211,2445.8823529411766
24.250054505000662,12.876,1.9031141868512111,190.3114186851211,2450.4498269896194
24.26013677500123,12.852,1.9031141868512111,190.3114186851211,2445.8823529411766
24.270215082000504,12.88,2.0761245674740487,190.3114186851211,2451.21107266436
24.280297129000246,12.848,2.0761245674740487,207.61245674740485,2667.404844290658
24.29037693600003,12.884,1.9031141868512111,207.61245674740485,2674.878892733564
24.30045424200034,12.844,1.9031141868512111,207.61245674740485,2666.574394463668
24.31062223200024,12.88,2.0761245674740487,207.61245674740485,2674.0484429065746
24.320701206001104,12.844,1.9031141868512111,190.3114186851211,2444.3598615916953
24.330780087000676,12.876,2.0761245674740487,190.3114186851211,2450.4498269896194
24.340856800999973,12.852,1.9031141868512111,190.3114186851211,2445.8823529411766
24.350934793001215,12.872,1.9031141868512111,207.61245674740485,2672.387543252595
24.36101159900136,12.852,1.9031141868512111,207.61245674740485,2668.2352941176473
24.37108835000072,12.88,2.0761245674740487,190.3114186851211,2451.21107266436
24.381164750000607,12.848,2.0761245674740487,190.3114186851211,2445.1211072664364
24.391240482000285,12.88,1.9031141868512111,190.3114186851211,2451.21107266436
24.401316289000533,12.848,1.9031141868512111,190.3114186851211,2445.1211072664364
24.411462002000917,12.876,2.0761245674740487,207.61245674740485,2673.2179930795846
24.421542253001462,12.844,2.0761245674740487,207.61245674740485,2666.574394463668
24.431623171001775,12.88,2.0761245674740487,190.3114186851211,2451.21107266436
24.44170281100014,12.852,2.0761245674740487,190.3114186851211,2445.8823529411766
24.451780136001616,12.876,2.0761245674740487,190.3114186851211,2450.4498269896194
24.46186101600142,12.852,2.0761245674740487,207.61245674740485,2668.2352941176473
24.471941749001417,12.876,1.9031141868512111,207.61245674740485,2673.2179930795846
24.482022519001475,12.852,1.9031141868512111,190.3114186851211,2445.8823529411766
24.492103473001407,12.88,2.0761245674740487,207.61245674740485,2674.0484429065746
24.502186261001043,12.848,1.9031141868512111,207.61245674740485,2667.404844290658
24.512277068000913,12.88,1.9031141868512111,190.3114186851211,2451.21107266436
24.522355949000485,12.84,2.0761245674740487,207.61245674740485,2665.7439446366784
24.532432885000162,12.884,1.9031141868512111,190.3114186851211,2451.9723183391006
24.542510784000115,12.848,2.0761245674740487,190.3114186851211,2445.1211072664364
24.55258699800106,12.876,2.0761245674740487,190.3114186851211,2450.4498269896194
24.562665101000675,12.852,2.0761245674740487,207.61245674740485,2668.2352941176473
24.57274109300124,12.876,2.0761245674740487,207.61245674740485,2673.2179930795846
24.582817992000855,12.852,1.9031141868512111,207.61245674740485,2668.2352941176473
24.592893466000532,12.88,1.9031141868512111,207.61245674740485,2674.0484429065746
24.602970976000506,12.852,1.9031141868512111,190.3114186851211,2445.8823529411766
24.613092708001204,12.876,2.0761245674740487,207.61245674740485,2673.2179930795846
24.62317697800063,12.848,1.9031141868512111,207.61245674740485,2667.404844290658
24.63325791400166,12.88,2.0761245674740487,190.3114186851211,2451.21107266436
24.64333536900085,12.848,1.9031141868512111,190.3114186851211,2445.1211072664364
24.65341578600055,12.88,1.9031141868512111,207.61245674740485,2674.0484429065746
24.663495815000715,12.852,1.9031141868512111,207.61245674740485,2668.2352941176473
24.673575918001006,12.884,1.9031141868512111,207.61245674740485,2674.878892733564
24.6836556140006,12.852,1.9031141868512111,190.3114186851211,2445.8823529411766
24.693736383000214,12.876,1.9031141868512111,207.61245674740485,2673.2179930795846
24.7038172270004,12.848,2.0761245674740487,207.61245674740485,2667.404844290658
24.71390668100139,12.876,2.0761245674740487,207.61245674740485,2673.2179930795846
24.72398765500111,12.844,2.0761245674740487,190.3114186851211,2444.3598615916953
24.73406838700066,12.88,2.0761245674740487,190.3114186851211,2451.21107266436
24.744148972000403,12.844,1.9031141868512111,207.61245674740485,2666.574394463668
24.754231778000758,12.884,2.0761245674740487,190.3114186851211,2451.9723183391006
24.764312289000372,12.844,1.9031141868512111,207.61245674740485,2666.574394463668
24.774394762000156,12.884,2.0761245674740487,190.3114186851211,2451.9723183391006
24.78447530900121,12.848,2.0761245674740487,207.61245674740485,2667.404844290658
24.79455750500165,12.88,1.9031141868512111,207.61245674740485,2674.0484429065746
24.804637885001284,12.852,2.0761245674740487,190.3114186851211,2445.8823529411766
24.814742692000436,12.872,1.9031141868512111,207.61245674740485,2672.387543252595
24.82482373900166,12.852,1.9031141868512111,207.61245674740485,2668.2352941176473
24.83490515700032,12.876,1.9031141868512111,190.3114186851211,2450.4498269896194
24.844986408001205,12.852,1.9031141868512111,190.3114186851211,2445.8823529411766
24.85506706600063,12.88,2.0761245674740487,190.3114186851211,2451.21107266436
24.8651475580009,12.844,2.0761245674740487,190.3114186851211,2444.3598615916953
24.875228105000133,12.884,2.0761245674740487,207.61245674740485,2674.878892733564
24.885308838000128,12.848,2.0761245674740487,190.3114186851211,2445.1211072664364
24.895389719000377,12.884,1.9031141868512111,190.3114186851211,2451.9723183391006
24.905470729001536,12.848,1.9031141868512111,190.3114186851211,2445.1211072664364
24.91557683100109,12.876,2.0761245674740487,207.61245674740485,2673.2179930795846
24.925657953001064,12.848,1.9031141868512111,190.3114186851211,2445.1211072664364
24.93573892600034,12.876,1.9031141868512111,207.61245674740485,2673.2179930795846
24.945820455001012,12.848,1.9031141868512111,207.61245674740485,2667.404844290658
24.955901095001536,12.88,2.0761245674740487,190.3114186851211,2451.21107266436
24.9659813090002,12.848,2.0761245674740487,207.61245674740485,2667.404844290658
24.976060449000215,12.884,1.9031141868512111,207.61245674740485,2674.878892733564
24.986141718,12.844,2.0761245674740487,190.3114186851211,2444.3598615916953
24.996222655001475,12.884,2.0761245674740487,190.3114186851211,2451.9723183391006
25.00630594300128,12.848,1.9031141868512111,207.61245674740485,2667.404844290658
25.016410027001257,12.876,2.0761245674740487,190.3114186851211,2450.4498269896194
25.02649279600155,12.852,1.9031141868512111,190.3114186851211,2445.8823529411766
25.036573584000507,12.868,2.0761245674740487,190.3114186851211,2448.9273356401386
25.046655965001264,12.852,2.0761245674740487,190.3114186851211,2445.8823529411766
25.056736568001725,12.876,1.9031141868512111,190.3114186851211,2450.4498269896194
25.066817356000684,12.852,1.9031141868512111,190.3114186851211,2445.8823529411766
25.076898292001715,12.88,2.0761245674740487,207.61245674740485,2674.0484429065746
25.086978080000335,12.844,1.9031141868512111,207.61245674740485,2666.574394463668
25.09705855300126,12.884,1.9031141868512111,190.3114186851211,2451.9723183391006
25.107139008001468,12.844,1.9031141868512111,207.61245674740485,2666.574394463668
25.117229111001507,12.884,2.0761245674740487,190.3114186851211,2451.9723183391006
25.127308899000127,12.844,2.0761245674740487,207.61245674740485,2666.574394463668
25.137388353999995,12.88,1.9031141868512111,190.3114186851211,2451.21107266436
25.147469383000498,12.852,1.9031141868512111,207.61245674740485,2668.2352941176473
25.157550745001572,12.876,2.0761245674740487,207.61245674740485,2673.2179930795846
25.167632570000933,12.848,2.0761245674740487,207.61245674740485,2667.404844290658
25.177713469000082,12.88,2.0761245674740487,207.61245674740485,2674.0484429065746
25.18779373899997,12.852,2.0761245674740487,207.61245674740485,2668.2352941176473
25.197884378001618,12.884,2.0761245674740487,207.61245674740485,2674.878892733564
25.207965611001782,12.844,1.9031141868512111,207.61245674740485,2666.574394463668
25.21808136100117,12.88,1.9031141868512111,207.61245674740485,2674.0484429065746
25.228159112000867,12.844,1.9031141868512111,207.61245674740485,2666.574394463668
25.238240197000778,12.88,1.9031141868512111,207.61245674740485,2674.0484429065746
25.24831678100054,12.852,1.9031141868512111,190.3114186851211,2445.8823529411766
25.258394199001486,12.876,2.0761245674740487,190.3114186851211,2450.4498269896194
25.268471172001227,12.852,2.0761245674740487,207.61245674740485,2668.2352941176473
25.27855484900101,12.876,1.9031141868512111,190.3114186851211,2450.4498269896194
25.288632212001176,12.852,1.9031141868512111,207.61245674740485,2668.2352941176473
25.29871066600026,12.88,2.0761245674740487,190.3114186851211,2451.21107266436
25.30878817700068,12.848,2.0761245674740487,207.61245674740485,2667.404844290658
25.318865817000187,12.88,2.0761245674740487,207.61245674740485,2674.0484429065746
25.328943364000224,12.84,1.9031141868512111,190.3114186851211,2443.598615916955
25.339020930001425,12.88,1.9031141868512111,190.3114186851211,2451.21107266436
25.34909875500125,12.844,2.0761245674740487,190.3114186851211,2444.3598615916953
25.35917600600078,12.88,1.9031141868512111,207.61245674740485,2674.0484429065746
25.36925549800071,12.852,2.0761245674740487,207.61245674740485,2668.2352941176473
25.379328898001404,12.88,1.9031141868512111,190.3114186851211,2451.21107266436
25.389403334000235,12.852,2.0761245674740487,207.61245674740485,2668.2352941176473
25.399479807001626,12.88,2.0761245674740487,207.61245674740485,2674.0484429065746
25.409556040000098,12.844,2.0761245674740487,207.61245674740485,2666.574394463668
25.41964456900132,12.88,2.0761245674740487,207.61245674740485,2674.0484429065746
25.429718820001654,12.844,1.9031141868512111,190.3114186851211,2444.3598615916953
25.439792441000463,12.876,2.0761245674740487,207.61245674740485,2673.2179930795846
25.44986528500158,12.848,2.0761245674740487,207.61245674740485,2667.404844290658
25.4599412030002,12.876,2.0761245674740487,207.61245674740485,2673.2179930795846
25.470017399000426,12.852,1.9031141868512111,190.3114186851211,2445.8823529411766
25.480093853000653,12.876,2.0761245674740487,190.3114186851211,2450.4498269896194
25.490172678000818,12.852,2.0761245674740487,190.3114186851211,2445.8823529411766
25.50024891100111,12.88,1.9031141868512111,207.61245674740485,2674.0484429065746
25.51032149600178,12.848,2.0761245674740487,207.61245674740485,2667.404844290658
25.520458412000153,12.884,1.9031141868512111,207.61245674740485,2674.878892733564
25.530541552001523,12.84,1.9031141868512111,207.61245674740485,2665.7439446366784
25.5406221180001,12.884,1.9031141868512111,207.61245674740485,2674.878892733564
25.55070444300145,12.84,2.0761245674740487,207.61245674740485,2665.7439446366784
25.560784805000367,12.884,2.0761245674740487,190.3114186851211,2451.9723183391006
25.570861594000235,12.844,1.9031141868512111,207.61245674740485,2666.574394463668
25.58094217800135,12.884,1.9031141868512111,190.3114186851211,2451.9723183391006
25.591022503000204,12.852,1.9031141868512111,207.61245674740485,2668.2352941176473
25.60110295800041,12.88,2.0761245674740487,207.61245674740485,2674.0484429065746
25.61118406100104,12.852,2.0761245674740487,207.61245674740485,2668.2352941176473
25.621272738000698,12.876,2.0761245674740487,207.61245674740485,2673.2179930795846
25.63134934000118,12.848,1.9031141868512111,190.3114186851211,2445.1211072664364
25.641425314001026,12.876,2.0761245674740487,190.3114186851211,2450.4498269896194
25.651498954001,12.844,1.9031141868512111,207.61245674740485,2666.574394463668
25.661572020000676,12.88,2.0761245674740487,207.61245674740485,2674.0484429065746
25.671644716001538,12.852,1.9031141868512111,190.3114186851211,2445.8823529411766
25.681720948001384,12.876,2.0761245674740487,207.61245674740485,2673.2179930795846
25.691797514000427,12.856,2.0761245674740487,190.3114186851211,2446.643598615917
25.701873839001564,12.876,1.9031141868512111,207.61245674740485,2673.2179930795846
25.71195001600063,12.856,1.9031141868512111,207.61245674740485,2669.065743944637
25.722034008000264,12.88,1.9031141868512111,207.61245674740485,2674.0484429065746
25.732111241000894,12.848,2.0761245674740487,190.3114186851211,2445.1211072664364
25.742194288000974,12.88,1.9031141868512111,190.3114186851211,2451.21107266436
25.752275058001032,12.84,1.9031141868512111,207.61245674740485,2665.7439446366784
25.762359753000055,12.884,1.9031141868512111,190.3114186851211,2451.9723183391006
25.77244009700007,12.844,2.0761245674740487,207.61245674740485,2666.574394463668
25.7825228110014,12.884,2.0761245674740487,190.3114186851211,2451.9723183391006
25.79260293200059,12.848,2.0761245674740487,207.61245674740485,2667.404844290658
25.802685331000248,12.884,1.9031141868512111,207.61245674740485,2674.878892733564
25.812766008000835,12.856,1.9031141868512111,190.3114186851211,2446.643598615917
25.822841722001613,12.876,2.0761245674740487,207.61245674740485,2673.2179930795846
25.832918788000825,12.856,2.0761245674740487,207.61245674740485,2669.065743944637
25.842996928000503,12.876,2.0761245674740487,190.3114186851211,2450.4498269896194
25.853073439000582,12.848,2.0761245674740487,207.61245674740485,2667.404844290658
25.86314817100174,12.88,2.0761245674740487,207.61245674740485,2674.0484429065746
25.87322540400055,12.848,1.9031141868512111,207.61245674740485,2667.404844290658
25.883303618000355,12.88,2.0761245674740487,190.3114186851211,2451.21107266436
25.89337970300039,12.852,2.0761245674740487,190.3114186851211,2445.8823529411766
25.903456676000133,12.88,1.9031141868512111,190.3114186851211,2451.21107266436
25.91353290799998,12.856,2.0761245674740487,190.3114186851211,2446.643598615917
25.92361754800004,12.876,1.9031141868512111,190.3114186851211,2450.4498269896194
25.93369876200086,12.852,1.9031141868512111,207.61245674740485,2668.2352941176473
25.943779402001383,12.876,1.9031141868512111,190.3114186851211,2450.4498269896194
25.953859672001272,12.852,2.0761245674740487,207.61245674740485,2668.2352941176473
25.96393964500021,12.88,1.9031141868512111,207.61245674740485,2674.0484429065746
25.974020322000797,12.844,2.0761245674740487,190.3114186851211,2444.3598615916953
25.984101332000137,12.884,1.9031141868512111,190.3114186851211,2451.9723183391006
25.994143880001502,12.844,1.9031141868512111,190.3114186851211,2444.3598615916953
26.00422470600097,12.884,2.0761245674740487,207.61245674740485,2674.878892733564
26.014307494000604,12.852,2.0761245674740487,207.61245674740485,2668.2352941176473
26.024396337001235,12.88,2.0761245674740487,207.61245674740485,2674.0484429065746
26.034474236001188,12.856,2.0761245674740487,207.61245674740485,2669.065743944637
26.044547413001055,12.872,1.9031141868512111,190.3114186851211,2449.688581314879
26.054623609001283,12.852,2.0761245674740487,207.61245674740485,2668.2352941176473
26.064697156001785,12.88,2.0761245674740487,207.61245674740485,2674.0484429065746
26.074769852000827,12.848,1.9031141868512111,190.3114186851211,2445.1211072664364
26.08484247400156,12.88,1.9031141868512111,190.3114186851211,2451.21107266436
26.094920521001768,12.848,2.0761245674740487,190.3114186851211,2445.1211072664364
26.104997050000748,12.88,1.9031141868512111,190.3114186851211,2451.21107266436
26.11507543100015,12.852,2.0761245674740487,207.61245674740485,2668.2352941176473
26.1251589780004,12.88,2.0761245674740487,207.61245674740485,2674.0484429065746
26.13524234000033,12.852,1.9031141868512111,207.61245674740485,2668.2352941176473
26.145323202001236,12.876,1.9031141868512111,190.3114186851211,2450.4498269896194
26.155403583001316,12.848,2.0761245674740487,207.61245674740485,2667.404844290658
26.165483167000275,12.88,2.0761245674740487,207.61245674740485,2674.0484429065746
26.17556362200048,12.856,2.0761245674740487,207.61245674740485,2669.065743944637
26.185644151000815,12.88,1.9031141868512111,190.3114186851211,2451.21107266436
26.195735142000558,12.856,2.0761245674740487,207.61245674740485,2669.065743944637
26.205818023001484,12.884,1.9031141868512111,190.3114186851211,2451.9723183391006
26.215896181000062,12.848,1.9031141868512111,207.61245674740485,2667.404844290658
26.226058061000003,12.88,2.0761245674740487,190.3114186851211,2451.21107266436
26.236132090001774,12.852,2.0761245674740487,207.61245674740485,2668.2352941176473
26.246206804000394,12.876,2.0761245674740487,207.61245674740485,2673.2179930795846
26.256282240001383,12.856,1.9031141868512111,190.3114186851211,2446.643598615917
26.266355325000404,12.872,2.0761245674740487,190.3114186851211,2449.688581314879
26.276428613000462,12.856,2.0761245674740487,207.61245674740485,2669.065743944637
26.28650273400126,12.876,2.0761245674740487,207.61245674740485,2673.2179930795846
26.29657683700134,12.848,2.0761245674740487,207.61245674740485,2667.404844290658
26.30665020000015,12.884,1.9031141868512111,190.3114186851211,2451.9723183391006
26.316726988001392,12.848,1.9031141868512111,207.61245674740485,2667.404844290658
26.326800757000456,12.884,2.0761245674740487,190.3114186851211,2451.9723183391006
26.336873916001423,12.852,1.9031141868512111,207.61245674740485,2668.2352941176473
26.34695255600127,12.88,1.9031141868512111,207.61245674740485,2674.0484429065746
26.35702840000158,12.848,2.0761245674740487,207.61245674740485,2667.404844290658
26.367102151001745,12.876,1.9031141868512111,190.3114186851211,2450.4498269896194
26.377176939000492,12.856,2.0761245674740487,190.3114186851211,2446.643598615917
26.387250172001586,12.88,1.9031141868512111,207.61245674740485,2674.0484429065746
26.39732734900099,12.848,2.0761245674740487,207.61245674740485,2667.404844290658
26.407404730000053,12.88,2.0761245674740487,190.3114186851211,2451.21107266436
26.4174807950003,12.848,2.0761245674740487,207.61245674740485,2667.404844290658
26.4275556950015,12.88,2.0761245674740487,207.61245674740485,2674.0484429065746
26.43763263100118,12.848,1.9031141868512111,207.61245674740485,2667.404844290658
26.44770867800071,12.876,2.0761245674740487,190.3114186851211,2450.4498269896194
26.457789411000704,12.852,1.9031141868512111,207.61245674740485,2668.2352941176473
26.46786988400163,12.872,2.0761245674740487,207.61245674740485,2672.387543252595
26.477950450000208,12.856,2.0761245674740487,190.3114186851211,2446.643598615917
26.48803075700016,12.872,1.9031141868512111,190.3114186851211,2449.688581314879
26.49811115600096,12.856,1.9031141868512111,190.3114186851211,2446.643598615917
26.508192111001335,12.876,2.0761245674740487,207.61245674740485,2673.2179930795846
26.518275362001077,12.856,2.0761245674740487,207.61245674740485,2669.065743944637
26.52836733500044,12.88,2.0761245674740487,207.61245674740485,2674.0484429065746
26.538444993000667,12.848,1.9031141868512111,207.61245674740485,2667.404844290658
26.54852105900136,12.88,2.0761245674740487,190.3114186851211,2451.21107266436
26.55859890300053,12.848,2.0761245674740487,207.61245674740485,2667.404844290658
26.568675506001455,12.876,1.9031141868512111,190.3114186851211,2450.4498269896194
26.578753516001598,12.852,2.0761245674740487,190.3114186851211,2445.8823529411766
26.588829915001043,12.876,1.9031141868512111,207.61245674740485,2673.2179930795846
26.59890153700144,12.856,2.0761245674740487,190.3114186851211,2446.643598615917
26.60897810300048,12.876,2.0761245674740487,190.3114186851211,2450.4498269896194
26.619055817000117,12.848,2.0761245674740487,207.61245674740485,2667.404844290658
26.62913940100043,12.88,1.9031141868512111,190.3114186851211,2451.21107266436
26.63922183700015,12.848,1.9031141868512111,190.3114186851211,2445.1211072664364
26.649298274000103,12.876,1.9031141868512111,190.3114186851211,2450.4498269896194
26.659379321001325,12.848,1.9031141868512111,207.61245674740485,2667.404844290658
26.66946005400132,12.876,1.9031141868512111,207.61245674740485,2673.2179930795846
26.679539916000067,12.852,2.0761245674740487,207.61245674740485,2668.2352941176473
26.689620759001627,12.876,1.9031141868512111,207.61245674740485,2673.2179930795846
26.6997020480012,12.856,2.0761245674740487,207.61245674740485,2669.065743944637
26.709783354001047,12.872,1.9031141868512111,207.61245674740485,2672.387543252595
26.71986417900007,12.856,2.0761245674740487,190.3114186851211,2446.643598615917
26.729953634001504,12.876,2.0761245674740487,190.3114186851211,2450.4498269896194
26.74002962600025,12.848,1.9031141868512111,207.61245674740485,2667.404844290658
26.7501056730016,12.88,2.0761245674740487,207.61245674740485,2674.0484429065746
26.76017899800172,12.844,2.0761245674740487,190.3114186851211,2444.3598615916953
26.770256657000573,12.88,1.9031141868512111,190.3114186851211,2451.21107266436
26.780332445001477,12.852,2.0761245674740487,207.61245674740485,2668.2352941176473
26.790409992001514,12.876,2.0761245674740487,207.61245674740485,2673.2179930795846
26.800486040001488,12.856,2.0761245674740487,207.61245674740485,2669.065743944637
26.810563643000933,12.872,1.9031141868512111,207.61245674740485,2672.387543252595
26.82064017200173,12.856,2.0761245674740487,190.3114186851211,2446.643598615917
26.830725293000796,12.876,2.0761245674740487,207.61245674740485,2673.2179930795846
26.840805766001722,12.86,1.9031141868512111,207.61245674740485,2669.8961937716263
26.850887369000702,12.872,2.0761245674740487,207.61245674740485,2672.387543252595
26.860968176000824,12.848,2.0761245674740487,190.3114186851211,2445.1211072664364
26.87104876000012,12.872,2.0761245674740487,190.3114186851211,2449.688581314879
26.881125715000962,12.848,2.0761245674740487,190.3114186851211,2445.1211072664364
26.89120437300153,12.876,2.0761245674740487,190.3114186851211,2450.4498269896194
26.901281254000423,12.852,2.0761245674740487,190.3114186851211,2445.8823529411766
26.911361542001032,12.872,1.9031141868512111,190.3114186851211,2449.688581314879
26.921441775000858,12.856,2.0761245674740487,207.61245674740485,2669.065743944637
26.931532081000114,12.888,1.9031141868512111,190.3114186851211,2452.733564013841
26.941609258001336,12.884,1.9031141868512111,190.3114186851211,2451.9723183391006
26.951685380001436,12.9,1.9031141868512111,190.3114186851211,2455.017301038062
26.96176168600141,12.86,1.9031141868512111,207.61245674740485,2669.8961937716263
26.971838345001743,12.896,2.0761245674740487,190.3114186851211,2454.256055363322
26.98191496600157,12.856,1.9031141868512111,190.3114186851211,2446.643598615917
26.991989254000146,12.896,1.7301038062283738,190.3114186851211,2454.256055363322
27.002061932000288,12.864,1.9031141868512111,173.01038062283737,2225.6055363321802
27.01213872000153,12.892,1.9031141868512111,190.3114186851211,2453.4948096885814
27.02221708200159,12.868,1.9031141868512111,190.3114186851211,2448.9273356401386
27.032303944000887,12.892,1.9031141868512111,190.3114186851211,2453.4948096885814
27.04238062100012,12.872,1.9031141868512111,190.3114186851211,2449.688581314879
27.05246185300166,12.892,1.9031141868512111,190.3114186851211,2453.4948096885814
27.062544216001697,12.84,2.0761245674740487,190.3114186851211,2443.598615916955
27.072621170000275,12.864,2.0761245674740487,190.3114186851211,2448.166089965398
27.08270129200173,12.84,2.0761245674740487,207.61245674740485,2665.7439446366784
27.09278239500054,12.88,1.9031141868512111,207.61245674740485,2674.0484429065746
27.10286401600024,12.848,2.0761245674740487,207.61245674740485,2667.404844290658
27.11294643400106,12.884,1.9031141868512111,207.61245674740485,2674.878892733564
27.123027814001034,12.852,2.0761245674740487,207.61245674740485,2668.2352941176473
27.133118749999994,12.876,2.0761245674740487,190.3114186851211,2450.4498269896194
27.14319555700058,12.856,2.0761245674740487,190.3114186851211,2446.643598615917
27.153271734001464,12.88,1.9031141868512111,207.61245674740485,2674.0484429065746
27.16334967000148,12.848,2.0761245674740487,207.61245674740485,2667.404844290658
27.173425607001263,12.884,1.9031141868512111,190.3114186851211,2451.9723183391006
27.18350233900128,12.84,2.0761245674740487,207.61245674740485,2665.7439446366784
27.193590183000197,12.884,1.9031141868512111,207.61245674740485,2674.878892733564
27.203668989001017,12.844,2.0761245674740487,190.3114186851211,2444.3598615916953
27.21374851800101,12.884,2.0761245674740487,190.3114186851211,2451.9723183391006
27.22382191700126,12.852,1.9031141868512111,190.3114186851211,2445.8823529411766
27.233972482001263,12.88,1.9031141868512111,190.3114186851211,2451.21107266436
27.244053492000603,12.852,2.0761245674740487,207.61245674740485,2668.2352941176473
27.254138965001403,12.88,2.0761245674740487,207.61245674740485,2674.0484429065746
27.264218013000573,12.856,2.0761245674740487,190.3114186851211,2446.643598615917
27.27429665300042,12.868,2.0761245674740487,190.3114186851211,2448.9273356401386
27.284375756000372,12.856,1.9031141868512111,190.3114186851211,2446.643598615917
27.294453099000748,12.876,2.0761245674740487,207.61245674740485,2673.2179930795846
27.304530424000404,12.848,1.9031141868512111,190.3114186851211,2445.1211072664364
27.314607453001372,12.884,1.9031141868512111,190.3114186851211,2451.9723183391006
27.324689149001642,12.848,2.0761245674740487,207.61245674740485,2667.404844290658
27.33483686100044,12.88,2.0761245674740487,207.61245674740485,2674.0484429065746
27.344913835000625,12.852,1.9031141868512111,190.3114186851211,2445.8823529411766
27.354990382000324,12.88,1.9031141868512111,190.3114186851211,2451.21107266436
27.36506796700087,12.852,2.0761245674740487,207.61245674740485,2668.2352941176473
27.37514514400027,12.876,2.0761245674740487,207.61245674740485,2673.2179930795846
27.385223302000668,12.848,1.9031141868512111,207.61245674740485,2667.404844290658
27.395303553001213,12.88,2.0761245674740487,190.3114186851211,2451.21107266436
27.405377638000573,12.844,2.0761245674740487,190.3114186851211,2444.3598615916953
27.415454611000314,12.88,2.0761245674740487,190.3114186851211,2451.21107266436
27.42552889900071,12.848,1.9031141868512111,207.61245674740485,2667.404844290658
27.435614613001235,12.88,1.9031141868512111,190.3114186851211,2451.21107266436
27.445687309000277,12.848,2.0761245674740487,190.3114186851211,2445.1211072664364
27.455763523001224,12.88,2.0761245674740487,207.61245674740485,2674.0484429065746
27.465840070000922,12.856,2.0761245674740487,207.61245674740485,2669.065743944637
27.47591739500058,12.872,2.0761245674740487,207.61245674740485,2672.387543252595
27.485992443000214,12.856,2.0761245674740487,190.3114186851211,2446.643598615917
27.496067583000695,12.876,2.0761245674740487,190.3114186851211,2450.4498269896194
27.50614540800052,12.848,2.0761245674740487,207.61245674740485,2667.404844290658
27.516221233001488,12.88,2.0761245674740487,207.61245674740485,2674.0484429065746
27.52629857700049,12.848,2.0761245674740487,190.3114186851211,2445.1211072664364
27.536432049000723,12.88,1.9031141868512111,207.61245674740485,2674.0484429065746
27.546514911000486,12.848,2.0761245674740487,207.61245674740485,2667.404844290658
27.556595607000418,12.88,2.0761245674740487,190.3114186851211,2451.21107266436
27.5666780800002,12.844,2.0761245674740487,207.61245674740485,2666.574394463668
27.576758683000662,12.88,1.9031141868512111,207.61245674740485,2674.0484429065746
27.58683971100072,12.848,1.9031141868512111,190.3114186851211,2445.1211072664364
27.59692118500061,12.876,1.9031141868512111,207.61245674740485,2673.2179930795846
27.606997899001726,12.856,1.9031141868512111,190.3114186851211,2446.643598615917
27.617074724001213,12.876,1.9031141868512111,190.3114186851211,2450.4498269896194
27.62715238200144,12.852,1.9031141868512111,190.3114186851211,2445.8823529411766
27.637237670000104,12.88,2.0761245674740487,207.61245674740485,2674.0484429065746
27.647312977000183,12.848,2.0761245674740487,207.61245674740485,2667.404844290658
27.65738813600001,12.88,1.9031141868512111,190.3114186851211,2451.21107266436
27.667462109000553,12.852,1.9031141868512111,207.61245674740485,2668.2352941176473
27.677539971000442,12.876,2.0761245674740487,207.61245674740485,2673.2179930795846
27.68761600000107,12.852,2.0761245674740487,207.61245674740485,2668.2352941176473
27.6976920470006,12.872,2.0761245674740487,207.61245674740485,2672.387543252595
27.707768095000574,12.856,2.0761245674740487,190.3114186851211,2446.643598615917
27.7178408280015,12.876,2.0761245674740487,207.61245674740485,2673.2179930795846
27.727917245001663,12.852,1.9031141868512111,207.61245674740485,2668.2352941176473
27.738001718000305,12.876,1.9031141868512111,207.61245674740485,2673.2179930795846
27.748082821000935,12.856,2.0761245674740487,207.61245674740485,2669.065743944637
27.75816538700019,12.88,2.0761245674740487,207.61245674740485,2674.0484429065746
27.76824649000082,12.848,2.0761245674740487,207.61245674740485,2667.404844290658
27.77832903700073,12.88,1.9031141868512111,207.61245674740485,2674.0484429065746
27.788409899001635,12.844,2.0761245674740487,207.61245674740485,2666.574394463668
27.798491465000552,12.88,2.0761245674740487,190.3114186851211,2451.21107266436
27.80856860500171,12.848,2.0761245674740487,207.61245674740485,2667.404844290658
27.81865163400107,12.876,2.0761245674740487,207.61245674740485,2673.2179930795846
27.82873181100149,12.856,1.9031141868512111,207.61245674740485,2669.065743944637
27.83881324700087,12.876,1.9031141868512111,207.61245674740485,2673.2179930795846
27.84888955400129,12.848,1.9031141868512111,190.3114186851211,2445.1211072664364
27.858967194000797,12.88,1.9031141868512111,207.61245674740485,2674.0484429065746
27.869043204000263,12.844,1.9031141868512111,190.3114186851211,2444.3598615916953
27.87911495500157,12.876,1.9031141868512111,207.61245674740485,2673.2179930795846
27.889192003000062,12.852,1.9031141868512111,190.3114186851211,2445.8823529411766
27.899270013000205,12.872,2.0761245674740487,190.3114186851211,2449.688581314879
27.909346190001088,12.852,2.0761245674740487,190.3114186851211,2445.8823529411766
27.91942358900087,12.876,2.0761245674740487,190.3114186851211,2450.4498269896194
27.929496415001267,12.856,2.0761245674740487,190.3114186851211,2446.643598615917
27.939581795000777,12.876,2.0761245674740487,207.61245674740485,2673.2179930795846
27.94966415700037,12.856,2.0761245674740487,190.3114186851211,2446.643598615917
27.959741038001084,12.876,2.0761245674740487,190.3114186851211,2450.4498269896194
27.969822270000805,12.852,2.0761245674740487,207.61245674740485,2668.2352941176473
27.979902429000504,12.88,1.9031141868512111,207.61245674740485,2674.0484429065746
27.989982754001176,12.84,2.0761245674740487,207.61245674740485,2665.7439446366784
28.00006087500151,12.88,1.9031141868512111,190.3114186851211,2451.21107266436
28.01014499700068,12.844,2.0761245674740487,190.3114186851211,2444.3598615916953
28.020221507000315,12.88,2.0761245674740487,207.61245674740485,2674.0484429065746
28.030306091000966,12.852,2.0761245674740487,190.3114186851211,2445.8823529411766
28.04039654600092,12.876,2.0761245674740487,207.61245674740485,2673.2179930795846
28.050474593001127,12.856,1.9031141868512111,207.61245674740485,2669.065743944637
28.06055208500038,12.876,2.0761245674740487,207.61245674740485,2673.2179930795846
28.07062507700175,12.852,1.9031141868512111,207.61245674740485,2668.2352941176473
28.080701976001365,12.876,2.0761245674740487,207.61245674740485,2673.2179930795846
28.09078017200045,12.848,2.0761245674740487,207.61245674740485,2667.404844290658
28.100855960001354,12.876,2.0761245674740487,190.3114186851211,2450.4498269896194
28.11093611800061,12.852,1.9031141868512111,190.3114186851211,2445.8823529411766
28.121012203000646,12.876,2.0761245674740487,207.61245674740485,2673.2179930795846
28.131089287000577,12.856,2.0761245674740487,207.61245674740485,2669.065743944637
28.14117376000104,12.872,2.0761245674740487,207.61245674740485,2672.387543252595
28.151251493000018,12.856,1.9031141868512111,207.61245674740485,2669.065743944637
28.161333429001388,12.872,2.0761245674740487,190.3114186851211,2449.688581314879
28.17141373600134,12.856,2.0761245674740487,207.61245674740485,2669.065743944637
28.181493783000406,12.876,2.0761245674740487,207.61245674740485,2673.2179930795846
28.19157873700169,12.852,2.0761245674740487,207.61245674740485,2668.2352941176473
28.20166517400139,12.88,2.0761245674740487,190.3114186851211,2451.21107266436
28.21174466500088,12.848,2.0761245674740487,207.61245674740485,2667.404844290658
28.221821972001635,12.88,2.0761245674740487,207.61245674740485,2674.0484429065746
28.231898779000403,12.848,2.0761245674740487,190.3114186851211,2445.1211072664364
28.24205954700119,12.88,1.9031141868512111,207.61245674740485,2674.0484429065746
28.25213631600127,12.856,1.9031141868512111,190.3114186851211,2446.643598615917
28.262211790000947,12.876,2.0761245674740487,207.61245674740485,2673.2179930795846
28.272284059001322,12.856,1.9031141868512111,207.61245674740485,2669.065743944637
28.28235821800081,12.872,2.0761245674740487,190.3114186851211,2449.688581314879
28.292430358000274,12.852,1.9031141868512111,207.61245674740485,2668.2352941176473
28.302503628001432,12.872,2.0761245674740487,207.61245674740485,2672.387543252595
28.312580730000263,12.852,1.9031141868512111,207.61245674740485,2668.2352941176473
28.322659630001,12.876,2.0761245674740487,190.3114186851211,2450.4498269896194
28.332736399001078,12.848,2.0761245674740487,207.61245674740485,2667.404844290658
28.342884093000976,12.88,2.0761245674740487,207.61245674740485,2674.0484429065746
28.352966270000252,12.852,2.0761245674740487,207.61245674740485,2668.2352941176473
28.363046910000776,12.876,2.0761245674740487,190.3114186851211,2450.4498269896194
28.373128495000856,12.856,1.9031141868512111,207.61245674740485,2669.065743944637
28.383209616000386,12.872,1.9031141868512111,207.61245674740485,2672.387543252595
28.393290626001544,12.852,1.9031141868512111,190.3114186851211,2445.8823529411766
28.403372507000313,12.872,1.9031141868512111,207.61245674740485,2672.387543252595
28.413449962001323,12.856,2.0761245674740487,190.3114186851211,2446.643598615917
28.423526102000324,12.876,1.9031141868512111,207.61245674740485,2673.2179930795846
28.433601797001756,12.848,1.9031141868512111,190.3114186851211,2445.1211072664364
28.44369417800044,12.88,2.0761245674740487,190.3114186851211,2451.21107266436
28.453771688000415,12.852,2.0761245674740487,190.3114186851211,2445.8823529411766
28.46384845800094,12.88,2.0761245674740487,207.61245674740485,2674.0484429065746
28.473925116000828,12.856,2.0761245674740487,207.61245674740485,2669.065743944637
28.484002052000506,12.876,1.9031141868512111,190.3114186851211,2450.4498269896194
28.494078563000585,12.86,1.9031141868512111,190.3114186851211,2447.4048442906574
28.50415507300022,12.868,2.0761245674740487,190.3114186851211,2448.9273356401386
28.514233380001315,12.864,1.9031141868512111,207.61245674740485,2670.726643598616
28.524309816000823,12.876,2.0761245674740487,190.3114186851211,2450.4498269896194
28.53438808500141,12.852,1.9031141868512111,207.61245674740485,2668.2352941176473
28.544472744000814,12.876,1.9031141868512111,190.3114186851211,2450.4498269896194
28.554553161000513,12.852,1.9031141868512111,190.3114186851211,2445.8823529411766
28.564634375001333,12.88,1.9031141868512111,207.61245674740485,2674.0484429065746
28.574717330000567,12.852,2.0761245674740487,207.61245674740485,2668.2352941176473
28.58479847000126,12.876,2.0761245674740487,207.61245674740485,2673.2179930795846
28.594879795000452,12.852,2.0761245674740487,207.61245674740485,2668.2352941176473
28.604960750000828,12.876,1.9031141868512111,207.61245674740485,2673.2179930795846
28.615036038001563,12.86,1.9031141868512111,190.3114186851211,2447.4048442906574
28.62511325200103,12.872,1.9031141868512111,190.3114186851211,2449.688581314879
28.63519396600168,12.86,1.9031141868512111,207.61245674740485,2669.8961937716263
28.645271587000025,12.876,1.9031141868512111,190.3114186851211,2450.4498269896194
28.655351653000253,12.852,2.0761245674740487,207.61245674740485,2668.2352941176473
28.665432386000248,12.876,2.0761245674740487,190.3114186851211,2450.4498269896194
28.675513489000878,12.848,2.0761245674740487,190.3114186851211,2445.1211072664364
28.68559494300098,12.872,2.0761245674740487,190.3114186851211,2449.688581314879
28.695675713001037,12.856,2.0761245674740487,207.61245674740485,2669.065743944637
28.70575642700169,12.868,2.0761245674740487,190.3114186851211,2448.9273356401386
28.71583795600054,12.86,1.9031141868512111,190.3114186851211,2447.4048442906574
28.725918892001573,12.868,2.0761245674740487,190.3114186851211,2448.9273356401386
28.736000032000447,12.864,2.0761245674740487,190.3114186851211,2448.166089965398
28.746091208000507,12.868,2.0761245674740487,190.3114186851211,2448.9273356401386
28.75617233000048,12.864,2.0761245674740487,207.61245674740485,2670.726643598616
28.76625495100052,12.876,1.9031141868512111,207.61245674740485,2673.2179930795846
28.776335424001445,12.852,1.9031141868512111,207.61245674740485,2668.2352941176473
28.78641593500106,12.876,1.9031141868512111,207.61245674740485,2673.2179930795846
28.79649700000118,12.848,1.9031141868512111,207.61245674740485,2667.404844290658
28.80657743700067,12.876,1.9031141868512111,207.61245674740485,2673.2179930795846
28.81665685400003,12.852,2.0761245674740487,207.61245674740485,2668.2352941176473
28.826736661001632,12.872,2.0761245674740487,207.61245674740485,2672.387543252595
28.836817319001057,12.86,2.0761245674740487,190.3114186851211,2447.4048442906574
28.846893182000713,12.868,1.9031141868512111,190.3114186851211,2448.9273356401386
28.85697437700037,12.864,2.0761245674740487,207.61245674740485,2670.726643598616
28.86705525800062,12.872,1.9031141868512111,190.3114186851211,2449.688581314879
28.877136157001587,12.856,2.0761245674740487,207.61245674740485,2669.065743944637
28.88721729700046,12.876,1.9031141868512111,207.61245674740485,2673.2179930795846
28.89729852900018,12.852,2.0761245674740487,190.3114186851211,2445.8823529411766
28.90737953900134,12.868,2.0761245674740487,207.61245674740485,2671.5570934256057
28.917459513000722,12.856,1.9031141868512111,207.61245674740485,2669.065743944637
28.927540485999998,12.872,2.0761245674740487,207.61245674740485,2672.387543252595
28.937621663000755,12.86,2.0761245674740487,207.61245674740485,2669.8961937716263
28.947711895001703,12.868,1.9031141868512111,207.61245674740485,2671.5570934256057
28.957792887000323,12.864,1.9031141868512111,190.3114186851211,2448.166089965398
28.967873916000826,12.868,1.9031141868512111,190.3114186851211,2448.9273356401386
28.97795485200004,12.864,1.9031141868512111,190.3114186851211,2448.166089965398
28.988035732001663,12.872,2.0761245674740487,190.3114186851211,2449.688581314879
28.99814020500162,12.852,2.0761245674740487,207.61245674740485,2668.2352941176473
29.008221475000028,12.872,2.0761245674740487,190.3114186851211,2449.688581314879
29.018304800001715,12.844,2.0761245674740487,207.61245674740485,2666.574394463668
29.02838616200097,12.876,1.9031141868512111,207.61245674740485,2673.2179930795846
29.038467820000733,12.856,1.9031141868512111,207.61245674740485,2669.065743944637
29.04857058900052,12.872,2.0761245674740487,190.3114186851211,2449.688581314879
29.058654914000726,12.86,2.0761245674740487,207.61245674740485,2669.8961937716263
29.068735462000404,12.868,1.9031141868512111,190.3114186851211,2448.9273356401386
29.0788164350015,12.864,1.9031141868512111,207.61245674740485,2670.726643598616
29.088897501000247,12.872,2.0761245674740487,207.61245674740485,2672.387543252595
29.09897834399999,12.864,1.9031141868512111,207.61245674740485,2670.726643598616
29.109059669001,12.868,1.9031141868512111,190.3114186851211,2448.9273356401386
29.119140142000106,12.856,2.0761245674740487,190.3114186851211,2446.643598615917
29.129221005001455,12.872,2.0761245674740487,207.61245674740485,2672.387543252595
29.13930149600128,12.856,2.0761245674740487,207.61245674740485,2669.065743944637
29.149390969001615,12.872,2.0761245674740487,190.3114186851211,2449.688581314879
29.159466702001737,12.86,1.9031141868512111,207.61245674740485,2669.8961937716263
29.1695479530008,12.868,2.0761245674740487,190.3114186851211,2448.9273356401386
29.17962914800046,12.864,2.0761245674740487,207.61245674740485,2670.726643598616
29.189710085000115,12.864,2.0761245674740487,207.61245674740485,2670.726643598616
29.19979905800028,12.86,2.0761245674740487,207.61245674740485,2669.8961937716263
29.20988595700146,12.872,1.9031141868512111,190.3114186851211,2449.688581314879
29.21996818900152,12.86,2.0761245674740487,207.61245674740485,2669.8961937716263
29.2300497920005,12.876,1.9031141868512111,207.61245674740485,2673.2179930795846
29.240131987000495,12.852,2.0761245674740487,207.61245674740485,2668.2352941176473
29.250301496000247,12.872,2.0761245674740487,190.3114186851211,2449.688581314879
29.26037572900168,12.86,1.9031141868512111,190.3114186851211,2447.4048442906574
29.27045464600087,12.872,2.0761245674740487,207.61245674740485,2672.387543252595
29.280530027001078,12.86,2.0761245674740487,207.61245674740485,2669.8961937716263
29.29060396300156,12.868,1.9031141868512111,207.61245674740485,2671.5570934256057
29.30067765900094,12.864,1.9031141868512111,207.61245674740485,2670.726643598616
29.310757077000744,12.864,2.0761245674740487,207.61245674740485,2670.726643598616
29.320833865000168,12.856,2.0761245674740487,207.61245674740485,2669.065743944637
29.330911838000247,12.864,2.0761245674740487,207.61245674740485,2670.726643598616
29.34098871900096,12.86,2.0761245674740487,207.61245674740485,2669.8961937716263
29.351133357000435,12.872,2.0761245674740487,207.61245674740485,2672.387543252595
29.361214645001382,12.856,2.0761245674740487,190.3114186851211,2446.643598615917
29.37129693300085,12.868,2.0761245674740487,190.3114186851211,2448.9273356401386
29.381378592001056,12.86,1.9031141868512111,190.3114186851211,2447.4048442906574
29.391458991000036,12.872,1.9031141868512111,207.61245674740485,2672.387543252595
29.40154035300111,12.86,2.0761245674740487,207.61245674740485,2669.8961937716263
29.41162054800043,12.868,1.9031141868512111,207.61245674740485,2671.5570934256057
29.421700818000318,12.86,2.0761245674740487,190.3114186851211,2447.4048442906574
29.431778847001624,12.864,2.0761245674740487,207.61245674740485,2670.726643598616
29.441855487000794,12.864,1.9031141868512111,190.3114186851211,2448.166089965398
29.451947163001023,12.872,1.9031141868512111,190.3114186851211,2449.688581314879
29.462024026001018,12.856,1.9031141868512111,190.3114186851211,2446.643598615917
29.472100203000082,12.872,2.0761245674740487,190.3114186851211,2449.688581314879
29.482178509000732,12.86,2.0761245674740487,207.61245674740485,2669.8961937716263
29.49225533400022,12.872,1.9031141868512111,190.3114186851211,2449.688581314879
29.502333085001737,12.864,1.9031141868512111,207.61245674740485,2670.726643598616
29.512408874001267,12.864,2.0761245674740487,190.3114186851211,2448.166089965398
29.522486754000056,12.868,1.9031141868512111,207.61245674740485,2671.5570934256057
29.53256282000075,12.86,2.0761245674740487,207.61245674740485,2669.8961937716263
29.542640367000786,12.868,2.0761245674740487,190.3114186851211,2448.9273356401386
29.55272293300004,12.868,1.9031141868512111,190.3114186851211,2448.9273356401386
29.56280574000084,12.868,1.9031141868512111,207.61245674740485,2671.5570934256057
29.57288591700126,12.868,2.0761245674740487,207.61245674740485,2671.5570934256057
29.58296674200028,12.86,2.0761245674740487,207.61245674740485,2669.8961937716263
29.593047289001333,12.868,2.0761245674740487,190.3114186851211,2448.9273356401386
29.603124744000525,12.86,1.9031141868512111,207.61245674740485,2669.8961937716263
29.613203476001217,12.872,2.0761245674740487,207.61245674740485,2672.387543252595
29.623283968001488,12.856,2.0761245674740487,190.3114186851211,2446.643598615917
29.633365238001716,12.868,1.9031141868512111,190.3114186851211,2448.9273356401386
29.64344317400173,12.868,1.9031141868512111,190.3114186851211,2448.9273356401386
29.653533721000713,12.864,2.0761245674740487,207.61245674740485,2670.726643598616
29.663608287000898,12.86,2.0761245674740487,207.61245674740485,2669.8961937716263
29.673680668000088,12.868,2.0761245674740487,190.3114186851211,2448.9273356401386
29.683753548000823,12.86,2.0761245674740487,207.61245674740485,2669.8961937716263
29.69382691100145,12.872,2.0761245674740487,207.61245674740485,2672.387543252595
29.703903921001256,12.86,2.0761245674740487,207.61245674740485,2669.8961937716263
29.713979672000278,12.868,2.0761245674740487,207.61245674740485,2671.5570934256057
29.724056423001457,12.864,2.0761245674740487,207.61245674740485,2670.726643598616
29.734134230000564,12.86,2.0761245674740487,190.3114186851211,2447.4048442906574
29.744207944000664,12.868,2.0761245674740487,207.61245674740485,2671.5570934256057
29.754281195000658,12.86,2.0761245674740487,190.3114186851211,2447.4048442906574
29.764311373000965,12.868,2.0761245674740487,190.3114186851211,2448.9273356401386
29.774394902000495,12.864,2.0761245674740487,207.61245674740485,2670.726643598616
29.784475634000046,12.86,2.0761245674740487,190.3114186851211,2447.4048442906574
29.794557848001205,12.868,1.9031141868512111,207.61245674740485,2671.5570934256057
29.804635007001707,12.86,1.9031141868512111,207.61245674740485,2669.8961937716263
29.814715109001554,12.872,2.0761245674740487,207.61245674740485,2672.387543252595
29.824795823000386,12.856,2.0761245674740487,190.3114186851211,2446.643598615917
29.834876371000064,12.868,1.9031141868512111,190.3114186851211,2448.9273356401386
29.844956529001138,12.86,2.0761245674740487,207.61245674740485,2669.8961937716263
29.85509718600042,12.864,2.0761245674740487,190.3114186851211,2448.166089965398
29.865174956001283,12.868,2.0761245674740487,207.61245674740485,2671.5570934256057
29.875252744001045,12.864,2.0761245674740487,190.3114186851211,2448.166089965398
29.885328791000575,12.86,2.0761245674740487,190.3114186851211,2447.4048442906574
29.895401061001394,12.872,1.9031141868512111,207.61245674740485,2672.387543252595
29.905477738000627,12.86,1.9031141868512111,190.3114186851211,2447.4048442906574
29.915553174001616,12.864,1.9031141868512111,207.61245674740485,2670.726643598616
29.92562885100051,12.86,2.0761245674740487,190.3114186851211,2447.4048442906574
29.935705547000907,12.864,2.0761245674740487,190.3114186851211,2448.166089965398
29.945782502001748,12.868,1.9031141868512111,207.61245674740485,2671.5570934256057
29.955867549000686,12.86,1.9031141868512111,207.61245674740485,2669.8961937716263
29.965948633000153,12.868,1.9031141868512111,190.3114186851211,2448.9273356401386
29.976030458001333,12.86,1.9031141868512111,207.61245674740485,2669.8961937716263
29.986111487000016,12.872,2.0761245674740487,207.61245674740485,2672.387543252595
29.9961927380009,12.864,1.9031141868512111,190.3114186851211,2448.166089965398
