t_s,bus_v,shunt_mv,current_ma,power_mw
0.00033762299972295295,12.884,1.9867549668874174,215.23178807947022,2773.0463576158945
0.010404636999737704,12.856,1.9867549668874174,215.23178807947022,2767.019867549669
0.02046691000032297,12.876,1.9867549668874174,198.6754966887417,2558.1456953642382
0.030527793998771813,12.852,1.9867549668874174,198.6754966887417,2553.3774834437086
0.04059006699935708,12.876,1.9867549668874174,215.23178807947022,2771.3245033112585
0.0506501540003228,12.852,1.9867549668874174,198.6754966887417,2553.3774834437086
0.06068444599986833,12.88,1.9867549668874174,198.6754966887417,2558.9403973509934
0.07074386699969182,12.852,1.9867549668874174,198.6754966887417,2553.3774834437086
0.08080567700017127,12.88,1.9867549668874174,198.6754966887417,2558.9403973509934
0.0908665610004391,12.856,1.9867549668874174,198.6754966887417,2554.1721854304633
0.10092711099969165,12.884,1.9867549668874174,198.6754966887417,2559.735099337748
0.11098899500029802,12.856,1.9867549668874174,198.6754966887417,2554.1721854304633
0.12104991599881032,12.88,1.9867549668874174,215.23178807947022,2772.1854304635767
0.13111044799916272,12.848,1.9867549668874174,198.6754966887417,2552.5827814569534
0.14117077700029768,12.884,1.9867549668874174,182.11920529801324,2346.4238410596026
0.15123219799897925,12.848,1.9867549668874174,198.6754966887417,2552.5827814569534
0.16129334099969128,12.884,1.9867549668874174,198.6754966887417,2559.735099337748
0.17135474299902853,12.848,1.9867549668874174,198.6754966887417,2552.5827814569534
0.18141544199897908,12.884,1.9867549668874174,215.23178807947022,2773.0463576158945
0.19147554799928912,12.852,2.1523178807947017,198.6754966887417,2553.3774834437086
0.20153557999947225,12.88,1.9867549668874174,198.6754966887417,2558.9403973509934
0.2115962239986402,12.852,1.9867549668874174,198.6754966887417,2553.3774834437086
0.22165651499926753,12.88,1.9867549668874174,198.6754966887417,2558.9403973509934
0.23171778799951426,12.852,1.9867549668874174,198.6754966887417,2553.3774834437086
0.24177878299997246,12.876,1.9867549668874174,198.6754966887417,2558.1456953642382
0.25184001900015573,12.852,1.9867549668874174,198.6754966887417,2553.3774834437086
0.26190088399926026,12.88,1.9867549668874174,198.6754966887417,2558.9403973509934
0.271962156999507,12.856,1.9867549668874174,198.6754966887417,2554.1721854304633
0.2820229669996479,12.88,1.9867549668874174,198.6754966887417,2558.9403973509934
0.29208418399866787,12.856,1.9867549668874174,198.6754966887417,2554.1721854304633
0.30214510499899916,12.88,1.9867549668874174,198.6754966887417,2558.9403973509934
0.31220615599886514,12.856,1.9867549668874174,198.6754966887417,2554.1721854304633
0.32226713199997903,12.88,1.9867549668874174,198.6754966887417,2558.9403973509934
0.3323282940000354,12.848,1.9867549668874174,198.6754966887417,2552.5827814569534
0.3423891780003032,12.88,1.9867549668874174,198.6754966887417,2558.9403973509934
0.35245032099919626,12.848,1.9867549668874174,198.6754966887417,2552.5827814569534
0.36251111199999286,12.88,1.9867549668874174,198.6754966887417,2558.9403973509934
0.3725714219999645,12.852,1.9867549668874174,198.6754966887417,2553.3774834437086
0.3826320839998516,12.88,1.9867549668874174,198.6754966887417,2558.9403973509934
0.39269304200024635,12.852,1.9867549668874174,198.6754966887417,2553.3774834437086
0.4027511479998793,12.88,1.9867549668874174,198.6754966887417,2558.9403973509934
0.41281214300033753,12.852,1.9867549668874174,198.6754966887417,2553.3774834437086
0.4228731200000766,12.88,1.9867549668874174,198.6754966887417,2558.9403973509934
0.43293426299896964,12.852,1.9867549668874174,198.6754966887417,2553.3774834437086
0.4429950909998297,12.876,1.9867549668874174,215.23178807947022,2771.3245033112585
0.453056012000161,12.856,1.9867549668874174,215.23178807947022,2767.019867549669
0.46311698899990006,12.876,1.9867549668874174,198.6754966887417,2558.1456953642382
0.47317777999887767,12.876,1.8211920529801322,182.11920529801324,2344.9668874172185
0.48323883099874365,12.904,1.9867549668874174,182.11920529801324,2350.0662251655626
0.49329899300028046,12.876,1.9867549668874174,198.6754966887417,2558.1456953642382
0.5033600429997023,12.892,1.8211920529801322,198.6754966887417,2561.324503311258
0.5134208899999066,12.868,1.8211920529801322,198.6754966887417,2556.5562913907283
0.5234820149998995,12.892,1.9867549668874174,182.11920529801324,2347.880794701987
0.5335443429994484,12.868,1.9867549668874174,198.6754966887417,2556.5562913907283
0.5436090049988707,12.888,1.9867549668874174,198.6754966887417,2560.529801324503
0.5536702219997096,12.872,1.8211920529801322,198.6754966887417,2557.350993377483
0.5637314389987296,12.888,1.9867549668874174,182.11920529801324,2347.1523178807947
0.5737923229989974,12.876,1.9867549668874174,198.6754966887417,2558.1456953642382
0.5838536150004074,12.888,1.8211920529801322,198.6754966887417,2560.529801324503
0.5939148130000831,12.876,1.8211920529801322,198.6754966887417,2558.1456953642382
0.6039760120002029,12.86,1.9867549668874174,198.6754966887417,2554.966887417218
0.6140374149999843,12.848,1.9867549668874174,198.6754966887417,2552.5827814569534
0.6240985209988139,12.868,1.8211920529801322,198.6754966887417,2556.5562913907283
0.6341589969997585,12.868,1.9867549668874174,198.6754966887417,2556.5562913907283
0.6442189919998782,12.868,1.9867549668874174,198.6754966887417,2556.5562913907283
0.6542790799994691,12.868,1.9867549668874174,198.6754966887417,2556.5562913907283
0.6643392419991869,12.868,1.9867549668874174,198.6754966887417,2556.5562913907283
0.6743991259991162,12.864,1.9867549668874174,198.6754966887417,2555.7615894039736
0.684459453999807,12.868,1.9867549668874174,198.6754966887417,2556.5562913907283
0.6945194309992075,12.864,1.9867549668874174,198.6754966887417,2555.7615894039736
0.7045796849997714,12.868,1.9867549668874174,198.6754966887417,2556.5562913907283
0.7146396249991085,12.864,1.9867549668874174,198.6754966887417,2555.7615894039736
0.724701119999736,12.872,1.9867549668874174,198.6754966887417,2557.350993377483
0.734761947998777,12.868,1.9867549668874174,198.6754966887417,2556.5562913907283
0.744822757998918,12.868,1.9867549668874174,198.6754966887417,2556.5562913907283
0.7548836599999049,12.864,1.9867549668874174,198.6754966887417,2555.7615894039736
0.764944728998671,12.868,1.9867549668874174,198.6754966887417,2556.5562913907283
0.7750055759988754,12.86,1.9867549668874174,198.6754966887417,2554.966887417218
0.7850657380004122,12.868,1.9867549668874174,198.6754966887417,2556.5562913907283
0.7951263439990726,12.864,1.9867549668874174,198.6754966887417,2555.7615894039736
0.8051862470001652,12.868,1.9867549668874174,198.6754966887417,2556.5562913907283
0.8152464079994388,12.868,1.9867549668874174,198.6754966887417,2556.5562913907283
0.8253064410000661,12.868,1.9867549668874174,198.6754966887417,2556.5562913907283
0.8353664539990859,12.868,1.9867549668874174,198.6754966887417,2556.5562913907283
0.8454266529988672,12.868,1.9867549668874174,198.6754966887417,2556.5562913907283
0.8554868329993042,12.868,1.9867549668874174,198.6754966887417,2556.5562913907283
0.8655478099990432,12.864,1.9867549668874174,198.6754966887417,2555.7615894039736
0.8756087309993745,12.868,1.9867549668874174,198.6754966887417,2556.5562913907283
0.8856695590002346,12.864,1.9867549668874174,198.6754966887417,2555.7615894039736
0.8957297580000159,12.868,1.9867549668874174,198.6754966887417,2556.5562913907283
0.9058034009995026,12.868,1.9867549668874174,198.6754966887417,2556.5562913907283
0.9158662289992208,12.872,1.9867549668874174,198.6754966887417,2557.350993377483
0.9259279090001655,12.868,1.9867549668874174,198.6754966887417,2556.5562913907283
0.9359892189986567,12.872,1.9867549668874174,198.6754966887417,2557.350993377483
0.9460503809987131,12.868,1.9867549668874174,198.6754966887417,2556.5562913907283
0.9561113759991713,12.864,1.9867549668874174,198.6754966887417,2555.7615894039736
0.9661761119987204,12.868,1.9867549668874174,198.6754966887417,2556.5562913907283
0.9762369589989248,12.86,1.9867549668874174,198.6754966887417,2554.966887417218
0.9862971200000175,12.868,1.9867549668874174,215.23178807947022,2769.602649006623
0.9963590229999681,12.868,1.9867549668874174,198.6754966887417,2556.5562913907283
1.0064212959987344,12.868,1.9867549668874174,198.6754966887417,2556.5562913907283
1.0164818829998694,12.868,1.9867549668874174,198.6754966887417,2556.5562913907283
1.026542988998699,12.868,1.9867549668874174,198.6754966887417,2556.5562913907283
1.0366052249992208,12.872,1.9867549668874174,198.6754966887417,2557.350993377483
1.046666293999806,12.868,1.9867549668874174,198.6754966887417,2556.5562913907283
1.0567273639990162,12.868,1.9867549668874174,198.6754966887417,2556.5562913907283
1.0667897839994112,12.864,1.9867549668874174,198.6754966887417,2555.7615894039736
1.0768502419996366,12.868,1.9867549668874174,198.6754966887417,2556.5562913907283
1.086911162999968,12.86,1.9867549668874174,198.6754966887417,2554.966887417218
1.0969719730001088,12.872,1.9867549668874174,198.6754966887417,2557.350993377483
1.1070328940004401,12.864,1.9867549668874174,198.6754966887417,2555.7615894039736
1.1170953889995872,12.872,1.9867549668874174,182.11920529801324,2344.2384105960264
1.1271544960000028,12.864,1.9867549668874174,198.6754966887417,2555.7615894039736
1.1372156939996785,12.872,1.9867549668874174,182.11920529801324,2344.2384105960264
1.1472767260002001,12.864,1.9867549668874174,198.6754966887417,2555.7615894039736
1.1573374990002776,12.868,1.9867549668874174,198.6754966887417,2556.5562913907283
1.1673975869998685,12.868,1.9867549668874174,198.6754966887417,2556.5562913907283
1.1774583039987192,12.868,1.9867549668874174,198.6754966887417,2556.5562913907283
1.1875200029990083,12.868,1.9867549668874174,198.6754966887417,2556.5562913907283
1.1975790540000162,12.868,1.9867549668874174,215.23178807947022,2769.602649006623
1.2076401969989092,12.864,1.9867549668874174,198.6754966887417,2555.7615894039736
1.217701876999854,12.872,1.9867549668874174,198.6754966887417,2557.350993377483
1.2277608909989794,12.864,1.9867549668874174,198.6754966887417,2555.7615894039736
1.2378202189993317,12.868,1.9867549668874174,198.6754966887417,2556.5562913907283
1.2478792139991128,12.864,1.9867549668874174,198.6754966887417,2555.7615894039736
1.2579382280000573,12.868,1.9867549668874174,198.6754966887417,2556.5562913907283
1.2679986120001558,12.864,1.9867549668874174,198.6754966887417,2555.7615894039736
1.2780616250001913,12.876,1.9867549668874174,182.11920529801324,2344.9668874172185
1.2881228610003745,12.856,1.9867549668874174,215.23178807947022,2767.019867549669
1.298183560000325,12.876,1.9867549668874174,198.6754966887417,2558.1456953642382
1.3082445549989643,12.864,1.9867549668874174,198.6754966887417,2555.7615894039736
1.3183051420000993,12.872,2.1523178807947017,198.6754966887417,2557.350993377483
1.3283661749992461,12.864,1.9867549668874174,215.23178807947022,2768.741721854305
1.3384268729987525,12.872,1.9867549668874174,198.6754966887417,2557.350993377483
1.3484877390001202,12.864,1.9867549668874174,198.6754966887417,2555.7615894039736
1.35854847399969,12.876,1.9867549668874174,198.6754966887417,2558.1456953642382
1.3686089879993233,12.864,1.9867549668874174,198.6754966887417,2555.7615894039736
1.3786722419990838,12.868,1.9867549668874174,198.6754966887417,2556.5562913907283
1.3887334039991401,12.86,1.9867549668874174,215.23178807947022,2767.880794701987
1.3987951950002753,12.868,1.9867549668874174,198.6754966887417,2556.5562913907283
1.4088544129990623,12.864,1.9867549668874174,198.6754966887417,2555.7615894039736
1.4189149449994147,12.872,1.9867549668874174,198.6754966887417,2557.350993377483
1.4289750320003805,12.864,1.9867549668874174,198.6754966887417,2555.7615894039736
1.439035342000352,12.868,1.9867549668874174,198.6754966887417,2556.5562913907283
1.4490961150004296,12.864,2.1523178807947017,198.6754966887417,2555.7615894039736
1.4591552399997454,12.88,1.9867549668874174,198.6754966887417,2558.9403973509934
1.4692154019994632,12.864,1.9867549668874174,215.23178807947022,2768.741721854305
1.479276045000006,12.876,1.9867549668874174,198.6754966887417,2558.1456953642382
1.4893367989989201,12.856,1.9867549668874174,198.6754966887417,2554.1721854304633
1.4993977569993149,12.872,1.9867549668874174,198.6754966887417,2557.350993377483
1.5094584559992654,12.86,1.9867549668874174,198.6754966887417,2554.966887417218
1.5195195249998505,12.872,1.9867549668874174,198.6754966887417,2557.350993377483
1.529580223999801,12.86,1.9867549668874174,198.6754966887417,2554.966887417218
1.539640385999519,12.88,1.9867549668874174,198.6754966887417,2558.9403973509934
1.5497010839990253,12.864,1.9867549668874174,198.6754966887417,2555.7615894039736
1.5597619869986374,12.876,1.9867549668874174,198.6754966887417,2558.1456953642382
1.5698226669992437,12.86,1.9867549668874174,198.6754966887417,2554.966887417218
1.5798836439989827,12.872,1.9867549668874174,198.6754966887417,2557.350993377483
1.5899442129993986,12.86,1.9867549668874174,215.23178807947022,2767.880794701987
1.6000051150003856,12.864,1.9867549668874174,198.6754966887417,2555.7615894039736
1.6100663139986864,12.86,1.9867549668874174,198.6754966887417,2554.966887417218
1.6201272349990177,12.872,1.9867549668874174,198.6754966887417,2557.350993377483
1.630189192999751,12.86,1.9867549668874174,198.6754966887417,2554.966887417218
1.6402482809990033,12.876,1.9867549668874174,198.6754966887417,2558.1456953642382
1.6503091089998634,12.86,1.9867549668874174,198.6754966887417,2554.966887417218
1.660370771000089,12.876,1.9867549668874174,198.6754966887417,2558.1456953642382
1.6704297659998701,12.864,1.9867549668874174,182.11920529801324,2342.7814569536426
1.6804909459988266,12.876,1.9867549668874174,198.6754966887417,2558.1456953642382
1.6905524779995176,12.856,1.9867549668874174,198.6754966887417,2554.1721854304633
1.7006138799988548,12.876,1.9867549668874174,198.6754966887417,2558.1456953642382
1.710672949999207,12.856,1.9867549668874174,215.23178807947022,2767.019867549669
1.7207341479988827,12.88,1.9867549668874174,198.6754966887417,2558.9403973509934
1.7307951059992774,12.856,1.9867549668874174,198.6754966887417,2554.1721854304633
1.7408561939992069,12.88,1.9867549668874174,198.6754966887417,2558.9403973509934
1.7509152820002782,12.86,2.1523178807947017,198.6754966887417,2554.966887417218
1.7609760729992558,12.88,1.9867549668874174,198.6754966887417,2558.9403973509934
1.7710371979992487,12.856,1.9867549668874174,198.6754966887417,2554.1721854304633
1.7810979519999819,12.876,1.9867549668874174,198.6754966887417,2558.1456953642382
1.7911589659997844,12.86,1.9867549668874174,198.6754966887417,2554.966887417218
1.801220867999291,12.868,1.9867549668874174,198.6754966887417,2556.5562913907283
1.8112799190002988,12.86,1.9867549668874174,198.6754966887417,2554.966887417218
1.8213403030003974,12.876,1.9867549668874174,198.6754966887417,2558.1456953642382
1.8314009639998403,12.86,1.9867549668874174,198.6754966887417,2554.966887417218
1.841461514999537,12.876,1.9867549668874174,198.6754966887417,2558.1456953642382
1.8515222879996145,12.86,1.9867549668874174,198.6754966887417,2554.966887417218
1.861582986999565,12.892,1.9867549668874174,182.11920529801324,2347.880794701987
1.8716439999989234,12.884,1.9867549668874174,198.6754966887417,2559.735099337748
1.8817045319992758,12.896,1.8211920529801322,182.11920529801324,2348.609271523179
1.8917655639997975,12.868,1.8211920529801322,198.6754966887417,2556.5562913907283
1.9018274480004038,12.892,1.8211920529801322,182.11920529801324,2347.880794701987
1.911901998999383,12.86,1.8211920529801322,198.6754966887417,2554.966887417218
1.9219641969993972,12.896,1.8211920529801322,182.11920529801324,2348.609271523179
1.9320263779991365,12.868,1.8211920529801322,198.6754966887417,2556.5562913907283
1.9420872989994677,12.896,1.8211920529801322,182.11920529801324,2348.609271523179
1.9521481829997356,12.864,1.9867549668874174,182.11920529801324,2342.7814569536426
1.9622091780001938,12.896,1.9867549668874174,198.6754966887417,2562.119205298013
1.9722703209990868,12.864,1.8211920529801322,198.6754966887417,2555.7615894039736
1.9823312230000738,12.896,1.8211920529801322,182.11920529801324,2348.609271523179
1.9923920889996225,12.84,1.9867549668874174,198.6754966887417,2550.9933774834435
2.0024545279993617,12.872,1.9867549668874174,198.6754966887417,2557.350993377483
2.0125157080001372,12.848,1.9867549668874174,198.6754966887417,2552.5827814569534
2.022576499999559,12.876,1.9867549668874174,215.23178807947022,2771.3245033112585
2.03263538399915,12.852,1.9867549668874174,198.6754966887417,2553.3774834437086
2.042696638000052,12.88,1.9867549668874174,198.6754966887417,2558.9403973509934
2.052757374000066,12.852,1.9867549668874174,198.6754966887417,2553.3774834437086
2.0628179060004186,12.88,1.9867549668874174,198.6754966887417,2558.9403973509934
2.072878826998931,12.852,1.9867549668874174,198.6754966887417,2553.3774834437086
2.0829395999990084,12.88,1.9867549668874174,198.6754966887417,2558.9403973509934
2.093000483999276,12.852,1.9867549668874174,198.6754966887417,2553.3774834437086
2.1030607569991844,12.884,1.9867549668874174,198.6754966887417,2559.735099337748
2.1131230849987332,12.848,1.9867549668874174,198.6754966887417,2552.5827814569534
2.123182543000439,12.884,1.9867549668874174,198.6754966887417,2559.735099337748
2.1332437049986765,12.844,1.9867549668874174,198.6754966887417,2551.788079470198
2.1433046809997904,12.884,1.9867549668874174,198.6754966887417,2559.735099337748
2.153365472999212,12.848,1.9867549668874174,198.6754966887417,2552.5827814569534
2.163426355999036,12.88,1.9867549668874174,198.6754966887417,2558.9403973509934
2.1734871289991133,12.848,1.9867549668874174,198.6754966887417,2552.5827814569534
2.183549679999487,12.912,1.8211920529801322,182.11920529801324,2351.5231788079473
2.193608433999543,12.876,1.8211920529801322,198.6754966887417,2558.1456953642382
2.203667726000276,12.9,1.8211920529801322,182.11920529801324,2349.337748344371
2.2137269799986825,12.864,1.9867549668874174,198.6754966887417,2555.7615894039736
2.223785844998929,12.892,1.8211920529801322,198.6754966887417,2561.324503311258
2.2338470439990488,12.868,1.9867549668874174,182.11920529801324,2343.5099337748343
2.2439080759995704,12.892,1.8211920529801322,198.6754966887417,2561.324503311258
2.2539689049990557,12.868,1.8211920529801322,182.11920529801324,2343.5099337748343
2.26402999200036,12.892,1.9867549668874174,182.11920529801324,2347.880794701987
2.2740908389987453,12.868,1.9867549668874174,198.6754966887417,2556.5562913907283
2.2841515749987593,12.896,1.9867549668874174,198.6754966887417,2562.119205298013
2.2942121069991117,12.868,1.9867549668874174,198.6754966887417,2556.5562913907283
2.3042729729986604,12.892,1.9867549668874174,198.6754966887417,2561.324503311258
2.314333615999203,12.868,1.8211920529801322,182.11920529801324,2343.5099337748343
2.3243943889992806,12.892,1.8211920529801322,182.11920529801324,2347.880794701987
2.3344549760004156,12.868,1.9867549668874174,198.6754966887417,2556.5562913907283
2.3445159160000912,12.892,1.9867549668874174,198.6754966887417,2561.324503311258
2.35457641100038,12.872,1.9867549668874174,198.6754966887417,2557.350993377483
2.3646365539989347,12.888,1.9867549668874174,198.6754966887417,2560.529801324503
2.374698992998674,12.872,1.8211920529801322,198.6754966887417,2557.350993377483
2.38475965500038,12.888,1.9867549668874174,182.11920529801324,2347.1523178807947
2.394818483999188,12.872,1.9867549668874174,182.11920529801324,2344.2384105960264
2.4048806270002387,12.888,1.9867549668874174,198.6754966887417,2560.529801324503
2.4149411769994913,12.88,1.9867549668874174,198.6754966887417,2558.9403973509934
2.4250027839989343,12.876,1.8211920529801322,198.6754966887417,2558.1456953642382
2.4350640189986734,12.88,1.8211920529801322,182.11920529801324,2345.6953642384105
2.4451249399990047,12.88,1.9867549668874174,182.11920529801324,2345.6953642384105
2.4551848609989975,12.88,1.9867549668874174,182.11920529801324,2345.6953642384105
2.4652458379987365,12.876,1.9867549668874174,182.11920529801324,2344.9668874172185
2.475306999998793,12.88,1.9867549668874174,198.6754966887417,2558.9403973509934
2.485367846000372,12.88,1.9867549668874174,198.6754966887417,2558.9403973509934
2.495428971000365,12.88,1.8211920529801322,182.11920529801324,2345.6953642384105
2.505489724999279,12.876,1.8211920529801322,182.11920529801324,2344.9668874172185
2.51554981299887,12.888,1.8211920529801322,198.6754966887417,2560.529801324503
2.525610696999138,12.876,1.9867549668874174,182.11920529801324,2344.9668874172185
2.535673450998729,12.88,1.9867549668874174,198.6754966887417,2558.9403973509934
2.545735206000245,12.872,1.9867549668874174,198.6754966887417,2557.350993377483
2.5557964599993284,12.884,1.9867549668874174,182.11920529801324,2346.4238410596026
2.5658574360004422,12.872,1.9867549668874174,182.11920529801324,2344.2384105960264
2.575918245998764,12.884,1.9867549668874174,198.6754966887417,2559.735099337748
2.5859791490001953,12.872,1.9867549668874174,198.6754966887417,2557.350993377483
2.596040254999025,12.888,1.8211920529801322,198.6754966887417,2560.529801324503
2.6061010459998215,12.868,1.8211920529801322,198.6754966887417,2556.5562913907283
2.6161629669986723,12.892,1.9867549668874174,198.6754966887417,2561.324503311258
2.6262235729991517,12.836,1.9867549668874174,198.6754966887417,2550.1986754966883
2.636284882999462,12.864,1.9867549668874174,198.6754966887417,2555.7615894039736
2.646345729999666,12.844,1.9867549668874174,198.6754966887417,2551.788079470198
2.656406854999659,12.876,1.9867549668874174,198.6754966887417,2558.1456953642382
2.6664684240004135,12.852,2.1523178807947017,198.6754966887417,2553.3774834437086
2.676529140999264,12.876,1.9867549668874174,198.6754966887417,2558.1456953642382
2.686590006998813,12.852,1.9867549668874174,198.6754966887417,2553.3774834437086
2.6966499279988057,12.88,1.9867549668874174,198.6754966887417,2558.9403973509934
2.706710200998714,12.856,1.9867549668874174,198.6754966887417,2554.1721854304633
2.7167702699989604,12.88,1.9867549668874174,198.6754966887417,2558.9403973509934
2.7268314129996725,12.856,1.9867549668874174,198.6754966887417,2554.1721854304633
2.7368919820000883,12.872,1.9867549668874174,198.6754966887417,2557.350993377483
2.746952366000187,12.856,1.9867549668874174,182.11920529801324,2341.324503311258
2.7570133799999894,12.872,1.9867549668874174,198.6754966887417,2557.350993377483
2.767074559998946,12.852,1.9867549668874174,198.6754966887417,2553.3774834437086
2.777135776999785,12.88,1.9867549668874174,198.6754966887417,2558.9403973509934
2.7871971980002854,12.852,1.9867549668874174,215.23178807947022,2766.158940397351
2.7972581189987977,12.88,1.9867549668874174,198.6754966887417,2558.9403973509934
2.8073191509993194,12.856,1.9867549668874174,198.6754966887417,2554.1721854304633
2.8173799790001794,12.88,1.9867549668874174,198.6754966887417,2558.9403973509934
2.8274411229995167,12.856,1.9867549668874174,198.6754966887417,2554.1721854304633
2.837501488000271,12.88,1.9867549668874174,198.6754966887417,2558.9403973509934
2.8475626870003907,12.848,1.9867549668874174,198.6754966887417,2552.5827814569534
2.8576234230004047,12.88,1.9867549668874174,198.6754966887417,2558.9403973509934
2.86768426999879,12.852,1.9867549668874174,198.6754966887417,2553.3774834437086
2.8777448199998616,12.88,1.9867549668874174,198.6754966887417,2558.9403973509934
2.8878057040001295,12.852,1.9867549668874174,198.6754966887417,2553.3774834437086
2.897866235998663,12.884,1.9867549668874174,198.6754966887417,2559.735099337748
2.907945027000096,12.852,1.9867549668874174,198.6754966887417,2553.3774834437086
2.918009336999603,12.88,1.9867549668874174,198.6754966887417,2558.9403973509934
2.928070313999342,12.856,1.9867549668874174,198.6754966887417,2554.1721854304633
2.9381311609995464,12.876,1.9867549668874174,198.6754966887417,2558.1456953642382
2.9481921739989048,12.856,1.9867549668874174,198.6754966887417,2554.1721854304633
2.958253150998644,12.88,1.9867549668874174,198.6754966887417,2558.9403973509934
2.9683133119997365,12.856,1.9867549668874174,198.6754966887417,2554.1721854304633
2.978374325999539,12.88,1.9867549668874174,198.6754966887417,2558.9403973509934
2.988435543000378,12.856,1.9867549668874174,198.6754966887417,2554.1721854304633
2.998496279000392,12.88,1.9867549668874174,198.6754966887417,2558.9403973509934
3.008558217999962,12.852,1.9867549668874174,198.6754966887417,2553.3774834437086
3.0186192509991088,12.88,1.9867549668874174,198.6754966887417,2558.9403973509934
3.028679671999271,12.856,1.9867549668874174,215.23178807947022,2767.019867549669
3.03874331499901,12.88,1.9867549668874174,198.6754966887417,2558.9403973509934
3.0488053649987705,12.852,1.9867549668874174,198.6754966887417,2553.3774834437086
3.058866211998975,12.884,1.9867549668874174,198.6754966887417,2559.735099337748
3.068927521999285,12.848,1.9867549668874174,198.6754966887417,2552.5827814569534
3.07898847999968,12.884,1.9867549668874174,198.6754966887417,2559.735099337748
3.089049382999292,12.852,1.9867549668874174,198.6754966887417,2553.3774834437086
3.0991105069988407,12.884,1.9867549668874174,182.11920529801324,2346.4238410596026
3.1091713730002084,12.852,1.9867549668874174,198.6754966887417,2553.3774834437086
3.119231607999609,12.88,1.9867549668874174,198.6754966887417,2558.9403973509934
3.1292927149988827,12.852,1.9867549668874174,198.6754966887417,2553.3774834437086
3.1393531359990448,12.884,1.9867549668874174,198.6754966887417,2559.735099337748
3.1494131489998836,12.852,1.9867549668874174,198.6754966887417,2553.3774834437086
3.159474477999538,12.88,1.9867549668874174,198.6754966887417,2558.9403973509934
3.1695354169987695,12.852,1.9867549668874174,198.6754966887417,2553.3774834437086
3.1795964119992277,12.884,1.8211920529801322,215.23178807947022,2773.0463576158945
3.189657184999305,12.852,1.9867549668874174,198.6754966887417,2553.3774834437086
3.1997181799997634,12.88,1.9867549668874174,198.6754966887417,2558.9403973509934
3.209779044998868,12.856,1.9867549668874174,198.6754966887417,2554.1721854304633
3.219840022000426,12.88,2.1523178807947017,198.6754966887417,2558.9403973509934
3.2299007210003765,12.852,1.9867549668874174,198.6754966887417,2553.3774834437086
3.2399611599994387,12.884,2.1523178807947017,198.6754966887417,2559.735099337748
3.250021191999622,12.848,1.9867549668874174,215.23178807947022,2765.2980132450334
3.2600823169996147,12.884,1.9867549668874174,198.6754966887417,2559.735099337748
3.2701427199990576,12.848,2.1523178807947017,215.23178807947022,2765.2980132450334
3.2802028070000233,12.884,1.9867549668874174,198.6754966887417,2559.735099337748
3.290262783999424,12.848,1.9867549668874174,215.23178807947022,2765.2980132450334
3.300322667999353,12.88,1.9867549668874174,198.6754966887417,2558.9403973509934
3.3103834409994306,12.852,1.9867549668874174,198.6754966887417,2553.3774834437086
3.3204437869990215,12.888,1.9867549668874174,198.6754966887417,2560.529801324503
3.3305046530003892,12.852,1.9867549668874174,198.6754966887417,2553.3774834437086
3.340565684999092,12.884,1.9867549668874174,198.6754966887417,2559.735099337748
3.3506263099989155,12.852,1.9867549668874174,198.6754966887417,2553.3774834437086
3.360687082000368,12.88,1.9867549668874174,198.6754966887417,2558.9403973509934
3.370747928998753,12.852,1.9867549668874174,198.6754966887417,2553.3774834437086
3.3808082019986614,12.88,1.9867549668874174,198.6754966887417,2558.9403973509934
3.3908688079991407,12.852,1.9867549668874174,198.6754966887417,2553.3774834437086
3.40092867400017,12.88,1.9867549668874174,198.6754966887417,2558.9403973509934
3.410989836000226,12.852,1.9867549668874174,215.23178807947022,2766.158940397351
3.4210507749994576,12.884,1.9867549668874174,215.23178807947022,2773.0463576158945
3.43111178899926,12.868,1.9867549668874174,198.6754966887417,2556.5562913907283
3.44117252399883,12.916,1.8211920529801322,198.6754966887417,2566.0927152317877
3.4512334449991613,12.868,1.9867549668874174,198.6754966887417,2556.5562913907283
3.461294237000402,12.896,1.8211920529801322,198.6754966887417,2562.119205298013
3.471354342998893,12.864,1.9867549668874174,198.6754966887417,2555.7615894039736
3.4814142449995416,12.896,1.9867549668874174,182.11920529801324,2348.609271523179
3.4914744809993863,12.864,1.8211920529801322,182.11920529801324,2342.7814569536426
3.5015343649993156,12.896,1.8211920529801322,198.6754966887417,2562.119205298013
3.5115943599994353,12.868,1.9867549668874174,182.11920529801324,2343.5099337748343
3.5216554290000204,12.896,1.9867549668874174,198.6754966887417,2562.119205298013
3.5317162579995056,12.868,1.9867549668874174,182.11920529801324,2343.5099337748343
3.5417804379994777,12.896,1.9867549668874174,198.6754966887417,2562.119205298013
3.551842247999957,12.872,1.9867549668874174,198.6754966887417,2557.350993377483
3.561903206000352,12.884,1.9867549668874174,198.6754966887417,2559.735099337748
3.571964181999647,12.844,1.9867549668874174,198.6754966887417,2551.788079470198
3.5820250659999147,12.868,1.9867549668874174,198.6754966887417,2556.5562913907283
3.5920861169997806,12.856,1.9867549668874174,198.6754966887417,2554.1721854304633
3.6021470010000485,12.876,1.9867549668874174,198.6754966887417,2558.1456953642382
3.612207236999893,12.856,1.9867549668874174,198.6754966887417,2554.1721854304633
3.6222686389992305,12.88,1.9867549668874174,198.6754966887417,2558.9403973509934
3.632329596999625,12.852,1.9867549668874174,198.6754966887417,2553.3774834437086
3.6423931659992377,12.88,1.9867549668874174,198.6754966887417,2558.9403973509934
3.6524543830000766,12.86,1.9867549668874174,198.6754966887417,2554.966887417218
3.6625152670003445,12.88,1.9867549668874174,198.6754966887417,2558.9403973509934
3.672575651000443,12.852,1.9867549668874174,198.6754966887417,2553.3774834437086
3.68263631300033,12.88,1.8211920529801322,198.6754966887417,2558.9403973509934
3.692696160000196,12.852,1.9867549668874174,198.6754966887417,2553.3774834437086
3.702756118000252,12.88,1.9867549668874174,198.6754966887417,2558.9403973509934
3.7128160020001815,12.852,1.9867549668874174,198.6754966887417,2553.3774834437086
3.722876312000153,12.88,1.9867549668874174,198.6754966887417,2558.9403973509934
3.7329362879991095,12.86,1.9867549668874174,215.23178807947022,2767.880794701987
3.7429975979994197,12.88,1.9867549668874174,198.6754966887417,2558.9403973509934
3.7530584639989684,12.86,1.9867549668874174,198.6754966887417,2554.966887417218
3.7631195329995535,12.876,1.9867549668874174,198.6754966887417,2558.1456953642382
3.773181582999314,12.856,1.9867549668874174,198.6754966887417,2554.1721854304633
3.7832426709992433,12.872,2.1523178807947017,198.6754966887417,2557.350993377483
3.793303610998919,12.856,1.9867549668874174,198.6754966887417,2554.1721854304633
3.803363716999229,12.892,1.9867549668874174,182.11920529801324,2347.880794701987
3.8134244899993064,12.884,1.9867549668874174,182.11920529801324,2346.4238410596026
3.8234855769987917,12.896,1.9867549668874174,182.11920529801324,2348.609271523179
3.833546182999271,12.88,1.8211920529801322,198.6754966887417,2558.9403973509934
3.8436085489993275,12.888,1.9867549668874174,182.11920529801324,2347.1523178807947
3.8536683399997855,12.88,1.9867549668874174,198.6754966887417,2558.9403973509934
3.863730076000138,12.884,1.9867549668874174,198.6754966887417,2559.735099337748
3.873790812000152,12.872,1.9867549668874174,198.6754966887417,2557.350993377483
3.8838515850002295,12.884,1.9867549668874174,198.6754966887417,2559.735099337748
3.8939120799986995,12.872,1.9867549668874174,182.11920529801324,2344.2384105960264
3.9039923519994773,12.884,1.8211920529801322,198.6754966887417,2559.735099337748
3.9140781619989866,12.876,1.9867549668874174,182.11920529801324,2344.9668874172185
3.9241559709989815,12.888,1.9867549668874174,198.6754966887417,2560.529801324503
3.9342333179993147,12.876,1.8211920529801322,182.11920529801324,2344.9668874172185
3.944310756998675,12.888,1.8211920529801322,182.11920529801324,2347.1523178807947
3.9543875669987756,12.876,1.9867549668874174,198.6754966887417,2558.1456953642382
3.9644640979986434,12.88,1.9867549668874174,198.6754966887417,2558.9403973509934
3.9745415189991036,12.88,1.9867549668874174,182.11920529801324,2345.6953642384105
3.9846153290000075,12.872,1.9867549668874174,182.11920529801324,2344.2384105960264
3.9946924899995793,12.884,1.9867549668874174,182.11920529801324,2346.4238410596026
4.004770669998834,12.872,1.9867549668874174,198.6754966887417,2557.350993377483
4.014850053999908,12.888,1.8211920529801322,198.6754966887417,2560.529801324503
4.0249284929996065,12.876,1.9867549668874174,182.11920529801324,2344.9668874172185
4.035004358000151,12.884,1.8211920529801322,182.11920529801324,2346.4238410596026
4.045081037998898,12.88,1.8211920529801322,182.11920529801324,2345.6953642384105
4.055157976999908,12.884,1.9867549668874174,198.6754966887417,2559.735099337748
4.065233397999691,12.88,1.8211920529801322,198.6754966887417,2558.9403973509934
4.075308818999474,12.88,1.9867549668874174,198.6754966887417,2558.9403973509934
4.085384313999384,12.872,1.9867549668874174,198.6754966887417,2557.350993377483
4.0954597709987866,12.888,1.9867549668874174,198.6754966887417,2560.529801324503
4.1055413960002625,12.868,1.9867549668874174,182.11920529801324,2343.5099337748343
4.115622704999623,12.884,1.9867549668874174,198.6754966887417,2559.735099337748
4.125703773999703,12.872,1.9867549668874174,182.11920529801324,2344.2384105960264
4.135784398000396,12.888,1.8211920529801322,182.11920529801324,2347.1523178807947
4.14586042999872,12.872,1.9867549668874174,198.6754966887417,2557.350993377483
4.155940462000217,12.888,1.9867549668874174,182.11920529801324,2347.1523178807947
4.16602158599926,12.868,1.9867549668874174,198.6754966887417,2556.5562913907283
4.176102600000377,12.888,1.9867549668874174,198.6754966887417,2560.529801324503
4.186183816000266,12.864,1.9867549668874174,198.6754966887417,2555.7615894039736
4.196263384999838,12.892,1.9867549668874174,182.11920529801324,2347.880794701987
4.206340269000066,12.864,1.8211920529801322,198.6754966887417,2555.7615894039736
4.2164167079990875,12.896,1.9867549668874174,182.11920529801324,2348.609271523179
4.226493610000034,12.864,1.8211920529801322,182.11920529801324,2342.7814569536426
4.2365700499995,12.896,1.9867549668874174,198.6754966887417,2562.119205298013
4.24664637800015,12.868,1.9867549668874174,182.11920529801324,2343.5099337748343
4.256724631999532,12.892,1.9867549668874174,198.6754966887417,2561.324503311258
4.266801108000436,12.868,1.9867549668874174,182.11920529801324,2343.5099337748343
4.276876435998929,12.892,1.8211920529801322,215.23178807947022,2774.76821192053
4.286951709000277,12.864,1.9867549668874174,198.6754966887417,2555.7615894039736
4.29702968499987,12.892,1.8211920529801322,198.6754966887417,2561.324503311258
4.307111956999506,12.864,1.9867549668874174,182.11920529801324,2342.7814569536426
4.317194303999713,12.896,1.9867549668874174,198.6754966887417,2562.119205298013
4.327274872999624,12.86,1.8211920529801322,182.11920529801324,2342.05298013245
4.337357479000275,12.9,1.8211920529801322,182.11920529801324,2349.337748344371
4.347438602999318,12.864,1.9867549668874174,198.6754966887417,2555.7615894039736
4.357518356999208,12.9,1.9867549668874174,198.6754966887417,2562.913907284768
4.367599203000282,12.864,1.9867549668874174,198.6754966887417,2555.7615894039736
4.377680012999917,12.892,1.9867549668874174,198.6754966887417,2561.324503311258
4.387761173999024,12.86,1.9867549668874174,198.6754966887417,2554.966887417218
4.397841687999971,12.896,1.9867549668874174,182.11920529801324,2348.609271523179
4.407922700998824,12.864,1.9867549668874174,182.11920529801324,2342.7814569536426
4.41800302899901,12.9,1.8211920529801322,198.6754966887417,2562.913907284768
4.428083967999555,12.868,1.8211920529801322,198.6754966887417,2556.5562913907283
4.438165018000291,12.9,1.8211920529801322,182.11920529801324,2349.337748344371
4.448245272000349,12.868,1.9867549668874174,182.11920529801324,2343.5099337748343
4.458326210999076,12.9,1.8211920529801322,198.6754966887417,2562.913907284768
4.46840691000034,12.872,1.9867549668874174,182.11920529801324,2344.2384105960264
4.478488181999637,12.888,1.9867549668874174,198.6754966887417,2560.529801324503
4.488568843999019,12.872,1.8211920529801322,182.11920529801324,2344.2384105960264
4.498645005000071,12.884,1.9867549668874174,198.6754966887417,2559.735099337748
4.508728017999601,12.872,1.9867549668874174,182.11920529801324,2344.2384105960264
4.518808975999491,12.888,1.8211920529801322,182.11920529801324,2347.1523178807947
4.528891044999909,12.876,1.9867549668874174,198.6754966887417,2558.1456953642382
4.538980687999356,12.892,1.9867549668874174,198.6754966887417,2561.324503311258
4.549064348999309,12.872,1.9867549668874174,198.6754966887417,2557.350993377483
4.559146120998776,12.892,1.9867549668874174,198.6754966887417,2561.324503311258
4.569228596999892,12.876,1.9867549668874174,198.6754966887417,2558.1456953642382
4.579309980999824,12.892,1.9867549668874174,198.6754966887417,2561.324503311258
4.589391216999502,12.872,1.9867549668874174,198.6754966887417,2557.350993377483
4.5994725079999625,12.88,1.9867549668874174,198.6754966887417,2558.9403973509934
4.60955013199964,12.876,1.9867549668874174,198.6754966887417,2558.1456953642382
4.619627218999085,12.884,1.8211920529801322,198.6754966887417,2559.735099337748
4.629705732999355,12.88,1.8211920529801322,198.6754966887417,2558.9403973509934
4.639781208999921,12.884,1.9867549668874174,198.6754966887417,2559.735099337748
4.649857055999746,12.88,1.8211920529801322,198.6754966887417,2558.9403973509934
4.6599341059991275,12.884,1.8211920529801322,198.6754966887417,2559.735099337748
4.670011174999672,12.884,1.9867549668874174,198.6754966887417,2559.735099337748
4.680088113998863,12.876,1.8211920529801322,198.6754966887417,2558.1456953642382
4.690163756999027,12.884,1.8211920529801322,198.6754966887417,2559.735099337748
4.700240862999635,12.868,1.9867549668874174,198.6754966887417,2556.5562913907283
4.710321616999863,12.888,1.8211920529801322,182.11920529801324,2347.1523178807947
4.720403073999478,12.872,1.9867549668874174,182.11920529801324,2344.2384105960264
4.730484198998965,12.888,1.9867549668874174,182.11920529801324,2347.1523178807947
4.740565341999172,12.876,1.9867549668874174,198.6754966887417,2558.1456953642382
4.750643428998956,12.888,1.9867549668874174,198.6754966887417,2560.529801324503
4.760726757000157,12.876,1.8211920529801322,198.6754966887417,2558.1456953642382
4.770808084998862,12.888,1.9867549668874174,198.6754966887417,2560.529801324503
4.78089065399945,12.876,1.9867549668874174,182.11920529801324,2344.9668874172185
4.7909713339995506,12.884,1.9867549668874174,198.6754966887417,2559.735099337748
4.801051069000096,12.868,1.8211920529801322,198.6754966887417,2556.5562913907283
4.811132026999985,12.888,1.8211920529801322,182.11920529801324,2347.1523178807947
4.821214150999367,12.868,1.9867549668874174,198.6754966887417,2556.5562913907283
4.8312946269998065,12.892,1.9867549668874174,198.6754966887417,2561.324503311258
4.8413749920000555,12.868,1.8211920529801322,198.6754966887417,2556.5562913907283
4.851455523999903,12.892,1.9867549668874174,182.11920529801324,2347.880794701987
4.86153605599975,12.872,1.8211920529801322,198.6754966887417,2557.350993377483
4.8716165509995335,12.892,1.8211920529801322,182.11920529801324,2347.880794701987
4.8816969159997825,12.864,1.9867549668874174,198.6754966887417,2555.7615894039736
4.891777335998995,12.896,1.8211920529801322,182.11920529801324,2348.609271523179
4.901857720000407,12.864,1.9867549668874174,198.6754966887417,2555.7615894039736
4.911962584999856,12.896,1.9867549668874174,182.11920529801324,2348.609271523179
4.922042875999978,12.86,1.8211920529801322,198.6754966887417,2554.966887417218
4.932127481999487,12.896,1.9867549668874174,182.11920529801324,2348.609271523179
4.942209234999609,12.864,1.8211920529801322,182.11920529801324,2342.7814569536426
4.9522902489989065,12.896,1.9867549668874174,182.11920529801324,2348.609271523179
4.962371169000107,12.868,1.8211920529801322,198.6754966887417,2556.5562913907283
4.9724598310003785,12.892,1.9867549668874174,198.6754966887417,2561.324503311258
4.982537824998872,12.868,1.9867549668874174,198.6754966887417,2556.5562913907283
4.992619245998867,12.888,1.8211920529801322,198.6754966887417,2560.529801324503
5.0027006109994545,12.868,1.9867549668874174,198.6754966887417,2556.5562913907283
5.012778309999703,12.892,1.8211920529801322,182.11920529801324,2347.880794701987
5.022855137998704,12.868,1.9867549668874174,198.6754966887417,2556.5562913907283
5.0329310950000945,12.896,1.9867549668874174,198.6754966887417,2562.119205298013
5.043004163999285,12.868,1.9867549668874174,198.6754966887417,2556.5562913907283
5.053084289000253,12.892,1.9867549668874174,198.6754966887417,2561.324503311258
5.0631583759986825,12.868,1.8211920529801322,182.11920529801324,2343.5099337748343
5.073237777998656,12.892,1.8211920529801322,198.6754966887417,2561.324503311258
5.083314068999243,12.868,1.9867549668874174,198.6754966887417,2556.5562913907283
5.093392193999534,12.892,1.9867549668874174,198.6754966887417,2561.324503311258
5.10346453999955,12.864,1.9867549668874174,182.11920529801324,2342.7814569536426
5.113543145998847,12.892,1.9867549668874174,182.11920529801324,2347.880794701987
5.123619547999624,12.868,1.8211920529801322,198.6754966887417,2556.5562913907283
5.133697747000042,12.892,1.9867549668874174,198.6754966887417,2561.324503311258
5.143771944998662,12.868,1.9867549668874174,198.6754966887417,2556.5562913907283
5.153848791998826,12.884,1.8211920529801322,198.6754966887417,2559.735099337748
5.163925212998947,12.876,1.8211920529801322,198.6754966887417,2558.1456953642382
5.174003041000105,12.884,1.9867549668874174,182.11920529801324,2346.4238410596026
5.184079442999064,12.876,1.9867549668874174,198.6754966887417,2558.1456953642382
5.1941589929992915,12.88,1.9867549668874174,198.6754966887417,2558.9403973509934
5.204232488000343,12.88,1.9867549668874174,182.11920529801324,2345.6953642384105
5.21430650199909,12.88,1.9867549668874174,198.6754966887417,2558.9403973509934
5.224379847999444,12.88,1.8211920529801322,198.6754966887417,2558.9403973509934
5.234456620999481,12.884,1.8211920529801322,198.6754966887417,2559.735099337748
5.244533060000322,12.88,1.9867549668874174,182.11920529801324,2345.6953642384105
5.254608924999047,12.876,1.9867549668874174,182.11920529801324,2344.9668874172185
5.264687012999275,12.88,1.8211920529801322,182.11920529801324,2345.6953642384105
5.274763174000327,12.876,1.8211920529801322,198.6754966887417,2558.1456953642382
5.284836205999454,12.884,1.9867549668874174,198.6754966887417,2559.735099337748
5.294913886000359,12.876,1.9867549668874174,198.6754966887417,2558.1456953642382
5.305002584000249,12.876,1.9867549668874174,182.11920529801324,2344.9668874172185
5.315079337999123,12.876,1.9867549668874174,198.6754966887417,2558.1456953642382
5.325157481000133,12.88,1.8211920529801322,182.11920529801324,2345.6953642384105
5.335233550000339,12.876,1.9867549668874174,198.6754966887417,2558.1456953642382
5.345311359998959,12.88,1.9867549668874174,198.6754966887417,2558.9403973509934
5.355387057999906,12.876,1.9867549668874174,198.6754966887417,2558.1456953642382
5.365464496999266,12.888,1.9867549668874174,182.11920529801324,2347.1523178807947
5.375544122000065,12.868,1.8211920529801322,182.11920529801324,2343.5099337748343
5.385622468000292,12.888,1.8211920529801322,182.11920529801324,2347.1523178807947
5.3956982039999275,12.868,1.8211920529801322,215.23178807947022,2769.602649006623
5.405836215999443,12.888,1.8211920529801322,182.11920529801324,2347.1523178807947
5.415917803000411,12.86,1.9867549668874174,198.6754966887417,2554.966887417218
5.4259986500001105,12.888,1.9867549668874174,182.11920529801324,2347.1523178807947
5.4360795709999365,12.868,1.9867549668874174,182.11920529801324,2343.5099337748343
5.446160527999382,12.888,1.9867549668874174,198.6754966887417,2560.529801324503
5.456240985999102,12.868,1.8211920529801322,198.6754966887417,2556.5562913907283
5.466321702999267,12.888,1.8211920529801322,198.6754966887417,2560.529801324503
5.476403863998712,12.868,1.9867549668874174,182.11920529801324,2343.5099337748343
5.486482766000336,12.892,1.9867549668874174,198.6754966887417,2561.324503311258
5.496559631999844,12.864,1.9867549668874174,198.6754966887417,2555.7615894039736
5.506652107998889,12.888,1.8211920529801322,182.11920529801324,2347.1523178807947
5.516731138999603,12.864,1.9867549668874174,198.6754966887417,2555.7615894039736
5.526807207999809,12.892,1.9867549668874174,198.6754966887417,2561.324503311258
5.536884146999,12.868,1.8211920529801322,198.6754966887417,2556.5562913907283
5.546960198000306,12.892,1.9867549668874174,198.6754966887417,2561.324503311258
5.557038173999899,12.864,1.8211920529801322,198.6754966887417,2555.7615894039736
5.56711489099871,12.892,1.9867549668874174,198.6754966887417,2561.324503311258
5.577196755999466,12.868,1.8211920529801322,182.11920529801324,2343.5099337748343
5.587281398999039,12.896,1.9867549668874174,198.6754966887417,2562.119205298013
5.597360170999309,12.864,1.9867549668874174,198.6754966887417,2555.7615894039736
5.607446665999305,12.9,1.8211920529801322,198.6754966887417,2562.913907284768
5.617524235000019,12.86,1.9867549668874174,182.11920529801324,2342.05298013245
5.627597747999971,12.896,1.8211920529801322,198.6754966887417,2562.119205298013
5.637678539000262,12.864,1.9867549668874174,182.11920529801324,2342.7814569536426
5.647751626998797,12.892,1.8211920529801322,198.6754966887417,2561.324503311258
5.65783021399875,12.868,1.9867549668874174,198.6754966887417,2556.5562913907283
5.667907282999295,12.892,1.9867549668874174,198.6754966887417,2561.324503311258
5.678006924999863,12.868,1.9867549668874174,182.11920529801324,2343.5099337748343
5.688086086998737,12.892,1.8211920529801322,198.6754966887417,2561.324503311258
5.69816793300015,12.868,1.8211920529801322,182.11920529801324,2343.5099337748343
5.708244575998833,12.888,1.8211920529801322,198.6754966887417,2560.529801324503
5.71832268199978,12.868,1.9867549668874174,198.6754966887417,2556.5562913907283
5.728399751000325,12.888,1.9867549668874174,182.11920529801324,2347.1523178807947
5.738476300999537,12.868,1.8211920529801322,182.11920529801324,2343.5099337748343
5.74855231499896,12.884,1.9867549668874174,198.6754966887417,2559.735099337748
5.758627920999061,12.872,1.8211920529801322,182.11920529801324,2344.2384105960264
5.7687061189990345,12.884,1.8211920529801322,182.11920529801324,2346.4238410596026
5.778782261999368,12.876,1.9867549668874174,198.6754966887417,2558.1456953642382
5.788860274999024,12.884,1.9867549668874174,198.6754966887417,2559.735099337748
5.798936584998955,12.876,1.8211920529801322,198.6754966887417,2558.1456953642382
5.809012468998844,12.888,1.8211920529801322,198.6754966887417,2560.529801324503
5.819093129999601,12.872,1.9867549668874174,198.6754966887417,2557.350993377483
5.8291706620002515,12.888,1.8211920529801322,182.11920529801324,2347.1523178807947
5.839246470999569,12.872,1.8211920529801322,198.6754966887417,2557.350993377483
5.84932459599986,12.888,1.8211920529801322,182.11920529801324,2347.1523178807947
5.859401849998903,12.876,1.9867549668874174,182.11920529801324,2344.9668874172185
5.869482955999047,12.888,1.9867549668874174,182.11920529801324,2347.1523178807947
5.879563802000121,12.88,1.8211920529801322,182.11920529801324,2345.6953642384105
5.8896443149988045,12.876,1.9867549668874174,198.6754966887417,2558.1456953642382
5.899725125000259,12.88,1.9867549668874174,182.11920529801324,2345.6953642384105
5.909829582000384,12.872,1.8211920529801322,198.6754966887417,2557.350993377483
5.91990663300021,12.884,1.9867549668874174,182.11920529801324,2346.4238410596026
5.929987126999549,12.872,1.8211920529801322,198.6754966887417,2557.350993377483
5.9400631219996285,12.88,1.9867549668874174,198.6754966887417,2558.9403973509934
5.950139708998904,12.876,1.9867549668874174,198.6754966887417,2558.1456953642382
5.960215703998983,12.888,1.9867549668874174,182.11920529801324,2347.1523178807947
5.970292457999676,12.872,1.8211920529801322,182.11920529801324,2344.2384105960264
5.980368638000073,12.888,1.9867549668874174,182.11920529801324,2347.1523178807947
5.990445206998629,12.868,1.9867549668874174,182.11920529801324,2343.5099337748343
6.0005214430002525,12.888,1.8211920529801322,198.6754966887417,2560.529801324503
6.010654010999133,12.872,1.9867549668874174,182.11920529801324,2344.2384105960264
6.020704894999653,12.88,1.9867549668874174,198.6754966887417,2558.9403973509934
6.030783166999754,12.872,1.9867549668874174,182.11920529801324,2344.2384105960264
6.040865068998755,12.884,1.9867549668874174,198.6754966887417,2559.735099337748
6.0509503969988145,12.872,1.9867549668874174,182.11920529801324,2344.2384105960264
6.061026539999148,12.888,1.9867549668874174,198.6754966887417,2560.529801324503
6.07110755299982,12.872,1.8211920529801322,198.6754966887417,2557.350993377483
6.081190474000323,12.892,1.8211920529801322,198.6754966887417,2561.324503311258
6.091271469000276,12.872,1.9867549668874174,182.11920529801324,2344.2384105960264
6.101352296998812,12.892,1.9867549668874174,198.6754966887417,2561.324503311258
6.111445106000247,12.864,1.8211920529801322,182.11920529801324,2342.7814569536426
6.121521527000368,12.896,1.8211920529801322,198.6754966887417,2562.119205298013
6.131594188000236,12.86,1.9867549668874174,198.6754966887417,2554.966887417218
6.141671813000357,12.892,1.9867549668874174,182.11920529801324,2347.880794701987
6.151744955999675,12.864,1.9867549668874174,198.6754966887417,2555.7615894039736
6.161822616999416,12.892,1.9867549668874174,182.11920529801324,2347.880794701987
6.171899204999136,12.868,1.9867549668874174,182.11920529801324,2343.5099337748343
6.181975347999469,12.896,1.8211920529801322,182.11920529801324,2348.609271523179
6.192049138999209,12.86,1.9867549668874174,182.11920529801324,2342.05298013245
6.202122392998717,12.896,1.9867549668874174,198.6754966887417,2562.119205298013
6.212207349999517,12.86,1.9867549668874174,198.6754966887417,2554.966887417218
6.222284863999448,12.892,1.9867549668874174,198.6754966887417,2561.324503311258
6.232366098998682,12.864,1.9867549668874174,198.6754966887417,2555.7615894039736
6.24244685299891,12.896,1.9867549668874174,198.6754966887417,2562.119205298013
6.252527291999286,12.864,1.9867549668874174,198.6754966887417,2555.7615894039736
6.262608306000402,12.892,1.9867549668874174,182.11920529801324,2347.880794701987
6.272691244999805,12.868,1.9867549668874174,182.11920529801324,2343.5099337748343
6.282768590999694,12.892,1.8211920529801322,182.11920529801324,2347.880794701987
6.292844937999689,12.868,1.9867549668874174,182.11920529801324,2343.5099337748343
6.302925821999452,12.896,1.9867549668874174,198.6754966887417,2562.119205298013
6.313017593998666,12.868,1.9867549668874174,198.6754966887417,2556.5562913907283
6.323094088998914,12.896,1.9867549668874174,198.6754966887417,2562.119205298013
6.333172212998761,12.86,1.9867549668874174,182.11920529801324,2342.05298013245
6.343248522998692,12.892,1.9867549668874174,182.11920529801324,2347.880794701987
6.353326313999787,12.864,1.9867549668874174,182.11920529801324,2342.7814569536426
6.363402437998957,12.892,1.8211920529801322,182.11920529801324,2347.880794701987
6.3734799140002,12.868,1.9867549668874174,198.6754966887417,2556.5562913907283
6.383557760998883,12.892,1.9867549668874174,198.6754966887417,2561.324503311258
6.393636032998984,12.872,1.9867549668874174,182.11920529801324,2344.2384105960264
6.403711824999846,12.892,1.9867549668874174,198.6754966887417,2561.324503311258
6.413834984999994,12.872,1.9867549668874174,182.11920529801324,2344.2384105960264
6.423916294999799,12.888,1.8211920529801322,198.6754966887417,2560.529801324503
6.433997566999096,12.872,1.9867549668874174,198.6754966887417,2557.350993377483
6.444078618000276,12.888,1.9867549668874174,182.11920529801324,2347.1523178807947
6.454159167999023,12.872,1.9867549668874174,182.11920529801324,2344.2384105960264
6.464239810999061,12.888,1.8211920529801322,198.6754966887417,2560.529801324503
6.474320934999923,12.876,1.8211920529801322,182.11920529801324,2344.9668874172185
6.484398466998755,12.88,1.8211920529801322,198.6754966887417,2558.9403973509934
6.494475498999236,12.876,1.9867549668874174,182.11920529801324,2344.9668874172185
6.504556215999401,12.88,1.9867549668874174,182.11920529801324,2345.6953642384105
6.5146462289994815,12.872,1.8211920529801322,198.6754966887417,2557.350993377483
6.524724463999519,12.884,1.9867549668874174,182.11920529801324,2346.4238410596026
6.534800792000169,12.872,1.9867549668874174,198.6754966887417,2557.350993377483
6.544872731999931,12.884,1.9867549668874174,182.11920529801324,2346.4238410596026
6.554948966999291,12.876,1.9867549668874174,198.6754966887417,2558.1456953642382
6.565026868998757,12.876,1.9867549668874174,182.11920529801324,2344.9668874172185
6.575102808999873,12.88,1.9867549668874174,198.6754966887417,2558.9403973509934
6.585180488000333,12.876,1.8211920529801322,198.6754966887417,2558.1456953642382
6.595257001999926,12.884,1.8211920529801322,198.6754966887417,2559.735099337748
6.60533458899954,12.876,1.9867549668874174,198.6754966887417,2558.1456953642382
6.615453602000343,12.888,1.9867549668874174,182.11920529801324,2347.1523178807947
6.625537429999895,12.872,1.9867549668874174,198.6754966887417,2557.350993377483
6.635618221000186,12.884,1.9867549668874174,198.6754966887417,2559.735099337748
6.645699122998849,12.872,1.9867549668874174,198.6754966887417,2557.350993377483
6.655779635999352,12.884,1.9867549668874174,198.6754966887417,2559.735099337748
6.665859648999685,12.876,1.9867549668874174,182.11920529801324,2344.9668874172185
6.6759398659996805,12.888,1.8211920529801322,198.6754966887417,2560.529801324503
6.686018230999252,12.876,1.9867549668874174,182.11920529801324,2344.9668874172185
6.696095336999861,12.892,1.9867549668874174,198.6754966887417,2561.324503311258
6.706172313999559,12.868,1.9867549668874174,182.11920529801324,2343.5099337748343
6.716258233998815,12.892,1.8211920529801322,198.6754966887417,2561.324503311258
6.726335024999571,12.868,1.9867549668874174,182.11920529801324,2343.5099337748343
6.7364112790000945,12.884,1.8211920529801322,198.6754966887417,2559.735099337748
6.74648579299901,12.872,1.9867549668874174,198.6754966887417,2557.350993377483
6.756558675999258,12.888,1.9867549668874174,198.6754966887417,2560.529801324503
6.766632855998978,12.868,1.9867549668874174,182.11920529801324,2343.5099337748343
6.7766903699994145,12.892,1.9867549668874174,198.6754966887417,2561.324503311258
6.78676632799943,12.868,1.8211920529801322,182.11920529801324,2343.5099337748343
6.796843729998727,12.896,1.8211920529801322,198.6754966887417,2562.119205298013
6.806919835998997,12.864,1.9867549668874174,182.11920529801324,2342.7814569536426
6.817005181999775,12.896,1.9867549668874174,182.11920529801324,2348.609271523179
6.827086862000215,12.864,1.9867549668874174,198.6754966887417,2555.7615894039736
6.837169689999428,12.896,1.8211920529801322,182.11920529801324,2348.609271523179
6.847247018000417,12.86,1.9867549668874174,198.6754966887417,2554.966887417218
6.857323512998846,12.892,1.9867549668874174,198.6754966887417,2561.324503311258
6.867404360000364,12.864,1.9867549668874174,182.11920529801324,2342.7814569536426
6.877485557999535,12.892,1.8211920529801322,198.6754966887417,2561.324503311258
6.887567275000038,12.868,1.8211920529801322,198.6754966887417,2556.5562913907283
6.897643972999504,12.896,1.9867549668874174,198.6754966887417,2562.119205298013
6.907768727000075,12.864,1.8211920529801322,198.6754966887417,2555.7615894039736
6.917936978999933,12.896,1.9867549668874174,198.6754966887417,2562.119205298013
6.928021918000013,12.864,1.9867549668874174,198.6754966887417,2555.7615894039736
6.938098949998675,12.888,1.9867549668874174,182.11920529801324,2347.1523178807947
6.948175073999664,12.868,1.8211920529801322,182.11920529801324,2343.5099337748343
6.958248662000187,12.884,1.9867549668874174,198.6754966887417,2559.735099337748
6.968325230998744,12.868,1.9867549668874174,182.11920529801324,2343.5099337748343
6.97840129999895,12.888,1.9867549668874174,198.6754966887417,2560.529801324503
6.988477386999875,12.868,1.9867549668874174,198.6754966887417,2556.5562913907283
6.998553362998791,12.892,1.8211920529801322,198.6754966887417,2561.324503311258
7.008629616999315,12.872,1.9867549668874174,198.6754966887417,2557.350993377483
7.018756907998977,12.892,1.8211920529801322,182.11920529801324,2347.880794701987
7.028833921000114,12.868,1.8211920529801322,198.6754966887417,2556.5562913907283
7.038916007999433,12.892,1.9867549668874174,198.6754966887417,2561.324503311258
7.048999835998984,12.864,1.9867549668874174,198.6754966887417,2555.7615894039736
7.0590768860001845,12.892,1.9867549668874174,198.6754966887417,2561.324503311258
7.069162788999165,12.868,1.9867549668874174,182.11920529801324,2343.5099337748343
7.079245097998864,12.896,1.9867549668874174,198.6754966887417,2562.119205298013
7.089328332998775,12.872,1.9867549668874174,182.11920529801324,2344.2384105960264
7.099408772999595,12.884,1.9867549668874174,182.11920529801324,2346.4238410596026
7.109488600999612,12.872,1.9867549668874174,198.6754966887417,2557.350993377483
7.119579816999249,12.884,1.9867549668874174,198.6754966887417,2559.735099337748
7.1296564229996875,12.876,1.8211920529801322,182.11920529801324,2344.9668874172185
7.139732028999788,12.884,1.9867549668874174,198.6754966887417,2559.735099337748
7.149805282999296,12.876,1.8211920529801322,198.6754966887417,2558.1456953642382
7.159882092999396,12.888,1.8211920529801322,182.11920529801324,2347.1523178807947
7.169958921000216,12.88,1.9867549668874174,198.6754966887417,2558.9403973509934
7.180035007999322,12.876,1.9867549668874174,182.11920529801324,2344.9668874172185
7.190111447998788,12.884,1.9867549668874174,198.6754966887417,2559.735099337748
7.200185443000009,12.876,1.9867549668874174,198.6754966887417,2558.1456953642382
7.210257974000342,12.88,1.8211920529801322,198.6754966887417,2558.9403973509934
7.220336227999724,12.876,1.9867549668874174,198.6754966887417,2558.1456953642382
7.230417796999973,12.88,1.9867549668874174,198.6754966887417,2558.9403973509934
7.24049832899982,12.88,1.8211920529801322,198.6754966887417,2558.9403973509934
7.2505789719998575,12.876,1.8211920529801322,182.11920529801324,2344.9668874172185
7.260655467000106,12.88,1.8211920529801322,182.11920529801324,2345.6953642384105
7.270736627999213,12.88,1.9867549668874174,182.11920529801324,2345.6953642384105
7.2808144009995885,12.88,1.9867549668874174,182.11920529801324,2345.6953642384105
7.290892598999562,12.884,1.9867549668874174,182.11920529801324,2346.4238410596026
7.3009752050002135,12.872,1.8211920529801322,182.11920529801324,2344.2384105960264
7.311055533000399,12.888,1.8211920529801322,198.6754966887417,2560.529801324503
7.32114748999993,12.872,1.8211920529801322,198.6754966887417,2557.350993377483
7.3312235960002,12.892,1.8211920529801322,198.6754966887417,2561.324503311258
7.341301349999412,12.868,1.9867549668874174,198.6754966887417,2556.5562913907283
7.35137725200002,12.888,1.9867549668874174,182.11920529801324,2347.1523178807947
7.36145504399974,12.864,1.9867549668874174,182.11920529801324,2342.7814569536426
7.371532463999756,12.888,1.8211920529801322,198.6754966887417,2560.529801324503
7.381614588999582,12.868,1.9867549668874174,198.6754966887417,2556.5562913907283
7.391692008999598,12.892,1.8211920529801322,198.6754966887417,2561.324503311258
7.401770336999107,12.868,1.9867549668874174,182.11920529801324,2343.5099337748343
7.41185144299925,12.896,1.9867549668874174,182.11920529801324,2348.609271523179
7.421973492999314,12.864,1.9867549668874174,198.6754966887417,2555.7615894039736
7.432059597998887,12.892,1.9867549668874174,198.6754966887417,2561.324503311258
7.442141833998903,12.868,1.8211920529801322,198.6754966887417,2556.5562913907283
7.452223828999195,12.888,1.9867549668874174,182.11920529801324,2347.1523178807947
7.462305396999,12.868,1.9867549668874174,198.6754966887417,2556.5562913907283
7.4723870959987835,12.888,1.8211920529801322,182.11920529801324,2347.1523178807947
7.4824683679999,12.868,1.9867549668874174,198.6754966887417,2556.5562913907283
7.492549399999916,12.892,1.9867549668874174,198.6754966887417,2561.324503311258
7.502630709999721,12.868,1.8211920529801322,198.6754966887417,2556.5562913907283
7.512713833999442,12.896,1.8211920529801322,198.6754966887417,2562.119205298013
7.522806494998804,12.868,1.8211920529801322,198.6754966887417,2556.5562913907283
7.532890155998757,12.896,1.9867549668874174,198.6754966887417,2562.119205298013
7.542971928998668,12.864,1.8211920529801322,182.11920529801324,2342.7814569536426
7.553055164000398,12.896,1.9867549668874174,198.6754966887417,2562.119205298013
7.563136122000287,12.86,1.8211920529801322,182.11920529801324,2342.05298013245
7.573215671998696,12.9,1.9867549668874174,182.11920529801324,2349.337748344371
7.583297019000383,12.868,1.9867549668874174,198.6754966887417,2556.5562913907283
7.593377290999342,12.892,1.8211920529801322,182.11920529801324,2347.880794701987
7.603458841000247,12.868,1.9867549668874174,198.6754966887417,2556.5562913907283
7.613539780999417,12.892,1.9867549668874174,198.6754966887417,2561.324503311258
7.6236462380002195,12.868,1.8211920529801322,198.6754966887417,2556.5562913907283
7.633727213999009,12.896,1.8211920529801322,198.6754966887417,2562.119205298013
7.643808374999935,12.868,1.8211920529801322,198.6754966887417,2556.5562913907283
7.653888703998746,12.888,1.9867549668874174,198.6754966887417,2560.529801324503
7.66396966100001,12.868,1.8211920529801322,198.6754966887417,2556.5562913907283
7.674051433999921,12.892,1.8211920529801322,182.11920529801324,2347.880794701987
7.684132742999282,12.872,1.8211920529801322,198.6754966887417,2557.350993377483
7.694213126998875,12.884,1.9867549668874174,198.6754966887417,2559.735099337748
7.704292787999293,12.872,1.8211920529801322,198.6754966887417,2557.350993377483
7.714374004999627,12.884,1.9867549668874174,198.6754966887417,2559.735099337748
7.724456648000341,12.872,1.9867549668874174,198.6754966887417,2557.350993377483
7.73453860599875,12.884,1.8211920529801322,182.11920529801324,2346.4238410596026
7.744619470999169,12.876,1.9867549668874174,182.11920529801324,2344.9668874172185
7.75470015099927,12.888,1.9867549668874174,198.6754966887417,2560.529801324503
7.764780571000301,12.868,1.8211920529801322,198.6754966887417,2556.5562913907283
7.774861380999937,12.888,1.8211920529801322,198.6754966887417,2560.529801324503
7.7849445049996575,12.876,1.9867549668874174,198.6754966887417,2558.1456953642382
7.795025851999526,12.888,1.9867549668874174,198.6754966887417,2560.529801324503
7.805109049999373,12.88,1.9867549668874174,198.6754966887417,2558.9403973509934
7.815189988999919,12.88,1.9867549668874174,182.11920529801324,2345.6953642384105
7.825271038998835,12.88,1.9867549668874174,182.11920529801324,2345.6953642384105
7.835352090000015,12.88,1.8211920529801322,198.6754966887417,2558.9403973509934
7.8454328249990795,12.88,1.9867549668874174,198.6754966887417,2558.9403973509934
7.855513356998927,12.876,1.8211920529801322,198.6754966887417,2558.1456953642382
7.865594610999324,12.88,1.9867549668874174,198.6754966887417,2558.9403973509934
7.87567638299879,12.876,1.9867549668874174,198.6754966887417,2558.1456953642382
7.885757119000118,12.88,1.9867549668874174,182.11920529801324,2345.6953642384105
7.895838464999542,12.88,1.9867549668874174,198.6754966887417,2558.9403973509934
7.905922052999813,12.884,1.9867549668874174,198.6754966887417,2559.735099337748
7.916006194998772,12.872,1.8211920529801322,198.6754966887417,2557.350993377483
7.92608804199881,12.888,1.8211920529801322,198.6754966887417,2560.529801324503
7.936164091999672,12.872,1.8211920529801322,182.11920529801324,2344.2384105960264
7.946241161000216,12.888,1.9867549668874174,198.6754966887417,2560.529801324503
7.956318803999238,12.876,1.9867549668874174,182.11920529801324,2344.9668874172185
7.966395465999085,12.884,1.9867549668874174,198.6754966887417,2559.735099337748
7.976472090000243,12.876,1.9867549668874174,198.6754966887417,2558.1456953642382
7.986549788000048,12.888,1.9867549668874174,182.11920529801324,2347.1523178807947
7.9966266350002115,12.868,1.9867549668874174,198.6754966887417,2556.5562913907283
8.006703944998662,12.888,1.9867549668874174,198.6754966887417,2560.529801324503
8.016783050999948,12.868,1.9867549668874174,182.11920529801324,2343.5099337748343
8.026859674999287,12.892,1.9867549668874174,182.11920529801324,2347.880794701987
8.036940650999895,12.864,1.9867549668874174,198.6754966887417,2555.7615894039736
8.047021812999446,12.892,1.9867549668874174,198.6754966887417,2561.324503311258
8.057102695998765,12.864,1.9867549668874174,198.6754966887417,2555.7615894039736
8.067182671999035,12.892,1.9867549668874174,198.6754966887417,2561.324503311258
8.077263408000363,12.864,1.8211920529801322,198.6754966887417,2555.7615894039736
8.087347253998814,12.892,1.9867549668874174,198.6754966887417,2561.324503311258
8.097429100998852,12.864,1.8211920529801322,182.11920529801324,2342.7814569536426
8.107510947000264,12.892,1.8211920529801322,182.11920529801324,2347.880794701987
8.117592774999139,12.868,1.9867549668874174,182.11920529801324,2343.5099337748343
8.127686955000172,12.896,1.9867549668874174,198.6754966887417,2562.119205298013
8.137763634998919,12.86,1.9867549668874174,182.11920529801324,2342.05298013245
8.147839925999506,12.892,1.8211920529801322,198.6754966887417,2561.324503311258
8.157918310000241,12.864,1.9867549668874174,198.6754966887417,2555.7615894039736
8.167994655999792,12.888,1.9867549668874174,182.11920529801324,2347.1523178807947
8.178071947999342,12.868,1.9867549668874174,198.6754966887417,2556.5562913907283
8.1881485899994,12.892,1.9867549668874174,198.6754966887417,2561.324503311258
8.19822445600039,12.868,1.8211920529801322,198.6754966887417,2556.5562913907283
8.208301042999665,12.892,1.8211920529801322,198.6754966887417,2561.324503311258
8.218377852999765,12.864,1.9867549668874174,198.6754966887417,2555.7615894039736
8.228463718000057,12.892,1.8211920529801322,198.6754966887417,2561.324503311258
8.238543989999016,12.868,1.8211920529801322,198.6754966887417,2556.5562913907283
8.248624558998927,12.896,1.9867549668874174,182.11920529801324,2348.609271523179
8.258706201999303,12.864,1.9867549668874174,198.6754966887417,2555.7615894039736
8.268789751999066,12.896,1.8211920529801322,198.6754966887417,2562.119205298013
8.278870412999822,12.86,1.9867549668874174,182.11920529801324,2342.05298013245
8.288951241000177,12.892,1.9867549668874174,198.6754966887417,2561.324503311258
8.299032513999919,12.868,1.9867549668874174,182.11920529801324,2343.5099337748343
8.309115063999343,12.888,1.9867549668874174,182.11920529801324,2347.1523178807947
8.319195965999825,12.868,1.8211920529801322,182.11920529801324,2343.5099337748343
8.329289200999483,12.888,1.9867549668874174,182.11920529801324,2347.1523178807947
8.339370621999478,12.872,1.9867549668874174,198.6754966887417,2557.350993377483
8.349451116999262,12.888,1.9867549668874174,182.11920529801324,2347.1523178807947
8.3595320000004,12.868,1.9867549668874174,198.6754966887417,2556.5562913907283
8.369613253998978,12.884,1.8211920529801322,198.6754966887417,2559.735099337748
8.379694285998994,12.872,1.8211920529801322,198.6754966887417,2557.350993377483
8.389775743999053,12.888,1.9867549668874174,198.6754966887417,2560.529801324503
8.399856701000317,12.876,1.8211920529801322,182.11920529801324,2344.9668874172185
8.40993699200044,12.88,1.8211920529801322,198.6754966887417,2558.9403973509934
8.420017042999461,12.876,1.9867549668874174,182.11920529801324,2344.9668874172185
8.430121129998952,12.88,1.9867549668874174,198.6754966887417,2558.9403973509934
8.440202402000068,12.876,1.9867549668874174,182.11920529801324,2344.9668874172185
8.450283619000402,12.884,1.9867549668874174,198.6754966887417,2559.735099337748
8.460364577000291,12.88,1.9867549668874174,182.11920529801324,2345.6953642384105
8.470446293998975,12.884,1.8211920529801322,198.6754966887417,2559.735099337748
8.480527714000345,12.872,1.9867549668874174,198.6754966887417,2557.350993377483
8.49060869099958,12.884,1.8211920529801322,198.6754966887417,2559.735099337748
8.500690925999152,12.88,1.8211920529801322,198.6754966887417,2558.9403973509934
8.510772476000056,12.876,1.9867549668874174,182.11920529801324,2344.9668874172185
8.520855507998931,12.884,1.9867549668874174,198.6754966887417,2559.735099337748
8.530957168999521,12.872,1.9867549668874174,198.6754966887417,2557.350993377483
8.541038348999791,12.884,1.9867549668874174,198.6754966887417,2559.735099337748
8.551119620999089,12.876,1.8211920529801322,198.6754966887417,2558.1456953642382
8.561202356999274,12.884,1.8211920529801322,182.11920529801324,2346.4238410596026
8.571283166000285,12.872,1.9867549668874174,198.6754966887417,2557.350993377483
8.581364253999709,12.888,1.8211920529801322,198.6754966887417,2560.529801324503
8.591441655999006,12.872,1.8211920529801322,182.11920529801324,2344.2384105960264
8.601522946999467,12.888,1.9867549668874174,198.6754966887417,2560.529801324503
8.611604015999546,12.876,1.9867549668874174,182.11920529801324,2344.9668874172185
8.621685029000218,12.888,1.9867549668874174,182.11920529801324,2347.1523178807947
8.631792670999857,12.864,1.8211920529801322,182.11920529801324,2342.7814569536426
8.641873999000381,12.892,1.8211920529801322,182.11920529801324,2347.880794701987
8.651954826998917,12.864,1.9867549668874174,198.6754966887417,2555.7615894039736
8.662036117999378,12.888,1.9867549668874174,198.6754966887417,2560.529801324503
8.672117871999944,12.868,1.9867549668874174,198.6754966887417,2556.5562913907283
8.682198718999643,12.888,1.8211920529801322,182.11920529801324,2347.1523178807947
8.692278620999787,12.868,1.9867549668874174,198.6754966887417,2556.5562913907283
8.70235961599974,12.888,1.9867549668874174,182.11920529801324,2347.1523178807947
8.71243981400039,12.868,1.9867549668874174,198.6754966887417,2556.5562913907283
8.722520346000238,12.892,1.9867549668874174,198.6754966887417,2561.324503311258
8.732609950999176,12.868,1.8211920529801322,198.6754966887417,2556.5562913907283
8.742691445999299,12.896,1.8211920529801322,182.11920529801324,2348.609271523179
8.752804329000355,12.864,1.9867549668874174,198.6754966887417,2555.7615894039736
8.762885879999885,12.896,1.9867549668874174,198.6754966887417,2562.119205298013
8.77296904099967,12.86,1.9867549668874174,198.6754966887417,2554.966887417218
8.783045498999854,12.896,1.8211920529801322,198.6754966887417,2562.119205298013
8.793127752998771,12.86,1.9867549668874174,182.11920529801324,2342.05298013245
8.803208376999464,12.896,1.9867549668874174,198.6754966887417,2562.119205298013
8.813290111998867,12.864,1.8211920529801322,198.6754966887417,2555.7615894039736
8.823369959000047,12.896,1.9867549668874174,198.6754966887417,2562.119205298013
8.833445528000084,12.864,1.9867549668874174,198.6754966887417,2555.7615894039736
8.843527892999191,12.896,1.8211920529801322,182.11920529801324,2348.609271523179
8.853606516999207,12.864,1.8211920529801322,182.11920529801324,2342.7814569536426
8.863688215998991,12.896,1.8211920529801322,198.6754966887417,2562.119205298013
8.873765080999874,12.864,1.9867549668874174,198.6754966887417,2555.7615894039736
8.883842539000398,12.892,1.8211920529801322,198.6754966887417,2561.324503311258
8.89392273699923,12.868,1.9867549668874174,198.6754966887417,2556.5562913907283
8.904002527999182,12.888,1.9867549668874174,182.11920529801324,2347.1523178807947
8.914086725999368,12.868,1.9867549668874174,182.11920529801324,2343.5099337748343
8.924168850999195,12.888,1.8211920529801322,198.6754966887417,2560.529801324503
8.934246585999063,12.872,1.9867549668874174,182.11920529801324,2344.2384105960264
8.944325006999861,12.896,1.9867549668874174,198.6754966887417,2562.119205298013
8.954402056999243,12.868,1.8211920529801322,182.11920529801324,2343.5099337748343
8.964478181998857,12.896,1.9867549668874174,182.11920529801324,2348.609271523179
8.974555527998746,12.864,1.9867549668874174,198.6754966887417,2555.7615894039736
8.984629282000242,12.896,1.9867549668874174,198.6754966887417,2562.119205298013
8.994706722000046,12.864,1.9867549668874174,198.6754966887417,2555.7615894039736
9.004785846000232,12.888,1.9867549668874174,182.11920529801324,2347.1523178807947
9.014862932999677,12.872,1.9867549668874174,198.6754966887417,2557.350993377483
9.024940205999883,12.888,1.8211920529801322,182.11920529801324,2347.1523178807947
9.035016849000385,12.872,1.9867549668874174,182.11920529801324,2344.2384105960264
9.045098028998837,12.888,1.8211920529801322,182.11920529801324,2347.1523178807947
9.055180190000101,12.876,1.9867549668874174,198.6754966887417,2558.1456953642382
9.065260239998679,12.888,1.9867549668874174,198.6754966887417,2560.529801324503
9.07534164199933,12.876,1.9867549668874174,182.11920529801324,2344.9668874172185
9.085422914999072,12.88,1.9867549668874174,198.6754966887417,2558.9403973509934
9.095503964999807,12.876,1.9867549668874174,198.6754966887417,2558.1456953642382
9.105581163999886,12.884,1.9867549668874174,182.11920529801324,2346.4238410596026
9.11566360299912,12.88,1.8211920529801322,198.6754966887417,2558.9403973509934
9.125745319999623,12.872,1.8211920529801322,198.6754966887417,2557.350993377483
9.13582223999947,12.884,1.8211920529801322,198.6754966887417,2559.735099337748
9.145906771998852,12.88,1.9867549668874174,182.11920529801324,2345.6953642384105
9.155983951999588,12.88,1.8211920529801322,198.6754966887417,2558.9403973509934
9.166060872999878,12.88,1.8211920529801322,198.6754966887417,2558.9403973509934
9.176137479000317,12.88,1.9867549668874174,198.6754966887417,2558.9403973509934
9.186213769999085,12.88,1.9867549668874174,198.6754966887417,2558.9403973509934
9.196289430999968,12.88,1.8211920529801322,198.6754966887417,2558.9403973509934
9.206365222000386,12.872,1.9867549668874174,198.6754966887417,2557.350993377483
9.21644197599926,12.884,1.8211920529801322,182.11920529801324,2346.4238410596026
9.226517155999318,12.872,1.8211920529801322,182.11920529801324,2344.2384105960264
9.236605095000414,12.884,1.9867549668874174,198.6754966887417,2559.735099337748
9.246687515998929,12.872,1.8211920529801322,182.11920529801324,2344.2384105960264
9.256770936999601,12.888,1.8211920529801322,198.6754966887417,2560.529801324503
9.266851598000358,12.872,1.9867549668874174,198.6754966887417,2557.350993377483
9.276932925999063,12.892,1.8211920529801322,198.6754966887417,2561.324503311258
9.287012920998677,12.868,1.9867549668874174,198.6754966887417,2556.5562913907283
9.297092803999476,12.888,1.9867549668874174,198.6754966887417,2560.529801324503
9.30717352099964,12.868,1.9867549668874174,198.6754966887417,2556.5562913907283
9.317254830999445,12.888,1.9867549668874174,198.6754966887417,2560.529801324503
9.327334880999842,12.868,1.8211920529801322,182.11920529801324,2343.5099337748343
9.337410950000049,12.896,1.8211920529801322,198.6754966887417,2562.119205298013
9.347492093000255,12.864,1.9867549668874174,198.6754966887417,2555.7615894039736
9.357573179999235,12.892,1.8211920529801322,198.6754966887417,2561.324503311258
9.367654026998935,12.868,1.8211920529801322,182.11920529801324,2343.5099337748343
9.377734817999226,12.892,1.9867549668874174,198.6754966887417,2561.324503311258
9.38781636800013,12.868,1.9867549668874174,198.6754966887417,2556.5562913907283
9.397897565999301,12.884,1.8211920529801322,182.11920529801324,2346.4238410596026
9.407978653998725,12.868,1.9867549668874174,182.11920529801324,2343.5099337748343
9.418059536999863,12.888,1.9867549668874174,182.11920529801324,2347.1523178807947
9.428140216999964,12.868,1.9867549668874174,198.6754966887417,2556.5562913907283
9.43823080400034,12.892,1.9867549668874174,198.6754966887417,2561.324503311258
9.448312225000336,12.864,1.9867549668874174,198.6754966887417,2555.7615894039736
9.458394072000374,12.896,1.9867549668874174,198.6754966887417,2562.119205298013
9.468474621999121,12.864,1.9867549668874174,198.6754966887417,2555.7615894039736
9.478555949999645,12.896,1.9867549668874174,182.11920529801324,2348.609271523179
9.488636647998646,12.86,1.9867549668874174,198.6754966887417,2554.966887417218
9.498717901999044,12.892,1.9867549668874174,198.6754966887417,2561.324503311258
9.508801248999589,12.864,1.9867549668874174,182.11920529801324,2342.7814569536426
9.518880910000007,12.892,1.9867549668874174,198.6754966887417,2561.324503311258
9.528963533999558,12.864,1.9867549668874174,182.11920529801324,2342.7814569536426
9.539066047000233,12.892,1.9867549668874174,198.6754966887417,2561.324503311258
9.549148819998663,12.868,1.8211920529801322,198.6754966887417,2556.5562913907283
9.559229739999864,12.896,1.9867549668874174,198.6754966887417,2562.119205298013
9.56931238299876,12.864,1.9867549668874174,198.6754966887417,2555.7615894039736
9.579392767000172,12.892,1.8211920529801322,182.11920529801324,2347.880794701987
9.589473762000125,12.868,1.9867549668874174,182.11920529801324,2343.5099337748343
9.599555570999655,12.888,1.8211920529801322,182.11920529801324,2347.1523178807947
9.609636547000264,12.872,1.9867549668874174,198.6754966887417,2557.350993377483
9.619711448998714,12.884,1.9867549668874174,198.6754966887417,2559.735099337748
9.629793111000254,12.872,1.9867549668874174,182.11920529801324,2344.2384105960264
9.639895901000273,12.884,1.8211920529801322,198.6754966887417,2559.735099337748
9.64997752599993,12.872,1.8211920529801322,182.11920529801324,2344.2384105960264
9.660058334999121,12.888,1.8211920529801322,198.6754966887417,2560.529801324503
9.670139607998863,12.876,1.9867549668874174,198.6754966887417,2558.1456953642382
9.680220416999873,12.888,1.8211920529801322,182.11920529801324,2347.1523178807947
9.69030061599915,12.868,1.9867549668874174,198.6754966887417,2556.5562913907283
9.70038118499906,12.888,1.8211920529801322,198.6754966887417,2560.529801324503
9.710461345999647,12.868,1.9867549668874174,182.11920529801324,2343.5099337748343
9.720542266999473,12.88,1.8211920529801322,182.11920529801324,2345.6953642384105
9.730623280000145,12.876,1.9867549668874174,198.6754966887417,2558.1456953642382
9.740727181999318,12.88,1.9867549668874174,198.6754966887417,2558.9403973509934
9.750807417000033,12.876,1.8211920529801322,182.11920529801324,2344.9668874172185
9.76089037499878,12.876,1.9867549668874174,198.6754966887417,2558.1456953642382
9.770971702999304,12.876,1.9867549668874174,198.6754966887417,2558.1456953642382
9.7810545859993,12.88,1.9867549668874174,198.6754966887417,2558.9403973509934
9.791135487999782,12.88,1.9867549668874174,182.11920529801324,2345.6953642384105
9.801217686999735,12.876,1.9867549668874174,198.6754966887417,2558.1456953642382
9.811298478000026,12.88,1.8211920529801322,198.6754966887417,2558.9403973509934
9.82138091699926,12.88,1.9867549668874174,198.6754966887417,2558.9403973509934
9.831462744999953,12.884,1.9867549668874174,198.6754966887417,2559.735099337748
9.841566035998767,12.872,1.9867549668874174,198.6754966887417,2557.350993377483
9.851645992999693,12.884,1.9867549668874174,182.11920529801324,2346.4238410596026
9.861726987999646,12.868,1.9867549668874174,198.6754966887417,2556.5562913907283
9.871807667999747,12.884,1.9867549668874174,182.11920529801324,2346.4238410596026
9.881887718000144,12.876,1.8211920529801322,182.11920529801324,2344.9668874172185
9.891967286999716,12.884,1.8211920529801322,198.6754966887417,2559.735099337748
9.902048281999669,12.876,1.9867549668874174,182.11920529801324,2344.9668874172185
9.912138980000236,12.88,1.8211920529801322,198.6754966887417,2558.9403973509934
9.922219455998857,12.876,1.9867549668874174,198.6754966887417,2558.1456953642382
9.932299320998936,12.888,1.9867549668874174,198.6754966887417,2560.529801324503
9.942470148000211,12.876,1.9867549668874174,198.6754966887417,2558.1456953642382
9.952547605998916,12.888,1.8211920529801322,198.6754966887417,2560.529801324503
9.962624470999799,12.868,1.9867549668874174,182.11920529801324,2343.5099337748343
9.972702909999498,12.892,1.9867549668874174,198.6754966887417,2561.324503311258
9.982780496999112,12.868,1.9867549668874174,198.6754966887417,2556.5562913907283
9.99285699199936,12.892,1.9867549668874174,198.6754966887417,2561.324503311258
10.002933801999461,12.864,1.8211920529801322,198.6754966887417,2555.7615894039736
10.013012314999287,12.892,1.8211920529801322,198.6754966887417,2561.324503311258
10.023089012998753,12.868,1.9867549668874174,198.6754966887417,2556.5562913907283
10.033165101000122,12.892,1.8211920529801322,198.6754966887417,2561.324503311258
10.043251798999336,12.864,1.9867549668874174,182.11920529801324,2342.7814569536426
10.053334516000177,12.896,1.8211920529801322,198.6754966887417,2562.119205298013
10.0634148070003,12.864,1.9867549668874174,182.11920529801324,2342.7814569536426
10.07349465399966,12.896,1.9867549668874174,198.6754966887417,2562.119205298013
10.083575667000332,12.86,1.9867549668874174,182.11920529801324,2342.05298013245
10.093655586999375,12.892,1.9867549668874174,198.6754966887417,2561.324503311258
10.10373517500011,12.864,1.8211920529801322,198.6754966887417,2555.7615894039736
10.113816631999725,12.892,1.9867549668874174,198.6754966887417,2561.324503311258
10.123901311999361,12.868,1.8211920529801322,198.6754966887417,2556.5562913907283
10.133983417999843,12.888,1.9867549668874174,198.6754966887417,2560.529801324503
10.144074541998634,12.868,1.9867549668874174,198.6754966887417,2556.5562913907283
10.154151758999433,12.892,1.8211920529801322,198.6754966887417,2561.324503311258
10.164228790999914,12.868,1.9867549668874174,182.11920529801324,2343.5099337748343
10.174305081998682,12.896,1.9867549668874174,198.6754966887417,2562.119205298013
10.184382206998635,12.868,1.8211920529801322,198.6754966887417,2556.5562913907283
10.194457626999792,12.896,1.9867549668874174,198.6754966887417,2562.119205298013
10.20453256699875,12.864,1.9867549668874174,182.11920529801324,2342.7814569536426
10.214609839000332,12.888,1.8211920529801322,198.6754966887417,2560.529801324503
10.22469799999999,12.868,1.9867549668874174,198.6754966887417,2556.5562913907283
10.234775031998652,12.888,1.8211920529801322,198.6754966887417,2560.529801324503
10.244861285998923,12.868,1.9867549668874174,198.6754966887417,2556.5562913907283
10.254939243999615,12.888,1.9867549668874174,182.11920529801324,2347.1523178807947
10.265023182999357,12.872,1.8211920529801322,182.11920529801324,2344.2384105960264
10.275104510999881,12.892,1.8211920529801322,198.6754966887417,2561.324503311258
10.28518478299884,12.872,1.8211920529801322,198.6754966887417,2557.350993377483
10.295264944999872,12.888,1.9867549668874174,198.6754966887417,2560.529801324503
10.305345773000226,12.872,1.9867549668874174,198.6754966887417,2557.350993377483
10.315426359999037,12.884,1.9867549668874174,182.11920529801324,2346.4238410596026
10.325507076999202,12.876,1.8211920529801322,182.11920529801324,2344.9668874172185
10.335588830999768,12.88,1.9867549668874174,198.6754966887417,2558.9403973509934
10.34567906600023,12.88,1.9867549668874174,182.11920529801324,2345.6953642384105
10.355760153999654,12.88,1.9867549668874174,198.6754966887417,2558.9403973509934
10.365841593000368,12.88,1.8211920529801322,182.11920529801324,2345.6953642384105
10.37592288399901,12.884,1.9867549668874174,198.6754966887417,2559.735099337748
10.386004378999132,12.88,1.8211920529801322,198.6754966887417,2558.9403973509934
10.396085354999741,12.884,1.9867549668874174,198.6754966887417,2559.735099337748
10.40616642399982,12.876,1.9867549668874174,198.6754966887417,2558.1456953642382
10.416247584998928,12.884,1.9867549668874174,182.11920529801324,2346.4238410596026
10.426329171999896,12.876,1.9867549668874174,182.11920529801324,2344.9668874172185
10.436410796999553,12.884,1.8211920529801322,182.11920529801324,2346.4238410596026
10.446516865000376,12.88,1.9867549668874174,198.6754966887417,2558.9403973509934
10.45659835999868,12.876,1.9867549668874174,198.6754966887417,2558.1456953642382
10.466679335999288,12.884,1.9867549668874174,182.11920529801324,2346.4238410596026
10.47676279299958,12.872,1.9867549668874174,198.6754966887417,2557.350993377483
10.486843491999025,12.884,1.9867549668874174,198.6754966887417,2559.735099337748
10.496923763999803,12.876,1.8211920529801322,198.6754966887417,2558.1456953642382
10.507003184999121,12.888,1.8211920529801322,182.11920529801324,2347.1523178807947
10.51708597600009,12.872,1.9867549668874174,198.6754966887417,2557.350993377483
10.527166785999725,12.888,1.8211920529801322,198.6754966887417,2560.529801324503
10.537249427999996,12.876,1.9867549668874174,198.6754966887417,2558.1456953642382
10.547355885999423,12.892,1.9867549668874174,198.6754966887417,2561.324503311258
10.557437288000074,12.876,1.8211920529801322,198.6754966887417,2558.1456953642382
10.567518689998906,12.892,1.9867549668874174,198.6754966887417,2561.324503311258
10.577598906998901,12.864,1.9867549668874174,198.6754966887417,2555.7615894039736
10.587678345998938,12.892,1.8211920529801322,198.6754966887417,2561.324503311258
10.597760303999166,12.868,1.9867549668874174,198.6754966887417,2556.5562913907283
10.607841242999712,12.888,1.9867549668874174,198.6754966887417,2560.529801324503
10.617922162999093,12.868,1.9867549668874174,182.11920529801324,2343.5099337748343
10.62800317700021,12.884,1.9867549668874174,198.6754966887417,2559.735099337748
10.63808063400029,12.872,1.9867549668874174,198.6754966887417,2557.350993377483
10.648178776998975,12.888,1.8211920529801322,182.11920529801324,2347.1523178807947
10.658261234999372,12.872,1.9867549668874174,198.6754966887417,2557.350993377483
10.668342785000277,12.896,1.8211920529801322,198.6754966887417,2562.119205298013
10.67842490899966,12.864,1.9867549668874174,182.11920529801324,2342.7814569536426
10.68850982999902,12.896,1.9867549668874174,182.11920529801324,2348.609271523179
10.698598360999313,12.864,1.8211920529801322,198.6754966887417,2555.7615894039736
10.708681096999499,12.896,1.8211920529801322,182.11920529801324,2348.609271523179
10.718765072999304,12.86,1.9867549668874174,182.11920529801324,2342.05298013245
10.728848622999067,12.896,1.9867549668874174,198.6754966887417,2562.119205298013
10.738930691999485,12.86,1.9867549668874174,182.11920529801324,2342.05298013245
10.749019315999249,12.896,1.8211920529801322,182.11920529801324,2348.609271523179
10.759096773999772,12.864,1.9867549668874174,198.6754966887417,2555.7615894039736
10.76917428699926,12.896,1.9867549668874174,182.11920529801324,2348.609271523179
10.779251059999297,12.864,1.9867549668874174,182.11920529801324,2342.7814569536426
10.789330517000053,12.896,1.8211920529801322,198.6754966887417,2562.119205298013
10.79940404899935,12.864,1.8211920529801322,182.11920529801324,2342.7814569536426
10.80948206299945,12.896,1.8211920529801322,198.6754966887417,2562.119205298013
10.819558465000227,12.868,1.8211920529801322,182.11920529801324,2343.5099337748343
10.82963634800035,12.884,1.9867549668874174,198.6754966887417,2559.735099337748
10.839712027998758,12.868,1.9867549668874174,182.11920529801324,2343.5099337748343
10.849790059999577,12.892,1.9867549668874174,198.6754966887417,2561.324503311258
10.859870054999192,12.868,1.9867549668874174,198.6754966887417,2556.5562913907283
10.869950586999039,12.892,1.9867549668874174,198.6754966887417,2561.324503311258
10.880031525999584,12.868,1.9867549668874174,198.6754966887417,2556.5562913907283
10.89011218700034,12.896,1.9867549668874174,182.11920529801324,2348.609271523179
10.90019984799983,12.868,1.8211920529801322,198.6754966887417,2556.5562913907283
10.910292435999509,12.892,1.9867549668874174,182.11920529801324,2347.880794701987
10.920377929998722,12.864,1.9867549668874174,198.6754966887417,2555.7615894039736
10.930465498999183,12.892,1.9867549668874174,198.6754966887417,2561.324503311258
10.940548753000257,12.868,1.9867549668874174,182.11920529801324,2343.5099337748343
10.950627303000147,12.888,1.8211920529801322,182.11920529801324,2347.1523178807947
10.960707242000353,12.872,1.9867549668874174,198.6754966887417,2557.350993377483
10.97078451499874,12.888,1.8211920529801322,198.6754966887417,2560.529801324503
10.98086265799975,12.876,1.9867549668874174,198.6754966887417,2558.1456953642382
10.990940281999428,12.888,1.8211920529801322,198.6754966887417,2560.529801324503
11.001018480999846,12.876,1.9867549668874174,198.6754966887417,2558.1456953642382
11.011095124000349,12.88,1.8211920529801322,182.11920529801324,2345.6953642384105
11.021173691999138,12.876,1.8211920529801322,198.6754966887417,2558.1456953642382
11.03124951999962,12.872,1.9867549668874174,182.11920529801324,2344.2384105960264
11.041326200000185,12.88,1.9867549668874174,182.11920529801324,2345.6953642384105
11.051403583998763,12.876,1.9867549668874174,198.6754966887417,2558.1456953642382
11.061490856998716,12.88,1.9867549668874174,198.6754966887417,2558.9403973509934
11.071572332999494,12.876,1.8211920529801322,198.6754966887417,2558.1456953642382
11.081653012999595,12.884,1.9867549668874174,198.6754966887417,2559.735099337748
11.091734191999421,12.876,1.9867549668874174,182.11920529801324,2344.9668874172185
11.101815001999057,12.884,1.9867549668874174,198.6754966887417,2559.735099337748
11.111896681999497,12.88,1.9867549668874174,198.6754966887417,2558.9403973509934
11.121977861999767,12.876,1.9867549668874174,182.11920529801324,2344.9668874172185
11.13206202299989,12.876,1.9867549668874174,198.6754966887417,2558.1456953642382
11.142143666000266,12.876,1.9867549668874174,198.6754966887417,2558.1456953642382
11.152239457000178,12.876,1.8211920529801322,198.6754966887417,2558.1456953642382
11.162317525999242,12.884,1.9867549668874174,182.11920529801324,2346.4238410596026
11.17239453900038,12.868,1.9867549668874174,198.6754966887417,2556.5562913907283
11.182471236999845,12.888,1.8211920529801322,198.6754966887417,2560.529801324503
11.192547639999248,12.872,1.8211920529801322,198.6754966887417,2557.350993377483
11.202623041999686,12.888,1.8211920529801322,182.11920529801324,2347.1523178807947
11.212701702999766,12.868,1.8211920529801322,198.6754966887417,2556.5562913907283
11.222778401999676,12.888,1.8211920529801322,198.6754966887417,2560.529801324503
11.232856247999734,12.864,1.8211920529801322,182.11920529801324,2342.7814569536426
11.242932742999983,12.892,1.8211920529801322,198.6754966887417,2561.324503311258
11.253007237999554,12.86,1.9867549668874174,198.6754966887417,2554.966887417218
11.26308828800029,12.892,1.8211920529801322,198.6754966887417,2561.324503311258
11.273171726999863,12.864,1.9867549668874174,182.11920529801324,2342.7814569536426
11.283251295999435,12.896,1.9867549668874174,182.11920529801324,2348.609271523179
11.29333454999869,12.864,1.9867549668874174,198.6754966887417,2555.7615894039736
11.303415877999214,12.896,1.9867549668874174,198.6754966887417,2562.119205298013
11.313495651000267,12.864,1.9867549668874174,182.11920529801324,2342.7814569536426
11.323576589998993,12.888,1.9867549668874174,198.6754966887417,2560.529801324503
11.33365758400032,12.868,1.9867549668874174,182.11920529801324,2343.5099337748343
11.343738171999576,12.888,1.9867549668874174,182.11920529801324,2347.1523178807947
11.353813166999316,12.868,1.9867549668874174,182.11920529801324,2343.5099337748343
11.3638951060002,12.896,1.9867549668874174,182.11920529801324,2348.609271523179
11.37397448899901,12.868,1.9867549668874174,198.6754966887417,2556.5562913907283
11.384055298998646,12.896,1.9867549668874174,198.6754966887417,2562.119205298013
11.39413603399953,12.864,1.9867549668874174,198.6754966887417,2555.7615894039736
11.404215696000392,12.9,1.9867549668874174,182.11920529801324,2349.337748344371
11.4142968569995,12.864,1.8211920529801322,182.11920529801324,2342.7814569536426
11.424377295999875,12.9,1.8211920529801322,198.6754966887417,2562.913907284768
11.434458290999828,12.86,1.9867549668874174,198.6754966887417,2554.966887417218
11.444538933999866,12.892,1.9867549668874174,198.6754966887417,2561.324503311258
11.454629261999798,12.864,1.9867549668874174,182.11920529801324,2342.7814569536426
11.464712255999984,12.896,1.9867549668874174,198.6754966887417,2562.119205298013
11.474793714000043,12.868,1.9867549668874174,198.6754966887417,2556.5562913907283
11.484876967999298,12.896,1.8211920529801322,198.6754966887417,2562.119205298013
11.494957795999653,12.868,1.9867549668874174,182.11920529801324,2343.5099337748343
11.50504027199895,12.896,1.9867549668874174,198.6754966887417,2562.119205298013
11.515120693000426,12.868,1.9867549668874174,198.6754966887417,2556.5562913907283
11.525202946999343,12.892,1.9867549668874174,198.6754966887417,2561.324503311258
11.535283348999656,12.868,1.8211920529801322,198.6754966887417,2556.5562913907283
11.545363269999143,12.884,1.9867549668874174,182.11920529801324,2346.4238410596026
11.555468893999205,12.872,1.8211920529801322,198.6754966887417,2557.350993377483
11.565549646998988,12.884,1.8211920529801322,182.11920529801324,2346.4238410596026
11.575630178998836,12.872,1.9867549668874174,198.6754966887417,2557.350993377483
11.585711543999423,12.888,1.9867549668874174,182.11920529801324,2347.1523178807947
11.595792353999059,12.872,1.9867549668874174,198.6754966887417,2557.350993377483
11.60587277400009,12.892,1.9867549668874174,182.11920529801324,2347.880794701987
11.615953769000043,12.876,1.9867549668874174,198.6754966887417,2558.1456953642382
11.626033893999193,12.892,1.8211920529801322,198.6754966887417,2561.324503311258
11.63611527699868,12.868,1.8211920529801322,198.6754966887417,2556.5562913907283
11.646196141999098,12.888,1.8211920529801322,182.11920529801324,2347.1523178807947
11.656301376999181,12.876,1.8211920529801322,182.11920529801324,2344.9668874172185
11.666383390000192,12.88,1.8211920529801322,182.11920529801324,2345.6953642384105
11.676464885000314,12.876,1.8211920529801322,198.6754966887417,2558.1456953642382
11.686544231999505,12.88,1.8211920529801322,182.11920529801324,2345.6953642384105
11.696624022999458,12.88,1.9867549668874174,182.11920529801324,2345.6953642384105
11.706704276999517,12.88,1.9867549668874174,198.6754966887417,2558.9403973509934
11.716787493998709,12.88,1.8211920529801322,198.6754966887417,2558.9403973509934
11.726868988000206,12.876,1.9867549668874174,198.6754966887417,2558.1456953642382
11.736954852998679,12.88,1.9867549668874174,198.6754966887417,2558.9403973509934
11.747042754999711,12.876,1.9867549668874174,198.6754966887417,2558.1456953642382
11.7571249169996,12.884,1.9867549668874174,182.11920529801324,2346.4238410596026
11.767202614999405,12.872,1.8211920529801322,198.6754966887417,2557.350993377483
11.777275888000077,12.888,1.9867549668874174,198.6754966887417,2560.529801324503
11.787352733999796,12.872,1.9867549668874174,182.11920529801324,2344.2384105960264
11.797429229000045,12.888,1.9867549668874174,198.6754966887417,2560.529801324503
11.807512186998792,12.876,1.9867549668874174,198.6754966887417,2558.1456953642382
11.81759112599866,12.888,1.9867549668874174,182.11920529801324,2347.1523178807947
11.827663138999924,12.876,1.9867549668874174,198.6754966887417,2558.1456953642382
11.837741318999178,12.884,1.8211920529801322,198.6754966887417,2559.735099337748
11.847814961998665,12.876,1.9867549668874174,198.6754966887417,2558.1456953642382
11.857897845999105,12.884,1.9867549668874174,182.11920529801324,2346.4238410596026
11.867979951999587,12.872,1.9867549668874174,198.6754966887417,2557.350993377483
11.878060779999942,12.892,1.8211920529801322,182.11920529801324,2347.880794701987
11.888141886000085,12.868,1.8211920529801322,198.6754966887417,2556.5562913907283
11.898222342999361,12.892,1.8211920529801322,198.6754966887417,2561.324503311258
11.90831080099997,12.868,1.8211920529801322,182.11920529801324,2343.5099337748343
11.918390314000135,12.892,1.9867549668874174,198.6754966887417,2561.324503311258
11.92846777199884,12.868,1.8211920529801322,198.6754966887417,2556.5562913907283
11.938548969999829,12.892,1.8211920529801322,198.6754966887417,2561.324503311258
11.94862952099902,12.864,1.9867549668874174,198.6754966887417,2555.7615894039736
11.95879747700019,12.892,1.9867549668874174,198.6754966887417,2561.324503311258
11.968877211998915,12.864,1.9867549668874174,182.11920529801324,2342.7814569536426
11.978950781000094,12.896,1.9867549668874174,198.6754966887417,2562.119205298013
11.989029923999624,12.864,1.9867549668874174,182.11920529801324,2342.7814569536426
11.999105973998667,12.896,1.9867549668874174,198.6754966887417,2562.119205298013
12.009184190999804,12.864,1.9867549668874174,182.11920529801324,2342.7814569536426
12.019260908000433,12.896,1.9867549668874174,198.6754966887417,2562.119205298013
12.029333884998778,12.868,1.9867549668874174,182.11920529801324,2343.5099337748343
12.039410379999026,12.892,1.9867549668874174,198.6754966887417,2561.324503311258
12.049489744998937,12.868,1.9867549668874174,198.6754966887417,2556.5562913907283
12.059613164999973,12.884,1.9867549668874174,182.11920529801324,2346.4238410596026
12.069696492999356,12.868,1.9867549668874174,198.6754966887417,2556.5562913907283
12.079773172999921,12.892,1.9867549668874174,198.6754966887417,2561.324503311258
12.089849481999408,12.868,1.8211920529801322,182.11920529801324,2343.5099337748343
12.09993088400006,12.896,1.9867549668874174,198.6754966887417,2562.119205298013
12.110012305000055,12.868,1.9867549668874174,198.6754966887417,2556.5562913907283
12.120093558998633,12.896,1.8211920529801322,198.6754966887417,2562.119205298013
12.130174165000426,12.868,1.8211920529801322,198.6754966887417,2556.5562913907283
12.140255844999047,12.896,1.9867549668874174,182.11920529801324,2348.609271523179
12.15033172800031,12.864,1.9867549668874174,198.6754966887417,2555.7615894039736
12.160425148998911,12.888,1.8211920529801322,198.6754966887417,2560.529801324503
12.17050236599971,12.868,1.9867549668874174,182.11920529801324,2343.5099337748343
12.180580137999641,12.892,1.8211920529801322,182.11920529801324,2347.880794701987
12.190656558999763,12.872,1.8211920529801322,182.11920529801324,2344.2384105960264
12.200692647000324,12.892,1.8211920529801322,182.11920529801324,2347.880794701987
12.21076851199905,12.872,1.9867549668874174,198.6754966887417,2557.350993377483
12.220846432999679,12.892,1.9867549668874174,198.6754966887417,2561.324503311258
12.230923039000118,12.872,1.9867549668874174,198.6754966887417,2557.350993377483
12.241000773999986,12.884,1.8211920529801322,198.6754966887417,2559.735099337748
12.251081806000002,12.876,1.9867549668874174,182.11920529801324,2344.9668874172185
12.261170096999194,12.876,1.9867549668874174,198.6754966887417,2558.1456953642382
12.27124749900031,12.876,1.8211920529801322,198.6754966887417,2558.1456953642382
12.281329511999502,12.88,1.9867549668874174,182.11920529801324,2345.6953642384105
12.291409339999518,12.876,1.9867549668874174,198.6754966887417,2558.1456953642382
12.301489982999556,12.88,1.9867549668874174,198.6754966887417,2558.9403973509934
12.311570718999064,12.876,1.8211920529801322,198.6754966887417,2558.1456953642382
12.321652083999652,12.884,1.8211920529801322,182.11920529801324,2346.4238410596026
12.331733392999013,12.88,1.8211920529801322,198.6754966887417,2558.9403973509934
12.341814998999325,12.884,1.8211920529801322,182.11920529801324,2346.4238410596026
12.351896771999236,12.872,1.8211920529801322,182.11920529801324,2344.2384105960264
12.36198721099936,12.88,1.9867549668874174,198.6754966887417,2558.9403973509934
12.372066260999418,12.88,1.9867549668874174,182.11920529801324,2345.6953642384105
12.382146181998905,12.876,1.8211920529801322,198.6754966887417,2558.1456953642382
12.39222339799926,12.884,1.9867549668874174,198.6754966887417,2559.735099337748
12.40230254099879,12.876,1.9867549668874174,182.11920529801324,2344.9668874172185
12.412376517999292,12.884,1.8211920529801322,198.6754966887417,2559.735099337748
12.422453698000027,12.876,1.9867549668874174,182.11920529801324,2344.9668874172185
12.432530099998985,12.884,1.9867549668874174,198.6754966887417,2559.735099337748
12.442606464999699,12.872,1.9867549668874174,198.6754966887417,2557.350993377483
12.452684755999144,12.888,1.8211920529801322,198.6754966887417,2560.529801324503
12.462770287998865,12.864,1.9867549668874174,182.11920529801324,2342.7814569536426
12.472848542000065,12.892,1.9867549668874174,182.11920529801324,2347.880794701987
12.482924739999362,12.864,1.8211920529801322,198.6754966887417,2555.7615894039736
12.493002494000393,12.892,1.8211920529801322,198.6754966887417,2561.324503311258
12.503079007999986,12.864,1.9867549668874174,198.6754966887417,2555.7615894039736
12.513157076000425,12.892,1.8211920529801322,182.11920529801324,2347.880794701987
12.523233812000399,12.868,1.9867549668874174,198.6754966887417,2556.5562913907283
12.533311880999463,12.892,1.8211920529801322,198.6754966887417,2561.324503311258
12.543387746000008,12.868,1.9867549668874174,182.11920529801324,2343.5099337748343
12.553465629998755,12.888,1.8211920529801322,182.11920529801324,2347.1523178807947
12.563592382999559,12.864,1.9867549668874174,198.6754966887417,2555.7615894039736
12.57367550699928,12.888,1.9867549668874174,198.6754966887417,2560.529801324503
12.583755982999719,12.872,1.9867549668874174,198.6754966887417,2557.350993377483
12.59383655199963,12.892,1.8211920529801322,198.6754966887417,2561.324503311258
12.603917250999075,12.864,1.8211920529801322,198.6754966887417,2555.7615894039736
12.613998171000276,12.892,1.9867549668874174,198.6754966887417,2561.324503311258
12.624078609998833,12.864,1.9867549668874174,198.6754966887417,2555.7615894039736
12.634156993999568,12.896,1.9867549668874174,182.11920529801324,2348.609271523179
12.644233600000007,12.864,1.9867549668874174,198.6754966887417,2555.7615894039736
12.65431155799888,12.892,1.9867549668874174,182.11920529801324,2347.880794701987
12.664398810999046,12.86,1.8211920529801322,198.6754966887417,2554.966887417218
12.674472231999971,12.896,1.9867549668874174,198.6754966887417,2562.119205298013
12.684554430999924,12.86,1.8211920529801322,182.11920529801324,2342.05298013245
12.694628018000003,12.896,1.9867549668874174,182.11920529801324,2348.609271523179
12.704689975998917,12.864,1.9867549668874174,182.11920529801324,2342.7814569536426
12.714762155999779,12.896,1.8211920529801322,198.6754966887417,2562.119205298013
12.724840168999435,12.868,1.8211920529801322,198.6754966887417,2556.5562913907283
12.734916552999493,12.892,1.9867549668874174,198.6754966887417,2561.324503311258
12.744994306998706,12.872,1.8211920529801322,198.6754966887417,2557.350993377483
12.755070634999356,12.888,1.9867549668874174,198.6754966887417,2560.529801324503
12.765157222000198,12.872,1.8211920529801322,198.6754966887417,2557.350993377483
12.77523060599924,12.884,1.8211920529801322,198.6754966887417,2559.735099337748
12.785303230999489,12.872,1.9867549668874174,198.6754966887417,2557.350993377483
12.795379539998976,12.892,1.8211920529801322,198.6754966887417,2561.324503311258
12.805456867999965,12.868,1.8211920529801322,182.11920529801324,2343.5099337748343
12.815532085000086,12.892,1.9867549668874174,182.11920529801324,2347.880794701987
12.82560933899913,12.872,1.9867549668874174,198.6754966887417,2557.350993377483
12.835683555998912,12.884,1.8211920529801322,198.6754966887417,2559.735099337748
12.845763162000367,12.876,1.9867549668874174,182.11920529801324,2344.9668874172185
12.855836619999536,12.884,1.8211920529801322,182.11920529801324,2346.4238410596026
12.865922540999236,12.868,1.9867549668874174,182.11920529801324,2343.5099337748343
12.875998387000436,12.884,1.8211920529801322,198.6754966887417,2559.735099337748
12.886074103998908,12.872,1.9867549668874174,182.11920529801324,2344.2384105960264
12.896149840000362,12.888,1.8211920529801322,182.11920529801324,2347.1523178807947
12.906232834999173,12.876,1.8211920529801322,182.11920529801324,2344.9668874172185
12.916313847999845,12.888,1.8211920529801322,198.6754966887417,2560.529801324503
12.926391286999205,12.88,1.9867549668874174,182.11920529801324,2345.6953642384105
12.936468596999475,12.88,1.8211920529801322,198.6754966887417,2558.9403973509934
12.946544850999999,12.88,1.9867549668874174,198.6754966887417,2558.9403973509934
12.95662141899993,12.872,1.9867549668874174,198.6754966887417,2557.350993377483
12.966780893999385,12.884,1.9867549668874174,182.11920529801324,2346.4238410596026
12.976863611000226,12.868,1.9867549668874174,198.6754966887417,2556.5562913907283
12.986944068999946,12.884,1.9867549668874174,198.6754966887417,2559.735099337748
12.997025266999117,12.872,1.9867549668874174,182.11920529801324,2344.2384105960264
13.007106891998774,12.884,1.9867549668874174,198.6754966887417,2559.735099337748
13.017190033999213,12.876,1.8211920529801322,198.6754966887417,2558.1456953642382
13.027269399999568,12.884,1.9867549668874174,182.11920529801324,2346.4238410596026
13.037349393998738,12.876,1.8211920529801322,198.6754966887417,2558.1456953642382
13.047431184999368,12.884,1.9867549668874174,198.6754966887417,2559.735099337748
13.057512179999321,12.876,1.9867549668874174,182.11920529801324,2344.9668874172185
13.06762141499894,12.884,1.9867549668874174,198.6754966887417,2559.735099337748
13.077702946999125,12.872,1.8211920529801322,198.6754966887417,2557.350993377483
13.087783793000199,12.884,1.9867549668874174,198.6754966887417,2559.735099337748
13.097865009998714,12.872,1.8211920529801322,198.6754966887417,2557.350993377483
13.107946374999301,12.888,1.9867549668874174,182.11920529801324,2347.1523178807947
13.118027499998789,12.868,1.8211920529801322,198.6754966887417,2556.5562913907283
13.128109401999609,12.888,1.8211920529801322,182.11920529801324,2347.1523178807947
13.138189858998885,12.872,1.9867549668874174,198.6754966887417,2557.350993377483
13.148272964999705,12.888,1.9867549668874174,198.6754966887417,2560.529801324503
13.158354608000081,12.868,1.8211920529801322,198.6754966887417,2556.5562913907283
13.168447787998957,12.892,1.9867549668874174,198.6754966887417,2561.324503311258
13.17852476400003,12.86,1.9867549668874174,198.6754966887417,2554.966887417218
13.188601350999306,12.896,1.9867549668874174,198.6754966887417,2562.119205298013
13.19867456799875,12.864,1.9867549668874174,198.6754966887417,2555.7615894039736
13.20875054499993,12.896,1.9867549668874174,198.6754966887417,2562.119205298013
13.218827057999079,12.864,1.8211920529801322,182.11920529801324,2342.7814569536426
13.22890542299865,12.896,1.9867549668874174,198.6754966887417,2562.119205298013
13.238982511000358,12.868,1.8211920529801322,198.6754966887417,2556.5562913907283
13.24906126499991,12.896,1.8211920529801322,182.11920529801324,2348.609271523179
13.259137462999206,12.868,1.9867549668874174,198.6754966887417,2556.5562913907283
13.269214717000068,12.888,1.9867549668874174,198.6754966887417,2560.529801324503
13.27929450800002,12.868,1.8211920529801322,182.11920529801324,2343.5099337748343
13.28937476200008,12.892,1.9867549668874174,198.6754966887417,2561.324503311258
13.299450700998932,12.864,1.9867549668874174,198.6754966887417,2555.7615894039736
13.30953206599952,12.896,1.9867549668874174,198.6754966887417,2562.119205298013
13.319612560999303,12.864,1.9867549668874174,182.11920529801324,2342.7814569536426
13.329692703999171,12.896,1.9867549668874174,198.6754966887417,2562.119205298013
13.339774217000013,12.864,1.8211920529801322,198.6754966887417,2555.7615894039736
13.349855712000135,12.896,1.9867549668874174,198.6754966887417,2562.119205298013
13.359932428998945,12.864,1.8211920529801322,198.6754966887417,2555.7615894039736
13.37000827599877,12.892,1.8211920529801322,198.6754966887417,2561.324503311258
13.380089603999295,12.86,1.9867549668874174,198.6754966887417,2554.966887417218
13.390171080000073,12.896,1.9867549668874174,198.6754966887417,2562.119205298013
13.40025246299956,12.864,1.9867549668874174,182.11920529801324,2342.7814569536426
13.410334217000127,12.896,1.9867549668874174,198.6754966887417,2562.119205298013
13.420415841999784,12.864,1.8211920529801322,182.11920529801324,2342.7814569536426
13.430497150999145,12.896,1.9867549668874174,198.6754966887417,2562.119205298013
13.44057796099878,12.868,1.8211920529801322,198.6754966887417,2556.5562913907283
13.450658232999558,12.896,1.9867549668874174,182.11920529801324,2348.609271523179
13.460741523998877,12.872,1.8211920529801322,198.6754966887417,2557.350993377483
13.470832240998789,12.884,1.9867549668874174,198.6754966887417,2559.735099337748
13.480915272999482,12.872,1.9867549668874174,198.6754966887417,2557.350993377483
13.490996563999943,12.88,1.9867549668874174,182.11920529801324,2345.6953642384105
13.501079372999811,12.872,1.8211920529801322,182.11920529801324,2344.2384105960264
13.51116094200006,12.888,1.9867549668874174,182.11920529801324,2347.1523178807947
13.521243973998935,12.872,1.9867549668874174,198.6754966887417,2557.350993377483
13.531324857000072,12.888,1.9867549668874174,198.6754966887417,2560.529801324503
13.54140659299992,12.876,1.8211920529801322,182.11920529801324,2344.9668874172185
13.551487662,12.888,1.9867549668874174,198.6754966887417,2560.529801324503
13.561568933999297,12.876,1.9867549668874174,198.6754966887417,2558.1456953642382
13.571674557999359,12.88,1.9867549668874174,182.11920529801324,2345.6953642384105
13.581756403998952,12.872,1.8211920529801322,198.6754966887417,2557.350993377483
13.591837566000322,12.88,1.9867549668874174,198.6754966887417,2558.9403973509934
13.601918856998964,12.876,1.8211920529801322,198.6754966887417,2558.1456953642382
13.611999832999572,12.88,1.9867549668874174,198.6754966887417,2558.9403973509934
13.62208108699997,12.876,1.9867549668874174,182.11920529801324,2344.9668874172185
13.632162414998675,12.88,1.8211920529801322,198.6754966887417,2558.9403973509934
13.642242298999918,12.88,1.9867549668874174,198.6754966887417,2558.9403973509934
13.652323070999046,12.88,1.8211920529801322,198.6754966887417,2558.9403973509934
13.66240438099885,12.884,1.9867549668874174,198.6754966887417,2559.735099337748
13.672508337998806,12.876,1.8211920529801322,182.11920529801324,2344.9668874172185
13.68258944399895,12.884,1.8211920529801322,182.11920529801324,2346.4238410596026
13.692692605000047,12.868,1.9867549668874174,198.6754966887417,2556.5562913907283
13.702773117998731,12.884,1.8211920529801322,198.6754966887417,2559.735099337748
13.712847982998937,12.868,1.8211920529801322,198.6754966887417,2556.5562913907283
13.722928662999038,12.888,1.9867549668874174,198.6754966887417,2560.529801324503
13.733011546999478,12.872,1.9867549668874174,198.6754966887417,2557.350993377483
13.743092837999939,12.888,1.8211920529801322,198.6754966887417,2560.529801324503
13.75317546199949,12.876,1.9867549668874174,198.6754966887417,2558.1456953642382
13.7632560309994,12.888,1.9867549668874174,198.6754966887417,2560.529801324503
13.77334765500018,12.876,1.9867549668874174,198.6754966887417,2558.1456953642382
13.783428667999033,12.884,1.9867549668874174,198.6754966887417,2559.735099337748
13.793508626000403,12.868,1.8211920529801322,182.11920529801324,2343.5099337748343
13.803590175999489,12.888,1.9867549668874174,182.11920529801324,2347.1523178807947
13.813671226000224,12.868,1.8211920529801322,182.11920529801324,2343.5099337748343
13.823752109999987,12.892,1.9867549668874174,182.11920529801324,2347.880794701987
13.833833511998819,12.868,1.9867549668874174,198.6754966887417,2556.5562913907283
13.843914987999597,12.892,1.9867549668874174,182.11920529801324,2347.880794701987
13.85399537199919,12.868,1.9867549668874174,198.6754966887417,2556.5562913907283
13.864076588999524,12.892,1.9867549668874174,182.11920529801324,2347.880794701987
13.874180323999099,12.864,1.9867549668874174,198.6754966887417,2555.7615894039736
13.884260947999792,12.892,1.9867549668874174,182.11920529801324,2347.880794701987
13.894342646999576,12.864,1.9867549668874174,198.6754966887417,2555.7615894039736
13.904424196998662,12.896,1.8211920529801322,182.11920529801324,2348.609271523179
13.914509968999482,12.86,1.9867549668874174,198.6754966887417,2554.966887417218
13.924591111999689,12.896,1.9867549668874174,198.6754966887417,2562.119205298013
13.934672587998648,12.86,1.9867549668874174,182.11920529801324,2342.05298013245
13.94475578699894,12.9,1.9867549668874174,182.11920529801324,2349.337748344371
13.95483781799885,12.864,1.9867549668874174,198.6754966887417,2555.7615894039736
13.964919295000072,12.892,1.8211920529801322,198.6754966887417,2561.324503311258
13.975087306000205,12.864,1.8211920529801322,198.6754966887417,2555.7615894039736
13.985165948999565,12.888,1.9867549668874174,198.6754966887417,2560.529801324503
13.995243592000406,12.864,1.9867549668874174,182.11920529801324,2342.7814569536426
14.00532238300002,12.892,1.9867549668874174,182.11920529801324,2347.880794701987
14.015398692999952,12.868,1.9867549668874174,198.6754966887417,2556.5562913907283
14.025474779999058,12.896,1.9867549668874174,182.11920529801324,2348.609271523179
14.0355507940003,12.864,1.9867549668874174,182.11920529801324,2342.7814569536426
14.045628177000253,12.896,1.9867549668874174,182.11920529801324,2348.609271523179
14.055703875999825,12.868,1.9867549668874174,182.11920529801324,2343.5099337748343
14.065779999998995,12.892,1.9867549668874174,182.11920529801324,2347.880794701987
14.075907401000222,12.864,1.9867549668874174,182.11920529801324,2342.7814569536426
14.085990562998632,12.892,1.8211920529801322,182.11920529801324,2347.880794701987
14.096072316999198,12.864,1.9867549668874174,198.6754966887417,2555.7615894039736
14.106153292999807,12.892,1.9867549668874174,182.11920529801324,2347.880794701987
14.116234324999823,12.868,1.9867549668874174,182.11920529801324,2343.5099337748343
14.126315781999438,12.892,1.8211920529801322,182.11920529801324,2347.880794701987
14.136397536000004,12.868,1.9867549668874174,198.6754966887417,2556.5562913907283
14.146478179000042,12.896,1.9867549668874174,198.6754966887417,2562.119205298013
14.156561284999043,12.868,1.9867549668874174,198.6754966887417,2556.5562913907283
14.166643390999525,12.896,1.9867549668874174,182.11920529801324,2348.609271523179
14.176738162999754,12.872,1.9867549668874174,198.6754966887417,2557.350993377483
14.186815547000151,12.88,1.9867549668874174,198.6754966887417,2558.9403973509934
14.196891818999575,12.876,1.8211920529801322,198.6754966887417,2558.1456953642382
14.2069676659994,12.876,1.9867549668874174,182.11920529801324,2344.9668874172185
14.21704582699931,12.876,1.9867549668874174,198.6754966887417,2558.1456953642382
14.227116656000362,12.88,1.9867549668874174,198.6754966887417,2558.9403973509934
14.2371948910004,12.876,1.9867549668874174,198.6754966887417,2558.1456953642382
14.247271274998639,12.884,1.9867549668874174,198.6754966887417,2559.735099337748
14.257349509998676,12.88,1.8211920529801322,198.6754966887417,2558.9403973509934
14.267426209000405,12.884,1.9867549668874174,198.6754966887417,2559.735099337748
14.277548887999728,12.88,1.9867549668874174,198.6754966887417,2558.9403973509934
14.287634233998688,12.884,1.8211920529801322,182.11920529801324,2346.4238410596026
14.297715524999148,12.876,1.9867549668874174,198.6754966887417,2558.1456953642382
14.30779679799889,12.876,1.9867549668874174,182.11920529801324,2344.9668874172185
14.317874292999477,12.88,1.8211920529801322,182.11920529801324,2345.6953642384105
14.327955546999874,12.876,1.8211920529801322,182.11920529801324,2344.9668874172185
14.33803698599877,12.884,1.9867549668874174,182.11920529801324,2346.4238410596026
14.348118072999569,12.876,1.8211920529801322,198.6754966887417,2558.1456953642382
14.358199104999585,12.884,1.9867549668874174,198.6754966887417,2559.735099337748
14.368280007000067,12.88,1.9867549668874174,198.6754966887417,2558.9403973509934
14.378369131,12.884,1.8211920529801322,182.11920529801324,2346.4238410596026
14.388445663000311,12.868,1.8211920529801322,182.11920529801324,2343.5099337748343
14.39852289800001,12.888,1.9867549668874174,182.11920529801324,2347.1523178807947
14.408599170999878,12.86,1.9867549668874174,198.6754966887417,2554.966887417218
14.418675740000253,12.892,1.8211920529801322,182.11920529801324,2347.880794701987
14.428754308999487,12.868,1.8211920529801322,198.6754966887417,2556.5562913907283
14.438831117999143,12.892,1.8211920529801322,182.11920529801324,2347.880794701987
14.44890922400009,12.868,1.9867549668874174,182.11920529801324,2343.5099337748343
14.45898582999871,12.892,1.9867549668874174,182.11920529801324,2347.880794701987
14.469063769000059,12.872,1.8211920529801322,198.6754966887417,2557.350993377483
14.479184114999953,12.892,1.8211920529801322,198.6754966887417,2561.324503311258
14.489267887998722,12.872,1.9867549668874174,198.6754966887417,2557.350993377483
14.4993493639995,12.884,1.9867549668874174,182.11920529801324,2346.4238410596026
14.509430525000425,12.868,1.9867549668874174,198.6754966887417,2556.5562913907283
14.519511889999194,12.888,1.9867549668874174,182.11920529801324,2347.1523178807947
14.529591995998999,12.864,1.9867549668874174,198.6754966887417,2555.7615894039736
14.539672527998846,12.896,1.9867549668874174,182.11920529801324,2348.609271523179
14.549753318999137,12.868,1.9867549668874174,182.11920529801324,2343.5099337748343
14.55983442499928,12.892,1.8211920529801322,198.6754966887417,2561.324503311258
14.569915844998832,12.868,1.8211920529801322,182.11920529801324,2343.5099337748343
14.580006414000309,12.896,1.9867549668874174,198.6754966887417,2562.119205298013
14.59008761199948,12.864,1.8211920529801322,198.6754966887417,2555.7615894039736
14.600168476999897,12.892,1.9867549668874174,182.11920529801324,2347.880794701987
14.610249786999702,12.864,1.9867549668874174,198.6754966887417,2555.7615894039736
14.620330744999592,12.896,1.8211920529801322,198.6754966887417,2562.119205298013
14.630411775999164,12.864,1.9867549668874174,182.11920529801324,2342.7814569536426
14.640492716000153,12.896,1.8211920529801322,182.11920529801324,2348.609271523179
14.65057328399962,12.864,1.9867549668874174,198.6754966887417,2555.7615894039736
14.660652909000419,12.896,1.9867549668874174,182.11920529801324,2348.609271523179
14.670733347998976,12.864,1.9867549668874174,198.6754966887417,2555.7615894039736
14.680841137998868,12.892,1.8211920529801322,198.6754966887417,2561.324503311258
14.690921540999625,12.868,1.8211920529801322,182.11920529801324,2343.5099337748343
14.701001257999451,12.884,1.9867549668874174,182.11920529801324,2346.4238410596026
14.711081325998748,12.868,1.8211920529801322,198.6754966887417,2556.5562913907283
14.721164190999843,12.884,1.9867549668874174,198.6754966887417,2559.735099337748
14.731243648999225,12.868,1.8211920529801322,198.6754966887417,2556.5562913907283
14.741323402999114,12.892,1.8211920529801322,182.11920529801324,2347.880794701987
14.751404471999194,12.868,1.9867549668874174,198.6754966887417,2556.5562913907283
14.761486077999507,12.892,1.9867549668874174,198.6754966887417,2561.324503311258
14.77156153499891,12.868,1.9867549668874174,198.6754966887417,2556.5562913907283
14.781650973998694,12.892,1.9867549668874174,198.6754966887417,2561.324503311258
14.791731747000085,12.868,1.8211920529801322,198.6754966887417,2556.5562913907283
14.801813500998833,12.888,1.8211920529801322,198.6754966887417,2560.529801324503
14.811894791999293,12.868,1.9867549668874174,198.6754966887417,2556.5562913907283
14.821976100998654,12.884,1.9867549668874174,182.11920529801324,2346.4238410596026
14.832056448000003,12.872,1.8211920529801322,198.6754966887417,2557.350993377483
14.842137349998666,12.888,1.9867549668874174,182.11920529801324,2347.1523178807947
14.852217382000163,12.872,1.9867549668874174,198.6754966887417,2557.350993377483
14.86229815399929,12.888,1.8211920529801322,198.6754966887417,2560.529801324503
14.8723788899988,12.876,1.8211920529801322,182.11920529801324,2344.9668874172185
14.882484050998755,12.888,1.9867549668874174,198.6754966887417,2560.529801324503
14.892565452999406,12.88,1.8211920529801322,198.6754966887417,2558.9403973509934
14.902646114000163,12.88,1.9867549668874174,198.6754966887417,2558.9403973509934
14.912733498000307,12.88,1.8211920529801322,182.11920529801324,2345.6953642384105
14.922814104000281,12.872,1.9867549668874174,182.11920529801324,2344.2384105960264
14.932897745999071,12.88,1.9867549668874174,182.11920529801324,2345.6953642384105
14.942978629998834,12.872,1.9867549668874174,198.6754966887417,2557.350993377483
14.953061513999273,12.88,1.9867549668874174,198.6754966887417,2558.9403973509934
14.963142638000136,12.876,1.9867549668874174,198.6754966887417,2558.1456953642382
14.973225854999328,12.884,1.9867549668874174,182.11920529801324,2346.4238410596026
14.983391292998931,12.876,1.9867549668874174,198.6754966887417,2558.1456953642382
14.993470101999264,12.88,1.9867549668874174,182.11920529801324,2345.6953642384105
15.003547244999936,12.876,1.8211920529801322,198.6754966887417,2558.1456953642382
15.013625980000143,12.88,1.9867549668874174,198.6754966887417,2558.9403973509934
15.023702345999482,12.872,1.9867549668874174,182.11920529801324,2344.2384105960264
15.033780765999836,12.884,1.9867549668874174,182.11920529801324,2346.4238410596026
15.043857853999725,12.868,1.8211920529801322,198.6754966887417,2556.5562913907283
15.053934847999699,12.888,1.8211920529801322,182.11920529801324,2347.1523178807947
15.064010583999334,12.868,1.9867549668874174,182.11920529801324,2343.5099337748343
15.074087893999604,12.892,1.9867549668874174,182.11920529801324,2347.880794701987
15.084174998999515,12.872,1.9867549668874174,182.11920529801324,2344.2384105960264
15.094256697999299,12.888,1.9867549668874174,198.6754966887417,2560.529801324503
15.104338303999612,12.864,1.9867549668874174,198.6754966887417,2555.7615894039736
15.114419649999036,12.888,1.9867549668874174,198.6754966887417,2560.529801324503
15.124501311000131,12.864,1.8211920529801322,198.6754966887417,2555.7615894039736
15.134582676999344,12.892,1.9867549668874174,198.6754966887417,2561.324503311258
15.144692392999787,12.864,1.9867549668874174,182.11920529801324,2342.7814569536426
15.154773850999845,12.896,1.9867549668874174,198.6754966887417,2562.119205298013
15.164859122998678,12.86,1.9867549668874174,198.6754966887417,2554.966887417218
15.174940654998863,12.892,1.9867549668874174,182.11920529801324,2347.880794701987
15.185022130999641,12.864,1.9867549668874174,198.6754966887417,2555.7615894039736
15.195097477999298,12.892,1.8211920529801322,198.6754966887417,2561.324503311258
15.205173287000434,12.868,1.8211920529801322,182.11920529801324,2343.5099337748343
15.215250207998906,12.888,1.9867549668874174,198.6754966887417,2560.529801324503
15.225328462000107,12.864,1.9867549668874174,198.6754966887417,2555.7615894039736
15.235405235000144,12.892,1.9867549668874174,182.11920529801324,2347.880794701987
15.24548241499906,12.864,1.9867549668874174,182.11920529801324,2342.7814569536426
15.255558613000176,12.896,1.8211920529801322,182.11920529801324,2348.609271523179
15.265636755999367,12.864,1.9867549668874174,182.11920529801324,2342.7814569536426
15.275712935999763,12.896,1.9867549668874174,198.6754966887417,2562.119205298013
15.285799355999188,12.864,1.9867549668874174,198.6754966887417,2555.7615894039736
15.295880054998634,12.896,1.8211920529801322,182.11920529801324,2348.609271523179
15.305961789999856,12.86,1.9867549668874174,198.6754966887417,2554.966887417218
15.316043433000232,12.892,1.9867549668874174,182.11920529801324,2347.880794701987
15.3261247800001,12.868,1.9867549668874174,182.11920529801324,2343.5099337748343
15.336206310999842,12.892,1.8211920529801322,182.11920529801324,2347.880794701987
15.3462826949999,12.868,1.9867549668874174,182.11920529801324,2343.5099337748343
15.356363023000085,12.896,1.8211920529801322,198.6754966887417,2562.119205298013
15.366444129000229,12.868,1.8211920529801322,198.6754966887417,2556.5562913907283
15.37652530899868,12.896,1.8211920529801322,182.11920529801324,2348.609271523179
15.386615580999205,12.868,1.9867549668874174,198.6754966887417,2556.5562913907283
15.396696612999222,12.888,1.9867549668874174,198.6754966887417,2560.529801324503
15.40676997799892,12.872,1.8211920529801322,182.11920529801324,2344.2384105960264
15.416850214000078,12.88,1.9867549668874174,182.11920529801324,2345.6953642384105
15.426928300999862,12.876,1.9867549668874174,198.6754966887417,2558.1456953642382
15.437000111000089,12.884,1.9867549668874174,198.6754966887417,2559.735099337748
15.447076197999195,12.876,1.8211920529801322,182.11920529801324,2344.9668874172185
15.457154433999676,12.888,1.8211920529801322,182.11920529801324,2347.1523178807947
15.46723048399872,12.876,1.8211920529801322,198.6754966887417,2558.1456953642382
15.477308292998714,12.888,1.8211920529801322,182.11920529801324,2347.1523178807947
15.487390565998794,12.876,1.8211920529801322,182.11920529801324,2344.9668874172185
15.497467282999423,12.888,1.9867549668874174,198.6754966887417,2560.529801324503
15.507549388999905,12.872,1.9867549668874174,198.6754966887417,2557.350993377483
15.517629828000281,12.88,1.9867549668874174,182.11920529801324,2345.6953642384105
15.527710377999028,12.876,1.8211920529801322,182.11920529801324,2344.9668874172185
15.537791372998981,12.88,1.9867549668874174,198.6754966887417,2558.9403973509934
15.547872478999125,12.876,1.8211920529801322,198.6754966887417,2558.1456953642382
15.557953269999416,12.88,1.9867549668874174,198.6754966887417,2558.9403973509934
15.568033523999475,12.88,1.9867549668874174,198.6754966887417,2558.9403973509934
15.578114517998984,12.88,1.8211920529801322,198.6754966887417,2558.9403973509934
15.588204290999784,12.88,1.9867549668874174,182.11920529801324,2345.6953642384105
15.598280934000286,12.88,1.8211920529801322,198.6754966887417,2558.9403973509934
15.608357465998779,12.884,1.9867549668874174,182.11920529801324,2346.4238410596026
15.618433978999747,12.872,1.9867549668874174,198.6754966887417,2557.350993377483
15.628510511000059,12.888,1.9867549668874174,182.11920529801324,2347.1523178807947
15.638587023999207,12.872,1.9867549668874174,182.11920529801324,2344.2384105960264
15.648685999998634,12.884,1.8211920529801322,198.6754966887417,2559.735099337748
15.65876206899884,12.872,1.9867549668874174,198.6754966887417,2557.350993377483
15.668840471000294,12.888,1.9867549668874174,198.6754966887417,2560.529801324503
15.6789165579994,12.872,1.9867549668874174,198.6754966887417,2557.350993377483
15.688991589999205,12.888,1.9867549668874174,182.11920529801324,2347.1523178807947
15.699068177998925,12.876,1.8211920529801322,198.6754966887417,2558.1456953642382
15.709149487000104,12.884,1.9867549668874174,198.6754966887417,2559.735099337748
15.719230370999867,12.872,1.9867549668874174,182.11920529801324,2344.2384105960264
15.729313476000243,12.884,1.9867549668874174,182.11920529801324,2346.4238410596026
15.739394340998842,12.868,1.9867549668874174,198.6754966887417,2556.5562913907283
15.749474094998732,12.888,1.9867549668874174,182.11920529801324,2347.1523178807947
15.759551461000228,12.864,1.9867549668874174,198.6754966887417,2555.7615894039736
15.769631917999504,12.892,1.9867549668874174,198.6754966887417,2561.324503311258
15.779712634999669,12.868,1.9867549668874174,182.11920529801324,2343.5099337748343
15.789789222999389,12.892,1.9867549668874174,198.6754966887417,2561.324503311258
15.799866105999172,12.868,1.9867549668874174,182.11920529801324,2343.5099337748343
15.809944564000034,12.892,1.9867549668874174,182.11920529801324,2347.880794701987
15.82001776299876,12.864,1.9867549668874174,182.11920529801324,2342.7814569536426
15.830094127999473,12.896,1.9867549668874174,182.11920529801324,2348.609271523179
15.84017064100044,12.86,1.9867549668874174,198.6754966887417,2554.966887417218
15.850247172998934,12.9,1.9867549668874174,198.6754966887417,2562.913907284768
15.860323148999669,12.86,1.9867549668874174,182.11920529801324,2342.05298013245
15.870399495999663,12.896,1.8211920529801322,198.6754966887417,2562.119205298013
15.880476323998664,12.864,1.8211920529801322,198.6754966887417,2555.7615894039736
15.890561280999464,12.896,1.9867549668874174,182.11920529801324,2348.609271523179
15.900642127999163,12.864,1.9867549668874174,182.11920529801324,2342.7814569536426
15.910748751999563,12.896,1.9867549668874174,198.6754966887417,2562.119205298013
15.920834931999707,12.868,1.8211920529801322,182.11920529801324,2343.5099337748343
15.93091716699928,12.888,1.8211920529801322,182.11920529801324,2347.1523178807947
15.941000699000142,12.864,1.9867549668874174,198.6754966887417,2555.7615894039736
15.951081711998995,12.892,1.8211920529801322,182.11920529801324,2347.880794701987
15.961165206999794,12.864,1.9867549668874174,198.6754966887417,2555.7615894039736
15.971245515998817,12.896,1.8211920529801322,198.6754966887417,2562.119205298013
15.981320363000123,12.868,1.8211920529801322,182.11920529801324,2343.5099337748343
15.991488670999388,12.896,1.8211920529801322,198.6754966887417,2562.119205298013
16.001561887998832,12.868,1.8211920529801322,182.11920529801324,2343.5099337748343
16.01163866099887,12.892,1.8211920529801322,198.6754966887417,2561.324503311258
16.021717767000155,12.864,1.9867549668874174,198.6754966887417,2555.7615894039736
16.03179487200032,12.892,1.9867549668874174,198.6754966887417,2561.324503311258
16.04187279299913,12.868,1.9867549668874174,198.6754966887417,2556.5562913907283
16.05194900999959,12.892,1.9867549668874174,198.6754966887417,2561.324503311258
16.062021763998928,12.864,1.8211920529801322,198.6754966887417,2555.7615894039736
16.072094351999112,12.896,1.8211920529801322,198.6754966887417,2562.119205298013
16.082171234998896,12.868,1.9867549668874174,182.11920529801324,2343.5099337748343
16.09225628599961,12.896,1.8211920529801322,182.11920529801324,2348.609271523179
16.10233798399895,12.868,1.9867549668874174,198.6754966887417,2556.5562913907283
16.11241957099992,12.888,1.8211920529801322,198.6754966887417,2560.529801324503
16.122499806999258,12.872,1.8211920529801322,182.11920529801324,2344.2384105960264
16.13258072699864,12.88,1.9867549668874174,198.6754966887417,2558.9403973509934
16.142657906999375,12.876,1.9867549668874174,198.6754966887417,2558.1456953642382
16.152740976000132,12.88,1.9867549668874174,182.11920529801324,2345.6953642384105
16.16282134100038,12.876,1.9867549668874174,198.6754966887417,2558.1456953642382
16.172905927998727,12.884,1.8211920529801322,198.6754966887417,2559.735099337748
16.182986478999737,12.876,1.9867549668874174,182.11920529801324,2344.9668874172185
16.19308019500022,12.888,1.9867549668874174,198.6754966887417,2560.529801324503
16.20315678299994,12.88,1.9867549668874174,198.6754966887417,2558.9403973509934
16.213234980999914,12.876,1.8211920529801322,182.11920529801324,2344.9668874172185
16.223310994999338,12.88,1.8211920529801322,198.6754966887417,2558.9403973509934
16.23338874900037,12.876,1.9867549668874174,182.11920529801324,2344.9668874172185
16.243465057999856,12.88,1.9867549668874174,182.11920529801324,2345.6953642384105
16.25354557100036,12.876,1.9867549668874174,198.6754966887417,2558.1456953642382
16.263621455000248,12.884,1.8211920529801322,198.6754966887417,2559.735099337748
16.27369461699891,12.876,1.8211920529801322,182.11920529801324,2344.9668874172185
16.2837679080003,12.884,1.8211920529801322,182.11920529801324,2346.4238410596026
16.29385566199926,12.88,1.9867549668874174,182.11920529801324,2345.6953642384105
16.303932527000143,12.884,1.8211920529801322,198.6754966887417,2559.735099337748
16.314014039999165,12.876,1.9867549668874174,198.6754966887417,2558.1456953642382
16.324095553000006,12.884,1.9867549668874174,198.6754966887417,2559.735099337748
16.334170177999113,12.872,1.9867549668874174,182.11920529801324,2344.2384105960264
16.344245023999974,12.888,1.8211920529801322,182.11920529801324,2347.1523178807947
16.35432472299908,12.864,1.9867549668874174,198.6754966887417,2555.7615894039736
16.364405328999055,12.888,1.8211920529801322,198.6754966887417,2560.529801324503
16.374485730999368,12.868,1.8211920529801322,198.6754966887417,2556.5562913907283
16.384565873999236,12.892,1.9867549668874174,198.6754966887417,2561.324503311258
16.394656997999846,12.868,1.9867549668874174,198.6754966887417,2556.5562913907283
16.40468927099937,12.888,1.9867549668874174,182.11920529801324,2347.1523178807947
16.414766506999513,12.868,1.9867549668874174,198.6754966887417,2556.5562913907283
16.424845038000058,12.888,1.9867549668874174,198.6754966887417,2560.529801324503
16.43491670000003,12.864,1.8211920529801322,198.6754966887417,2555.7615894039736
16.4449944349999,12.888,1.8211920529801322,182.11920529801324,2347.1523178807947
16.455070707999766,12.864,1.9867549668874174,182.11920529801324,2342.7814569536426
16.465148387998852,12.888,1.9867549668874174,198.6754966887417,2560.529801324503
16.475224456999058,12.864,1.8211920529801322,198.6754966887417,2555.7615894039736
16.485302580998905,12.892,1.9867549668874174,198.6754966887417,2561.324503311258
16.49538766799924,12.868,1.9867549668874174,182.11920529801324,2343.5099337748343
16.505470477999552,12.892,1.9867549668874174,198.6754966887417,2561.324503311258
16.515551305999907,12.868,1.9867549668874174,198.6754966887417,2556.5562913907283
16.525631615999373,12.892,1.9867549668874174,182.11920529801324,2347.880794701987
16.535709220999706,12.86,1.9867549668874174,198.6754966887417,2554.966887417218
16.54579004900006,12.896,1.9867549668874174,182.11920529801324,2348.609271523179
16.5558706920001,12.86,1.9867549668874174,182.11920529801324,2342.05298013245
16.565951316999417,12.896,1.8211920529801322,198.6754966887417,2562.119205298013
16.576032607999878,12.86,1.8211920529801322,198.6754966887417,2554.966887417218
16.586113064999154,12.896,1.8211920529801322,198.6754966887417,2562.119205298013
16.596203263999996,12.864,1.9867549668874174,182.11920529801324,2342.7814569536426
16.606279461999293,12.892,1.9867549668874174,198.6754966887417,2561.324503311258
16.6163555309995,12.868,1.9867549668874174,198.6754966887417,2556.5562913907283
16.626432007000403,12.892,1.9867549668874174,198.6754966887417,2561.324503311258
16.63650818699898,12.868,1.8211920529801322,182.11920529801324,2343.5099337748343
16.646584588999758,12.888,1.9867549668874174,198.6754966887417,2560.529801324503
16.656678583998655,12.868,1.8211920529801322,182.11920529801324,2343.5099337748343
16.666755226999157,12.892,1.9867549668874174,198.6754966887417,2561.324503311258
16.676833147999787,12.868,1.9867549668874174,198.6754966887417,2556.5562913907283
16.686904864998723,12.888,1.8211920529801322,182.11920529801324,2347.1523178807947
16.69697632200041,12.872,1.8211920529801322,182.11920529801324,2344.2384105960264
16.707052150999516,12.896,1.8211920529801322,182.11920529801324,2348.609271523179
16.717135015998792,12.872,1.8211920529801322,198.6754966887417,2557.350993377483
16.727214639999147,12.888,1.9867549668874174,182.11920529801324,2347.1523178807947
16.73729780099893,12.868,1.8211920529801322,198.6754966887417,2556.5562913907283
16.747378574000322,12.888,1.9867549668874174,182.11920529801324,2347.1523178807947
16.7574602349996,12.868,1.8211920529801322,182.11920529801324,2343.5099337748343
16.767541044999234,12.888,1.9867549668874174,198.6754966887417,2560.529801324503
16.777622020999843,12.872,1.9867549668874174,198.6754966887417,2557.350993377483
16.787697386000218,12.892,1.8211920529801322,198.6754966887417,2561.324503311258
16.797774602999198,12.876,1.8211920529801322,198.6754966887417,2558.1456953642382
16.807850930999848,12.88,1.9867549668874174,198.6754966887417,2558.9403973509934
16.81792855599997,12.88,1.8211920529801322,198.6754966887417,2558.9403973509934
16.828003901999182,12.88,1.8211920529801322,198.6754966887417,2558.9403973509934
16.83807602699926,12.88,1.8211920529801322,198.6754966887417,2558.9403973509934
16.848152002999996,12.876,1.9867549668874174,198.6754966887417,2558.1456953642382
16.858227830998658,12.88,1.9867549668874174,198.6754966887417,2558.9403973509934
16.868304030000218,12.88,1.9867549668874174,198.6754966887417,2558.9403973509934
16.878380209998795,12.88,1.9867549668874174,198.6754966887417,2558.9403973509934
16.888456222999594,12.88,1.9867549668874174,182.11920529801324,2345.6953642384105
16.89853869899889,12.884,1.8211920529801322,198.6754966887417,2559.735099337748
16.908646582000074,12.88,1.9867549668874174,198.6754966887417,2558.9403973509934
16.918731798999943,12.884,1.9867549668874174,198.6754966887417,2559.735099337748
16.928817127000002,12.876,1.9867549668874174,198.6754966887417,2558.1456953642382
16.938897695999913,12.88,1.9867549668874174,198.6754966887417,2558.9403973509934
16.948980134999147,12.872,1.8211920529801322,198.6754966887417,2557.350993377483
16.95906014799948,12.884,1.9867549668874174,198.6754966887417,2559.735099337748
16.96914812399882,12.872,1.9867549668874174,198.6754966887417,2557.350993377483
16.979226618999746,12.884,1.9867549668874174,182.11920529801324,2346.4238410596026
16.98931048399936,12.876,1.8211920529801322,198.6754966887417,2558.1456953642382
16.999476865999895,12.884,1.8211920529801322,182.11920529801324,2346.4238410596026
17.009558935000314,12.876,1.9867549668874174,198.6754966887417,2558.1456953642382
17.019635984999695,12.892,1.8211920529801322,198.6754966887417,2561.324503311258
17.029714701999183,12.868,1.9867549668874174,198.6754966887417,2556.5562913907283
17.03979097499905,12.892,1.9867549668874174,198.6754966887417,2561.324503311258
17.049867636000272,12.86,1.9867549668874174,198.6754966887417,2554.966887417218
17.05994320500031,12.892,1.8211920529801322,198.6754966887417,2561.324503311258
17.070021162999183,12.864,1.8211920529801322,198.6754966887417,2555.7615894039736
17.0800985650003,12.892,1.8211920529801322,182.11920529801324,2347.880794701987
17.090174949000357,12.868,1.9867549668874174,182.11920529801324,2343.5099337748343
17.100261183999464,12.892,1.9867549668874174,198.6754966887417,2561.324503311258
17.110343030999502,12.868,1.9867549668874174,182.11920529801324,2343.5099337748343
17.120424247999836,12.892,1.8211920529801322,198.6754966887417,2561.324503311258
17.13050581599964,12.872,1.9867549668874174,182.11920529801324,2344.2384105960264
17.1405856450001,12.888,1.8211920529801322,198.6754966887417,2560.529801324503
17.150666453999293,12.868,1.8211920529801322,198.6754966887417,2556.5562913907283
17.16074965199914,12.888,1.9867549668874174,182.11920529801324,2347.1523178807947
17.170831072999135,12.864,1.9867549668874174,182.11920529801324,2342.7814569536426
17.180916493998666,12.896,1.9867549668874174,182.11920529801324,2348.609271523179
17.190997413999867,12.864,1.8211920529801322,198.6754966887417,2555.7615894039736
17.2010787979998,12.896,1.9867549668874174,182.11920529801324,2348.609271523179
17.211155404000237,12.868,1.9867549668874174,198.6754966887417,2556.5562913907283
17.22123204699892,12.892,1.9867549668874174,182.11920529801324,2347.880794701987
17.231308708000142,12.868,1.9867549668874174,198.6754966887417,2556.5562913907283
17.241384128999925,12.896,1.9867549668874174,182.11920529801324,2348.609271523179
17.2514596609999,12.86,1.9867549668874174,198.6754966887417,2554.966887417218
17.261537858999873,12.896,1.8211920529801322,198.6754966887417,2562.119205298013
17.271614502000375,12.86,1.9867549668874174,198.6754966887417,2554.966887417218
17.281690551999418,12.896,1.9867549668874174,198.6754966887417,2562.119205298013
17.291766176998863,12.868,1.9867549668874174,198.6754966887417,2556.5562913907283
17.301851152999006,12.892,1.8211920529801322,198.6754966887417,2561.324503311258
17.31193336999968,12.868,1.8211920529801322,198.6754966887417,2556.5562913907283
17.322014235000097,12.892,1.9867549668874174,198.6754966887417,2561.324503311258
17.332095804000346,12.872,1.9867549668874174,198.6754966887417,2557.350993377483
17.342176131998713,12.884,1.9867549668874174,198.6754966887417,2559.735099337748
17.3522574969993,12.872,1.9867549668874174,182.11920529801324,2344.2384105960264
17.362338713999634,12.884,1.9867549668874174,198.6754966887417,2559.735099337748
17.37242024599982,12.872,1.9867549668874174,198.6754966887417,2557.350993377483
17.382501924999815,12.888,1.9867549668874174,198.6754966887417,2560.529801324503
17.392582178999874,12.872,1.8211920529801322,198.6754966887417,2557.350993377483
17.402672469999743,12.892,1.8211920529801322,198.6754966887417,2561.324503311258
17.412749113000245,12.876,1.9867549668874174,198.6754966887417,2558.1456953642382
17.422825923000346,12.884,1.9867549668874174,182.11920529801324,2346.4238410596026
17.432904194998628,12.876,1.8211920529801322,198.6754966887417,2558.1456953642382
17.44298070900004,12.88,1.9867549668874174,198.6754966887417,2558.9403973509934
17.45305916599864,12.88,1.9867549668874174,198.6754966887417,2558.9403973509934
17.463135234998845,12.884,1.9867549668874174,198.6754966887417,2559.735099337748
17.47321345199998,12.872,1.9867549668874174,198.6754966887417,2557.350993377483
17.483289984000294,12.884,1.9867549668874174,198.6754966887417,2559.735099337748
17.49336760799997,12.876,1.9867549668874174,198.6754966887417,2558.1456953642382
17.503451548000157,12.884,1.9867549668874174,198.6754966887417,2559.735099337748
17.5135353200003,12.88,1.8211920529801322,182.11920529801324,2345.6953642384105
17.523616832999323,12.884,1.8211920529801322,198.6754966887417,2559.735099337748
17.53369808699972,12.88,1.9867549668874174,182.11920529801324,2345.6953642384105
17.543779470999652,12.876,1.8211920529801322,198.6754966887417,2558.1456953642382
17.55386061399986,12.884,1.9867549668874174,182.11920529801324,2346.4238410596026
17.563942331000362,12.868,1.9867549668874174,198.6754966887417,2556.5562913907283
17.57402391799951,12.884,1.9867549668874174,182.11920529801324,2346.4238410596026
17.584105246000036,12.876,1.9867549668874174,198.6754966887417,2558.1456953642382
17.59418607400039,12.884,1.8211920529801322,198.6754966887417,2559.735099337748
17.604275198000323,12.876,1.8211920529801322,198.6754966887417,2558.1456953642382
17.61435654500019,12.884,1.9867549668874174,198.6754966887417,2559.735099337748
17.62443720599913,12.876,1.9867549668874174,182.11920529801324,2344.9668874172185
17.6345183859994,12.888,1.8211920529801322,198.6754966887417,2560.529801324503
17.644599620998633,12.868,1.8211920529801322,182.11920529801324,2343.5099337748343
17.654680579000342,12.884,1.9867549668874174,198.6754966887417,2559.735099337748
17.66476255499947,12.868,1.9867549668874174,198.6754966887417,2556.5562913907283
17.674843308999698,12.888,1.8211920529801322,198.6754966887417,2560.529801324503
17.684924433999186,12.868,1.9867549668874174,182.11920529801324,2343.5099337748343
17.695004520999646,12.888,1.9867549668874174,198.6754966887417,2560.529801324503
17.70508484899983,12.868,1.9867549668874174,198.6754966887417,2556.5562913907283
17.715165528999933,12.888,1.9867549668874174,198.6754966887417,2560.529801324503
17.725248024000393,12.868,1.8211920529801322,198.6754966887417,2556.5562913907283
17.735328814998866,12.892,1.9867549668874174,198.6754966887417,2561.324503311258
17.74540442000034,12.868,1.9867549668874174,198.6754966887417,2556.5562913907283
17.75548576700021,12.892,1.9867549668874174,198.6754966887417,2561.324503311258
17.765566484000374,12.86,1.9867549668874174,182.11920529801324,2342.05298013245
17.77564721899944,12.896,1.9867549668874174,198.6754966887417,2562.119205298013
17.785727972999666,12.86,1.9867549668874174,198.6754966887417,2554.966887417218
17.795809375998942,12.896,1.8211920529801322,198.6754966887417,2562.119205298013
17.805895740999404,12.864,1.9867549668874174,198.6754966887417,2555.7615894039736
17.81597795699963,12.892,1.9867549668874174,182.11920529801324,2347.880794701987
17.826059285000156,12.868,1.9867549668874174,182.11920529801324,2343.5099337748343
17.836140113999136,12.896,1.8211920529801322,182.11920529801324,2348.609271523179
17.846220700999766,12.868,1.9867549668874174,198.6754966887417,2556.5562913907283
17.85630010299974,12.892,1.8211920529801322,182.11920529801324,2347.880794701987
17.866381449999608,12.864,1.9867549668874174,198.6754966887417,2555.7615894039736
17.876462832999096,12.892,1.9867549668874174,182.11920529801324,2347.880794701987
17.88654382799905,12.864,1.8211920529801322,182.11920529801324,2342.7814569536426
17.89662484099972,12.896,1.9867549668874174,182.11920529801324,2348.609271523179
17.90676064999934,12.864,1.9867549668874174,182.11920529801324,2342.7814569536426
17.91684273699866,12.896,1.9867549668874174,182.11920529801324,2348.609271523179
17.926920953999797,12.868,1.9867549668874174,182.11920529801324,2343.5099337748343
17.93699800399918,12.892,1.9867549668874174,198.6754966887417,2561.324503311258
17.94707927699892,12.864,1.9867549668874174,182.11920529801324,2342.7814569536426
17.95716229000027,12.892,1.9867549668874174,182.11920529801324,2347.880794701987
17.96724304399868,12.864,1.9867549668874174,198.6754966887417,2555.7615894039736
17.97732603899931,12.892,1.9867549668874174,198.6754966887417,2561.324503311258
17.98740684800032,12.864,1.8211920529801322,182.11920529801324,2342.7814569536426
17.99748774999898,12.892,1.9867549668874174,198.6754966887417,2561.324503311258
18.00765374399998,12.864,1.8211920529801322,198.6754966887417,2555.7615894039736
18.017728720000378,12.888,1.8211920529801322,198.6754966887417,2560.529801324503
18.027802900000097,12.868,1.8211920529801322,198.6754966887417,2556.5562913907283
18.037876450000113,12.884,1.8211920529801322,198.6754966887417,2559.735099337748
18.04795096399903,12.872,1.9867549668874174,198.6754966887417,2557.350993377483
18.058024957999805,12.88,1.8211920529801322,182.11920529801324,2345.6953642384105
18.068102453000392,12.876,1.9867549668874174,182.11920529801324,2344.9668874172185
18.07817900400005,12.88,1.9867549668874174,198.6754966887417,2558.9403973509934
18.088255294998817,12.876,1.8211920529801322,198.6754966887417,2558.1456953642382
18.09832940100023,12.884,1.9867549668874174,198.6754966887417,2559.735099337748
18.108411950999653,12.876,1.8211920529801322,198.6754966887417,2558.1456953642382
18.118494000998908,12.884,1.9867549668874174,182.11920529801324,2346.4238410596026
18.12857456999882,12.88,1.9867549668874174,198.6754966887417,2558.9403973509934
18.13865619399985,12.884,1.8211920529801322,198.6754966887417,2559.735099337748
18.148689948999163,12.88,1.9867549668874174,198.6754966887417,2558.9403973509934
18.158770758000173,12.876,1.9867549668874174,198.6754966887417,2558.1456953642382
18.168853752998984,12.88,1.8211920529801322,198.6754966887417,2558.9403973509934
18.178934821999064,12.876,1.9867549668874174,198.6754966887417,2558.1456953642382
18.189018241999293,12.88,1.8211920529801322,198.6754966887417,2558.9403973509934
18.19909957100026,12.88,1.8211920529801322,182.11920529801324,2345.6953642384105
18.20917663900036,12.88,1.8211920529801322,198.6754966887417,2558.9403973509934
18.219250615999044,12.88,1.9867549668874174,198.6754966887417,2558.9403973509934
18.229327332999674,12.884,1.9867549668874174,198.6754966887417,2559.735099337748
18.239403734998632,12.872,1.9867549668874174,198.6754966887417,2557.350993377483
18.249482414999875,12.888,1.9867549668874174,182.11920529801324,2347.1523178807947
18.259557909999785,12.872,1.9867549668874174,198.6754966887417,2557.350993377483
18.269637774999865,12.888,1.8211920529801322,198.6754966887417,2560.529801324503
18.279711973000303,12.864,1.8211920529801322,182.11920529801324,2342.7814569536426
18.289784413000234,12.888,1.8211920529801322,182.11920529801324,2347.1523178807947
18.29986201799875,12.872,1.9867549668874174,182.11920529801324,2344.2384105960264
18.30995069799974,12.892,1.8211920529801322,182.11920529801324,2347.880794701987
18.32002365599874,12.872,1.8211920529801322,182.11920529801324,2344.2384105960264
18.330100539998966,12.892,1.8211920529801322,198.6754966887417,2561.324503311258
18.340174515999024,12.864,1.8211920529801322,182.11920529801324,2342.7814569536426
18.35024573299961,12.896,1.8211920529801322,182.11920529801324,2348.609271523179
18.36032254299971,12.864,1.9867549668874174,198.6754966887417,2555.7615894039736
18.370398482000383,12.888,1.9867549668874174,182.11920529801324,2347.1523178807947
18.380475198999193,12.868,1.8211920529801322,182.11920529801324,2343.5099337748343
18.390557933998934,12.888,1.9867549668874174,198.6754966887417,2560.529801324503
18.4006358179995,12.868,1.8211920529801322,198.6754966887417,2556.5562913907283
18.410719239000173,12.892,1.8211920529801322,198.6754966887417,2561.324503311258
18.42079677000038,12.868,1.8211920529801322,182.11920529801324,2343.5099337748343
18.430873598999824,12.896,1.8211920529801322,182.11920529801324,2348.609271523179
18.440952296999967,12.864,1.8211920529801322,198.6754966887417,2555.7615894039736
18.45102810699973,12.896,1.9867549668874174,198.6754966887417,2562.119205298013
18.461105915999724,12.864,1.9867549668874174,182.11920529801324,2342.7814569536426
18.471181818000332,12.9,1.9867549668874174,198.6754966887417,2562.913907284768
18.481254184000136,12.856,1.9867549668874174,198.6754966887417,2554.1721854304633
18.491330789998756,12.896,1.8211920529801322,182.11920529801324,2348.609271523179
18.501408766000168,12.86,1.9867549668874174,198.6754966887417,2554.966887417218
18.511492445999465,12.896,1.9867549668874174,198.6754966887417,2562.119205298013
18.521573459000138,12.864,1.9867549668874174,182.11920529801324,2342.7814569536426
18.531653713000196,12.892,1.9867549668874174,182.11920529801324,2347.880794701987
18.54173520800032,12.864,1.9867549668874174,198.6754966887417,2555.7615894039736
18.551815609998812,12.896,1.8211920529801322,198.6754966887417,2562.119205298013
18.561895844999526,12.868,1.8211920529801322,198.6754966887417,2556.5562913907283
18.571976821000135,12.892,1.8211920529801322,198.6754966887417,2561.324503311258
18.58205751999958,12.864,1.9867549668874174,182.11920529801324,2342.7814569536426
18.592139069998666,12.892,1.9867549668874174,198.6754966887417,2561.324503311258
18.60222019399953,12.868,1.9867549668874174,198.6754966887417,2556.5562913907283
18.612312151999504,12.896,1.8211920529801322,198.6754966887417,2562.119205298013
18.622388312998737,12.872,1.9867549668874174,198.6754966887417,2557.350993377483
18.63246462299867,12.888,1.9867549668874174,198.6754966887417,2560.529801324503
18.64254067299953,12.872,1.8211920529801322,198.6754966887417,2557.350993377483
18.652616463999948,12.888,1.9867549668874174,198.6754966887417,2560.529801324503
18.66269310699863,12.872,1.8211920529801322,182.11920529801324,2344.2384105960264
18.672771008999916,12.892,1.9867549668874174,182.11920529801324,2347.880794701987
18.682846707999488,12.864,1.9867549668874174,198.6754966887417,2555.7615894039736
18.692919646999144,12.892,1.9867549668874174,198.6754966887417,2561.324503311258
18.702993086999413,12.872,1.9867549668874174,198.6754966887417,2557.350993377483
18.713113820998842,12.884,1.8211920529801322,182.11920529801324,2346.4238410596026
18.723195241998837,12.872,1.9867549668874174,182.11920529801324,2344.2384105960264
18.73327829200025,12.88,1.9867549668874174,198.6754966887417,2558.9403973509934
18.743359915999463,12.876,1.9867549668874174,198.6754966887417,2558.1456953642382
18.753436725999563,12.88,1.9867549668874174,198.6754966887417,2558.9403973509934
18.76351797999996,12.876,1.8211920529801322,182.11920529801324,2344.9668874172185
18.77359449299911,12.88,1.8211920529801322,198.6754966887417,2558.9403973509934
18.783675081000183,12.88,1.9867549668874174,182.11920529801324,2345.6953642384105
18.793755798000348,12.876,1.9867549668874174,182.11920529801324,2344.9668874172185
18.803831440998692,12.88,1.8211920529801322,198.6754966887417,2558.9403973509934
18.813920860999133,12.88,1.9867549668874174,182.11920529801324,2345.6953642384105
18.823996948000058,12.884,1.9867549668874174,182.11920529801324,2346.4238410596026
18.834070036000412,12.876,1.8211920529801322,182.11920529801324,2344.9668874172185
18.84414290099994,12.884,1.8211920529801322,198.6754966887417,2559.735099337748
18.85422072899928,12.876,1.9867549668874174,198.6754966887417,2558.1456953642382
18.86429389099976,12.888,1.8211920529801322,182.11920529801324,2347.1523178807947
18.874370923000242,12.876,1.9867549668874174,182.11920529801324,2344.9668874172185
18.884447287999137,12.884,1.8211920529801322,198.6754966887417,2559.735099337748
18.894524227000147,12.876,1.8211920529801322,198.6754966887417,2558.1456953642382
18.904597462998936,12.88,1.9867549668874174,182.11920529801324,2345.6953642384105
18.91471345699938,12.88,1.9867549668874174,198.6754966887417,2558.9403973509934
18.924791174000347,12.888,1.9867549668874174,198.6754966887417,2560.529801324503
18.93486842799939,12.868,1.8211920529801322,198.6754966887417,2556.5562913907283
18.94494708899947,12.888,1.8211920529801322,198.6754966887417,2560.529801324503
18.955023268999867,12.868,1.8211920529801322,198.6754966887417,2556.5562913907283
18.965101079000306,12.892,1.9867549668874174,198.6754966887417,2561.324503311258
18.97517755499939,12.868,1.9867549668874174,198.6754966887417,2556.5562913907283
18.985255252999195,12.892,1.9867549668874174,198.6754966887417,2561.324503311258
18.995331580999846,12.864,1.9867549668874174,198.6754966887417,2555.7615894039736
19.005409501998656,12.892,1.8211920529801322,198.6754966887417,2561.324503311258
19.015552513999864,12.868,1.9867549668874174,198.6754966887417,2556.5562913907283
19.02563576799912,12.892,1.9867549668874174,198.6754966887417,2561.324503311258
19.0357156150003,12.868,1.9867549668874174,198.6754966887417,2556.5562913907283
19.045793516999765,12.896,1.9867549668874174,182.11920529801324,2348.609271523179
19.05586986399976,12.864,1.8211920529801322,182.11920529801324,2342.7814569536426
19.06594708099874,12.896,1.9867549668874174,198.6754966887417,2562.119205298013
19.076023334999263,12.864,1.8211920529801322,182.11920529801324,2342.7814569536426
19.086103903999174,12.888,1.9867549668874174,198.6754966887417,2560.529801324503
19.096180380000078,12.864,1.8211920529801322,198.6754966887417,2555.7615894039736
19.106260725999164,12.888,1.8211920529801322,198.6754966887417,2560.529801324503
19.116352257999097,12.868,1.9867549668874174,182.11920529801324,2343.5099337748343
19.126428659999874,12.892,1.8211920529801322,182.11920529801324,2347.880794701987
19.1365055440001,12.868,1.8211920529801322,182.11920529801324,2343.5099337748343
19.146578427998975,12.896,1.9867549668874174,182.11920529801324,2348.609271523179
19.156654700000217,12.868,1.9867549668874174,198.6754966887417,2556.5562913907283
19.16673084299873,12.896,1.9867549668874174,198.6754966887417,2562.119205298013
19.176808930000334,12.868,1.8211920529801322,198.6754966887417,2556.5562913907283
19.186885221999546,12.896,1.8211920529801322,182.11920529801324,2348.609271523179
19.196965826999076,12.86,1.9867549668874174,182.11920529801324,2342.05298013245
19.20704250699964,12.892,1.9867549668874174,198.6754966887417,2561.324503311258
19.217115983999975,12.868,1.8211920529801322,198.6754966887417,2556.5562913907283
19.227192866999758,12.888,1.9867549668874174,198.6754966887417,2560.529801324503
19.23727567700007,12.868,1.8211920529801322,198.6754966887417,2556.5562913907283
19.247355745999812,12.888,1.8211920529801322,182.11920529801324,2347.1523178807947
19.257436574000167,12.868,1.9867549668874174,198.6754966887417,2556.5562913907283
19.267516939000416,12.892,1.9867549668874174,198.6754966887417,2561.324503311258
19.277595321998888,12.868,1.8211920529801322,198.6754966887417,2556.5562913907283
19.2876718360003,12.888,1.9867549668874174,198.6754966887417,2560.529801324503
19.297752459999174,12.868,1.8211920529801322,182.11920529801324,2343.5099337748343
19.307832972999677,12.888,1.9867549668874174,198.6754966887417,2560.529801324503
19.317913726999905,12.876,1.9867549668874174,182.11920529801324,2344.9668874172185
19.32798979600011,12.88,1.9867549668874174,198.6754966887417,2558.9403973509934
19.33806342099888,12.876,1.9867549668874174,198.6754966887417,2558.1456953642382
19.348136026999782,12.884,1.8211920529801322,198.6754966887417,2559.735099337748
19.358210299000348,12.876,1.9867549668874174,198.6754966887417,2558.1456953642382
19.36828334999882,12.884,1.8211920529801322,198.6754966887417,2559.735099337748
19.378360325999893,12.876,1.9867549668874174,198.6754966887417,2558.1456953642382
19.38844400599919,12.888,1.9867549668874174,182.11920529801324,2347.1523178807947
19.39855681500012,12.872,1.9867549668874174,198.6754966887417,2557.350993377483
19.408629475999987,12.88,1.8211920529801322,182.11920529801324,2345.6953642384105
19.41871748899939,12.876,1.9867549668874174,198.6754966887417,2558.1456953642382
19.428798316999746,12.888,1.8211920529801322,182.11920529801324,2347.1523178807947
19.438874811999995,12.88,1.9867549668874174,198.6754966887417,2558.9403973509934
19.44895747299961,12.876,1.9867549668874174,198.6754966887417,2558.1456953642382
19.459037726999668,12.88,1.9867549668874174,198.6754966887417,2558.9403973509934
19.469120017998648,12.876,1.9867549668874174,198.6754966887417,2558.1456953642382
19.47920062400044,12.88,1.9867549668874174,198.6754966887417,2558.9403973509934
19.48928328599868,12.876,1.9867549668874174,198.6754966887417,2558.1456953642382
19.49936339099986,12.884,1.9867549668874174,198.6754966887417,2559.735099337748
19.50944414500009,12.872,1.9867549668874174,182.11920529801324,2344.2384105960264
19.51952825099943,12.884,1.8211920529801322,198.6754966887417,2559.735099337748
19.529604875999212,12.868,1.8211920529801322,182.11920529801324,2343.5099337748343
19.539677888998995,12.884,1.9867549668874174,198.6754966887417,2559.735099337748
19.5497500879992,12.868,1.9867549668874174,182.11920529801324,2343.5099337748343
19.559825841999555,12.888,1.8211920529801322,198.6754966887417,2560.529801324503
19.56990363299883,12.872,1.8211920529801322,198.6754966887417,2557.350993377483
19.579979812999227,12.892,1.8211920529801322,198.6754966887417,2561.324503311258
19.590056103999814,12.876,1.8211920529801322,198.6754966887417,2558.1456953642382
19.6001323950004,12.888,1.8211920529801322,198.6754966887417,2560.529801324503
19.610208166999655,12.872,1.8211920529801322,198.6754966887417,2557.350993377483
19.620283976999417,12.884,1.9867549668874174,182.11920529801324,2346.4238410596026
19.630364545999328,12.872,1.9867549668874174,198.6754966887417,2557.350993377483
19.640444688999196,12.892,1.8211920529801322,198.6754966887417,2561.324503311258
19.650524627999403,12.868,1.9867549668874174,198.6754966887417,2556.5562913907283
19.66060456699961,12.892,1.9867549668874174,198.6754966887417,2561.324503311258
19.670684987999266,12.864,1.8211920529801322,182.11920529801324,2342.7814569536426
19.680767668000044,12.892,1.8211920529801322,182.11920529801324,2347.880794701987
19.690844939999806,12.868,1.8211920529801322,182.11920529801324,2343.5099337748343
19.70092493499942,12.892,1.9867549668874174,198.6754966887417,2561.324503311258
19.711004447999585,12.864,1.9867549668874174,182.11920529801324,2342.7814569536426
19.721085127999686,12.892,1.8211920529801322,182.11920529801324,2347.880794701987
19.731161751999025,12.864,1.8211920529801322,198.6754966887417,2555.7615894039736
19.741239709999718,12.896,1.9867549668874174,198.6754966887417,2562.119205298013
19.75131322299967,12.864,1.8211920529801322,198.6754966887417,2555.7615894039736
19.761388791999707,12.896,1.9867549668874174,198.6754966887417,2562.119205298013
19.7714616760004,12.864,1.8211920529801322,198.6754966887417,2555.7615894039736
19.781537929999104,12.896,1.9867549668874174,182.11920529801324,2348.609271523179
19.79161398100041,12.868,1.8211920529801322,198.6754966887417,2556.5562913907283
19.801690345999305,12.888,1.8211920529801322,198.6754966887417,2560.529801324503
19.811765266000293,12.868,1.9867549668874174,182.11920529801324,2343.5099337748343
19.821852241999295,12.884,1.9867549668874174,198.6754966887417,2559.735099337748
19.831929236999713,12.868,1.9867549668874174,198.6754966887417,2556.5562913907283
19.84200567699918,12.892,1.9867549668874174,182.11920529801324,2347.880794701987
19.852086412000062,12.872,1.8211920529801322,182.11920529801324,2344.2384105960264
19.862165647000438,12.892,1.8211920529801322,198.6754966887417,2561.324503311258
19.872247197999968,12.868,1.9867549668874174,182.11920529801324,2343.5099337748343
19.882328284998948,12.892,1.9867549668874174,198.6754966887417,2561.324503311258
19.892409001999113,12.868,1.9867549668874174,198.6754966887417,2556.5562913907283
19.902486662998854,12.896,1.9867549668874174,182.11920529801324,2348.609271523179
19.912569694999547,12.868,1.9867549668874174,198.6754966887417,2556.5562913907283
19.92273463299898,12.888,1.8211920529801322,198.6754966887417,2560.529801324503
19.932813256998998,12.872,1.8211920529801322,198.6754966887417,2557.350993377483
19.94288939999933,12.884,1.9867549668874174,182.11920529801324,2346.4238410596026
19.952967487999558,12.876,1.8211920529801322,182.11920529801324,2344.9668874172185
19.963044092999553,12.888,1.8211920529801322,182.11920529801324,2347.1523178807947
19.973122125000373,12.876,1.9867549668874174,182.11920529801324,2344.9668874172185
19.983198989999437,12.888,1.9867549668874174,198.6754966887417,2560.529801324503
19.993276596000214,12.876,1.9867549668874174,182.11920529801324,2344.9668874172185
20.003352609999638,12.88,1.8211920529801322,198.6754966887417,2558.9403973509934
20.013430140999844,12.88,1.9867549668874174,198.6754966887417,2558.9403973509934
20.02354858000035,12.872,1.8211920529801322,182.11920529801324,2344.2384105960264
20.033628166998824,12.88,1.9867549668874174,182.11920529801324,2345.6953642384105
20.043704902998797,12.876,1.9867549668874174,182.11920529801324,2344.9668874172185
20.053783785999258,12.88,1.9867549668874174,198.6754966887417,2558.9403973509934
20.063861206999718,12.876,1.9867549668874174,182.11920529801324,2344.9668874172185
20.073941867998656,12.884,1.9867549668874174,198.6754966887417,2559.735099337748
20.08402223399935,12.88,1.9867549668874174,182.11920529801324,2345.6953642384105
20.094100783999238,12.884,1.8211920529801322,198.6754966887417,2559.735099337748
20.10417731599955,12.88,1.9867549668874174,198.6754966887417,2558.9403973509934
20.114253791998635,12.876,1.8211920529801322,198.6754966887417,2558.1456953642382
20.124345341999287,12.88,1.8211920529801322,198.6754966887417,2558.9403973509934
20.134422058999917,12.88,1.9867549668874174,198.6754966887417,2558.9403973509934
20.144495016998917,12.872,1.9867549668874174,182.11920529801324,2344.2384105960264
20.15457128900016,12.884,1.8211920529801322,198.6754966887417,2559.735099337748
20.164647358000366,12.872,1.9867549668874174,182.11920529801324,2344.2384105960264
20.17472372299926,12.888,1.8211920529801322,198.6754966887417,2560.529801324503
20.184801403000165,12.872,1.8211920529801322,198.6754966887417,2557.350993377483
20.1948771569987,12.888,1.9867549668874174,182.11920529801324,2347.1523178807947
20.20495711500007,12.868,1.9867549668874174,182.11920529801324,2343.5099337748343
20.215031109999472,12.888,1.9867549668874174,198.6754966887417,2560.529801324503
20.225104309000017,12.86,1.9867549668874174,198.6754966887417,2554.966887417218
20.23518587699982,12.892,1.8211920529801322,182.11920529801324,2347.880794701987
20.245268075999775,12.864,1.9867549668874174,182.11920529801324,2342.7814569536426
20.25534808900011,12.892,1.8211920529801322,198.6754966887417,2561.324503311258
20.265428916998644,12.864,1.8211920529801322,198.6754966887417,2555.7615894039736
20.27550581899959,12.892,1.9867549668874174,182.11920529801324,2347.880794701987
20.285582110000178,12.864,1.9867549668874174,198.6754966887417,2555.7615894039736
20.2956585310003,12.892,1.9867549668874174,198.6754966887417,2561.324503311258
20.305739174000337,12.868,1.8211920529801322,182.11920529801324,2343.5099337748343
20.31581968699902,12.888,1.9867549668874174,198.6754966887417,2560.529801324503
20.32589805200041,12.868,1.9867549668874174,198.6754966887417,2556.5562913907283
20.335972361999666,12.892,1.9867549668874174,182.11920529801324,2347.880794701987
20.34604530099932,12.86,1.8211920529801322,198.6754966887417,2554.966887417218
20.356122481000057,12.892,1.9867549668874174,182.11920529801324,2347.880794701987
20.366195901999163,12.864,1.9867549668874174,182.11920529801324,2342.7814569536426
20.3762725079996,12.896,1.8211920529801322,198.6754966887417,2562.119205298013
20.386348873000316,12.864,1.9867549668874174,182.11920529801324,2342.7814569536426
20.396425552999062,12.892,1.8211920529801322,182.11920529801324,2347.880794701987
20.406501028999628,12.864,1.9867549668874174,182.11920529801324,2342.7814569536426
20.41657711699918,12.892,1.8211920529801322,182.11920529801324,2347.880794701987
20.42665001899877,12.86,1.9867549668874174,198.6754966887417,2554.966887417218
20.436734512999465,12.892,1.9867549668874174,182.11920529801324,2347.880794701987
20.4468154899987,12.864,1.9867549668874174,198.6754966887417,2555.7615894039736
20.456898094998905,12.896,1.9867549668874174,198.6754966887417,2562.119205298013
20.46697383100036,12.864,1.9867549668874174,182.11920529801324,2342.7814569536426
20.477055695999297,12.896,1.9867549668874174,198.6754966887417,2562.119205298013
20.487135838999166,12.864,1.9867549668874174,198.6754966887417,2555.7615894039736
20.497217963000367,12.896,1.8211920529801322,198.6754966887417,2562.119205298013
20.507298532000277,12.868,1.8211920529801322,198.6754966887417,2556.5562913907283
20.517378026999722,12.884,1.9867549668874174,198.6754966887417,2559.735099337748
20.52745463300016,12.868,1.9867549668874174,198.6754966887417,2556.5562913907283
20.537532645999818,12.884,1.9867549668874174,198.6754966887417,2559.735099337748
20.547608214999855,12.868,1.8211920529801322,198.6754966887417,2556.5562913907283
20.55768600599913,12.888,1.9867549668874174,198.6754966887417,2560.529801324503
20.56776183399961,12.868,1.9867549668874174,198.6754966887417,2556.5562913907283
20.577839624998887,12.888,1.9867549668874174,182.11920529801324,2347.1523178807947
20.587915230998988,12.868,1.9867549668874174,198.6754966887417,2556.5562913907283
20.598014707000402,12.884,1.9867549668874174,182.11920529801324,2346.4238410596026
20.60809099799917,12.876,1.9867549668874174,198.6754966887417,2558.1456953642382
20.6181673079991,12.884,1.9867549668874174,182.11920529801324,2346.4238410596026
20.628252172999055,12.868,1.9867549668874174,198.6754966887417,2556.5562913907283
20.638332593000086,12.88,1.9867549668874174,198.6754966887417,2558.9403973509934
20.648413328999595,12.872,1.9867549668874174,198.6754966887417,2557.350993377483
20.65849387900016,12.884,1.8211920529801322,182.11920529801324,2346.4238410596026
20.668573781000305,12.876,1.8211920529801322,198.6754966887417,2558.1456953642382
20.67865397999958,12.884,1.8211920529801322,198.6754966887417,2559.735099337748
20.688693048999994,12.876,1.9867549668874174,198.6754966887417,2558.1456953642382
20.698771265999312,12.884,1.9867549668874174,198.6754966887417,2559.735099337748
20.70885070499935,12.88,1.9867549668874174,198.6754966887417,2558.9403973509934
20.718934384998647,12.88,1.9867549668874174,198.6754966887417,2558.9403973509934
20.729031656999723,12.88,1.8211920529801322,198.6754966887417,2558.9403973509934
20.73911035600031,12.868,1.9867549668874174,198.6754966887417,2556.5562913907283
20.749187053999776,12.884,1.9867549668874174,198.6754966887417,2559.735099337748
20.75926358600009,12.872,1.9867549668874174,182.11920529801324,2344.2384105960264
20.7693441729989,12.884,1.9867549668874174,182.11920529801324,2346.4238410596026
20.779421500999888,12.876,1.9867549668874174,182.11920529801324,2344.9668874172185
20.789498829999502,12.884,1.9867549668874174,182.11920529801324,2346.4238410596026
20.799575158000152,12.876,1.9867549668874174,182.11920529801324,2344.9668874172185
20.809654448999936,12.888,1.8211920529801322,182.11920529801324,2347.1523178807947
20.81973296199976,12.868,1.8211920529801322,198.6754966887417,2556.5562913907283
20.829826159999357,12.884,1.8211920529801322,198.6754966887417,2559.735099337748
20.83990461800022,12.864,1.8211920529801322,198.6754966887417,2555.7615894039736
20.849982093999643,12.888,1.9867549668874174,198.6754966887417,2560.529801324503
20.860066180999638,12.868,1.9867549668874174,198.6754966887417,2556.5562913907283
20.870143453999844,12.888,1.9867549668874174,198.6754966887417,2560.529801324503
20.880216337998718,12.868,1.9867549668874174,198.6754966887417,2556.5562913907283
20.890297202999136,12.892,1.8211920529801322,198.6754966887417,2561.324503311258
20.900375141998666,12.868,1.8211920529801322,198.6754966887417,2556.5562913907283
20.91046335899955,12.888,1.9867549668874174,198.6754966887417,2560.529801324503
20.92054213099982,12.868,1.9867549668874174,198.6754966887417,2556.5562913907283
20.9306631620002,12.896,1.8211920529801322,182.11920529801324,2348.609271523179
20.940743119999752,12.86,1.8211920529801322,182.11920529801324,2342.05298013245
20.95082052199905,12.896,1.9867549668874174,198.6754966887417,2562.119205298013
20.960902386999805,12.86,1.9867549668874174,182.11920529801324,2342.05298013245
20.97100064099868,12.896,1.8211920529801322,198.6754966887417,2562.119205298013
20.981075562000115,12.868,1.9867549668874174,198.6754966887417,2556.5562913907283
20.991153982999094,12.896,1.9867549668874174,198.6754966887417,2562.119205298013
21.001232587999766,12.868,1.9867549668874174,198.6754966887417,2556.5562913907283
21.011309786999846,12.896,1.9867549668874174,198.6754966887417,2562.119205298013
21.02138759599984,12.864,1.8211920529801322,182.11920529801324,2342.7814569536426
21.03146562799884,12.892,1.9867549668874174,198.6754966887417,2561.324503311258
21.04154334499981,12.868,1.9867549668874174,182.11920529801324,2343.5099337748343
21.05162067299898,12.892,1.9867549668874174,198.6754966887417,2561.324503311258
21.06169868699908,12.864,1.9867549668874174,182.11920529801324,2342.7814569536426
21.071775366999645,12.896,1.9867549668874174,198.6754966887417,2562.119205298013
21.081856380000318,12.864,1.9867549668874174,198.6754966887417,2555.7615894039736
21.091934893000143,12.896,1.8211920529801322,198.6754966887417,2562.119205298013
21.102011998998933,12.868,1.8211920529801322,198.6754966887417,2556.5562913907283
21.112089345999266,12.892,1.9867549668874174,198.6754966887417,2561.324503311258
21.122170822000044,12.868,1.9867549668874174,198.6754966887417,2556.5562913907283
21.132266130998687,12.892,1.8211920529801322,182.11920529801324,2347.880794701987
21.142339885000183,12.864,1.9867549668874174,182.11920529801324,2342.7814569536426
21.152412972998718,12.896,1.9867549668874174,198.6754966887417,2562.119205298013
21.162487522999072,12.864,1.9867549668874174,198.6754966887417,2555.7615894039736
21.17256007299875,12.896,1.9867549668874174,198.6754966887417,2562.119205298013
21.182636735000415,12.864,1.9867549668874174,198.6754966887417,2555.7615894039736
21.192714877999606,12.888,1.9867549668874174,198.6754966887417,2560.529801324503
21.202791575999072,12.872,1.8211920529801322,198.6754966887417,2557.350993377483
21.212870940998982,12.888,1.8211920529801322,198.6754966887417,2560.529801324503
21.222944547000225,12.872,1.9867549668874174,182.11920529801324,2344.2384105960264
21.23302000500007,12.884,1.9867549668874174,198.6754966887417,2559.735099337748
21.243100628998945,12.876,1.9867549668874174,198.6754966887417,2558.1456953642382
21.2531826609993,12.88,1.9867549668874174,198.6754966887417,2558.9403973509934
21.263263488999655,12.876,1.9867549668874174,182.11920529801324,2344.9668874172185
21.27334011399944,12.888,1.8211920529801322,198.6754966887417,2560.529801324503
21.283417089998693,12.876,1.8211920529801322,182.11920529801324,2344.9668874172185
21.293495769999936,12.884,1.9867549668874174,198.6754966887417,2559.735099337748
21.30357315299989,12.88,1.8211920529801322,182.11920529801324,2345.6953642384105
21.313649407999037,12.88,1.8211920529801322,198.6754966887417,2558.9403973509934
21.32373004999863,12.88,1.9867549668874174,182.11920529801324,2345.6953642384105
21.33380869299981,12.876,1.8211920529801322,198.6754966887417,2558.1456953642382
21.343881576998683,12.88,1.9867549668874174,198.6754966887417,2558.9403973509934
21.353954775999227,12.88,1.9867549668874174,198.6754966887417,2558.9403973509934
21.3640317520003,12.876,1.8211920529801322,198.6754966887417,2558.1456953642382
21.37410837599964,12.88,1.9867549668874174,198.6754966887417,2558.9403973509934
21.384185371000058,12.88,1.8211920529801322,198.6754966887417,2558.9403973509934
21.39425827299965,12.88,1.9867549668874174,198.6754966887417,2558.9403973509934
21.40433474999918,12.884,1.8211920529801322,198.6754966887417,2559.735099337748
21.414411743999153,12.872,1.9867549668874174,198.6754966887417,2557.350993377483
21.424486034999063,12.888,1.8211920529801322,182.11920529801324,2347.1523178807947
21.43457193699942,12.868,1.9867549668874174,198.6754966887417,2556.5562913907283
21.444654487999287,12.888,1.9867549668874174,198.6754966887417,2560.529801324503
21.454735981998965,12.864,1.8211920529801322,182.11920529801324,2342.7814569536426
21.464814995999404,12.888,1.9867549668874174,198.6754966887417,2560.529801324503
21.47489156499978,12.868,1.9867549668874174,198.6754966887417,2556.5562913907283
21.48497431800024,12.892,1.9867549668874174,182.11920529801324,2347.880794701987
21.49505262799903,12.872,1.8211920529801322,198.6754966887417,2557.350993377483
21.505128585999046,12.888,1.9867549668874174,198.6754966887417,2560.529801324503
21.515209858000162,12.872,1.9867549668874174,198.6754966887417,2557.350993377483
21.525292557000284,12.892,1.9867549668874174,182.11920529801324,2347.880794701987
21.535383087999435,12.868,1.9867549668874174,198.6754966887417,2556.5562913907283
21.545461398000043,12.888,1.8211920529801322,198.6754966887417,2560.529801324503
21.555533762999403,12.868,1.9867549668874174,198.6754966887417,2556.5562913907283
21.56561092499942,12.888,1.8211920529801322,182.11920529801324,2347.1523178807947
21.57568749299935,12.872,1.8211920529801322,198.6754966887417,2557.350993377483
21.585765951000212,12.888,1.8211920529801322,182.11920529801324,2347.1523178807947
21.59584194600029,12.868,1.9867549668874174,182.11920529801324,2343.5099337748343
21.60591982999904,12.892,1.9867549668874174,198.6754966887417,2561.324503311258
21.61599638000007,12.868,1.8211920529801322,198.6754966887417,2556.5562913907283
21.626073466999514,12.896,1.9867549668874174,182.11920529801324,2348.609271523179
21.636155146999954,12.864,1.9867549668874174,198.6754966887417,2555.7615894039736
21.64623656799995,12.896,1.8211920529801322,182.11920529801324,2348.609271523179
21.656317822000346,12.86,1.9867549668874174,198.6754966887417,2554.966887417218
21.666398593999475,12.896,1.9867549668874174,198.6754966887417,2562.119205298013
21.67648029299926,12.86,1.9867549668874174,182.11920529801324,2342.05298013245
21.686559194999063,12.896,1.8211920529801322,198.6754966887417,2562.119205298013
21.6966374299991,12.864,1.9867549668874174,198.6754966887417,2555.7615894039736
21.706713665998905,12.892,1.8211920529801322,198.6754966887417,2561.324503311258
21.71678941999926,12.868,1.8211920529801322,182.11920529801324,2343.5099337748343
21.726866117998725,12.896,1.8211920529801322,198.6754966887417,2562.119205298013
21.736942612998973,12.868,1.8211920529801322,182.11920529801324,2343.5099337748343
21.74701877499865,12.888,1.9867549668874174,198.6754966887417,2560.529801324503
21.757096899000317,12.864,1.9867549668874174,198.6754966887417,2555.7615894039736
21.76716918999955,12.892,1.9867549668874174,198.6754966887417,2561.324503311258
21.777245147999565,12.872,1.9867549668874174,198.6754966887417,2557.350993377483
21.787321198000427,12.884,1.9867549668874174,182.11920529801324,2346.4238410596026
21.797399248998772,12.872,1.9867549668874174,198.6754966887417,2557.350993377483
21.807475298999634,12.884,1.9867549668874174,182.11920529801324,2346.4238410596026
21.81755381199946,12.872,1.9867549668874174,198.6754966887417,2557.350993377483
21.827630177000174,12.888,1.9867549668874174,198.6754966887417,2560.529801324503
21.83775181999954,12.876,1.8211920529801322,198.6754966887417,2558.1456953642382
21.84783483299907,12.888,1.9867549668874174,182.11920529801324,2347.1523178807947
21.85791166099989,12.868,1.9867549668874174,182.11920529801324,2343.5099337748343
21.867989173999376,12.888,1.8211920529801322,198.6754966887417,2560.529801324503
21.878065483999308,12.872,1.9867549668874174,198.6754966887417,2557.350993377483
21.888146848999895,12.888,1.9867549668874174,198.6754966887417,2560.529801324503
21.898224380998727,12.876,1.9867549668874174,198.6754966887417,2558.1456953642382
21.90831533799974,12.888,1.9867549668874174,198.6754966887417,2560.529801324503
21.918401258999438,12.876,1.8211920529801322,198.6754966887417,2558.1456953642382
21.928481734999878,12.88,1.9867549668874174,198.6754966887417,2558.9403973509934
21.938647635999587,12.88,1.8211920529801322,198.6754966887417,2558.9403973509934
21.948689093998837,12.876,1.9867549668874174,182.11920529801324,2344.9668874172185
21.95876545899955,12.88,1.9867549668874174,182.11920529801324,2345.6953642384105
21.96884399099872,12.876,1.9867549668874174,182.11920529801324,2344.9668874172185
21.978921077999985,12.88,1.8211920529801322,182.11920529801324,2345.6953642384105
21.98899377700036,12.876,1.8211920529801322,182.11920529801324,2344.9668874172185
21.999070734998895,12.884,1.9867549668874174,198.6754966887417,2559.735099337748
22.009149191999313,12.872,1.9867549668874174,198.6754966887417,2557.350993377483
22.019225890999223,12.884,1.9867549668874174,198.6754966887417,2559.735099337748
22.029304034000234,12.872,1.9867549668874174,198.6754966887417,2557.350993377483
22.03942636099964,12.884,1.9867549668874174,182.11920529801324,2346.4238410596026
22.049504058999446,12.872,1.9867549668874174,198.6754966887417,2557.350993377483
22.059581850999166,12.88,1.9867549668874174,182.11920529801324,2345.6953642384105
22.069658307998907,12.872,1.9867549668874174,198.6754966887417,2557.350993377483
22.079739265998796,12.884,1.8211920529801322,198.6754966887417,2559.735099337748
22.089819724000336,12.876,1.9867549668874174,198.6754966887417,2558.1456953642382
22.099897588999738,12.884,1.9867549668874174,198.6754966887417,2559.735099337748
22.109974584000156,12.876,1.8211920529801322,198.6754966887417,2558.1456953642382
22.120051022999178,12.888,1.9867549668874174,198.6754966887417,2560.529801324503
22.13013181399947,12.868,1.9867549668874174,182.11920529801324,2343.5099337748343
22.14021845699972,12.892,1.8211920529801322,182.11920529801324,2347.880794701987
22.150291895999544,12.864,1.8211920529801322,198.6754966887417,2555.7615894039736
22.160368130998904,12.892,1.8211920529801322,182.11920529801324,2347.880794701987
22.170440848,12.864,1.9867549668874174,198.6754966887417,2555.7615894039736
22.180517287999464,12.892,1.9867549668874174,198.6754966887417,2561.324503311258
22.19059359699895,12.868,1.9867549668874174,182.11920529801324,2343.5099337748343
22.200682609998694,12.892,1.9867549668874174,198.6754966887417,2561.324503311258
22.210758993998752,12.864,1.9867549668874174,198.6754966887417,2555.7615894039736
22.22083346999898,12.892,1.9867549668874174,198.6754966887417,2561.324503311258
22.230911038999693,12.86,1.9867549668874174,198.6754966887417,2554.966887417218
22.240999014999034,12.896,1.8211920529801322,198.6754966887417,2562.119205298013
22.251080231999367,12.86,1.9867549668874174,198.6754966887417,2554.966887417218
22.261162707998665,12.892,1.9867549668874174,198.6754966887417,2561.324503311258
22.271243147999485,12.864,1.8211920529801322,182.11920529801324,2342.7814569536426
22.281323420000263,12.892,1.9867549668874174,198.6754966887417,2561.324503311258
22.291400340998734,12.868,1.8211920529801322,198.6754966887417,2556.5562913907283
22.30148189099964,12.892,1.8211920529801322,198.6754966887417,2561.324503311258
22.311562700999275,12.868,1.9867549668874174,198.6754966887417,2556.5562913907283
22.321643195000433,12.892,1.9867549668874174,182.11920529801324,2347.880794701987
22.3317223009999,12.868,1.9867549668874174,182.11920529801324,2343.5099337748343
22.341812239999854,12.896,1.8211920529801322,182.11920529801324,2348.609271523179
22.35188621599991,12.868,1.9867549668874174,198.6754966887417,2556.5562913907283
22.361964656000055,12.896,1.9867549668874174,198.6754966887417,2562.119205298013
22.372038280000197,12.86,1.8211920529801322,182.11920529801324,2342.05298013245
22.38211551600034,12.892,1.9867549668874174,198.6754966887417,2561.324503311258
22.39219186199989,12.868,1.9867549668874174,198.6754966887417,2556.5562913907283
22.40226824599995,12.888,1.9867549668874174,182.11920529801324,2347.1523178807947
22.41234468499897,12.868,1.9867549668874174,198.6754966887417,2556.5562913907283
22.42242201299996,12.892,1.8211920529801322,182.11920529801324,2347.880794701987
22.432498637999743,12.872,1.9867549668874174,182.11920529801324,2344.2384105960264
22.44258244699995,12.892,1.9867549668874174,198.6754966887417,2561.324503311258
22.452689738000117,12.872,1.8211920529801322,198.6754966887417,2557.350993377483
22.46277195499897,12.888,1.9867549668874174,198.6754966887417,2560.529801324503
22.472849079000298,12.868,1.9867549668874174,198.6754966887417,2556.5562913907283
22.48293057400042,12.888,1.9867549668874174,198.6754966887417,2560.529801324503
22.49301325399938,12.876,1.8211920529801322,182.11920529801324,2344.9668874172185
22.503094581999903,12.888,1.8211920529801322,182.11920529801324,2347.1523178807947
22.513171687998693,12.876,1.8211920529801322,198.6754966887417,2558.1456953642382
22.523253089999344,12.88,1.9867549668874174,182.11920529801324,2345.6953642384105
22.533329750998746,12.876,1.9867549668874174,198.6754966887417,2558.1456953642382
22.54341593099889,12.88,1.9867549668874174,182.11920529801324,2345.6953642384105
22.55349298100009,12.88,1.8211920529801322,198.6754966887417,2558.9403973509934
22.56356897600017,12.884,1.8211920529801322,182.11920529801324,2346.4238410596026
22.573647081999297,12.876,1.9867549668874174,182.11920529801324,2344.9668874172185
22.58372333599982,12.884,1.9867549668874174,182.11920529801324,2346.4238410596026
22.59380077499918,12.88,1.9867549668874174,198.6754966887417,2558.9403973509934
22.60387699199964,12.876,1.9867549668874174,198.6754966887417,2558.1456953642382
22.613955228000123,12.88,1.9867549668874174,198.6754966887417,2558.9403973509934
22.624031555998954,12.876,1.9867549668874174,182.11920529801324,2344.9668874172185
22.634107883999604,12.884,1.9867549668874174,182.11920529801324,2346.4238410596026
22.64419224899939,12.876,1.8211920529801322,198.6754966887417,2558.1456953642382
22.65427365100004,12.884,1.9867549668874174,198.6754966887417,2559.735099337748
22.664354886999718,12.872,1.8211920529801322,198.6754966887417,2557.350993377483
22.674435122000432,12.884,1.9867549668874174,182.11920529801324,2346.4238410596026
22.684516690998862,12.872,1.9867549668874174,182.11920529801324,2344.2384105960264
22.69459318599911,12.888,1.9867549668874174,198.6754966887417,2560.529801324503
22.70469266100008,12.876,1.9867549668874174,182.11920529801324,2344.9668874172185
22.714779822999844,12.888,1.8211920529801322,198.6754966887417,2560.529801324503
22.724856650998845,12.868,1.9867549668874174,182.11920529801324,2343.5099337748343
22.734937404999073,12.892,1.9867549668874174,198.6754966887417,2561.324503311258
22.74503256599928,12.864,1.9867549668874174,182.11920529801324,2342.7814569536426
22.75511122699936,12.892,1.9867549668874174,198.6754966887417,2561.324503311258
22.765188240999123,12.868,1.9867549668874174,182.11920529801324,2343.5099337748343
22.775261920998673,12.884,1.9867549668874174,182.11920529801324,2346.4238410596026
22.785339045,12.868,1.9867549668874174,198.6754966887417,2556.5562913907283
22.795414965999953,12.884,1.8211920529801322,198.6754966887417,2559.735099337748
22.80549105299906,12.868,1.9867549668874174,198.6754966887417,2556.5562913907283
22.815567121999266,12.892,1.9867549668874174,182.11920529801324,2347.880794701987
22.82564409800034,12.864,1.9867549668874174,182.11920529801324,2342.7814569536426
22.835720351999043,12.896,1.8211920529801322,182.11920529801324,2348.609271523179
22.84580779099997,12.864,1.8211920529801322,198.6754966887417,2555.7615894039736
22.855888989999585,12.892,1.8211920529801322,198.6754966887417,2561.324503311258
22.86597013299979,12.86,1.9867549668874174,198.6754966887417,2554.966887417218
22.87604736799949,12.896,1.8211920529801322,182.11920529801324,2348.609271523179
22.886124381999252,12.86,1.9867549668874174,198.6754966887417,2554.966887417218
22.89620659799948,12.896,1.8211920529801322,182.11920529801324,2348.609271523179
22.90629627799899,12.864,1.8211920529801322,182.11920529801324,2342.7814569536426
22.91638047699962,12.892,1.9867549668874174,182.11920529801324,2347.880794701987
22.926460804999806,12.864,1.9867549668874174,198.6754966887417,2555.7615894039736
22.93654054000035,12.896,1.8211920529801322,198.6754966887417,2562.119205298013
22.946705199999997,12.864,1.8211920529801322,198.6754966887417,2555.7615894039736
22.95678376899923,12.896,1.8211920529801322,198.6754966887417,2562.119205298013
22.96686026399948,12.864,1.9867549668874174,182.11920529801324,2342.7814569536426
22.976938498999516,12.888,1.8211920529801322,198.6754966887417,2560.529801324503
22.987014512000314,12.868,1.8211920529801322,182.11920529801324,2343.5099337748343
22.997092804000204,12.888,1.9867549668874174,198.6754966887417,2560.529801324503
23.0071690019995,12.868,1.8211920529801322,198.6754966887417,2556.5562913907283
23.017247014999157,12.888,1.9867549668874174,198.6754966887417,2560.529801324503
23.02732337999987,12.868,1.8211920529801322,198.6754966887417,2556.5562913907283
23.037396783000077,12.892,1.9867549668874174,182.11920529801324,2347.880794701987
23.047479073999057,12.868,1.8211920529801322,198.6754966887417,2556.5562913907283
23.057557901998734,12.892,1.9867549668874174,198.6754966887417,2561.324503311258
23.067635044999406,12.868,1.8211920529801322,198.6754966887417,2556.5562913907283
23.077715964998788,12.896,1.8211920529801322,198.6754966887417,2562.119205298013
23.087796552999862,12.86,1.9867549668874174,182.11920529801324,2342.05298013245
23.097874454999328,12.896,1.9867549668874174,198.6754966887417,2562.119205298013
23.10795111599873,12.868,1.9867549668874174,198.6754966887417,2556.5562913907283
23.118031906999022,12.884,1.9867549668874174,182.11920529801324,2346.4238410596026
23.12811227199927,12.868,1.8211920529801322,182.11920529801324,2343.5099337748343
23.138190396999562,12.884,1.9867549668874174,182.11920529801324,2346.4238410596026
23.148276298999917,12.872,1.9867549668874174,198.6754966887417,2557.350993377483
23.15835323799911,12.888,1.8211920529801322,198.6754966887417,2560.529801324503
23.16842954799904,12.876,1.9867549668874174,182.11920529801324,2344.9668874172185
23.178502875998674,12.884,1.8211920529801322,182.11920529801324,2346.4238410596026
23.188575666999895,12.876,1.9867549668874174,198.6754966887417,2558.1456953642382
23.19864916199913,12.872,1.9867549668874174,182.11920529801324,2344.2384105960264
23.208690064999246,12.88,1.9867549668874174,198.6754966887417,2558.9403973509934
23.21876307799903,12.876,1.9867549668874174,182.11920529801324,2344.9668874172185
23.228837664999446,12.88,1.8211920529801322,198.6754966887417,2558.9403973509934
23.23891495600037,12.88,1.8211920529801322,198.6754966887417,2558.9403973509934
23.249004061999585,12.884,1.8211920529801322,198.6754966887417,2559.735099337748
23.259085445999517,12.876,1.8211920529801322,198.6754966887417,2558.1456953642382
23.26916799599894,12.88,1.9867549668874174,198.6754966887417,2558.9403973509934
23.279246879999846,12.88,1.8211920529801322,182.11920529801324,2345.6953642384105
23.289323781998974,12.876,1.9867549668874174,198.6754966887417,2558.1456953642382
23.29940442499901,12.88,1.8211920529801322,198.6754966887417,2558.9403973509934
23.309485641999345,12.88,1.9867549668874174,198.6754966887417,2558.9403973509934
23.319566228999975,12.872,1.9867549668874174,198.6754966887417,2557.350993377483
23.329644575998827,12.884,1.9867549668874174,198.6754966887417,2559.735099337748
23.3397215699988,12.868,1.9867549668874174,182.11920529801324,2343.5099337748343
23.3498089349996,12.884,1.8211920529801322,198.6754966887417,2559.735099337748
23.35988583699873,12.872,1.8211920529801322,198.6754966887417,2557.350993377483
23.3699587029987,12.888,1.9867549668874174,182.11920529801324,2347.1523178807947
23.38003195700003,12.868,1.9867549668874174,198.6754966887417,2556.5562913907283
23.390108247998796,12.888,1.8211920529801322,182.11920529801324,2347.1523178807947
23.400183945999743,12.86,1.9867549668874174,182.11920529801324,2342.05298013245
23.41026027499902,12.888,1.9867549668874174,182.11920529801324,2347.1523178807947
23.42033660299967,12.864,1.9867549668874174,182.11920529801324,2342.7814569536426
23.43041283799903,12.888,1.9867549668874174,198.6754966887417,2560.529801324503
23.440486092000356,12.864,1.9867549668874174,182.11920529801324,2342.7814569536426
23.450570253999103,12.892,1.9867549668874174,182.11920529801324,2347.880794701987
23.460651710998718,12.868,1.9867549668874174,182.11920529801324,2343.5099337748343
23.470732538999073,12.892,1.8211920529801322,198.6754966887417,2561.324503311258
23.480809552998835,12.868,1.9867549668874174,198.6754966887417,2556.5562913907283
23.49089099199955,12.884,1.8211920529801322,182.11920529801324,2346.4238410596026
23.500973541998974,12.868,1.8211920529801322,198.6754966887417,2556.5562913907283
23.511054110998884,12.888,1.9867549668874174,182.11920529801324,2347.1523178807947
23.521137013000043,12.868,1.9867549668874174,182.11920529801324,2343.5099337748343
23.531217636998917,12.892,1.9867549668874174,198.6754966887417,2561.324503311258
23.54129376200035,12.86,1.8211920529801322,198.6754966887417,2554.966887417218
23.551379255999564,12.896,1.8211920529801322,198.6754966887417,2562.119205298013
23.561458103000405,12.864,1.8211920529801322,198.6754966887417,2555.7615894039736
23.57153467199896,12.892,1.8211920529801322,198.6754966887417,2561.324503311258
23.581612443998893,12.86,1.9867549668874174,182.11920529801324,2342.05298013245
23.59168893899914,12.892,1.8211920529801322,182.11920529801324,2347.880794701987
23.60176117499941,12.86,1.9867549668874174,182.11920529801324,2342.05298013245
23.611837817999913,12.892,1.9867549668874174,182.11920529801324,2347.880794701987
23.621916090000013,12.864,1.8211920529801322,198.6754966887417,2555.7615894039736
23.63199206599893,12.896,1.9867549668874174,182.11920529801324,2348.609271523179
23.642068523999114,12.864,1.9867549668874174,198.6754966887417,2555.7615894039736
23.65215238899873,12.896,1.9867549668874174,182.11920529801324,2348.609271523179
23.662233736000417,12.864,1.9867549668874174,198.6754966887417,2555.7615894039736
23.672315878999143,12.896,1.8211920529801322,198.6754966887417,2562.119205298013
23.682396909998715,12.868,1.9867549668874174,182.11920529801324,2343.5099337748343
23.692474145998858,12.884,1.9867549668874174,182.11920529801324,2346.4238410596026
23.702555084999403,12.872,1.8211920529801322,198.6754966887417,2557.350993377483
23.712635931999102,12.884,1.8211920529801322,182.11920529801324,2346.4238410596026
23.722716870999648,12.872,1.8211920529801322,198.6754966887417,2557.350993377483
23.7327993279996,12.888,1.9867549668874174,198.6754966887417,2560.529801324503
23.7428800079997,12.872,1.9867549668874174,198.6754966887417,2557.350993377483
23.75297222500012,12.888,1.9867549668874174,198.6754966887417,2560.529801324503
23.76304892400003,12.872,1.8211920529801322,198.6754966887417,2557.350993377483
23.773125918000005,12.892,1.9867549668874174,198.6754966887417,2561.324503311258
23.783198858000105,12.872,1.9867549668874174,198.6754966887417,2557.350993377483
23.793276907999825,12.884,1.9867549668874174,198.6754966887417,2559.735099337748
23.803351421000116,12.872,1.9867549668874174,198.6754966887417,2557.350993377483
23.813423972000237,12.884,1.9867549668874174,198.6754966887417,2559.735099337748
23.823500280999724,12.876,1.9867549668874174,198.6754966887417,2558.1456953642382
23.83357857199917,12.884,1.9867549668874174,182.11920529801324,2346.4238410596026
23.843654807998973,12.876,1.8211920529801322,198.6754966887417,2558.1456953642382
23.85374030299863,12.884,1.9867549668874174,182.11920529801324,2346.4238410596026
23.86382201899869,12.876,1.9867549668874174,198.6754966887417,2558.1456953642382
23.87390043999949,12.884,1.9867549668874174,198.6754966887417,2559.735099337748
23.88397797200014,12.88,1.9867549668874174,182.11920529801324,2345.6953642384105
23.89405866999914,12.876,1.9867549668874174,198.6754966887417,2558.1456953642382
23.904139497999495,12.88,1.9867549668874174,198.6754966887417,2558.9403973509934
23.914224623000337,12.868,1.9867549668874174,198.6754966887417,2556.5562913907283
23.924306376999084,12.884,1.8211920529801322,198.6754966887417,2559.735099337748
23.934388075000243,12.872,1.8211920529801322,198.6754966887417,2557.350993377483
23.94446888499988,12.884,1.9867549668874174,198.6754966887417,2559.735099337748
23.954633229999672,12.872,1.9867549668874174,182.11920529801324,2344.2384105960264
23.964712631999646,12.884,1.9867549668874174,198.6754966887417,2559.735099337748
23.97478940399924,12.876,1.9867549668874174,182.11920529801324,2344.9668874172185
23.984866750999572,12.884,1.9867549668874174,198.6754966887417,2559.735099337748
23.994939837999482,12.876,1.8211920529801322,182.11920529801324,2344.9668874172185
24.005018406998715,12.884,1.9867549668874174,198.6754966887417,2559.735099337748
24.015094308999323,12.868,1.9867549668874174,198.6754966887417,2556.5562913907283
24.02517197099951,12.888,1.8211920529801322,198.6754966887417,2560.529801324503
24.03524559499965,12.868,1.9867549668874174,198.6754966887417,2556.5562913907283
24.045320182998694,12.888,1.9867549668874174,198.6754966887417,2560.529801324503
24.05544423199899,12.868,1.8211920529801322,198.6754966887417,2556.5562913907283
24.06552298600036,12.888,1.9867549668874174,182.11920529801324,2347.1523178807947
24.075600463000228,12.868,1.9867549668874174,182.11920529801324,2343.5099337748343
24.085681901999124,12.888,1.9867549668874174,182.11920529801324,2347.1523178807947
24.09575991499878,12.864,1.9867549668874174,198.6754966887417,2555.7615894039736
24.105837391000023,12.888,1.8211920529801322,182.11920529801324,2347.1523178807947
24.115914349000377,12.864,1.9867549668874174,198.6754966887417,2555.7615894039736
24.12599708400012,12.892,1.9867549668874174,198.6754966887417,2561.324503311258
24.13607846800005,12.86,1.8211920529801322,198.6754966887417,2554.966887417218
24.146155925998755,12.896,1.8211920529801322,198.6754966887417,2562.119205298013
24.156248383000275,12.86,1.9867549668874174,182.11920529801324,2342.05298013245
24.166325988999233,12.896,1.9867549668874174,198.6754966887417,2562.119205298013
24.176398539999354,12.868,1.9867549668874174,182.11920529801324,2343.5099337748343
24.186474959999032,12.896,1.9867549668874174,198.6754966887417,2562.119205298013
24.196551398999873,12.868,1.9867549668874174,198.6754966887417,2556.5562913907283
24.20662783899934,12.888,1.9867549668874174,182.11920529801324,2347.1523178807947
24.216688833999797,12.868,1.9867549668874174,198.6754966887417,2556.5562913907283
24.226766013998713,12.892,1.9867549668874174,182.11920529801324,2347.880794701987
24.23684515700006,12.868,1.8211920529801322,182.11920529801324,2343.5099337748343
24.246921706999274,12.896,1.9867549668874174,182.11920529801324,2348.609271523179
24.25700953500018,12.868,1.9867549668874174,198.6754966887417,2556.5562913907283
24.267085882000174,12.892,1.9867549668874174,182.11920529801324,2347.880794701987
24.27715893200002,12.868,1.9867549668874174,182.11920529801324,2343.5099337748343
24.287231963999147,12.888,1.9867549668874174,198.6754966887417,2560.529801324503
24.29730508799912,12.868,1.9867549668874174,198.6754966887417,2556.5562913907283
24.30737793499975,12.892,1.9867549668874174,182.11920529801324,2347.880794701987
24.31745646699892,12.864,1.9867549668874174,198.6754966887417,2555.7615894039736
24.32753207299902,12.892,1.8211920529801322,182.11920529801324,2347.880794701987
24.337605826998697,12.864,1.9867549668874174,182.11920529801324,2342.7814569536426
24.347678635998818,12.892,1.8211920529801322,182.11920529801324,2347.880794701987
24.357816222998736,12.868,1.9867549668874174,182.11920529801324,2343.5099337748343
24.36789368099926,12.892,1.9867549668874174,182.11920529801324,2347.880794701987
24.377974175000418,12.868,1.9867549668874174,182.11920529801324,2343.5099337748343
24.388054650999038,12.892,1.9867549668874174,182.11920529801324,2347.880794701987
24.398135387000366,12.876,1.9867549668874174,198.6754966887417,2558.1456953642382
24.40821323399905,12.88,1.9867549668874174,198.6754966887417,2558.9403973509934
24.418294375998812,12.876,1.9867549668874174,198.6754966887417,2558.1456953642382
24.428375186000267,12.88,1.9867549668874174,182.11920529801324,2345.6953642384105
24.43845558799876,12.876,1.8211920529801322,198.6754966887417,2558.1456953642382
24.448535767998692,12.884,1.8211920529801322,182.11920529801324,2346.4238410596026
24.458626817999175,12.88,1.9867549668874174,182.11920529801324,2345.6953642384105
24.468688442999337,12.884,1.8211920529801322,182.11920529801324,2346.4238410596026
24.478761825999754,12.88,1.9867549668874174,198.6754966887417,2558.9403973509934
24.488837691998924,12.876,1.8211920529801322,198.6754966887417,2558.1456953642382
24.498914353000146,12.876,1.8211920529801322,182.11920529801324,2344.9668874172185
24.508991791999506,12.876,1.8211920529801322,198.6754966887417,2558.1456953642382
24.51906782399965,12.876,1.8211920529801322,198.6754966887417,2558.1456953642382
24.529145745000278,12.876,1.8211920529801322,198.6754966887417,2558.1456953642382
24.539222239998708,12.88,1.9867549668874174,182.11920529801324,2345.6953642384105
24.549295011998765,12.876,1.8211920529801322,198.6754966887417,2558.1456953642382
24.559377247998782,12.88,1.9867549668874174,182.11920529801324,2345.6953642384105
24.56946042799973,12.876,1.8211920529801322,198.6754966887417,2558.1456953642382
24.579540958999132,12.88,1.9867549668874174,182.11920529801324,2345.6953642384105
24.58962187999896,12.876,1.9867549668874174,198.6754966887417,2558.1456953642382
24.59970255999906,12.884,1.9867549668874174,198.6754966887417,2559.735099337748
24.60978351799895,12.872,1.8211920529801322,198.6754966887417,2557.350993377483
24.619863993999388,12.888,1.8211920529801322,198.6754966887417,2560.529801324503
24.629944432999764,12.86,1.9867549668874174,182.11920529801324,2342.05298013245
24.640025335000246,12.888,1.9867549668874174,182.11920529801324,2347.1523178807947
24.650106293000135,12.864,1.9867549668874174,182.11920529801324,2342.7814569536426
24.66019545400013,12.888,1.8211920529801322,198.6754966887417,2560.529801324503
24.670272114999534,12.868,1.8211920529801322,198.6754966887417,2556.5562913907283
24.68034807299955,12.888,1.8211920529801322,198.6754966887417,2560.529801324503
24.6904217350002,12.868,1.9867549668874174,182.11920529801324,2343.5099337748343
24.70049443300013,12.892,1.9867549668874174,198.6754966887417,2561.324503311258
24.710570575998645,12.864,1.8211920529801322,182.11920529801324,2342.7814569536426
24.720646625999507,12.888,1.8211920529801322,198.6754966887417,2560.529801324503
24.730719862000115,12.864,1.8211920529801322,198.6754966887417,2555.7615894039736
24.740795579000405,12.888,1.9867549668874174,182.11920529801324,2347.1523178807947
24.750871480999194,12.868,1.8211920529801322,198.6754966887417,2556.5562913907283
24.76095758699921,12.892,1.9867549668874174,198.6754966887417,2561.324503311258
24.771038599999883,12.864,1.9867549668874174,182.11920529801324,2342.7814569536426
24.781115705998673,12.888,1.8211920529801322,182.11920529801324,2347.1523178807947
24.791197033999197,12.868,1.9867549668874174,198.6754966887417,2556.5562913907283
24.80127947300025,12.892,1.9867549668874174,198.6754966887417,2561.324503311258
24.81135739399906,12.86,1.8211920529801322,182.11920529801324,2342.05298013245
24.82143481499952,12.896,1.9867549668874174,182.11920529801324,2348.609271523179
24.83151519799867,12.856,1.8211920529801322,182.11920529801324,2341.324503311258
24.841595285999574,12.896,1.9867549668874174,198.6754966887417,2562.119205298013
24.851675206000436,12.86,1.8211920529801322,198.6754966887417,2554.966887417218
24.86176451599931,12.896,1.9867549668874174,182.11920529801324,2348.609271523179
24.871841991998735,12.864,1.8211920529801322,198.6754966887417,2555.7615894039736
24.881919208999534,12.892,1.8211920529801322,198.6754966887417,2561.324503311258
24.891993166998873,12.864,1.8211920529801322,182.11920529801324,2342.7814569536426
24.902066847000242,12.892,1.9867549668874174,198.6754966887417,2561.324503311258
24.912149600999328,12.868,1.9867549668874174,182.11920529801324,2343.5099337748343
24.92222857699926,12.888,1.9867549668874174,198.6754966887417,2560.529801324503
24.932304923999254,12.868,1.9867549668874174,198.6754966887417,2556.5562913907283
24.94238293699891,12.892,1.8211920529801322,182.11920529801324,2347.880794701987
24.95245965399954,12.868,1.8211920529801322,182.11920529801324,2343.5099337748343
24.962567425998714,12.892,1.8211920529801322,182.11920529801324,2347.880794701987
24.972651086998667,12.872,1.8211920529801322,182.11920529801324,2344.2384105960264
24.98272611900029,12.884,1.8211920529801322,198.6754966887417,2559.735099337748
24.992799947000094,12.872,1.9867549668874174,198.6754966887417,2557.350993377483
25.00287662699884,12.884,1.9867549668874174,198.6754966887417,2559.735099337748
25.012955177999174,12.868,1.8211920529801322,198.6754966887417,2556.5562913907283
25.02303146899976,12.888,1.9867549668874174,182.11920529801324,2347.1523178807947
25.033108944999185,12.868,1.9867549668874174,198.6754966887417,2556.5562913907283
25.04318216199863,12.888,1.9867549668874174,198.6754966887417,2560.529801324503
25.053256416000295,12.868,1.8211920529801322,198.6754966887417,2556.5562913907283
25.06340292799905,12.888,1.8211920529801322,198.6754966887417,2560.529801324503
25.073486403998686,12.876,1.8211920529801322,198.6754966887417,2558.1456953642382
25.08356689900029,12.888,1.9867549668874174,182.11920529801324,2347.1523178807947
25.09364624599948,12.876,1.8211920529801322,182.11920529801324,2344.9668874172185
25.103723054999136,12.88,1.9867549668874174,182.11920529801324,2345.6953642384105
25.11380388299949,12.88,1.9867549668874174,182.11920529801324,2345.6953642384105
25.123884896000163,12.872,1.9867549668874174,198.6754966887417,2557.350993377483
25.133967169000243,12.88,1.9867549668874174,182.11920529801324,2345.6953642384105
25.144044385999223,12.872,1.8211920529801322,198.6754966887417,2557.350993377483
25.154124787999535,12.884,1.8211920529801322,182.11920529801324,2346.4238410596026
25.164215597000293,12.88,1.9867549668874174,182.11920529801324,2345.6953642384105
25.17429237000033,12.88,1.9867549668874174,198.6754966887417,2558.9403973509934
25.184369327998866,12.88,1.8211920529801322,182.11920529801324,2345.6953642384105
25.19444217399905,12.884,1.9867549668874174,182.11920529801324,2346.4238410596026
25.204518742999426,12.872,1.9867549668874174,198.6754966887417,2557.350993377483
25.21459244200014,12.884,1.9867549668874174,198.6754966887417,2559.735099337748
25.224679250999543,12.872,1.8211920529801322,182.11920529801324,2344.2384105960264
25.23475674600013,12.88,1.9867549668874174,198.6754966887417,2558.9403973509934
25.24483761099873,12.876,1.8211920529801322,182.11920529801324,2344.9668874172185
25.254914123999697,12.884,1.8211920529801322,198.6754966887417,2559.735099337748
25.265047951999804,12.872,1.8211920529801322,182.11920529801324,2344.2384105960264
25.275129243000265,12.888,1.9867549668874174,198.6754966887417,2560.529801324503
25.28520562599988,12.872,1.9867549668874174,182.11920529801324,2344.2384105960264
25.295283231998837,12.888,1.8211920529801322,182.11920529801324,2347.1523178807947
25.30536385599953,12.872,1.8211920529801322,198.6754966887417,2557.350993377483
25.31544410999959,12.892,1.9867549668874174,182.11920529801324,2347.880794701987
25.325524530999246,12.86,1.9867549668874174,182.11920529801324,2342.05298013245
25.335602174000087,12.896,1.9867549668874174,198.6754966887417,2562.119205298013
25.34567811299894,12.86,1.9867549668874174,198.6754966887417,2554.966887417218
25.355758866999167,12.892,1.8211920529801322,198.6754966887417,2561.324503311258
25.365850379999756,12.864,1.8211920529801322,182.11920529801324,2342.7814569536426
25.375926912000068,12.892,1.8211920529801322,198.6754966887417,2561.324503311258
25.386004202999175,12.868,1.9867549668874174,198.6754966887417,2556.5562913907283
25.396080938999148,12.892,1.9867549668874174,198.6754966887417,2561.324503311258
25.40615393400003,12.864,1.9867549668874174,182.11920529801324,2342.7814569536426
25.416226761999496,12.896,1.8211920529801322,198.6754966887417,2562.119205298013
25.426300830999025,12.864,1.9867549668874174,198.6754966887417,2555.7615894039736
25.43637426999885,12.892,1.9867549668874174,198.6754966887417,2561.324503311258
25.446450634999564,12.864,1.8211920529801322,198.6754966887417,2555.7615894039736
25.4565274079996,12.892,1.8211920529801322,182.11920529801324,2347.880794701987
25.466666030999477,12.864,1.9867549668874174,182.11920529801324,2342.7814569536426
25.47674946999905,12.896,1.9867549668874174,198.6754966887417,2562.119205298013
25.486827853999785,12.864,1.8211920529801322,182.11920529801324,2342.7814569536426
25.496904088999145,12.892,1.9867549668874174,198.6754966887417,2561.324503311258
25.506985213998632,12.868,1.9867549668874174,182.11920529801324,2343.5099337748343
25.517067949000193,12.892,1.8211920529801322,182.11920529801324,2347.880794701987
25.527148666000357,12.86,1.8211920529801322,198.6754966887417,2554.966887417218
25.537230197998724,12.896,1.9867549668874174,198.6754966887417,2562.119205298013
25.54730709999967,12.86,1.9867549668874174,182.11920529801324,2342.05298013245
25.557385890999285,12.896,1.8211920529801322,198.6754966887417,2562.119205298013
25.567472718999852,12.86,1.8211920529801322,182.11920529801324,2342.05298013245
25.577549898998768,12.892,1.9867549668874174,198.6754966887417,2561.324503311258
25.587622727000053,12.868,1.9867549668874174,182.11920529801324,2343.5099337748343
25.59770099999878,12.888,1.8211920529801322,182.11920529801324,2347.1523178807947
25.60777727200002,12.868,1.8211920529801322,182.11920529801324,2343.5099337748343
25.617854914999043,12.892,1.8211920529801322,182.11920529801324,2347.880794701987
25.62793087299906,12.872,1.9867549668874174,198.6754966887417,2557.350993377483
25.638007681998715,12.888,1.8211920529801322,198.6754966887417,2560.529801324503
25.648080936998667,12.872,1.9867549668874174,182.11920529801324,2344.2384105960264
25.658157171999846,12.892,1.9867549668874174,198.6754966887417,2561.324503311258
25.66824114799965,12.872,1.9867549668874174,198.6754966887417,2557.350993377483
25.678321864999816,12.888,1.9867549668874174,198.6754966887417,2560.529801324503
25.688399377999303,12.872,1.9867549668874174,182.11920529801324,2344.2384105960264
25.69848089199877,12.884,1.9867549668874174,182.11920529801324,2346.4238410596026
25.70856138599993,12.876,1.8211920529801322,198.6754966887417,2558.1456953642382
25.718642084999374,12.88,1.8211920529801322,182.11920529801324,2345.6953642384105
25.728724597998735,12.872,1.9867549668874174,182.11920529801324,2344.2384105960264
25.738805888999195,12.884,1.8211920529801322,182.11920529801324,2346.4238410596026
25.74888295799974,12.872,1.8211920529801322,182.11920529801324,2344.2384105960264
25.7589642669991,12.884,1.9867549668874174,182.11920529801324,2346.4238410596026
25.769056335999267,12.876,1.8211920529801322,198.6754966887417,2558.1456953642382
25.779134737998902,12.884,1.8211920529801322,198.6754966887417,2559.735099337748
25.78920758499953,12.88,1.9867549668874174,198.6754966887417,2558.9403973509934
25.79928078299963,12.876,1.8211920529801322,198.6754966887417,2558.1456953642382
25.80935898200005,12.884,1.9867549668874174,182.11920529801324,2346.4238410596026
25.81943553199926,12.876,1.8211920529801322,198.6754966887417,2558.1456953642382
25.829512897000313,12.884,1.8211920529801322,198.6754966887417,2559.735099337748
25.83958885500033,12.872,1.9867549668874174,198.6754966887417,2557.350993377483
25.849667145999774,12.884,1.9867549668874174,182.11920529801324,2346.4238410596026
25.85974338199958,12.872,1.9867549668874174,198.6754966887417,2557.350993377483
25.86982507999892,12.884,1.9867549668874174,198.6754966887417,2559.735099337748
25.879903482000373,12.876,1.9867549668874174,198.6754966887417,2558.1456953642382
25.889985365998655,12.884,1.8211920529801322,182.11920529801324,2346.4238410596026
25.90006619399901,12.876,1.9867549668874174,198.6754966887417,2558.1456953642382
25.91015528099888,12.888,1.8211920529801322,182.11920529801324,2347.1523178807947
25.920239387000038,12.868,1.9867549668874174,198.6754966887417,2556.5562913907283
25.93032112199944,12.888,1.8211920529801322,198.6754966887417,2560.529801324503
25.940402320999056,12.868,1.9867549668874174,182.11920529801324,2343.5099337748343
25.950483500999326,12.884,1.9867549668874174,182.11920529801324,2346.4238410596026
25.96056462500019,12.868,1.9867549668874174,198.6754966887417,2556.5562913907283
25.970728469999813,12.888,1.9867549668874174,182.11920529801324,2347.1523178807947
25.980811519999406,12.868,1.8211920529801322,198.6754966887417,2556.5562913907283
25.990889496999444,12.888,1.8211920529801322,182.11920529801324,2347.1523178807947
26.00096276899967,12.868,1.8211920529801322,198.6754966887417,2556.5562913907283
26.011040264000258,12.892,1.9867549668874174,182.11920529801324,2347.880794701987
26.021119647999512,12.864,1.9867549668874174,198.6754966887417,2555.7615894039736
26.031197197999063,12.896,1.8211920529801322,198.6754966887417,2562.119205298013
26.041275841000243,12.86,1.8211920529801322,198.6754966887417,2554.966887417218
26.051354002000153,12.896,1.8211920529801322,198.6754966887417,2562.119205298013
26.06143403399983,12.86,1.8211920529801322,182.11920529801324,2342.05298013245
26.071570787000383,12.896,1.8211920529801322,182.11920529801324,2348.609271523179
26.081655115000103,12.86,1.9867549668874174,182.11920529801324,2342.05298013245
26.091743368999232,12.896,1.8211920529801322,182.11920529801324,2348.609271523179
26.101825288998953,12.864,1.8211920529801322,198.6754966887417,2555.7615894039736
26.1119068400003,12.892,1.9867549668874174,198.6754966887417,2561.324503311258
26.121988259999853,12.868,1.8211920529801322,198.6754966887417,2556.5562913907283
26.132069940000292,12.892,1.9867549668874174,182.11920529801324,2347.880794701987
26.14215584199883,12.864,1.8211920529801322,198.6754966887417,2555.7615894039736
26.152236373998676,12.888,1.9867549668874174,182.11920529801324,2347.1523178807947
26.162317849999454,12.864,1.9867549668874174,198.6754966887417,2555.7615894039736
26.172408899999937,12.892,1.9867549668874174,182.11920529801324,2347.880794701987
26.182486579999022,12.868,1.8211920529801322,182.11920529801324,2343.5099337748343
26.19256318599946,12.888,1.9867549668874174,198.6754966887417,2560.529801324503
26.202639662000365,12.868,1.9867549668874174,198.6754966887417,2556.5562913907283
26.21269817599932,12.888,1.8211920529801322,198.6754966887417,2560.529801324503
26.222774967000078,12.868,1.8211920529801322,182.11920529801324,2343.5099337748343
26.232853146999332,12.892,1.8211920529801322,198.6754966887417,2561.324503311258
26.242930215999877,12.864,1.8211920529801322,198.6754966887417,2555.7615894039736
26.253010784999788,12.896,1.8211920529801322,198.6754966887417,2562.119205298013
26.263087593999444,12.86,1.9867549668874174,198.6754966887417,2554.966887417218
26.27322295799968,12.892,1.8211920529801322,198.6754966887417,2561.324503311258
26.28330556400033,12.864,1.8211920529801322,198.6754966887417,2555.7615894039736
26.293387095998696,12.892,1.9867549668874174,182.11920529801324,2347.880794701987
26.303468719999728,12.868,1.8211920529801322,182.11920529801324,2343.5099337748343
26.313549751999744,12.884,1.9867549668874174,182.11920529801324,2346.4238410596026
26.323630431999845,12.868,1.9867549668874174,182.11920529801324,2343.5099337748343
26.333719407999524,12.884,1.9867549668874174,198.6754966887417,2559.735099337748
26.343801699000323,12.872,1.8211920529801322,198.6754966887417,2557.350993377483
26.353889471000002,12.88,1.8211920529801322,198.6754966887417,2558.9403973509934
26.36397081799987,12.872,1.9867549668874174,198.6754966887417,2557.350993377483
26.37406255299902,12.884,1.9867549668874174,198.6754966887417,2559.735099337748
26.384136362999925,12.876,1.9867549668874174,198.6754966887417,2558.1456953642382
26.39421332100028,12.888,1.8211920529801322,182.11920529801324,2347.1523178807947
26.40428883399909,12.876,1.9867549668874174,182.11920529801324,2344.9668874172185
26.414361977000226,12.88,1.8211920529801322,198.6754966887417,2558.9403973509934
26.42443932399874,12.88,1.9867549668874174,198.6754966887417,2558.9403973509934
26.434515799999645,12.876,1.9867549668874174,198.6754966887417,2558.1456953642382
26.44459188699875,12.876,1.9867549668874174,198.6754966887417,2558.1456953642382
26.454668381999,12.88,1.8211920529801322,182.11920529801324,2345.6953642384105
26.46474630299963,12.876,1.9867549668874174,182.11920529801324,2344.9668874172185
26.474832001000323,12.88,1.8211920529801322,198.6754966887417,2558.9403973509934
26.484914402999493,12.88,1.9867549668874174,198.6754966887417,2558.9403973509934
26.494995360999383,12.88,1.9867549668874174,198.6754966887417,2558.9403973509934
26.505077578000055,12.88,1.8211920529801322,198.6754966887417,2558.9403973509934
26.515153147000092,12.88,1.9867549668874174,182.11920529801324,2345.6953642384105
26.525236104000214,12.884,1.9867549668874174,198.6754966887417,2559.735099337748
26.535318172998814,12.872,1.9867549668874174,198.6754966887417,2557.350993377483
26.545395111999824,12.888,1.9867549668874174,198.6754966887417,2560.529801324503
26.555475736999142,12.864,1.9867549668874174,198.6754966887417,2555.7615894039736
26.565556453999307,12.888,1.8211920529801322,182.11920529801324,2347.1523178807947
26.575646874000086,12.868,1.8211920529801322,182.11920529801324,2343.5099337748343
26.585723146999953,12.888,1.8211920529801322,182.11920529801324,2347.1523178807947
26.595796493000307,12.872,1.9867549668874174,198.6754966887417,2557.350993377483
26.605869246999646,12.892,1.8211920529801322,198.6754966887417,2561.324503311258
26.61594681600036,12.864,1.8211920529801322,198.6754966887417,2555.7615894039736
26.626020514999254,12.892,1.9867549668874174,198.6754966887417,2561.324503311258
26.636097009999503,12.868,1.8211920529801322,198.6754966887417,2556.5562913907283
26.6461731899999,12.888,1.9867549668874174,182.11920529801324,2347.1523178807947
26.656249294999725,12.868,1.9867549668874174,198.6754966887417,2556.5562913907283
26.666325456999402,12.888,1.8211920529801322,182.11920529801324,2347.1523178807947
26.676404636998996,12.868,1.8211920529801322,182.11920529801324,2343.5099337748343
26.68648364999899,12.892,1.9867549668874174,182.11920529801324,2347.880794701987
26.69656020000002,12.868,1.9867549668874174,182.11920529801324,2343.5099337748343
26.7066414359997,12.892,1.8211920529801322,182.11920529801324,2347.880794701987
26.716724468000393,12.868,1.9867549668874174,182.11920529801324,2343.5099337748343
26.726807592000114,12.892,1.9867549668874174,198.6754966887417,2561.324503311258
26.736891642000046,12.868,1.9867549668874174,198.6754966887417,2556.5562913907283
26.746972062999703,12.896,1.8211920529801322,198.6754966887417,2562.119205298013
26.757054297999275,12.86,1.9867549668874174,182.11920529801324,2342.05298013245
26.76713451499927,12.896,1.8211920529801322,198.6754966887417,2562.119205298013
26.777229249999436,12.856,1.9867549668874174,198.6754966887417,2554.1721854304633
26.78730550399996,12.892,1.9867549668874174,198.6754966887417,2561.324503311258
26.797383350998643,12.864,1.9867549668874174,198.6754966887417,2555.7615894039736
26.807459882998955,12.892,1.8211920529801322,182.11920529801324,2347.880794701987
26.817536766999183,12.868,1.8211920529801322,198.6754966887417,2556.5562913907283
26.827612854000108,12.892,1.8211920529801322,182.11920529801324,2347.880794701987
26.837688329998855,12.872,1.9867549668874174,198.6754966887417,2557.350993377483
26.84776408399921,12.896,1.8211920529801322,198.6754966887417,2562.119205298013
26.85784222700022,12.868,1.9867549668874174,198.6754966887417,2556.5562913907283
26.867920073998903,12.888,1.9867549668874174,182.11920529801324,2347.1523178807947
26.87800347600023,12.868,1.9867549668874174,198.6754966887417,2556.5562913907283
26.888085081998724,12.892,1.9867549668874174,198.6754966887417,2561.324503311258
26.89816579899889,12.872,1.9867549668874174,182.11920529801324,2344.2384105960264
26.90825886699895,12.892,1.8211920529801322,198.6754966887417,2561.324503311258
26.91834258400013,12.868,1.8211920529801322,182.11920529801324,2343.5099337748343
26.928425170999617,12.884,1.8211920529801322,198.6754966887417,2559.735099337748
26.938506202999633,12.872,1.9867549668874174,198.6754966887417,2557.350993377483
26.948586679000073,12.888,1.8211920529801322,198.6754966887417,2560.529801324503
26.95866811799897,12.868,1.8211920529801322,198.6754966887417,2556.5562913907283
26.968751372000042,12.888,1.9867549668874174,198.6754966887417,2560.529801324503
26.978910828998778,12.868,1.9867549668874174,198.6754966887417,2556.5562913907283
26.988989248999133,12.888,1.9867549668874174,182.11920529801324,2347.1523178807947
26.999065484998937,12.872,1.9867549668874174,182.11920529801324,2344.2384105960264
27.009144628000286,12.88,1.9867549668874174,198.6754966887417,2558.9403973509934
27.01922127099897,12.88,1.9867549668874174,198.6754966887417,2558.9403973509934
27.029298190998816,12.88,1.9867549668874174,182.11920529801324,2345.6953642384105
27.03937233400029,12.88,1.9867549668874174,198.6754966887417,2558.9403973509934
27.049446717999672,12.88,1.9867549668874174,198.6754966887417,2558.9403973509934
27.059524565000174,12.884,1.8211920529801322,198.6754966887417,2559.735099337748
27.06960287400034,12.876,1.9867549668874174,198.6754966887417,2558.1456953642382
27.079733664999367,12.88,1.9867549668874174,198.6754966887417,2558.9403973509934
27.089815769999404,12.876,1.9867549668874174,198.6754966887417,2558.1456953642382
27.099893634998807,12.88,1.8211920529801322,182.11920529801324,2345.6953642384105
27.109974297000008,12.88,1.9867549668874174,198.6754966887417,2558.9403973509934
27.120054050999897,12.88,1.8211920529801322,198.6754966887417,2558.9403973509934
27.130134785998962,12.88,1.9867549668874174,198.6754966887417,2558.9403973509934
27.140216391999274,12.888,1.8211920529801322,182.11920529801324,2347.1523178807947
27.15029377599967,12.872,1.9867549668874174,182.11920529801324,2344.2384105960264
27.16037503000007,12.884,1.9867549668874174,198.6754966887417,2559.735099337748
27.170455375999154,12.872,1.8211920529801322,198.6754966887417,2557.350993377483
27.180546425999637,12.884,1.8211920529801322,198.6754966887417,2559.735099337748
27.190623402999336,12.872,1.9867549668874174,198.6754966887417,2557.350993377483
27.200701952999225,12.884,1.8211920529801322,198.6754966887417,2559.735099337748
27.21077829999922,12.872,1.8211920529801322,198.6754966887417,2557.350993377483
27.220850960999087,12.888,1.8211920529801322,182.11920529801324,2347.1523178807947
27.230927288999737,12.868,1.9867549668874174,182.11920529801324,2343.5099337748343
27.24100541400003,12.892,1.8211920529801322,182.11920529801324,2347.880794701987
27.251081389998944,12.864,1.9867549668874174,198.6754966887417,2555.7615894039736
27.26116029199875,12.892,1.8211920529801322,198.6754966887417,2561.324503311258
27.27123734199995,12.86,1.8211920529801322,198.6754966887417,2554.966887417218
27.281316021999373,12.892,1.9867549668874174,198.6754966887417,2561.324503311258
27.291392757999347,12.864,1.9867549668874174,198.6754966887417,2555.7615894039736
27.3014725489993,12.892,1.9867549668874174,182.11920529801324,2347.880794701987
27.311553302999528,12.868,1.9867549668874174,182.11920529801324,2343.5099337748343
27.321633445999396,12.892,1.8211920529801322,198.6754966887417,2561.324503311258
27.331714607000322,12.868,1.8211920529801322,198.6754966887417,2556.5562913907283
27.3417930279993,12.896,1.8211920529801322,182.11920529801324,2348.609271523179
27.35186954100027,12.864,1.8211920529801322,198.6754966887417,2555.7615894039736
27.36194625799908,12.892,1.9867549668874174,198.6754966887417,2561.324503311258
27.372022733999984,12.864,1.8211920529801322,198.6754966887417,2555.7615894039736
27.382108765999874,12.892,1.9867549668874174,198.6754966887417,2561.324503311258
27.392182056999445,12.864,1.9867549668874174,198.6754966887417,2555.7615894039736
27.402256940998996,12.888,1.8211920529801322,182.11920529801324,2347.1523178807947
27.412329935999878,12.864,1.9867549668874174,198.6754966887417,2555.7615894039736
27.422406042000148,12.892,1.9867549668874174,198.6754966887417,2561.324503311258
27.432482406999043,12.868,1.8211920529801322,198.6754966887417,2556.5562913907283
27.442555624000306,12.896,1.8211920529801322,198.6754966887417,2562.119205298013
27.452628470999116,12.864,1.8211920529801322,198.6754966887417,2555.7615894039736
27.46270446499875,12.896,1.9867549668874174,182.11920529801324,2348.609271523179
27.472782126998936,12.86,1.9867549668874174,198.6754966887417,2554.966887417218
27.482866454998657,12.892,1.9867549668874174,198.6754966887417,2561.324503311258
27.4929491719995,12.86,1.9867549668874174,182.11920529801324,2342.05298013245
27.50302959199871,12.896,1.9867549668874174,182.11920529801324,2348.609271523179
27.513112290998833,12.868,1.9867549668874174,182.11920529801324,2343.5099337748343
27.52319548899868,12.888,1.8211920529801322,198.6754966887417,2560.529801324503
27.533272038999712,12.868,1.9867549668874174,182.11920529801324,2343.5099337748343
27.543349663999834,12.888,1.9867549668874174,182.11920529801324,2347.1523178807947
27.55342778799968,12.868,1.8211920529801322,198.6754966887417,2556.5562913907283
27.563508875999105,12.888,1.8211920529801322,198.6754966887417,2560.529801324503
27.573589370000263,12.868,1.8211920529801322,198.6754966887417,2556.5562913907283
27.583679882998695,12.884,1.9867549668874174,182.11920529801324,2346.4238410596026
27.593756303998816,12.868,1.9867549668874174,182.11920529801324,2343.5099337748343
27.603832705999594,12.88,1.9867549668874174,198.6754966887417,2558.9403973509934
27.613911070999166,12.876,1.9867549668874174,198.6754966887417,2558.1456953642382
27.623986991999118,12.88,1.9867549668874174,198.6754966887417,2558.9403973509934
27.634059967998837,12.876,1.8211920529801322,182.11920529801324,2344.9668874172185
27.64413711099951,12.884,1.9867549668874174,198.6754966887417,2559.735099337748
27.65421293899999,12.876,1.9867549668874174,198.6754966887417,2558.1456953642382
27.66428904500026,12.884,1.9867549668874174,182.11920529801324,2346.4238410596026
27.674366985000233,12.872,1.9867549668874174,198.6754966887417,2557.350993377483
27.684450646000187,12.884,1.9867549668874174,182.11920529801324,2346.4238410596026
27.69452812199961,12.872,1.9867549668874174,182.11920529801324,2344.2384105960264
27.70460930199988,12.884,1.9867549668874174,198.6754966887417,2559.735099337748
27.714689999998882,12.88,1.9867549668874174,198.6754966887417,2558.9403973509934
27.724772846999258,12.876,1.9867549668874174,198.6754966887417,2558.1456953642382
27.734852989999126,12.884,1.8211920529801322,182.11920529801324,2346.4238410596026
27.744935447999524,12.872,1.9867549668874174,198.6754966887417,2557.350993377483
27.75501620199975,12.884,1.8211920529801322,182.11920529801324,2346.4238410596026
27.76509828899907,12.876,1.9867549668874174,198.6754966887417,2558.1456953642382
27.775179005999235,12.884,1.9867549668874174,182.11920529801324,2346.4238410596026
27.785269907999464,12.872,1.9867549668874174,198.6754966887417,2557.350993377483
27.79534173600041,12.888,1.8211920529801322,182.11920529801324,2347.1523178807947
27.805419619999157,12.864,1.9867549668874174,182.11920529801324,2342.7814569536426
27.815495299999384,12.888,1.9867549668874174,198.6754966887417,2560.529801324503
27.825573386999167,12.864,1.9867549668874174,182.11920529801324,2342.7814569536426
27.835646825998992,12.892,1.8211920529801322,198.6754966887417,2561.324503311258
27.845723635999093,12.864,1.9867549668874174,198.6754966887417,2555.7615894039736
27.855800186000124,12.892,1.9867549668874174,182.11920529801324,2347.880794701987
27.865878217999125,12.868,1.8211920529801322,198.6754966887417,2556.5562913907283
27.87595528699967,12.888,1.8211920529801322,182.11920529801324,2347.1523178807947
27.886039188999348,12.868,1.8211920529801322,182.11920529801324,2343.5099337748343
27.89612029499949,12.884,1.9867549668874174,198.6754966887417,2559.735099337748
27.906211399998938,12.868,1.8211920529801322,198.6754966887417,2556.5562913907283
27.91629533899868,12.888,1.9867549668874174,182.11920529801324,2347.1523178807947
27.926374704999034,12.868,1.9867549668874174,198.6754966887417,2556.5562913907283
27.936452365998775,12.896,1.8211920529801322,198.6754966887417,2562.119205298013
27.94653341599951,12.864,1.8211920529801322,198.6754966887417,2555.7615894039736
27.95661498499976,12.896,1.8211920529801322,182.11920529801324,2348.609271523179
27.96669655400001,12.864,1.8211920529801322,198.6754966887417,2555.7615894039736
27.97677825199935,12.896,1.8211920529801322,198.6754966887417,2562.119205298013
27.986938357000327,12.86,1.9867549668874174,182.11920529801324,2342.05298013245
27.997017517998756,12.896,1.9867549668874174,182.11920529801324,2348.609271523179
28.00709349399949,12.864,1.9867549668874174,198.6754966887417,2555.7615894039736
28.01717110000027,12.896,1.8211920529801322,182.11920529801324,2348.609271523179
28.02724729900001,12.864,1.8211920529801322,198.6754966887417,2555.7615894039736
28.037320571000237,12.896,1.9867549668874174,182.11920529801324,2348.609271523179
28.047395436999068,12.864,1.8211920529801322,198.6754966887417,2555.7615894039736
28.057467930999337,12.896,1.9867549668874174,182.11920529801324,2348.609271523179
28.067544610999903,12.864,1.8211920529801322,182.11920529801324,2342.7814569536426
28.077622736000194,12.896,1.9867549668874174,198.6754966887417,2562.119205298013
28.087750507000237,12.864,1.9867549668874174,198.6754966887417,2555.7615894039736
28.097829390999323,12.892,1.8211920529801322,198.6754966887417,2561.324503311258
28.107910681999783,12.868,1.8211920529801322,198.6754966887417,2556.5562913907283
28.117991694998636,12.888,1.8211920529801322,198.6754966887417,2560.529801324503
28.12807289400007,12.868,1.8211920529801322,198.6754966887417,2556.5562913907283
28.138151258999642,12.888,1.8211920529801322,198.6754966887417,2560.529801324503
28.14822777199879,12.868,1.8211920529801322,182.11920529801324,2343.5099337748343
28.15830943400033,12.896,1.8211920529801322,198.6754966887417,2562.119205298013
28.168390390999775,12.868,1.9867549668874174,182.11920529801324,2343.5099337748343
28.178471977998925,12.896,1.9867549668874174,182.11920529801324,2348.609271523179
28.188563140000042,12.864,1.9867549668874174,182.11920529801324,2342.7814569536426
28.19864109700029,12.892,1.8211920529801322,182.11920529801324,2347.880794701987
28.208718980999038,12.864,1.9867549668874174,182.11920529801324,2342.7814569536426
28.218792308998673,12.888,1.9867549668874174,198.6754966887417,2560.529801324503
28.228868840998985,12.872,1.9867549668874174,198.6754966887417,2557.350993377483
28.238945335999233,12.888,1.9867549668874174,198.6754966887417,2560.529801324503
28.249022367999714,12.876,1.9867549668874174,198.6754966887417,2558.1456953642382
28.25909843699992,12.888,1.9867549668874174,182.11920529801324,2347.1523178807947
28.269178578999345,12.876,1.8211920529801322,198.6754966887417,2558.1456953642382
28.27925322199917,12.884,1.8211920529801322,198.6754966887417,2559.735099337748
28.289325605999693,12.876,1.9867549668874174,182.11920529801324,2344.9668874172185
28.299406674999773,12.884,1.9867549668874174,198.6754966887417,2559.735099337748
28.30948754000019,12.876,1.9867549668874174,198.6754966887417,2558.1456953642382
28.319565793999573,12.884,1.9867549668874174,198.6754966887417,2559.735099337748
28.329643732999102,12.88,1.9867549668874174,198.6754966887417,2558.9403973509934
28.33972083899971,12.876,1.9867549668874174,198.6754966887417,2558.1456953642382
28.349798018998627,12.88,1.9867549668874174,182.11920529801324,2345.6953642384105
28.35987944000044,12.876,1.9867549668874174,198.6754966887417,2558.1456953642382
28.369959841998934,12.884,1.9867549668874174,182.11920529801324,2346.4238410596026
28.380040113999712,12.88,1.8211920529801322,198.6754966887417,2558.9403973509934
28.390117035000003,12.88,1.9867549668874174,182.11920529801324,2345.6953642384105
28.40019151100023,12.88,1.9867549668874174,182.11920529801324,2345.6953642384105
28.41026457999942,12.876,1.9867549668874174,182.11920529801324,2344.9668874172185
28.420341204999204,12.876,1.9867549668874174,198.6754966887417,2558.1456953642382
28.43041801399886,12.884,1.9867549668874174,182.11920529801324,2346.4238410596026
28.4404946199993,12.872,1.9867549668874174,198.6754966887417,2557.350993377483
28.450571225999738,12.888,1.8211920529801322,198.6754966887417,2560.529801324503
28.460647720999987,12.872,1.9867549668874174,198.6754966887417,2557.350993377483
28.470724048998818,12.892,1.9867549668874174,182.11920529801324,2347.880794701987
28.480801858999257,12.876,1.9867549668874174,198.6754966887417,2558.1456953642382
28.49088694599959,12.888,1.9867549668874174,198.6754966887417,2560.529801324503
28.500970273998973,12.868,1.9867549668874174,198.6754966887417,2556.5562913907283
28.511051286999646,12.888,1.9867549668874174,182.11920529801324,2347.1523178807947
28.52113383699907,12.868,1.9867549668874174,198.6754966887417,2556.5562913907283
28.531214351000017,12.892,1.8211920529801322,198.6754966887417,2561.324503311258
28.54129121599908,12.864,1.8211920529801322,182.11920529801324,2342.7814569536426
28.55136856199897,12.892,1.9867549668874174,198.6754966887417,2561.324503311258
28.561444797998774,12.864,1.9867549668874174,198.6754966887417,2555.7615894039736
28.571526403999087,12.892,1.8211920529801322,182.11920529801324,2347.880794701987
28.581606842999463,12.868,1.9867549668874174,182.11920529801324,2343.5099337748343
28.591696188999776,12.888,1.9867549668874174,198.6754966887417,2560.529801324503
28.601772758000152,12.868,1.8211920529801322,182.11920529801324,2343.5099337748343
28.611849105000147,12.884,1.9867549668874174,182.11920529801324,2346.4238410596026
28.62192759899881,12.864,1.9867549668874174,198.6754966887417,2555.7615894039736
28.632003724000242,12.896,1.9867549668874174,198.6754966887417,2562.119205298013
28.64208023699939,12.864,1.9867549668874174,198.6754966887417,2555.7615894039736
28.652156379999724,12.896,1.9867549668874174,198.6754966887417,2562.119205298013
28.66223335599898,12.864,1.8211920529801322,198.6754966887417,2555.7615894039736
28.672309591998783,12.896,1.9867549668874174,182.11920529801324,2348.609271523179
28.682386160999158,12.868,1.8211920529801322,182.11920529801324,2343.5099337748343
28.692470080999556,12.892,1.9867549668874174,198.6754966887417,2561.324503311258
28.702550816999064,12.86,1.9867549668874174,198.6754966887417,2554.966887417218
28.712632052000117,12.892,1.9867549668874174,182.11920529801324,2347.880794701987
28.722707824999816,12.864,1.9867549668874174,182.11920529801324,2342.7814569536426
28.732789948999198,12.892,1.9867549668874174,198.6754966887417,2561.324503311258
28.742870998999933,12.864,1.8211920529801322,198.6754966887417,2555.7615894039736
28.752954030998808,12.896,1.9867549668874174,198.6754966887417,2562.119205298013
28.763034784999036,12.864,1.9867549668874174,198.6754966887417,2555.7615894039736
28.773117131999243,12.896,1.8211920529801322,198.6754966887417,2562.119205298013
28.7831937560004,12.868,1.8211920529801322,182.11920529801324,2343.5099337748343
28.79328434299896,12.888,1.9867549668874174,198.6754966887417,2560.529801324503
28.803361078998932,12.872,1.8211920529801322,198.6754966887417,2557.350993377483
28.813439221999943,12.88,1.9867549668874174,198.6754966887417,2558.9403973509934
28.82351540200034,12.872,1.8211920529801322,198.6754966887417,2557.350993377483
28.833593821998875,12.884,1.9867549668874174,182.11920529801324,2346.4238410596026
28.843670242998996,12.872,1.8211920529801322,198.6754966887417,2557.350993377483
28.853748366998843,12.888,1.9867549668874174,182.11920529801324,2347.1523178807947
28.86382430699996,12.872,1.9867549668874174,198.6754966887417,2557.350993377483
28.873901412998748,12.888,1.9867549668874174,182.11920529801324,2347.1523178807947
28.883976684999652,12.872,1.9867549668874174,198.6754966887417,2557.350993377483
28.89409804999923,12.884,1.9867549668874174,182.11920529801324,2346.4238410596026
28.90418017400043,12.868,1.9867549668874174,182.11920529801324,2343.5099337748343
28.914265760999115,12.892,1.9867549668874174,182.11920529801324,2347.880794701987
28.92434575599873,12.876,1.9867549668874174,182.11920529801324,2344.9668874172185
28.934422880000056,12.88,1.9867549668874174,182.11920529801324,2345.6953642384105
28.944499781999184,12.876,1.9867549668874174,182.11920529801324,2344.9668874172185
28.954581054998926,12.88,1.8211920529801322,182.11920529801324,2345.6953642384105
28.96468601199922,12.876,1.8211920529801322,182.11920529801324,2344.9668874172185
28.974767988000167,12.88,1.9867549668874174,198.6754966887417,2558.9403973509934
28.984849112999655,12.88,1.9867549668874174,198.6754966887417,2558.9403973509934
28.995014309999533,12.876,1.9867549668874174,198.6754966887417,2558.1456953642382
29.00509335999959,12.88,1.9867549668874174,198.6754966887417,2558.9403973509934
29.015169595999396,12.868,1.9867549668874174,182.11920529801324,2343.5099337748343
29.025248052999814,12.884,1.9867549668874174,182.11920529801324,2346.4238410596026
29.035324288999618,12.872,1.8211920529801322,198.6754966887417,2557.350993377483
29.045402579999063,12.884,1.8211920529801322,198.6754966887417,2559.735099337748
29.05547998200018,12.872,1.8211920529801322,182.11920529801324,2344.2384105960264
29.06555853200007,12.888,1.8211920529801322,198.6754966887417,2560.529801324503
29.075634990000253,12.876,1.9867549668874174,182.11920529801324,2344.9668874172185
29.085712817999593,12.884,1.9867549668874174,198.6754966887417,2559.735099337748
29.095838348999678,12.88,1.8211920529801322,198.6754966887417,2558.9403973509934
29.10592036199887,12.884,1.9867549668874174,198.6754966887417,2559.735099337748
29.116001356998822,12.876,1.8211920529801322,198.6754966887417,2558.1456953642382
29.126082073998987,12.88,1.9867549668874174,182.11920529801324,2345.6953642384105
29.13616329099932,12.876,1.8211920529801322,198.6754966887417,2558.1456953642382
29.146240656000373,12.888,1.8211920529801322,198.6754966887417,2560.529801324503
29.156321520998972,12.868,1.9867549668874174,198.6754966887417,2556.5562913907283
29.166401848999158,12.892,1.9867549668874174,182.11920529801324,2347.880794701987
29.17648225099947,12.868,1.9867549668874174,198.6754966887417,2556.5562913907283
29.186563152999952,12.892,1.9867549668874174,198.6754966887417,2561.324503311258
29.196654462999504,12.868,1.9867549668874174,182.11920529801324,2343.5099337748343
29.206731569000112,12.888,1.8211920529801322,198.6754966887417,2560.529801324503
29.21680989699962,12.864,1.8211920529801322,198.6754966887417,2555.7615894039736
29.226885983998727,12.892,1.8211920529801322,198.6754966887417,2561.324503311258
29.23695797899927,12.86,1.9867549668874174,198.6754966887417,2554.966887417218
29.24703497399969,12.892,1.8211920529801322,182.11920529801324,2347.880794701987
29.257113079998817,12.864,1.9867549668874174,198.6754966887417,2555.7615894039736
29.267189685999256,12.896,1.9867549668874174,198.6754966887417,2562.119205298013
29.27726342099959,12.864,1.8211920529801322,198.6754966887417,2555.7615894039736
29.287335656999858,12.896,1.8211920529801322,182.11920529801324,2348.609271523179
29.297423873998923,12.868,1.9867549668874174,198.6754966887417,2556.5562913907283
29.30750018300023,12.888,1.8211920529801322,198.6754966887417,2560.529801324503
29.31757821499923,12.868,1.8211920529801322,182.11920529801324,2343.5099337748343
29.32765515400024,12.888,1.9867549668874174,182.11920529801324,2347.1523178807947
29.33772772299926,12.868,1.9867549668874174,198.6754966887417,2556.5562913907283
29.347799717999806,12.892,1.8211920529801322,198.6754966887417,2561.324503311258
29.35787780499959,12.868,1.9867549668874174,182.11920529801324,2343.5099337748343
29.367954059000112,12.892,1.8211920529801322,198.6754966887417,2561.324503311258
29.378031201998965,12.868,1.9867549668874174,182.11920529801324,2343.5099337748343
29.388107529999616,12.896,1.8211920529801322,198.6754966887417,2562.119205298013
29.39823757999875,12.868,1.9867549668874174,198.6754966887417,2556.5562913907283
29.40831827799957,12.896,1.8211920529801322,198.6754966887417,2562.119205298013
29.418398883999544,12.864,1.9867549668874174,198.6754966887417,2555.7615894039736
29.428480878999835,12.888,1.8211920529801322,198.6754966887417,2560.529801324503
29.438561854998625,12.868,1.9867549668874174,198.6754966887417,2556.5562913907283
29.448642313000164,12.892,1.8211920529801322,198.6754966887417,2561.324503311258
29.458722919000138,12.868,1.9867549668874174,198.6754966887417,2556.5562913907283
29.468805672999224,12.892,1.9867549668874174,198.6754966887417,2561.324503311258
29.478886056000192,12.872,1.8211920529801322,182.11920529801324,2344.2384105960264
29.488967977000357,12.892,1.9867549668874174,198.6754966887417,2561.324503311258
29.49905750799917,12.872,1.9867549668874174,182.11920529801324,2344.2384105960264
29.509135558999333,12.884,1.9867549668874174,198.6754966887417,2559.735099337748
29.51921184999992,12.876,1.8211920529801322,198.6754966887417,2558.1456953642382
29.529284677999385,12.876,1.9867549668874174,198.6754966887417,2558.1456953642382
29.539356469000268,12.876,1.9867549668874174,182.11920529801324,2344.9668874172185
29.549433055999543,12.88,1.9867549668874174,182.11920529801324,2345.6953642384105
29.559509087999686,12.88,1.9867549668874174,182.11920529801324,2345.6953642384105
29.569587212999977,12.884,1.9867549668874174,198.6754966887417,2559.735099337748
29.579663558999528,12.88,1.9867549668874174,182.11920529801324,2345.6953642384105
29.589739831999395,12.884,1.9867549668874174,198.6754966887417,2559.735099337748
29.599820585999623,12.88,1.8211920529801322,182.11920529801324,2345.6953642384105
29.609901988000274,12.884,1.8211920529801322,182.11920529801324,2346.4238410596026
29.619982778998747,12.876,1.9867549668874174,182.11920529801324,2344.9668874172185
29.630063126000096,12.884,1.8211920529801322,198.6754966887417,2559.735099337748
29.64014345400028,12.88,1.8211920529801322,198.6754966887417,2558.9403973509934
29.650224521999917,12.876,1.9867549668874174,182.11920529801324,2344.9668874172185
29.66030512799989,12.884,1.8211920529801322,198.6754966887417,2559.735099337748
29.670385659999738,12.876,1.8211920529801322,182.11920529801324,2344.9668874172185
29.68046269200022,12.884,1.9867549668874174,198.6754966887417,2559.735099337748
29.6905437789992,12.876,1.8211920529801322,182.11920529801324,2344.9668874172185
29.700633013999322,12.884,1.9867549668874174,182.11920529801324,2346.4238410596026
29.710710138999275,12.872,1.8211920529801322,182.11920529801324,2344.2384105960264
29.720787856000243,12.888,1.9867549668874174,182.11920529801324,2347.1523178807947
29.730863683998905,12.864,1.9867549668874174,182.11920529801324,2342.7814569536426
29.740935030999026,12.888,1.8211920529801322,198.6754966887417,2560.529801324503
29.751011876998746,12.864,1.9867549668874174,182.11920529801324,2342.7814569536426
29.761089890998846,12.888,1.8211920529801322,182.11920529801324,2347.1523178807947
29.771165829999518,12.864,1.8211920529801322,182.11920529801324,2342.7814569536426
29.78124358399873,12.892,1.8211920529801322,182.11920529801324,2347.880794701987
29.791319948999444,12.872,1.8211920529801322,182.11920529801324,2344.2384105960264
29.801405480999165,12.888,1.9867549668874174,198.6754966887417,2560.529801324503
29.811481030999857,12.868,1.9867549668874174,198.6754966887417,2556.5562913907283
29.82156182200015,12.884,1.8211920529801322,198.6754966887417,2559.735099337748
29.831642465000186,12.868,1.9867549668874174,182.11920529801324,2343.5099337748343
29.841722793000372,12.888,1.9867549668874174,198.6754966887417,2560.529801324503
29.85180323199893,12.868,1.9867549668874174,198.6754966887417,2556.5562913907283
29.861884152998755,12.892,1.8211920529801322,182.11920529801324,2347.880794701987
29.87196570299966,12.864,1.9867549668874174,182.11920529801324,2342.7814569536426
29.882040641999993,12.892,1.8211920529801322,182.11920529801324,2347.880794701987
29.89212089600005,12.868,1.9867549668874174,182.11920529801324,2343.5099337748343
29.9022099649992,12.896,1.9867549668874174,198.6754966887417,2562.119205298013
29.91229386699888,12.864,1.8211920529801322,198.6754966887417,2555.7615894039736
29.922370880000017,12.892,1.8211920529801322,198.6754966887417,2561.324503311258
29.932450411999525,12.86,1.9867549668874174,182.11920529801324,2342.05298013245
29.942528165998738,12.896,1.8211920529801322,182.11920529801324,2348.609271523179
29.952606586999536,12.86,1.9867549668874174,182.11920529801324,2342.05298013245
29.962683619000018,12.896,1.9867549668874174,182.11920529801324,2348.609271523179
29.9727629279987,12.86,1.9867549668874174,198.6754966887417,2554.966887417218
29.982844070998908,12.896,1.9867549668874174,198.6754966887417,2562.119205298013
29.992922454999643,12.864,1.9867549668874174,182.11920529801324,2342.7814569536426
