t_s,bus_v,shunt_mv,current_ma,power_mw
0.0003174760004185373,12.876,2.0689655172413794,206.8965517241379,2663.9999999999995
0.010381451998910052,12.88,2.0689655172413794,189.65517241379308,2442.758620689655
0.020444576999580022,12.876,1.8965517241379308,206.8965517241379,2663.9999999999995
0.030505349999657483,12.888,1.8965517241379308,206.8965517241379,2666.4827586206893
0.04056634500011569,12.876,1.8965517241379308,189.65517241379308,2441.9999999999995
0.05062722900038352,12.884,1.8965517241379308,189.65517241379308,2443.5172413793102
0.06068761300048209,12.884,2.0689655172413794,189.65517241379308,2443.5172413793102
0.07074844099952315,12.884,1.8965517241379308,206.8965517241379,2665.655172413793
0.08080973200048902,12.884,1.8965517241379308,206.8965517241379,2665.655172413793
0.09087056099997426,12.884,2.0689655172413794,206.8965517241379,2665.655172413793
0.1009312599999248,12.876,2.0689655172413794,189.65517241379308,2441.9999999999995
0.11099182900034066,12.88,1.8965517241379308,189.65517241379308,2442.758620689655
0.12105282399897987,12.88,1.8965517241379308,206.8965517241379,2664.8275862068963
0.1311136889999034,12.88,1.8965517241379308,189.65517241379308,2442.758620689655
0.14117425800031924,12.888,1.8965517241379308,189.65517241379308,2444.275862068965
0.15123536399914883,12.876,1.8965517241379308,206.8965517241379,2663.9999999999995
0.16129632199954358,12.888,1.8965517241379308,206.8965517241379,2666.4827586206893
0.17135727999993833,12.876,1.8965517241379308,206.8965517241379,2663.9999999999995
0.18141844199999468,12.892,2.0689655172413794,206.8965517241379,2667.3103448275856
0.19147949299986067,12.872,2.0689655172413794,206.8965517241379,2663.1724137931033
0.20154032099890173,12.888,1.8965517241379308,189.65517241379308,2444.275862068965
0.21160105699891574,12.868,1.8965517241379308,189.65517241379308,2440.4827586206893
0.22166171899880283,12.86,2.0689655172413794,206.8965517241379,2660.6896551724135
0.23172193599930324,12.848,2.0689655172413794,224.13793103448276,2879.724137931035
0.2417829129990423,12.876,2.0689655172413794,206.8965517241379,2663.9999999999995
0.25184338899998693,12.86,1.8965517241379308,206.8965517241379,2660.6896551724135
0.26190347699957783,12.88,2.2413793103448274,206.8965517241379,2664.8275862068963
0.27196371299942257,12.856,2.0689655172413794,206.8965517241379,2659.8620689655168
0.2820243739988655,12.872,2.0689655172413794,206.8965517241379,2663.1724137931033
0.2920851099988795,12.86,2.0689655172413794,206.8965517241379,2660.6896551724135
0.3021459009996761,12.868,2.0689655172413794,206.8965517241379,2662.3448275862065
0.31220661899897095,12.86,2.0689655172413794,224.13793103448276,2882.4137931034484
0.3222672989995772,12.876,2.0689655172413794,206.8965517241379,2663.9999999999995
0.33232736799982376,12.86,2.0689655172413794,206.8965517241379,2660.6896551724135
0.3423881589988014,12.88,2.2413793103448274,206.8965517241379,2664.8275862068963
0.35244893199887883,12.86,2.0689655172413794,206.8965517241379,2660.6896551724135
0.3625097240001196,12.876,2.0689655172413794,206.8965517241379,2663.9999999999995
0.37257008899905486,12.856,2.0689655172413794,206.8965517241379,2659.8620689655168
0.3826303989990265,12.876,2.0689655172413794,206.8965517241379,2663.9999999999995
0.3926905979988078,12.856,2.2413793103448274,206.8965517241379,2659.8620689655168
0.40275131499947747,12.876,2.0689655172413794,206.8965517241379,2663.9999999999995
0.4128119399993011,12.852,2.0689655172413794,206.8965517241379,2659.0344827586205
0.42287267499887093,12.88,2.0689655172413794,206.8965517241379,2664.8275862068963
0.4329335219990753,12.852,2.0689655172413794,206.8965517241379,2659.0344827586205
0.44299424000018917,12.88,2.0689655172413794,206.8965517241379,2664.8275862068963
0.4530549009996321,12.856,2.0689655172413794,206.8965517241379,2659.8620689655168
0.4631166189992655,12.88,2.0689655172413794,189.65517241379308,2442.758620689655
0.473177169000337,12.856,2.0689655172413794,206.8965517241379,2659.8620689655168
0.48324388599939994,12.876,2.0689655172413794,206.8965517241379,2663.9999999999995
0.49330489999920246,12.856,2.0689655172413794,206.8965517241379,2659.8620689655168
0.5033657839994703,12.88,2.0689655172413794,206.8965517241379,2664.8275862068963
0.5134265939996112,12.856,2.0689655172413794,206.8965517241379,2659.8620689655168
0.5234873480003444,12.876,2.0689655172413794,206.8965517241379,2663.9999999999995
0.53354828800002,12.856,2.0689655172413794,206.8965517241379,2659.8620689655168
0.5436086720001185,12.876,2.0689655172413794,206.8965517241379,2663.9999999999995
0.5536708149993501,12.856,2.0689655172413794,206.8965517241379,2659.8620689655168
0.5637314949999563,12.876,2.0689655172413794,224.13793103448276,2886.0
0.5737927119989763,12.856,2.0689655172413794,206.8965517241379,2659.8620689655168
0.5838536150004074,12.876,2.0689655172413794,206.8965517241379,2663.9999999999995
0.5939145169995754,12.856,2.0689655172413794,189.65517241379308,2438.2068965517237
0.6039749199990183,12.88,2.0689655172413794,206.8965517241379,2664.8275862068963
0.6140349699999206,12.848,2.2413793103448274,206.8965517241379,2658.206896551724
0.6240958910002519,12.88,2.0689655172413794,206.8965517241379,2664.8275862068963
0.6341549789995042,12.852,2.0689655172413794,206.8965517241379,2659.0344827586205
0.6442157519995817,12.88,2.0689655172413794,206.8965517241379,2664.8275862068963
0.654276043000209,12.852,2.0689655172413794,206.8965517241379,2659.0344827586205
0.6643362049999268,12.88,2.0689655172413794,206.8965517241379,2664.8275862068963
0.6743975699992006,12.856,2.0689655172413794,206.8965517241379,2659.8620689655168
0.684458251000251,12.88,2.0689655172413794,206.8965517241379,2664.8275862068963
0.6945191350005189,12.852,2.0689655172413794,206.8965517241379,2659.0344827586205
0.7045792959997925,12.88,2.0689655172413794,206.8965517241379,2664.8275862068963
0.7146397169999545,12.852,2.0689655172413794,206.8965517241379,2659.0344827586205
0.7247009530001378,12.876,2.0689655172413794,206.8965517241379,2663.9999999999995
0.734761706999052,12.852,2.0689655172413794,206.8965517241379,2659.0344827586205
0.7448227949989814,12.876,2.0689655172413794,206.8965517241379,2663.9999999999995
0.7548836969999684,12.856,2.0689655172413794,206.8965517241379,2659.8620689655168
0.7649444700000458,12.876,2.0689655172413794,206.8965517241379,2663.9999999999995
0.7750051319999329,12.856,2.0689655172413794,206.8965517241379,2659.8620689655168
0.7850658679999469,12.88,2.0689655172413794,206.8965517241379,2664.8275862068963
0.7951256409996859,12.856,2.0689655172413794,206.8965517241379,2659.8620689655168
0.8051858759990864,12.88,2.0689655172413794,206.8965517241379,2664.8275862068963
0.8152473339996504,12.848,2.0689655172413794,206.8965517241379,2658.206896551724
0.8253080149988818,12.88,2.0689655172413794,206.8965517241379,2664.8275862068963
0.8353688989991497,12.848,2.0689655172413794,224.13793103448276,2879.724137931035
0.8454296719992271,12.88,2.0689655172413794,206.8965517241379,2664.8275862068963
0.8554896669993468,12.852,2.0689655172413794,206.8965517241379,2659.0344827586205
0.8655498099997203,12.884,2.0689655172413794,206.8965517241379,2665.655172413793
0.8756097860004957,12.852,2.0689655172413794,206.8965517241379,2659.0344827586205
0.8856705220005097,12.88,2.2413793103448274,206.8965517241379,2664.8275862068963
0.8957312950005871,12.852,2.0689655172413794,206.8965517241379,2659.0344827586205
0.9057915119992686,12.884,2.0689655172413794,206.8965517241379,2665.655172413793
0.9158522670004459,12.856,2.0689655172413794,206.8965517241379,2659.8620689655168
0.9259131509988947,12.872,2.0689655172413794,206.8965517241379,2663.1724137931033
0.9359739419996913,12.872,2.0689655172413794,189.65517241379308,2441.2413793103447
0.946034659000361,12.904,2.0689655172413794,189.65517241379308,2447.310344827586
0.9560954320004384,12.876,1.8965517241379308,189.65517241379308,2441.9999999999995
0.9661560379990988,12.896,1.8965517241379308,189.65517241379308,2445.793103448276
0.9762161260005087,12.868,2.0689655172413794,189.65517241379308,2440.4827586206893
0.9862760470005014,12.896,1.8965517241379308,206.8965517241379,2668.137931034483
0.996338189999733,12.868,2.0689655172413794,206.8965517241379,2662.3448275862065
1.0063985369997681,12.896,2.0689655172413794,206.8965517241379,2668.137931034483
1.0164592729997821,12.868,1.8965517241379308,206.8965517241379,2662.3448275862065
1.0265203050003038,12.896,1.8965517241379308,189.65517241379308,2445.793103448276
1.0365812439995352,12.864,1.8965517241379308,206.8965517241379,2661.5172413793102
1.046641720999105,12.896,2.0689655172413794,189.65517241379308,2445.793103448276
1.0567024749998382,12.86,1.8965517241379308,206.8965517241379,2660.6896551724135
1.0667626180002117,12.876,2.2413793103448274,206.8965517241379,2663.9999999999995
1.0768234839997604,12.836,2.0689655172413794,206.8965517241379,2655.7241379310344
1.0868847010005993,12.88,2.0689655172413794,206.8965517241379,2664.8275862068963
1.0969451959990693,12.852,2.0689655172413794,206.8965517241379,2659.0344827586205
1.1070052279992524,12.88,2.0689655172413794,206.8965517241379,2664.8275862068963
1.1170651859993086,12.856,2.0689655172413794,206.8965517241379,2659.8620689655168
1.127125069999238,12.876,2.0689655172413794,206.8965517241379,2663.9999999999995
1.1371853059990826,12.852,2.0689655172413794,189.65517241379308,2437.448275862069
1.147244005000175,12.876,2.0689655172413794,206.8965517241379,2663.9999999999995
1.1573049439994065,12.852,2.0689655172413794,206.8965517241379,2659.0344827586205
1.1673658279996744,12.88,2.0689655172413794,206.8965517241379,2664.8275862068963
1.1774273600003653,12.852,2.2413793103448274,224.13793103448276,2880.6206896551726
1.1874883549990045,12.88,2.0689655172413794,206.8965517241379,2664.8275862068963
1.1975491470002453,12.856,2.2413793103448274,206.8965517241379,2659.8620689655168
1.2076100489994133,12.88,2.0689655172413794,206.8965517241379,2664.8275862068963
1.21767059999911,12.856,2.0689655172413794,206.8965517241379,2659.8620689655168
1.227730631999293,12.884,2.0689655172413794,206.8965517241379,2665.655172413793
1.2377912749998359,12.844,2.0689655172413794,206.8965517241379,2657.379310344827
1.2478517330000614,12.88,2.0689655172413794,189.65517241379308,2442.758620689655
1.257911728000181,12.848,2.0689655172413794,206.8965517241379,2658.206896551724
1.2679719269999623,12.88,2.0689655172413794,206.8965517241379,2664.8275862068963
1.2780325149997225,12.852,2.0689655172413794,206.8965517241379,2659.0344827586205
1.2880933619999269,12.88,2.0689655172413794,206.8965517241379,2664.8275862068963
1.2981540599994332,12.852,2.0689655172413794,206.8965517241379,2659.0344827586205
1.3082151479993627,12.88,2.0689655172413794,206.8965517241379,2664.8275862068963
1.3182759209994401,12.852,2.0689655172413794,206.8965517241379,2659.0344827586205
1.3283361569992849,12.884,2.0689655172413794,206.8965517241379,2665.655172413793
1.3383959669990872,12.852,2.0689655172413794,206.8965517241379,2659.0344827586205
1.3484563130004972,12.876,2.0689655172413794,206.8965517241379,2663.9999999999995
1.3585169750003843,12.852,2.0689655172413794,206.8965517241379,2659.0344827586205
1.3685777850005252,12.876,2.0689655172413794,206.8965517241379,2663.9999999999995
1.3786385759995028,12.856,2.0689655172413794,206.8965517241379,2659.8620689655168
1.3886994599997706,12.88,2.0689655172413794,206.8965517241379,2664.8275862068963
1.3987596040005883,12.856,2.0689655172413794,206.8965517241379,2659.8620689655168
1.4088206729993544,12.88,2.0689655172413794,206.8965517241379,2664.8275862068963
1.4188812970005529,12.852,2.0689655172413794,206.8965517241379,2659.0344827586205
1.4289420519999112,12.88,2.0689655172413794,189.65517241379308,2442.758620689655
1.4390026019991637,12.848,2.2413793103448274,206.8965517241379,2658.206896551724
1.4490633749992412,12.88,2.0689655172413794,206.8965517241379,2664.8275862068963
1.4591232589991705,12.852,2.0689655172413794,206.8965517241379,2659.0344827586205
1.4691832539992902,12.876,2.0689655172413794,206.8965517241379,2663.9999999999995
1.479252118999284,12.852,2.0689655172413794,206.8965517241379,2659.0344827586205
1.4893142999990232,12.88,2.0689655172413794,206.8965517241379,2664.8275862068963
1.4993749610002851,12.856,2.2413793103448274,206.8965517241379,2659.8620689655168
1.5094360679995589,12.88,2.0689655172413794,206.8965517241379,2664.8275862068963
1.5194967289990018,12.852,2.0689655172413794,206.8965517241379,2659.0344827586205
1.5295570580001367,12.88,2.0689655172413794,206.8965517241379,2664.8275862068963
1.5396180899988394,12.852,2.0689655172413794,206.8965517241379,2659.0344827586205
1.5496787329993822,12.876,2.0689655172413794,206.8965517241379,2663.9999999999995
1.5597392649997346,12.856,2.0689655172413794,206.8965517241379,2659.8620689655168
1.5698002049994102,12.876,2.2413793103448274,206.8965517241379,2663.9999999999995
1.5798610879992339,12.856,2.0689655172413794,206.8965517241379,2659.8620689655168
1.589921917000538,12.876,2.0689655172413794,206.8965517241379,2663.9999999999995
1.5999827449995792,12.856,2.0689655172413794,206.8965517241379,2659.8620689655168
1.6100427399996988,12.876,2.0689655172413794,206.8965517241379,2663.9999999999995
1.6201040319992899,12.856,2.0689655172413794,206.8965517241379,2659.8620689655168
1.6301647489999596,12.88,2.0689655172413794,206.8965517241379,2664.8275862068963
1.6402247440000792,12.86,2.0689655172413794,206.8965517241379,2660.6896551724135
1.6502851280001778,12.876,2.2413793103448274,206.8965517241379,2663.9999999999995
1.6603442159994302,12.852,2.0689655172413794,206.8965517241379,2659.0344827586205
1.6704055259997403,12.88,2.0689655172413794,206.8965517241379,2664.8275862068963
1.6804656690001138,12.856,2.0689655172413794,206.8965517241379,2659.8620689655168
1.6905254049997893,12.876,2.0689655172413794,206.8965517241379,2663.9999999999995
1.7005862699988938,12.856,2.0689655172413794,206.8965517241379,2659.8620689655168
1.7106469869995635,12.876,2.0689655172413794,206.8965517241379,2663.9999999999995
1.720707685999514,12.856,2.0689655172413794,206.8965517241379,2659.8620689655168
1.7307683479994012,12.876,2.0689655172413794,224.13793103448276,2886.0
1.740829157999542,12.86,2.0689655172413794,206.8965517241379,2660.6896551724135
1.7508898750002118,12.872,2.0689655172413794,206.8965517241379,2663.1724137931033
1.7609507399993163,12.86,2.0689655172413794,206.8965517241379,2660.6896551724135
1.7710114210003667,12.868,2.0689655172413794,206.8965517241379,2662.3448275862065
1.7810720819998096,12.86,2.2413793103448274,224.13793103448276,2882.4137931034484
1.7911322439995274,12.872,2.0689655172413794,206.8965517241379,2663.1724137931033
1.8011923499998375,12.856,2.2413793103448274,206.8965517241379,2659.8620689655168
1.8112530300004437,12.876,2.0689655172413794,206.8965517241379,2663.9999999999995
1.8213133589997597,12.864,2.0689655172413794,206.8965517241379,2661.5172413793102
1.8313733539998793,12.876,2.0689655172413794,206.8965517241379,2663.9999999999995
1.841433978999703,12.86,2.0689655172413794,206.8965517241379,2660.6896551724135
1.8514947879993997,12.876,2.0689655172413794,189.65517241379308,2441.9999999999995
1.861554597999202,12.856,2.0689655172413794,206.8965517241379,2659.8620689655168
1.8716145929993218,12.876,2.0689655172413794,206.8965517241379,2663.9999999999995
1.881675737000478,12.852,2.0689655172413794,206.8965517241379,2659.0344827586205
1.8917366019995825,12.876,2.0689655172413794,206.8965517241379,2663.9999999999995
1.9017970419990888,12.856,2.0689655172413794,206.8965517241379,2659.8620689655168
1.9118576660002873,12.876,2.0689655172413794,206.8965517241379,2663.9999999999995
1.9219181799999205,12.864,2.0689655172413794,206.8965517241379,2661.5172413793102
1.9319790819990885,12.876,2.0689655172413794,206.8965517241379,2663.9999999999995
1.9420398179991025,12.864,2.0689655172413794,206.8965517241379,2661.5172413793102
1.9521005719998357,12.876,2.0689655172413794,206.8965517241379,2663.9999999999995
1.9621608819998073,12.86,2.0689655172413794,206.8965517241379,2660.6896551724135
1.9722208399998635,12.868,2.2413793103448274,206.8965517241379,2662.3448275862065
1.9822807059990737,12.86,2.0689655172413794,206.8965517241379,2660.6896551724135
1.9923405339995952,12.868,2.0689655172413794,206.8965517241379,2662.3448275862065
2.002403548000075,12.868,2.0689655172413794,206.8965517241379,2662.3448275862065
2.012463969000237,12.872,2.0689655172413794,206.8965517241379,2663.1724137931033
2.0225251669999125,12.864,2.0689655172413794,206.8965517241379,2661.5172413793102
2.0325859589993343,12.876,2.2413793103448274,206.8965517241379,2663.9999999999995
2.0426465460004692,12.864,2.0689655172413794,206.8965517241379,2661.5172413793102
2.052711096999701,12.872,2.0689655172413794,206.8965517241379,2663.1724137931033
2.062772295999821,12.856,2.0689655172413794,206.8965517241379,2659.8620689655168
2.0728331609989255,12.876,2.0689655172413794,206.8965517241379,2663.9999999999995
2.0828939149996586,12.852,2.0689655172413794,206.8965517241379,2659.0344827586205
2.0929546509996726,12.876,2.0689655172413794,206.8965517241379,2663.9999999999995
2.103015405999031,12.86,2.0689655172413794,206.8965517241379,2660.6896551724135
2.1130758079998486,12.876,2.0689655172413794,206.8965517241379,2663.9999999999995
2.1231377479998628,12.864,2.0689655172413794,206.8965517241379,2661.5172413793102
2.1332090199994127,12.872,2.0689655172413794,206.8965517241379,2663.1724137931033
2.143269292999321,12.86,2.0689655172413794,206.8965517241379,2660.6896551724135
2.153330028999335,12.876,2.0689655172413794,206.8965517241379,2663.9999999999995
2.1633908940002584,12.86,2.0689655172413794,206.8965517241379,2660.6896551724135
2.1734509079997224,12.868,2.0689655172413794,206.8965517241379,2662.3448275862065
2.1835116439997364,12.868,2.0689655172413794,206.8965517241379,2662.3448275862065
2.1935725459989044,12.868,2.0689655172413794,206.8965517241379,2662.3448275862065
2.2036332259995106,12.868,2.0689655172413794,206.8965517241379,2662.3448275862065
2.2136934810005187,12.872,2.0689655172413794,206.8965517241379,2663.1724137931033
2.223753382999348,12.864,2.0689655172413794,206.8965517241379,2661.5172413793102
2.233814025999891,12.868,2.0689655172413794,206.8965517241379,2662.3448275862065
2.243874947000222,12.864,2.0689655172413794,206.8965517241379,2661.5172413793102
2.2539352200001304,12.872,2.0689655172413794,206.8965517241379,2663.1724137931033
2.263995530000102,12.864,2.0689655172413794,206.8965517241379,2661.5172413793102
2.2740563030001795,12.872,2.2413793103448274,206.8965517241379,2663.1724137931033
2.28411701999903,12.864,2.0689655172413794,206.8965517241379,2661.5172413793102
2.2941777929991076,12.872,2.0689655172413794,224.13793103448276,2885.103448275862
2.304238491999058,12.864,2.0689655172413794,206.8965517241379,2661.5172413793102
2.314299301999199,12.872,2.0689655172413794,206.8965517241379,2663.1724137931033
2.324359574000482,12.86,2.0689655172413794,206.8965517241379,2660.6896551724135
2.3344196069992904,12.872,2.0689655172413794,206.8965517241379,2663.1724137931033
2.344480231000489,12.86,2.0689655172413794,206.8965517241379,2660.6896551724135
2.354540967000503,12.872,2.0689655172413794,224.13793103448276,2885.103448275862
2.36460162900039,12.868,2.0689655172413794,206.8965517241379,2662.3448275862065
2.3746636790001503,12.868,2.0689655172413794,206.8965517241379,2662.3448275862065
2.3847249150003336,12.868,2.0689655172413794,206.8965517241379,2662.3448275862065
2.3947856689992477,12.864,2.0689655172413794,224.13793103448276,2883.3103448275865
2.404846498000552,12.868,2.0689655172413794,206.8965517241379,2662.3448275862065
2.414907177999339,12.864,2.0689655172413794,224.13793103448276,2883.3103448275865
2.424968043998888,12.864,2.0689655172413794,206.8965517241379,2661.5172413793102
2.4350287790002767,12.868,2.0689655172413794,206.8965517241379,2662.3448275862065
2.4450895150002907,12.864,2.0689655172413794,206.8965517241379,2661.5172413793102
2.455150103000051,12.868,2.0689655172413794,206.8965517241379,2662.3448275862065
2.4652106350004033,12.868,2.0689655172413794,206.8965517241379,2662.3448275862065
2.4752860739990865,12.868,2.0689655172413794,206.8965517241379,2662.3448275862065
2.485349810000116,12.864,2.0689655172413794,206.8965517241379,2661.5172413793102
2.495410637999157,12.872,2.0689655172413794,206.8965517241379,2663.1724137931033
2.505471688999023,12.86,2.0689655172413794,206.8965517241379,2660.6896551724135
2.5155333139991853,12.868,2.0689655172413794,206.8965517241379,2662.3448275862065
2.5255939939997916,12.864,2.0689655172413794,206.8965517241379,2661.5172413793102
2.535654766999869,12.868,2.0689655172413794,224.13793103448276,2884.206896551724
2.5457153169991216,12.868,2.0689655172413794,189.65517241379308,2440.4827586206893
2.555775831000574,12.868,2.0689655172413794,206.8965517241379,2662.3448275862065
2.5658365300005244,12.868,2.0689655172413794,206.8965517241379,2662.3448275862065
2.5758981540002424,12.868,2.2413793103448274,206.8965517241379,2662.3448275862065
2.5859590569998545,12.868,2.0689655172413794,206.8965517241379,2662.3448275862065
2.596019904000059,12.86,2.0689655172413794,224.13793103448276,2882.4137931034484
2.6060803799991845,12.868,2.0689655172413794,206.8965517241379,2662.3448275862065
2.61614083799941,12.86,2.0689655172413794,206.8965517241379,2660.6896551724135
2.6262021669990645,12.864,2.0689655172413794,206.8965517241379,2661.5172413793102
2.636263291000432,12.868,2.0689655172413794,206.8965517241379,2662.3448275862065
2.646324008999727,12.872,2.0689655172413794,206.8965517241379,2663.1724137931033
2.6563844849988527,12.864,2.0689655172413794,206.8965517241379,2661.5172413793102
2.6664445730002626,12.868,2.0689655172413794,206.8965517241379,2662.3448275862065
2.676505420000467,12.868,2.0689655172413794,206.8965517241379,2662.3448275862065
2.686565932999656,12.868,2.0689655172413794,206.8965517241379,2662.3448275862065
2.6966267799998604,12.868,1.8965517241379308,206.8965517241379,2662.3448275862065
2.7066864970001916,12.86,2.0689655172413794,206.8965517241379,2660.6896551724135
2.7167468440002267,12.864,2.0689655172413794,206.8965517241379,2661.5172413793102
2.7268076359996485,12.868,2.0689655172413794,189.65517241379308,2440.4827586206893
2.736868353000318,12.864,2.0689655172413794,206.8965517241379,2661.5172413793102
2.746928921998915,12.872,2.0689655172413794,206.8965517241379,2663.1724137931033
2.7569898620004096,12.864,2.0689655172413794,206.8965517241379,2661.5172413793102
2.76705046799907,12.868,2.0689655172413794,206.8965517241379,2662.3448275862065
2.777111147999676,12.864,2.0689655172413794,206.8965517241379,2661.5172413793102
2.787171235999267,12.868,2.0689655172413794,206.8965517241379,2662.3448275862065
2.797231174999979,12.86,2.0689655172413794,206.8965517241379,2660.6896551724135
2.8072918180005217,12.868,2.0689655172413794,206.8965517241379,2662.3448275862065
2.817351924999457,12.86,2.0689655172413794,206.8965517241379,2660.6896551724135
2.827414678999048,12.872,2.0689655172413794,224.13793103448276,2885.103448275862
2.837475080999866,12.86,2.0689655172413794,206.8965517241379,2660.6896551724135
2.847535168999457,12.872,2.0689655172413794,206.8965517241379,2663.1724137931033
2.8575957939992804,12.864,2.0689655172413794,206.8965517241379,2661.5172413793102
2.8676557519993366,12.868,2.0689655172413794,206.8965517241379,2662.3448275862065
2.8777166359996045,12.864,2.0689655172413794,206.8965517241379,2661.5172413793102
2.8877773160002107,12.868,2.0689655172413794,206.8965517241379,2662.3448275862065
2.8978380329990614,12.864,2.0689655172413794,206.8965517241379,2661.5172413793102
2.907898657998885,12.868,2.0689655172413794,206.8965517241379,2662.3448275862065
2.917959152999174,12.86,2.0689655172413794,206.8965517241379,2660.6896551724135
2.9280199439999706,12.864,2.0689655172413794,206.8965517241379,2661.5172413793102
2.9380806059998577,12.86,2.0689655172413794,206.8965517241379,2660.6896551724135
2.948141286000464,12.868,2.0689655172413794,206.8965517241379,2662.3448275862065
2.9582020590005413,12.864,2.0689655172413794,224.13793103448276,2883.3103448275865
2.9682623129992862,12.868,2.0689655172413794,206.8965517241379,2662.3448275862065
2.97832293799911,12.864,2.0689655172413794,206.8965517241379,2661.5172413793102
2.988384414999018,12.868,2.0689655172413794,206.8965517241379,2662.3448275862065
2.9984444469992013,12.864,2.0689655172413794,206.8965517241379,2661.5172413793102
3.0085056829993846,12.876,2.0689655172413794,189.65517241379308,2441.9999999999995
3.0185664919990813,12.856,2.0689655172413794,224.13793103448276,2881.5172413793102
3.0286275429989473,12.872,2.0689655172413794,206.8965517241379,2663.1724137931033
3.0386882789989613,12.86,2.0689655172413794,206.8965517241379,2660.6896551724135
3.0487491809999483,12.872,2.0689655172413794,206.8965517241379,2663.1724137931033
3.0588099540000258,12.86,2.0689655172413794,206.8965517241379,2660.6896551724135
3.0688705049997225,12.868,2.0689655172413794,206.8965517241379,2662.3448275862065
3.078931111000202,12.86,2.0689655172413794,206.8965517241379,2660.6896551724135
3.088991864999116,12.876,2.0689655172413794,206.8965517241379,2663.9999999999995
3.0990524709995952,12.86,2.0689655172413794,206.8965517241379,2660.6896551724135
3.109113669999715,12.872,2.0689655172413794,206.8965517241379,2663.1724137931033
3.1191738130000886,12.86,2.0689655172413794,206.8965517241379,2660.6896551724135
3.1292339749998064,12.868,2.0689655172413794,206.8965517241379,2662.3448275862065
3.1392947290005395,12.86,2.0689655172413794,206.8965517241379,2660.6896551724135
3.1493553729997075,12.868,2.0689655172413794,206.8965517241379,2662.3448275862065
3.159416090000377,12.86,2.0689655172413794,206.8965517241379,2660.6896551724135
3.1694774919997144,12.868,2.0689655172413794,206.8965517241379,2662.3448275862065
3.1795391910000035,12.86,2.0689655172413794,224.13793103448276,2882.4137931034484
3.1896001679997426,12.876,2.0689655172413794,206.8965517241379,2663.9999999999995
3.1996601629998622,12.86,2.2413793103448274,206.8965517241379,2660.6896551724135
3.2097213239994744,12.876,2.0689655172413794,206.8965517241379,2663.9999999999995
3.219781689998854,12.856,2.0689655172413794,206.8965517241379,2659.8620689655168
3.229842110999016,12.872,2.0689655172413794,206.8965517241379,2663.1724137931033
3.2399023279995163,12.852,2.0689655172413794,206.8965517241379,2659.0344827586205
3.2499627679990226,12.872,2.0689655172413794,206.8965517241379,2663.1724137931033
3.260022743999798,12.856,2.0689655172413794,206.8965517241379,2659.8620689655168
3.270082683999135,12.876,2.0689655172413794,206.8965517241379,2663.9999999999995
3.280143511999995,12.86,2.0689655172413794,206.8965517241379,2660.6896551724135
3.290204322000136,12.876,2.0689655172413794,206.8965517241379,2663.9999999999995
3.300264984000023,12.86,2.0689655172413794,206.8965517241379,2660.6896551724135
3.3103272009993816,12.876,2.0689655172413794,206.8965517241379,2663.9999999999995
3.3203881770004955,12.856,2.0689655172413794,206.8965517241379,2659.8620689655168
3.330448542999875,12.868,2.2413793103448274,206.8965517241379,2662.3448275862065
3.34050840800046,12.86,2.0689655172413794,206.8965517241379,2660.6896551724135
3.350569459000326,12.868,2.0689655172413794,206.8965517241379,2662.3448275862065
3.360629546999917,12.86,2.0689655172413794,206.8965517241379,2660.6896551724135
3.370690227000523,12.876,1.8965517241379308,206.8965517241379,2663.9999999999995
3.3807505919994583,12.86,2.0689655172413794,206.8965517241379,2660.6896551724135
3.390811531999134,12.876,2.0689655172413794,206.8965517241379,2663.9999999999995
3.4008723970000574,12.86,2.0689655172413794,206.8965517241379,2660.6896551724135
3.4109327440000925,12.876,2.0689655172413794,206.8965517241379,2663.9999999999995
3.4209939609991125,12.856,2.0689655172413794,206.8965517241379,2659.8620689655168
3.431054585998936,12.872,2.0689655172413794,206.8965517241379,2663.1724137931033
3.441115413999796,12.852,2.2413793103448274,206.8965517241379,2659.0344827586205
3.4511764839990065,12.88,2.0689655172413794,206.8965517241379,2664.8275862068963
3.4612370710001414,12.856,2.0689655172413794,224.13793103448276,2881.5172413793102
3.4712973440000496,12.88,1.8965517241379308,224.13793103448276,2886.896551724138
3.48136482100017,12.86,2.0689655172413794,206.8965517241379,2660.6896551724135
3.491427148999719,12.88,2.0689655172413794,206.8965517241379,2664.8275862068963
3.50148795899986,12.856,2.0689655172413794,206.8965517241379,2659.8620689655168
3.5115490650005086,12.876,2.2413793103448274,206.8965517241379,2663.9999999999995
3.5216100229990843,12.856,2.0689655172413794,206.8965517241379,2659.8620689655168
3.531670499000029,12.868,2.0689655172413794,206.8965517241379,2662.3448275862065
3.5417353279990493,12.86,2.0689655172413794,206.8965517241379,2660.6896551724135
3.551796822999677,12.872,2.0689655172413794,206.8965517241379,2663.1724137931033
3.5618570770002407,12.856,2.0689655172413794,206.8965517241379,2659.8620689655168
3.571917350000149,12.88,1.8965517241379308,206.8965517241379,2664.8275862068963
3.5819786230003956,12.86,2.0689655172413794,206.8965517241379,2660.6896551724135
3.5920394700006,12.876,2.0689655172413794,206.8965517241379,2663.9999999999995
3.6021002609995776,12.86,2.0689655172413794,206.8965517241379,2660.6896551724135
3.612160329999824,12.876,2.0689655172413794,206.8965517241379,2663.9999999999995
3.6222210100004304,12.86,2.0689655172413794,206.8965517241379,2660.6896551724135
3.6322812090002117,12.88,2.0689655172413794,224.13793103448276,2886.896551724138
3.6423415930003102,12.852,2.0689655172413794,206.8965517241379,2659.0344827586205
3.652401921999626,12.88,2.0689655172413794,206.8965517241379,2664.8275862068963
3.6624621199989633,12.856,2.0689655172413794,206.8965517241379,2659.8620689655168
3.672522208000373,12.88,2.0689655172413794,206.8965517241379,2664.8275862068963
3.6825822400005563,12.856,2.0689655172413794,206.8965517241379,2659.8620689655168
3.692643012998815,12.876,2.0689655172413794,206.8965517241379,2663.9999999999995
3.7027029900000343,12.856,2.0689655172413794,206.8965517241379,2659.8620689655168
3.712762818000556,12.876,2.0689655172413794,206.8965517241379,2663.9999999999995
3.72282284999892,12.856,1.8965517241379308,206.8965517241379,2659.8620689655168
3.7328827530000126,12.88,2.0689655172413794,224.13793103448276,2886.896551724138
3.7429437850005343,12.856,2.0689655172413794,206.8965517241379,2659.8620689655168
3.753004520000104,12.872,2.0689655172413794,206.8965517241379,2663.1724137931033
3.7630652749994624,12.856,2.0689655172413794,206.8965517241379,2659.8620689655168
3.7731261030003225,12.876,2.0689655172413794,206.8965517241379,2663.9999999999995
3.7831868939993,12.86,2.0689655172413794,206.8965517241379,2660.6896551724135
3.7932467970003927,12.876,2.0689655172413794,206.8965517241379,2663.9999999999995
3.803307070000301,12.856,2.0689655172413794,224.13793103448276,2881.5172413793102
3.813367176000611,12.88,2.0689655172413794,206.8965517241379,2664.8275862068963
3.8234279669995885,12.856,2.0689655172413794,206.8965517241379,2659.8620689655168
3.833487685000364,12.88,2.0689655172413794,206.8965517241379,2664.8275862068963
3.843547493999722,12.852,2.2413793103448274,206.8965517241379,2659.0344827586205
3.8536075449992495,12.88,2.0689655172413794,206.8965517241379,2664.8275862068963
3.8636676509995596,12.848,2.0689655172413794,206.8965517241379,2658.206896551724
3.8737275170005887,12.876,2.0689655172413794,206.8965517241379,2663.9999999999995
3.8837883449996298,12.852,2.0689655172413794,206.8965517241379,2659.0344827586205
3.89384893299939,12.876,2.0689655172413794,206.8965517241379,2663.9999999999995
3.9039097980003135,12.856,2.0689655172413794,224.13793103448276,2881.5172413793102
3.913970571000391,12.88,2.0689655172413794,206.8965517241379,2664.8275862068963
3.924030750999009,12.856,2.0689655172413794,206.8965517241379,2659.8620689655168
3.9340905059998477,12.88,2.0689655172413794,206.8965517241379,2664.8275862068963
3.944151427000179,12.856,1.8965517241379308,189.65517241379308,2438.2068965517237
3.9542125329990085,12.872,2.0689655172413794,206.8965517241379,2663.1724137931033
3.9642732689990225,12.856,2.0689655172413794,206.8965517241379,2659.8620689655168
3.9743329859993537,12.876,2.0689655172413794,206.8965517241379,2663.9999999999995
3.984393036000256,12.856,2.0689655172413794,206.8965517241379,2659.8620689655168
3.9944542720004392,12.88,2.0689655172413794,206.8965517241379,2664.8275862068963
4.004514303998803,12.856,2.0689655172413794,206.8965517241379,2659.8620689655168
4.014575798999431,12.88,2.0689655172413794,206.8965517241379,2664.8275862068963
4.02463686900046,12.856,2.0689655172413794,206.8965517241379,2659.8620689655168
4.034697659999438,12.88,2.0689655172413794,224.13793103448276,2886.896551724138
4.044758506999642,12.856,1.8965517241379308,206.8965517241379,2659.8620689655168
4.054819187000248,12.88,2.0689655172413794,206.8965517241379,2664.8275862068963
4.064879997000389,12.848,2.2413793103448274,206.8965517241379,2658.206896551724
4.07494071399924,12.88,2.0689655172413794,189.65517241379308,2442.758620689655
4.085001597999508,12.852,2.0689655172413794,206.8965517241379,2659.0344827586205
4.0950621489992045,12.884,2.0689655172413794,206.8965517241379,2665.655172413793
4.105122865999874,12.852,2.0689655172413794,206.8965517241379,2659.0344827586205
4.115184045998831,12.884,2.0689655172413794,206.8965517241379,2665.655172413793
4.1252081530001306,12.852,2.0689655172413794,206.8965517241379,2659.0344827586205
4.13526814800025,12.88,2.0689655172413794,206.8965517241379,2664.8275862068963
4.145329310000307,12.856,2.0689655172413794,206.8965517241379,2659.8620689655168
4.155390248999538,12.876,2.0689655172413794,206.8965517241379,2663.9999999999995
4.165450966998833,12.856,2.0689655172413794,224.13793103448276,2881.5172413793102
4.175511313998868,12.876,2.0689655172413794,206.8965517241379,2663.9999999999995
4.185572197000511,12.856,2.0689655172413794,206.8965517241379,2659.8620689655168
4.195633063000059,12.88,2.2413793103448274,206.8965517241379,2664.8275862068963
4.205694075999418,12.856,2.0689655172413794,206.8965517241379,2659.8620689655168
4.215754811999432,12.88,2.0689655172413794,206.8965517241379,2664.8275862068963
4.225814752000588,12.852,2.0689655172413794,206.8965517241379,2659.0344827586205
4.235874653999417,12.88,2.0689655172413794,206.8965517241379,2664.8275862068963
4.245935537999685,12.856,2.0689655172413794,206.8965517241379,2659.8620689655168
4.255995755998811,12.88,2.0689655172413794,206.8965517241379,2664.8275862068963
4.266056028000094,12.848,2.0689655172413794,206.8965517241379,2658.206896551724
4.276135596999666,12.88,2.0689655172413794,206.8965517241379,2664.8275862068963
4.286216462000084,12.852,2.0689655172413794,206.8965517241379,2659.0344827586205
4.296297364000566,12.876,2.0689655172413794,206.8965517241379,2663.9999999999995
4.306377765999059,12.856,2.0689655172413794,206.8965517241379,2659.8620689655168
4.316453706000175,12.876,2.0689655172413794,206.8965517241379,2663.9999999999995
4.326533460000064,12.856,2.2413793103448274,206.8965517241379,2659.8620689655168
4.336613731999023,12.876,2.0689655172413794,206.8965517241379,2663.9999999999995
4.346694652998849,12.852,2.0689655172413794,206.8965517241379,2659.0344827586205
4.356774943998971,12.872,2.0689655172413794,206.8965517241379,2663.1724137931033
4.3668503089993465,12.852,2.0689655172413794,206.8965517241379,2659.0344827586205
4.376931692999278,12.876,2.0689655172413794,206.8965517241379,2663.9999999999995
4.3870120760002465,12.856,2.0689655172413794,206.8965517241379,2659.8620689655168
4.397092663999501,12.876,2.0689655172413794,206.8965517241379,2663.9999999999995
4.40717364000011,12.856,2.0689655172413794,206.8965517241379,2659.8620689655168
4.417255911999746,12.876,2.0689655172413794,206.8965517241379,2663.9999999999995
4.427337017999889,12.86,2.0689655172413794,206.8965517241379,2660.6896551724135
4.43741962400054,12.876,2.0689655172413794,206.8965517241379,2663.9999999999995
4.447500230000514,12.852,2.0689655172413794,206.8965517241379,2659.0344827586205
4.457582353999896,12.88,2.0689655172413794,206.8965517241379,2664.8275862068963
4.46766247800042,12.844,2.0689655172413794,206.8965517241379,2657.379310344827
4.47775276900029,12.88,2.0689655172413794,206.8965517241379,2664.8275862068963
4.487836337999397,12.852,2.0689655172413794,206.8965517241379,2659.0344827586205
4.497917925000365,12.88,2.0689655172413794,206.8965517241379,2664.8275862068963
4.507998586999747,12.856,2.0689655172413794,206.8965517241379,2659.8620689655168
4.518079489000229,12.904,2.0689655172413794,189.65517241379308,2447.310344827586
4.528160149999167,12.88,2.0689655172413794,189.65517241379308,2442.758620689655
4.538241014999585,12.896,2.0689655172413794,206.8965517241379,2668.137931034483
4.548322806000215,12.872,1.8965517241379308,206.8965517241379,2663.1724137931033
4.5584040230005485,12.888,1.8965517241379308,189.65517241379308,2444.275862068965
4.568526331999237,12.864,1.8965517241379308,206.8965517241379,2661.5172413793102
4.578607974999613,12.892,2.0689655172413794,206.8965517241379,2667.3103448275856
4.588689154999884,12.864,1.8965517241379308,206.8965517241379,2661.5172413793102
4.598770111999329,12.892,2.0689655172413794,189.65517241379308,2445.0344827586205
4.608849848000318,12.868,1.8965517241379308,206.8965517241379,2662.3448275862065
4.618931267999869,12.892,1.8965517241379308,189.65517241379308,2445.0344827586205
4.629012244999103,12.868,2.0689655172413794,206.8965517241379,2662.3448275862065
4.639092553999944,12.884,1.8965517241379308,206.8965517241379,2665.655172413793
4.649173271000109,12.832,2.0689655172413794,206.8965517241379,2654.8965517241377
4.659254783999131,12.876,2.0689655172413794,206.8965517241379,2663.9999999999995
4.669335611999486,12.844,2.0689655172413794,206.8965517241379,2657.379310344827
4.679415385000539,12.884,2.0689655172413794,206.8965517241379,2665.655172413793
4.689497860999836,12.844,2.0689655172413794,206.8965517241379,2657.379310344827
4.699578281999493,12.884,2.0689655172413794,206.8965517241379,2665.655172413793
4.709658424999361,12.848,2.0689655172413794,206.8965517241379,2658.206896551724
4.719738085999779,12.88,2.0689655172413794,206.8965517241379,2664.8275862068963
4.729815209999288,12.848,2.0689655172413794,206.8965517241379,2658.206896551724
4.739896000999579,12.88,2.0689655172413794,206.8965517241379,2664.8275862068963
4.7499779959998705,12.852,2.0689655172413794,206.8965517241379,2659.0344827586205
4.760059157999422,12.876,2.0689655172413794,206.8965517241379,2663.9999999999995
4.770150910999291,12.852,2.0689655172413794,206.8965517241379,2659.0344827586205
4.780231442999138,12.88,2.0689655172413794,206.8965517241379,2664.8275862068963
4.790311918999578,12.848,2.0689655172413794,206.8965517241379,2658.206896551724
4.800392506998833,12.884,2.0689655172413794,206.8965517241379,2665.655172413793
4.810473667999759,12.848,2.0689655172413794,206.8965517241379,2658.206896551724
4.820554551999521,12.884,2.0689655172413794,206.8965517241379,2665.655172413793
4.830634953999834,12.852,2.0689655172413794,206.8965517241379,2659.0344827586205
4.840715319000083,12.88,2.0689655172413794,206.8965517241379,2664.8275862068963
4.850794683999993,12.848,2.0689655172413794,206.8965517241379,2658.206896551724
4.860874252999565,12.88,2.0689655172413794,206.8965517241379,2664.8275862068963
4.870982377000473,12.844,2.0689655172413794,206.8965517241379,2657.379310344827
4.881062574999305,12.884,2.0689655172413794,206.8965517241379,2665.655172413793
4.891142624999702,12.844,2.0689655172413794,206.8965517241379,2657.379310344827
4.901225694000459,12.884,2.0689655172413794,206.8965517241379,2665.655172413793
4.911306632999185,12.844,2.0689655172413794,206.8965517241379,2657.379310344827
4.921389813000133,12.884,2.0689655172413794,206.8965517241379,2665.655172413793
4.931470141000318,12.848,2.0689655172413794,206.8965517241379,2658.206896551724
4.9415526909997425,12.88,2.0689655172413794,224.13793103448276,2886.896551724138
4.95163394500014,12.852,2.0689655172413794,206.8965517241379,2659.0344827586205
4.961716458999945,12.876,2.0689655172413794,206.8965517241379,2663.9999999999995
4.971823007999774,12.852,2.0689655172413794,206.8965517241379,2659.0344827586205
4.981903224999769,12.876,2.0689655172413794,206.8965517241379,2663.9999999999995
4.991984201000378,12.852,2.0689655172413794,206.8965517241379,2659.0344827586205
5.002068028999929,12.884,2.0689655172413794,206.8965517241379,2665.655172413793
5.012147208999522,12.848,2.0689655172413794,206.8965517241379,2658.206896551724
5.02222733400049,12.884,2.0689655172413794,206.8965517241379,2665.655172413793
5.032312031999027,12.848,2.0689655172413794,206.8965517241379,2658.206896551724
5.042393563999212,12.884,2.0689655172413794,206.8965517241379,2665.655172413793
5.052474299000096,12.848,2.0689655172413794,206.8965517241379,2658.206896551724
5.062555737998991,12.88,2.0689655172413794,206.8965517241379,2664.8275862068963
5.072648269999263,12.844,2.2413793103448274,206.8965517241379,2657.379310344827
5.0827250429993,12.884,2.0689655172413794,206.8965517241379,2665.655172413793
5.09280199999921,12.844,2.0689655172413794,206.8965517241379,2657.379310344827
5.10287858799893,12.884,2.0689655172413794,206.8965517241379,2665.655172413793
5.112955471000532,12.844,2.0689655172413794,206.8965517241379,2657.379310344827
5.123031818000527,12.884,2.0689655172413794,206.8965517241379,2665.655172413793
5.133107645999189,12.848,2.0689655172413794,206.8965517241379,2658.206896551724
5.143184511000072,12.88,2.0689655172413794,206.8965517241379,2664.8275862068963
5.153262653999263,12.852,2.0689655172413794,206.8965517241379,2659.0344827586205
5.163339352999174,12.88,2.0689655172413794,206.8965517241379,2664.8275862068963
5.173426309998831,12.852,2.0689655172413794,224.13793103448276,2880.6206896551726
5.183508100999461,12.872,2.0689655172413794,206.8965517241379,2663.1724137931033
5.193591428998843,12.852,2.0689655172413794,206.8965517241379,2659.0344827586205
5.203672404999452,12.88,2.0689655172413794,206.8965517241379,2664.8275862068963
5.213754622000124,12.848,2.0689655172413794,224.13793103448276,2879.724137931035
5.223835691000204,12.884,2.0689655172413794,206.8965517241379,2665.655172413793
5.23391722300039,12.848,2.0689655172413794,206.8965517241379,2658.206896551724
5.243992939998861,12.884,2.0689655172413794,206.8965517241379,2665.655172413793
5.254072952999195,12.848,2.0689655172413794,206.8965517241379,2658.206896551724
5.264152763000311,12.884,2.0689655172413794,206.8965517241379,2665.655172413793
5.274243256999398,12.844,2.0689655172413794,206.8965517241379,2657.379310344827
5.284323992998907,12.88,2.0689655172413794,206.8965517241379,2664.8275862068963
5.294405116999769,12.848,2.0689655172413794,206.8965517241379,2658.206896551724
5.304486000999532,12.88,2.0689655172413794,206.8965517241379,2664.8275862068963
5.314567162000458,12.848,2.0689655172413794,206.8965517241379,2658.206896551724
5.324647600999015,12.884,2.0689655172413794,206.8965517241379,2665.655172413793
5.334727374000067,12.848,2.0689655172413794,206.8965517241379,2658.206896551724
5.34480777600038,12.884,2.0689655172413794,206.8965517241379,2665.655172413793
5.354888899999423,12.848,2.0689655172413794,206.8965517241379,2658.206896551724
5.364969616999588,12.884,2.0689655172413794,206.8965517241379,2665.655172413793
5.375058464000176,12.852,2.0689655172413794,206.8965517241379,2659.0344827586205
5.3851386989990715,12.876,2.0689655172413794,206.8965517241379,2663.9999999999995
5.395218415998897,12.852,2.0689655172413794,206.8965517241379,2659.0344827586205
5.405299873998956,12.876,2.0689655172413794,206.8965517241379,2663.9999999999995
5.415380386999459,12.852,2.0689655172413794,206.8965517241379,2659.0344827586205
5.425459808000596,12.88,2.0689655172413794,206.8965517241379,2664.8275862068963
5.435539338999661,12.848,2.0689655172413794,189.65517241379308,2436.6896551724135
5.445621463999487,12.884,2.0689655172413794,224.13793103448276,2887.793103448276
5.455702588000349,12.848,2.0689655172413794,206.8965517241379,2658.206896551724
5.465782211998885,12.884,2.0689655172413794,206.8965517241379,2665.655172413793
5.475941372000307,12.844,2.0689655172413794,206.8965517241379,2657.379310344827
5.486026385999139,12.884,2.0689655172413794,206.8965517241379,2665.655172413793
5.496106657999917,12.848,2.0689655172413794,206.8965517241379,2658.206896551724
5.506187801000124,12.88,2.0689655172413794,206.8965517241379,2664.8275862068963
5.5162701469998865,12.848,2.0689655172413794,206.8965517241379,2658.206896551724
5.526350234998972,12.88,2.0689655172413794,206.8965517241379,2664.8275862068963
5.536430914999073,12.852,2.0689655172413794,206.8965517241379,2659.0344827586205
5.54651168700002,12.884,2.0689655172413794,206.8965517241379,2665.655172413793
5.556593330000396,12.848,2.0689655172413794,206.8965517241379,2658.206896551724
5.56667493599889,12.884,2.0689655172413794,206.8965517241379,2665.655172413793
5.576841595999213,12.848,2.2413793103448274,206.8965517241379,2658.206896551724
5.5869186830004764,12.876,2.0689655172413794,224.13793103448276,2886.0
5.596995882000556,12.852,2.0689655172413794,206.8965517241379,2659.0344827586205
5.607071876000191,12.876,2.2413793103448274,206.8965517241379,2663.9999999999995
5.617147371000101,12.852,2.0689655172413794,189.65517241379308,2437.448275862069
5.627224309999292,12.876,2.0689655172413794,206.8965517241379,2663.9999999999995
5.637302434999583,12.848,2.0689655172413794,206.8965517241379,2658.206896551724
5.647379652000382,12.88,2.0689655172413794,206.8965517241379,2664.8275862068963
5.657455812999615,12.852,2.0689655172413794,206.8965517241379,2659.0344827586205
5.667531140999927,12.884,2.2413793103448274,206.8965517241379,2665.655172413793
5.677607691999583,12.844,2.0689655172413794,224.13793103448276,2878.8275862068963
5.687686926999959,12.884,2.0689655172413794,206.8965517241379,2665.655172413793
5.69776942200042,12.844,2.0689655172413794,206.8965517241379,2657.379310344827
5.707849806000013,12.884,2.0689655172413794,206.8965517241379,2665.655172413793
5.717931781999141,12.848,2.0689655172413794,206.8965517241379,2658.206896551724
5.728012479999961,12.88,2.0689655172413794,206.8965517241379,2664.8275862068963
5.73809332699966,12.852,2.0689655172413794,206.8965517241379,2659.0344827586205
5.7481743400003324,12.88,2.0689655172413794,206.8965517241379,2664.8275862068963
5.758255963999545,12.852,2.0689655172413794,206.8965517241379,2659.0344827586205
5.768336940000154,12.884,2.0689655172413794,206.8965517241379,2665.655172413793
5.778427527999156,12.848,2.0689655172413794,206.8965517241379,2658.206896551724
5.788507410999955,12.876,2.0689655172413794,206.8965517241379,2663.9999999999995
5.79858799899921,12.848,2.0689655172413794,206.8965517241379,2658.206896551724
5.808669251999163,12.88,2.0689655172413794,206.8965517241379,2664.8275862068963
5.818749803000173,12.852,2.0689655172413794,206.8965517241379,2659.0344827586205
5.828830722999555,12.88,2.0689655172413794,206.8965517241379,2664.8275862068963
5.8389107740003965,12.852,2.2413793103448274,206.8965517241379,2659.0344827586205
5.848990602000413,12.876,1.8965517241379308,206.8965517241379,2663.9999999999995
5.859070651998991,12.852,2.0689655172413794,206.8965517241379,2659.0344827586205
5.869150684000488,12.88,2.0689655172413794,206.8965517241379,2664.8275862068963
5.879257788999894,12.848,2.0689655172413794,224.13793103448276,2879.724137931035
5.889341488000355,12.88,2.0689655172413794,206.8965517241379,2664.8275862068963
5.899421963998975,12.84,2.2413793103448274,206.8965517241379,2656.5517241379307
5.909502976999647,12.884,2.0689655172413794,206.8965517241379,2665.655172413793
5.919582638000065,12.848,2.0689655172413794,206.8965517241379,2658.206896551724
5.929665522000505,12.884,2.0689655172413794,206.8965517241379,2665.655172413793
5.939746182999443,12.848,2.0689655172413794,206.8965517241379,2658.206896551724
5.949828066999544,12.88,2.0689655172413794,206.8965517241379,2664.8275862068963
5.959908228000131,12.852,2.0689655172413794,206.8965517241379,2659.0344827586205
5.9699889269995765,12.88,2.0689655172413794,224.13793103448276,2886.896551724138
5.98009377299968,12.852,2.0689655172413794,206.8965517241379,2659.0344827586205
5.990174026999739,12.876,2.0689655172413794,206.8965517241379,2663.9999999999995
6.000255650998952,12.852,2.0689655172413794,224.13793103448276,2880.6206896551726
6.010336682998968,12.88,2.0689655172413794,206.8965517241379,2664.8275862068963
6.0204177889991115,12.848,2.0689655172413794,206.8965517241379,2658.206896551724
6.030498746000376,12.88,2.0689655172413794,206.8965517241379,2664.8275862068963
6.0405790000004345,12.848,2.0689655172413794,206.8965517241379,2658.206896551724
6.050662051000472,12.88,2.0689655172413794,206.8965517241379,2664.8275862068963
6.0607422680004674,12.852,2.0689655172413794,206.8965517241379,2659.0344827586205
6.070821798999532,12.876,2.0689655172413794,206.8965517241379,2663.9999999999995
6.080979088999811,12.848,2.2413793103448274,206.8965517241379,2658.206896551724
6.091056047000166,12.88,2.0689655172413794,206.8965517241379,2664.8275862068963
6.101132281999526,12.844,2.0689655172413794,206.8965517241379,2657.379310344827
6.111209147999034,12.884,2.0689655172413794,206.8965517241379,2665.655172413793
6.121286865000002,12.848,2.0689655172413794,189.65517241379308,2436.6896551724135
6.131363321999743,12.884,2.0689655172413794,206.8965517241379,2665.655172413793
6.14143889099978,12.848,2.0689655172413794,206.8965517241379,2658.206896551724
6.15151449699988,12.88,2.0689655172413794,206.8965517241379,2664.8275862068963
6.161592472999473,12.852,2.0689655172413794,206.8965517241379,2659.0344827586205
6.171668541999679,12.876,2.0689655172413794,206.8965517241379,2663.9999999999995
6.181754944000204,12.852,2.0689655172413794,206.8965517241379,2659.0344827586205
6.191836179999882,12.872,2.0689655172413794,206.8965517241379,2663.1724137931033
6.201917397000216,12.852,2.0689655172413794,206.8965517241379,2659.0344827586205
6.211998446999132,12.876,2.0689655172413794,206.8965517241379,2663.9999999999995
6.222079052999106,12.852,2.0689655172413794,206.8965517241379,2659.0344827586205
6.232159602999673,12.88,2.0689655172413794,206.8965517241379,2664.8275862068963
6.24224087499897,12.848,2.0689655172413794,206.8965517241379,2658.206896551724
6.2523212029991555,12.88,2.0689655172413794,206.8965517241379,2664.8275862068963
6.2623983649991715,12.852,2.0689655172413794,206.8965517241379,2659.0344827586205
6.272478286000478,12.88,2.0689655172413794,206.8965517241379,2664.8275862068963
6.282567242998994,12.848,2.0689655172413794,206.8965517241379,2658.206896551724
6.292646996998883,12.876,2.0689655172413794,206.8965517241379,2663.9999999999995
6.302727935999428,12.848,2.0689655172413794,206.8965517241379,2658.206896551724
6.312808487000439,12.88,2.0689655172413794,206.8965517241379,2664.8275862068963
6.322889518000011,12.848,2.0689655172413794,206.8965517241379,2658.206896551724
6.332965550000154,12.88,2.0689655172413794,206.8965517241379,2664.8275862068963
6.3430462119995354,12.848,2.2413793103448274,206.8965517241379,2658.206896551724
6.3531265769997844,12.884,2.0689655172413794,206.8965517241379,2665.655172413793
6.3632075900004565,12.852,2.0689655172413794,206.8965517241379,2659.0344827586205
6.37329064000005,12.884,2.0689655172413794,206.8965517241379,2665.655172413793
6.383380690000195,12.852,2.0689655172413794,206.8965517241379,2659.0344827586205
6.393465017999915,12.876,2.0689655172413794,206.8965517241379,2663.9999999999995
6.403545086999657,12.852,2.0689655172413794,206.8965517241379,2659.0344827586205
6.413625174000117,12.872,2.0689655172413794,224.13793103448276,2885.103448275862
6.423705835999499,12.852,2.0689655172413794,206.8965517241379,2659.0344827586205
6.433788422998987,12.88,2.0689655172413794,206.8965517241379,2664.8275862068963
6.443869194999934,12.852,2.2413793103448274,206.8965517241379,2659.0344827586205
6.453949300999739,12.88,2.0689655172413794,206.8965517241379,2664.8275862068963
6.464029036998909,12.852,2.0689655172413794,206.8965517241379,2659.0344827586205
6.474109512999348,12.884,2.0689655172413794,206.8965517241379,2665.655172413793
6.484234988000026,12.852,2.0689655172413794,206.8965517241379,2659.0344827586205
6.4943170940005075,12.884,2.2413793103448274,206.8965517241379,2665.655172413793
6.504398069999297,12.848,2.0689655172413794,206.8965517241379,2658.206896551724
6.514479195000604,12.88,2.0689655172413794,206.8965517241379,2664.8275862068963
6.524560040999859,12.848,2.0689655172413794,206.8965517241379,2658.206896551724
6.534641350999664,12.88,2.0689655172413794,206.8965517241379,2664.8275862068963
6.544721975000357,12.852,2.0689655172413794,206.8965517241379,2659.0344827586205
6.554803191998872,12.88,2.0689655172413794,206.8965517241379,2664.8275862068963
6.56488416799948,12.848,2.0689655172413794,206.8965517241379,2658.206896551724
6.574966885000322,12.884,2.0689655172413794,206.8965517241379,2665.655172413793
6.585080156999538,12.852,2.0689655172413794,206.8965517241379,2659.0344827586205
6.595161281000401,12.876,2.0689655172413794,206.8965517241379,2663.9999999999995
6.605241998000565,12.852,2.0689655172413794,206.8965517241379,2659.0344827586205
6.615322751998974,12.872,2.0689655172413794,206.8965517241379,2663.1724137931033
6.6254068029993505,12.852,2.0689655172413794,206.8965517241379,2659.0344827586205
6.6354873340005724,12.876,2.0689655172413794,206.8965517241379,2663.9999999999995
6.64556919899951,12.852,2.0689655172413794,206.8965517241379,2659.0344827586205
6.655649156999061,12.88,2.0689655172413794,206.8965517241379,2664.8275862068963
6.665728706999289,12.852,2.0689655172413794,206.8965517241379,2659.0344827586205
6.675809610000215,12.884,2.0689655172413794,206.8965517241379,2665.655172413793
6.685902381999767,12.848,2.0689655172413794,224.13793103448276,2879.724137931035
6.695982821000143,12.884,2.0689655172413794,206.8965517241379,2665.655172413793
6.706061852999483,12.844,2.0689655172413794,206.8965517241379,2657.379310344827
6.716141828999753,12.884,2.0689655172413794,206.8965517241379,2665.655172413793
6.726222600998881,12.852,2.0689655172413794,206.8965517241379,2659.0344827586205
6.736303391999172,12.876,2.0689655172413794,206.8965517241379,2663.9999999999995
6.746384406000288,12.852,2.0689655172413794,206.8965517241379,2659.0344827586205
6.756465677999586,12.88,2.0689655172413794,206.8965517241379,2664.8275862068963
6.7665468209997925,12.852,2.0689655172413794,206.8965517241379,2659.0344827586205
6.776623779000147,12.912,1.8965517241379308,189.65517241379308,2448.8275862068963
6.786729309998918,12.88,2.0689655172413794,189.65517241379308,2442.758620689655
6.796809416000542,12.896,2.0689655172413794,206.8965517241379,2668.137931034483
6.806890706999184,12.868,2.0689655172413794,206.8965517241379,2662.3448275862065
6.816971054000533,12.896,2.0689655172413794,206.8965517241379,2668.137931034483
6.827051084999766,12.872,1.8965517241379308,206.8965517241379,2663.1724137931033
6.837132061000375,12.888,1.8965517241379308,206.8965517241379,2666.4827586206893
6.8472130190002645,12.872,2.0689655172413794,206.8965517241379,2663.1724137931033
6.8572938469988,12.884,2.0689655172413794,206.8965517241379,2665.655172413793
6.867374563998965,12.872,1.8965517241379308,206.8965517241379,2663.1724137931033
6.877454022000165,12.888,1.8965517241379308,206.8965517241379,2666.4827586206893
6.887558145999719,12.876,2.0689655172413794,206.8965517241379,2663.9999999999995
6.897640715000307,12.888,2.0689655172413794,206.8965517241379,2666.4827586206893
6.907721782999943,12.836,2.0689655172413794,206.8965517241379,2655.7241379310344
6.917804370999875,12.868,2.0689655172413794,189.65517241379308,2440.4827586206893
6.927885088000039,12.852,2.2413793103448274,206.8965517241379,2659.0344827586205
6.93796650799959,12.88,2.2413793103448274,206.8965517241379,2664.8275862068963
6.948047928999586,12.856,2.0689655172413794,206.8965517241379,2659.8620689655168
6.958129237998946,12.872,2.0689655172413794,206.8965517241379,2663.1724137931033
6.968209511000168,12.856,2.0689655172413794,189.65517241379308,2438.2068965517237
6.978290486998958,12.872,2.0689655172413794,206.8965517241379,2663.1724137931033
6.98837138899944,12.86,2.0689655172413794,206.8965517241379,2660.6896551724135
6.998452402000112,12.872,2.0689655172413794,206.8965517241379,2663.1724137931033
7.00853230499888,12.856,2.0689655172413794,206.8965517241379,2659.8620689655168
7.018613465999806,12.868,2.0689655172413794,206.8965517241379,2662.3448275862065
7.028694274998998,12.86,2.0689655172413794,206.8965517241379,2660.6896551724135
7.038775454999268,12.876,2.0689655172413794,206.8965517241379,2663.9999999999995
7.048856134999369,12.86,2.0689655172413794,206.8965517241379,2660.6896551724135
7.058937073999914,12.872,2.0689655172413794,206.8965517241379,2663.1724137931033
7.069020364999233,12.86,2.0689655172413794,206.8965517241379,2660.6896551724135
7.079101305000222,12.868,2.0689655172413794,206.8965517241379,2662.3448275862065
7.089182539999456,12.856,2.0689655172413794,206.8965517241379,2659.8620689655168
7.099258997999641,12.876,2.0689655172413794,206.8965517241379,2663.9999999999995
7.109335529999953,12.852,2.0689655172413794,206.8965517241379,2659.0344827586205
7.119410543000413,12.876,2.0689655172413794,206.8965517241379,2663.9999999999995
7.129486149000513,12.852,2.2413793103448274,206.8965517241379,2659.0344827586205
7.139561050998964,12.872,2.0689655172413794,206.8965517241379,2663.1724137931033
7.149639434999699,12.856,2.0689655172413794,206.8965517241379,2659.8620689655168
7.159715837000476,12.872,2.0689655172413794,206.8965517241379,2663.1724137931033
7.169793238999773,12.86,1.8965517241379308,206.8965517241379,2660.6896551724135
7.179869456000233,12.872,2.0689655172413794,206.8965517241379,2663.1724137931033
7.190002430999812,12.864,2.0689655172413794,206.8965517241379,2661.5172413793102
7.200083314999574,12.868,2.0689655172413794,206.8965517241379,2662.3448275862065
7.210164754000289,12.856,2.0689655172413794,206.8965517241379,2659.8620689655168
7.2202455819988245,12.868,2.2413793103448274,206.8965517241379,2662.3448275862065
7.230326557999433,12.856,2.2413793103448274,206.8965517241379,2659.8620689655168
7.2404075899994496,12.876,2.0689655172413794,206.8965517241379,2663.9999999999995
7.250489084999572,12.856,2.0689655172413794,206.8965517241379,2659.8620689655168
7.260569394000413,12.876,2.0689655172413794,206.8965517241379,2663.9999999999995
7.270650426000429,12.86,2.0689655172413794,206.8965517241379,2660.6896551724135
7.280731327999092,12.868,2.0689655172413794,206.8965517241379,2662.3448275862065
7.290817785999025,12.852,2.0689655172413794,224.13793103448276,2880.6206896551726
7.300894169000458,12.872,2.0689655172413794,206.8965517241379,2663.1724137931033
7.3109707749990775,12.856,2.0689655172413794,206.8965517241379,2659.8620689655168
7.3210483439997915,12.876,2.0689655172413794,206.8965517241379,2663.9999999999995
7.3311259869988135,12.848,2.0689655172413794,206.8965517241379,2658.206896551724
7.341219537000143,12.876,2.0689655172413794,206.8965517241379,2663.9999999999995
7.351295475998995,12.856,2.0689655172413794,206.8965517241379,2659.8620689655168
7.361374434000027,12.872,2.0689655172413794,206.8965517241379,2663.1724137931033
7.371450466000169,12.86,2.0689655172413794,224.13793103448276,2882.4137931034484
7.381526663999466,12.868,2.0689655172413794,189.65517241379308,2440.4827586206893
7.3916129549998,12.856,2.0689655172413794,206.8965517241379,2659.8620689655168
7.401695802000177,12.868,2.0689655172413794,224.13793103448276,2884.206896551724
7.411776667000595,12.856,2.0689655172413794,206.8965517241379,2659.8620689655168
7.421857199000442,12.864,2.0689655172413794,206.8965517241379,2661.5172413793102
7.431937305000247,12.86,2.0689655172413794,206.8965517241379,2660.6896551724135
7.44201731800058,12.872,2.2413793103448274,206.8965517241379,2663.1724137931033
7.452098071998989,12.856,2.0689655172413794,206.8965517241379,2659.8620689655168
7.462177899999006,12.876,2.0689655172413794,206.8965517241379,2663.9999999999995
7.472257708999678,12.856,2.0689655172413794,206.8965517241379,2659.8620689655168
7.482344666999779,12.876,2.0689655172413794,189.65517241379308,2441.9999999999995
7.492426290998992,12.864,2.0689655172413794,206.8965517241379,2661.5172413793102
7.502503507999791,12.876,2.0689655172413794,206.8965517241379,2663.9999999999995
7.512579243999426,12.864,2.0689655172413794,206.8965517241379,2661.5172413793102
7.5226560899991455,12.868,2.0689655172413794,224.13793103448276,2884.206896551724
7.532732345000113,12.86,2.0689655172413794,206.8965517241379,2660.6896551724135
7.542809783999473,12.884,2.0689655172413794,206.8965517241379,2665.655172413793
7.552886778999891,12.848,2.0689655172413794,206.8965517241379,2658.206896551724
7.5629623839995475,12.884,2.0689655172413794,206.8965517241379,2665.655172413793
7.5730387499988865,12.868,2.0689655172413794,206.8965517241379,2662.3448275862065
7.58311561499977,12.88,2.0689655172413794,206.8965517241379,2664.8275862068963
7.5932715159997315,12.852,2.2413793103448274,206.8965517241379,2659.0344827586205
7.603353861999494,12.864,2.0689655172413794,206.8965517241379,2661.5172413793102
7.6134357640003145,12.86,2.0689655172413794,206.8965517241379,2660.6896551724135
7.623517500000162,12.864,2.0689655172413794,206.8965517241379,2661.5172413793102
7.633600383000157,12.86,2.0689655172413794,206.8965517241379,2660.6896551724135
7.643682821999391,12.868,2.0689655172413794,206.8965517241379,2662.3448275862065
7.653766354000254,12.86,2.0689655172413794,206.8965517241379,2660.6896551724135
7.663847329999044,12.872,2.0689655172413794,206.8965517241379,2663.1724137931033
7.673929120999674,12.868,2.0689655172413794,206.8965517241379,2662.3448275862065
7.684010115999627,12.88,2.0689655172413794,206.8965517241379,2664.8275862068963
7.694104259000596,12.86,2.0689655172413794,206.8965517241379,2660.6896551724135
7.704182383000443,12.892,1.8965517241379308,189.65517241379308,2445.0344827586205
7.714259395999761,12.892,1.8965517241379308,189.65517241379308,2445.0344827586205
7.7243356319995655,12.884,2.0689655172413794,206.8965517241379,2665.655172413793
7.734413903999666,12.872,2.0689655172413794,206.8965517241379,2663.1724137931033
7.7444906210002955,12.88,1.8965517241379308,206.8965517241379,2664.8275862068963
7.754567726999085,12.876,2.0689655172413794,206.8965517241379,2663.9999999999995
7.764644740998847,12.88,1.8965517241379308,206.8965517241379,2664.8275862068963
7.774721939000301,12.88,2.0689655172413794,206.8965517241379,2664.8275862068963
7.784798766999302,12.88,1.8965517241379308,206.8965517241379,2664.8275862068963
7.794882353999128,12.884,1.8965517241379308,189.65517241379308,2443.5172413793102
7.804958700999123,12.88,2.0689655172413794,206.8965517241379,2664.8275862068963
7.815039028999308,12.884,2.0689655172413794,206.8965517241379,2665.655172413793
7.8251223570005095,12.868,2.0689655172413794,206.8965517241379,2662.3448275862065
7.835204314998919,12.856,2.0689655172413794,206.8965517241379,2659.8620689655168
7.8452867539999716,12.848,2.0689655172413794,206.8965517241379,2658.206896551724
7.855367414998909,12.868,2.0689655172413794,206.8965517241379,2662.3448275862065
7.865447910000512,12.86,2.0689655172413794,189.65517241379308,2438.965517241379
7.875529607999852,12.872,2.2413793103448274,206.8965517241379,2663.1724137931033
7.885612807000143,12.864,2.0689655172413794,206.8965517241379,2661.5172413793102
7.8956998939993355,12.868,2.0689655172413794,206.8965517241379,2662.3448275862065
7.905776573999901,12.856,2.0689655172413794,206.8965517241379,2659.8620689655168
7.915852494999854,12.864,2.0689655172413794,206.8965517241379,2661.5172413793102
7.925930878000145,12.86,2.0689655172413794,206.8965517241379,2660.6896551724135
7.936007614000118,12.864,2.0689655172413794,206.8965517241379,2661.5172413793102
7.946086052999817,12.856,2.0689655172413794,206.8965517241379,2659.8620689655168
7.956162714999664,12.872,2.0689655172413794,206.8965517241379,2663.1724137931033
7.966240301999278,12.864,2.0689655172413794,206.8965517241379,2661.5172413793102
7.976316574000521,12.868,2.0689655172413794,206.8965517241379,2662.3448275862065
7.9863945319993945,12.864,2.0689655172413794,206.8965517241379,2661.5172413793102
7.996479211999031,12.868,2.0689655172413794,206.8965517241379,2662.3448275862065
8.006560743999216,12.864,2.0689655172413794,206.8965517241379,2661.5172413793102
8.016640941999867,12.868,2.0689655172413794,206.8965517241379,2662.3448275862065
8.026721566999186,12.86,2.0689655172413794,206.8965517241379,2660.6896551724135
8.036802339000133,12.868,2.0689655172413794,206.8965517241379,2662.3448275862065
8.04688287099998,12.852,2.0689655172413794,206.8965517241379,2659.0344827586205
8.056962402999488,12.868,2.0689655172413794,224.13793103448276,2884.206896551724
8.067042230999505,12.856,2.0689655172413794,206.8965517241379,2659.8620689655168
8.07712218800043,12.868,2.0689655172413794,206.8965517241379,2662.3448275862065
8.087206571999559,12.86,2.0689655172413794,206.8965517241379,2660.6896551724135
8.097300658999302,12.868,2.0689655172413794,206.8965517241379,2662.3448275862065
8.107377598000312,12.864,2.0689655172413794,206.8965517241379,2661.5172413793102
8.117455740999503,12.868,2.0689655172413794,206.8965517241379,2662.3448275862065
8.12753251399954,12.86,2.0689655172413794,206.8965517241379,2660.6896551724135
8.137610359999599,12.864,2.0689655172413794,224.13793103448276,2883.3103448275865
8.147686039999826,12.86,2.0689655172413794,206.8965517241379,2660.6896551724135
8.157764460998806,12.868,2.0689655172413794,189.65517241379308,2440.4827586206893
8.167840734000492,12.86,2.0689655172413794,189.65517241379308,2438.965517241379
8.177919395000572,12.868,2.0689655172413794,206.8965517241379,2662.3448275862065
8.187995926999065,12.864,2.0689655172413794,206.8965517241379,2661.5172413793102
8.198084329000267,12.868,2.0689655172413794,206.8965517241379,2662.3448275862065
8.208166637999966,12.864,2.0689655172413794,206.8965517241379,2661.5172413793102
8.218248039998798,12.868,2.0689655172413794,206.8965517241379,2662.3448275862065
8.228329387000485,12.86,2.0689655172413794,224.13793103448276,2882.4137931034484
8.238410419000502,12.868,2.0689655172413794,206.8965517241379,2662.3448275862065
8.248491357999228,12.856,2.0689655172413794,206.8965517241379,2659.8620689655168
8.258572056000048,12.868,2.0689655172413794,206.8965517241379,2662.3448275862065
8.268652180999197,12.856,2.0689655172413794,206.8965517241379,2659.8620689655168
8.278732971999489,12.868,2.0689655172413794,224.13793103448276,2884.206896551724
8.288813911000034,12.86,2.0689655172413794,206.8965517241379,2660.6896551724135
8.29890427600003,12.868,2.0689655172413794,206.8965517241379,2662.3448275862065
8.308985419000237,12.864,2.0689655172413794,206.8965517241379,2661.5172413793102
8.319067098000232,12.868,2.0689655172413794,224.13793103448276,2884.206896551724
8.329146944999593,12.868,2.0689655172413794,206.8965517241379,2662.3448275862065
8.33922819899999,12.864,2.0689655172413794,206.8965517241379,2661.5172413793102
8.349307915999816,12.868,2.0689655172413794,206.8965517241379,2662.3448275862065
8.35938815100053,12.868,2.0689655172413794,206.8965517241379,2662.3448275862065
8.369470904999616,12.86,2.0689655172413794,206.8965517241379,2660.6896551724135
8.379552362999675,12.868,2.0689655172413794,224.13793103448276,2884.206896551724
8.389637190999565,12.86,2.0689655172413794,206.8965517241379,2660.6896551724135
8.399727314999836,12.868,2.0689655172413794,206.8965517241379,2662.3448275862065
8.409810179999113,12.864,2.0689655172413794,206.8965517241379,2661.5172413793102
8.419891155999721,12.868,2.0689655172413794,206.8965517241379,2662.3448275862065
8.429971835999822,12.86,2.0689655172413794,206.8965517241379,2660.6896551724135
8.440053016000093,12.868,2.2413793103448274,206.8965517241379,2662.3448275862065
8.450133936999919,12.86,2.0689655172413794,206.8965517241379,2660.6896551724135
8.46021413500057,12.868,2.0689655172413794,206.8965517241379,2662.3448275862065
8.470293778000269,12.856,2.0689655172413794,206.8965517241379,2659.8620689655168
8.480385290999038,12.868,2.0689655172413794,206.8965517241379,2662.3448275862065
8.490468767000493,12.86,1.8965517241379308,206.8965517241379,2660.6896551724135
8.500636611999653,12.872,2.0689655172413794,224.13793103448276,2885.103448275862
8.510715680999056,12.86,2.0689655172413794,206.8965517241379,2660.6896551724135
8.52079263899941,12.868,2.0689655172413794,206.8965517241379,2662.3448275862065
8.530869670999891,12.864,2.0689655172413794,206.8965517241379,2661.5172413793102
8.540945999000542,12.864,2.0689655172413794,206.8965517241379,2661.5172413793102
8.551022474999627,12.864,2.0689655172413794,206.8965517241379,2661.5172413793102
8.561098784999558,12.864,2.0689655172413794,206.8965517241379,2661.5172413793102
8.57117531699987,12.86,2.0689655172413794,206.8965517241379,2660.6896551724135
8.581252588999632,12.868,2.0689655172413794,206.8965517241379,2662.3448275862065
8.59132849100024,12.86,2.0689655172413794,206.8965517241379,2660.6896551724135
8.60140519000015,12.868,2.0689655172413794,206.8965517241379,2662.3448275862065
8.6114855729993,12.86,2.0689655172413794,206.8965517241379,2660.6896551724135
8.621565141998872,12.868,2.0689655172413794,206.8965517241379,2662.3448275862065
8.631644525999945,12.86,2.0689655172413794,206.8965517241379,2660.6896551724135
8.641727095000533,12.868,2.0689655172413794,206.8965517241379,2662.3448275862065
8.65180836699983,12.86,2.0689655172413794,189.65517241379308,2438.965517241379
8.661891231999107,12.864,2.0689655172413794,206.8965517241379,2661.5172413793102
8.671972281999842,12.86,2.0689655172413794,206.8965517241379,2660.6896551724135
8.682052535999901,12.868,2.0689655172413794,206.8965517241379,2662.3448275862065
8.692133938999177,12.856,2.0689655172413794,206.8965517241379,2659.8620689655168
8.702225525999893,12.868,2.0689655172413794,206.8965517241379,2662.3448275862065
8.712306854000417,12.86,2.0689655172413794,206.8965517241379,2660.6896551724135
8.722387440999228,12.868,2.0689655172413794,206.8965517241379,2662.3448275862065
8.732468064999921,12.86,2.0689655172413794,206.8965517241379,2660.6896551724135
8.74254902299981,12.86,2.2413793103448274,206.8965517241379,2660.6896551724135
8.752630221999425,12.864,2.0689655172413794,206.8965517241379,2661.5172413793102
8.762710697999864,12.864,2.0689655172413794,206.8965517241379,2661.5172413793102
8.77279091499986,12.864,2.0689655172413794,206.8965517241379,2661.5172413793102
8.78287089100013,12.864,2.0689655172413794,206.8965517241379,2661.5172413793102
8.792951014998835,12.864,2.2413793103448274,206.8965517241379,2661.5172413793102
8.803057453998917,12.868,2.0689655172413794,224.13793103448276,2884.206896551724
8.813138392999463,12.86,2.0689655172413794,206.8965517241379,2660.6896551724135
8.823215479998908,12.872,2.0689655172413794,206.8965517241379,2663.1724137931033
8.833298252999157,12.856,2.0689655172413794,206.8965517241379,2659.8620689655168
8.843379025000104,12.868,2.0689655172413794,206.8965517241379,2662.3448275862065
8.853458945999591,12.856,2.0689655172413794,206.8965517241379,2659.8620689655168
8.863538273999438,12.868,2.0689655172413794,206.8965517241379,2662.3448275862065
8.873620843000026,12.86,2.2413793103448274,206.8965517241379,2660.6896551724135
8.883701263999683,12.868,2.0689655172413794,206.8965517241379,2662.3448275862065
8.893783555000482,12.864,2.0689655172413794,206.8965517241379,2661.5172413793102
8.90389025299919,12.868,2.0689655172413794,224.13793103448276,2884.206896551724
8.913970654999503,12.86,2.0689655172413794,224.13793103448276,2882.4137931034484
8.924051685999075,12.872,2.0689655172413794,206.8965517241379,2663.1724137931033
8.934132680999028,12.856,2.0689655172413794,206.8965517241379,2659.8620689655168
8.944213638998917,12.864,2.0689655172413794,206.8965517241379,2661.5172413793102
8.954294299999674,12.86,2.0689655172413794,206.8965517241379,2660.6896551724135
8.964374831999521,12.864,2.0689655172413794,206.8965517241379,2661.5172413793102
8.974454993000109,12.864,2.0689655172413794,206.8965517241379,2661.5172413793102
8.98453445099949,12.868,2.0689655172413794,206.8965517241379,2662.3448275862065
8.994614445999105,12.864,2.2413793103448274,206.8965517241379,2661.5172413793102
9.00470482899982,12.868,2.0689655172413794,206.8965517241379,2662.3448275862065
9.01478456499899,12.864,2.0689655172413794,206.8965517241379,2661.5172413793102
9.024865577999662,12.868,2.0689655172413794,206.8965517241379,2662.3448275862065
9.034946554000271,12.86,2.0689655172413794,206.8965517241379,2660.6896551724135
9.045027751999442,12.872,2.0689655172413794,206.8965517241379,2663.1724137931033
9.055109118000473,12.852,2.0689655172413794,206.8965517241379,2659.0344827586205
9.06519016799939,12.872,2.0689655172413794,206.8965517241379,2663.1724137931033
9.075270940000337,12.86,2.0689655172413794,206.8965517241379,2660.6896551724135
9.085351861000163,12.872,2.0689655172413794,224.13793103448276,2885.103448275862
9.095431337000264,12.864,2.0689655172413794,206.8965517241379,2661.5172413793102
9.105545405000157,12.868,2.0689655172413794,206.8965517241379,2662.3448275862065
9.115628084999116,12.864,2.0689655172413794,206.8965517241379,2661.5172413793102
9.12571028399907,12.872,2.0689655172413794,206.8965517241379,2663.1724137931033
9.135791667000376,12.86,2.0689655172413794,206.8965517241379,2660.6896551724135
9.14587277300052,12.868,2.2413793103448274,206.8965517241379,2662.3448275862065
9.155953731000409,12.86,1.8965517241379308,206.8965517241379,2660.6896551724135
9.166034837000552,12.868,2.2413793103448274,206.8965517241379,2662.3448275862065
9.176115812999342,12.86,2.0689655172413794,206.8965517241379,2660.6896551724135
9.186196974000268,12.868,2.2413793103448274,206.8965517241379,2662.3448275862065
9.196277932000157,12.864,2.0689655172413794,206.8965517241379,2661.5172413793102
9.206381426000007,12.868,2.0689655172413794,206.8965517241379,2662.3448275862065
9.216462772999876,12.864,2.0689655172413794,206.8965517241379,2661.5172413793102
9.226543766999384,12.868,2.0689655172413794,206.8965517241379,2662.3448275862065
9.23662468799921,12.864,2.0689655172413794,206.8965517241379,2661.5172413793102
9.246705424000538,12.868,2.0689655172413794,206.8965517241379,2662.3448275862065
9.256784806999349,12.852,2.0689655172413794,206.8965517241379,2659.0344827586205
9.266865764999238,12.872,2.0689655172413794,224.13793103448276,2885.103448275862
9.2769468890001,12.856,2.0689655172413794,206.8965517241379,2659.8620689655168
9.287027680000392,12.868,2.0689655172413794,206.8965517241379,2662.3448275862065
9.29710822999914,12.86,2.0689655172413794,206.8965517241379,2660.6896551724135
9.30721544699918,12.872,2.0689655172413794,206.8965517241379,2663.1724137931033
9.317297089999556,12.864,2.0689655172413794,206.8965517241379,2661.5172413793102
9.327377047000482,12.868,1.8965517241379308,206.8965517241379,2662.3448275862065
9.337453578998975,12.86,2.0689655172413794,206.8965517241379,2660.6896551724135
9.347535332999541,12.864,1.8965517241379308,206.8965517241379,2661.5172413793102
9.357617957999537,12.884,1.8965517241379308,206.8965517241379,2665.655172413793
9.36769482300042,12.892,1.8965517241379308,206.8965517241379,2667.3103448275856
9.377778410000246,12.876,1.8965517241379308,189.65517241379308,2441.9999999999995
9.38785903399912,12.888,2.0689655172413794,206.8965517241379,2666.4827586206893
9.397941011000512,12.872,2.0689655172413794,206.8965517241379,2663.1724137931033
9.408030930999303,12.888,1.8965517241379308,206.8965517241379,2666.4827586206893
9.418111610999404,12.876,2.0689655172413794,189.65517241379308,2441.9999999999995
9.42819275399961,12.888,1.8965517241379308,189.65517241379308,2444.275862068965
9.438274062998971,12.872,2.0689655172413794,206.8965517241379,2663.1724137931033
9.448355262000405,12.888,2.0689655172413794,206.8965517241379,2666.4827586206893
9.4584354969993,12.864,2.0689655172413794,206.8965517241379,2661.5172413793102
9.468515770000522,12.892,1.8965517241379308,189.65517241379308,2445.0344827586205
9.47860817199944,12.86,1.8965517241379308,206.8965517241379,2660.6896551724135
9.488691869999457,12.868,2.0689655172413794,206.8965517241379,2662.3448275862065
9.498773512999833,12.844,2.0689655172413794,206.8965517241379,2657.379310344827
9.508893969999917,12.88,2.0689655172413794,206.8965517241379,2664.8275862068963
9.518975019998834,12.852,2.0689655172413794,206.8965517241379,2659.0344827586205
9.52905618099976,12.876,2.0689655172413794,206.8965517241379,2663.9999999999995
9.539137712999946,12.856,2.0689655172413794,206.8965517241379,2659.8620689655168
9.549220392998905,12.872,2.0689655172413794,206.8965517241379,2663.1724137931033
9.559301572999175,12.856,2.0689655172413794,206.8965517241379,2659.8620689655168
9.56938454900046,12.868,2.0689655172413794,206.8965517241379,2662.3448275862065
9.579465896000329,12.86,2.0689655172413794,206.8965517241379,2660.6896551724135
9.589548316000219,12.876,2.0689655172413794,206.8965517241379,2663.9999999999995
9.599630015000002,12.844,2.0689655172413794,206.8965517241379,2657.379310344827
9.609711471999617,12.872,2.0689655172413794,206.8965517241379,2663.1724137931033
9.619791560000522,12.848,2.0689655172413794,206.8965517241379,2658.206896551724
9.62987403599982,12.872,2.0689655172413794,206.8965517241379,2663.1724137931033
9.639955401000407,12.856,2.2413793103448274,206.8965517241379,2659.8620689655168
9.650036359000296,12.872,2.0689655172413794,206.8965517241379,2663.1724137931033
9.660117389999868,12.848,2.2413793103448274,206.8965517241379,2658.206896551724
9.670198922000054,12.872,2.0689655172413794,206.8965517241379,2663.1724137931033
9.680278916999669,12.852,2.0689655172413794,206.8965517241379,2659.0344827586205
9.690360114998839,12.872,2.0689655172413794,206.8965517241379,2663.1724137931033
9.700440368998898,12.848,2.0689655172413794,206.8965517241379,2658.206896551724
9.710520901000564,12.872,2.0689655172413794,224.13793103448276,2885.103448275862
9.720602302999396,12.848,2.0689655172413794,206.8965517241379,2658.206896551724
9.730683241999941,12.872,2.2413793103448274,206.8965517241379,2663.1724137931033
9.740764403999492,12.852,2.0689655172413794,206.8965517241379,2659.0344827586205
9.750845712998853,12.872,2.0689655172413794,224.13793103448276,2885.103448275862
9.760926651999398,12.856,2.0689655172413794,224.13793103448276,2881.5172413793102
9.77100744299969,12.864,2.2413793103448274,206.8965517241379,2661.5172413793102
9.781088474999706,12.86,2.0689655172413794,206.8965517241379,2660.6896551724135
9.791168450999976,12.868,2.0689655172413794,224.13793103448276,2884.206896551724
9.801248705000035,12.852,2.0689655172413794,206.8965517241379,2659.0344827586205
9.811324311000135,12.872,2.0689655172413794,206.8965517241379,2663.1724137931033
9.821407897999961,12.852,2.0689655172413794,224.13793103448276,2880.6206896551726
9.831489300000612,12.872,2.2413793103448274,206.8965517241379,2663.1724137931033
9.84157203599898,12.856,2.0689655172413794,206.8965517241379,2659.8620689655168
9.851647233999756,12.868,2.0689655172413794,206.8965517241379,2662.3448275862065
9.861729710999498,12.852,2.0689655172413794,206.8965517241379,2659.0344827586205
9.871810038999683,12.868,2.0689655172413794,206.8965517241379,2662.3448275862065
9.881889885000419,12.856,2.0689655172413794,224.13793103448276,2881.5172413793102
9.89197056500052,12.872,2.0689655172413794,206.8965517241379,2663.1724137931033
9.9020504300006,12.856,2.0689655172413794,206.8965517241379,2659.8620689655168
9.912140258000363,12.868,2.0689655172413794,206.8965517241379,2662.3448275862065
9.922221679000359,12.852,2.2413793103448274,206.8965517241379,2659.0344827586205
9.932303043999127,12.868,2.0689655172413794,206.8965517241379,2662.3448275862065
9.942380242000581,12.852,2.0689655172413794,206.8965517241379,2659.0344827586205
9.952461143999244,12.864,2.0689655172413794,206.8965517241379,2661.5172413793102
9.962542195000424,12.856,2.0689655172413794,206.8965517241379,2659.8620689655168
9.972622966999552,12.86,2.0689655172413794,206.8965517241379,2660.6896551724135
9.982703055000457,12.856,2.0689655172413794,206.8965517241379,2659.8620689655168
9.992784104999373,12.864,2.0689655172413794,206.8965517241379,2661.5172413793102
10.002865618000214,12.86,2.0689655172413794,206.8965517241379,2660.6896551724135
10.01297250099924,12.868,2.0689655172413794,206.8965517241379,2662.3448275862065
10.023052643999108,12.852,2.0689655172413794,206.8965517241379,2659.0344827586205
10.03313365699978,12.868,2.0689655172413794,206.8965517241379,2662.3448275862065
10.043215077999776,12.856,2.0689655172413794,224.13793103448276,2881.5172413793102
10.053295498999432,12.868,2.0689655172413794,206.8965517241379,2662.3448275862065
10.06337493799947,12.852,2.0689655172413794,206.8965517241379,2659.0344827586205
10.07345735799936,12.868,2.0689655172413794,206.8965517241379,2662.3448275862065
10.083538556998974,12.852,2.0689655172413794,206.8965517241379,2659.0344827586205
10.09361958899899,12.868,2.0689655172413794,206.8965517241379,2662.3448275862065
10.10369908299981,12.86,2.0689655172413794,206.8965517241379,2660.6896551724135
10.113779503999467,12.868,2.0689655172413794,206.8965517241379,2662.3448275862065
10.123864350000076,12.86,2.0689655172413794,206.8965517241379,2660.6896551724135
10.133945882000262,12.868,2.0689655172413794,206.8965517241379,2662.3448275862065
10.144026117999601,12.856,2.0689655172413794,206.8965517241379,2659.8620689655168
10.15410711199911,12.864,2.0689655172413794,206.8965517241379,2661.5172413793102
10.164187791999211,12.856,2.0689655172413794,206.8965517241379,2659.8620689655168
10.17426826799965,12.86,2.0689655172413794,206.8965517241379,2660.6896551724135
10.184349596000175,12.86,2.0689655172413794,206.8965517241379,2660.6896551724135
10.194430442999874,12.86,2.0689655172413794,206.8965517241379,2660.6896551724135
10.204512012000123,12.86,2.0689655172413794,206.8965517241379,2660.6896551724135
10.214589672999864,12.86,2.0689655172413794,224.13793103448276,2882.4137931034484
10.224669241999436,12.856,2.0689655172413794,206.8965517241379,2659.8620689655168
10.23474671799886,12.868,2.0689655172413794,206.8965517241379,2662.3448275862065
10.24482474999968,12.856,2.2413793103448274,206.8965517241379,2659.8620689655168
10.254904670999167,12.868,2.0689655172413794,206.8965517241379,2662.3448275862065
10.264978572999098,12.856,2.0689655172413794,206.8965517241379,2659.8620689655168
10.27505571599977,12.868,2.0689655172413794,206.8965517241379,2662.3448275862065
10.285128489000272,12.856,2.2413793103448274,224.13793103448276,2881.5172413793102
10.295205205999082,12.864,2.0689655172413794,206.8965517241379,2661.5172413793102
10.30528545999914,12.864,2.0689655172413794,206.8965517241379,2661.5172413793102
10.315366454000468,12.864,2.0689655172413794,206.8965517241379,2661.5172413793102
10.325445745000252,12.856,2.0689655172413794,206.8965517241379,2659.8620689655168
10.335520165999696,12.868,2.2413793103448274,206.8965517241379,2662.3448275862065
10.345597661000284,12.856,2.0689655172413794,206.8965517241379,2659.8620689655168
10.355673599999136,12.864,2.0689655172413794,224.13793103448276,2883.3103448275865
10.365751354000167,12.86,2.0689655172413794,206.8965517241379,2660.6896551724135
10.375827607998872,12.864,2.0689655172413794,206.8965517241379,2661.5172413793102
10.385909509999692,12.86,2.0689655172413794,206.8965517241379,2660.6896551724135
10.39598641199882,12.86,2.0689655172413794,206.8965517241379,2660.6896551724135
10.406064647999301,12.864,2.0689655172413794,206.8965517241379,2661.5172413793102
10.416149643000608,12.86,2.0689655172413794,206.8965517241379,2660.6896551724135
10.426227730000392,12.86,2.0689655172413794,206.8965517241379,2660.6896551724135
10.436304168999413,12.864,2.0689655172413794,206.8965517241379,2661.5172413793102
10.446382107998943,12.86,2.0689655172413794,206.8965517241379,2660.6896551724135
10.456464287999552,12.864,2.0689655172413794,206.8965517241379,2661.5172413793102
10.46653907899963,12.86,2.0689655172413794,206.8965517241379,2660.6896551724135
10.476644017999206,12.864,2.0689655172413794,206.8965517241379,2661.5172413793102
10.486723567999434,12.856,2.2413793103448274,206.8965517241379,2659.8620689655168
10.496800674000042,12.864,2.0689655172413794,206.8965517241379,2661.5172413793102
10.50687816899881,12.864,2.0689655172413794,206.8965517241379,2661.5172413793102
10.51703436599928,12.86,2.2413793103448274,206.8965517241379,2660.6896551724135
10.527116064999063,12.868,2.0689655172413794,206.8965517241379,2662.3448275862065
10.537228429000606,12.86,2.0689655172413794,206.8965517241379,2660.6896551724135
10.547309256999142,12.868,2.0689655172413794,206.8965517241379,2662.3448275862065
10.557392474000153,12.864,2.0689655172413794,206.8965517241379,2661.5172413793102
10.567471987000317,12.872,2.0689655172413794,206.8965517241379,2663.1724137931033
10.577553982000609,12.856,2.2413793103448274,206.8965517241379,2659.8620689655168
10.587634272998912,12.864,2.0689655172413794,206.8965517241379,2661.5172413793102
10.597716267999203,12.856,2.0689655172413794,206.8965517241379,2659.8620689655168
10.607793429000594,12.864,2.0689655172413794,206.8965517241379,2661.5172413793102
10.617885941999702,12.856,2.0689655172413794,206.8965517241379,2659.8620689655168
10.62796271499974,12.868,2.0689655172413794,206.8965517241379,2662.3448275862065
10.63804037599948,12.86,2.2413793103448274,206.8965517241379,2660.6896551724135
10.648120075000406,12.872,2.0689655172413794,206.8965517241379,2663.1724137931033
10.658198736000486,12.864,2.0689655172413794,206.8965517241379,2661.5172413793102
10.668275452999296,12.86,2.0689655172413794,206.8965517241379,2660.6896551724135
10.678348633000496,12.86,2.0689655172413794,206.8965517241379,2660.6896551724135
10.688421812999877,12.856,2.0689655172413794,206.8965517241379,2659.8620689655168
10.698501011998815,12.86,2.0689655172413794,206.8965517241379,2660.6896551724135
10.708577228999275,12.864,2.0689655172413794,224.13793103448276,2883.3103448275865
10.718663370998911,12.864,2.0689655172413794,206.8965517241379,2661.5172413793102
10.728745809999964,12.868,2.0689655172413794,206.8965517241379,2662.3448275862065
10.73882660199888,12.86,2.0689655172413794,224.13793103448276,2882.4137931034484
10.748907447999954,12.872,2.0689655172413794,206.8965517241379,2663.1724137931033
10.758988776000479,12.86,2.0689655172413794,206.8965517241379,2660.6896551724135
10.769069511999987,12.872,2.0689655172413794,206.8965517241379,2663.1724137931033
10.779149894999136,12.856,2.0689655172413794,224.13793103448276,2881.5172413793102
10.789232834000359,12.864,2.0689655172413794,206.8965517241379,2661.5172413793102
10.799313180999889,12.856,2.0689655172413794,206.8965517241379,2659.8620689655168
10.809393563999038,12.864,2.2413793103448274,206.8965517241379,2661.5172413793102
10.81948244799969,12.86,2.0689655172413794,206.8965517241379,2660.6896551724135
10.829558850000467,12.872,2.0689655172413794,206.8965517241379,2663.1724137931033
10.839633937999679,12.86,2.0689655172413794,206.8965517241379,2660.6896551724135
10.849709414000245,12.872,2.0689655172413794,206.8965517241379,2663.1724137931033
10.859785815999203,12.856,2.0689655172413794,206.8965517241379,2659.8620689655168
10.86986414400053,12.868,2.0689655172413794,206.8965517241379,2662.3448275862065
10.879939454000123,12.86,2.0689655172413794,206.8965517241379,2660.6896551724135
10.890016874000139,12.86,2.0689655172413794,206.8965517241379,2660.6896551724135
10.900092646999838,12.86,2.0689655172413794,206.8965517241379,2660.6896551724135
10.91017038300015,12.864,2.0689655172413794,206.8965517241379,2661.5172413793102
10.92029170999922,12.856,2.0689655172413794,206.8965517241379,2659.8620689655168
10.93037288999949,12.868,2.0689655172413794,206.8965517241379,2662.3448275862065
10.94045419899885,12.856,2.0689655172413794,206.8965517241379,2659.8620689655168
10.950534861000051,12.872,2.0689655172413794,206.8965517241379,2663.1724137931033
10.960616021999158,12.856,2.0689655172413794,224.13793103448276,2881.5172413793102
10.970697053999174,12.872,2.0689655172413794,206.8965517241379,2663.1724137931033
10.980777566999677,12.852,2.0689655172413794,206.8965517241379,2659.0344827586205
10.990858654000476,12.876,2.0689655172413794,206.8965517241379,2663.9999999999995
11.000939964000281,12.848,2.0689655172413794,206.8965517241379,2658.206896551724
11.011020624999219,12.868,2.0689655172413794,206.8965517241379,2662.3448275862065
11.021111398000357,12.856,2.0689655172413794,206.8965517241379,2659.8620689655168
11.031185317999189,12.872,2.0689655172413794,224.13793103448276,2885.103448275862
11.041264145998866,12.86,2.0689655172413794,206.8965517241379,2660.6896551724135
11.051340177999009,12.876,2.0689655172413794,206.8965517241379,2663.9999999999995
11.061416042999554,12.852,2.0689655172413794,206.8965517241379,2659.0344827586205
11.071491759999844,12.876,2.0689655172413794,206.8965517241379,2663.9999999999995
11.08156881099967,12.856,2.2413793103448274,224.13793103448276,2881.5172413793102
11.091644342999643,12.868,2.0689655172413794,224.13793103448276,2884.206896551724
11.101721281998834,12.856,2.0689655172413794,206.8965517241379,2659.8620689655168
11.111796777000563,12.864,2.2413793103448274,206.8965517241379,2661.5172413793102
11.12188328999946,12.856,2.0689655172413794,206.8965517241379,2659.8620689655168
11.131965672999286,12.864,2.0689655172413794,206.8965517241379,2661.5172413793102
11.142046482998921,12.856,2.0689655172413794,206.8965517241379,2659.8620689655168
11.152129922000313,12.868,2.0689655172413794,224.13793103448276,2884.206896551724
11.162211491000562,12.852,2.0689655172413794,206.8965517241379,2659.0344827586205
11.172291947999838,12.872,2.0689655172413794,206.8965517241379,2663.1724137931033
11.182372998999199,12.852,2.0689655172413794,206.8965517241379,2659.0344827586205
11.192453659999956,12.876,2.0689655172413794,206.8965517241379,2663.9999999999995
11.202534895999634,12.844,2.0689655172413794,206.8965517241379,2657.379310344827
11.212615686999925,12.88,2.0689655172413794,224.13793103448276,2886.896551724138
11.222704088999308,12.852,2.0689655172413794,206.8965517241379,2659.0344827586205
11.23278123199998,12.868,2.0689655172413794,206.8965517241379,2662.3448275862065
11.242857540999466,12.852,2.0689655172413794,206.8965517241379,2659.0344827586205
11.25293451700054,12.872,2.0689655172413794,224.13793103448276,2885.103448275862
11.263009827000133,12.856,2.0689655172413794,206.8965517241379,2659.8620689655168
11.273085359000106,12.876,2.0689655172413794,206.8965517241379,2663.9999999999995
11.283162056999572,12.852,2.0689655172413794,206.8965517241379,2659.0344827586205
11.293240089000392,12.872,2.0689655172413794,224.13793103448276,2885.103448275862
11.30331626899897,12.852,2.0689655172413794,206.8965517241379,2659.0344827586205
11.313394134000191,12.864,2.0689655172413794,206.8965517241379,2661.5172413793102
11.323478980999425,12.856,2.0689655172413794,206.8965517241379,2659.8620689655168
11.333560179000415,12.872,2.0689655172413794,206.8965517241379,2663.1724137931033
11.343640822000452,12.852,2.0689655172413794,206.8965517241379,2659.0344827586205
11.353721186998882,12.868,2.0689655172413794,206.8965517241379,2662.3448275862065
11.363802125999428,12.852,2.0689655172413794,206.8965517241379,2659.0344827586205
11.373884287999317,12.876,2.0689655172413794,206.8965517241379,2663.9999999999995
11.383960764000221,12.852,2.0689655172413794,224.13793103448276,2880.6206896551726
11.394040703000428,12.876,2.0689655172413794,206.8965517241379,2663.9999999999995
11.404121567999027,12.844,2.2413793103448274,206.8965517241379,2657.379310344827
11.414201821999086,12.88,2.0689655172413794,224.13793103448276,2886.896551724138
11.424291723998977,12.848,2.0689655172413794,206.8965517241379,2658.206896551724
11.434372108000389,12.876,2.0689655172413794,206.8965517241379,2663.9999999999995
11.444452047000595,12.852,2.0689655172413794,206.8965517241379,2659.0344827586205
11.454532079000273,12.872,2.0689655172413794,206.8965517241379,2663.1724137931033
11.464612498999486,12.852,2.2413793103448274,206.8965517241379,2659.0344827586205
11.47472423399995,12.872,2.0689655172413794,206.8965517241379,2663.1724137931033
11.484811709999121,12.852,2.0689655172413794,206.8965517241379,2659.0344827586205
11.494892835000428,12.872,2.0689655172413794,206.8965517241379,2663.1724137931033
11.504974180999852,12.848,2.0689655172413794,206.8965517241379,2658.206896551724
11.515055601999848,12.876,2.0689655172413794,206.8965517241379,2663.9999999999995
11.525177817999065,12.848,2.0689655172413794,206.8965517241379,2658.206896551724
11.53525984999942,12.876,2.0689655172413794,206.8965517241379,2663.9999999999995
11.545338714999161,12.88,2.0689655172413794,206.8965517241379,2664.8275862068963
11.555420246999347,12.896,2.0689655172413794,206.8965517241379,2668.137931034483
11.565503351999723,12.872,2.0689655172413794,206.8965517241379,2663.1724137931033
11.575584624999465,12.884,2.0689655172413794,206.8965517241379,2665.655172413793
11.585667785999249,12.864,2.0689655172413794,206.8965517241379,2661.5172413793102
11.595748911000555,12.888,1.8965517241379308,206.8965517241379,2666.4827586206893
11.60582651599907,12.864,2.0689655172413794,206.8965517241379,2661.5172413793102
11.615908640998896,12.888,1.8965517241379308,189.65517241379308,2444.275862068965
11.625986654000371,12.864,2.0689655172413794,206.8965517241379,2661.5172413793102
11.636065611999584,12.888,1.8965517241379308,206.8965517241379,2666.4827586206893
11.646143050998944,12.872,2.0689655172413794,206.8965517241379,2663.1724137931033
11.65621995299989,12.88,2.0689655172413794,189.65517241379308,2442.758620689655
11.66629839199959,12.876,2.0689655172413794,189.65517241379308,2441.9999999999995
11.676376645998971,12.852,2.0689655172413794,206.8965517241379,2659.0344827586205
11.686454122998839,12.852,2.0689655172413794,224.13793103448276,2880.6206896551726
11.69653078400006,12.864,2.0689655172413794,206.8965517241379,2661.5172413793102
11.706607853000605,12.86,2.0689655172413794,206.8965517241379,2660.6896551724135
11.716680162999182,12.868,2.0689655172413794,206.8965517241379,2662.3448275862065
11.726769491000596,12.86,2.0689655172413794,206.8965517241379,2660.6896551724135
11.736846226000125,12.872,2.0689655172413794,206.8965517241379,2663.1724137931033
11.74692235099974,12.86,2.0689655172413794,206.8965517241379,2660.6896551724135
11.756999974999417,12.868,2.0689655172413794,206.8965517241379,2662.3448275862065
11.767076599000575,12.856,2.0689655172413794,206.8965517241379,2659.8620689655168
11.777153093999004,12.868,2.0689655172413794,206.8965517241379,2662.3448275862065
11.787232995999148,12.852,2.0689655172413794,206.8965517241379,2659.0344827586205
11.79730467599984,12.872,2.0689655172413794,206.8965517241379,2663.1724137931033
11.807380578999073,12.856,2.0689655172413794,206.8965517241379,2659.8620689655168
11.81746003599983,12.876,2.0689655172413794,206.8965517241379,2663.9999999999995
11.82756217899987,12.852,2.0689655172413794,206.8965517241379,2659.0344827586205
11.837638265998976,12.872,2.0689655172413794,206.8965517241379,2663.1724137931033
11.847710464999182,12.856,2.0689655172413794,206.8965517241379,2659.8620689655168
11.857789145000424,12.868,2.0689655172413794,206.8965517241379,2662.3448275862065
11.86786523199953,12.856,2.0689655172413794,206.8965517241379,2659.8620689655168
11.877937764000308,12.868,2.0689655172413794,206.8965517241379,2662.3448275862065
11.888014721998843,12.856,2.0689655172413794,206.8965517241379,2659.8620689655168
11.89808725399962,12.868,2.0689655172413794,224.13793103448276,2884.206896551724
11.908164025999213,12.856,2.2413793103448274,206.8965517241379,2659.8620689655168
11.918242558000202,12.868,2.0689655172413794,206.8965517241379,2662.3448275862065
11.928327477999119,12.852,2.0689655172413794,206.8965517241379,2659.0344827586205
11.938405954999325,12.872,2.0689655172413794,206.8965517241379,2663.1724137931033
11.948482023999532,12.856,2.0689655172413794,224.13793103448276,2881.5172413793102
11.95855903699885,12.868,2.0689655172413794,206.8965517241379,2662.3448275862065
11.968635698000071,12.856,2.0689655172413794,206.8965517241379,2659.8620689655168
11.978712156000256,12.868,2.0689655172413794,206.8965517241379,2662.3448275862065
11.988788335998834,12.856,2.0689655172413794,206.8965517241379,2659.8620689655168
11.998865089999526,12.872,2.0689655172413794,206.8965517241379,2663.1724137931033
12.00894012199933,12.852,2.2413793103448274,224.13793103448276,2880.6206896551726
12.01901745000032,12.872,2.0689655172413794,206.8965517241379,2663.1724137931033
12.029102667000188,12.848,2.0689655172413794,206.8965517241379,2658.206896551724
12.039179383998999,12.876,2.0689655172413794,224.13793103448276,2886.0
12.04925691599965,12.852,2.0689655172413794,206.8965517241379,2659.0344827586205
12.059328336999897,12.872,2.0689655172413794,206.8965517241379,2663.1724137931033
12.069406831000379,12.852,2.0689655172413794,206.8965517241379,2659.0344827586205
12.079483510999125,12.868,2.0689655172413794,206.8965517241379,2662.3448275862065
12.089561542999945,12.856,2.0689655172413794,206.8965517241379,2659.8620689655168
12.099637629999052,12.872,2.0689655172413794,206.8965517241379,2663.1724137931033
12.109715810000125,12.856,2.0689655172413794,206.8965517241379,2659.8620689655168
12.119792305000374,12.868,2.0689655172413794,206.8965517241379,2662.3448275862065
12.129878280999037,12.852,2.0689655172413794,206.8965517241379,2659.0344827586205
12.139961368999138,12.872,2.0689655172413794,224.13793103448276,2885.103448275862
12.150042678000318,12.852,2.0689655172413794,206.8965517241379,2659.0344827586205
12.160123395000483,12.876,2.0689655172413794,206.8965517241379,2663.9999999999995
12.17020383399904,12.852,2.0689655172413794,206.8965517241379,2659.0344827586205
12.180284218000452,12.876,2.0689655172413794,206.8965517241379,2663.9999999999995
12.190365638000003,12.852,2.2413793103448274,206.8965517241379,2659.0344827586205
12.2004466519993,12.872,2.0689655172413794,206.8965517241379,2663.1724137931033
12.21052725699883,12.848,2.0689655172413794,206.8965517241379,2658.206896551724
12.220607752000433,12.872,2.0689655172413794,206.8965517241379,2663.1724137931033
12.23069893200045,12.848,2.2413793103448274,206.8965517241379,2658.206896551724
12.240777000999515,12.88,2.0689655172413794,206.8965517241379,2664.8275862068963
12.25085408799896,12.848,2.0689655172413794,206.8965517241379,2658.206896551724
12.260936915999991,12.88,2.0689655172413794,206.8965517241379,2664.8275862068963
12.271011003998865,12.852,2.0689655172413794,206.8965517241379,2659.0344827586205
12.281084406000446,12.872,2.0689655172413794,224.13793103448276,2885.103448275862
12.291161511999235,12.852,2.2413793103448274,206.8965517241379,2659.0344827586205
12.301239635999082,12.876,2.0689655172413794,224.13793103448276,2886.0
12.311316667999563,12.852,2.0689655172413794,206.8965517241379,2659.0344827586205
12.321395236998796,12.868,2.2413793103448274,206.8965517241379,2662.3448275862065
12.331494841999302,12.852,2.0689655172413794,206.8965517241379,2659.0344827586205
12.341568947998894,12.876,2.0689655172413794,206.8965517241379,2663.9999999999995
12.351644460999523,12.852,2.0689655172413794,206.8965517241379,2659.0344827586205
12.36172306699882,12.88,2.0689655172413794,206.8965517241379,2664.8275862068963
12.37179967299926,12.852,2.0689655172413794,206.8965517241379,2659.0344827586205
12.381875778999529,12.876,2.0689655172413794,206.8965517241379,2663.9999999999995
12.391953477999778,12.852,2.0689655172413794,206.8965517241379,2659.0344827586205
12.402031546000217,12.872,2.0689655172413794,206.8965517241379,2663.1724137931033
12.412107707999894,12.848,2.0689655172413794,206.8965517241379,2658.206896551724
12.422186739999233,12.876,2.0689655172413794,224.13793103448276,2886.0
12.43227203099923,12.848,2.2413793103448274,206.8965517241379,2658.206896551724
12.442354396000155,12.876,2.0689655172413794,206.8965517241379,2663.9999999999995
12.452435613000489,12.848,2.0689655172413794,206.8965517241379,2658.206896551724
12.462522681000337,12.88,2.2413793103448274,206.8965517241379,2664.8275862068963
12.472599954000543,12.848,2.0689655172413794,224.13793103448276,2879.724137931035
12.482683189000454,12.88,2.0689655172413794,206.8965517241379,2664.8275862068963
12.492760646999159,12.848,2.0689655172413794,224.13793103448276,2879.724137931035
12.502841956998964,12.88,2.0689655172413794,206.8965517241379,2664.8275862068963
12.512923432999742,12.852,2.0689655172413794,206.8965517241379,2659.0344827586205
12.523004778999166,12.872,2.0689655172413794,206.8965517241379,2663.1724137931033
12.533174142999997,12.852,2.0689655172413794,206.8965517241379,2659.0344827586205
12.543251101000351,12.872,2.2413793103448274,206.8965517241379,2663.1724137931033
12.553329688000304,12.852,2.0689655172413794,206.8965517241379,2659.0344827586205
12.563406052999198,12.904,2.0689655172413794,189.65517241379308,2447.310344827586
12.573484325999743,12.876,1.8965517241379308,189.65517241379308,2441.9999999999995
12.583560765000584,12.896,1.8965517241379308,189.65517241379308,2445.793103448276
12.593638500000452,12.864,2.0689655172413794,206.8965517241379,2661.5172413793102
12.603719810000257,12.892,2.0689655172413794,189.65517241379308,2445.0344827586205
12.613793360000273,12.864,2.0689655172413794,206.8965517241379,2661.5172413793102
12.62387002200012,12.884,2.0689655172413794,206.8965517241379,2665.655172413793
12.633957775999079,12.86,2.0689655172413794,206.8965517241379,2660.6896551724135
12.644034289000047,12.884,2.0689655172413794,189.65517241379308,2443.5172413793102
12.654114042999936,12.868,2.0689655172413794,206.8965517241379,2662.3448275862065
12.664190501000121,12.888,2.0689655172413794,189.65517241379308,2444.275862068965
12.674268662000031,12.868,2.0689655172413794,206.8965517241379,2662.3448275862065
12.684342693999497,12.876,1.8965517241379308,206.8965517241379,2663.9999999999995
12.694421521999175,12.84,2.0689655172413794,206.8965517241379,2656.5517241379307
12.704503349999868,12.872,2.0689655172413794,206.8965517241379,2663.1724137931033
12.714577177999672,12.852,2.2413793103448274,206.8965517241379,2659.0344827586205
12.724654376999752,12.864,2.2413793103448274,224.13793103448276,2883.3103448275865
12.734755352999855,12.852,2.0689655172413794,206.8965517241379,2659.0344827586205
12.744831865999004,12.864,2.0689655172413794,206.8965517241379,2661.5172413793102
12.754907952999929,12.852,2.0689655172413794,206.8965517241379,2659.0344827586205
12.764984114999606,12.872,2.0689655172413794,206.8965517241379,2663.1724137931033
12.775059960998988,12.856,2.0689655172413794,206.8965517241379,2659.8620689655168
12.785136214999511,12.876,2.0689655172413794,206.8965517241379,2663.9999999999995
12.795211431999633,12.852,2.0689655172413794,206.8965517241379,2659.0344827586205
12.80529063100039,12.876,1.8965517241379308,206.8965517241379,2663.9999999999995
12.815367217999665,12.852,2.0689655172413794,206.8965517241379,2659.0344827586205
12.8254456020004,12.872,2.0689655172413794,206.8965517241379,2663.1724137931033
12.83558183599962,12.848,2.0689655172413794,206.8965517241379,2658.206896551724
12.84565864599972,12.88,2.0689655172413794,206.8965517241379,2664.8275862068963
12.855740306998996,12.848,2.0689655172413794,206.8965517241379,2658.206896551724
12.865822671999922,12.872,2.0689655172413794,206.8965517241379,2663.1724137931033
12.875898907999726,12.852,2.0689655172413794,224.13793103448276,2880.6206896551726
12.885979810000208,12.872,2.0689655172413794,206.8965517241379,2663.1724137931033
12.896060156999738,12.852,2.0689655172413794,206.8965517241379,2659.0344827586205
12.906140373999733,12.88,2.0689655172413794,206.8965517241379,2664.8275862068963
12.916221145998861,12.848,2.0689655172413794,206.8965517241379,2658.206896551724
12.926302677999047,12.872,2.0689655172413794,206.8965517241379,2663.1724137931033
12.936394653999741,12.852,2.0689655172413794,206.8965517241379,2659.0344827586205
12.946471740999186,12.864,2.0689655172413794,206.8965517241379,2661.5172413793102
12.956548161999308,12.852,2.0689655172413794,206.8965517241379,2659.0344827586205
12.96662410099998,12.872,2.0689655172413794,206.8965517241379,2663.1724137931033
12.976700244000313,12.852,2.0689655172413794,206.8965517241379,2659.0344827586205
12.986776719999398,12.876,2.0689655172413794,206.8965517241379,2663.9999999999995
12.996853344999181,12.852,2.0689655172413794,206.8965517241379,2659.0344827586205
13.006929098999535,12.88,2.0689655172413794,206.8965517241379,2664.8275862068963
13.01700566799991,12.848,2.0689655172413794,206.8965517241379,2658.206896551724
13.02708190299927,12.88,2.0689655172413794,224.13793103448276,2886.896551724138
13.037166527999943,12.844,2.0689655172413794,224.13793103448276,2878.8275862068963
13.047247299999071,12.88,2.0689655172413794,206.8965517241379,2664.8275862068963
13.057329627999934,12.848,2.2413793103448274,206.8965517241379,2658.206896551724
13.0674101780005,12.876,2.0689655172413794,206.8965517241379,2663.9999999999995
13.077492931999586,12.852,2.0689655172413794,206.8965517241379,2659.0344827586205
13.087572759999603,12.876,2.0689655172413794,206.8965517241379,2663.9999999999995
13.097655310999471,12.852,2.0689655172413794,189.65517241379308,2437.448275862069
13.10773569400044,12.876,2.0689655172413794,206.8965517241379,2663.9999999999995
13.117817095999271,12.848,2.0689655172413794,206.8965517241379,2658.206896551724
13.127896997999414,12.876,2.0689655172413794,206.8965517241379,2663.9999999999995
13.137972992999494,12.848,2.2413793103448274,206.8965517241379,2658.206896551724
13.148062283999025,12.876,2.2413793103448274,206.8965517241379,2663.9999999999995
13.158143963999464,12.848,2.0689655172413794,206.8965517241379,2658.206896551724
13.168225440000242,12.88,2.0689655172413794,224.13793103448276,2886.896551724138
13.178306435000195,12.852,2.0689655172413794,206.8965517241379,2659.0344827586205
13.188387206999323,12.876,2.0689655172413794,206.8965517241379,2663.9999999999995
13.198467497999445,12.852,2.0689655172413794,224.13793103448276,2880.6206896551726
13.208547788999567,12.876,2.0689655172413794,206.8965517241379,2663.9999999999995
13.218628413998886,12.848,2.0689655172413794,206.8965517241379,2658.206896551724
13.228709574999812,12.88,2.0689655172413794,206.8965517241379,2664.8275862068963
13.238790403000166,12.84,2.0689655172413794,206.8965517241379,2656.5517241379307
13.248865861000013,12.88,2.2413793103448274,206.8965517241379,2664.8275862068963
13.25894205899931,12.848,2.2413793103448274,206.8965517241379,2658.206896551724
13.269018127999516,12.876,2.0689655172413794,206.8965517241379,2663.9999999999995
13.279093455999828,12.848,2.0689655172413794,206.8965517241379,2658.206896551724
13.289168413999505,12.876,2.0689655172413794,206.8965517241379,2663.9999999999995
13.299243612998907,12.848,2.0689655172413794,224.13793103448276,2879.724137931035
13.309318866999092,12.88,2.0689655172413794,224.13793103448276,2886.896551724138
13.319394268999531,12.848,2.2413793103448274,206.8965517241379,2658.206896551724
13.329469115999018,12.876,2.0689655172413794,206.8965517241379,2663.9999999999995
13.339542147999964,12.844,2.0689655172413794,206.8965517241379,2657.379310344827
13.349625290000404,12.876,2.0689655172413794,206.8965517241379,2663.9999999999995
13.35970619299951,12.848,1.8965517241379308,206.8965517241379,2658.206896551724
13.369786760998977,12.88,2.2413793103448274,206.8965517241379,2664.8275862068963
13.379867829999057,12.848,2.0689655172413794,206.8965517241379,2658.206896551724
13.38994871399882,12.876,2.0689655172413794,206.8965517241379,2663.9999999999995
13.400029578999238,12.848,2.0689655172413794,206.8965517241379,2658.206896551724
13.41010986999936,12.876,2.0689655172413794,206.8965517241379,2663.9999999999995
13.420190364999144,12.848,2.0689655172413794,206.8965517241379,2658.206896551724
13.430267321999054,12.88,2.0689655172413794,206.8965517241379,2664.8275862068963
13.440347890998964,12.844,2.0689655172413794,224.13793103448276,2878.8275862068963
13.450426440998854,12.88,2.0689655172413794,206.8965517241379,2664.8275862068963
13.460503361999145,12.844,2.0689655172413794,206.8965517241379,2657.379310344827
13.470579541999541,12.88,2.0689655172413794,206.8965517241379,2664.8275862068963
13.480665406999833,12.844,2.0689655172413794,206.8965517241379,2657.379310344827
13.490745660999892,12.876,2.0689655172413794,206.8965517241379,2663.9999999999995
13.500823082000352,12.848,2.0689655172413794,206.8965517241379,2658.206896551724
13.510899631999564,12.88,2.0689655172413794,224.13793103448276,2886.896551724138
13.520975497000109,12.848,2.0689655172413794,206.8965517241379,2658.206896551724
13.53105202900042,12.88,2.0689655172413794,206.8965517241379,2664.8275862068963
13.54123274399899,12.848,2.0689655172413794,206.8965517241379,2658.206896551724
13.55131522100055,12.876,2.0689655172413794,206.8965517241379,2663.9999999999995
13.561398436999298,12.848,2.0689655172413794,206.8965517241379,2658.206896551724
13.571480024998891,12.88,2.0689655172413794,206.8965517241379,2664.8275862068963
13.581563518999246,12.844,2.0689655172413794,224.13793103448276,2878.8275862068963
13.591644328998882,12.88,2.0689655172413794,206.8965517241379,2664.8275862068963
13.601719971999046,12.848,2.0689655172413794,206.8965517241379,2658.206896551724
13.611794467000436,12.876,2.0689655172413794,206.8965517241379,2663.9999999999995
13.62187740599984,12.848,2.0689655172413794,206.8965517241379,2658.206896551724
13.631958399999348,12.876,2.0689655172413794,206.8965517241379,2663.9999999999995
13.642035468999893,12.844,2.0689655172413794,224.13793103448276,2878.8275862068963
13.652113408999867,12.88,2.2413793103448274,206.8965517241379,2664.8275862068963
13.662191847999566,12.84,2.0689655172413794,206.8965517241379,2656.5517241379307
13.672268398000597,12.884,2.0689655172413794,206.8965517241379,2665.655172413793
13.682340392999322,12.844,2.2413793103448274,206.8965517241379,2657.379310344827
13.692417184000078,12.88,2.0689655172413794,206.8965517241379,2664.8275862068963
13.702495215999079,12.848,2.0689655172413794,206.8965517241379,2658.206896551724
13.712571358999412,12.88,2.0689655172413794,206.8965517241379,2664.8275862068963
13.722647390999555,12.848,2.0689655172413794,206.8965517241379,2658.206896551724
13.732723830000396,12.876,2.0689655172413794,206.8965517241379,2663.9999999999995
13.74280951000037,12.848,2.2413793103448274,224.13793103448276,2879.724137931035
13.752890911999202,12.872,2.0689655172413794,206.8965517241379,2663.1724137931033
13.762972110000192,12.852,2.2413793103448274,206.8965517241379,2659.0344827586205
13.77305275300023,12.88,2.0689655172413794,206.8965517241379,2664.8275862068963
13.783133562999865,12.844,1.8965517241379308,206.8965517241379,2657.379310344827
13.793231186999037,12.876,2.0689655172413794,206.8965517241379,2663.9999999999995
13.803311236999434,12.848,2.0689655172413794,206.8965517241379,2658.206896551724
13.813391805999345,12.876,2.0689655172413794,206.8965517241379,2663.9999999999995
13.82347104099972,12.848,2.0689655172413794,224.13793103448276,2879.724137931035
13.833553851000033,12.88,2.0689655172413794,206.8965517241379,2664.8275862068963
13.843645679000474,12.848,2.0689655172413794,206.8965517241379,2658.206896551724
13.853728580999814,12.876,2.0689655172413794,189.65517241379308,2441.9999999999995
13.863809557000423,12.848,2.0689655172413794,206.8965517241379,2658.206896551724
13.873892125999191,12.88,2.0689655172413794,189.65517241379308,2442.758620689655
13.88397250900016,12.844,2.0689655172413794,206.8965517241379,2657.379310344827
13.894053281999732,12.88,2.0689655172413794,206.8965517241379,2664.8275862068963
13.90413425800034,12.844,2.0689655172413794,206.8965517241379,2657.379310344827
13.914215253000293,12.88,2.0689655172413794,206.8965517241379,2664.8275862068963
13.92429652499959,12.848,2.0689655172413794,224.13793103448276,2879.724137931035
13.93437761200039,12.876,2.0689655172413794,206.8965517241379,2663.9999999999995
13.944480828999076,12.848,2.0689655172413794,206.8965517241379,2658.206896551724
13.954561526999896,12.872,2.0689655172413794,224.13793103448276,2885.103448275862
13.964642540999193,12.852,2.0689655172413794,206.8965517241379,2659.0344827586205
13.974721812999633,12.872,2.0689655172413794,206.8965517241379,2663.1724137931033
13.984801512000558,12.852,2.2413793103448274,206.8965517241379,2659.0344827586205
13.99488254300013,12.88,2.2413793103448274,206.8965517241379,2664.8275862068963
14.004963927000063,12.848,2.0689655172413794,206.8965517241379,2658.206896551724
14.015043698998852,12.88,2.0689655172413794,206.8965517241379,2664.8275862068963
14.025125009000476,12.848,2.0689655172413794,206.8965517241379,2658.206896551724
14.035205984999266,12.876,2.0689655172413794,206.8965517241379,2663.9999999999995
14.045311591000427,12.844,2.0689655172413794,224.13793103448276,2878.8275862068963
14.055392584999936,12.876,2.0689655172413794,206.8965517241379,2663.9999999999995
14.065475097999297,12.848,2.0689655172413794,206.8965517241379,2658.206896551724
14.07555596400016,12.876,2.0689655172413794,206.8965517241379,2663.9999999999995
14.08563849500024,12.848,2.0689655172413794,224.13793103448276,2879.724137931035
14.095719582999664,12.876,2.0689655172413794,206.8965517241379,2663.9999999999995
14.105800724999426,12.848,2.2413793103448274,206.8965517241379,2658.206896551724
14.115881628000352,12.88,2.0689655172413794,206.8965517241379,2664.8275862068963
14.12596251099967,12.844,2.0689655172413794,206.8965517241379,2657.379310344827
14.136042912999983,12.876,2.0689655172413794,224.13793103448276,2886.0
14.14614866699958,12.848,2.0689655172413794,206.8965517241379,2658.206896551724
14.156233050000083,12.872,2.0689655172413794,206.8965517241379,2663.1724137931033
14.166314434000014,12.852,2.0689655172413794,224.13793103448276,2880.6206896551726
14.17639670599965,12.872,2.0689655172413794,206.8965517241379,2663.1724137931033
14.18647777499973,12.852,2.0689655172413794,224.13793103448276,2880.6206896551726
14.196558436999112,12.876,2.0689655172413794,206.8965517241379,2663.9999999999995
14.206639042000461,12.852,2.0689655172413794,224.13793103448276,2880.6206896551726
14.216719740999906,12.876,2.0689655172413794,206.8965517241379,2663.9999999999995
14.22680097599914,12.848,2.0689655172413794,206.8965517241379,2658.206896551724
14.236881007998818,12.876,2.0689655172413794,206.8965517241379,2663.9999999999995
14.246973261999301,12.844,2.0689655172413794,206.8965517241379,2657.379310344827
14.257050627000353,12.876,2.0689655172413794,206.8965517241379,2663.9999999999995
14.267126750999523,12.848,2.0689655172413794,206.8965517241379,2658.206896551724
14.277229764000367,12.876,2.0689655172413794,206.8965517241379,2663.9999999999995
14.287306480999177,12.848,2.2413793103448274,206.8965517241379,2658.206896551724
14.297384587000124,12.872,2.0689655172413794,206.8965517241379,2663.1724137931033
14.307460914998956,12.848,2.0689655172413794,206.8965517241379,2658.206896551724
14.317537576998802,12.876,2.0689655172413794,206.8965517241379,2663.9999999999995
14.327612737999516,12.848,2.0689655172413794,206.8965517241379,2658.206896551724
14.337688214000082,12.88,2.0689655172413794,206.8965517241379,2664.8275862068963
14.3477727089994,12.848,2.0689655172413794,206.8965517241379,2658.206896551724
14.357856945000094,12.868,2.0689655172413794,224.13793103448276,2884.206896551724
14.367938236000555,12.848,2.0689655172413794,206.8965517241379,2658.206896551724
14.378018637999048,12.872,2.0689655172413794,206.8965517241379,2663.1724137931033
14.388099836000038,12.852,2.2413793103448274,206.8965517241379,2659.0344827586205
14.398180293999758,12.872,2.0689655172413794,206.8965517241379,2663.1724137931033
14.408261065998886,12.856,2.0689655172413794,206.8965517241379,2659.8620689655168
14.418341930999304,12.872,2.0689655172413794,206.8965517241379,2663.1724137931033
14.428422758999659,12.856,2.0689655172413794,206.8965517241379,2659.8620689655168
14.43850369899883,12.876,2.0689655172413794,206.8965517241379,2663.9999999999995
14.448593451999841,12.848,2.2413793103448274,224.13793103448276,2879.724137931035
14.45867031799935,12.876,2.0689655172413794,206.8965517241379,2663.9999999999995
14.46875029399962,12.844,2.2413793103448274,206.8965517241379,2657.379310344827
14.478842159000124,12.876,2.0689655172413794,224.13793103448276,2886.0
14.488925690000542,12.852,2.2413793103448274,224.13793103448276,2880.6206896551726
14.499007463000453,12.872,2.0689655172413794,206.8965517241379,2663.1724137931033
14.509088216998862,12.852,2.0689655172413794,206.8965517241379,2659.0344827586205
14.519169674000295,12.872,2.0689655172413794,206.8965517241379,2663.1724137931033
14.529252131998874,12.856,2.0689655172413794,206.8965517241379,2659.8620689655168
14.539332848999038,12.872,2.0689655172413794,206.8965517241379,2663.1724137931033
14.549501786999826,12.86,2.0689655172413794,206.8965517241379,2660.6896551724135
14.559579058999589,12.868,2.0689655172413794,206.8965517241379,2662.3448275862065
14.569658442998843,12.852,2.0689655172413794,206.8965517241379,2659.0344827586205
14.579735770999832,12.868,2.0689655172413794,224.13793103448276,2884.206896551724
14.58981217300061,12.856,2.0689655172413794,206.8965517241379,2659.8620689655168
14.599888926999483,12.868,2.0689655172413794,224.13793103448276,2884.206896551724
14.609965051999097,12.856,2.0689655172413794,206.8965517241379,2659.8620689655168
14.620041602000128,12.872,2.0689655172413794,206.8965517241379,2663.1724137931033
14.630119392999404,12.86,2.0689655172413794,206.8965517241379,2660.6896551724135
14.640195795000182,12.872,2.0689655172413794,206.8965517241379,2663.1724137931033
14.65033128899995,12.852,2.0689655172413794,206.8965517241379,2659.0344827586205
14.660413247000179,12.872,2.0689655172413794,206.8965517241379,2663.1724137931033
14.670495092999772,12.844,2.0689655172413794,206.8965517241379,2657.379310344827
14.680575569000212,12.876,2.0689655172413794,206.8965517241379,2663.9999999999995
14.690656434999255,12.848,2.0689655172413794,206.8965517241379,2658.206896551724
14.700737187999039,12.872,2.0689655172413794,206.8965517241379,2663.1724137931033
14.710818165000092,12.852,2.0689655172413794,206.8965517241379,2659.0344827586205
14.72089891900032,12.872,2.0689655172413794,206.8965517241379,2663.1724137931033
14.730979412999659,12.86,2.0689655172413794,224.13793103448276,2882.4137931034484
14.741060111999104,12.868,2.0689655172413794,206.8965517241379,2662.3448275862065
14.751149957999587,12.86,2.2413793103448274,206.8965517241379,2660.6896551724135
14.761232693999773,12.864,2.0689655172413794,206.8965517241379,2661.5172413793102
14.771313559000191,12.86,2.0689655172413794,206.8965517241379,2660.6896551724135
14.781395701998918,12.864,2.0689655172413794,224.13793103448276,2883.3103448275865
14.79147551099959,12.852,2.0689655172413794,206.8965517241379,2659.0344827586205
14.801558154000304,12.868,2.0689655172413794,224.13793103448276,2884.206896551724
14.81163857499996,12.856,2.0689655172413794,206.8965517241379,2659.8620689655168
14.821718477000104,12.868,2.0689655172413794,206.8965517241379,2662.3448275862065
14.831799120000142,12.86,2.0689655172413794,206.8965517241379,2660.6896551724135
14.841879911000433,12.868,2.0689655172413794,206.8965517241379,2662.3448275862065
14.85198470099931,12.86,2.2413793103448274,206.8965517241379,2660.6896551724135
14.862065936998988,12.868,2.0689655172413794,206.8965517241379,2662.3448275862065
14.87214706099985,12.856,2.0689655172413794,206.8965517241379,2659.8620689655168
14.882228332999148,12.872,2.0689655172413794,224.13793103448276,2885.103448275862
14.89230912399944,12.852,2.0689655172413794,206.8965517241379,2659.0344827586205
14.902390007999202,12.868,2.0689655172413794,206.8965517241379,2662.3448275862065
14.912470909999683,12.852,2.0689655172413794,206.8965517241379,2659.0344827586205
14.922551571999065,12.868,2.0689655172413794,206.8965517241379,2662.3448275862065
14.932632584999737,12.856,2.0689655172413794,206.8965517241379,2659.8620689655168
14.942713079999521,12.868,2.0689655172413794,206.8965517241379,2662.3448275862065
14.952817351999329,12.86,2.0689655172413794,206.8965517241379,2660.6896551724135
14.96289827200053,12.864,2.0689655172413794,224.13793103448276,2883.3103448275865
14.972974025999065,12.86,1.8965517241379308,206.8965517241379,2660.6896551724135
14.983054890999483,12.86,2.2413793103448274,206.8965517241379,2660.6896551724135
14.993139996999162,12.864,2.0689655172413794,206.8965517241379,2661.5172413793102
15.00322217699977,12.868,2.0689655172413794,206.8965517241379,2662.3448275862065
15.013303949999681,12.856,2.0689655172413794,206.8965517241379,2659.8620689655168
15.023384537000311,12.864,2.0689655172413794,206.8965517241379,2661.5172413793102
15.033467883000412,12.86,2.0689655172413794,206.8965517241379,2660.6896551724135
15.043549693000386,12.864,2.0689655172413794,206.8965517241379,2661.5172413793102
15.053645353998945,12.86,2.0689655172413794,206.8965517241379,2660.6896551724135
15.063719366999067,12.868,2.0689655172413794,206.8965517241379,2662.3448275862065
15.073798954999802,12.856,2.0689655172413794,206.8965517241379,2659.8620689655168
15.083875652999268,12.864,2.0689655172413794,206.8965517241379,2661.5172413793102
15.09395218499958,12.852,2.2413793103448274,206.8965517241379,2659.0344827586205
15.104027864999807,12.868,2.0689655172413794,206.8965517241379,2662.3448275862065
15.114106581999295,12.856,2.2413793103448274,206.8965517241379,2659.8620689655168
15.124183447000178,12.868,2.0689655172413794,206.8965517241379,2662.3448275862065
15.1342598859992,12.86,2.0689655172413794,206.8965517241379,2660.6896551724135
15.14433619599913,12.868,2.0689655172413794,206.8965517241379,2662.3448275862065
15.154423615998894,12.864,2.0689655172413794,206.8965517241379,2661.5172413793102
15.164508425999884,12.868,2.0689655172413794,206.8965517241379,2662.3448275862065
15.174589660999118,12.864,2.0689655172413794,206.8965517241379,2661.5172413793102
15.1846705629996,12.856,2.0689655172413794,206.8965517241379,2659.8620689655168
15.194751909999468,12.864,1.8965517241379308,206.8965517241379,2661.5172413793102
15.204832719999104,12.864,2.2413793103448274,206.8965517241379,2661.5172413793102
15.214912954999818,12.86,2.2413793103448274,206.8965517241379,2660.6896551724135
15.224994005000553,12.864,2.0689655172413794,206.8965517241379,2661.5172413793102
15.235075167000105,12.856,2.0689655172413794,206.8965517241379,2659.8620689655168
15.245156032000523,12.864,1.8965517241379308,206.8965517241379,2661.5172413793102
15.255243433999567,12.86,2.0689655172413794,206.8965517241379,2660.6896551724135
15.2653195949988,12.864,2.2413793103448274,206.8965517241379,2661.5172413793102
15.275395145999937,12.856,2.0689655172413794,206.8965517241379,2659.8620689655168
15.285472121999192,12.864,2.2413793103448274,224.13793103448276,2883.3103448275865
15.29554861699944,12.86,2.0689655172413794,206.8965517241379,2660.6896551724135
15.305626499999562,12.864,2.0689655172413794,206.8965517241379,2661.5172413793102
15.315701940000508,12.856,2.0689655172413794,206.8965517241379,2659.8620689655168
15.325777563999509,12.864,2.0689655172413794,224.13793103448276,2883.3103448275865
15.335853021999355,12.856,2.0689655172413794,206.8965517241379,2659.8620689655168
15.345931517000281,12.864,2.0689655172413794,206.8965517241379,2661.5172413793102
15.356010362998859,12.864,2.2413793103448274,206.8965517241379,2661.5172413793102
15.366094560999045,12.856,2.0689655172413794,206.8965517241379,2659.8620689655168
15.376175740999315,12.864,2.2413793103448274,206.8965517241379,2661.5172413793102
15.38625705099912,12.856,2.2413793103448274,224.13793103448276,2881.5172413793102
15.396337063999454,12.868,2.0689655172413794,206.8965517241379,2662.3448275862065
15.406417780999618,12.86,2.2413793103448274,206.8965517241379,2660.6896551724135
15.416499035000015,12.868,2.0689655172413794,206.8965517241379,2662.3448275862065
15.42657965899889,12.86,2.0689655172413794,206.8965517241379,2660.6896551724135
15.436661023999477,12.86,2.0689655172413794,206.8965517241379,2660.6896551724135
15.44674201899943,12.86,2.0689655172413794,189.65517241379308,2438.965517241379
15.456832329000463,12.86,2.0689655172413794,206.8965517241379,2660.6896551724135
15.466912693998893,12.86,2.0689655172413794,206.8965517241379,2660.6896551724135
15.477006076998805,12.86,2.0689655172413794,206.8965517241379,2660.6896551724135
15.487091237999266,12.864,2.0689655172413794,206.8965517241379,2661.5172413793102
15.49717121499998,12.864,2.2413793103448274,206.8965517241379,2661.5172413793102
15.507253486999616,12.86,2.0689655172413794,206.8965517241379,2660.6896551724135
15.517338296000162,12.868,2.0689655172413794,206.8965517241379,2662.3448275862065
15.527419605999967,12.86,2.0689655172413794,206.8965517241379,2660.6896551724135
15.53750945200045,12.868,2.0689655172413794,206.8965517241379,2662.3448275862065
15.547587928998837,12.86,2.0689655172413794,224.13793103448276,2882.4137931034484
15.557668682999065,12.864,2.0689655172413794,206.8965517241379,2661.5172413793102
15.567745103000561,12.856,2.2413793103448274,206.8965517241379,2659.8620689655168
15.577821949998906,12.864,2.0689655172413794,206.8965517241379,2661.5172413793102
15.587897536999662,12.86,2.2413793103448274,206.8965517241379,2660.6896551724135
15.59797564300061,12.872,2.0689655172413794,206.8965517241379,2663.1724137931033
15.60805197099944,12.856,2.2413793103448274,224.13793103448276,2881.5172413793102
15.618127522000577,12.868,2.0689655172413794,206.8965517241379,2662.3448275862065
15.62820357199962,12.86,2.2413793103448274,206.8965517241379,2660.6896551724135
15.638281178000398,12.86,2.0689655172413794,206.8965517241379,2660.6896551724135
15.648358505999568,12.86,2.0689655172413794,206.8965517241379,2660.6896551724135
15.658488888999273,12.864,2.0689655172413794,206.8965517241379,2661.5172413793102
15.668569587000093,12.86,2.0689655172413794,206.8965517241379,2660.6896551724135
15.678650100000596,12.864,2.2413793103448274,206.8965517241379,2661.5172413793102
15.688730113999554,12.86,2.0689655172413794,206.8965517241379,2660.6896551724135
15.698809812000036,12.86,2.0689655172413794,206.8965517241379,2660.6896551724135
15.708889454999735,12.86,2.0689655172413794,224.13793103448276,2882.4137931034484
15.718969431000005,12.868,2.0689655172413794,206.8965517241379,2662.3448275862065
15.729049777999535,12.86,2.0689655172413794,224.13793103448276,2882.4137931034484
15.73913071700008,12.872,2.0689655172413794,206.8965517241379,2663.1724137931033
15.749213692999547,12.86,2.2413793103448274,206.8965517241379,2660.6896551724135
15.759305261999543,12.872,2.0689655172413794,206.8965517241379,2663.1724137931033
15.769388774999243,12.86,2.0689655172413794,224.13793103448276,2882.4137931034484
15.779469954999513,12.864,2.0689655172413794,206.8965517241379,2661.5172413793102
15.789552467998874,12.852,2.0689655172413794,206.8965517241379,2659.0344827586205
15.79963300000054,12.868,2.0689655172413794,224.13793103448276,2884.206896551724
15.809713086999182,12.852,2.0689655172413794,206.8965517241379,2659.0344827586205
15.8197939519996,12.872,2.0689655172413794,206.8965517241379,2663.1724137931033
15.829876743000568,12.856,2.0689655172413794,206.8965517241379,2659.8620689655168
15.83995825599959,12.876,2.0689655172413794,206.8965517241379,2663.9999999999995
15.85003749200041,12.856,2.0689655172413794,224.13793103448276,2881.5172413793102
15.860145967999415,12.876,2.2413793103448274,206.8965517241379,2663.9999999999995
15.870226740000362,12.86,2.0689655172413794,224.13793103448276,2882.4137931034484
15.880307567998898,12.868,2.0689655172413794,206.8965517241379,2662.3448275862065
15.89038856299885,12.856,2.0689655172413794,206.8965517241379,2659.8620689655168
15.900469260999671,12.86,2.0689655172413794,206.8965517241379,2660.6896551724135
15.910549312000512,12.856,2.0689655172413794,206.8965517241379,2659.8620689655168
15.920629046999238,12.868,2.0689655172413794,206.8965517241379,2662.3448275862065
15.930709985999783,12.86,2.0689655172413794,206.8965517241379,2660.6896551724135
15.940790777000075,12.872,2.0689655172413794,206.8965517241379,2663.1724137931033
15.950871457000176,12.856,2.0689655172413794,206.8965517241379,2659.8620689655168
15.960976821999793,12.876,2.0689655172413794,206.8965517241379,2663.9999999999995
15.971056761,12.856,2.0689655172413794,206.8965517241379,2659.8620689655168
15.981136829999741,12.876,2.0689655172413794,224.13793103448276,2886.0
15.991214379999292,12.848,2.0689655172413794,224.13793103448276,2879.724137931035
16.001299207999182,12.868,2.0689655172413794,206.8965517241379,2662.3448275862065
16.01137936899977,12.852,2.2413793103448274,206.8965517241379,2659.0344827586205
16.021459511999637,12.872,2.2413793103448274,206.8965517241379,2663.1724137931033
16.031540525998935,12.852,2.0689655172413794,206.8965517241379,2659.0344827586205
16.04161998299969,12.872,2.0689655172413794,206.8965517241379,2663.1724137931033
16.051700034000532,12.852,2.2413793103448274,224.13793103448276,2880.6206896551726
16.061794471999747,12.876,2.0689655172413794,206.8965517241379,2663.9999999999995
16.07187594899915,12.852,2.0689655172413794,206.8965517241379,2659.0344827586205
16.081955961999483,12.872,2.0689655172413794,206.8965517241379,2663.1724137931033
16.092036808000557,12.856,2.0689655172413794,206.8965517241379,2659.8620689655168
16.102118339998924,12.864,2.2413793103448274,206.8965517241379,2661.5172413793102
16.112195704999976,12.856,2.0689655172413794,206.8965517241379,2659.8620689655168
16.122276348000014,12.868,2.0689655172413794,224.13793103448276,2884.206896551724
16.13235704699946,12.852,2.0689655172413794,206.8965517241379,2659.0344827586205
16.1424375229999,12.872,2.0689655172413794,206.8965517241379,2663.1724137931033
16.152517851000084,12.852,2.0689655172413794,206.8965517241379,2659.0344827586205
16.162626511999406,12.876,2.0689655172413794,206.8965517241379,2663.9999999999995
16.172710320999613,12.852,2.0689655172413794,206.8965517241379,2659.0344827586205
16.182791278999503,12.88,2.2413793103448274,206.8965517241379,2664.8275862068963
16.1928684960003,12.848,2.0689655172413794,224.13793103448276,2879.724137931035
16.20294913900034,12.88,2.2413793103448274,206.8965517241379,2664.8275862068963
16.213030040999,12.852,2.0689655172413794,206.8965517241379,2659.0344827586205
16.223110757999166,12.872,2.0689655172413794,206.8965517241379,2663.1724137931033
16.23319175299912,12.852,2.0689655172413794,206.8965517241379,2659.0344827586205
16.243272839999918,12.876,2.0689655172413794,206.8965517241379,2663.9999999999995
16.253353168000103,12.852,2.0689655172413794,206.8965517241379,2659.0344827586205
16.263510364999092,12.876,2.2413793103448274,206.8965517241379,2663.9999999999995
16.27358687800006,12.852,2.0689655172413794,206.8965517241379,2659.0344827586205
16.283663336000245,12.876,2.0689655172413794,206.8965517241379,2663.9999999999995
16.2937415159995,12.852,2.0689655172413794,224.13793103448276,2880.6206896551726
16.30381813999884,12.868,2.0689655172413794,206.8965517241379,2662.3448275862065
16.31389528299951,12.852,2.0689655172413794,206.8965517241379,2659.0344827586205
16.323971574000097,12.868,2.0689655172413794,206.8965517241379,2662.3448275862065
16.33404697699916,12.852,2.0689655172413794,206.8965517241379,2659.0344827586205
16.344122193999283,12.876,2.0689655172413794,189.65517241379308,2441.9999999999995
16.354200113999468,12.852,2.0689655172413794,206.8965517241379,2659.0344827586205
16.36428473900014,12.876,2.0689655172413794,224.13793103448276,2886.0
16.37436652999895,12.852,2.0689655172413794,206.8965517241379,2659.0344827586205
16.384447320999243,12.876,2.0689655172413794,206.8965517241379,2663.9999999999995
16.394528000999344,12.844,2.0689655172413794,206.8965517241379,2657.379310344827
16.40460967999934,12.88,2.0689655172413794,206.8965517241379,2664.8275862068963
16.414690822999546,12.844,2.0689655172413794,206.8965517241379,2657.379310344827
16.42477176200009,12.88,2.0689655172413794,206.8965517241379,2664.8275862068963
16.43485283100017,12.848,2.2413793103448274,206.8965517241379,2658.206896551724
16.44493367799987,12.876,2.0689655172413794,206.8965517241379,2663.9999999999995
16.45501424699978,12.852,2.0689655172413794,206.8965517241379,2659.0344827586205
16.46510416700039,12.876,2.2413793103448274,206.8965517241379,2663.9999999999995
16.475197087998822,12.848,2.0689655172413794,206.8965517241379,2658.206896551724
16.485285655999178,12.876,2.0689655172413794,206.8965517241379,2663.9999999999995
16.495367743000315,12.848,2.0689655172413794,206.8965517241379,2658.206896551724
16.505443052999908,12.876,2.0689655172413794,206.8965517241379,2663.9999999999995
16.515524602998994,12.848,2.0689655172413794,224.13793103448276,2879.724137931035
16.52560939399882,12.876,2.0689655172413794,206.8965517241379,2663.9999999999995
16.535690130000148,12.848,2.0689655172413794,206.8965517241379,2658.206896551724
16.545771662000334,12.872,2.0689655172413794,206.8965517241379,2663.1724137931033
16.555853359999674,12.852,2.0689655172413794,206.8965517241379,2659.0344827586205
16.565934983998886,12.876,2.2413793103448274,206.8965517241379,2663.9999999999995
16.576011385999664,12.852,2.0689655172413794,206.8965517241379,2659.0344827586205
16.586089899999934,12.88,2.0689655172413794,206.8965517241379,2664.8275862068963
16.596166932000415,12.848,2.0689655172413794,206.8965517241379,2658.206896551724
16.60624270399967,12.88,2.0689655172413794,206.8965517241379,2664.8275862068963
16.616319050999664,12.844,2.0689655172413794,206.8965517241379,2657.379310344827
16.62639715700061,12.876,2.0689655172413794,206.8965517241379,2663.9999999999995
16.636474151000584,12.848,2.0689655172413794,206.8965517241379,2658.206896551724
16.646551017000093,12.876,2.0689655172413794,206.8965517241379,2663.9999999999995
16.65662699299901,12.848,2.0689655172413794,206.8965517241379,2658.206896551724
16.66675554199901,12.876,2.0689655172413794,224.13793103448276,2886.0
16.67683572199894,12.848,2.0689655172413794,206.8965517241379,2658.206896551724
16.686916847000248,12.876,2.0689655172413794,224.13793103448276,2886.0
16.696997822999037,12.848,2.2413793103448274,206.8965517241379,2658.206896551724
16.7070777429999,12.872,2.0689655172413794,206.8965517241379,2663.1724137931033
16.71715708999909,12.848,2.0689655172413794,206.8965517241379,2658.206896551724
16.727236991999234,12.876,2.0689655172413794,206.8965517241379,2663.9999999999995
16.737321541999336,12.848,2.0689655172413794,206.8965517241379,2658.206896551724
16.74740153699895,12.876,2.0689655172413794,206.8965517241379,2663.9999999999995
16.7574843099992,12.848,2.0689655172413794,206.8965517241379,2658.206896551724
16.76757443399947,12.876,2.0689655172413794,224.13793103448276,2886.0
16.777657205999276,12.848,2.0689655172413794,206.8965517241379,2658.206896551724
16.787738107999758,12.876,2.0689655172413794,206.8965517241379,2663.9999999999995
16.797821214000578,12.844,2.0689655172413794,206.8965517241379,2657.379310344827
16.807901023999875,12.876,2.0689655172413794,206.8965517241379,2663.9999999999995
16.817980703999638,12.84,2.2413793103448274,224.13793103448276,2877.9310344827586
16.828061308999168,12.88,2.0689655172413794,206.8965517241379,2664.8275862068963
16.838142062999395,12.844,2.0689655172413794,206.8965517241379,2657.379310344827
16.848222614000406,12.88,2.0689655172413794,206.8965517241379,2664.8275862068963
16.85830383099892,12.844,2.0689655172413794,206.8965517241379,2657.379310344827
16.868410435999976,12.88,2.0689655172413794,224.13793103448276,2886.896551724138
16.878491356999803,12.848,2.0689655172413794,206.8965517241379,2658.206896551724
16.888572202999057,12.876,2.0689655172413794,206.8965517241379,2663.9999999999995
16.898653030999412,12.848,2.0689655172413794,189.65517241379308,2436.6896551724135
16.908734210999683,12.868,2.0689655172413794,206.8965517241379,2662.3448275862065
16.91881518700029,12.848,2.0689655172413794,206.8965517241379,2658.206896551724
16.92889570099942,12.876,2.2413793103448274,206.8965517241379,2663.9999999999995
16.93897689900041,12.844,2.2413793103448274,206.8965517241379,2657.379310344827
16.949057616000573,12.88,2.0689655172413794,206.8965517241379,2664.8275862068963
16.95913827699951,12.844,2.0689655172413794,206.8965517241379,2657.379310344827
16.969220160999612,12.88,2.2413793103448274,206.8965517241379,2664.8275862068963
16.9793003220002,12.848,2.0689655172413794,206.8965517241379,2658.206896551724
16.98937966899939,12.88,2.0689655172413794,206.8965517241379,2664.8275862068963
16.99945970099907,12.844,2.0689655172413794,224.13793103448276,2878.8275862068963
17.009538972999508,12.88,2.0689655172413794,206.8965517241379,2664.8275862068963
17.019613615999333,12.844,2.0689655172413794,206.8965517241379,2657.379310344827
17.029695944000196,12.88,2.0689655172413794,206.8965517241379,2664.8275862068963
17.039776124000127,12.844,2.0689655172413794,206.8965517241379,2657.379310344827
17.04985785899953,12.88,2.0689655172413794,206.8965517241379,2664.8275862068963
17.059938447000604,12.844,2.0689655172413794,206.8965517241379,2657.379310344827
17.070013644999563,12.88,2.2413793103448274,206.8965517241379,2664.8275862068963
17.080094213999473,12.848,2.0689655172413794,206.8965517241379,2658.206896551724
17.0901749679997,12.88,2.0689655172413794,206.8965517241379,2664.8275862068963
17.100255499999548,12.848,2.0689655172413794,206.8965517241379,2658.206896551724
17.110332845999437,12.872,2.0689655172413794,206.8965517241379,2663.1724137931033
17.12041422999937,12.852,2.0689655172413794,206.8965517241379,2659.0344827586205
17.130495317000168,12.876,2.0689655172413794,224.13793103448276,2886.0
17.14057658999991,12.852,2.0689655172413794,206.8965517241379,2659.0344827586205
17.150657344000138,12.88,2.0689655172413794,206.8965517241379,2664.8275862068963
17.16073785699882,12.844,2.0689655172413794,206.8965517241379,2657.379310344827
17.170827611000277,12.9,1.8965517241379308,189.65517241379308,2446.5517241379307
17.180908697999257,12.876,2.0689655172413794,206.8965517241379,2663.9999999999995
17.190991655999824,12.9,2.0689655172413794,206.8965517241379,2668.965517241379
17.201072575999206,12.864,1.8965517241379308,206.8965517241379,2661.5172413793102
17.211153016000026,12.892,2.0689655172413794,189.65517241379308,2445.0344827586205
17.22123584399924,12.856,2.0689655172413794,189.65517241379308,2438.2068965517237
17.23131635699974,12.892,2.0689655172413794,206.8965517241379,2667.3103448275856
17.241396870000244,12.86,2.0689655172413794,206.8965517241379,2660.6896551724135
17.251476716999605,12.896,2.0689655172413794,206.8965517241379,2668.137931034483
17.261556618999748,12.86,2.0689655172413794,189.65517241379308,2438.965517241379
17.271668297998986,12.896,2.0689655172413794,206.8965517241379,2668.137931034483
17.28174962599951,12.86,1.8965517241379308,189.65517241379308,2438.965517241379
17.291830120999293,12.896,2.0689655172413794,206.8965517241379,2668.137931034483
17.301910911999585,12.832,2.0689655172413794,206.8965517241379,2654.8965517241377
17.31199168400053,12.864,2.0689655172413794,206.8965517241379,2661.5172413793102
17.32207210500019,12.848,2.0689655172413794,206.8965517241379,2658.206896551724
17.33215239600031,12.872,2.0689655172413794,206.8965517241379,2663.1724137931033
17.34223374300018,12.848,2.0689655172413794,224.13793103448276,2879.724137931035
17.35231494099935,12.876,2.0689655172413794,206.8965517241379,2663.9999999999995
17.362396065000212,12.848,2.0689655172413794,206.8965517241379,2658.206896551724
17.372487263999574,12.88,2.0689655172413794,206.8965517241379,2664.8275862068963
17.382569092000267,12.844,2.0689655172413794,224.13793103448276,2878.8275862068963
17.392649215998972,12.884,2.0689655172413794,206.8965517241379,2665.655172413793
17.40272974799882,12.848,2.2413793103448274,206.8965517241379,2658.206896551724
17.41280955699949,12.88,2.0689655172413794,206.8965517241379,2664.8275862068963
17.422890162999465,12.844,2.0689655172413794,206.8965517241379,2657.379310344827
17.432970935999037,12.88,2.0689655172413794,206.8965517241379,2664.8275862068963
17.44305144899954,12.848,2.2413793103448274,206.8965517241379,2658.206896551724
17.45313212899964,12.876,2.0689655172413794,206.8965517241379,2663.9999999999995
17.46321260500008,12.848,2.0689655172413794,206.8965517241379,2658.206896551724
17.473292914999547,12.88,2.0689655172413794,206.8965517241379,2664.8275862068963
17.4833782049991,12.848,2.0689655172413794,206.8965517241379,2658.206896551724
17.493460014999073,12.884,2.0689655172413794,224.13793103448276,2887.793103448276
17.503539712999554,12.844,2.0689655172413794,206.8965517241379,2657.379310344827
17.513622745000248,12.876,2.0689655172413794,206.8965517241379,2663.9999999999995
17.523703794999165,12.848,2.0689655172413794,206.8965517241379,2658.206896551724
17.53378480900028,12.872,2.0689655172413794,206.8965517241379,2663.1724137931033
17.54386606299886,12.848,2.0689655172413794,206.8965517241379,2658.206896551724
17.553947520000293,12.876,2.2413793103448274,206.8965517241379,2663.9999999999995
17.56402760799938,12.852,2.0689655172413794,206.8965517241379,2659.0344827586205
17.57419286000004,12.876,2.0689655172413794,206.8965517241379,2663.9999999999995
17.58426978100033,12.844,2.0689655172413794,206.8965517241379,2657.379310344827
17.594347460999415,12.884,2.0689655172413794,206.8965517241379,2665.655172413793
17.604423270000552,12.844,2.0689655172413794,206.8965517241379,2657.379310344827
17.61450037599934,12.88,2.0689655172413794,206.8965517241379,2664.8275862068963
17.62457677800012,12.84,2.0689655172413794,206.8965517241379,2656.5517241379307
17.634653106999394,12.88,2.0689655172413794,206.8965517241379,2664.8275862068963
17.644729657000426,12.848,2.0689655172413794,206.8965517241379,2658.206896551724
17.65480507800021,12.88,2.0689655172413794,206.8965517241379,2664.8275862068963
17.66488140599904,12.848,2.0689655172413794,206.8965517241379,2658.206896551724
17.674965770998824,12.88,2.2413793103448274,206.8965517241379,2664.8275862068963
17.685045690999686,12.852,2.0689655172413794,206.8965517241379,2659.0344827586205
17.695126444999914,12.88,2.0689655172413794,206.8965517241379,2664.8275862068963
17.70523047700044,12.844,2.0689655172413794,206.8965517241379,2657.379310344827
17.715310546000183,12.876,2.0689655172413794,206.8965517241379,2663.9999999999995
17.72539315100039,12.844,2.0689655172413794,206.8965517241379,2657.379310344827
17.73547409099956,12.876,2.2413793103448274,206.8965517241379,2663.9999999999995
17.745556269999724,12.848,2.0689655172413794,206.8965517241379,2658.206896551724
17.755636449999656,12.88,2.0689655172413794,206.8965517241379,2664.8275862068963
17.76571888899889,12.848,2.0689655172413794,206.8965517241379,2658.206896551724
17.77580829100043,12.876,2.0689655172413794,206.8965517241379,2663.9999999999995
17.785890527000447,12.852,2.0689655172413794,206.8965517241379,2659.0344827586205
17.79597126199951,12.876,2.0689655172413794,206.8965517241379,2663.9999999999995
17.80605138700048,12.852,2.0689655172413794,206.8965517241379,2659.0344827586205
17.816131678000602,12.88,2.0689655172413794,206.8965517241379,2664.8275862068963
17.82621272799952,12.84,2.2413793103448274,206.8965517241379,2656.5517241379307
17.83629340799962,12.88,2.0689655172413794,206.8965517241379,2664.8275862068963
17.846374513999763,12.844,2.0689655172413794,206.8965517241379,2657.379310344827
17.856455359999018,12.88,2.0689655172413794,206.8965517241379,2664.8275862068963
17.86653502199988,12.848,2.0689655172413794,206.8965517241379,2658.206896551724
17.876615072000277,12.88,2.0689655172413794,206.8965517241379,2664.8275862068963
17.886695826000505,12.852,2.0689655172413794,206.8965517241379,2659.0344827586205
17.89677644999938,12.876,2.0689655172413794,206.8965517241379,2663.9999999999995
17.906856092999078,12.852,2.0689655172413794,206.8965517241379,2659.0344827586205
17.916935236000427,12.876,2.0689655172413794,206.8965517241379,2663.9999999999995
17.927015600998857,12.848,2.0689655172413794,206.8965517241379,2658.206896551724
17.93709620699883,12.872,2.0689655172413794,206.8965517241379,2663.1724137931033
17.94717707199925,12.844,2.0689655172413794,206.8965517241379,2657.379310344827
17.957259529999646,12.876,2.2413793103448274,206.8965517241379,2663.9999999999995
17.967340784000044,12.848,2.0689655172413794,206.8965517241379,2658.206896551724
17.977421166999193,12.876,2.2413793103448274,206.8965517241379,2663.9999999999995
17.987501829000394,12.852,2.0689655172413794,206.8965517241379,2659.0344827586205
17.997584341999755,12.876,2.0689655172413794,206.8965517241379,2663.9999999999995
18.007663984999454,12.852,2.0689655172413794,206.8965517241379,2659.0344827586205
18.017743960999724,12.876,2.0689655172413794,206.8965517241379,2663.9999999999995
18.02782478900008,12.844,2.0689655172413794,224.13793103448276,2878.8275862068963
18.037901747000433,12.88,2.0689655172413794,206.8965517241379,2664.8275862068963
18.04798288999882,12.84,2.0689655172413794,206.8965517241379,2656.5517241379307
18.058062476999112,12.876,2.0689655172413794,206.8965517241379,2663.9999999999995
18.068143193999276,12.848,2.0689655172413794,206.8965517241379,2658.206896551724
18.078218410999398,12.876,2.0689655172413794,206.8965517241379,2663.9999999999995
18.08829953500026,12.852,2.0689655172413794,224.13793103448276,2880.6206896551726
18.09837817799962,12.876,2.0689655172413794,206.8965517241379,2663.9999999999995
18.108458450999024,12.852,2.0689655172413794,206.8965517241379,2659.0344827586205
18.118539148999844,12.876,2.0689655172413794,224.13793103448276,2886.0
18.128620772999056,12.852,2.0689655172413794,206.8965517241379,2659.0344827586205
18.138696267998967,12.872,2.0689655172413794,206.8965517241379,2663.1724137931033
18.148776226000336,12.848,2.0689655172413794,206.8965517241379,2658.206896551724
18.158856795000247,12.876,2.0689655172413794,206.8965517241379,2663.9999999999995
18.168937751999692,12.848,2.2413793103448274,206.8965517241379,2658.206896551724
18.179027079999287,12.876,2.2413793103448274,206.8965517241379,2663.9999999999995
18.189107407999472,12.852,2.0689655172413794,206.8965517241379,2659.0344827586205
18.1991909770004,12.872,2.0689655172413794,206.8965517241379,2663.1724137931033
18.209275342000183,12.856,2.0689655172413794,224.13793103448276,2881.5172413793102
18.219356337000136,12.872,2.0689655172413794,206.8965517241379,2663.1724137931033
18.22943877599937,12.844,2.2413793103448274,206.8965517241379,2657.379310344827
18.23951975199998,12.876,2.2413793103448274,206.8965517241379,2663.9999999999995
18.249601987999995,12.844,2.0689655172413794,206.8965517241379,2657.379310344827
18.259682907999377,12.876,2.0689655172413794,206.8965517241379,2663.9999999999995
18.269763272999626,12.844,2.0689655172413794,224.13793103448276,2878.8275862068963
18.279871564000132,12.876,2.0689655172413794,224.13793103448276,2886.0
18.289952170000106,12.848,2.0689655172413794,206.8965517241379,2658.206896551724
18.300032626999382,12.876,2.0689655172413794,206.8965517241379,2663.9999999999995
18.310113121999166,12.852,2.0689655172413794,206.8965517241379,2659.0344827586205
18.32019617200058,12.872,2.0689655172413794,224.13793103448276,2885.103448275862
18.330277204000595,12.852,2.0689655172413794,224.13793103448276,2880.6206896551726
18.340357957999004,12.868,2.0689655172413794,206.8965517241379,2662.3448275862065
18.350438952998957,12.856,2.0689655172413794,189.65517241379308,2438.2068965517237
18.36051985499944,12.872,2.0689655172413794,206.8965517241379,2663.1724137931033
18.370601200998863,12.848,2.0689655172413794,206.8965517241379,2658.206896551724
18.380691639998986,12.876,2.2413793103448274,206.8965517241379,2663.9999999999995
18.390768745999594,12.852,2.0689655172413794,206.8965517241379,2659.0344827586205
18.400845129999652,12.872,2.0689655172413794,206.8965517241379,2663.1724137931033
18.41092201399988,12.856,2.0689655172413794,206.8965517241379,2659.8620689655168
18.420997600998817,12.872,2.0689655172413794,206.8965517241379,2663.1724137931033
18.431074039999658,12.852,2.0689655172413794,206.8965517241379,2659.0344827586205
18.441150220000054,12.872,2.0689655172413794,206.8965517241379,2663.1724137931033
18.451227047999055,12.844,2.2413793103448274,206.8965517241379,2657.379310344827
18.461302857998817,12.876,2.0689655172413794,224.13793103448276,2886.0
18.47137883399955,12.848,2.0689655172413794,206.8965517241379,2658.206896551724
18.48146384699976,12.876,2.0689655172413794,206.8965517241379,2663.9999999999995
18.4915438980006,12.848,2.0689655172413794,206.8965517241379,2658.206896551724
18.50162652200015,12.876,2.0689655172413794,206.8965517241379,2663.9999999999995
18.51170759100023,12.852,2.0689655172413794,206.8965517241379,2659.0344827586205
18.521790844999487,12.876,2.2413793103448274,206.8965517241379,2663.9999999999995
18.531872338999165,12.856,2.0689655172413794,206.8965517241379,2659.8620689655168
18.541952686000513,12.868,2.0689655172413794,206.8965517241379,2662.3448275862065
18.552030328999535,12.86,2.0689655172413794,206.8965517241379,2660.6896551724135
18.562111637998896,12.868,2.0689655172413794,206.8965517241379,2662.3448275862065
18.572192596000605,12.852,2.2413793103448274,224.13793103448276,2880.6206896551726
18.582267923999098,12.872,2.0689655172413794,206.8965517241379,2663.1724137931033
18.592349214999558,12.848,2.0689655172413794,189.65517241379308,2436.6896551724135
18.602429357999426,12.872,2.0689655172413794,224.13793103448276,2885.103448275862
18.612508926999,12.856,2.0689655172413794,206.8965517241379,2659.8620689655168
18.622589902999607,12.872,2.0689655172413794,206.8965517241379,2663.1724137931033
18.632670823999433,12.852,2.0689655172413794,224.13793103448276,2880.6206896551726
18.642751743998815,12.872,2.0689655172413794,206.8965517241379,2663.1724137931033
18.652831257999424,12.852,2.0689655172413794,206.8965517241379,2659.0344827586205
18.66291240099963,12.876,2.0689655172413794,206.8965517241379,2663.9999999999995
18.67299289499897,12.856,2.0689655172413794,206.8965517241379,2659.8620689655168
18.68308400099886,12.872,2.0689655172413794,206.8965517241379,2663.1724137931033
18.69316519899985,12.852,2.2413793103448274,206.8965517241379,2659.0344827586205
18.703245897999295,12.876,2.0689655172413794,206.8965517241379,2663.9999999999995
18.713325781000094,12.852,2.0689655172413794,206.8965517241379,2659.0344827586205
18.7234069240003,12.872,2.0689655172413794,206.8965517241379,2663.1724137931033
18.73348749300021,12.86,2.0689655172413794,206.8965517241379,2660.6896551724135
18.743567006000376,12.868,2.2413793103448274,206.8965517241379,2662.3448275862065
18.75364942699889,12.86,2.0689655172413794,206.8965517241379,2660.6896551724135
18.76372980999986,12.864,2.0689655172413794,206.8965517241379,2661.5172413793102
18.773812231000193,12.864,2.0689655172413794,206.8965517241379,2661.5172413793102
18.783917855000254,12.872,2.0689655172413794,206.8965517241379,2663.1724137931033
18.793999478999467,12.856,2.0689655172413794,206.8965517241379,2659.8620689655168
18.80407956700037,12.872,2.0689655172413794,206.8965517241379,2663.1724137931033
18.814160597999944,12.856,2.0689655172413794,206.8965517241379,2659.8620689655168
18.824240981999537,12.872,2.2413793103448274,224.13793103448276,2885.103448275862
18.834320735999427,12.86,2.0689655172413794,224.13793103448276,2882.4137931034484
18.84440173099938,12.868,2.2413793103448274,206.8965517241379,2662.3448275862065
18.85448281800018,12.856,2.0689655172413794,206.8965517241379,2659.8620689655168
18.86456309099958,12.868,2.0689655172413794,206.8965517241379,2662.3448275862065
18.87464406700019,12.86,2.2413793103448274,206.8965517241379,2660.6896551724135
18.88475202399968,12.868,2.0689655172413794,206.8965517241379,2662.3448275862065
18.894832963000226,12.864,2.0689655172413794,206.8965517241379,2661.5172413793102
18.90491416199984,12.872,2.0689655172413794,206.8965517241379,2663.1724137931033
18.91499515599935,12.856,2.0689655172413794,206.8965517241379,2659.8620689655168
18.92507594699964,12.872,2.0689655172413794,206.8965517241379,2663.1724137931033
18.935156830999404,12.856,2.2413793103448274,206.8965517241379,2659.8620689655168
18.945239325999864,12.864,2.0689655172413794,206.8965517241379,2661.5172413793102
18.955319208998844,12.864,2.0689655172413794,206.8965517241379,2661.5172413793102
18.965402926000024,12.86,2.2413793103448274,206.8965517241379,2660.6896551724135
18.975484291000612,12.864,2.0689655172413794,206.8965517241379,2661.5172413793102
18.98557597099898,12.864,2.0689655172413794,224.13793103448276,2883.3103448275865
18.995656983999652,12.864,2.0689655172413794,206.8965517241379,2661.5172413793102
19.005737608000345,12.868,2.0689655172413794,206.8965517241379,2662.3448275862065
19.015817139999854,12.86,2.0689655172413794,206.8965517241379,2660.6896551724135
19.0258976719997,12.868,2.0689655172413794,206.8965517241379,2662.3448275862065
19.03597853700012,12.856,2.0689655172413794,206.8965517241379,2659.8620689655168
19.046057957999437,12.868,2.2413793103448274,206.8965517241379,2662.3448275862065
19.05613754499973,12.852,2.0689655172413794,206.8965517241379,2659.0344827586205
19.066213780999533,12.868,2.0689655172413794,206.8965517241379,2662.3448275862065
19.07629344199995,12.86,2.0689655172413794,206.8965517241379,2660.6896551724135
19.086398213999928,12.868,2.0689655172413794,206.8965517241379,2662.3448275862065
19.096477356999458,12.864,2.0689655172413794,206.8965517241379,2661.5172413793102
19.106557795999834,12.868,2.0689655172413794,206.8965517241379,2662.3448275862065
19.11663884600057,12.864,2.0689655172413794,206.8965517241379,2661.5172413793102
19.12671939699976,12.868,2.0689655172413794,224.13793103448276,2884.206896551724
19.136800631998995,12.86,2.0689655172413794,206.8965517241379,2660.6896551724135
19.146881737999138,12.86,2.0689655172413794,206.8965517241379,2660.6896551724135
19.156960787999196,12.856,2.0689655172413794,206.8965517241379,2659.8620689655168
19.167042912999023,12.864,2.2413793103448274,206.8965517241379,2661.5172413793102
19.1771231849998,12.864,2.0689655172413794,224.13793103448276,2883.3103448275865
19.187212234999606,12.86,2.2413793103448274,206.8965517241379,2660.6896551724135
19.197289137000553,12.864,2.0689655172413794,206.8965517241379,2661.5172413793102
19.207367576998877,12.864,2.0689655172413794,206.8965517241379,2661.5172413793102
19.21744538599887,12.86,2.0689655172413794,206.8965517241379,2660.6896551724135
19.227522065999437,12.864,2.0689655172413794,206.8965517241379,2661.5172413793102
19.237599468000553,12.86,2.0689655172413794,206.8965517241379,2660.6896551724135
19.24767575899932,12.864,2.0689655172413794,206.8965517241379,2661.5172413793102
19.257753883999612,12.856,2.0689655172413794,206.8965517241379,2659.8620689655168
19.26783030399929,12.868,2.0689655172413794,206.8965517241379,2662.3448275862065
19.27790809599901,12.86,2.2413793103448274,206.8965517241379,2660.6896551724135
19.287989774999005,12.864,2.0689655172413794,206.8965517241379,2661.5172413793102
19.29807373299991,12.86,2.0689655172413794,206.8965517241379,2660.6896551724135
19.30815470900052,12.864,2.0689655172413794,224.13793103448276,2883.3103448275865
19.31823548200009,12.864,2.0689655172413794,206.8965517241379,2661.5172413793102
19.328315679998923,12.864,2.0689655172413794,206.8965517241379,2661.5172413793102
19.338395044998833,12.86,2.0689655172413794,206.8965517241379,2660.6896551724135
19.348475335998955,12.86,2.0689655172413794,206.8965517241379,2660.6896551724135
19.358556793999014,12.86,2.0689655172413794,224.13793103448276,2882.4137931034484
19.368638732999898,12.856,2.0689655172413794,206.8965517241379,2659.8620689655168
19.37871985699894,12.864,2.0689655172413794,206.8965517241379,2661.5172413793102
19.388809240999763,12.86,2.0689655172413794,206.8965517241379,2660.6896551724135
19.398885975999292,12.864,2.0689655172413794,206.8965517241379,2661.5172413793102
19.408962285999223,12.86,2.2413793103448274,206.8965517241379,2660.6896551724135
19.419037724999725,12.868,2.0689655172413794,206.8965517241379,2662.3448275862065
19.429113330999826,12.864,2.0689655172413794,206.8965517241379,2661.5172413793102
19.439189769998848,12.86,2.0689655172413794,224.13793103448276,2882.4137931034484
19.44926606199988,12.864,2.0689655172413794,206.8965517241379,2661.5172413793102
19.4593417039996,12.856,2.2413793103448274,224.13793103448276,2881.5172413793102
19.469417328999043,12.864,2.2413793103448274,206.8965517241379,2661.5172413793102
19.479505508999864,12.856,2.0689655172413794,206.8965517241379,2659.8620689655168
19.489660539000397,12.864,2.0689655172413794,206.8965517241379,2661.5172413793102
19.499742829999377,12.868,2.2413793103448274,224.13793103448276,2884.206896551724
19.509825695000472,12.864,2.2413793103448274,206.8965517241379,2661.5172413793102
19.519906690000425,12.868,2.0689655172413794,206.8965517241379,2662.3448275862065
19.52998790699894,12.86,2.0689655172413794,206.8965517241379,2660.6896551724135
19.540084790000037,12.868,2.0689655172413794,189.65517241379308,2440.4827586206893
19.550163506999525,12.86,2.0689655172413794,224.13793103448276,2882.4137931034484
19.56028233500001,12.872,2.0689655172413794,224.13793103448276,2885.103448275862
19.57036392199916,12.856,2.2413793103448274,206.8965517241379,2659.8620689655168
19.58044084299945,12.864,2.2413793103448274,206.8965517241379,2661.5172413793102
19.590606298999774,12.856,2.0689655172413794,224.13793103448276,2881.5172413793102
19.60068429400053,12.864,2.0689655172413794,206.8965517241379,2661.5172413793102
19.610761658999763,12.86,2.0689655172413794,206.8965517241379,2660.6896551724135
19.62083867199908,12.868,2.0689655172413794,206.8965517241379,2662.3448275862065
19.630914092998864,12.86,2.0689655172413794,206.8965517241379,2660.6896551724135
19.64099310599886,12.872,2.0689655172413794,206.8965517241379,2663.1724137931033
19.65106600800027,12.86,2.0689655172413794,206.8965517241379,2660.6896551724135
19.661143298999377,12.86,2.0689655172413794,206.8965517241379,2660.6896551724135
19.671221016000345,12.86,2.2413793103448274,206.8965517241379,2660.6896551724135
19.68129978899924,12.856,2.2413793103448274,224.13793103448276,2881.5172413793102
19.691433320000215,12.86,2.0689655172413794,206.8965517241379,2660.6896551724135
19.70151670300038,12.864,2.0689655172413794,206.8965517241379,2661.5172413793102
19.711597939000058,12.86,2.0689655172413794,206.8965517241379,2660.6896551724135
19.721682137000244,12.864,2.0689655172413794,206.8965517241379,2661.5172413793102
19.731763538999076,12.86,2.0689655172413794,206.8965517241379,2660.6896551724135
19.74184634899939,12.872,2.0689655172413794,206.8965517241379,2663.1724137931033
19.751926898999955,12.86,2.0689655172413794,206.8965517241379,2660.6896551724135
19.762007911998808,12.872,2.0689655172413794,206.8965517241379,2663.1724137931033
19.77208903599967,12.852,2.0689655172413794,206.8965517241379,2659.0344827586205
19.782169808999242,12.872,2.0689655172413794,206.8965517241379,2663.1724137931033
19.792260099999112,12.856,2.0689655172413794,206.8965517241379,2659.8620689655168
19.802341390999572,12.868,2.0689655172413794,206.8965517241379,2662.3448275862065
19.81242177400054,12.86,2.0689655172413794,206.8965517241379,2660.6896551724135
19.822503158000472,12.868,2.2413793103448274,224.13793103448276,2884.206896551724
19.83258380100051,12.86,2.0689655172413794,206.8965517241379,2660.6896551724135
19.842663721999998,12.872,2.2413793103448274,206.8965517241379,2663.1724137931033
19.852743698000268,12.856,2.0689655172413794,206.8965517241379,2659.8620689655168
19.862824767000347,12.88,2.0689655172413794,206.8965517241379,2664.8275862068963
19.872905594998883,12.884,2.0689655172413794,206.8965517241379,2665.655172413793
19.8829867000004,12.888,2.0689655172413794,206.8965517241379,2666.4827586206893
19.893094175999067,12.876,2.0689655172413794,206.8965517241379,2663.9999999999995
19.903173986000184,12.884,1.8965517241379308,206.8965517241379,2665.655172413793
19.913253979999354,12.876,1.8965517241379308,206.8965517241379,2663.9999999999995
19.923333622999053,12.876,2.0689655172413794,189.65517241379308,2441.9999999999995
19.93341619199964,12.876,2.0689655172413794,206.8965517241379,2663.9999999999995
19.943497001999276,12.876,2.0689655172413794,206.8965517241379,2663.9999999999995
19.95357923699885,12.876,2.0689655172413794,206.8965517241379,2663.9999999999995
19.963659158000155,12.88,2.0689655172413794,206.8965517241379,2664.8275862068963
19.9737390779992,12.872,1.8965517241379308,206.8965517241379,2663.1724137931033
19.983818554999743,12.88,2.0689655172413794,206.8965517241379,2664.8275862068963
19.993894272000034,12.872,2.0689655172413794,206.8965517241379,2663.1724137931033
20.003976358999353,12.852,2.0689655172413794,206.8965517241379,2659.0344827586205
20.01405640899975,12.86,2.0689655172413794,206.8965517241379,2660.6896551724135
20.024136071000612,12.86,2.0689655172413794,206.8965517241379,2660.6896551724135
20.03421693599921,12.868,2.0689655172413794,206.8965517241379,2662.3448275862065
20.044296726999164,12.86,2.0689655172413794,206.8965517241379,2660.6896551724135
20.054376628999307,12.864,2.0689655172413794,206.8965517241379,2661.5172413793102
20.06445593799981,12.86,2.0689655172413794,224.13793103448276,2882.4137931034484
20.07453608099968,12.864,2.0689655172413794,206.8965517241379,2661.5172413793102
20.084617557000456,12.86,2.0689655172413794,206.8965517241379,2660.6896551724135
20.09469877399897,12.864,2.0689655172413794,206.8965517241379,2661.5172413793102
20.1047795100003,12.864,2.0689655172413794,206.8965517241379,2661.5172413793102
20.11486041199896,12.864,2.0689655172413794,206.8965517241379,2661.5172413793102
20.124942276999718,12.864,2.0689655172413794,224.13793103448276,2883.3103448275865
20.135022308999396,12.868,2.0689655172413794,206.8965517241379,2662.3448275862065
20.1451026550003,12.86,2.0689655172413794,206.8965517241379,2660.6896551724135
20.155183631999535,12.864,2.0689655172413794,206.8965517241379,2661.5172413793102
20.165231070999653,12.864,2.0689655172413794,206.8965517241379,2661.5172413793102
20.175312287999986,12.86,2.0689655172413794,224.13793103448276,2882.4137931034484
20.185389115998987,12.868,2.0689655172413794,206.8965517241379,2662.3448275862065
20.195469240999955,12.856,2.0689655172413794,206.8965517241379,2659.8620689655168
20.205545253998935,12.864,2.0689655172413794,224.13793103448276,2883.3103448275865
20.215625712000474,12.86,2.0689655172413794,224.13793103448276,2882.4137931034484
20.225704483998925,12.864,2.0689655172413794,206.8965517241379,2661.5172413793102
20.235782664,12.864,2.0689655172413794,206.8965517241379,2661.5172413793102
20.245861326000522,12.864,2.0689655172413794,206.8965517241379,2661.5172413793102
20.25593785700039,12.864,2.0689655172413794,224.13793103448276,2883.3103448275865
20.2660135189999,12.864,2.0689655172413794,224.13793103448276,2883.3103448275865
20.276089588000104,12.864,2.0689655172413794,224.13793103448276,2883.3103448275865
20.286167637999824,12.864,2.0689655172413794,206.8965517241379,2661.5172413793102
20.296254318000138,12.864,2.2413793103448274,206.8965517241379,2661.5172413793102
20.306336997999097,12.868,2.0689655172413794,206.8965517241379,2662.3448275862065
20.316418307000276,12.86,2.0689655172413794,206.8965517241379,2660.6896551724135
20.326498153999637,12.872,2.0689655172413794,206.8965517241379,2663.1724137931033
20.33657964899976,12.86,2.0689655172413794,206.8965517241379,2660.6896551724135
20.346656290999817,12.864,2.0689655172413794,206.8965517241379,2661.5172413793102
20.356736378998903,12.86,2.0689655172413794,206.8965517241379,2660.6896551724135
20.36681737300023,12.864,2.2413793103448274,206.8965517241379,2661.5172413793102
20.37689916399904,12.856,2.0689655172413794,206.8965517241379,2659.8620689655168
20.386981251998805,12.868,2.0689655172413794,206.8965517241379,2662.3448275862065
20.397071060999224,12.856,2.2413793103448274,206.8965517241379,2659.8620689655168
20.407148296999367,12.872,2.0689655172413794,206.8965517241379,2663.1724137931033
20.417226457999277,12.856,2.0689655172413794,206.8965517241379,2659.8620689655168
20.4273027119998,12.868,2.0689655172413794,206.8965517241379,2662.3448275862065
20.437380391998886,12.86,2.0689655172413794,206.8965517241379,2660.6896551724135
20.447456608999346,12.868,2.0689655172413794,206.8965517241379,2662.3448275862065
20.45753323399913,12.86,2.0689655172413794,206.8965517241379,2660.6896551724135
20.467609135999737,12.868,2.0689655172413794,206.8965517241379,2662.3448275862065
20.477698093000072,12.86,2.0689655172413794,206.8965517241379,2660.6896551724135
20.48777753200011,12.864,2.0689655172413794,224.13793103448276,2883.3103448275865
20.497929506998844,12.86,2.2413793103448274,206.8965517241379,2660.6896551724135
20.508011390998945,12.868,2.2413793103448274,224.13793103448276,2884.206896551724
20.51809353399949,12.86,2.0689655172413794,206.8965517241379,2660.6896551724135
20.52817521399993,12.872,2.0689655172413794,206.8965517241379,2663.1724137931033
20.538256042000285,12.856,2.0689655172413794,206.8965517241379,2659.8620689655168
20.5483370919992,12.872,2.0689655172413794,206.8965517241379,2663.1724137931033
20.558417402000487,12.856,2.0689655172413794,206.8965517241379,2659.8620689655168
20.568498284999805,12.868,2.0689655172413794,206.8965517241379,2662.3448275862065
20.578579557999547,12.852,2.0689655172413794,206.8965517241379,2659.0344827586205
20.58866151499933,12.868,2.2413793103448274,206.8965517241379,2662.3448275862065
20.598800546000348,12.852,2.0689655172413794,206.8965517241379,2659.0344827586205
20.608877929998926,12.872,2.0689655172413794,206.8965517241379,2663.1724137931033
20.618954535999364,12.856,2.0689655172413794,206.8965517241379,2659.8620689655168
20.629031381999084,12.872,2.0689655172413794,206.8965517241379,2663.1724137931033
20.63910815499912,12.856,2.0689655172413794,224.13793103448276,2881.5172413793102
20.64918464999937,12.872,2.0689655172413794,206.8965517241379,2663.1724137931033
20.659260921998793,12.856,2.2413793103448274,206.8965517241379,2659.8620689655168
20.66933893500027,12.868,2.0689655172413794,206.8965517241379,2662.3448275862065
20.67941554099889,12.856,2.0689655172413794,206.8965517241379,2659.8620689655168
20.689493498999582,12.864,2.0689655172413794,206.8965517241379,2661.5172413793102
20.699579197000276,12.856,2.0689655172413794,224.13793103448276,2881.5172413793102
20.709661339999002,12.864,2.0689655172413794,206.8965517241379,2661.5172413793102
20.719741056998828,12.852,2.0689655172413794,206.8965517241379,2659.0344827586205
20.72982388499986,12.872,2.0689655172413794,206.8965517241379,2663.1724137931033
20.739904991000003,12.852,2.0689655172413794,206.8965517241379,2659.0344827586205
20.749986319000527,12.876,2.0689655172413794,206.8965517241379,2663.9999999999995
20.760063518000607,12.852,2.0689655172413794,206.8965517241379,2659.0344827586205
20.77014873400003,12.876,2.0689655172413794,206.8965517241379,2663.9999999999995
20.780229636999138,12.852,2.0689655172413794,206.8965517241379,2659.0344827586205
20.790310835000128,12.868,2.0689655172413794,224.13793103448276,2884.206896551724
20.800404273999447,12.848,2.2413793103448274,206.8965517241379,2658.206896551724
20.810482102000606,12.868,2.0689655172413794,206.8965517241379,2662.3448275862065
20.82055946699984,12.852,2.0689655172413794,206.8965517241379,2659.0344827586205
20.83064097999886,12.872,2.0689655172413794,224.13793103448276,2885.103448275862
20.840723105000507,12.852,2.0689655172413794,206.8965517241379,2659.0344827586205
20.85080024799936,12.876,2.0689655172413794,206.8965517241379,2663.9999999999995
20.860881020000306,12.852,2.0689655172413794,206.8965517241379,2659.0344827586205
20.870961811000598,12.876,2.0689655172413794,224.13793103448276,2886.0
20.88104219500019,12.852,2.0689655172413794,206.8965517241379,2659.0344827586205
20.891122651999467,12.864,2.0689655172413794,206.8965517241379,2661.5172413793102
20.901275460999386,12.852,2.0689655172413794,206.8965517241379,2659.0344827586205
20.911348530000396,12.868,2.0689655172413794,206.8965517241379,2662.3448275862065
20.921423042998867,12.856,2.0689655172413794,206.8965517241379,2659.8620689655168
20.9314993529988,12.872,2.0689655172413794,206.8965517241379,2663.1724137931033
20.94157721800002,12.852,2.0689655172413794,206.8965517241379,2659.0344827586205
20.951653693999106,12.876,2.0689655172413794,224.13793103448276,2886.0
20.961731318000602,12.852,2.0689655172413794,206.8965517241379,2659.0344827586205
20.97180688699882,12.88,2.0689655172413794,206.8965517241379,2664.8275862068963
20.981880104000084,12.848,2.0689655172413794,224.13793103448276,2879.724137931035
20.991956506999486,12.872,2.0689655172413794,206.8965517241379,2663.1724137931033
21.0020369089998,12.844,2.0689655172413794,206.8965517241379,2657.379310344827
21.012109995999708,12.872,2.0689655172413794,206.8965517241379,2663.1724137931033
21.02218734300004,12.848,2.0689655172413794,206.8965517241379,2658.206896551724
21.03226480000012,12.876,2.0689655172413794,206.8965517241379,2663.9999999999995
21.042343405999418,12.852,2.0689655172413794,206.8965517241379,2659.0344827586205
21.0524177899988,12.88,2.0689655172413794,206.8965517241379,2664.8275862068963
21.06249108100019,12.852,2.2413793103448274,206.8965517241379,2659.0344827586205
21.072567445999084,12.88,2.0689655172413794,206.8965517241379,2664.8275862068963
21.08264312599931,12.852,2.0689655172413794,206.8965517241379,2659.0344827586205
21.09271928799899,12.868,2.0689655172413794,206.8965517241379,2662.3448275862065
21.10280526399947,12.852,2.0689655172413794,224.13793103448276,2880.6206896551726
21.112882944000376,12.868,2.0689655172413794,206.8965517241379,2662.3448275862065
21.122963734998848,12.852,2.0689655172413794,206.8965517241379,2659.0344827586205
21.133044580999922,12.872,2.0689655172413794,224.13793103448276,2885.103448275862
21.143125687000065,12.852,2.0689655172413794,206.8965517241379,2659.0344827586205
21.153227237000465,12.876,2.0689655172413794,206.8965517241379,2663.9999999999995
21.16330895399915,12.852,2.2413793103448274,206.8965517241379,2659.0344827586205
21.17339135600014,12.876,2.0689655172413794,206.8965517241379,2663.9999999999995
21.18347181399986,12.848,2.0689655172413794,206.8965517241379,2658.206896551724
21.19355127199924,12.88,2.0689655172413794,206.8965517241379,2664.8275862068963
21.203638896000484,12.844,2.0689655172413794,224.13793103448276,2878.8275862068963
21.213716334999845,12.876,2.0689655172413794,224.13793103448276,2886.0
21.223795144998803,12.852,2.0689655172413794,206.8965517241379,2659.0344827586205
21.23387371299941,12.876,2.0689655172413794,206.8965517241379,2663.9999999999995
21.243950763999237,12.852,2.0689655172413794,206.8965517241379,2659.0344827586205
21.254028314000607,12.88,2.0689655172413794,206.8965517241379,2664.8275862068963
21.26410264200058,12.848,2.0689655172413794,206.8965517241379,2658.206896551724
21.27417437799886,12.88,2.0689655172413794,206.8965517241379,2664.8275862068963
21.284247632000188,12.848,2.0689655172413794,206.8965517241379,2658.206896551724
21.294325348999337,12.876,2.0689655172413794,206.8965517241379,2663.9999999999995
21.3044076770002,12.852,2.2413793103448274,206.8965517241379,2659.0344827586205
21.31448593099958,12.868,2.0689655172413794,206.8965517241379,2662.3448275862065
21.32456348099913,12.852,2.0689655172413794,206.8965517241379,2659.0344827586205
21.334637105999718,12.872,2.0689655172413794,206.8965517241379,2663.1724137931033
21.344713192998825,12.852,2.0689655172413794,206.8965517241379,2659.0344827586205
21.354789187998904,12.88,2.0689655172413794,224.13793103448276,2886.896551724138
21.364865904999533,12.848,2.0689655172413794,224.13793103448276,2879.724137931035
21.37493965899921,12.88,2.0689655172413794,206.8965517241379,2664.8275862068963
21.38501609800005,12.848,2.0689655172413794,224.13793103448276,2879.724137931035
21.395098425999095,12.884,2.0689655172413794,206.8965517241379,2665.655172413793
21.40518319900002,12.844,2.0689655172413794,206.8965517241379,2657.379310344827
21.415263879000122,12.884,2.0689655172413794,206.8965517241379,2665.655172413793
21.425345798999842,12.848,2.0689655172413794,206.8965517241379,2658.206896551724
21.435425663999922,12.876,2.0689655172413794,206.8965517241379,2663.9999999999995
21.445507436999833,12.848,2.0689655172413794,206.8965517241379,2658.206896551724
21.45558720900044,12.876,2.0689655172413794,206.8965517241379,2663.9999999999995
21.465668908000225,12.848,2.0689655172413794,206.8965517241379,2658.206896551724
21.475777383000604,12.88,2.0689655172413794,206.8965517241379,2664.8275862068963
21.48586100799912,12.848,2.0689655172413794,206.8965517241379,2658.206896551724
21.49593805800032,12.876,2.0689655172413794,206.8965517241379,2663.9999999999995
21.50610760699965,12.848,2.0689655172413794,206.8965517241379,2658.206896551724
21.516184582998903,12.876,2.0689655172413794,206.8965517241379,2663.9999999999995
21.526263558998835,12.848,2.0689655172413794,224.13793103448276,2879.724137931035
21.536340331998872,12.876,2.0689655172413794,206.8965517241379,2663.9999999999995
21.54641856699891,12.852,2.0689655172413794,206.8965517241379,2659.0344827586205
21.556494729000406,12.876,2.2413793103448274,206.8965517241379,2663.9999999999995
21.566571945999385,12.852,2.0689655172413794,206.8965517241379,2659.0344827586205
21.576648977999866,12.88,2.0689655172413794,206.8965517241379,2664.8275862068963
21.58672534300058,12.848,2.0689655172413794,206.8965517241379,2658.206896551724
21.596801522999158,12.88,2.0689655172413794,206.8965517241379,2664.8275862068963
21.606918997998946,12.84,2.0689655172413794,224.13793103448276,2877.9310344827586
21.61699617799968,12.88,2.0689655172413794,206.8965517241379,2664.8275862068963
21.627076894999846,12.844,2.0689655172413794,206.8965517241379,2657.379310344827
21.637156409000454,12.884,2.0689655172413794,206.8965517241379,2665.655172413793
21.647237384999244,12.844,2.0689655172413794,206.8965517241379,2657.379310344827
21.65731902799962,12.876,2.2413793103448274,206.8965517241379,2663.9999999999995
21.66739963299915,12.848,2.0689655172413794,206.8965517241379,2658.206896551724
21.67748162799944,12.876,2.2413793103448274,206.8965517241379,2663.9999999999995
21.687558641000578,12.848,2.0689655172413794,206.8965517241379,2658.206896551724
21.697638968998945,12.876,2.2413793103448274,206.8965517241379,2663.9999999999995
21.707730370999343,12.848,2.0689655172413794,206.8965517241379,2658.206896551724
21.71780897700046,12.872,2.0689655172413794,206.8965517241379,2663.1724137931033
21.727885341999354,12.844,2.0689655172413794,206.8965517241379,2657.379310344827
21.73796331899939,12.88,2.0689655172413794,206.8965517241379,2664.8275862068963
21.748036351000337,12.848,2.0689655172413794,224.13793103448276,2879.724137931035
21.7581132159994,12.876,2.0689655172413794,206.8965517241379,2663.9999999999995
21.768187839999882,12.848,2.0689655172413794,206.8965517241379,2658.206896551724
21.778261167999517,12.876,2.0689655172413794,206.8965517241379,2663.9999999999995
21.788337384999977,12.848,2.0689655172413794,206.8965517241379,2658.206896551724
21.79841543600014,12.88,2.0689655172413794,206.8965517241379,2664.8275862068963
21.80849692999982,12.84,2.2413793103448274,224.13793103448276,2877.9310344827586
21.818574314000216,12.88,2.0689655172413794,206.8965517241379,2664.8275862068963
21.82865090099949,12.84,2.2413793103448274,206.8965517241379,2656.5517241379307
21.838727581000057,12.88,2.0689655172413794,206.8965517241379,2664.8275862068963
21.848803946999396,12.844,2.0689655172413794,206.8965517241379,2657.379310344827
21.858880477999264,12.884,2.0689655172413794,206.8965517241379,2665.655172413793
21.868962528998964,12.848,2.0689655172413794,206.8965517241379,2658.206896551724
21.879043504999572,12.876,2.0689655172413794,206.8965517241379,2663.9999999999995
21.889123592000033,12.848,2.0689655172413794,206.8965517241379,2658.206896551724
21.8992041420006,12.876,2.0689655172413794,206.8965517241379,2663.9999999999995
21.90925034099928,12.848,2.0689655172413794,206.8965517241379,2658.206896551724
21.91932361399995,12.876,2.0689655172413794,206.8965517241379,2663.9999999999995
21.92940286799967,12.844,2.0689655172413794,206.8965517241379,2657.379310344827
21.939478788999622,12.88,2.0689655172413794,206.8965517241379,2664.8275862068963
21.949556171999575,12.848,2.2413793103448274,206.8965517241379,2658.206896551724
21.959629740998935,12.876,2.0689655172413794,206.8965517241379,2663.9999999999995
21.969706439998845,12.852,2.0689655172413794,206.8965517241379,2659.0344827586205
21.97977949000051,12.876,2.0689655172413794,224.13793103448276,2886.0
21.98985841099966,12.852,2.0689655172413794,224.13793103448276,2880.6206896551726
21.99993496099887,12.876,2.0689655172413794,206.8965517241379,2663.9999999999995
22.01000903000022,12.844,2.0689655172413794,206.8965517241379,2657.379310344827
22.02009213599922,12.88,2.0689655172413794,206.8965517241379,2664.8275862068963
22.03017298299892,12.84,2.0689655172413794,189.65517241379308,2435.1724137931033
22.040253828999994,12.88,2.0689655172413794,206.8965517241379,2664.8275862068963
22.050332786999206,12.84,2.0689655172413794,206.8965517241379,2656.5517241379307
22.060409337000237,12.88,2.0689655172413794,206.8965517241379,2664.8275862068963
22.07048983200002,12.844,2.0689655172413794,206.8965517241379,2657.379310344827
22.080570677999276,12.88,2.2413793103448274,206.8965517241379,2664.8275862068963
22.090648487999715,12.848,2.0689655172413794,206.8965517241379,2658.206896551724
22.100725426998906,12.876,2.0689655172413794,206.8965517241379,2663.9999999999995
22.11080601499998,12.848,2.0689655172413794,206.8965517241379,2658.206896551724
22.120916063999175,12.872,2.0689655172413794,206.8965517241379,2663.1724137931033
22.130999392000376,12.848,2.0689655172413794,206.8965517241379,2658.206896551724
22.141075276000265,12.88,2.0689655172413794,206.8965517241379,2664.8275862068963
22.151148196999202,12.844,2.0689655172413794,206.8965517241379,2657.379310344827
22.16122846899998,12.88,2.0689655172413794,206.8965517241379,2664.8275862068963
22.171305575000588,12.852,2.0689655172413794,206.8965517241379,2659.0344827586205
22.181388921999314,12.876,2.0689655172413794,206.8965517241379,2663.9999999999995
22.191472341999543,12.852,2.0689655172413794,206.8965517241379,2659.0344827586205
22.20154446699962,12.876,2.0689655172413794,206.8965517241379,2663.9999999999995
22.211656053999832,12.844,2.0689655172413794,206.8965517241379,2657.379310344827
22.22173854799985,12.876,2.0689655172413794,206.8965517241379,2663.9999999999995
22.23181474699959,12.84,2.0689655172413794,206.8965517241379,2656.5517241379307
22.241892242000176,12.88,2.0689655172413794,206.8965517241379,2664.8275862068963
22.25196943999981,12.844,2.0689655172413794,206.8965517241379,2657.379310344827
22.26204247199894,12.88,2.0689655172413794,206.8965517241379,2664.8275862068963
22.27211333699961,12.848,2.0689655172413794,206.8965517241379,2658.206896551724
22.28219125800024,12.876,2.0689655172413794,206.8965517241379,2663.9999999999995
22.292268142000466,12.848,2.0689655172413794,206.8965517241379,2658.206896551724
22.302344988000186,12.876,2.0689655172413794,206.8965517241379,2663.9999999999995
22.312432537999484,12.876,2.0689655172413794,189.65517241379308,2441.9999999999995
22.322514718000093,12.896,2.0689655172413794,206.8965517241379,2668.137931034483
22.33259178699882,12.872,2.0689655172413794,189.65517241379308,2441.2413793103447
22.34267352200004,12.892,2.0689655172413794,206.8965517241379,2667.3103448275856
22.35275364699919,12.86,2.0689655172413794,206.8965517241379,2660.6896551724135
22.362834474999545,12.892,2.0689655172413794,189.65517241379308,2445.0344827586205
22.372914747000323,12.86,2.0689655172413794,189.65517241379308,2438.965517241379
22.38299548299983,12.892,2.0689655172413794,189.65517241379308,2445.0344827586205
22.393076088999806,12.864,2.0689655172413794,206.8965517241379,2661.5172413793102
22.403157286998976,12.888,2.0689655172413794,189.65517241379308,2444.275862068965
22.41325080000024,12.86,1.8965517241379308,189.65517241379308,2438.965517241379
22.423328442999264,12.892,2.0689655172413794,189.65517241379308,2445.0344827586205
22.43340503000036,12.86,2.0689655172413794,206.8965517241379,2660.6896551724135
22.443481303000226,12.868,2.0689655172413794,206.8965517241379,2662.3448275862065
22.453557020000517,12.832,2.2413793103448274,206.8965517241379,2654.8965517241377
22.46363294100047,12.876,2.0689655172413794,206.8965517241379,2663.9999999999995
22.473711249998814,12.844,2.0689655172413794,206.8965517241379,2657.379310344827
22.48379178200048,12.88,2.0689655172413794,206.8965517241379,2664.8275862068963
22.493869072999587,12.848,2.0689655172413794,206.8965517241379,2658.206896551724
22.50394532700011,12.876,2.0689655172413794,206.8965517241379,2663.9999999999995
22.5140986539991,12.848,2.0689655172413794,206.8965517241379,2658.206896551724
22.52418075999958,12.872,2.0689655172413794,206.8965517241379,2663.1724137931033
22.53426140299962,12.852,2.0689655172413794,206.8965517241379,2659.0344827586205
22.54434200799915,12.872,2.0689655172413794,206.8965517241379,2663.1724137931033
22.55442244799997,12.848,2.0689655172413794,206.8965517241379,2658.206896551724
22.564503441999477,12.88,2.2413793103448274,206.8965517241379,2664.8275862068963
22.5745837329996,12.848,2.0689655172413794,206.8965517241379,2658.206896551724
22.5846644129997,12.88,2.0689655172413794,206.8965517241379,2664.8275862068963
22.594744427000478,12.848,1.8965517241379308,224.13793103448276,2879.724137931035
22.604824050999014,12.88,2.0689655172413794,206.8965517241379,2664.8275862068963
22.614973378000286,12.844,2.0689655172413794,206.8965517241379,2657.379310344827
22.62505026100007,12.876,2.0689655172413794,206.8965517241379,2663.9999999999995
22.635126663999472,12.844,2.0689655172413794,206.8965517241379,2657.379310344827
22.645225416999892,12.876,2.0689655172413794,206.8965517241379,2663.9999999999995
22.655300337999506,12.848,2.0689655172413794,206.8965517241379,2658.206896551724
22.665376406999712,12.88,2.0689655172413794,206.8965517241379,2664.8275862068963
22.675452216999474,12.844,2.0689655172413794,206.8965517241379,2657.379310344827
22.68552808200002,12.88,2.0689655172413794,206.8965517241379,2664.8275862068963
22.69560431699938,12.848,2.0689655172413794,206.8965517241379,2658.206896551724
22.70568173799984,12.88,2.0689655172413794,224.13793103448276,2886.896551724138
22.715768140000364,12.848,2.0689655172413794,206.8965517241379,2658.206896551724
22.72585150499981,12.872,2.0689655172413794,224.13793103448276,2885.103448275862
22.735931832999995,12.848,2.0689655172413794,206.8965517241379,2658.206896551724
22.746011160999842,12.872,2.0689655172413794,206.8965517241379,2663.1724137931033
22.756091359999118,12.852,2.0689655172413794,206.8965517241379,2659.0344827586205
22.76617035399977,12.876,1.8965517241379308,224.13793103448276,2886.0
22.776249942000504,12.852,2.0689655172413794,206.8965517241379,2659.0344827586205
22.78633067699957,12.88,2.0689655172413794,206.8965517241379,2664.8275862068963
22.796411875000558,12.848,2.0689655172413794,206.8965517241379,2658.206896551724
22.806491851999454,12.88,2.2413793103448274,206.8965517241379,2664.8275862068963
22.816583013000127,12.844,2.0689655172413794,224.13793103448276,2878.8275862068963
22.8266636190001,12.88,2.0689655172413794,206.8965517241379,2664.8275862068963
22.836745075999715,12.844,2.2413793103448274,206.8965517241379,2657.379310344827
22.846824479000134,12.88,2.0689655172413794,206.8965517241379,2664.8275862068963
22.856903657999283,12.848,2.0689655172413794,206.8965517241379,2658.206896551724
22.866983005000293,12.876,2.0689655172413794,206.8965517241379,2663.9999999999995
22.877063906998956,12.852,2.0689655172413794,206.8965517241379,2659.0344827586205
22.887144680000347,12.876,2.0689655172413794,206.8965517241379,2663.9999999999995
22.897226655999475,12.852,2.0689655172413794,206.8965517241379,2659.0344827586205
22.90730759500002,12.88,2.0689655172413794,206.8965517241379,2664.8275862068963
22.917415792999236,12.848,2.0689655172413794,206.8965517241379,2658.206896551724
22.927494825000394,12.876,2.2413793103448274,224.13793103448276,2886.0
22.93757659699986,12.848,2.0689655172413794,206.8965517241379,2658.206896551724
22.94765772199935,12.876,2.0689655172413794,206.8965517241379,2663.9999999999995
22.95773995699892,12.852,2.0689655172413794,224.13793103448276,2880.6206896551726
22.96782041500046,12.876,2.0689655172413794,206.8965517241379,2663.9999999999995
22.9778992800002,12.856,2.0689655172413794,206.8965517241379,2659.8620689655168
22.987978699999076,12.876,2.0689655172413794,206.8965517241379,2663.9999999999995
22.99805917699996,12.852,2.0689655172413794,206.8965517241379,2659.0344827586205
23.008138282999425,12.876,2.0689655172413794,206.8965517241379,2663.9999999999995
23.01824529499936,12.852,2.0689655172413794,206.8965517241379,2659.0344827586205
23.02832653099904,12.876,2.0689655172413794,206.8965517241379,2663.9999999999995
23.03840722899986,12.844,2.2413793103448274,206.8965517241379,2657.379310344827
23.048486779000086,12.876,2.0689655172413794,224.13793103448276,2886.0
23.058566959000018,12.848,2.0689655172413794,206.8965517241379,2658.206896551724
23.068647602000055,12.876,2.0689655172413794,206.8965517241379,2663.9999999999995
23.07872861499891,12.852,2.2413793103448274,206.8965517241379,2659.0344827586205
23.088809073000448,12.876,2.0689655172413794,189.65517241379308,2441.9999999999995
23.098888882999745,12.852,2.0689655172413794,206.8965517241379,2659.0344827586205
23.108968043999994,12.876,2.0689655172413794,206.8965517241379,2663.9999999999995
23.11905961299999,12.852,2.0689655172413794,206.8965517241379,2659.0344827586205
23.12914040400028,12.872,2.0689655172413794,206.8965517241379,2663.1724137931033
23.139221584000552,12.852,2.0689655172413794,206.8965517241379,2659.0344827586205
23.14930417100004,12.872,2.2413793103448274,189.65517241379308,2441.2413793103447
23.15938342499976,12.852,2.2413793103448274,206.8965517241379,2659.0344827586205
23.169466457000453,12.876,2.0689655172413794,206.8965517241379,2663.9999999999995
23.179547061999983,12.852,2.0689655172413794,206.8965517241379,2659.0344827586205
23.189626797999153,12.872,2.0689655172413794,206.8965517241379,2663.1724137931033
23.199706310999318,12.856,2.0689655172413794,206.8965517241379,2659.8620689655168
23.209790434999377,12.872,2.2413793103448274,224.13793103448276,2885.103448275862
23.219897633000073,12.852,2.0689655172413794,206.8965517241379,2659.0344827586205
23.22997844299971,12.876,2.0689655172413794,206.8965517241379,2663.9999999999995
23.24005914100053,12.848,2.2413793103448274,224.13793103448276,2879.724137931035
23.250142431999848,12.876,2.2413793103448274,206.8965517241379,2663.9999999999995
23.26022331599961,12.844,2.2413793103448274,224.13793103448276,2878.8275862068963
23.270303606999732,12.876,2.2413793103448274,206.8965517241379,2663.9999999999995
23.280384212999707,12.848,2.0689655172413794,206.8965517241379,2658.206896551724
23.290463429999363,12.876,2.0689655172413794,224.13793103448276,2886.0
23.300543164999908,12.852,2.0689655172413794,224.13793103448276,2880.6206896551726
23.310623863999353,12.872,2.0689655172413794,206.8965517241379,2663.1724137931033
23.320777541999632,12.856,1.8965517241379308,206.8965517241379,2659.8620689655168
23.330854185000135,12.872,2.0689655172413794,206.8965517241379,2663.1724137931033
23.340930772999855,12.852,2.0689655172413794,206.8965517241379,2659.0344827586205
23.351003841999045,12.868,2.0689655172413794,206.8965517241379,2662.3448275862065
23.36107944700052,12.848,2.0689655172413794,206.8965517241379,2658.206896551724
23.371155609000198,12.876,2.0689655172413794,206.8965517241379,2663.9999999999995
23.38123182599884,12.852,2.0689655172413794,206.8965517241379,2659.0344827586205
23.39130693200059,12.872,2.0689655172413794,206.8965517241379,2663.1724137931033
23.401381779000076,12.856,2.2413793103448274,206.8965517241379,2659.8620689655168
23.41145771799893,12.872,2.0689655172413794,224.13793103448276,2885.103448275862
23.421543008998924,12.856,2.0689655172413794,206.8965517241379,2659.8620689655168
23.431622484999025,12.872,2.0689655172413794,206.8965517241379,2663.1724137931033
23.441704460999972,12.852,2.2413793103448274,206.8965517241379,2659.0344827586205
23.45178477099944,12.872,2.0689655172413794,206.8965517241379,2663.1724137931033
23.46186517299975,12.844,2.0689655172413794,206.8965517241379,2657.379310344827
23.471944482000254,12.876,2.0689655172413794,206.8965517241379,2663.9999999999995
23.48203064399968,12.848,2.0689655172413794,206.8965517241379,2658.206896551724
23.492110657000012,12.872,2.0689655172413794,206.8965517241379,2663.1724137931033
23.502191096000388,12.852,2.0689655172413794,206.8965517241379,2659.0344827586205
23.512272554000447,12.872,2.0689655172413794,206.8965517241379,2663.1724137931033
23.522438805999627,12.856,2.0689655172413794,206.8965517241379,2659.8620689655168
23.532517931000257,12.872,2.0689655172413794,224.13793103448276,2885.103448275862
23.542594499000188,12.86,2.0689655172413794,206.8965517241379,2660.6896551724135
23.552675253000416,12.868,2.0689655172413794,206.8965517241379,2662.3448275862065
23.56275611899946,12.852,2.0689655172413794,206.8965517241379,2659.0344827586205
23.57283126099901,12.872,2.0689655172413794,206.8965517241379,2663.1724137931033
23.58290494100038,12.852,2.0689655172413794,206.8965517241379,2659.0344827586205
23.592982177000522,12.872,2.0689655172413794,206.8965517241379,2663.1724137931033
23.603059412998846,12.856,2.0689655172413794,206.8965517241379,2659.8620689655168
23.61313611100013,12.872,2.0689655172413794,206.8965517241379,2663.1724137931033
23.62324443899888,12.856,2.0689655172413794,206.8965517241379,2659.8620689655168
23.633323432999532,12.872,2.0689655172413794,206.8965517241379,2663.1724137931033
23.643400168999506,12.852,2.0689655172413794,224.13793103448276,2880.6206896551726
23.653478164000262,12.872,2.0689655172413794,206.8965517241379,2663.1724137931033
23.663555102999453,12.848,2.0689655172413794,206.8965517241379,2658.206896551724
23.6736320050004,12.872,2.0689655172413794,206.8965517241379,2663.1724137931033
23.68370849999883,12.852,2.0689655172413794,224.13793103448276,2880.6206896551726
23.693786345998888,12.872,2.0689655172413794,206.8965517241379,2663.1724137931033
23.703862803999073,12.852,2.0689655172413794,206.8965517241379,2659.0344827586205
23.713940428999194,12.876,2.0689655172413794,224.13793103448276,2886.0
23.724025182000332,12.856,2.0689655172413794,206.8965517241379,2659.8620689655168
23.73410543600039,12.864,2.2413793103448274,206.8965517241379,2661.5172413793102
23.74418606099971,12.86,2.0689655172413794,206.8965517241379,2660.6896551724135
23.754267315000106,12.864,2.0689655172413794,206.8965517241379,2661.5172413793102
23.764347754000482,12.86,2.0689655172413794,206.8965517241379,2660.6896551724135
23.774428655999145,12.868,2.0689655172413794,206.8965517241379,2662.3448275862065
23.784515428000304,12.86,2.2413793103448274,206.8965517241379,2660.6896551724135
23.794592942000236,12.868,2.0689655172413794,206.8965517241379,2662.3448275862065
23.80467465899892,12.856,2.0689655172413794,206.8965517241379,2659.8620689655168
23.81475544999921,12.872,2.0689655172413794,224.13793103448276,2885.103448275862
23.824847943998975,12.856,2.0689655172413794,206.8965517241379,2659.8620689655168
23.834925253999245,12.872,2.0689655172413794,206.8965517241379,2663.1724137931033
23.845004286000403,12.856,2.0689655172413794,206.8965517241379,2659.8620689655168
23.85508157699951,12.868,2.0689655172413794,206.8965517241379,2662.3448275862065
23.865159200999187,12.856,2.0689655172413794,206.8965517241379,2659.8620689655168
23.87523656600024,12.868,2.0689655172413794,206.8965517241379,2662.3448275862065
23.885314912999092,12.852,2.0689655172413794,206.8965517241379,2659.0344827586205
23.895390796000356,12.872,2.0689655172413794,206.8965517241379,2663.1724137931033
23.905469420998998,12.852,2.0689655172413794,206.8965517241379,2659.0344827586205
23.91554597100003,12.868,2.0689655172413794,224.13793103448276,2884.206896551724
23.925634781000554,12.856,2.0689655172413794,206.8965517241379,2659.8620689655168
23.935717016000126,12.868,2.0689655172413794,224.13793103448276,2884.206896551724
23.945800121999127,12.86,2.0689655172413794,206.8965517241379,2660.6896551724135
23.95588111699908,12.864,2.0689655172413794,206.8965517241379,2661.5172413793102
23.965963073998864,12.864,2.0689655172413794,206.8965517241379,2661.5172413793102
23.97604360600053,12.864,2.0689655172413794,206.8965517241379,2661.5172413793102
23.986124544999257,12.864,2.0689655172413794,206.8965517241379,2661.5172413793102
23.99620553999921,12.868,2.0689655172413794,206.8965517241379,2662.3448275862065
24.006285756999205,12.864,2.0689655172413794,206.8965517241379,2661.5172413793102
24.016365547999158,12.868,2.0689655172413794,206.8965517241379,2662.3448275862065
24.026456894000148,12.856,2.2413793103448274,206.8965517241379,2659.8620689655168
24.0365344439997,12.868,2.0689655172413794,206.8965517241379,2662.3448275862065
24.046611309999207,12.856,2.0689655172413794,224.13793103448276,2881.5172413793102
24.05668713799969,12.868,2.0689655172413794,206.8965517241379,2662.3448275862065
24.06676257700019,12.856,2.0689655172413794,206.8965517241379,2659.8620689655168
24.07683908999934,12.868,2.0689655172413794,206.8965517241379,2662.3448275862065
24.08691562199965,12.864,2.0689655172413794,206.8965517241379,2661.5172413793102
24.09699220999937,12.868,2.0689655172413794,206.8965517241379,2662.3448275862065
24.107068777999302,12.856,2.0689655172413794,224.13793103448276,2881.5172413793102
24.117145181000524,12.868,2.0689655172413794,224.13793103448276,2884.206896551724
24.12726474900046,12.856,2.0689655172413794,206.8965517241379,2659.8620689655168
24.137347706000583,12.868,2.0689655172413794,206.8965517241379,2662.3448275862065
24.147428701000536,12.86,2.0689655172413794,206.8965517241379,2660.6896551724135
24.15751743600049,12.86,2.0689655172413794,206.8965517241379,2660.6896551724135
24.167599967999195,12.864,2.0689655172413794,206.8965517241379,2661.5172413793102
24.177684389000206,12.864,2.0689655172413794,206.8965517241379,2661.5172413793102
24.18775923499925,12.864,2.0689655172413794,206.8965517241379,2661.5172413793102
24.19784000799882,12.86,2.0689655172413794,224.13793103448276,2882.4137931034484
24.20792007700038,12.868,2.0689655172413794,206.8965517241379,2662.3448275862065
24.218000589999065,12.864,2.0689655172413794,206.8965517241379,2661.5172413793102
24.228091528999357,12.868,2.0689655172413794,206.8965517241379,2662.3448275862065
24.238168820000283,12.868,2.0689655172413794,206.8965517241379,2662.3448275862065
24.24824531500053,12.86,2.0689655172413794,224.13793103448276,2882.4137931034484
24.258324532000188,12.868,2.0689655172413794,206.8965517241379,2662.3448275862065
24.2684010640005,12.856,2.2413793103448274,206.8965517241379,2659.8620689655168
24.27848061399891,12.868,2.0689655172413794,206.8965517241379,2662.3448275862065
24.288557238000067,12.864,2.0689655172413794,206.8965517241379,2661.5172413793102
24.298633639999025,12.864,2.0689655172413794,206.8965517241379,2661.5172413793102
24.308710412999062,12.868,2.2413793103448274,206.8965517241379,2662.3448275862065
24.318786574000114,12.868,2.0689655172413794,206.8965517241379,2662.3448275862065
24.328871161998904,12.86,2.0689655172413794,206.8965517241379,2660.6896551724135
24.338952563999555,12.868,2.0689655172413794,206.8965517241379,2662.3448275862065
24.34903340999881,12.86,2.0689655172413794,206.8965517241379,2660.6896551724135
24.35911458999908,12.86,2.0689655172413794,224.13793103448276,2882.4137931034484
24.36922252899967,12.864,2.0689655172413794,206.8965517241379,2661.5172413793102
24.379303523999624,12.86,2.0689655172413794,224.13793103448276,2882.4137931034484
24.389386480999747,12.864,2.0689655172413794,206.8965517241379,2661.5172413793102
24.399467105999065,12.86,2.0689655172413794,206.8965517241379,2660.6896551724135
24.409549804000562,12.872,2.0689655172413794,206.8965517241379,2663.1724137931033
24.41962961399986,12.86,2.0689655172413794,224.13793103448276,2882.4137931034484
24.429718460000004,12.872,2.0689655172413794,206.8965517241379,2663.1724137931033
24.43979928800036,12.864,2.0689655172413794,206.8965517241379,2661.5172413793102
24.449882024000544,12.864,2.0689655172413794,224.13793103448276,2883.3103448275865
24.459962017999715,12.86,2.0689655172413794,206.8965517241379,2660.6896551724135
24.47004310599914,12.86,2.0689655172413794,206.8965517241379,2660.6896551724135
24.480135821999284,12.86,2.0689655172413794,224.13793103448276,2882.4137931034484
24.490219039000294,12.864,2.0689655172413794,206.8965517241379,2661.5172413793102
24.50030047799919,12.86,2.0689655172413794,206.8965517241379,2660.6896551724135
24.51038306599912,12.868,2.0689655172413794,224.13793103448276,2884.206896551724
24.5204645599988,12.86,2.0689655172413794,206.8965517241379,2660.6896551724135
24.5306265349991,12.872,2.0689655172413794,206.8965517241379,2663.1724137931033
24.54070414099988,12.86,2.0689655172413794,224.13793103448276,2882.4137931034484
24.550779932000296,12.864,2.0689655172413794,206.8965517241379,2661.5172413793102
24.560856870999487,12.856,2.0689655172413794,206.8965517241379,2659.8620689655168
24.57093321799948,12.864,2.0689655172413794,206.8965517241379,2661.5172413793102
24.581008379000195,12.856,2.2413793103448274,206.8965517241379,2659.8620689655168
24.591085467000084,12.868,2.0689655172413794,206.8965517241379,2662.3448275862065
24.601162831999318,12.86,2.0689655172413794,206.8965517241379,2660.6896551724135
24.61124017899965,12.872,2.0689655172413794,206.8965517241379,2663.1724137931033
24.621318450999752,12.856,2.0689655172413794,206.8965517241379,2659.8620689655168
24.631444055999964,12.872,2.0689655172413794,206.8965517241379,2663.1724137931033
24.641527440000573,12.856,2.0689655172413794,206.8965517241379,2659.8620689655168
24.651608526999553,12.868,2.0689655172413794,224.13793103448276,2884.206896551724
24.661691576999146,12.86,2.0689655172413794,206.8965517241379,2660.6896551724135
24.671772941999734,12.868,2.0689655172413794,206.8965517241379,2662.3448275862065
24.681854844000554,12.86,2.0689655172413794,206.8965517241379,2660.6896551724135
24.691935134998857,12.864,2.0689655172413794,206.8965517241379,2661.5172413793102
24.702016297000227,12.856,2.0689655172413794,206.8965517241379,2659.8620689655168
24.712097383999208,12.868,2.2413793103448274,206.8965517241379,2662.3448275862065
24.722178137999435,12.856,2.0689655172413794,206.8965517241379,2659.8620689655168
24.732269021998945,12.872,2.0689655172413794,224.13793103448276,2885.103448275862
24.74235007199968,12.856,2.0689655172413794,206.8965517241379,2659.8620689655168
24.752430880998872,12.872,2.2413793103448274,224.13793103448276,2885.103448275862
24.76251213499927,12.852,2.0689655172413794,224.13793103448276,2880.6206896551726
24.772592036999413,12.872,2.0689655172413794,224.13793103448276,2885.103448275862
24.78267379099998,12.852,2.0689655172413794,224.13793103448276,2880.6206896551726
24.792753694000567,12.868,2.0689655172413794,206.8965517241379,2662.3448275862065
24.80283502199927,12.856,2.0689655172413794,224.13793103448276,2881.5172413793102
24.812916238999605,12.868,2.0689655172413794,206.8965517241379,2662.3448275862065
24.822997769999347,12.856,2.0689655172413794,206.8965517241379,2659.8620689655168
24.833103282999218,12.872,2.0689655172413794,206.8965517241379,2663.1724137931033
24.843183536999277,12.856,2.0689655172413794,206.8965517241379,2659.8620689655168
24.853263901999526,12.872,2.0689655172413794,206.8965517241379,2663.1724137931033
24.863345378000304,12.852,2.0689655172413794,206.8965517241379,2659.0344827586205
24.8734280030003,12.868,2.0689655172413794,206.8965517241379,2662.3448275862065
24.883508626999173,12.856,2.0689655172413794,206.8965517241379,2659.8620689655168
24.893591121999634,12.876,2.0689655172413794,206.8965517241379,2663.9999999999995
24.903672209000433,12.856,2.0689655172413794,206.8965517241379,2659.8620689655168
24.91375242600043,12.868,2.0689655172413794,189.65517241379308,2440.4827586206893
24.92383223499928,12.852,2.0689655172413794,206.8965517241379,2659.0344827586205
24.933906582000418,12.868,2.0689655172413794,206.8965517241379,2662.3448275862065
24.943987557999208,12.852,2.0689655172413794,206.8965517241379,2659.0344827586205
24.9540683310006,12.872,2.0689655172413794,206.8965517241379,2663.1724137931033
24.9641490289996,12.848,2.0689655172413794,206.8965517241379,2658.206896551724
24.974230023999553,12.876,2.0689655172413794,206.8965517241379,2663.9999999999995
24.984310907999316,12.844,2.0689655172413794,206.8965517241379,2657.379310344827
24.994391938998888,12.876,2.0689655172413794,206.8965517241379,2663.9999999999995
25.004472581998925,12.852,2.0689655172413794,224.13793103448276,2880.6206896551726
25.0145519839989,12.868,2.0689655172413794,206.8965517241379,2662.3448275862065
25.024633237999296,12.852,2.0689655172413794,206.8965517241379,2659.0344827586205
25.034722492000583,12.872,2.0689655172413794,206.8965517241379,2663.1724137931033
25.044802504999097,12.852,2.0689655172413794,206.8965517241379,2659.0344827586205
25.054882426000404,12.876,2.0689655172413794,206.8965517241379,2663.9999999999995
25.06496275400059,12.852,2.0689655172413794,206.8965517241379,2659.0344827586205
25.07504352700016,12.872,2.0689655172413794,206.8965517241379,2663.1724137931033
25.085123983999438,12.852,2.0689655172413794,206.8965517241379,2659.0344827586205
25.095203794000554,12.876,2.0689655172413794,206.8965517241379,2663.9999999999995
25.105284195999047,12.852,2.0689655172413794,206.8965517241379,2659.0344827586205
25.11536481999974,12.872,2.0689655172413794,206.8965517241379,2663.1724137931033
25.125447444999736,12.852,2.0689655172413794,206.8965517241379,2659.0344827586205
25.13555279100001,12.872,2.0689655172413794,206.8965517241379,2663.1724137931033
25.14563547099897,12.852,2.0689655172413794,206.8965517241379,2659.0344827586205
25.155716409999513,12.876,2.0689655172413794,206.8965517241379,2663.9999999999995
25.165798201000143,12.848,2.0689655172413794,206.8965517241379,2658.206896551724
25.175878881000244,12.88,2.0689655172413794,206.8965517241379,2664.8275862068963
25.18596015299954,12.844,2.2413793103448274,206.8965517241379,2657.379310344827
25.196040851998987,12.88,2.0689655172413794,206.8965517241379,2664.8275862068963
25.206120827999257,12.844,2.2413793103448274,206.8965517241379,2657.379310344827
25.21620122999957,12.88,2.0689655172413794,206.8965517241379,2664.8275862068963
25.226282483999967,12.852,2.0689655172413794,206.8965517241379,2659.0344827586205
25.236386681999647,12.876,2.0689655172413794,206.8965517241379,2663.9999999999995
25.246467621000193,12.852,2.0689655172413794,206.8965517241379,2659.0344827586205
25.256548707999173,12.876,2.0689655172413794,206.8965517241379,2663.9999999999995
25.266637536000417,12.876,2.0689655172413794,206.8965517241379,2663.9999999999995
25.27671884600022,12.9,2.0689655172413794,206.8965517241379,2668.965517241379
25.28679939599897,12.872,1.8965517241379308,189.65517241379308,2441.2413793103447
25.296879854000508,12.892,2.0689655172413794,206.8965517241379,2667.3103448275856
25.306960514999446,12.868,2.0689655172413794,189.65517241379308,2440.4827586206893
25.31704145399999,12.892,1.8965517241379308,206.8965517241379,2667.3103448275856
25.32712220800022,12.868,1.8965517241379308,206.8965517241379,2662.3448275862065
25.337317478999466,12.888,2.0689655172413794,206.8965517241379,2666.4827586206893
25.347396510998806,12.872,1.8965517241379308,189.65517241379308,2441.2413793103447
25.357483486999627,12.884,2.0689655172413794,189.65517241379308,2443.5172413793102
25.36755748199903,12.864,2.0689655172413794,189.65517241379308,2439.7241379310344
25.377636310000526,12.884,2.0689655172413794,206.8965517241379,2665.655172413793
25.387713359999907,12.868,2.0689655172413794,206.8965517241379,2662.3448275862065
25.397795650998887,12.86,2.0689655172413794,206.8965517241379,2660.6896551724135
25.40788101599901,12.844,2.0689655172413794,224.13793103448276,2878.8275862068963
25.417959418000464,12.872,2.0689655172413794,224.13793103448276,2885.103448275862
25.428032764999443,12.852,2.0689655172413794,206.8965517241379,2659.0344827586205
25.438122184999884,12.872,2.0689655172413794,206.8965517241379,2663.1724137931033
25.448204086998885,12.856,2.0689655172413794,206.8965517241379,2659.8620689655168
25.458288563999304,12.88,2.0689655172413794,206.8965517241379,2664.8275862068963
25.46836983600042,12.856,2.0689655172413794,206.8965517241379,2659.8620689655168
25.478463515999465,12.864,2.0689655172413794,206.8965517241379,2661.5172413793102
25.488548250999884,12.856,2.0689655172413794,206.8965517241379,2659.8620689655168
25.49863254199954,12.868,2.0689655172413794,206.8965517241379,2662.3448275862065
25.5087089259996,12.852,2.0689655172413794,224.13793103448276,2880.6206896551726
25.518790586998875,12.876,2.0689655172413794,206.8965517241379,2663.9999999999995
25.528871840999273,12.852,2.0689655172413794,206.8965517241379,2659.0344827586205
25.539039186000082,12.876,2.0689655172413794,206.8965517241379,2663.9999999999995
25.54911193999942,12.852,2.0689655172413794,206.8965517241379,2659.0344827586205
25.559188805000304,12.872,2.0689655172413794,206.8965517241379,2663.1724137931033
25.569267373999537,12.852,2.0689655172413794,206.8965517241379,2659.0344827586205
25.579344072999447,12.868,2.0689655172413794,206.8965517241379,2662.3448275862065
25.589422344999548,12.848,2.0689655172413794,224.13793103448276,2879.724137931035
25.59949561800022,12.872,2.0689655172413794,206.8965517241379,2663.1724137931033
25.609567890000108,12.852,2.0689655172413794,206.8965517241379,2659.0344827586205
25.61965142199915,12.876,2.0689655172413794,206.8965517241379,2663.9999999999995
25.62973047199921,12.852,2.0689655172413794,224.13793103448276,2880.6206896551726
25.639816023000094,12.88,2.0689655172413794,206.8965517241379,2664.8275862068963
25.649899332000132,12.848,2.0689655172413794,206.8965517241379,2658.206896551724
25.65998017899983,12.876,2.0689655172413794,224.13793103448276,2886.0
25.67006106199915,12.848,2.0689655172413794,206.8965517241379,2658.206896551724
25.680142278999483,12.876,2.0689655172413794,206.8965517241379,2663.9999999999995
25.69022525499895,12.88,2.0689655172413794,189.65517241379308,2442.758620689655
25.70030074999886,12.888,2.0689655172413794,206.8965517241379,2666.4827586206893
25.710380856000484,12.872,2.0689655172413794,206.8965517241379,2663.1724137931033
25.72045814699959,12.884,2.0689655172413794,189.65517241379308,2443.5172413793102
25.73053862300003,12.872,2.0689655172413794,206.8965517241379,2663.1724137931033
25.740630247999434,12.888,2.0689655172413794,206.8965517241379,2666.4827586206893
25.75070733499888,12.872,2.0689655172413794,206.8965517241379,2663.1724137931033
25.760784181999043,12.888,2.0689655172413794,206.8965517241379,2666.4827586206893
25.770860732000074,12.872,2.0689655172413794,206.8965517241379,2663.1724137931033
25.780937264000386,12.88,2.0689655172413794,206.8965517241379,2664.8275862068963
25.79101092500059,12.868,1.8965517241379308,206.8965517241379,2662.3448275862065
25.801087641999402,12.88,1.8965517241379308,206.8965517241379,2664.8275862068963
25.81116391499927,12.872,2.0689655172413794,206.8965517241379,2663.1724137931033
25.821242316998905,12.852,2.0689655172413794,206.8965517241379,2659.0344827586205
25.8313184969993,12.852,2.0689655172413794,206.8965517241379,2659.0344827586205
25.84139501000027,12.868,2.0689655172413794,206.8965517241379,2662.3448275862065
25.8514713379991,12.856,2.0689655172413794,206.8965517241379,2659.8620689655168
25.861553814000217,12.872,2.0689655172413794,206.8965517241379,2663.1724137931033
25.87163467999926,12.856,2.0689655172413794,224.13793103448276,2881.5172413793102
25.881710859999657,12.868,2.0689655172413794,206.8965517241379,2662.3448275862065
25.89179177999904,12.86,2.0689655172413794,206.8965517241379,2660.6896551724135
25.901874515999225,12.86,2.0689655172413794,206.8965517241379,2660.6896551724135
25.911962731999665,12.86,2.0689655172413794,206.8965517241379,2660.6896551724135
25.922038837999935,12.864,2.0689655172413794,206.8965517241379,2661.5172413793102
25.932120018000205,12.856,2.0689655172413794,206.8965517241379,2659.8620689655168
25.94221116100016,12.868,2.0689655172413794,206.8965517241379,2662.3448275862065
25.952288062999287,12.86,2.0689655172413794,206.8965517241379,2660.6896551724135
25.962365946999853,12.872,2.0689655172413794,206.8965517241379,2663.1724137931033
25.97244236699953,12.86,2.0689655172413794,224.13793103448276,2882.4137931034484
25.982519491999483,12.868,2.0689655172413794,206.8965517241379,2662.3448275862065
25.992596042000514,12.852,2.0689655172413794,206.8965517241379,2659.0344827586205
26.00268020399926,12.868,2.0689655172413794,206.8965517241379,2662.3448275862065
26.01275236499896,12.852,2.0689655172413794,206.8965517241379,2659.0344827586205
26.022829100998933,12.868,2.0689655172413794,206.8965517241379,2662.3448275862065
26.032906057998844,12.856,2.0689655172413794,206.8965517241379,2659.8620689655168
26.0430371450002,12.872,2.0689655172413794,206.8965517241379,2663.1724137931033
26.053126009999687,12.852,2.0689655172413794,206.8965517241379,2659.0344827586205
26.063201838000168,12.872,2.0689655172413794,206.8965517241379,2663.1724137931033
26.07328557300025,12.856,2.0689655172413794,206.8965517241379,2659.8620689655168
26.083366382999884,12.868,2.0689655172413794,224.13793103448276,2884.206896551724
26.093449099998907,12.852,2.0689655172413794,206.8965517241379,2659.0344827586205
26.103530409000086,12.868,2.0689655172413794,206.8965517241379,2662.3448275862065
26.11361312599911,12.852,2.0689655172413794,206.8965517241379,2659.0344827586205
26.123693842999273,12.868,2.0689655172413794,206.8965517241379,2662.3448275862065
26.1337760410006,12.856,2.0689655172413794,206.8965517241379,2659.8620689655168
26.14386753600047,12.868,2.0689655172413794,224.13793103448276,2884.206896551724
26.15394851199926,12.856,2.0689655172413794,224.13793103448276,2881.5172413793102
26.16402584000025,12.872,2.0689655172413794,206.8965517241379,2663.1724137931033
26.174104297999293,12.856,2.0689655172413794,224.13793103448276,2881.5172413793102
26.184185848000197,12.876,2.0689655172413794,206.8965517241379,2663.9999999999995
26.19425982499888,12.848,2.0689655172413794,206.8965517241379,2658.206896551724
26.20433361600044,12.872,2.0689655172413794,206.8965517241379,2663.1724137931033
26.214409795999018,12.848,2.2413793103448274,206.8965517241379,2658.206896551724
26.2244866609999,12.868,2.0689655172413794,206.8965517241379,2662.3448275862065
26.234560377999514,12.852,2.0689655172413794,206.8965517241379,2659.0344827586205
26.244643112999256,12.868,2.0689655172413794,206.8965517241379,2662.3448275862065
26.25472581199938,12.852,2.0689655172413794,206.8965517241379,2659.0344827586205
26.26480275100039,12.876,2.0689655172413794,206.8965517241379,2663.9999999999995
26.274883578998924,12.852,2.0689655172413794,206.8965517241379,2659.0344827586205
26.28496488900055,12.872,2.0689655172413794,206.8965517241379,2663.1724137931033
26.29504603100031,12.852,2.0689655172413794,206.8965517241379,2659.0344827586205
26.305126729999756,12.872,2.0689655172413794,224.13793103448276,2885.103448275862
26.3152078539988,12.852,2.0689655172413794,206.8965517241379,2659.0344827586205
26.32529095999962,12.876,2.0689655172413794,206.8965517241379,2663.9999999999995
26.335374546999446,12.852,2.0689655172413794,206.8965517241379,2659.0344827586205
26.345469596999465,12.872,2.0689655172413794,206.8965517241379,2663.1724137931033
26.355548407000242,12.852,2.0689655172413794,206.8965517241379,2659.0344827586205
26.365624234998904,12.872,2.0689655172413794,206.8965517241379,2663.1724137931033
26.37570119299926,12.852,2.0689655172413794,206.8965517241379,2659.0344827586205
26.385779521000586,12.876,2.0689655172413794,206.8965517241379,2663.9999999999995
26.395856422999714,12.848,2.0689655172413794,206.8965517241379,2658.206896551724
26.40593441800047,12.876,2.0689655172413794,206.8965517241379,2663.9999999999995
26.416017745999852,12.844,2.0689655172413794,206.8965517241379,2657.379310344827
26.42609801799881,12.872,2.0689655172413794,206.8965517241379,2663.1724137931033
26.436174532000223,12.852,2.2413793103448274,224.13793103448276,2880.6206896551726
26.44626258199969,12.872,2.0689655172413794,206.8965517241379,2663.1724137931033
26.456339483998818,12.852,2.0689655172413794,206.8965517241379,2659.0344827586205
26.466418812000484,12.872,2.0689655172413794,206.8965517241379,2663.1724137931033
26.476507788000163,12.856,2.0689655172413794,206.8965517241379,2659.8620689655168
26.48658743099986,12.876,2.2413793103448274,206.8965517241379,2663.9999999999995
26.496671647999392,12.852,2.0689655172413794,224.13793103448276,2880.6206896551726
26.506748679999873,12.872,2.2413793103448274,206.8965517241379,2663.1724137931033
26.516825303999212,12.852,2.2413793103448274,206.8965517241379,2659.0344827586205
26.52690209499997,12.868,2.2413793103448274,206.8965517241379,2662.3448275862065
26.536986070999774,12.852,2.0689655172413794,206.8965517241379,2659.0344827586205
26.547096880000026,12.872,2.0689655172413794,206.8965517241379,2663.1724137931033
26.55717383800038,12.852,2.0689655172413794,206.8965517241379,2659.0344827586205
26.56725662899953,12.872,2.0689655172413794,206.8965517241379,2663.1724137931033
26.577334012999927,12.852,2.0689655172413794,206.8965517241379,2659.0344827586205
26.58741311799895,12.876,2.0689655172413794,206.8965517241379,2663.9999999999995
26.597493649998796,12.852,2.0689655172413794,224.13793103448276,2880.6206896551726
26.607570329999362,12.88,2.2413793103448274,206.8965517241379,2664.8275862068963
26.61764891799976,12.844,2.2413793103448274,206.8965517241379,2657.379310344827
26.627725430998908,12.88,2.0689655172413794,206.8965517241379,2664.8275862068963
26.63779803699981,12.848,2.2413793103448274,206.8965517241379,2658.206896551724
26.647885365000548,12.876,2.0689655172413794,206.8965517241379,2663.9999999999995
26.65796721100014,12.852,2.0689655172413794,206.8965517241379,2659.0344827586205
26.66804833599963,12.876,2.0689655172413794,206.8965517241379,2663.9999999999995
26.6781295339988,12.852,2.0689655172413794,206.8965517241379,2659.0344827586205
26.68821030700019,12.876,2.2413793103448274,206.8965517241379,2663.9999999999995
26.698291430999234,12.852,2.2413793103448274,224.13793103448276,2880.6206896551726
26.708372832999885,12.872,2.0689655172413794,206.8965517241379,2663.1724137931033
26.718454030999055,12.852,2.0689655172413794,206.8965517241379,2659.0344827586205
26.72853493399998,12.876,2.0689655172413794,206.8965517241379,2663.9999999999995
26.7386156499997,12.848,2.2413793103448274,206.8965517241379,2658.206896551724
26.74870594099957,12.88,2.0689655172413794,206.8965517241379,2664.8275862068963
26.7587826580002,12.852,2.0689655172413794,206.8965517241379,2659.0344827586205
26.768858911998905,12.876,2.0689655172413794,224.13793103448276,2886.0
26.778935443999217,12.852,2.0689655172413794,206.8965517241379,2659.0344827586205
26.789007086999845,12.876,2.0689655172413794,206.8965517241379,2663.9999999999995
26.799084897000284,12.852,2.0689655172413794,206.8965517241379,2659.0344827586205
26.80916229899958,12.88,2.0689655172413794,206.8965517241379,2664.8275862068963
26.819238830999893,12.844,2.0689655172413794,206.8965517241379,2657.379310344827
26.829316917999677,12.88,2.0689655172413794,206.8965517241379,2664.8275862068963
26.83939150600054,12.844,2.0689655172413794,206.8965517241379,2657.379310344827
26.84946453699922,12.88,2.0689655172413794,224.13793103448276,2886.896551724138
26.859545957999217,12.876,2.0689655172413794,189.65517241379308,2441.9999999999995
26.869628730999466,12.904,2.0689655172413794,206.8965517241379,2669.7931034482754
26.87970957700054,12.872,1.8965517241379308,206.8965517241379,2663.1724137931033
26.889792423999097,12.888,2.0689655172413794,206.8965517241379,2666.4827586206893
26.89987356599886,12.868,2.0689655172413794,206.8965517241379,2662.3448275862065
26.909948579999764,12.884,1.8965517241379308,206.8965517241379,2665.655172413793
26.920024093000393,12.868,1.8965517241379308,189.65517241379308,2440.4827586206893
26.930104716999267,12.888,2.0689655172413794,206.8965517241379,2666.4827586206893
26.940185268000278,12.868,2.0689655172413794,206.8965517241379,2662.3448275862065
26.950262262998876,12.892,1.8965517241379308,206.8965517241379,2667.3103448275856
26.96033912799976,12.868,2.0689655172413794,206.8965517241379,2662.3448275862065
26.97041717799948,12.884,1.8965517241379308,206.8965517241379,2665.655172413793
26.980493672999728,12.872,2.0689655172413794,206.8965517241379,2663.1724137931033
26.99057055599951,12.852,2.0689655172413794,206.8965517241379,2659.0344827586205
27.00064671799919,12.844,2.0689655172413794,206.8965517241379,2657.379310344827
27.01071971300007,12.872,2.0689655172413794,206.8965517241379,2663.1724137931033
27.0207976519996,12.852,2.2413793103448274,206.8965517241379,2659.0344827586205
27.030875349999405,12.876,2.0689655172413794,206.8965517241379,2663.9999999999995
27.040949844998977,12.848,2.0689655172413794,206.8965517241379,2658.206896551724
27.051023747999352,12.876,2.0689655172413794,206.8965517241379,2663.9999999999995
27.061098705000404,12.852,2.0689655172413794,206.8965517241379,2659.0344827586205
27.071179569999003,12.876,2.2413793103448274,206.8965517241379,2663.9999999999995
27.08126250999885,12.852,2.0689655172413794,206.8965517241379,2659.0344827586205
27.091343337999206,12.872,2.0689655172413794,206.8965517241379,2663.1724137931033
27.10142601699954,12.852,2.0689655172413794,206.8965517241379,2659.0344827586205
27.111506826999175,12.868,2.0689655172413794,206.8965517241379,2662.3448275862065
27.121589135998875,12.856,2.0689655172413794,206.8965517241379,2659.8620689655168
27.13167014999999,12.868,2.0689655172413794,206.8965517241379,2662.3448275862065
27.14175282999895,12.856,2.0689655172413794,224.13793103448276,2881.5172413793102
27.15184247199977,12.876,2.2413793103448274,206.8965517241379,2663.9999999999995
27.161920836999343,12.852,2.0689655172413794,206.8965517241379,2659.0344827586205
27.17199710999921,12.876,2.0689655172413794,206.8965517241379,2663.9999999999995
27.18206984599965,12.852,2.0689655172413794,224.13793103448276,2880.6206896551726
27.192142617999707,12.872,2.0689655172413794,206.8965517241379,2663.1724137931033
27.202219519998835,12.852,2.0689655172413794,206.8965517241379,2659.0344827586205
27.212293089000013,12.872,2.0689655172413794,206.8965517241379,2663.1724137931033
27.222371527999712,12.852,2.0689655172413794,206.8965517241379,2659.0344827586205
27.23244759699992,12.876,2.0689655172413794,206.8965517241379,2663.9999999999995
27.242521350999596,12.848,2.0689655172413794,206.8965517241379,2658.206896551724
27.25260366099974,12.88,2.0689655172413794,206.8965517241379,2664.8275862068963
27.26268300799893,12.848,2.0689655172413794,206.8965517241379,2658.206896551724
27.272756038999432,12.88,2.0689655172413794,206.8965517241379,2664.8275862068963
27.28283568199913,12.852,2.0689655172413794,206.8965517241379,2659.0344827586205
27.292912713999613,12.876,2.0689655172413794,206.8965517241379,2663.9999999999995
27.302989560999777,12.852,2.0689655172413794,206.8965517241379,2659.0344827586205
27.313065629999983,12.872,2.0689655172413794,224.13793103448276,2885.103448275862
27.323142401999576,12.852,2.0689655172413794,224.13793103448276,2880.6206896551726
27.333221138000226,12.872,2.2413793103448274,224.13793103448276,2885.103448275862
27.343297446999713,12.852,2.0689655172413794,206.8965517241379,2659.0344827586205
27.353389201000027,12.876,2.0689655172413794,206.8965517241379,2663.9999999999995
27.36347091800053,12.852,2.0689655172413794,206.8965517241379,2659.0344827586205
27.373553690000335,12.88,2.2413793103448274,189.65517241379308,2442.758620689655
27.383630369999082,12.852,2.0689655172413794,206.8965517241379,2659.0344827586205
27.39370673600024,12.88,2.0689655172413794,206.8965517241379,2664.8275862068963
27.403791933998946,12.852,2.0689655172413794,224.13793103448276,2880.6206896551726
27.41387485499945,12.876,2.2413793103448274,224.13793103448276,2886.0
27.42395279399898,12.848,2.0689655172413794,206.8965517241379,2658.206896551724
27.43403408499944,12.876,2.0689655172413794,206.8965517241379,2663.9999999999995
27.4441113569992,12.848,2.0689655172413794,206.8965517241379,2658.206896551724
27.454193777999535,12.876,2.0689655172413794,224.13793103448276,2886.0
27.464267512999868,12.848,2.0689655172413794,224.13793103448276,2879.724137931035
27.474346138000328,12.88,2.0689655172413794,206.8965517241379,2664.8275862068963
27.48442742899897,12.848,2.0689655172413794,206.8965517241379,2658.206896551724
27.494514367999727,12.88,2.0689655172413794,206.8965517241379,2664.8275862068963
27.504592047998813,12.852,2.0689655172413794,206.8965517241379,2659.0344827586205
27.51466904299923,12.876,2.2413793103448274,224.13793103448276,2886.0
27.524745704000452,12.852,2.0689655172413794,206.8965517241379,2659.0344827586205
27.534823994999897,12.868,2.0689655172413794,206.8965517241379,2662.3448275862065
27.54489869399913,12.852,2.0689655172413794,206.8965517241379,2659.0344827586205
27.55501141000059,12.876,2.0689655172413794,206.8965517241379,2663.9999999999995
27.565089626999907,12.852,2.0689655172413794,206.8965517241379,2659.0344827586205
27.575163658999372,12.876,2.2413793103448274,206.8965517241379,2663.9999999999995
27.58522221000021,12.848,2.0689655172413794,224.13793103448276,2879.724137931035
27.595295000999613,12.88,2.0689655172413794,206.8965517241379,2664.8275862068963
27.605373550999502,12.852,2.0689655172413794,224.13793103448276,2880.6206896551726
27.615449638000428,12.876,2.0689655172413794,224.13793103448276,2886.0
27.625527652000528,12.844,2.0689655172413794,206.8965517241379,2657.379310344827
27.63560397999936,12.876,2.0689655172413794,206.8965517241379,2663.9999999999995
27.64567716000056,12.844,2.0689655172413794,206.8965517241379,2657.379310344827
27.655764246999752,12.88,2.0689655172413794,206.8965517241379,2664.8275862068963
27.665849778999473,12.848,2.0689655172413794,206.8965517241379,2658.206896551724
27.67593114400006,12.876,2.0689655172413794,206.8965517241379,2663.9999999999995
27.686012046000542,12.848,2.2413793103448274,224.13793103448276,2879.724137931035
27.696093151998866,12.88,2.0689655172413794,206.8965517241379,2664.8275862068963
27.70617325800049,12.848,2.0689655172413794,206.8965517241379,2658.206896551724
27.716253455999322,12.876,2.0689655172413794,224.13793103448276,2886.0
27.726334394999867,12.848,2.0689655172413794,206.8965517241379,2658.206896551724
27.736415130999376,12.868,2.2413793103448274,206.8965517241379,2662.3448275862065
27.74649595899973,12.848,2.0689655172413794,206.8965517241379,2658.206896551724
27.756586434999917,12.872,2.0689655172413794,206.8965517241379,2663.1724137931033
27.766660096000123,12.852,2.0689655172413794,206.8965517241379,2659.0344827586205
27.77673657199921,12.88,2.0689655172413794,206.8965517241379,2664.8275862068963
27.78681104899988,12.848,2.0689655172413794,206.8965517241379,2658.206896551724
27.796884098999726,12.88,2.0689655172413794,206.8965517241379,2664.8275862068963
27.806961205000334,12.848,2.0689655172413794,206.8965517241379,2658.206896551724
27.817034996000075,12.876,2.0689655172413794,206.8965517241379,2663.9999999999995
27.827112195000154,12.844,2.0689655172413794,224.13793103448276,2878.8275862068963
27.83718857799977,12.876,2.0689655172413794,206.8965517241379,2663.9999999999995
27.847262109999065,12.844,2.0689655172413794,206.8965517241379,2657.379310344827
27.857338511999842,12.88,2.0689655172413794,224.13793103448276,2886.896551724138
27.867419303000133,12.844,2.0689655172413794,206.8965517241379,2657.379310344827
27.87750224299998,12.88,2.2413793103448274,206.8965517241379,2664.8275862068963
27.887583034000272,12.844,2.0689655172413794,206.8965517241379,2657.379310344827
27.897665565000352,12.88,2.0689655172413794,206.8965517241379,2664.8275862068963
27.90774607899948,12.844,2.0689655172413794,206.8965517241379,2657.379310344827
27.91782075899937,12.88,2.2413793103448274,206.8965517241379,2664.8275862068963
27.92790166099985,12.844,2.0689655172413794,206.8965517241379,2657.379310344827
27.937982489000206,12.876,2.0689655172413794,206.8965517241379,2663.9999999999995
27.948062871999355,12.848,2.0689655172413794,206.8965517241379,2658.206896551724
27.95815445900007,12.872,2.0689655172413794,224.13793103448276,2885.103448275862
27.968231009999727,12.848,2.0689655172413794,206.8965517241379,2658.206896551724
27.978308653000568,12.876,2.0689655172413794,206.8965517241379,2663.9999999999995
27.988385054999526,12.848,2.0689655172413794,206.8965517241379,2658.206896551724
27.99846303099912,12.88,2.0689655172413794,206.8965517241379,2664.8275862068963
28.008534470000086,12.844,2.0689655172413794,206.8965517241379,2657.379310344827
28.018608410000525,12.884,2.0689655172413794,206.8965517241379,2665.655172413793
28.028681607998806,12.844,2.0689655172413794,206.8965517241379,2657.379310344827
28.03875502899973,12.88,2.0689655172413794,206.8965517241379,2664.8275862068963
28.048827430999154,12.844,2.2413793103448274,206.8965517241379,2657.379310344827
28.058907888998874,12.88,2.0689655172413794,206.8965517241379,2664.8275862068963
28.068989457999123,12.848,2.0689655172413794,224.13793103448276,2879.724137931035
28.079070415000388,12.88,2.0689655172413794,206.8965517241379,2664.8275862068963
28.08915141000034,12.848,2.0689655172413794,224.13793103448276,2879.724137931035
28.099233441998877,12.88,2.0689655172413794,206.8965517241379,2664.8275862068963
28.109316510999633,12.844,2.0689655172413794,206.8965517241379,2657.379310344827
28.119397041999036,12.884,2.0689655172413794,206.8965517241379,2665.655172413793
28.129479907000132,12.844,2.0689655172413794,206.8965517241379,2657.379310344827
28.139560494999387,12.876,2.0689655172413794,206.8965517241379,2663.9999999999995
28.149643155999,12.848,2.0689655172413794,206.8965517241379,2658.206896551724
28.159733151000182,12.872,2.0689655172413794,206.8965517241379,2663.1724137931033
28.16981158999988,12.852,2.0689655172413794,206.8965517241379,2659.0344827586205
28.17988749200049,12.876,2.0689655172413794,206.8965517241379,2663.9999999999995
28.189961616999426,12.848,2.0689655172413794,206.8965517241379,2658.206896551724
28.200033445000372,12.88,2.0689655172413794,206.8965517241379,2664.8275862068963
28.210111420999965,12.844,2.2413793103448274,206.8965517241379,2657.379310344827
28.220188194000002,12.88,2.0689655172413794,206.8965517241379,2664.8275862068963
28.23026604000006,12.844,2.0689655172413794,206.8965517241379,2657.379310344827
28.24034286799906,12.88,2.2413793103448274,206.8965517241379,2664.8275862068963
28.250420603999373,12.844,2.0689655172413794,206.8965517241379,2657.379310344827
28.260543672000495,12.88,2.0689655172413794,206.8965517241379,2664.8275862068963
28.27062307400047,12.848,2.0689655172413794,206.8965517241379,2658.206896551724
28.28069890199913,12.88,2.0689655172413794,206.8965517241379,2664.8275862068963
28.290780118999464,12.852,2.0689655172413794,206.8965517241379,2659.0344827586205
28.30086298400056,12.88,2.0689655172413794,206.8965517241379,2664.8275862068963
28.31096171900026,12.852,2.0689655172413794,206.8965517241379,2659.0344827586205
28.32104284399975,12.88,2.0689655172413794,206.8965517241379,2664.8275862068963
28.331123783000294,12.848,2.0689655172413794,206.8965517241379,2658.206896551724
28.341228981000313,12.876,2.0689655172413794,206.8965517241379,2663.9999999999995
28.35130993799976,12.844,2.0689655172413794,206.8965517241379,2657.379310344827
28.36140528499891,12.876,2.2413793103448274,206.8965517241379,2663.9999999999995
28.37148181699922,12.848,2.0689655172413794,206.8965517241379,2658.206896551724
28.38155853399985,12.876,2.0689655172413794,206.8965517241379,2663.9999999999995
28.391634972998872,12.852,2.0689655172413794,224.13793103448276,2880.6206896551726
28.401717634000306,12.876,2.0689655172413794,206.8965517241379,2663.9999999999995
28.411796610000238,12.848,2.0689655172413794,206.8965517241379,2658.206896551724
28.421868752999217,12.88,2.0689655172413794,206.8965517241379,2664.8275862068963
28.43194217400014,12.848,2.0689655172413794,224.13793103448276,2879.724137931035
28.442014946998825,12.88,2.0689655172413794,206.8965517241379,2664.8275862068963
28.452087589999792,12.84,2.0689655172413794,206.8965517241379,2656.5517241379307
28.462175307000507,12.88,2.0689655172413794,206.8965517241379,2664.8275862068963
28.47225163499934,12.848,2.0689655172413794,206.8965517241379,2658.206896551724
28.482335332999355,12.88,2.0689655172413794,206.8965517241379,2664.8275862068963
28.492413031999604,12.852,2.0689655172413794,206.8965517241379,2659.0344827586205
28.502491285998985,12.876,2.0689655172413794,206.8965517241379,2663.9999999999995
28.51256766900042,12.852,2.0689655172413794,206.8965517241379,2659.0344827586205
28.52264399699925,12.876,2.0689655172413794,206.8965517241379,2663.9999999999995
28.532719288999942,12.848,2.0689655172413794,206.8965517241379,2658.206896551724
28.54279365399998,12.876,2.2413793103448274,206.8965517241379,2663.9999999999995
28.552866426000037,12.848,2.0689655172413794,206.8965517241379,2658.206896551724
28.563018105000083,12.876,2.2413793103448274,206.8965517241379,2663.9999999999995
28.57310006300031,12.848,2.0689655172413794,206.8965517241379,2658.206896551724
28.583181206000518,12.876,2.0689655172413794,206.8965517241379,2663.9999999999995
28.593263515000217,12.852,2.0689655172413794,206.8965517241379,2659.0344827586205
28.603344658000424,12.876,2.0689655172413794,206.8965517241379,2663.9999999999995
28.613427207999848,12.852,2.0689655172413794,206.8965517241379,2659.0344827586205
28.62350772100035,12.876,2.0689655172413794,206.8965517241379,2663.9999999999995
28.633591085999797,12.852,2.0689655172413794,224.13793103448276,2880.6206896551726
28.643671765999898,12.876,2.0689655172413794,206.8965517241379,2663.9999999999995
28.65375437200055,12.844,2.0689655172413794,206.8965517241379,2657.379310344827
28.663844515000164,12.876,2.0689655172413794,206.8965517241379,2663.9999999999995
28.673926527999356,12.848,2.2413793103448274,206.8965517241379,2658.206896551724
28.684003319000112,12.876,2.0689655172413794,206.8965517241379,2663.9999999999995
28.694081961999473,12.848,2.0689655172413794,206.8965517241379,2658.206896551724
28.704158530999848,12.876,2.0689655172413794,206.8965517241379,2663.9999999999995
28.71423637800035,12.852,2.0689655172413794,206.8965517241379,2659.0344827586205
28.724313353999605,12.872,2.0689655172413794,206.8965517241379,2663.1724137931033
28.73439127399979,12.856,2.0689655172413794,224.13793103448276,2881.5172413793102
28.74446763999913,12.872,2.0689655172413794,206.8965517241379,2663.1724137931033
28.754544670999167,12.852,2.0689655172413794,206.8965517241379,2659.0344827586205
28.764628110999183,12.868,2.0689655172413794,206.8965517241379,2662.3448275862065
28.774710363999475,12.848,2.2413793103448274,206.8965517241379,2658.206896551724
28.78479967400017,12.876,2.0689655172413794,206.8965517241379,2663.9999999999995
28.794875482999487,12.848,2.0689655172413794,206.8965517241379,2658.206896551724
28.804967588999716,12.876,2.0689655172413794,206.8965517241379,2663.9999999999995
28.815045379998992,12.852,2.0689655172413794,206.8965517241379,2659.0344827586205
28.82512711599884,12.876,2.0689655172413794,206.8965517241379,2663.9999999999995
28.83520801799932,12.856,2.0689655172413794,206.8965517241379,2659.8620689655168
28.845285031000458,12.876,2.0689655172413794,206.8965517241379,2663.9999999999995
28.855361730000368,12.848,2.2413793103448274,224.13793103448276,2879.724137931035
28.86545583499901,12.876,2.0689655172413794,206.8965517241379,2663.9999999999995
28.875536145000297,12.844,2.0689655172413794,206.8965517241379,2657.379310344827
28.885618565000186,12.88,2.0689655172413794,206.8965517241379,2664.8275862068963
28.89569967100033,12.848,2.0689655172413794,206.8965517241379,2658.206896551724
28.905781813999056,12.876,2.0689655172413794,206.8965517241379,2663.9999999999995
28.915858586999093,12.852,2.0689655172413794,206.8965517241379,2659.0344827586205
28.92593598900021,12.876,2.0689655172413794,224.13793103448276,2886.0
28.936016853998808,12.856,2.0689655172413794,206.8965517241379,2659.8620689655168
28.946097070998803,12.872,2.0689655172413794,224.13793103448276,2885.103448275862
28.956179843000427,12.856,2.0689655172413794,206.8965517241379,2659.8620689655168
28.96631974400043,12.868,2.0689655172413794,206.8965517241379,2662.3448275862065
28.976398071999938,12.852,2.0689655172413794,206.8965517241379,2659.0344827586205
28.986483733999194,12.876,2.0689655172413794,206.8965517241379,2663.9999999999995
28.9965648769994,12.848,2.0689655172413794,206.8965517241379,2658.206896551724
29.006638259999818,12.872,2.0689655172413794,206.8965517241379,2663.1724137931033
29.01671043999886,12.852,2.0689655172413794,206.8965517241379,2659.0344827586205
29.02678752800057,12.876,2.0689655172413794,206.8965517241379,2663.9999999999995
29.036864263000098,12.856,2.0689655172413794,206.8965517241379,2659.8620689655168
29.046940850999817,12.872,2.0689655172413794,206.8965517241379,2663.1724137931033
29.057013104998987,12.848,2.0689655172413794,206.8965517241379,2658.206896551724
29.067100803000358,12.872,2.0689655172413794,206.8965517241379,2663.1724137931033
29.07718229800048,12.856,2.2413793103448274,206.8965517241379,2659.8620689655168
29.087263143999735,12.872,2.2413793103448274,206.8965517241379,2663.1724137931033
29.097346454000217,12.848,2.0689655172413794,206.8965517241379,2658.206896551724
29.10742707799909,12.876,2.0689655172413794,206.8965517241379,2663.9999999999995
29.117509424999298,12.848,2.0689655172413794,206.8965517241379,2658.206896551724
29.12759023400031,12.872,2.0689655172413794,206.8965517241379,2663.1724137931033
29.137672783999733,12.852,2.0689655172413794,224.13793103448276,2880.6206896551726
29.147753371998988,12.872,2.0689655172413794,206.8965517241379,2663.1724137931033
29.15783560700038,12.856,2.0689655172413794,206.8965517241379,2659.8620689655168
29.16792684199936,12.868,2.0689655172413794,206.8965517241379,2662.3448275862065
29.178008095999758,12.86,2.0689655172413794,224.13793103448276,2882.4137931034484
29.18809118399986,12.868,2.0689655172413794,206.8965517241379,2662.3448275862065
29.19817612299994,12.86,2.0689655172413794,206.8965517241379,2660.6896551724135
29.208256673000506,12.872,2.0689655172413794,206.8965517241379,2663.1724137931033
29.21833816799881,12.852,2.0689655172413794,206.8965517241379,2659.0344827586205
29.228419273998952,12.872,2.0689655172413794,224.13793103448276,2885.103448275862
29.238500564999413,12.856,2.2413793103448274,224.13793103448276,2881.5172413793102
29.24858111499998,12.872,2.0689655172413794,206.8965517241379,2663.1724137931033
29.25866575799955,12.856,2.0689655172413794,206.8965517241379,2659.8620689655168
29.268817566000507,12.872,2.0689655172413794,206.8965517241379,2663.1724137931033
29.27889515300012,12.856,2.2413793103448274,206.8965517241379,2659.8620689655168
29.288970629999312,12.872,2.0689655172413794,206.8965517241379,2663.1724137931033
29.29905323499952,12.852,2.2413793103448274,224.13793103448276,2880.6206896551726
29.309128988999873,12.872,2.2413793103448274,206.8965517241379,2663.1724137931033
29.319206780999593,12.852,2.0689655172413794,224.13793103448276,2880.6206896551726
29.329285330999483,12.872,2.0689655172413794,224.13793103448276,2885.103448275862
29.339362528999118,12.856,2.2413793103448274,206.8965517241379,2659.8620689655168
29.349439912999514,12.872,2.0689655172413794,206.8965517241379,2663.1724137931033
29.359517740998854,12.86,2.0689655172413794,206.8965517241379,2660.6896551724135
29.369590217000223,12.864,2.0689655172413794,206.8965517241379,2661.5172413793102
29.379666786000598,12.86,2.2413793103448274,206.8965517241379,2660.6896551724135
29.38974463299928,12.868,2.0689655172413794,224.13793103448276,2884.206896551724
29.399825312999383,12.856,2.0689655172413794,206.8965517241379,2659.8620689655168
29.40990434500054,12.868,2.0689655172413794,206.8965517241379,2662.3448275862065
29.41997733899916,12.856,2.0689655172413794,206.8965517241379,2659.8620689655168
29.43005424200055,12.868,2.0689655172413794,206.8965517241379,2662.3448275862065
29.440128570000525,12.86,2.2413793103448274,206.8965517241379,2660.6896551724135
29.450207935000435,12.872,2.0689655172413794,206.8965517241379,2663.1724137931033
29.460284373999457,12.856,2.0689655172413794,206.8965517241379,2659.8620689655168
29.470370183998966,12.868,2.0689655172413794,206.8965517241379,2662.3448275862065
29.48045517799983,12.856,2.0689655172413794,206.8965517241379,2659.8620689655168
29.49053443199955,12.868,2.0689655172413794,206.8965517241379,2662.3448275862065
29.50061329699929,12.86,2.0689655172413794,206.8965517241379,2660.6896551724135
29.51069010699939,12.868,2.0689655172413794,206.8965517241379,2662.3448275862065
29.520766878998984,12.856,2.0689655172413794,206.8965517241379,2659.8620689655168
29.530843188998915,12.868,2.0689655172413794,224.13793103448276,2884.206896551724
29.54091527699893,12.86,2.2413793103448274,206.8965517241379,2660.6896551724135
29.550992956999835,12.884,2.0689655172413794,206.8965517241379,2665.655172413793
29.56106945099964,12.888,2.0689655172413794,206.8965517241379,2666.4827586206893
29.571171796998897,12.888,2.0689655172413794,206.8965517241379,2666.4827586206893
29.581228310998995,12.876,2.0689655172413794,189.65517241379308,2441.9999999999995
29.591302491000533,12.88,2.0689655172413794,206.8965517241379,2664.8275862068963
29.601374948999364,12.872,1.8965517241379308,189.65517241379308,2441.2413793103447
29.611452481000015,12.884,2.0689655172413794,206.8965517241379,2665.655172413793
29.62153088299965,12.868,2.0689655172413794,206.8965517241379,2662.3448275862065
29.631608580999455,12.888,2.0689655172413794,206.8965517241379,2666.4827586206893
29.64168602099926,12.868,1.8965517241379308,189.65517241379308,2440.4827586206893
29.651762551999127,12.888,2.0689655172413794,206.8965517241379,2666.4827586206893
29.661839824999333,12.864,2.0689655172413794,206.8965517241379,2661.5172413793102
29.671981818999484,12.888,2.0689655172413794,189.65517241379308,2444.275862068965
29.682065590999628,12.836,2.2413793103448274,206.8965517241379,2655.7241379310344
29.692146067000067,12.864,2.0689655172413794,206.8965517241379,2661.5172413793102
29.70222733999981,12.852,2.0689655172413794,206.8965517241379,2659.0344827586205
29.71230979699976,12.872,2.0689655172413794,206.8965517241379,2663.1724137931033
29.72239081099906,12.86,2.0689655172413794,206.8965517241379,2660.6896551724135
29.732471194000027,12.876,2.2413793103448274,206.8965517241379,2663.9999999999995
29.7425518,12.86,2.2413793103448274,206.8965517241379,2660.6896551724135
29.75263275799989,12.876,2.0689655172413794,206.8965517241379,2663.9999999999995
29.76271343799999,12.852,2.0689655172413794,206.8965517241379,2659.0344827586205
29.77280313600022,12.868,2.0689655172413794,206.8965517241379,2662.3448275862065
29.7828805199988,12.856,2.0689655172413794,206.8965517241379,2659.8620689655168
29.79295425499913,12.868,2.0689655172413794,206.8965517241379,2662.3448275862065
29.803032730998893,12.86,2.0689655172413794,206.8965517241379,2660.6896551724135
29.813105929999438,12.872,2.0689655172413794,206.8965517241379,2663.1724137931033
29.823182998999982,12.86,2.0689655172413794,206.8965517241379,2660.6896551724135
29.833261289999427,12.872,2.0689655172413794,206.8965517241379,2663.1724137931033
29.843334932998914,12.852,2.0689655172413794,206.8965517241379,2659.0344827586205
29.853408279999712,12.872,2.0689655172413794,206.8965517241379,2663.1724137931033
29.86348166300013,12.852,2.0689655172413794,224.13793103448276,2880.6206896551726
29.873558213999786,12.872,2.0689655172413794,206.8965517241379,2663.1724137931033
29.88363752300029,12.848,2.0689655172413794,206.8965517241379,2658.206896551724
29.893715202999374,12.872,2.0689655172413794,206.8965517241379,2663.1724137931033
29.90379177199975,12.852,2.0689655172413794,206.8965517241379,2659.0344827586205
29.913899137000044,12.872,2.2413793103448274,206.8965517241379,2663.1724137931033
29.923979945999235,12.856,2.0689655172413794,224.13793103448276,2881.5172413793102
29.934060293000584,12.872,2.0689655172413794,206.8965517241379,2663.1724137931033
29.944140084000537,12.86,2.0689655172413794,206.8965517241379,2660.6896551724135
29.95422028199937,12.872,2.0689655172413794,224.13793103448276,2885.103448275862
29.96430118399985,12.852,2.0689655172413794,206.8965517241379,2659.0344827586205
29.974380346000544,12.868,2.0689655172413794,206.8965517241379,2662.3448275862065
29.984452988999692,12.852,2.0689655172413794,206.8965517241379,2659.0344827586205
29.994554982999034,12.868,2.2413793103448274,224.13793103448276,2884.206896551724
