t_s,bus_v,shunt_mv,current_ma,power_mw
0.0003404559993214207,12.892,2.0072992700729926,200.72992700729927,2587.810218978102
0.010406599998532329,12.872,2.0072992700729926,200.72992700729927,2583.795620437956
0.02046894799968868,12.892,2.0072992700729926,200.72992700729927,2587.810218978102
0.03053007299968158,12.872,2.0072992700729926,200.72992700729927,2583.795620437956
0.040591124999991735,12.896,2.0072992700729926,200.72992700729927,2588.6131386861316
0.05065211999863095,12.868,2.0072992700729926,200.72992700729927,2582.992700729927
0.06071307899946987,12.892,2.0072992700729926,200.72992700729927,2587.810218978102
0.07077398199908203,12.864,2.0072992700729926,200.72992700729927,2582.189781021898
0.08083503399939218,12.888,1.8248175182481754,200.72992700729927,2587.007299270073
0.09089595499972347,12.868,2.0072992700729926,200.72992700729927,2582.992700729927
0.10095693299990671,12.896,2.0072992700729926,200.72992700729927,2588.6131386861316
0.1110175399990112,12.868,2.0072992700729926,200.72992700729927,2582.992700729927
0.12107849799940595,12.9,2.0072992700729926,200.72992700729927,2589.4160583941607
0.13113921599870082,12.868,2.0072992700729926,200.72992700729927,2582.992700729927
0.14119991599909554,12.896,2.0072992700729926,200.72992700729927,2588.6131386861316
0.15126054099891917,12.872,2.0072992700729926,200.72992700729927,2583.795620437956
0.1613211299991235,12.888,2.0072992700729926,200.72992700729927,2587.007299270073
0.1713809399989259,12.868,2.0072992700729926,200.72992700729927,2582.992700729927
0.18144189899976482,12.892,2.1897810218978107,200.72992700729927,2587.810218978102
0.1915026909991866,12.868,1.8248175182481754,200.72992700729927,2582.992700729927
0.20156333500017354,12.896,2.0072992700729926,200.72992700729927,2588.6131386861316
0.21162408999953186,12.868,2.0072992700729926,200.72992700729927,2582.992700729927
0.22168488199895364,12.896,2.0072992700729926,200.72992700729927,2588.6131386861316
0.23174556300000404,12.872,2.0072992700729926,200.72992700729927,2583.795620437956
0.24180635499942582,12.896,2.0072992700729926,200.72992700729927,2588.6131386861316
0.2518670179997571,12.872,2.0072992700729926,200.72992700729927,2583.795620437956
0.2619272359988827,12.896,1.8248175182481754,218.97810218978103,2823.9416058394163
0.2719876579994889,12.868,2.0072992700729926,200.72992700729927,2582.992700729927
0.2820488010002009,12.896,2.0072992700729926,200.72992700729927,2588.6131386861316
0.29210853799850156,12.864,2.0072992700729926,200.72992700729927,2582.189781021898
0.3021682009984943,12.896,2.0072992700729926,200.72992700729927,2588.6131386861316
0.31222845599950233,12.868,2.0072992700729926,200.72992700729927,2582.992700729927
0.3222892289995798,12.896,2.0072992700729926,200.72992700729927,2588.6131386861316
0.33235002099900157,12.876,2.0072992700729926,200.72992700729927,2584.598540145985
0.3424109239986137,12.892,1.8248175182481754,200.72992700729927,2587.810218978102
0.3524718649987335,12.876,2.0072992700729926,200.72992700729927,2584.598540145985
0.3625332309984515,12.884,2.0072992700729926,200.72992700729927,2586.204379562044
0.37259524499859253,12.876,2.0072992700729926,200.72992700729927,2584.598540145985
0.38265640799909306,12.884,2.1897810218978107,200.72992700729927,2586.204379562044
0.3927171809991705,12.872,2.0072992700729926,200.72992700729927,2583.795620437956
0.4027779179996287,12.888,2.0072992700729926,200.72992700729927,2587.007299270073
0.41283880199989653,12.884,2.0072992700729926,200.72992700729927,2586.204379562044
0.42289942800016433,12.888,2.0072992700729926,182.48175182481754,2351.8248175182484
0.4329603119986132,12.884,2.0072992700729926,200.72992700729927,2586.204379562044
0.4430211419985426,12.888,2.1897810218978107,200.72992700729927,2587.007299270073
0.45308126700001594,12.884,2.0072992700729926,200.72992700729927,2586.204379562044
0.46314246600013576,12.884,2.0072992700729926,200.72992700729927,2586.204379562044
0.4732033330001286,12.872,1.8248175182481754,200.72992700729927,2583.795620437956
0.4832633280002483,12.884,2.0072992700729926,200.72992700729927,2586.204379562044
0.4933234349991835,12.876,2.0072992700729926,200.72992700729927,2584.598540145985
0.5033845239995571,12.88,1.8248175182481754,200.72992700729927,2585.401459854015
0.5134448339995288,12.884,2.0072992700729926,200.72992700729927,2586.204379562044
0.5235050889987178,12.88,2.0072992700729926,200.72992700729927,2585.401459854015
0.5335650849992817,12.884,2.0072992700729926,200.72992700729927,2586.204379562044
0.5436260629994649,12.88,2.0072992700729926,200.72992700729927,2585.401459854015
0.5536867060000077,12.884,2.0072992700729926,200.72992700729927,2586.204379562044
0.5637475359999371,12.88,2.0072992700729926,200.72992700729927,2585.401459854015
0.5738080679984705,12.884,2.0072992700729926,200.72992700729927,2586.204379562044
0.58386850900024,12.872,2.0072992700729926,200.72992700729927,2583.795620437956
0.5939287820001482,12.884,2.0072992700729926,200.72992700729927,2586.204379562044
0.6039897409991681,12.876,2.0072992700729926,200.72992700729927,2584.598540145985
0.6140499960001762,12.892,2.0072992700729926,200.72992700729927,2587.810218978102
0.6241098989994498,12.872,2.0072992700729926,182.48175182481754,2348.9051094890515
0.6341703580001194,12.892,1.8248175182481754,200.72992700729927,2587.810218978102
0.6442306319986528,12.872,2.0072992700729926,200.72992700729927,2583.795620437956
0.6542906459999358,12.892,2.0072992700729926,200.72992700729927,2587.810218978102
0.6643505489992094,12.872,2.0072992700729926,200.72992700729927,2583.795620437956
0.6744104339995829,12.884,2.1897810218978107,200.72992700729927,2586.204379562044
0.6844711149988143,12.872,2.0072992700729926,200.72992700729927,2583.795620437956
0.6945319619990187,12.892,2.0072992700729926,200.72992700729927,2587.810218978102
0.7045920879991172,12.868,2.0072992700729926,218.97810218978103,2817.8102189781025
0.7146520099995541,12.896,2.0072992700729926,200.72992700729927,2588.6131386861316
0.7247122649987432,12.868,2.0072992700729926,200.72992700729927,2582.992700729927
0.7347720939997089,12.896,2.0072992700729926,200.72992700729927,2588.6131386861316
0.7448327749989403,12.872,2.0072992700729926,200.72992700729927,2583.795620437956
0.7548936040002445,12.892,1.8248175182481754,200.72992700729927,2587.810218978102
0.7649541739992856,12.868,2.0072992700729926,182.48175182481754,2348.175182481752
0.7750148919985804,12.892,2.0072992700729926,200.72992700729927,2587.810218978102
0.7850748869987001,12.864,2.0072992700729926,200.72992700729927,2582.189781021898
0.7951347159996658,12.9,2.0072992700729926,200.72992700729927,2589.4160583941607
0.8051931749996584,12.864,2.0072992700729926,200.72992700729927,2582.189781021898
0.8152539669990801,12.9,1.8248175182481754,200.72992700729927,2589.4160583941607
0.8253147959985654,12.864,2.0072992700729926,200.72992700729927,2582.189781021898
0.8353754769996158,12.896,2.1897810218978107,200.72992700729927,2588.6131386861316
0.8454361949989107,12.868,2.0072992700729926,200.72992700729927,2582.992700729927
0.8554968019998341,12.896,2.0072992700729926,200.72992700729927,2588.6131386861316
0.8655567049991078,12.868,2.0072992700729926,200.72992700729927,2582.992700729927
0.8756180349992064,12.892,2.0072992700729926,200.72992700729927,2587.810218978102
0.8856786779997492,12.868,2.0072992700729926,200.72992700729927,2582.992700729927
0.8957392479987902,12.892,2.0072992700729926,200.72992700729927,2587.810218978102
0.9057998549997137,12.864,2.0072992700729926,200.72992700729927,2582.189781021898
0.9158604439999181,12.896,2.0072992700729926,200.72992700729927,2588.6131386861316
0.9259214019984938,12.876,2.1897810218978107,200.72992700729927,2584.598540145985
0.935982138998952,12.892,2.0072992700729926,200.72992700729927,2587.810218978102
0.9460510230001091,12.872,2.0072992700729926,200.72992700729927,2583.795620437956
0.9561141489994043,12.892,2.0072992700729926,200.72992700729927,2587.810218978102
0.9661749589995452,12.876,2.1897810218978107,200.72992700729927,2584.598540145985
0.9762358249990939,12.892,2.0072992700729926,200.72992700729927,2587.810218978102
0.9862993209990236,12.864,2.0072992700729926,200.72992700729927,2582.189781021898
0.99636094699963,12.892,2.0072992700729926,200.72992700729927,2587.810218978102
1.0064214049998554,12.864,2.0072992700729926,200.72992700729927,2582.189781021898
1.0164826229993196,12.892,2.0072992700729926,200.72992700729927,2587.810218978102
1.0265435080000316,12.876,2.1897810218978107,182.48175182481754,2349.6350364963505
1.0366044479997072,12.888,2.0072992700729926,200.72992700729927,2587.007299270073
1.0466653699986637,12.88,2.0072992700729926,200.72992700729927,2585.401459854015
1.0567260689986142,12.888,2.0072992700729926,200.72992700729927,2587.007299270073
1.0667870279994531,12.876,2.0072992700729926,200.72992700729927,2584.598540145985
1.0768479130001651,12.884,2.0072992700729926,200.72992700729927,2586.204379562044
1.086908722998487,12.876,2.0072992700729926,200.72992700729927,2584.598540145985
1.0969695339990722,12.88,2.0072992700729926,200.72992700729927,2585.401459854015
1.1070298630002071,12.876,2.0072992700729926,200.72992700729927,2584.598540145985
1.1170907289997558,12.88,2.0072992700729926,200.72992700729927,2585.401459854015
1.1271512989987968,12.884,2.0072992700729926,182.48175182481754,2351.094890510949
1.1372119799998472,12.88,2.0072992700729926,200.72992700729927,2585.401459854015
1.1472726049996709,12.884,2.0072992700729926,200.72992700729927,2586.204379562044
1.157333008999558,12.876,2.0072992700729926,200.72992700729927,2584.598540145985
1.167392948998895,12.884,2.0072992700729926,218.97810218978103,2821.3138686131388
1.1774534259984648,12.88,2.0072992700729926,200.72992700729927,2585.401459854015
1.1875143659999594,12.88,2.1897810218978107,200.72992700729927,2585.401459854015
1.1975750469991908,12.88,2.0072992700729926,200.72992700729927,2585.401459854015
1.2076356170000508,12.888,2.0072992700729926,200.72992700729927,2587.007299270073
1.2176963169986266,12.876,2.0072992700729926,200.72992700729927,2584.598540145985
1.2277572570001212,12.888,2.1897810218978107,200.72992700729927,2587.007299270073
1.2378181229996699,12.876,2.1897810218978107,182.48175182481754,2349.6350364963505
1.247878951999155,12.888,2.0072992700729926,200.72992700729927,2587.007299270073
1.2579397629997402,12.872,2.0072992700729926,200.72992700729927,2583.795620437956
1.268000405998464,12.888,2.0072992700729926,218.97810218978103,2822.189781021898
1.278060586999345,12.872,2.0072992700729926,182.48175182481754,2348.9051094890515
1.2881209539991687,12.888,2.0072992700729926,200.72992700729927,2587.007299270073
1.2981920229995012,12.868,2.0072992700729926,200.72992700729927,2582.992700729927
1.3082522779986903,12.896,2.0072992700729926,200.72992700729927,2588.6131386861316
1.3183122369991906,12.86,2.0072992700729926,200.72992700729927,2581.3868613138684
1.3283724550001352,12.896,2.0072992700729926,200.72992700729927,2588.6131386861316
1.3384331919987744,12.864,1.8248175182481754,200.72992700729927,2582.189781021898
1.348493260999021,12.896,2.0072992700729926,200.72992700729927,2588.6131386861316
1.358553905000008,12.868,2.0072992700729926,200.72992700729927,2582.992700729927
1.3686145859992394,12.896,2.0072992700729926,200.72992700729927,2588.6131386861316
1.3786751749994437,12.868,2.0072992700729926,200.72992700729927,2582.992700729927
1.3887357259991404,12.892,1.8248175182481754,200.72992700729927,2587.810218978102
1.3987958329998946,12.868,2.0072992700729926,200.72992700729927,2582.992700729927
1.408857069000078,12.896,2.0072992700729926,200.72992700729927,2588.6131386861316
1.4189178609994997,12.868,2.0072992700729926,200.72992700729927,2582.992700729927
1.4289784869997675,12.892,1.8248175182481754,200.72992700729927,2587.810218978102
1.439039408998724,12.868,2.0072992700729926,200.72992700729927,2582.992700729927
1.4490993669987802,12.896,2.0072992700729926,200.72992700729927,2588.6131386861316
1.4591595849997248,12.868,2.0072992700729926,200.72992700729927,2582.992700729927
1.469220488999781,12.896,2.0072992700729926,200.72992700729927,2588.6131386861316
1.4792807439989701,12.868,2.0072992700729926,200.72992700729927,2582.992700729927
1.4893411100001686,12.9,2.0072992700729926,200.72992700729927,2589.4160583941607
1.4994019019995903,12.864,2.0072992700729926,200.72992700729927,2582.189781021898
1.5094626199988852,12.9,1.8248175182481754,200.72992700729927,2589.4160583941607
1.5195228189986665,12.86,2.0072992700729926,200.72992700729927,2581.3868613138684
1.5295832969986805,12.9,2.0072992700729926,200.72992700729927,2589.4160583941607
1.5396430519995192,12.868,2.0072992700729926,200.72992700729927,2582.992700729927
1.5497028439986025,12.892,2.0072992700729926,200.72992700729927,2587.810218978102
1.5597634879995894,12.872,2.0072992700729926,200.72992700729927,2583.795620437956
1.5698242799990112,12.896,2.0072992700729926,200.72992700729927,2588.6131386861316
1.579885072000252,12.872,1.8248175182481754,200.72992700729927,2583.795620437956
1.5899453450001602,12.896,2.0072992700729926,200.72992700729927,2588.6131386861316
1.60000509999918,12.868,2.0072992700729926,200.72992700729927,2582.992700729927
1.6100652259992785,12.892,2.0072992700729926,200.72992700729927,2587.810218978102
1.620125202998679,12.868,2.0072992700729926,200.72992700729927,2582.992700729927
1.630186087999391,12.884,2.0072992700729926,200.72992700729927,2586.204379562044
1.6402463799986435,12.876,2.0072992700729926,218.97810218978103,2819.5620437956204
1.65030643099999,12.888,2.0072992700729926,200.72992700729927,2587.007299270073
1.6603665749989887,12.876,2.0072992700729926,218.97810218978103,2819.5620437956204
1.6704264599993621,12.888,2.0072992700729926,200.72992700729927,2587.007299270073
1.680487251998784,12.876,2.0072992700729926,200.72992700729927,2584.598540145985
1.6905480069999612,12.888,2.0072992700729926,200.72992700729927,2587.007299270073
1.7006088170001021,12.876,2.0072992700729926,200.72992700729927,2584.598540145985
1.7106698319985298,12.888,2.0072992700729926,182.48175182481754,2351.8248175182484
1.7207299379988399,12.88,2.0072992700729926,200.72992700729927,2585.401459854015
1.7307901009990019,12.884,2.0072992700729926,200.72992700729927,2586.204379562044
1.7408512629990582,12.88,2.0072992700729926,218.97810218978103,2820.4379562043796
1.7509118699999817,12.884,2.0072992700729926,200.72992700729927,2586.204379562044
1.7609720509990439,12.884,2.0072992700729926,200.72992700729927,2586.204379562044
1.7710328249995655,12.88,2.0072992700729926,218.97810218978103,2820.4379562043796
1.7810934869994526,12.88,2.0072992700729926,200.72992700729927,2585.401459854015
1.791154093998557,12.88,2.0072992700729926,200.72992700729927,2585.401459854015
1.8012148669986345,12.88,2.0072992700729926,200.72992700729927,2585.401459854015
1.8112755849997484,12.88,2.0072992700729926,200.72992700729927,2585.401459854015
1.8213360069985356,12.892,2.0072992700729926,200.72992700729927,2587.810218978102
1.8313961699986976,12.872,2.0072992700729926,200.72992700729927,2583.795620437956
1.8414562389989442,12.888,2.0072992700729926,200.72992700729927,2587.007299270073
1.8515172169991274,12.872,2.0072992700729926,200.72992700729927,2583.795620437956
1.8615774159989087,12.888,2.0072992700729926,200.72992700729927,2587.007299270073
1.8716372819999378,12.872,1.8248175182481754,200.72992700729927,2583.795620437956
1.881698110999423,12.888,2.0072992700729926,200.72992700729927,2587.007299270073
1.8917566439995426,12.876,2.1897810218978107,200.72992700729927,2584.598540145985
1.901818361999176,12.888,2.0072992700729926,200.72992700729927,2587.007299270073
1.9118789869989996,12.872,2.0072992700729926,200.72992700729927,2583.795620437956
1.921939593999923,12.896,2.0072992700729926,200.72992700729927,2588.6131386861316
1.9320002749991545,12.872,2.0072992700729926,200.72992700729927,2583.795620437956
1.942069103999529,12.888,2.1897810218978107,200.72992700729927,2587.007299270073
1.9521313039986126,12.872,2.0072992700729926,200.72992700729927,2583.795620437956
1.9621922810001706,12.892,1.8248175182481754,200.72992700729927,2587.810218978102
1.9722533139993175,12.872,2.0072992700729926,200.72992700729927,2583.795620437956
1.98231577200022,12.888,2.0072992700729926,218.97810218978103,2822.189781021898
1.9923771009998745,12.872,2.0072992700729926,182.48175182481754,2348.9051094890515
2.002438726998662,12.896,2.0072992700729926,200.72992700729927,2588.6131386861316
2.0125005369991413,12.868,2.0072992700729926,200.72992700729927,2582.992700729927
2.0225615149993246,12.9,2.0072992700729926,200.72992700729927,2589.4160583941607
2.0326223809988733,12.86,2.0072992700729926,200.72992700729927,2581.3868613138684
2.042683098999987,12.9,2.0072992700729926,200.72992700729927,2589.4160583941607
2.0527437049986474,12.864,2.0072992700729926,200.72992700729927,2582.189781021898
2.0628044599998248,12.896,2.0072992700729926,200.72992700729927,2588.6131386861316
2.0728650860000926,12.86,2.0072992700729926,200.72992700729927,2581.3868613138684
2.08292561899907,12.868,2.1897810218978107,218.97810218978103,2817.8102189781025
2.092985928999042,12.848,2.0072992700729926,218.97810218978103,2813.4306569343066
2.1030461289992672,12.884,2.0072992700729926,200.72992700729927,2586.204379562044
2.113106938999408,12.852,2.0072992700729926,200.72992700729927,2579.78102189781
2.1231679159991472,12.888,2.0072992700729926,218.97810218978103,2822.189781021898
2.1332278749996476,12.848,2.0072992700729926,218.97810218978103,2813.4306569343066
2.143288463999852,12.88,2.0072992700729926,218.97810218978103,2820.4379562043796
2.1533487559991045,12.852,2.0072992700729926,218.97810218978103,2814.306569343066
2.1634089549988857,12.88,2.1897810218978107,200.72992700729927,2585.401459854015
2.173469876999661,12.852,2.1897810218978107,218.97810218978103,2814.306569343066
2.1835305579988926,12.88,2.0072992700729926,200.72992700729927,2585.401459854015
2.1935912939989066,12.852,2.0072992700729926,200.72992700729927,2579.78102189781
2.203651660000105,12.884,2.1897810218978107,200.72992700729927,2586.204379562044
2.213712155999019,12.848,2.0072992700729926,200.72992700729927,2578.978102189781
2.223772632998589,12.888,2.1897810218978107,200.72992700729927,2587.007299270073
2.233833128999322,12.856,2.0072992700729926,218.97810218978103,2815.182481751825
2.2438937919996533,12.88,2.1897810218978107,218.97810218978103,2820.4379562043796
2.25395434299935,12.848,2.1897810218978107,218.97810218978103,2813.4306569343066
2.264014671998666,12.88,2.0072992700729926,200.72992700729927,2585.401459854015
2.2740753529997164,12.848,2.0072992700729926,218.97810218978103,2813.4306569343066
2.2841357559991593,12.888,2.1897810218978107,200.72992700729927,2587.007299270073
2.2941963439989195,12.848,2.1897810218978107,200.72992700729927,2578.978102189781
2.304256210998574,12.888,2.0072992700729926,200.72992700729927,2587.007299270073
2.314316224999857,12.848,2.1897810218978107,200.72992700729927,2578.978102189781
2.324376886999744,12.888,2.1897810218978107,200.72992700729927,2587.007299270073
2.3344373639993137,12.852,2.0072992700729926,200.72992700729927,2579.78102189781
2.3444979899995815,12.876,2.1897810218978107,218.97810218978103,2819.5620437956204
2.354558281998834,12.852,2.1897810218978107,218.97810218978103,2814.306569343066
2.364618129999144,12.88,2.0072992700729926,218.97810218978103,2820.4379562043796
2.374680532999264,12.852,2.1897810218978107,200.72992700729927,2579.78102189781
2.3847413059993414,12.884,2.0072992700729926,218.97810218978103,2821.3138686131388
2.394801282998742,12.848,2.1897810218978107,200.72992700729927,2578.978102189781
2.4048600009991787,12.884,2.0072992700729926,218.97810218978103,2821.3138686131388
2.414921144998516,12.848,2.0072992700729926,200.72992700729927,2578.978102189781
2.4249819189990376,12.884,2.0072992700729926,200.72992700729927,2586.204379562044
2.4350420069986285,12.852,2.1897810218978107,218.97810218978103,2814.306569343066
2.4451026329988963,12.88,2.0072992700729926,218.97810218978103,2820.4379562043796
2.4551626649990794,12.848,2.1897810218978107,200.72992700729927,2578.978102189781
2.4652236239999183,12.884,2.1897810218978107,200.72992700729927,2586.204379562044
2.4752837309988536,12.848,2.1897810218978107,218.97810218978103,2813.4306569343066
2.4853435969998827,12.884,2.0072992700729926,200.72992700729927,2586.204379562044
2.4954037600000447,12.848,2.1897810218978107,200.72992700729927,2578.978102189781
2.5054639779991703,12.912,2.0072992700729926,200.72992700729927,2591.8248175182484
2.515524196000115,12.88,2.0072992700729926,200.72992700729927,2585.401459854015
2.5255840249992616,12.896,2.0072992700729926,200.72992700729927,2588.6131386861316
2.535644556999614,12.872,1.8248175182481754,200.72992700729927,2583.795620437956
2.5457046269984858,12.892,2.0072992700729926,200.72992700729927,2587.810218978102
2.5557652339994092,12.868,2.0072992700729926,200.72992700729927,2582.992700729927
2.5658237299994653,12.892,2.0072992700729926,218.97810218978103,2823.0656934306567
2.5758835959986754,12.868,2.0072992700729926,200.72992700729927,2582.992700729927
2.585943887999747,12.892,2.0072992700729926,200.72992700729927,2587.810218978102
2.596003753998957,12.868,2.0072992700729926,200.72992700729927,2582.992700729927
2.6060644909994153,12.896,2.0072992700729926,200.72992700729927,2588.6131386861316
2.616124078998837,12.876,2.0072992700729926,200.72992700729927,2584.598540145985
2.6261936119990423,12.892,2.0072992700729926,200.72992700729927,2587.810218978102
2.636254569999437,12.844,2.0072992700729926,200.72992700729927,2578.1751824817516
2.6463154739994934,12.872,2.1897810218978107,200.72992700729927,2583.795620437956
2.6563756729992747,12.848,2.1897810218978107,200.72992700729927,2578.978102189781
2.6664357429999654,12.88,2.0072992700729926,200.72992700729927,2585.401459854015
2.676495552999768,12.848,2.0072992700729926,218.97810218978103,2813.4306569343066
2.686556122998809,12.88,2.1897810218978107,200.72992700729927,2585.401459854015
2.6966167489990767,12.856,2.0072992700729926,200.72992700729927,2580.5839416058393
2.7066774109989638,12.88,2.1897810218978107,200.72992700729927,2585.401459854015
2.7167381290000776,12.856,2.0072992700729926,218.97810218978103,2815.182481751825
2.726797679999436,12.88,2.0072992700729926,200.72992700729927,2585.401459854015
2.7368575829987094,12.856,2.0072992700729926,200.72992700729927,2580.5839416058393
2.7469187829992734,12.876,2.0072992700729926,200.72992700729927,2584.598540145985
2.7569789640001545,12.856,2.0072992700729926,218.97810218978103,2815.182481751825
2.767038773999957,12.876,2.1897810218978107,218.97810218978103,2819.5620437956204
2.777099510998596,12.852,2.0072992700729926,200.72992700729927,2579.78102189781
2.7871597839985043,12.876,2.1897810218978107,200.72992700729927,2584.598540145985
2.797219705998941,12.86,2.1897810218978107,200.72992700729927,2581.3868613138684
2.807280590999653,12.876,2.0072992700729926,200.72992700729927,2584.598540145985
2.8173411789994134,12.86,2.1897810218978107,200.72992700729927,2581.3868613138684
2.8274022489986237,12.876,2.1897810218978107,200.72992700729927,2584.598540145985
2.837463169998955,12.856,2.1897810218978107,200.72992700729927,2580.5839416058393
2.847523795999223,12.876,2.0072992700729926,200.72992700729927,2584.598540145985
2.85758445799911,12.852,2.0072992700729926,200.72992700729927,2579.78102189781
2.86764502799997,12.876,2.1897810218978107,200.72992700729927,2584.598540145985
2.877705300999878,12.848,2.1897810218978107,218.97810218978103,2813.4306569343066
2.887765204999596,12.88,2.1897810218978107,200.72992700729927,2585.401459854015
2.897826329999589,12.852,2.0072992700729926,218.97810218978103,2814.306569343066
2.9078868809992855,12.876,2.0072992700729926,200.72992700729927,2584.598540145985
2.9179455249995954,12.856,2.1897810218978107,200.72992700729927,2580.5839416058393
2.9280065949988057,12.88,2.1897810218978107,218.97810218978103,2820.4379562043796
2.938067293998756,12.856,2.0072992700729926,200.72992700729927,2580.5839416058393
2.948132474999511,12.876,2.1897810218978107,200.72992700729927,2584.598540145985
2.958193914999356,12.852,2.0072992700729926,200.72992700729927,2579.78102189781
2.968254800000068,12.876,2.0072992700729926,218.97810218978103,2819.5620437956204
2.978315443999236,12.86,2.1897810218978107,200.72992700729927,2581.3868613138684
2.9883778659987,12.868,2.0072992700729926,218.97810218978103,2817.8102189781025
2.998442731999603,12.86,2.0072992700729926,200.72992700729927,2581.3868613138684
3.0085039869991306,12.876,2.0072992700729926,200.72992700729927,2584.598540145985
3.018564037998658,12.86,2.0072992700729926,200.72992700729927,2581.3868613138684
3.0286252739988413,12.876,2.1897810218978107,200.72992700729927,2584.598540145985
3.038685825998982,12.856,2.0072992700729926,218.97810218978103,2815.182481751825
3.048746394999398,12.876,2.1897810218978107,218.97810218978103,2819.5620437956204
3.058806946999539,12.856,2.0072992700729926,200.72992700729927,2580.5839416058393
3.068867608999426,12.88,2.0072992700729926,200.72992700729927,2585.401459854015
3.0789279939999687,12.856,2.1897810218978107,218.97810218978103,2815.182481751825
3.088988748999327,12.876,2.0072992700729926,200.72992700729927,2584.598540145985
3.0990492069995526,12.856,2.1897810218978107,218.97810218978103,2815.182481751825
3.10910973999853,12.876,2.1897810218978107,218.97810218978103,2819.5620437956204
3.1191700879990094,12.856,2.0072992700729926,200.72992700729927,2580.5839416058393
3.1292305089991714,12.88,2.0072992700729926,218.97810218978103,2820.4379562043796
3.1392910609993123,12.852,2.0072992700729926,200.72992700729927,2579.78102189781
3.1493516310001723,12.88,2.1897810218978107,218.97810218978103,2820.4379562043796
3.159411867000017,12.852,2.0072992700729926,218.97810218978103,2814.306569343066
3.169471788998635,12.876,2.0072992700729926,218.97810218978103,2819.5620437956204
3.1795314329992834,12.86,2.1897810218978107,200.72992700729927,2581.3868613138684
3.1895922619987687,12.868,2.1897810218978107,218.97810218978103,2817.8102189781025
3.1996526650000305,12.86,2.1897810218978107,218.97810218978103,2816.0583941605837
3.209713197999008,12.872,2.0072992700729926,200.72992700729927,2583.795620437956
3.2197736379985145,12.856,2.0072992700729926,200.72992700729927,2580.5839416058393
3.2298335039995436,12.876,2.0072992700729926,200.72992700729927,2584.598540145985
3.2398933509994094,12.856,2.1897810218978107,200.72992700729927,2580.5839416058393
3.2499532549991272,12.876,2.0072992700729926,200.72992700729927,2584.598540145985
3.2600141759994585,12.864,2.0072992700729926,218.97810218978103,2816.9343065693433
3.270074078998732,12.876,2.1897810218978107,200.72992700729927,2584.598540145985
3.2801340939986403,12.856,2.1897810218978107,218.97810218978103,2815.182481751825
3.290194551998866,12.876,2.0072992700729926,200.72992700729927,2584.598540145985
3.3002548629992816,12.852,2.0072992700729926,200.72992700729927,2579.78102189781
3.3103152479998244,12.876,2.0072992700729926,200.72992700729927,2584.598540145985
3.320375242999944,12.852,2.0072992700729926,200.72992700729927,2579.78102189781
3.330435312998816,12.876,2.1897810218978107,200.72992700729927,2584.598540145985
3.3404953089993796,12.852,2.0072992700729926,218.97810218978103,2814.306569343066
3.3505560269986745,12.876,2.0072992700729926,200.72992700729927,2584.598540145985
3.36061657800019,12.86,2.0072992700729926,200.72992700729927,2581.3868613138684
3.3706770179996965,12.876,2.0072992700729926,218.97810218978103,2819.5620437956204
3.3807399029992666,12.86,2.1897810218978107,218.97810218978103,2816.0583941605837
3.390801046998604,12.872,2.1897810218978107,200.72992700729927,2583.795620437956
3.4008612649995484,12.86,2.1897810218978107,200.72992700729927,2581.3868613138684
3.4109218529993086,12.868,2.1897810218978107,200.72992700729927,2582.992700729927
3.4209824779991322,12.856,2.0072992700729926,200.72992700729927,2580.5839416058393
3.4310430479999923,12.876,2.0072992700729926,218.97810218978103,2819.5620437956204
3.4411038029993506,12.856,2.0072992700729926,200.72992700729927,2580.5839416058393
3.4511642990000837,12.872,2.1897810218978107,200.72992700729927,2583.795620437956
3.4612243129995477,12.864,2.0072992700729926,218.97810218978103,2816.9343065693433
3.4712842349999846,12.9,2.0072992700729926,200.72992700729927,2589.4160583941607
3.4813445820000197,12.892,2.0072992700729926,200.72992700729927,2587.810218978102
3.4914043369990395,12.896,2.0072992700729926,200.72992700729927,2588.6131386861316
3.501464554999984,12.868,2.0072992700729926,200.72992700729927,2582.992700729927
3.511524550998729,12.888,2.0072992700729926,200.72992700729927,2587.007299270073
3.521584565000012,12.872,2.0072992700729926,200.72992700729927,2583.795620437956
3.5316443760002585,12.888,2.0072992700729926,200.72992700729927,2587.007299270073
3.5417045379999763,12.884,2.0072992700729926,200.72992700729927,2586.204379562044
3.5517651079990173,12.884,2.0072992700729926,200.72992700729927,2586.204379562044
3.561825714999941,12.884,2.0072992700729926,200.72992700729927,2586.204379562044
3.5718863399997645,12.88,2.0072992700729926,182.48175182481754,2350.36496350365
3.5819465949989535,12.888,2.0072992700729926,200.72992700729927,2587.007299270073
3.592006646998925,12.88,2.0072992700729926,200.72992700729927,2585.401459854015
3.602067771998918,12.852,2.0072992700729926,200.72992700729927,2579.78102189781
3.612128490000032,12.852,2.1897810218978107,218.97810218978103,2814.306569343066
3.622189707999496,12.864,2.0072992700729926,200.72992700729927,2582.189781021898
3.632249389000208,12.864,2.1897810218978107,200.72992700729927,2582.189781021898
3.6423112920001586,12.872,2.0072992700729926,200.72992700729927,2583.795620437956
3.6523713619990303,12.864,2.0072992700729926,200.72992700729927,2582.189781021898
3.6624312839994673,12.872,2.0072992700729926,218.97810218978103,2818.6861313868612
3.672492315999989,12.864,2.0072992700729926,200.72992700729927,2582.189781021898
3.682552311998734,12.868,2.0072992700729926,200.72992700729927,2582.992700729927
3.6926131599993823,12.864,2.1897810218978107,200.72992700729927,2582.189781021898
3.7026740069995867,12.86,2.1897810218978107,218.97810218978103,2816.0583941605837
3.7127345769986277,12.872,2.0072992700729926,200.72992700729927,2583.795620437956
3.722794757999509,12.868,2.0072992700729926,200.72992700729927,2582.992700729927
3.7328547540000727,12.868,2.1897810218978107,218.97810218978103,2817.8102189781025
3.742914712000129,12.872,2.1897810218978107,218.97810218978103,2818.6861313868612
3.7529752449991065,12.868,2.0072992700729926,218.97810218978103,2817.8102189781025
3.7630357959988032,12.872,2.0072992700729926,200.72992700729927,2583.795620437956
3.7730963849990076,12.864,2.0072992700729926,200.72992700729927,2582.189781021898
3.7831571389997407,12.868,2.0072992700729926,200.72992700729927,2582.992700729927
3.793217819998972,12.864,2.0072992700729926,218.97810218978103,2816.9343065693433
3.803277908999007,12.868,2.0072992700729926,218.97810218978103,2817.8102189781025
3.8133378860002267,12.86,2.0072992700729926,218.97810218978103,2816.0583941605837
3.8233977339987177,12.872,2.0072992700729926,200.72992700729927,2583.795620437956
3.833457950999218,12.86,2.0072992700729926,200.72992700729927,2581.3868613138684
3.843517928999063,12.872,2.1897810218978107,200.72992700729927,2583.795620437956
3.853579220998654,12.864,2.0072992700729926,200.72992700729927,2582.189781021898
3.8636397529990063,12.872,2.0072992700729926,218.97810218978103,2818.6861313868612
3.8737004340000567,12.864,2.1897810218978107,218.97810218978103,2816.9343065693433
3.883761096998569,12.868,2.0072992700729926,200.72992700729927,2582.992700729927
3.893822388999979,12.868,2.0072992700729926,200.72992700729927,2582.992700729927
3.9038829399996757,12.864,2.0072992700729926,200.72992700729927,2582.189781021898
3.9139621019985498,12.868,2.0072992700729926,218.97810218978103,2817.8102189781025
3.924043819999497,12.86,2.0072992700729926,218.97810218978103,2816.0583941605837
3.9341247779993864,12.872,2.1897810218978107,200.72992700729927,2583.795620437956
3.9442179950001446,12.86,2.0072992700729926,200.72992700729927,2581.3868613138684
3.9543034349990194,12.876,2.0072992700729926,218.97810218978103,2819.5620437956204
3.9643841149991204,12.86,2.0072992700729926,200.72992700729927,2581.3868613138684
3.9744673509994755,12.876,2.1897810218978107,218.97810218978103,2819.5620437956204
3.984552123998583,12.864,2.0072992700729926,200.72992700729927,2582.189781021898
3.994634953000059,12.864,2.1897810218978107,218.97810218978103,2816.9343065693433
4.004716374000054,12.864,2.1897810218978107,218.97810218978103,2816.9343065693433
4.014793721999013,12.856,2.0072992700729926,200.72992700729927,2580.5839416058393
4.024870920999092,12.864,2.1897810218978107,200.72992700729927,2582.189781021898
4.034950804998516,12.872,2.0072992700729926,200.72992700729927,2583.795620437956
4.045027614998617,12.86,2.1897810218978107,200.72992700729927,2581.3868613138684
4.055105776998971,12.872,2.1897810218978107,200.72992700729927,2583.795620437956
4.065182106000066,12.86,2.0072992700729926,200.72992700729927,2581.3868613138684
4.07525954599987,12.864,2.0072992700729926,200.72992700729927,2582.189781021898
4.085335726000267,12.86,2.1897810218978107,200.72992700729927,2581.3868613138684
4.095413480999923,12.864,2.0072992700729926,200.72992700729927,2582.189781021898
4.105489031999241,12.86,2.0072992700729926,218.97810218978103,2816.0583941605837
4.115569600999152,12.864,2.1897810218978107,200.72992700729927,2582.189781021898
4.125649763000183,12.86,2.1897810218978107,218.97810218978103,2816.0583941605837
4.1357302959986555,12.868,2.1897810218978107,218.97810218978103,2817.8102189781025
4.145810142999835,12.86,2.0072992700729926,218.97810218978103,2816.0583941605837
4.155890582998836,12.872,2.1897810218978107,218.97810218978103,2818.6861313868612
4.1659705599995505,12.86,2.0072992700729926,200.72992700729927,2581.3868613138684
4.176050387999567,12.876,2.1897810218978107,218.97810218978103,2819.5620437956204
4.186130883999795,12.856,2.1897810218978107,200.72992700729927,2580.5839416058393
4.196211286000107,12.872,2.0072992700729926,200.72992700729927,2583.795620437956
4.206303651999406,12.86,2.0072992700729926,200.72992700729927,2581.3868613138684
4.216384276998724,12.86,2.1897810218978107,200.72992700729927,2581.3868613138684
4.226466419999269,12.864,2.0072992700729926,200.72992700729927,2582.189781021898
4.236546434000047,12.86,2.1897810218978107,218.97810218978103,2816.0583941605837
4.246625967,12.86,2.0072992700729926,200.72992700729927,2581.3868613138684
4.256706405998557,12.872,2.0072992700729926,218.97810218978103,2818.6861313868612
4.266786845999377,12.86,2.0072992700729926,200.72992700729927,2581.3868613138684
4.276865693000218,12.876,2.0072992700729926,200.72992700729927,2584.598540145985
4.286946373998944,12.856,2.0072992700729926,200.72992700729927,2580.5839416058393
4.297026573000039,12.876,2.0072992700729926,182.48175182481754,2349.6350364963505
4.307132178999382,12.852,2.0072992700729926,200.72992700729927,2579.78102189781
4.317211988998679,12.88,2.1897810218978107,200.72992700729927,2585.401459854015
4.32729265099988,12.86,2.0072992700729926,200.72992700729927,2581.3868613138684
4.337372719999621,12.868,2.0072992700729926,200.72992700729927,2582.992700729927
4.347452956999405,12.86,2.1897810218978107,218.97810218978103,2816.0583941605837
4.357533080999929,12.868,2.1897810218978107,218.97810218978103,2817.8102189781025
4.367613280999649,12.86,2.1897810218978107,218.97810218978103,2816.0583941605837
4.377698145999602,12.872,2.0072992700729926,200.72992700729927,2583.795620437956
4.387779326998498,12.86,2.1897810218978107,200.72992700729927,2581.3868613138684
4.3978600629998255,12.876,2.0072992700729926,218.97810218978103,2819.5620437956204
4.407966205999401,12.856,2.0072992700729926,200.72992700729927,2580.5839416058393
4.4180471829986345,12.872,2.0072992700729926,200.72992700729927,2583.795620437956
4.428128047999053,12.86,2.0072992700729926,218.97810218978103,2816.0583941605837
4.4382101359988155,12.876,2.1897810218978107,218.97810218978103,2819.5620437956204
4.4482903349999106,12.864,2.0072992700729926,218.97810218978103,2816.9343065693433
4.458373015999314,12.868,2.0072992700729926,218.97810218978103,2817.8102189781025
4.468454751999161,12.86,2.1897810218978107,218.97810218978103,2816.0583941605837
4.47853741399922,12.868,2.1897810218978107,218.97810218978103,2817.8102189781025
4.488618445999236,12.86,2.0072992700729926,218.97810218978103,2816.0583941605837
4.498700607999126,12.876,2.1897810218978107,218.97810218978103,2819.5620437956204
4.508791250998911,12.852,2.0072992700729926,200.72992700729927,2579.78102189781
4.518868395000027,12.876,2.0072992700729926,218.97810218978103,2819.5620437956204
4.5289436869989,12.852,2.0072992700729926,218.97810218978103,2814.306569343066
4.539022367000143,12.872,2.1897810218978107,200.72992700729927,2583.795620437956
4.549099492000096,12.86,2.0072992700729926,200.72992700729927,2581.3868613138684
4.559176894999837,12.868,2.0072992700729926,218.97810218978103,2817.8102189781025
4.56925340899943,12.86,2.1897810218978107,200.72992700729927,2581.3868613138684
4.57933142299953,12.868,2.0072992700729926,200.72992700729927,2582.992700729927
4.5894066780001594,12.86,2.0072992700729926,218.97810218978103,2816.0583941605837
4.599482210000133,12.88,2.1897810218978107,200.72992700729927,2585.401459854015
4.60956503899979,12.86,2.1897810218978107,200.72992700729927,2581.3868613138684
4.619645626999045,12.872,2.1897810218978107,218.97810218978103,2818.6861313868612
4.62972571499995,12.856,2.0072992700729926,218.97810218978103,2815.182481751825
4.639806506000241,12.876,2.0072992700729926,200.72992700729927,2584.598540145985
4.6498872239990305,12.856,2.0072992700729926,200.72992700729927,2580.5839416058393
4.659967829999005,12.876,2.1897810218978107,200.72992700729927,2584.598540145985
4.670048787998894,12.86,2.0072992700729926,200.72992700729927,2581.3868613138684
4.680129746999228,12.868,2.0072992700729926,200.72992700729927,2582.992700729927
4.690213408999625,12.86,2.0072992700729926,200.72992700729927,2581.3868613138684
4.700294884998584,12.872,2.0072992700729926,200.72992700729927,2583.795620437956
4.710386861999723,12.852,2.0072992700729926,200.72992700729927,2579.78102189781
4.720463560999633,12.88,2.0072992700729926,200.72992700729927,2585.401459854015
4.730539222999141,12.848,2.0072992700729926,200.72992700729927,2578.978102189781
4.740614440999707,12.88,2.1897810218978107,218.97810218978103,2820.4379562043796
4.750691991999702,12.852,2.1897810218978107,200.72992700729927,2579.78102189781
4.760768727999675,12.872,2.0072992700729926,218.97810218978103,2818.6861313868612
4.770846778999839,12.86,2.0072992700729926,200.72992700729927,2581.3868613138684
4.7809231449991785,12.868,2.1897810218978107,200.72992700729927,2582.992700729927
4.791000546998475,12.86,2.0072992700729926,200.72992700729927,2581.3868613138684
4.801073320999421,12.872,2.1897810218978107,218.97810218978103,2818.6861313868612
4.811160018998635,12.86,2.0072992700729926,200.72992700729927,2581.3868613138684
4.821242477999476,12.868,2.0072992700729926,200.72992700729927,2582.992700729927
4.831318991999069,12.856,2.0072992700729926,200.72992700729927,2580.5839416058393
4.84140076499898,12.876,2.1897810218978107,200.72992700729927,2584.598540145985
4.8514822969991656,12.852,2.0072992700729926,200.72992700729927,2579.78102189781
4.861563754999224,12.876,2.0072992700729926,218.97810218978103,2819.5620437956204
4.871645620998606,12.856,2.0072992700729926,218.97810218978103,2815.182481751825
4.881727283000146,12.88,2.0072992700729926,200.72992700729927,2585.401459854015
4.891808333999506,12.856,2.1897810218978107,218.97810218978103,2815.182481751825
4.901889328999459,12.868,2.0072992700729926,218.97810218978103,2817.8102189781025
4.9119800649987155,12.852,2.1897810218978107,218.97810218978103,2814.306569343066
4.922058189999007,12.876,2.1897810218978107,218.97810218978103,2819.5620437956204
4.932134647999192,12.852,2.0072992700729926,200.72992700729927,2579.78102189781
4.942227235998871,12.876,2.1897810218978107,200.72992700729927,2584.598540145985
4.95230441700005,12.852,2.1897810218978107,200.72992700729927,2579.78102189781
4.962381670999093,12.88,2.1897810218978107,218.97810218978103,2820.4379562043796
4.972458851998454,12.852,2.0072992700729926,200.72992700729927,2579.78102189781
4.982537346999379,12.868,2.0072992700729926,200.72992700729927,2582.992700729927
4.992616749999797,12.856,2.0072992700729926,218.97810218978103,2815.182481751825
5.00269509699865,12.868,2.0072992700729926,218.97810218978103,2817.8102189781025
5.012838961998568,12.856,2.1897810218978107,200.72992700729927,2580.5839416058393
5.022922715999812,12.864,2.0072992700729926,218.97810218978103,2816.9343065693433
5.033004692999384,12.856,2.1897810218978107,218.97810218978103,2815.182481751825
5.043086465999295,12.868,2.1897810218978107,200.72992700729927,2582.992700729927
5.053167979998761,12.856,2.0072992700729926,218.97810218978103,2815.182481751825
5.063249400998757,12.876,2.1897810218978107,200.72992700729927,2584.598540145985
5.0733305069989,12.852,2.1897810218978107,218.97810218978103,2814.306569343066
5.083411335999699,12.876,2.0072992700729926,218.97810218978103,2819.5620437956204
5.0934926829995675,12.852,2.0072992700729926,200.72992700729927,2579.78102189781
5.10357404899878,12.88,2.0072992700729926,218.97810218978103,2820.4379562043796
5.113660154998797,12.852,2.1897810218978107,218.97810218978103,2814.306569343066
5.123736243000167,12.868,2.0072992700729926,200.72992700729927,2582.992700729927
5.133812127000056,12.852,2.1897810218978107,218.97810218978103,2814.306569343066
5.143888918999437,12.872,2.0072992700729926,218.97810218978103,2818.6861313868612
5.15396543299903,12.856,2.1897810218978107,218.97810218978103,2815.182481751825
5.164037040000039,12.876,2.1897810218978107,200.72992700729927,2584.598540145985
5.174113719998786,12.852,2.1897810218978107,218.97810218978103,2814.306569343066
5.184190678999585,12.88,2.1897810218978107,218.97810218978103,2820.4379562043796
5.194268580999051,12.852,2.0072992700729926,218.97810218978103,2814.306569343066
5.204344947000209,12.872,2.0072992700729926,218.97810218978103,2818.6861313868612
5.214477626999724,12.856,2.1897810218978107,218.97810218978103,2815.182481751825
5.224559213998873,12.872,2.0072992700729926,218.97810218978103,2818.6861313868612
5.234643153999059,12.856,2.1897810218978107,200.72992700729927,2580.5839416058393
5.244723668000006,12.864,2.1897810218978107,200.72992700729927,2582.189781021898
5.2548065339997265,12.86,2.0072992700729926,200.72992700729927,2581.3868613138684
5.264888584999426,12.868,2.0072992700729926,200.72992700729927,2582.992700729927
5.274970745998871,12.856,2.0072992700729926,200.72992700729927,2580.5839416058393
5.285051963999649,12.872,2.0072992700729926,200.72992700729927,2583.795620437956
5.295133236999391,12.852,2.0072992700729926,200.72992700729927,2579.78102189781
5.305213251000168,12.88,2.0072992700729926,200.72992700729927,2585.401459854015
5.315303912999298,12.848,2.1897810218978107,218.97810218978103,2813.4306569343066
5.325385370999356,12.88,2.1897810218978107,200.72992700729927,2585.401459854015
5.335466458998781,12.844,2.1897810218978107,218.97810218978103,2812.5547445255474
5.345546990998628,12.872,2.0072992700729926,218.97810218978103,2818.6861313868612
5.355627986999025,12.856,2.1897810218978107,200.72992700729927,2580.5839416058393
5.365709425999739,12.872,2.0072992700729926,218.97810218978103,2818.6861313868612
5.375790496000263,12.856,2.1897810218978107,200.72992700729927,2580.5839416058393
5.385870434998651,12.872,2.1897810218978107,200.72992700729927,2583.795620437956
5.395951393998985,12.856,2.0072992700729926,218.97810218978103,2815.182481751825
5.406032629998663,12.88,2.0072992700729926,218.97810218978103,2820.4379562043796
5.416136383999401,12.852,2.0072992700729926,200.72992700729927,2579.78102189781
5.42621904599946,12.876,2.0072992700729926,218.97810218978103,2819.5620437956204
5.436300355999265,12.852,2.1897810218978107,218.97810218978103,2814.306569343066
5.446381017998647,12.88,2.1897810218978107,200.72992700729927,2585.401459854015
5.4564607169995725,12.856,2.1897810218978107,200.72992700729927,2580.5839416058393
5.466543008998997,12.868,2.0072992700729926,218.97810218978103,2817.8102189781025
5.476617892998547,12.856,2.0072992700729926,200.72992700729927,2580.5839416058393
5.486697887999981,12.868,2.1897810218978107,200.72992700729927,2582.992700729927
5.496777143000145,12.856,2.0072992700729926,200.72992700729927,2580.5839416058393
5.506859731000077,12.876,2.0072992700729926,218.97810218978103,2819.5620437956204
5.516954077998889,12.852,2.1897810218978107,200.72992700729927,2579.78102189781
5.527034683998863,12.88,2.0072992700729926,218.97810218978103,2820.4379562043796
5.537115735000043,12.844,2.0072992700729926,218.97810218978103,2812.5547445255474
5.547196841000186,12.88,2.1897810218978107,200.72992700729927,2585.401459854015
5.557277743999293,12.848,2.0072992700729926,218.97810218978103,2813.4306569343066
5.567354775999775,12.884,2.0072992700729926,200.72992700729927,2586.204379562044
5.577435660999981,12.852,2.1897810218978107,218.97810218978103,2814.306569343066
5.587515544999405,12.872,2.1897810218978107,218.97810218978103,2818.6861313868612
5.597596354999041,12.856,2.0072992700729926,200.72992700729927,2580.5839416058393
5.607676868999988,12.876,2.0072992700729926,218.97810218978103,2819.5620437956204
5.6177804749986535,12.856,2.0072992700729926,218.97810218978103,2815.182481751825
5.627860728998712,12.876,2.0072992700729926,218.97810218978103,2819.5620437956204
5.637937742998474,12.852,2.0072992700729926,218.97810218978103,2814.306569343066
5.648017202000119,12.876,2.1897810218978107,218.97810218978103,2819.5620437956204
5.658096733999628,12.852,2.0072992700729926,218.97810218978103,2814.306569343066
5.668177599998671,12.88,2.0072992700729926,200.72992700729927,2585.401459854015
5.678258873000232,12.856,2.0072992700729926,218.97810218978103,2815.182481751825
5.688339885999085,12.872,2.1897810218978107,200.72992700729927,2583.795620437956
5.698423455998636,12.856,2.1897810218978107,200.72992700729927,2580.5839416058393
5.70850393299952,12.872,2.1897810218978107,200.72992700729927,2583.795620437956
5.7186081309992005,12.856,2.0072992700729926,200.72992700729927,2580.5839416058393
5.728687940998498,12.876,2.1897810218978107,200.72992700729927,2584.598540145985
5.738770139998451,12.852,2.0072992700729926,218.97810218978103,2814.306569343066
5.748850986999969,12.88,2.0072992700729926,200.72992700729927,2585.401459854015
5.758932408998589,12.848,2.1897810218978107,200.72992700729927,2578.978102189781
5.769013403998542,12.88,2.0072992700729926,218.97810218978103,2820.4379562043796
5.779094398998495,12.848,2.1897810218978107,218.97810218978103,2813.4306569343066
5.789174745999844,12.88,2.1897810218978107,218.97810218978103,2820.4379562043796
5.799255592999543,12.856,2.1897810218978107,218.97810218978103,2815.182481751825
5.809337384998798,12.876,2.0072992700729926,200.72992700729927,2584.598540145985
5.819426583999302,12.856,2.0072992700729926,200.72992700729927,2580.5839416058393
5.8295063199984725,12.872,2.0072992700729926,200.72992700729927,2583.795620437956
5.839587740998468,12.856,2.0072992700729926,200.72992700729927,2580.5839416058393
5.849668939999901,12.872,2.0072992700729926,200.72992700729927,2583.795620437956
5.8597500279993255,12.852,2.0072992700729926,218.97810218978103,2814.306569343066
5.869830726998771,12.88,2.0072992700729926,200.72992700729927,2585.401459854015
5.8799112959986815,12.852,2.1897810218978107,218.97810218978103,2814.306569343066
5.889992106000136,12.88,2.1897810218978107,200.72992700729927,2585.401459854015
5.900072786998862,12.852,2.1897810218978107,200.72992700729927,2579.78102189781
5.910153763999915,12.884,2.0072992700729926,218.97810218978103,2821.3138686131388
5.920258961999934,12.856,2.1897810218978107,200.72992700729927,2580.5839416058393
5.930339438998999,12.872,2.0072992700729926,218.97810218978103,2818.6861313868612
5.940438970999821,12.852,2.1897810218978107,200.72992700729927,2579.78102189781
5.950523261999479,12.872,2.1897810218978107,200.72992700729927,2583.795620437956
5.960603572999389,12.856,2.1897810218978107,200.72992700729927,2580.5839416058393
5.970686659999046,12.88,2.1897810218978107,200.72992700729927,2585.401459854015
5.980768081999486,12.848,2.1897810218978107,218.97810218978103,2813.4306569343066
5.99084989199946,12.884,2.0072992700729926,200.72992700729927,2586.204379562044
6.000933942999836,12.848,2.1897810218978107,200.72992700729927,2578.978102189781
6.011015807998774,12.884,2.1897810218978107,218.97810218978103,2821.3138686131388
6.021176561000175,12.852,2.0072992700729926,218.97810218978103,2814.306569343066
6.031254519999493,12.876,2.1897810218978107,218.97810218978103,2819.5620437956204
6.041331347998494,12.856,2.1897810218978107,218.97810218978103,2815.182481751825
6.051409694999165,12.868,2.0072992700729926,200.72992700729927,2582.992700729927
6.061486245998822,12.856,2.1897810218978107,200.72992700729927,2580.5839416058393
6.071563464000064,12.876,2.1897810218978107,200.72992700729927,2584.598540145985
6.081640292999509,12.852,2.0072992700729926,200.72992700729927,2579.78102189781
6.0917172139998,12.88,2.1897810218978107,182.48175182481754,2350.36496350365
6.101793783000176,12.848,2.1897810218978107,218.97810218978103,2813.4306569343066
6.11187050099943,12.884,2.0072992700729926,218.97810218978103,2821.3138686131388
6.121956199998749,12.852,2.1897810218978107,200.72992700729927,2579.78102189781
6.132035953998638,12.884,2.0072992700729926,218.97810218978103,2821.3138686131388
6.142116893999628,12.848,2.1897810218978107,218.97810218978103,2813.4306569343066
6.152197870998862,12.876,2.0072992700729926,218.97810218978103,2819.5620437956204
6.1622786249990895,12.852,2.0072992700729926,200.72992700729927,2579.78102189781
6.172359583999423,12.872,2.0072992700729926,200.72992700729927,2583.795620437956
6.182442800998615,12.852,2.0072992700729926,200.72992700729927,2579.78102189781
6.1925228709988005,12.876,2.1897810218978107,218.97810218978103,2819.5620437956204
6.202602883999134,12.852,2.0072992700729926,218.97810218978103,2814.306569343066
6.2126823979997425,12.88,2.0072992700729926,200.72992700729927,2585.401459854015
6.222762874998807,12.848,2.0072992700729926,200.72992700729927,2578.978102189781
6.232843685000262,12.88,2.1897810218978107,218.97810218978103,2820.4379562043796
6.242924235999453,12.848,2.0072992700729926,200.72992700729927,2578.978102189781
6.253004675998454,12.876,2.0072992700729926,218.97810218978103,2819.5620437956204
6.263085671000226,12.852,2.0072992700729926,200.72992700729927,2579.78102189781
6.273165480999523,12.872,2.1897810218978107,218.97810218978103,2818.6861313868612
6.283246273000259,12.852,2.0072992700729926,218.97810218978103,2814.306569343066
6.293327194000085,12.872,2.1897810218978107,200.72992700729927,2583.795620437956
6.30340741100008,12.856,2.1897810218978107,200.72992700729927,2580.5839416058393
6.313487258999885,12.88,2.0072992700729926,200.72992700729927,2585.401459854015
6.323562827999922,12.852,2.0072992700729926,200.72992700729927,2579.78102189781
6.333642972000234,12.88,2.0072992700729926,200.72992700729927,2585.401459854015
6.343723541000145,12.844,2.1897810218978107,200.72992700729927,2578.1751824817516
6.353804536000098,12.884,2.0072992700729926,200.72992700729927,2586.204379562044
6.363885734999712,12.844,2.1897810218978107,200.72992700729927,2578.1751824817516
6.373966785999073,12.884,2.1897810218978107,200.72992700729927,2586.204379562044
6.384047447998455,12.852,2.0072992700729926,218.97810218978103,2814.306569343066
6.394128146999719,12.876,2.1897810218978107,200.72992700729927,2584.598540145985
6.404208808999101,12.852,2.0072992700729926,218.97810218978103,2814.306569343066
6.414291303999562,12.876,2.1897810218978107,200.72992700729927,2584.598540145985
6.424380428999939,12.852,2.1897810218978107,200.72992700729927,2579.78102189781
6.43446279499949,12.88,2.1897810218978107,218.97810218978103,2820.4379562043796
6.444542622999506,12.848,2.1897810218978107,200.72992700729927,2578.978102189781
6.454622358998677,12.88,2.1897810218978107,200.72992700729927,2585.401459854015
6.464702780000152,12.848,2.1897810218978107,218.97810218978103,2813.4306569343066
6.474783591000232,12.88,2.1897810218978107,218.97810218978103,2820.4379562043796
6.484863252999276,12.852,2.0072992700729926,218.97810218978103,2814.306569343066
6.494940765998763,12.876,2.1897810218978107,218.97810218978103,2819.5620437956204
6.505020761998821,12.856,2.0072992700729926,218.97810218978103,2815.182481751825
6.515099886999451,12.876,2.1897810218978107,218.97810218978103,2819.5620437956204
6.5251886599999125,12.852,2.0072992700729926,200.72992700729927,2579.78102189781
6.5352685809994,12.88,2.0072992700729926,200.72992700729927,2585.401459854015
6.54534952099857,12.848,2.1897810218978107,218.97810218978103,2813.4306569343066
6.5554304599991156,12.884,2.0072992700729926,200.72992700729927,2586.204379562044
6.565511400000105,12.84,2.1897810218978107,200.72992700729927,2577.3722627737225
6.5755921919990215,12.884,2.0072992700729926,200.72992700729927,2586.204379562044
6.585672260998763,12.848,2.1897810218978107,218.97810218978103,2813.4306569343066
6.595752478999202,12.884,2.0072992700729926,200.72992700729927,2586.204379562044
6.605833214998711,12.856,2.0072992700729926,218.97810218978103,2815.182481751825
6.6159141909993195,12.876,2.0072992700729926,218.97810218978103,2819.5620437956204
6.626017389999106,12.856,2.1897810218978107,218.97810218978103,2815.182481751825
6.63609810699927,12.88,2.0072992700729926,218.97810218978103,2820.4379562043796
6.646179305998885,12.856,2.1897810218978107,200.72992700729927,2580.5839416058393
6.6562566719985625,12.876,2.1897810218978107,218.97810218978103,2819.5620437956204
6.666337240998473,12.848,2.0072992700729926,218.97810218978103,2813.4306569343066
6.676417828999547,12.88,2.1897810218978107,200.72992700729927,2585.401459854015
6.6865003619986965,12.848,1.8248175182481754,218.97810218978103,2813.4306569343066
6.6965814489994955,12.884,2.0072992700729926,200.72992700729927,2586.204379562044
6.706664610999724,12.852,2.0072992700729926,200.72992700729927,2579.78102189781
6.716745235999042,12.876,2.1897810218978107,200.72992700729927,2584.598540145985
6.726848619999146,12.856,2.0072992700729926,200.72992700729927,2580.5839416058393
6.736929725999289,12.876,2.0072992700729926,200.72992700729927,2584.598540145985
6.747010924998904,12.848,2.1897810218978107,200.72992700729927,2578.978102189781
6.757091846999174,12.88,2.0072992700729926,200.72992700729927,2585.401459854015
6.767172637999465,12.848,2.1897810218978107,200.72992700729927,2578.978102189781
6.7772530959991855,12.884,2.0072992700729926,218.97810218978103,2821.3138686131388
6.787329443999624,12.844,2.1897810218978107,218.97810218978103,2812.5547445255474
6.797410660999958,12.884,2.0072992700729926,200.72992700729927,2586.204379562044
6.807491359999403,12.844,2.1897810218978107,200.72992700729927,2578.1751824817516
6.81756813299944,12.884,2.1897810218978107,218.97810218978103,2821.3138686131388
6.827656998999373,12.852,2.0072992700729926,218.97810218978103,2814.306569343066
6.837738382999305,12.876,2.0072992700729926,218.97810218978103,2819.5620437956204
6.847819377999258,12.852,2.0072992700729926,200.72992700729927,2579.78102189781
6.857900095999867,12.872,2.0072992700729926,218.97810218978103,2818.6861313868612
6.86798110899872,12.852,2.1897810218978107,200.72992700729927,2579.78102189781
6.8780619939989265,12.876,2.1897810218978107,200.72992700729927,2584.598540145985
6.888142284999049,12.848,2.1897810218978107,218.97810218978103,2813.4306569343066
6.898224742999446,12.884,2.0072992700729926,200.72992700729927,2586.204379562044
6.908305404998828,12.848,2.0072992700729926,200.72992700729927,2578.978102189781
6.918389159998696,12.884,2.1897810218978107,200.72992700729927,2586.204379562044
6.928491524999117,12.852,2.0072992700729926,218.97810218978103,2814.306569343066
6.938574186999176,12.884,2.0072992700729926,200.72992700729927,2586.204379562044
6.948657977998664,12.848,2.0072992700729926,218.97810218978103,2813.4306569343066
6.958739695999611,12.876,2.0072992700729926,200.72992700729927,2584.598540145985
6.968819375999374,12.848,2.1897810218978107,218.97810218978103,2813.4306569343066
6.9789011489992845,12.88,2.0072992700729926,218.97810218978103,2820.4379562043796
6.9889819780000835,12.848,2.0072992700729926,200.72992700729927,2578.978102189781
6.999071565998747,12.884,2.1897810218978107,218.97810218978103,2821.3138686131388
7.009155301999272,12.848,2.0072992700729926,200.72992700729927,2578.978102189781
7.019236481999542,12.884,2.0072992700729926,218.97810218978103,2821.3138686131388
7.029396828000245,12.844,2.0072992700729926,200.72992700729927,2578.1751824817516
7.039476100999309,12.884,2.0072992700729926,200.72992700729927,2586.204379562044
7.049552799999219,12.852,2.0072992700729926,200.72992700729927,2579.78102189781
7.059629572999256,12.876,2.0072992700729926,218.97810218978103,2819.5620437956204
7.069706271999166,12.852,2.0072992700729926,218.97810218978103,2814.306569343066
7.079782601000261,12.868,2.1897810218978107,218.97810218978103,2817.8102189781025
7.089858317998733,12.856,2.0072992700729926,200.72992700729927,2580.5839416058393
7.0999347399992985,12.88,2.0072992700729926,200.72992700729927,2585.401459854015
7.110011419999864,12.848,2.0072992700729926,218.97810218978103,2813.4306569343066
7.120087359999161,12.884,2.0072992700729926,200.72992700729927,2586.204379562044
7.130175669999517,12.848,2.0072992700729926,218.97810218978103,2813.4306569343066
7.140256071999829,12.884,2.0072992700729926,218.97810218978103,2821.3138686131388
7.1503389199988305,12.848,2.0072992700729926,218.97810218978103,2813.4306569343066
7.160417432998656,12.884,2.0072992700729926,218.97810218978103,2821.3138686131388
7.170497872999476,12.844,2.0072992700729926,218.97810218978103,2812.5547445255474
7.180578571998922,12.876,2.0072992700729926,200.72992700729927,2584.598540145985
7.190660827000102,12.848,2.1897810218978107,200.72992700729927,2578.978102189781
7.200740599999335,12.876,2.0072992700729926,200.72992700729927,2584.598540145985
7.210822779999944,12.852,2.1897810218978107,218.97810218978103,2814.306569343066
7.220902311999453,12.884,2.0072992700729926,200.72992700729927,2586.204379562044
7.230980233998707,12.852,2.1897810218978107,200.72992700729927,2579.78102189781
7.241053376999844,12.884,2.0072992700729926,200.72992700729927,2586.204379562044
7.251131205999627,12.848,2.0072992700729926,218.97810218978103,2813.4306569343066
7.261207182998987,12.88,2.0072992700729926,218.97810218978103,2820.4379562043796
7.271287270999892,12.852,2.1897810218978107,200.72992700729927,2579.78102189781
7.281361154999104,12.872,2.1897810218978107,200.72992700729927,2583.795620437956
7.291439446998993,12.852,2.0072992700729926,218.97810218978103,2814.306569343066
7.301515904999178,12.876,2.0072992700729926,200.72992700729927,2584.598540145985
7.3115889559994685,12.852,2.0072992700729926,218.97810218978103,2814.306569343066
7.321664950999548,12.88,2.0072992700729926,218.97810218978103,2820.4379562043796
7.331736336000176,12.852,2.0072992700729926,218.97810218978103,2814.306569343066
7.341818126998987,12.88,2.1897810218978107,218.97810218978103,2820.4379562043796
7.351895955998771,12.844,2.0072992700729926,218.97810218978103,2812.5547445255474
7.361971876998723,12.884,2.1897810218978107,200.72992700729927,2586.204379562044
7.372048465000262,12.844,2.1897810218978107,218.97810218978103,2812.5547445255474
7.382124552999812,12.88,2.1897810218978107,218.97810218978103,2820.4379562043796
7.392200696000145,12.852,2.0072992700729926,200.72992700729927,2579.78102189781
7.402278265999485,12.876,2.1897810218978107,218.97810218978103,2819.5620437956204
7.412354482999945,12.852,2.0072992700729926,200.72992700729927,2579.78102189781
7.4224322749996645,12.88,2.0072992700729926,200.72992700729927,2585.401459854015
7.43251793699892,12.848,2.0072992700729926,218.97810218978103,2813.4306569343066
7.442604857998958,12.88,2.0072992700729926,200.72992700729927,2585.401459854015
7.452681723998467,12.848,2.0072992700729926,218.97810218978103,2813.4306569343066
7.462761644999773,12.88,2.1897810218978107,200.72992700729927,2585.401459854015
7.4728420289993664,12.844,2.1897810218978107,200.72992700729927,2578.1751824817516
7.48292241299896,12.88,2.0072992700729926,200.72992700729927,2585.401459854015
7.493002815999716,12.848,2.0072992700729926,200.72992700729927,2578.978102189781
7.503083125999183,12.88,2.1897810218978107,200.72992700729927,2585.401459854015
7.5131693619987345,12.86,2.0072992700729926,200.72992700729927,2581.3868613138684
7.523246745999131,12.88,2.0072992700729926,200.72992700729927,2585.401459854015
7.533332925999275,12.86,2.0072992700729926,200.72992700729927,2581.3868613138684
7.543410439999207,12.88,2.0072992700729926,200.72992700729927,2585.401459854015
7.553486768998482,12.852,2.0072992700729926,200.72992700729927,2579.78102189781
7.563563468000211,12.892,2.0072992700729926,200.72992700729927,2587.810218978102
7.573639759999423,12.848,2.0072992700729926,200.72992700729927,2578.978102189781
7.5837190139991435,12.884,2.0072992700729926,200.72992700729927,2586.204379562044
7.59379239899863,12.848,2.1897810218978107,218.97810218978103,2813.4306569343066
7.603869393999048,12.88,2.0072992700729926,200.72992700729927,2585.401459854015
7.6139440930001,12.856,2.1897810218978107,200.72992700729927,2580.5839416058393
7.624018365999291,12.88,2.0072992700729926,200.72992700729927,2585.401459854015
7.634104379998462,12.856,2.0072992700729926,200.72992700729927,2580.5839416058393
7.644186133999028,12.88,2.1897810218978107,200.72992700729927,2585.401459854015
7.654261869998663,12.86,2.0072992700729926,200.72992700729927,2581.3868613138684
7.664337087999229,12.884,2.0072992700729926,218.97810218978103,2821.3138686131388
7.674419786999351,12.852,2.0072992700729926,200.72992700729927,2579.78102189781
7.68450061600015,12.88,2.1897810218978107,200.72992700729927,2585.401459854015
7.69458288900023,12.852,2.1897810218978107,200.72992700729927,2579.78102189781
7.7046631799985335,12.884,2.0072992700729926,200.72992700729927,2586.204379562044
7.714746100999037,12.856,2.0072992700729926,200.72992700729927,2580.5839416058393
7.724825892999434,12.884,2.0072992700729926,218.97810218978103,2821.3138686131388
7.7349002589999145,12.86,2.0072992700729926,200.72992700729927,2581.3868613138684
7.7449812539998675,12.888,2.0072992700729926,200.72992700729927,2587.007299270073
7.755061804999059,12.86,2.0072992700729926,218.97810218978103,2816.0583941605837
7.765142262998779,12.88,2.1897810218978107,200.72992700729927,2585.401459854015
7.775222684000255,12.864,2.0072992700729926,200.72992700729927,2582.189781021898
7.785300326999277,12.888,2.0072992700729926,200.72992700729927,2587.007299270073
7.795380655999907,12.848,2.0072992700729926,200.72992700729927,2578.978102189781
7.805460817999119,12.88,2.0072992700729926,218.97810218978103,2820.4379562043796
7.81554138699903,12.852,2.0072992700729926,218.97810218978103,2814.306569343066
7.825621604999469,12.888,2.1897810218978107,200.72992700729927,2587.007299270073
7.835710026000015,12.856,2.0072992700729926,200.72992700729927,2580.5839416058393
7.845791150999503,12.876,2.1897810218978107,218.97810218978103,2819.5620437956204
7.8558719609991385,12.86,2.0072992700729926,218.97810218978103,2816.0583941605837
7.865952214999197,12.876,2.1897810218978107,218.97810218978103,2819.5620437956204
7.8760325989987905,12.86,2.0072992700729926,200.72992700729927,2581.3868613138684
7.886112575999505,12.876,2.1897810218978107,200.72992700729927,2584.598540145985
7.896193331000177,12.856,2.0072992700729926,218.97810218978103,2815.182481751825
7.906269289000193,12.884,2.0072992700729926,218.97810218978103,2821.3138686131388
7.916347024998686,12.852,2.0072992700729926,218.97810218978103,2814.306569343066
7.9264296679994,12.884,2.1897810218978107,200.72992700729927,2586.204379562044
7.936520571000074,12.86,2.0072992700729926,200.72992700729927,2581.3868613138684
7.946615380998992,12.884,2.0072992700729926,200.72992700729927,2586.204379562044
7.956692764999389,12.86,2.0072992700729926,200.72992700729927,2581.3868613138684
7.966775815999426,12.876,2.0072992700729926,200.72992700729927,2584.598540145985
7.976856717999908,12.856,2.0072992700729926,200.72992700729927,2580.5839416058393
7.986937953999586,12.876,2.0072992700729926,218.97810218978103,2819.5620437956204
7.997019578999243,12.856,2.0072992700729926,200.72992700729927,2580.5839416058393
8.007101055998646,12.884,2.0072992700729926,200.72992700729927,2586.204379562044
8.017184958000144,12.852,2.0072992700729926,200.72992700729927,2579.78102189781
8.027269082998828,12.884,2.1897810218978107,200.72992700729927,2586.204379562044
8.03743478099932,12.852,2.0072992700729926,200.72992700729927,2579.78102189781
8.047513034998701,12.888,2.1897810218978107,200.72992700729927,2587.007299270073
8.057589549000113,12.86,2.1897810218978107,200.72992700729927,2581.3868613138684
8.06766600699848,12.876,2.0072992700729926,200.72992700729927,2584.598540145985
8.077742224999383,12.864,2.1897810218978107,200.72992700729927,2582.189781021898
8.087818497999251,12.868,2.0072992700729926,200.72992700729927,2582.992700729927
8.097894844999246,12.86,2.0072992700729926,200.72992700729927,2581.3868613138684
8.107972636998966,12.876,2.0072992700729926,200.72992700729927,2584.598540145985
8.11804826200023,12.86,2.1897810218978107,200.72992700729927,2581.3868613138684
8.128124404998744,12.88,2.0072992700729926,218.97810218978103,2820.4379562043796
8.138211122999564,12.86,2.0072992700729926,200.72992700729927,2581.3868613138684
8.14829195099992,12.884,2.0072992700729926,200.72992700729927,2586.204379562044
8.158372205998603,12.856,2.1897810218978107,200.72992700729927,2580.5839416058393
8.168452664000142,12.88,2.0072992700729926,200.72992700729927,2585.401459854015
8.178536177998467,12.856,2.0072992700729926,218.97810218978103,2815.182481751825
8.188616302999435,12.872,2.0072992700729926,200.72992700729927,2583.795620437956
8.198697760999494,12.856,2.0072992700729926,200.72992700729927,2580.5839416058393
8.208778107999024,12.876,2.0072992700729926,200.72992700729927,2584.598540145985
8.21885986199959,12.86,2.0072992700729926,200.72992700729927,2581.3868613138684
8.228940543000135,12.876,2.0072992700729926,218.97810218978103,2819.5620437956204
8.239016112000172,12.86,2.0072992700729926,200.72992700729927,2581.3868613138684
8.249096310999448,12.88,2.0072992700729926,218.97810218978103,2820.4379562043796
8.259177046998957,12.86,2.0072992700729926,200.72992700729927,2581.3868613138684
8.269252598000094,12.88,2.0072992700729926,200.72992700729927,2585.401459854015
8.279333259999476,12.86,2.0072992700729926,200.72992700729927,2581.3868613138684
8.289414180999302,12.876,2.0072992700729926,200.72992700729927,2584.598540145985
8.299494731998493,12.864,2.0072992700729926,200.72992700729927,2582.189781021898
8.309575152999969,12.868,2.0072992700729926,218.97810218978103,2817.8102189781025
8.31965570399916,12.896,2.0072992700729926,200.72992700729927,2588.6131386861316
8.329735976998563,12.892,2.0072992700729926,200.72992700729927,2587.810218978102
8.339811731999362,12.884,2.0072992700729926,182.48175182481754,2351.094890510949
8.349892541998997,12.888,2.0072992700729926,200.72992700729927,2587.007299270073
8.35997292599859,12.88,1.8248175182481754,200.72992700729927,2585.401459854015
8.37005338400013,12.892,1.8248175182481754,200.72992700729927,2587.810218978102
8.380139860999407,12.88,2.0072992700729926,200.72992700729927,2585.401459854015
8.39022278199991,12.888,2.0072992700729926,200.72992700729927,2587.007299270073
8.400303258998974,12.88,2.0072992700729926,200.72992700729927,2585.401459854015
8.410385531999054,12.876,2.0072992700729926,200.72992700729927,2584.598540145985
8.420465452998542,12.888,2.0072992700729926,200.72992700729927,2587.007299270073
8.430547743999341,12.876,2.0072992700729926,218.97810218978103,2819.5620437956204
8.440636868999718,12.864,2.0072992700729926,218.97810218978103,2816.9343065693433
8.450722234998466,12.852,2.1897810218978107,218.97810218978103,2814.306569343066
8.46080306299882,12.868,2.0072992700729926,200.72992700729927,2582.992700729927
8.47088291,12.868,2.1897810218978107,218.97810218978103,2817.8102189781025
8.480963960999361,12.868,1.8248175182481754,200.72992700729927,2582.992700729927
8.49104502999944,12.864,2.0072992700729926,218.97810218978103,2816.9343065693433
8.501125728998886,12.868,2.1897810218978107,200.72992700729927,2582.992700729927
8.511206261999178,12.868,2.0072992700729926,200.72992700729927,2582.992700729927
8.52128583099875,12.876,2.1897810218978107,200.72992700729927,2584.598540145985
8.531383177998578,12.856,2.1897810218978107,200.72992700729927,2580.5839416058393
8.541464987998552,12.876,2.0072992700729926,200.72992700729927,2584.598540145985
8.551540815999033,12.86,2.1897810218978107,218.97810218978103,2816.0583941605837
8.561617866998859,12.876,2.0072992700729926,200.72992700729927,2584.598540145985
8.571694102998663,12.868,2.0072992700729926,200.72992700729927,2582.992700729927
8.581770672999482,12.872,2.0072992700729926,218.97810218978103,2818.6861313868612
8.59184661299878,12.868,2.0072992700729926,218.97810218978103,2817.8102189781025
8.601923329999408,12.872,2.0072992700729926,200.72992700729927,2583.795620437956
8.611999269998705,12.86,2.0072992700729926,200.72992700729927,2581.3868613138684
8.622074727998552,12.876,2.0072992700729926,200.72992700729927,2584.598540145985
8.63215026099897,12.856,2.0072992700729926,200.72992700729927,2580.5839416058393
8.642226755999218,12.876,2.1897810218978107,200.72992700729927,2584.598540145985
8.652307509999446,12.856,2.0072992700729926,200.72992700729927,2580.5839416058393
8.662387802000012,12.876,2.0072992700729926,200.72992700729927,2584.598540145985
8.672467352998865,12.86,2.1897810218978107,200.72992700729927,2581.3868613138684
8.682549421999283,12.876,2.0072992700729926,200.72992700729927,2584.598540145985
8.69262973199875,12.864,2.1897810218978107,218.97810218978103,2816.9343065693433
8.702710412999295,12.876,2.1897810218978107,200.72992700729927,2584.598540145985
8.712786833999417,12.864,2.0072992700729926,200.72992700729927,2582.189781021898
8.722863069999221,12.876,2.1897810218978107,200.72992700729927,2584.598540145985
8.732942527998603,12.864,2.0072992700729926,218.97810218978103,2816.9343065693433
8.743017634998978,12.88,2.0072992700729926,200.72992700729927,2585.401459854015
8.753099055998973,12.852,2.0072992700729926,200.72992700729927,2579.78102189781
8.76317969899901,12.88,2.0072992700729926,218.97810218978103,2820.4379562043796
8.773260287000085,12.856,2.1897810218978107,218.97810218978103,2815.182481751825
8.783337633998599,12.876,2.1897810218978107,200.72992700729927,2584.598540145985
8.793414869998742,12.864,2.0072992700729926,218.97810218978103,2816.9343065693433
8.803490087999307,12.872,2.0072992700729926,200.72992700729927,2583.795620437956
8.813570397998774,12.864,2.1897810218978107,200.72992700729927,2582.189781021898
8.823646503999043,12.868,2.1897810218978107,200.72992700729927,2582.992700729927
8.833722202998615,12.868,2.0072992700729926,218.97810218978103,2817.8102189781025
8.843812586999775,12.876,2.0072992700729926,200.72992700729927,2584.598540145985
8.853890823000256,12.856,2.1897810218978107,200.72992700729927,2580.5839416058393
8.863967373999913,12.88,2.1897810218978107,218.97810218978103,2820.4379562043796
8.874044442998638,12.856,2.0072992700729926,200.72992700729927,2580.5839416058393
8.88412082799914,12.88,2.1897810218978107,200.72992700729927,2585.401459854015
8.894198988999051,12.856,2.0072992700729926,200.72992700729927,2580.5839416058393
8.904280206999829,12.88,2.0072992700729926,200.72992700729927,2585.401459854015
8.914353146999929,12.856,2.1897810218978107,200.72992700729927,2580.5839416058393
8.924429808999776,12.876,2.1897810218978107,182.48175182481754,2349.6350364963505
8.934508618998734,12.864,2.0072992700729926,200.72992700729927,2582.189781021898
8.944672908999564,12.88,2.0072992700729926,218.97810218978103,2820.4379562043796
8.954753588999665,12.864,2.0072992700729926,200.72992700729927,2582.189781021898
8.964834472999428,12.88,2.0072992700729926,200.72992700729927,2585.401459854015
8.97491694999917,12.852,2.1897810218978107,200.72992700729927,2579.78102189781
8.98499861199889,12.884,2.0072992700729926,218.97810218978103,2821.3138686131388
8.995074884998758,12.852,2.0072992700729926,200.72992700729927,2579.78102189781
9.005157251000128,12.876,2.0072992700729926,200.72992700729927,2584.598540145985
9.01523854199877,12.856,2.0072992700729926,218.97810218978103,2815.182481751825
9.025319425998532,12.876,2.0072992700729926,200.72992700729927,2584.598540145985
9.03540440299912,12.86,2.0072992700729926,200.72992700729927,2581.3868613138684
9.045498397999836,12.872,2.1897810218978107,218.97810218978103,2818.6861313868612
9.055572151999513,12.864,2.0072992700729926,200.72992700729927,2582.189781021898
9.065645702999973,12.88,2.0072992700729926,200.72992700729927,2585.401459854015
9.075722031999248,12.852,2.0072992700729926,200.72992700729927,2579.78102189781
9.085797489999095,12.884,2.1897810218978107,218.97810218978103,2821.3138686131388
9.09587322599873,12.852,2.0072992700729926,200.72992700729927,2579.78102189781
9.105949035998492,12.884,2.1897810218978107,218.97810218978103,2821.3138686131388
9.116025216999333,12.852,2.1897810218978107,200.72992700729927,2579.78102189781
9.126100526998925,12.88,2.1897810218978107,200.72992700729927,2585.401459854015
9.13617615200019,12.856,2.0072992700729926,200.72992700729927,2580.5839416058393
9.146296998000253,12.88,2.0072992700729926,200.72992700729927,2585.401459854015
9.156377696999698,12.86,2.1897810218978107,200.72992700729927,2581.3868613138684
9.166459599999143,12.876,2.0072992700729926,200.72992700729927,2584.598540145985
9.176540151000154,12.86,2.0072992700729926,218.97810218978103,2816.0583941605837
9.186621498000022,12.88,2.0072992700729926,200.72992700729927,2585.401459854015
9.196701715000017,12.856,2.0072992700729926,200.72992700729927,2580.5839416058393
9.206783932999315,12.876,2.0072992700729926,218.97810218978103,2819.5620437956204
9.216864131998591,12.852,2.0072992700729926,200.72992700729927,2579.78102189781
9.226943738000045,12.88,2.0072992700729926,218.97810218978103,2820.4379562043796
9.237023936999321,12.856,2.1897810218978107,218.97810218978103,2815.182481751825
9.247115505999318,12.88,2.0072992700729926,200.72992700729927,2585.401459854015
9.257191778999186,12.86,2.1897810218978107,200.72992700729927,2581.3868613138684
9.267268034000153,12.876,2.1897810218978107,200.72992700729927,2584.598540145985
9.277341102999344,12.86,2.0072992700729926,200.72992700729927,2581.3868613138684
9.287416727998789,12.88,2.0072992700729926,200.72992700729927,2585.401459854015
9.297492500998487,12.852,2.0072992700729926,200.72992700729927,2579.78102189781
9.30756994100011,12.884,2.0072992700729926,218.97810218978103,2821.3138686131388
9.31764591799947,12.848,2.1897810218978107,218.97810218978103,2813.4306569343066
9.327721579998979,12.884,2.1897810218978107,200.72992700729927,2586.204379562044
9.337797241998487,12.852,2.0072992700729926,200.72992700729927,2579.78102189781
9.347922513999947,12.88,2.0072992700729926,200.72992700729927,2585.401459854015
9.35800328699952,12.856,2.0072992700729926,218.97810218978103,2815.182481751825
9.368083596998986,12.88,2.0072992700729926,218.97810218978103,2820.4379562043796
9.378164499999912,12.86,2.0072992700729926,200.72992700729927,2581.3868613138684
9.388246401998913,12.88,2.0072992700729926,218.97810218978103,2820.4379562043796
9.398329267998633,12.86,2.0072992700729926,200.72992700729927,2581.3868613138684
9.40840978199958,12.876,2.0072992700729926,200.72992700729927,2584.598540145985
9.418492183998751,12.86,2.1897810218978107,200.72992700729927,2581.3868613138684
9.428573549999783,12.88,2.0072992700729926,200.72992700729927,2585.401459854015
9.438655488998847,12.852,2.0072992700729926,200.72992700729927,2579.78102189781
9.448755946999881,12.88,2.0072992700729926,200.72992700729927,2585.401459854015
9.458829479999622,12.856,2.1897810218978107,200.72992700729927,2580.5839416058393
9.46890649299894,12.88,2.1897810218978107,218.97810218978103,2820.4379562043796
9.47898498899849,12.86,2.0072992700729926,218.97810218978103,2816.0583941605837
9.489061761998528,12.88,2.0072992700729926,200.72992700729927,2585.401459854015
9.499139793999348,12.86,2.0072992700729926,200.72992700729927,2581.3868613138684
9.509215992999088,12.88,2.0072992700729926,200.72992700729927,2585.401459854015
9.519289043999379,12.848,2.0072992700729926,200.72992700729927,2578.978102189781
9.529366353999649,12.884,2.0072992700729926,200.72992700729927,2586.204379562044
9.539444534999348,12.848,2.1897810218978107,218.97810218978103,2813.4306569343066
9.549531548000232,12.884,2.0072992700729926,200.72992700729927,2586.204379562044
9.559613302999423,12.848,2.0072992700729926,200.72992700729927,2578.978102189781
9.569690612999693,12.884,2.0072992700729926,200.72992700729927,2586.204379562044
9.579771681999773,12.852,2.1897810218978107,200.72992700729927,2579.78102189781
9.589849269999831,12.88,2.1897810218978107,200.72992700729927,2585.401459854015
9.599930098998811,12.856,2.1897810218978107,200.72992700729927,2580.5839416058393
9.610003037998467,12.876,2.0072992700729926,218.97810218978103,2819.5620437956204
9.620084181999118,12.856,2.1897810218978107,200.72992700729927,2580.5839416058393
9.630164324998987,12.876,2.0072992700729926,200.72992700729927,2584.598540145985
9.640245819999109,12.856,2.0072992700729926,200.72992700729927,2580.5839416058393
9.650338759998704,12.876,2.0072992700729926,200.72992700729927,2584.598540145985
9.660418217999904,12.844,2.0072992700729926,218.97810218978103,2812.5547445255474
9.670498027999201,12.884,2.0072992700729926,200.72992700729927,2586.204379562044
9.680579152998689,12.848,2.0072992700729926,200.72992700729927,2578.978102189781
9.69066142599877,12.88,2.0072992700729926,200.72992700729927,2585.401459854015
9.700741642998764,12.852,2.0072992700729926,200.72992700729927,2579.78102189781
9.71082387899878,12.876,2.0072992700729926,200.72992700729927,2584.598540145985
9.720904670999516,12.848,2.0072992700729926,200.72992700729927,2578.978102189781
9.730985554999279,12.876,2.1897810218978107,218.97810218978103,2819.5620437956204
9.74106610599847,12.852,2.0072992700729926,200.72992700729927,2579.78102189781
9.751170229999843,12.88,2.0072992700729926,218.97810218978103,2820.4379562043796
9.761250706998908,12.848,2.0072992700729926,200.72992700729927,2578.978102189781
9.771331256999474,12.884,2.0072992700729926,200.72992700729927,2586.204379562044
9.78141166000023,12.844,2.1897810218978107,218.97810218978103,2812.5547445255474
9.79149178499938,12.88,2.0072992700729926,218.97810218978103,2820.4379562043796
9.801571705998867,12.848,2.1897810218978107,218.97810218978103,2813.4306569343066
9.811652256999878,12.876,2.0072992700729926,200.72992700729927,2584.598540145985
9.821732714999598,12.852,2.1897810218978107,200.72992700729927,2579.78102189781
9.831813357999636,12.868,2.0072992700729926,200.72992700729927,2582.992700729927
9.841893760998573,12.856,2.0072992700729926,218.97810218978103,2815.182481751825
9.851982329999373,12.872,2.1897810218978107,200.72992700729927,2583.795620437956
9.862062547999813,12.856,2.0072992700729926,218.97810218978103,2815.182481751825
9.872142950000125,12.88,2.0072992700729926,200.72992700729927,2585.401459854015
9.88222424199921,12.848,2.0072992700729926,218.97810218978103,2813.4306569343066
9.892305180999756,12.884,2.0072992700729926,218.97810218978103,2821.3138686131388
9.902385825000238,12.848,2.1897810218978107,218.97810218978103,2813.4306569343066
9.912465208999492,12.88,2.0072992700729926,200.72992700729927,2585.401459854015
9.922546481999234,12.848,2.1897810218978107,200.72992700729927,2578.978102189781
9.932626717998573,12.88,2.0072992700729926,200.72992700729927,2585.401459854015
9.942737694000243,12.852,2.0072992700729926,218.97810218978103,2814.306569343066
9.952913076000186,12.876,2.0072992700729926,200.72992700729927,2584.598540145985
9.962990219999483,12.856,2.0072992700729926,218.97810218978103,2815.182481751825
9.973067400000218,12.88,2.0072992700729926,200.72992700729927,2585.401459854015
9.98314550699979,12.848,2.1897810218978107,200.72992700729927,2578.978102189781
9.993222391000018,12.884,2.0072992700729926,218.97810218978103,2821.3138686131388
10.00330014499923,12.848,2.0072992700729926,200.72992700729927,2578.978102189781
10.013376528999288,12.88,2.1897810218978107,218.97810218978103,2820.4379562043796
10.023454061998564,12.852,2.0072992700729926,218.97810218978103,2814.306569343066
10.033530500999404,12.876,2.1897810218978107,218.97810218978103,2819.5620437956204
10.043607014998997,12.856,2.0072992700729926,218.97810218978103,2815.182481751825
10.053695472999607,12.876,2.0072992700729926,200.72992700729927,2584.598540145985
10.063777486999243,12.856,2.0072992700729926,200.72992700729927,2580.5839416058393
10.073858407999069,12.876,2.0072992700729926,200.72992700729927,2584.598540145985
10.083939995998662,12.86,2.0072992700729926,200.72992700729927,2581.3868613138684
10.094020990998615,12.876,2.1897810218978107,218.97810218978103,2819.5620437956204
10.104101393999372,12.86,2.1897810218978107,218.97810218978103,2816.0583941605837
10.114214610999625,12.884,2.0072992700729926,200.72992700729927,2586.204379562044
10.124295513000106,12.844,2.0072992700729926,218.97810218978103,2812.5547445255474
10.134377989999848,12.884,2.0072992700729926,200.72992700729927,2586.204379562044
10.144457984999462,12.844,2.0072992700729926,218.97810218978103,2812.5547445255474
10.154538442999183,12.88,2.1897810218978107,200.72992700729927,2585.401459854015
10.164617586999157,12.852,2.0072992700729926,218.97810218978103,2814.306569343066
10.174699655999575,12.88,2.1897810218978107,218.97810218978103,2820.4379562043796
10.184780224999486,12.856,2.0072992700729926,218.97810218978103,2815.182481751825
10.19486201699874,12.876,2.0072992700729926,218.97810218978103,2819.5620437956204
10.2049422709988,12.856,2.0072992700729926,218.97810218978103,2815.182481751825
10.215023136999662,12.88,2.1897810218978107,218.97810218978103,2820.4379562043796
10.225104076000207,12.852,2.1897810218978107,200.72992700729927,2579.78102189781
10.235184035000202,12.876,2.0072992700729926,200.72992700729927,2584.598540145985
10.245265121999182,12.88,2.0072992700729926,200.72992700729927,2585.401459854015
10.255340469999283,12.9,2.0072992700729926,200.72992700729927,2589.4160583941607
10.265421353999045,12.872,2.0072992700729926,182.48175182481754,2348.9051094890515
10.275501866999548,12.896,2.0072992700729926,200.72992700729927,2588.6131386861316
10.285582695998528,12.872,2.0072992700729926,200.72992700729927,2583.795620437956
10.295663505999983,12.892,2.0072992700729926,200.72992700729927,2587.810218978102
10.305743241999153,12.872,2.0072992700729926,200.72992700729927,2583.795620437956
10.315823810999063,12.896,2.0072992700729926,200.72992700729927,2588.6131386861316
10.325904250999884,12.864,2.0072992700729926,200.72992700729927,2582.189781021898
10.335984597999413,12.9,1.8248175182481754,200.72992700729927,2589.4160583941607
10.346064538000064,12.86,2.0072992700729926,200.72992700729927,2581.3868613138684
10.356139532999805,12.9,2.0072992700729926,200.72992700729927,2589.4160583941607
10.366222306000054,12.836,2.1897810218978107,200.72992700729927,2576.5693430656934
10.376303189999817,12.876,2.1897810218978107,200.72992700729927,2584.598540145985
10.386383999999452,12.848,2.1897810218978107,218.97810218978103,2813.4306569343066
10.396463290999236,12.88,2.0072992700729926,200.72992700729927,2585.401459854015
10.40654476799864,12.852,2.1897810218978107,200.72992700729927,2579.78102189781
10.416624466999565,12.88,2.0072992700729926,200.72992700729927,2585.401459854015
10.426706035999814,12.852,2.0072992700729926,200.72992700729927,2579.78102189781
10.436785568999767,12.876,2.1897810218978107,200.72992700729927,2584.598540145985
10.4468732489986,12.856,2.1897810218978107,218.97810218978103,2815.182481751825
10.456964633000098,12.884,2.0072992700729926,200.72992700729927,2586.204379562044
10.467045886998676,12.848,2.0072992700729926,218.97810218978103,2813.4306569343066
10.477127011999983,12.884,2.0072992700729926,200.72992700729927,2586.204379562044
10.48720741499892,12.852,2.0072992700729926,200.72992700729927,2579.78102189781
10.497288020998894,12.888,2.1897810218978107,200.72992700729927,2587.007299270073
10.507369163999101,12.856,2.1897810218978107,200.72992700729927,2580.5839416058393
10.51744867799971,12.88,2.0072992700729926,218.97810218978103,2820.4379562043796
10.527530135999768,12.848,2.0072992700729926,218.97810218978103,2813.4306569343066
10.537611464998918,12.876,2.0072992700729926,200.72992700729927,2584.598540145985
10.547692533998998,12.848,2.0072992700729926,200.72992700729927,2578.978102189781
10.557782195999607,12.884,2.0072992700729926,200.72992700729927,2586.204379562044
10.567863450000004,12.848,2.1897810218978107,218.97810218978103,2813.4306569343066
10.577943574999153,12.884,2.1897810218978107,200.72992700729927,2586.204379562044
10.588023180998789,12.844,2.0072992700729926,200.72992700729927,2578.1751824817516
10.598102453999672,12.884,2.0072992700729926,218.97810218978103,2821.3138686131388
10.60818283899971,12.848,2.0072992700729926,218.97810218978103,2813.4306569343066
10.61826268599907,12.884,2.1897810218978107,218.97810218978103,2821.3138686131388
10.628342496000187,12.852,2.1897810218978107,218.97810218978103,2814.306569343066
10.638421953999568,12.872,2.1897810218978107,218.97810218978103,2818.6861313868612
10.648502300999098,12.852,2.1897810218978107,218.97810218978103,2814.306569343066
10.658581722000235,12.876,2.0072992700729926,218.97810218978103,2819.5620437956204
10.668660846999046,12.852,2.0072992700729926,200.72992700729927,2579.78102189781
10.678743082999063,12.88,2.0072992700729926,218.97810218978103,2820.4379562043796
10.688819799999692,12.848,2.0072992700729926,200.72992700729927,2578.978102189781
10.698901313999158,12.884,2.0072992700729926,200.72992700729927,2586.204379562044
10.70898236499852,12.848,2.0072992700729926,218.97810218978103,2813.4306569343066
10.719063118998747,12.884,2.0072992700729926,200.72992700729927,2586.204379562044
10.729143576998467,12.852,2.0072992700729926,218.97810218978103,2814.306569343066
10.739223442998991,12.876,2.0072992700729926,218.97810218978103,2819.5620437956204
10.749304031000065,12.848,2.0072992700729926,218.97810218978103,2813.4306569343066
10.759385543999088,12.876,2.0072992700729926,218.97810218978103,2819.5620437956204
10.76946590999978,12.848,2.0072992700729926,218.97810218978103,2813.4306569343066
10.779546589999882,12.88,2.0072992700729926,218.97810218978103,2820.4379562043796
10.789626788999158,12.848,2.1897810218978107,200.72992700729927,2578.978102189781
10.799707228999978,12.884,2.0072992700729926,200.72992700729927,2586.204379562044
10.809787316999063,12.844,2.0072992700729926,218.97810218978103,2812.5547445255474
10.81986277499891,12.884,2.1897810218978107,200.72992700729927,2586.204379562044
10.829943306998757,12.848,2.1897810218978107,218.97810218978103,2813.4306569343066
10.84002357999998,12.88,2.0072992700729926,218.97810218978103,2820.4379562043796
10.850103389999276,12.852,2.1897810218978107,200.72992700729927,2579.78102189781
10.860178922999694,12.868,2.1897810218978107,200.72992700729927,2582.992700729927
10.87026217699895,12.852,2.0072992700729926,218.97810218978103,2814.306569343066
10.880342042999473,12.876,2.0072992700729926,218.97810218978103,2819.5620437956204
10.890422000999024,12.852,2.0072992700729926,218.97810218978103,2814.306569343066
10.900500902998829,12.88,2.0072992700729926,218.97810218978103,2820.4379562043796
10.910580787000072,12.848,2.0072992700729926,218.97810218978103,2813.4306569343066
10.920660431000215,12.884,2.1897810218978107,218.97810218978103,2821.3138686131388
10.930742092999935,12.848,2.1897810218978107,200.72992700729927,2578.978102189781
10.940888457000256,12.884,2.0072992700729926,200.72992700729927,2586.204379562044
10.950978729999406,12.844,2.0072992700729926,218.97810218978103,2812.5547445255474
10.961057131999041,12.88,2.0072992700729926,218.97810218978103,2820.4379562043796
10.971137441998508,12.852,2.1897810218978107,218.97810218978103,2814.306569343066
10.981212863998735,12.876,2.1897810218978107,200.72992700729927,2584.598540145985
10.991288413999428,12.852,2.1897810218978107,218.97810218978103,2814.306569343066
11.00136746499993,12.88,2.0072992700729926,218.97810218978103,2820.4379562043796
11.011445164000179,12.848,2.1897810218978107,218.97810218978103,2813.4306569343066
11.021520770998904,12.884,2.1897810218978107,200.72992700729927,2586.204379562044
11.031597931998476,12.844,2.0072992700729926,218.97810218978103,2812.5547445255474
11.041674668000269,12.88,2.1897810218978107,218.97810218978103,2820.4379562043796
11.051754070998868,12.852,2.1897810218978107,218.97810218978103,2814.306569343066
11.06188949099851,12.872,2.0072992700729926,200.72992700729927,2583.795620437956
11.071971078999923,12.852,2.0072992700729926,200.72992700729927,2579.78102189781
11.082052629999453,12.876,2.0072992700729926,200.72992700729927,2584.598540145985
11.092133531999934,12.852,2.1897810218978107,218.97810218978103,2814.306569343066
11.10221674999957,12.876,2.0072992700729926,200.72992700729927,2584.598540145985
11.112297948999185,12.852,2.0072992700729926,200.72992700729927,2579.78102189781
11.122381017999942,12.88,2.0072992700729926,200.72992700729927,2585.401459854015
11.132461456998499,12.848,2.0072992700729926,200.72992700729927,2578.978102189781
11.142543378999108,12.884,2.1897810218978107,200.72992700729927,2586.204379562044
11.152623243999187,12.84,2.1897810218978107,218.97810218978103,2811.6788321167883
11.162714997999501,12.888,2.1897810218978107,218.97810218978103,2822.189781021898
11.172791937999136,12.848,2.1897810218978107,200.72992700729927,2578.978102189781
11.182869469999787,12.88,2.0072992700729926,200.72992700729927,2585.401459854015
11.192952131999846,12.852,2.1897810218978107,200.72992700729927,2579.78102189781
11.203031237999312,12.876,2.0072992700729926,200.72992700729927,2584.598540145985
11.21310739999899,12.852,2.1897810218978107,200.72992700729927,2579.78102189781
11.223184987999048,12.88,2.0072992700729926,200.72992700729927,2585.401459854015
11.233260871998937,12.848,2.1897810218978107,200.72992700729927,2578.978102189781
11.243334589998994,12.884,2.0072992700729926,218.97810218978103,2821.3138686131388
11.253411455998503,12.844,2.0072992700729926,200.72992700729927,2578.1751824817516
11.263517227998818,12.88,2.1897810218978107,218.97810218978103,2820.4379562043796
11.273591445999045,12.848,2.1897810218978107,200.72992700729927,2578.978102189781
11.283663829999568,12.88,2.1897810218978107,200.72992700729927,2585.401459854015
11.293741083998611,12.852,2.0072992700729926,218.97810218978103,2814.306569343066
11.303820393999558,12.876,2.0072992700729926,200.72992700729927,2584.598540145985
11.313893778999045,12.852,2.1897810218978107,200.72992700729927,2579.78102189781
11.323969791999843,12.88,2.0072992700729926,200.72992700729927,2585.401459854015
11.334045527999479,12.852,2.0072992700729926,200.72992700729927,2579.78102189781
11.34412122699905,12.884,2.0072992700729926,200.72992700729927,2586.204379562044
11.354198999999426,12.844,2.0072992700729926,218.97810218978103,2812.5547445255474
11.36428382899976,12.888,2.0072992700729926,200.72992700729927,2587.007299270073
11.374361582998972,12.84,2.0072992700729926,218.97810218978103,2811.6788321167883
11.384436911999728,12.884,2.1897810218978107,218.97810218978103,2821.3138686131388
11.394514147999871,12.848,2.0072992700729926,218.97810218978103,2813.4306569343066
11.40458736599976,12.88,2.1897810218978107,218.97810218978103,2820.4379562043796
11.414663323999775,12.852,2.1897810218978107,218.97810218978103,2814.306569343066
11.42473967099977,12.876,2.0072992700729926,218.97810218978103,2819.5620437956204
11.434817370000019,12.852,2.1897810218978107,218.97810218978103,2814.306569343066
11.444896809998681,12.884,2.0072992700729926,218.97810218978103,2821.3138686131388
11.454976859999078,12.852,2.1897810218978107,200.72992700729927,2579.78102189781
11.465075002999583,12.876,2.1897810218978107,218.97810218978103,2819.5620437956204
11.475151683998774,12.848,2.0072992700729926,200.72992700729927,2578.978102189781
11.485227234999911,12.884,2.1897810218978107,200.72992700729927,2586.204379562044
11.495305321999695,12.848,2.0072992700729926,218.97810218978103,2813.4306569343066
11.505381409999245,12.88,2.0072992700729926,200.72992700729927,2585.401459854015
11.515460590999282,12.852,2.1897810218978107,218.97810218978103,2814.306569343066
11.525533067999277,12.876,2.0072992700729926,218.97810218978103,2819.5620437956204
11.535605322000265,12.856,2.0072992700729926,218.97810218978103,2815.182481751825
11.54568166900026,12.88,2.0072992700729926,200.72992700729927,2585.401459854015
11.555756682999345,12.848,2.0072992700729926,218.97810218978103,2813.4306569343066
11.565893176999452,12.884,2.0072992700729926,200.72992700729927,2586.204379562044
11.575972616999934,12.848,2.0072992700729926,200.72992700729927,2578.978102189781
11.58605222299957,12.884,2.1897810218978107,200.72992700729927,2586.204379562044
11.596129810999628,12.844,2.0072992700729926,200.72992700729927,2578.1751824817516
11.606208936000257,12.888,2.0072992700729926,218.97810218978103,2822.189781021898
11.616287634999026,12.848,2.1897810218978107,218.97810218978103,2813.4306569343066
11.626365703999909,12.888,2.0072992700729926,218.97810218978103,2822.189781021898
11.63644223600022,12.852,2.0072992700729926,200.72992700729927,2579.78102189781
11.64652247199956,12.876,2.0072992700729926,200.72992700729927,2584.598540145985
11.656599078998624,12.852,2.0072992700729926,200.72992700729927,2579.78102189781
11.666679036999994,12.872,2.0072992700729926,200.72992700729927,2583.795620437956
11.676755124999545,12.852,2.0072992700729926,200.72992700729927,2579.78102189781
11.686833100999138,12.88,2.1897810218978107,218.97810218978103,2820.4379562043796
11.696909299998879,12.848,2.0072992700729926,218.97810218978103,2813.4306569343066
11.706986776998747,12.884,2.1897810218978107,200.72992700729927,2586.204379562044
11.717059309999968,12.848,2.0072992700729926,200.72992700729927,2578.978102189781
11.727136711999265,12.88,2.0072992700729926,218.97810218978103,2820.4379562043796
11.737212243999238,12.856,2.0072992700729926,200.72992700729927,2580.5839416058393
11.747289905999423,12.876,2.0072992700729926,218.97810218978103,2819.5620437956204
11.757365290999587,12.848,2.0072992700729926,218.97810218978103,2813.4306569343066
11.767451785999583,12.876,2.1897810218978107,218.97810218978103,2819.5620437956204
11.777528595999684,12.848,2.0072992700729926,200.72992700729927,2578.978102189781
11.787605405999784,12.88,2.1897810218978107,200.72992700729927,2585.401459854015
11.797686289999547,12.848,2.0072992700729926,218.97810218978103,2813.4306569343066
11.807766284999161,12.888,2.1897810218978107,200.72992700729927,2587.007299270073
11.817846279998776,12.844,2.0072992700729926,200.72992700729927,2578.1751824817516
11.827923756998644,12.884,2.1897810218978107,200.72992700729927,2586.204379562044
11.83800015899942,12.848,2.0072992700729926,200.72992700729927,2578.978102189781
11.848081061998528,12.884,2.1897810218978107,218.97810218978103,2821.3138686131388
11.85815718699996,12.852,2.0072992700729926,200.72992700729927,2579.78102189781
11.868241940999724,12.872,2.1897810218978107,200.72992700729927,2583.795620437956
11.878320398998767,12.852,2.0072992700729926,200.72992700729927,2579.78102189781
11.8883962839991,12.88,2.1897810218978107,200.72992700729927,2585.401459854015
11.898473575000025,12.848,2.1897810218978107,200.72992700729927,2578.978102189781
11.908546440999999,12.884,2.0072992700729926,218.97810218978103,2821.3138686131388
11.918622825000057,12.848,2.0072992700729926,218.97810218978103,2813.4306569343066
11.928696264998507,12.884,2.1897810218978107,218.97810218978103,2821.3138686131388
11.938774426998862,12.852,2.0072992700729926,200.72992700729927,2579.78102189781
11.94885297699875,12.88,2.1897810218978107,218.97810218978103,2820.4379562043796
11.958926953999253,12.848,2.0072992700729926,218.97810218978103,2813.4306569343066
11.96903304099942,12.876,2.1897810218978107,200.72992700729927,2584.598540145985
11.97911216600005,12.844,2.0072992700729926,200.72992700729927,2578.1751824817516
11.989189049998458,12.88,2.0072992700729926,218.97810218978103,2820.4379562043796
11.999267619999955,12.848,2.0072992700729926,200.72992700729927,2578.978102189781
12.00934376299847,12.884,2.0072992700729926,200.72992700729927,2586.204379562044
12.01942140599931,12.848,2.1897810218978107,200.72992700729927,2578.978102189781
12.029496438999558,12.884,2.0072992700729926,218.97810218978103,2821.3138686131388
12.039569785998538,12.844,2.1897810218978107,200.72992700729927,2578.1751824817516
12.049646891999146,12.88,2.1897810218978107,200.72992700729927,2585.401459854015
12.059724201999416,12.852,2.0072992700729926,200.72992700729927,2579.78102189781
12.069801715999347,12.876,2.0072992700729926,200.72992700729927,2584.598540145985
12.079879247999997,12.852,2.1897810218978107,200.72992700729927,2579.78102189781
12.089955576999273,12.872,2.0072992700729926,200.72992700729927,2583.795620437956
12.100031923999268,12.852,2.0072992700729926,200.72992700729927,2579.78102189781
12.110108159999072,12.88,2.0072992700729926,200.72992700729927,2585.401459854015
12.120184489000167,12.848,2.1897810218978107,200.72992700729927,2578.978102189781
12.130260447000182,12.884,2.0072992700729926,200.72992700729927,2586.204379562044
12.140335553000114,12.848,2.1897810218978107,200.72992700729927,2578.978102189781
12.150408808000066,12.884,2.1897810218978107,200.72992700729927,2586.204379562044
12.16048504399987,12.848,2.0072992700729926,218.97810218978103,2813.4306569343066
12.170572445998914,12.88,2.0072992700729926,200.72992700729927,2585.401459854015
12.180649664000157,12.844,2.1897810218978107,200.72992700729927,2578.1751824817516
12.190730899999835,12.88,2.0072992700729926,218.97810218978103,2820.4379562043796
12.200812895000126,12.852,2.0072992700729926,200.72992700729927,2579.78102189781
12.210891426999297,12.876,2.0072992700729926,200.72992700729927,2584.598540145985
12.220971977998488,12.852,2.0072992700729926,200.72992700729927,2579.78102189781
12.231052436000027,12.884,2.1897810218978107,218.97810218978103,2821.3138686131388
12.24112944999979,12.852,2.1897810218978107,200.72992700729927,2579.78102189781
12.251210925998748,12.884,2.1897810218978107,218.97810218978103,2821.3138686131388
12.261291457998595,12.844,2.1897810218978107,218.97810218978103,2812.5547445255474
12.271377971999755,12.88,2.0072992700729926,200.72992700729927,2585.401459854015
12.281451985998501,12.852,2.0072992700729926,200.72992700729927,2579.78102189781
12.291526739998517,12.872,2.1897810218978107,218.97810218978103,2818.6861313868612
12.301600494998638,12.852,2.1897810218978107,218.97810218978103,2814.306569343066
12.31167460100005,12.876,2.0072992700729926,218.97810218978103,2819.5620437956204
12.321747022999261,12.852,2.1897810218978107,200.72992700729927,2579.78102189781
12.331819666000229,12.88,2.0072992700729926,200.72992700729927,2585.401459854015
12.341896308998912,12.852,2.1897810218978107,200.72992700729927,2579.78102189781
12.351972582999224,12.884,2.0072992700729926,200.72992700729927,2586.204379562044
12.362049800000023,12.848,2.0072992700729926,200.72992700729927,2578.978102189781
12.37213588799932,12.884,2.0072992700729926,200.72992700729927,2586.204379562044
12.382219252998766,12.844,2.1897810218978107,200.72992700729927,2578.1751824817516
12.392299655999523,12.888,2.1897810218978107,200.72992700729927,2587.007299270073
12.402382688000216,12.848,2.1897810218978107,218.97810218978103,2813.4306569343066
12.412463238999408,12.88,2.0072992700729926,218.97810218978103,2820.4379562043796
12.422545899999022,12.852,2.0072992700729926,218.97810218978103,2814.306569343066
12.432623098999102,12.88,2.1897810218978107,200.72992700729927,2585.401459854015
12.442699854000239,12.852,2.1897810218978107,200.72992700729927,2579.78102189781
12.452777830998457,12.88,2.1897810218978107,218.97810218978103,2820.4379562043796
12.462854325998705,12.848,2.0072992700729926,200.72992700729927,2578.978102189781
12.47294680199957,12.88,2.0072992700729926,218.97810218978103,2820.4379562043796
12.48302155700003,12.852,2.0072992700729926,200.72992700729927,2579.78102189781
12.493094866998945,12.872,2.1897810218978107,200.72992700729927,2583.795620437956
12.503172472999722,12.852,2.0072992700729926,200.72992700729927,2579.78102189781
12.513249282999823,12.876,2.1897810218978107,218.97810218978103,2819.5620437956204
12.523322148999796,12.852,2.0072992700729926,200.72992700729927,2579.78102189781
12.533398662999389,12.88,2.0072992700729926,218.97810218978103,2820.4379562043796
12.543476416998601,12.852,2.0072992700729926,218.97810218978103,2814.306569343066
12.553553245999865,12.884,2.0072992700729926,200.72992700729927,2586.204379562044
12.563629536998633,12.852,2.1897810218978107,200.72992700729927,2579.78102189781
12.573713457999474,12.884,2.1897810218978107,200.72992700729927,2586.204379562044
12.583794304999174,12.844,2.1897810218978107,200.72992700729927,2578.1751824817516
12.593876429999,12.884,2.0072992700729926,200.72992700729927,2586.204379562044
12.603953185000137,12.848,2.1897810218978107,200.72992700729927,2578.978102189781
12.614034234999053,12.888,2.0072992700729926,200.72992700729927,2587.007299270073
12.624110582999492,12.848,2.1897810218978107,200.72992700729927,2578.978102189781
12.634212761999152,12.876,2.0072992700729926,218.97810218978103,2819.5620437956204
12.644288738998512,12.852,2.1897810218978107,218.97810218978103,2814.306569343066
12.654370401000051,12.88,2.0072992700729926,218.97810218978103,2820.4379562043796
12.664446433000194,12.852,2.1897810218978107,218.97810218978103,2814.306569343066
12.674537891,12.88,2.0072992700729926,218.97810218978103,2820.4379562043796
12.684614756999508,12.848,2.0072992700729926,200.72992700729927,2578.978102189781
12.69469106699944,12.876,2.1897810218978107,200.72992700729927,2584.598540145985
12.704767413999434,12.848,2.0072992700729926,200.72992700729927,2578.978102189781
12.714845427999535,12.88,2.0072992700729926,200.72992700729927,2585.401459854015
12.724921793000249,12.852,2.1897810218978107,218.97810218978103,2814.306569343066
12.73499991799872,12.9,2.0072992700729926,200.72992700729927,2589.4160583941607
12.745076432000133,12.884,2.0072992700729926,200.72992700729927,2586.204379562044
12.755154759999641,12.896,1.8248175182481754,200.72992700729927,2588.6131386861316
12.765230773999065,12.872,2.0072992700729926,200.72992700729927,2583.795620437956
12.775316102999568,12.896,2.0072992700729926,200.72992700729927,2588.6131386861316
12.785392930998569,12.864,2.0072992700729926,200.72992700729927,2582.189781021898
12.795473222999135,12.896,2.0072992700729926,200.72992700729927,2588.6131386861316
12.805548846999955,12.86,2.0072992700729926,200.72992700729927,2581.3868613138684
12.815629453998554,12.896,2.0072992700729926,200.72992700729927,2588.6131386861316
12.825710301000072,12.868,2.0072992700729926,200.72992700729927,2582.992700729927
12.835785907000172,12.896,2.0072992700729926,200.72992700729927,2588.6131386861316
12.845866197998475,12.872,2.0072992700729926,200.72992700729927,2583.795620437956
12.85594350899919,12.884,2.0072992700729926,182.48175182481754,2351.094890510949
12.866020040999501,12.844,2.1897810218978107,200.72992700729927,2578.1751824817516
12.876109479999286,12.864,2.0072992700729926,218.97810218978103,2816.9343065693433
12.886204827000256,12.856,2.1897810218978107,200.72992700729927,2580.5839416058393
12.896281192999595,12.876,2.0072992700729926,218.97810218978103,2819.5620437956204
12.906354057999124,12.856,2.1897810218978107,200.72992700729927,2580.5839416058393
12.916426904999753,12.88,2.0072992700729926,218.97810218978103,2820.4379562043796
12.9265047889985,12.856,2.0072992700729926,200.72992700729927,2580.5839416058393
12.936580710998896,12.872,2.1897810218978107,200.72992700729927,2583.795620437956
12.946666538999125,12.86,2.0072992700729926,200.72992700729927,2581.3868613138684
12.95674046000022,12.872,2.1897810218978107,218.97810218978103,2818.6861313868612
12.96682476999922,12.86,2.1897810218978107,218.97810218978103,2816.0583941605837
12.976971467998737,12.868,2.1897810218978107,200.72992700729927,2582.992700729927
12.987051999998585,12.856,2.0072992700729926,200.72992700729927,2580.5839416058393
12.997129383998981,12.876,2.0072992700729926,218.97810218978103,2819.5620437956204
13.007206823998786,12.856,2.0072992700729926,200.72992700729927,2580.5839416058393
13.017288225999437,12.88,2.1897810218978107,200.72992700729927,2585.401459854015
13.027367757998945,12.852,2.0072992700729926,218.97810218978103,2814.306569343066
13.03744517999985,12.88,2.1897810218978107,218.97810218978103,2820.4379562043796
13.04752950799957,12.852,2.0072992700729926,200.72992700729927,2579.78102189781
13.057610743999248,12.88,2.1897810218978107,218.97810218978103,2820.4379562043796
13.067687923999983,12.856,2.0072992700729926,200.72992700729927,2580.5839416058393
13.077831658998548,12.876,2.0072992700729926,218.97810218978103,2819.5620437956204
13.087905542999579,12.86,2.1897810218978107,200.72992700729927,2581.3868613138684
13.097978130999763,12.868,2.0072992700729926,218.97810218978103,2817.8102189781025
13.10805418199925,12.86,2.1897810218978107,218.97810218978103,2816.0583941605837
13.11813028799952,12.872,2.1897810218978107,200.72992700729927,2583.795620437956
13.128206319999663,12.856,2.1897810218978107,218.97810218978103,2815.182481751825
13.138284111999383,12.876,2.0072992700729926,200.72992700729927,2584.598540145985
13.148359958999208,12.852,2.1897810218978107,200.72992700729927,2579.78102189781
13.158436305999203,12.876,2.1897810218978107,200.72992700729927,2584.598540145985
13.168509615999938,12.856,2.1897810218978107,200.72992700729927,2580.5839416058393
13.178583092998451,12.872,2.0072992700729926,218.97810218978103,2818.6861313868612
13.188659865998488,12.856,2.0072992700729926,200.72992700729927,2580.5839416058393
13.198742490998484,12.872,2.1897810218978107,200.72992700729927,2583.795620437956
13.208820466999896,12.852,2.1897810218978107,200.72992700729927,2579.78102189781
13.218897832999573,12.872,2.1897810218978107,200.72992700729927,2583.795620437956
13.228974327999822,12.856,2.0072992700729926,200.72992700729927,2580.5839416058393
13.239051230999394,12.876,2.1897810218978107,200.72992700729927,2584.598540145985
13.249127873999896,12.852,2.0072992700729926,200.72992700729927,2579.78102189781
13.25920898000004,12.88,2.0072992700729926,200.72992700729927,2585.401459854015
13.269286660999569,12.852,2.0072992700729926,200.72992700729927,2579.78102189781
13.279363822999585,12.876,2.1897810218978107,218.97810218978103,2819.5620437956204
13.289440261998607,12.856,2.1897810218978107,218.97810218978103,2815.182481751825
13.299513886999193,12.864,2.0072992700729926,200.72992700729927,2582.189781021898
13.309586641998976,12.856,2.1897810218978107,200.72992700729927,2580.5839416058393
13.319662932999563,12.868,2.0072992700729926,200.72992700729927,2582.992700729927
13.329739020999114,12.856,2.1897810218978107,218.97810218978103,2815.182481751825
13.339815276000081,12.876,2.0072992700729926,200.72992700729927,2584.598540145985
13.349891381998532,12.852,2.1897810218978107,218.97810218978103,2814.306569343066
13.359968710999965,12.88,2.0072992700729926,200.72992700729927,2585.401459854015
13.370044797999071,12.856,2.1897810218978107,200.72992700729927,2580.5839416058393
13.380117589998918,12.88,2.0072992700729926,218.97810218978103,2820.4379562043796
13.39020658499976,12.852,2.1897810218978107,200.72992700729927,2579.78102189781
13.400287061998824,12.868,2.1897810218978107,218.97810218978103,2817.8102189781025
13.41037029799918,12.852,2.1897810218978107,218.97810218978103,2814.306569343066
13.420450699999492,12.868,2.0072992700729926,200.72992700729927,2582.992700729927
13.430532861999382,12.856,2.0072992700729926,218.97810218978103,2815.182481751825
13.440612560998488,12.872,2.1897810218978107,218.97810218978103,2818.6861313868612
13.450689425999371,12.856,2.0072992700729926,218.97810218978103,2815.182481751825
13.460770124998817,12.88,2.0072992700729926,218.97810218978103,2820.4379562043796
13.470847305999996,12.852,2.0072992700729926,218.97810218978103,2814.306569343066
13.480923855999208,12.88,2.1897810218978107,200.72992700729927,2585.401459854015
13.490997517999858,12.856,2.1897810218978107,200.72992700729927,2580.5839416058393
13.501070013999197,12.868,2.1897810218978107,218.97810218978103,2817.8102189781025
13.511141842000143,12.86,2.1897810218978107,218.97810218978103,2816.0583941605837
13.521214929998678,12.864,2.1897810218978107,200.72992700729927,2582.189781021898
13.531291518000216,12.86,2.1897810218978107,200.72992700729927,2581.3868613138684
13.541367105999598,12.872,2.0072992700729926,200.72992700729927,2583.795620437956
13.551444822998747,12.86,2.1897810218978107,200.72992700729927,2581.3868613138684
13.561520743998699,12.876,2.1897810218978107,200.72992700729927,2584.598540145985
13.571592702999624,12.852,2.0072992700729926,218.97810218978103,2814.306569343066
13.581677308999133,12.88,2.0072992700729926,218.97810218978103,2820.4379562043796
13.591758044998642,12.852,2.0072992700729926,218.97810218978103,2814.306569343066
13.60183574399889,12.884,2.1897810218978107,200.72992700729927,2586.204379562044
13.611916793999626,12.848,2.0072992700729926,218.97810218978103,2813.4306569343066
13.62199362299907,12.872,2.0072992700729926,200.72992700729927,2583.795620437956
13.632073895998474,12.86,2.0072992700729926,200.72992700729927,2581.3868613138684
13.642155797999294,12.868,2.0072992700729926,200.72992700729927,2582.992700729927
13.652237033998972,12.856,2.0072992700729926,218.97810218978103,2815.182481751825
13.662313769998946,12.876,2.0072992700729926,200.72992700729927,2584.598540145985
13.672398579999935,12.856,2.0072992700729926,200.72992700729927,2580.5839416058393
13.68251142599911,12.88,2.0072992700729926,218.97810218978103,2820.4379562043796
13.692593607000163,12.852,2.1897810218978107,200.72992700729927,2579.78102189781
13.702676490998783,12.876,2.0072992700729926,200.72992700729927,2584.598540145985
13.712757614999646,12.852,2.1897810218978107,200.72992700729927,2579.78102189781
13.722840221998922,12.876,2.0072992700729926,200.72992700729927,2584.598540145985
13.732920716998706,12.86,2.0072992700729926,218.97810218978103,2816.0583941605837
13.743000841999674,12.868,2.1897810218978107,218.97810218978103,2817.8102189781025
13.753081502998612,12.86,2.0072992700729926,218.97810218978103,2816.0583941605837
13.76316222099922,12.872,2.0072992700729926,200.72992700729927,2583.795620437956
13.773243215999173,12.86,2.1897810218978107,218.97810218978103,2816.0583941605837
13.783332765999148,12.876,2.0072992700729926,218.97810218978103,2819.5620437956204
13.79341039099927,12.856,2.0072992700729926,218.97810218978103,2815.182481751825
13.803487237999434,12.88,2.0072992700729926,200.72992700729927,2585.401459854015
13.813563751999027,12.848,2.1897810218978107,218.97810218978103,2813.4306569343066
13.823637673000121,12.876,2.0072992700729926,200.72992700729927,2584.598540145985
13.833714630998657,12.852,2.1897810218978107,200.72992700729927,2579.78102189781
13.843791219000195,12.868,2.1897810218978107,218.97810218978103,2817.8102189781025
13.853867639998498,12.856,2.0072992700729926,200.72992700729927,2580.5839416058393
13.863944691000142,12.872,2.0072992700729926,218.97810218978103,2818.6861313868612
13.874021427000116,12.86,2.0072992700729926,200.72992700729927,2581.3868613138684
13.884105365999858,12.88,2.1897810218978107,218.97810218978103,2820.4379562043796
13.894210082999052,12.856,2.0072992700729926,200.72992700729927,2580.5839416058393
13.904291392998857,12.876,2.1897810218978107,218.97810218978103,2819.5620437956204
13.914371462999043,12.856,2.0072992700729926,218.97810218978103,2815.182481751825
13.924451938999482,12.876,2.0072992700729926,200.72992700729927,2584.598540145985
13.93453367499933,12.852,2.0072992700729926,218.97810218978103,2814.306569343066
13.944638409999243,12.88,2.0072992700729926,200.72992700729927,2585.401459854015
13.954722720000063,12.86,2.0072992700729926,218.97810218978103,2816.0583941605837
13.964805677998811,12.872,2.0072992700729926,200.72992700729927,2583.795620437956
13.974917653999,12.86,2.0072992700729926,200.72992700729927,2581.3868613138684
13.985084295998604,12.872,2.1897810218978107,218.97810218978103,2818.6861313868612
13.995162494999022,12.856,2.1897810218978107,218.97810218978103,2815.182481751825
14.005239748999884,12.872,2.0072992700729926,200.72992700729927,2583.795620437956
14.015318410998589,12.852,2.1897810218978107,200.72992700729927,2579.78102189781
14.02539483199871,12.88,2.0072992700729926,200.72992700729927,2585.401459854015
14.035472919998938,12.848,2.0072992700729926,218.97810218978103,2813.4306569343066
14.045552507999673,12.88,2.0072992700729926,200.72992700729927,2585.401459854015
14.055629484999372,12.852,2.0072992700729926,200.72992700729927,2579.78102189781
14.065706739000234,12.876,2.0072992700729926,218.97810218978103,2819.5620437956204
14.07578367899987,12.856,2.0072992700729926,200.72992700729927,2580.5839416058393
14.085869487998934,12.872,2.1897810218978107,200.72992700729927,2583.795620437956
14.095952057999966,12.856,2.0072992700729926,200.72992700729927,2580.5839416058393
14.106033996999031,12.868,2.1897810218978107,200.72992700729927,2582.992700729927
14.116115028999047,12.856,2.0072992700729926,200.72992700729927,2580.5839416058393
14.126197764999233,12.868,2.0072992700729926,200.72992700729927,2582.992700729927
14.136279148999165,12.856,2.0072992700729926,200.72992700729927,2580.5839416058393
14.146361995999541,12.876,2.1897810218978107,218.97810218978103,2819.5620437956204
14.156442527999388,12.852,2.0072992700729926,200.72992700729927,2579.78102189781
14.16652513400004,12.88,2.0072992700729926,218.97810218978103,2820.4379562043796
14.176602333000119,12.852,2.0072992700729926,200.72992700729927,2579.78102189781
14.18668399499984,12.88,2.1897810218978107,200.72992700729927,2585.401459854015
14.19676395299939,12.856,2.1897810218978107,218.97810218978103,2815.182481751825
14.20684407799854,12.872,2.0072992700729926,200.72992700729927,2583.795620437956
14.21692401799919,12.852,2.0072992700729926,200.72992700729927,2579.78102189781
14.22700510499999,12.872,2.0072992700729926,218.97810218978103,2818.6861313868612
14.237085285998546,12.852,2.1897810218978107,218.97810218978103,2814.306569343066
14.247165150998626,12.88,2.1897810218978107,200.72992700729927,2585.401459854015
14.257244738999361,12.852,2.1897810218978107,218.97810218978103,2814.306569343066
14.267325179000181,12.88,2.0072992700729926,200.72992700729927,2585.401459854015
14.277404802998717,12.848,2.0072992700729926,200.72992700729927,2578.978102189781
14.287485205999474,12.88,2.1897810218978107,200.72992700729927,2585.401459854015
14.297564830998454,12.852,2.1897810218978107,218.97810218978103,2814.306569343066
14.307645084998512,12.876,2.0072992700729926,200.72992700729927,2584.598540145985
14.317724802000157,12.856,2.0072992700729926,218.97810218978103,2815.182481751825
14.32780494599865,12.864,2.1897810218978107,218.97810218978103,2816.9343065693433
14.337885032999111,12.856,2.0072992700729926,218.97810218978103,2815.182481751825
14.347965842998747,12.872,2.0072992700729926,218.97810218978103,2818.6861313868612
14.358046856999863,12.856,2.0072992700729926,218.97810218978103,2815.182481751825
14.368126999999731,12.876,2.0072992700729926,200.72992700729927,2584.598540145985
14.378209032000086,12.852,2.0072992700729926,200.72992700729927,2579.78102189781
14.388290989998495,12.88,2.1897810218978107,218.97810218978103,2820.4379562043796
14.39837411499866,12.852,2.0072992700729926,200.72992700729927,2579.78102189781
14.408453609999924,12.884,2.1897810218978107,200.72992700729927,2586.204379562044
14.418536420000237,12.852,2.0072992700729926,200.72992700729927,2579.78102189781
14.42861778599945,12.872,2.1897810218978107,218.97810218978103,2818.6861313868612
14.438700502998472,12.852,2.1897810218978107,200.72992700729927,2579.78102189781
14.44878064600016,12.872,2.0072992700729926,200.72992700729927,2583.795620437956
14.458864974998505,12.852,2.0072992700729926,218.97810218978103,2814.306569343066
14.46894578499996,12.876,2.0072992700729926,200.72992700729927,2584.598540145985
14.479026150000209,12.852,2.1897810218978107,200.72992700729927,2579.78102189781
14.489107626999612,12.88,2.0072992700729926,200.72992700729927,2585.401459854015
14.499187621999226,12.852,2.1897810218978107,200.72992700729927,2579.78102189781
14.509268746998714,12.876,2.1897810218978107,200.72992700729927,2584.598540145985
14.519348593999894,12.852,2.1897810218978107,200.72992700729927,2579.78102189781
14.52942962599991,12.876,2.1897810218978107,200.72992700729927,2584.598540145985
14.539511046999905,12.86,2.0072992700729926,200.72992700729927,2581.3868613138684
14.549592282999583,12.868,2.0072992700729926,200.72992700729927,2582.992700729927
14.559673351999663,12.86,2.1897810218978107,218.97810218978103,2816.0583941605837
14.569754105999891,12.872,2.1897810218978107,218.97810218978103,2818.6861313868612
14.579835619999358,12.856,2.1897810218978107,200.72992700729927,2580.5839416058393
14.589927410999735,12.88,2.1897810218978107,200.72992700729927,2585.401459854015
14.600008016999709,12.852,2.0072992700729926,200.72992700729927,2579.78102189781
14.610088272000212,12.884,2.0072992700729926,218.97810218978103,2821.3138686131388
14.620168452000144,12.848,2.0072992700729926,218.97810218978103,2813.4306569343066
14.630248669998764,12.884,2.0072992700729926,200.72992700729927,2586.204379562044
14.640329145999203,12.852,2.0072992700729926,200.72992700729927,2579.78102189781
14.650412529999812,12.876,2.0072992700729926,200.72992700729927,2584.598540145985
14.660492617998898,12.856,2.0072992700729926,200.72992700729927,2580.5839416058393
14.670576446000268,12.872,2.1897810218978107,200.72992700729927,2583.795620437956
14.680657681999946,12.856,2.0072992700729926,218.97810218978103,2815.182481751825
14.69073391799975,12.876,2.1897810218978107,200.72992700729927,2584.598540145985
14.700815635000254,12.856,2.1897810218978107,200.72992700729927,2580.5839416058393
14.710898481998811,12.88,2.0072992700729926,218.97810218978103,2820.4379562043796
14.720979587998954,12.852,2.1897810218978107,200.72992700729927,2579.78102189781
14.731060434998653,12.876,2.0072992700729926,218.97810218978103,2819.5620437956204
14.741141208000045,12.852,2.1897810218978107,200.72992700729927,2579.78102189781
14.751222721999511,12.88,2.0072992700729926,218.97810218978103,2820.4379562043796
14.761303809998935,12.856,2.0072992700729926,200.72992700729927,2580.5839416058393
14.771384693998698,12.872,2.0072992700729926,200.72992700729927,2583.795620437956
14.781466632999582,12.86,2.0072992700729926,200.72992700729927,2581.3868613138684
14.791547720999006,12.872,2.0072992700729926,218.97810218978103,2818.6861313868612
14.801629567999044,12.856,2.0072992700729926,200.72992700729927,2580.5839416058393
14.811710747999314,12.88,2.0072992700729926,200.72992700729927,2585.401459854015
14.821786538999731,12.852,2.0072992700729926,200.72992700729927,2579.78102189781
14.831867626999156,12.884,2.0072992700729926,200.72992700729927,2586.204379562044
14.841947584998707,12.844,2.0072992700729926,200.72992700729927,2578.1751824817516
14.852027524999357,12.884,2.1897810218978107,218.97810218978103,2821.3138686131388
14.862107760998697,12.852,2.1897810218978107,200.72992700729927,2579.78102189781
14.872189607998735,12.884,2.0072992700729926,218.97810218978103,2821.3138686131388
14.882270602998688,12.856,2.0072992700729926,200.72992700729927,2580.5839416058393
14.892361726999297,12.876,2.0072992700729926,200.72992700729927,2584.598540145985
14.902444073999504,12.856,2.1897810218978107,218.97810218978103,2815.182481751825
14.912524346998907,12.876,2.0072992700729926,218.97810218978103,2819.5620437956204
14.92260765699939,12.856,2.1897810218978107,200.72992700729927,2580.5839416058393
14.932687355998496,12.876,2.1897810218978107,218.97810218978103,2819.5620437956204
14.942790887998854,12.856,2.1897810218978107,200.72992700729927,2580.5839416058393
14.952877511999759,12.88,2.1897810218978107,218.97810218978103,2820.4379562043796
14.962962062998486,12.848,2.0072992700729926,200.72992700729927,2578.978102189781
14.973043298999983,12.884,2.0072992700729926,200.72992700729927,2586.204379562044
14.983125089998794,12.856,2.0072992700729926,218.97810218978103,2815.182481751825
14.993293231998905,12.884,2.0072992700729926,218.97810218978103,2821.3138686131388
15.003377244998774,12.856,2.1897810218978107,218.97810218978103,2815.182481751825
15.013452350998705,12.876,2.0072992700729926,200.72992700729927,2584.598540145985
15.02353051299906,12.852,2.0072992700729926,200.72992700729927,2579.78102189781
15.033607896999456,12.88,2.0072992700729926,200.72992700729927,2585.401459854015
15.043682503999662,12.848,2.1897810218978107,200.72992700729927,2578.978102189781
15.053759165999509,12.884,2.0072992700729926,200.72992700729927,2586.204379562044
15.063837124000202,12.848,2.0072992700729926,200.72992700729927,2578.978102189781
15.073914655999033,12.884,2.0072992700729926,218.97810218978103,2821.3138686131388
15.08399153999926,12.852,2.1897810218978107,200.72992700729927,2579.78102189781
15.094078108999383,12.876,2.0072992700729926,218.97810218978103,2819.5620437956204
15.10416056699978,12.852,2.1897810218978107,218.97810218978103,2814.306569343066
15.114242413999818,12.876,2.1897810218978107,200.72992700729927,2584.598540145985
15.124324075999539,12.856,2.0072992700729926,200.72992700729927,2580.5839416058393
15.134407311999894,12.868,2.1897810218978107,200.72992700729927,2582.992700729927
15.144487176999974,12.852,2.0072992700729926,218.97810218978103,2814.306569343066
15.154566912999144,12.872,2.1897810218978107,200.72992700729927,2583.795620437956
15.16464761199859,12.856,2.0072992700729926,200.72992700729927,2580.5839416058393
15.174730439999621,12.88,2.0072992700729926,200.72992700729927,2585.401459854015
15.184811249999257,12.848,2.0072992700729926,200.72992700729927,2578.978102189781
15.194891764000204,12.884,2.0072992700729926,200.72992700729927,2586.204379562044
15.204967406998549,12.852,2.0072992700729926,218.97810218978103,2814.306569343066
15.215048864998607,12.884,2.0072992700729926,200.72992700729927,2586.204379562044
15.225129378999554,12.852,2.0072992700729926,218.97810218978103,2814.306569343066
15.235209317999761,12.876,2.1897810218978107,200.72992700729927,2584.598540145985
15.245289831998889,12.848,2.1897810218978107,200.72992700729927,2578.978102189781
15.255370678998588,12.876,2.1897810218978107,200.72992700729927,2584.598540145985
15.26545276700017,12.852,2.0072992700729926,218.97810218978103,2814.306569343066
15.275533076999636,12.88,2.0072992700729926,200.72992700729927,2585.401459854015
15.285614126998553,12.852,2.0072992700729926,218.97810218978103,2814.306569343066
15.295706084998528,12.884,2.1897810218978107,200.72992700729927,2586.204379562044
15.305786320999687,12.848,2.0072992700729926,200.72992700729927,2578.978102189781
15.31586611199964,12.884,2.0072992700729926,218.97810218978103,2821.3138686131388
15.325947236999127,12.852,2.0072992700729926,200.72992700729927,2579.78102189781
15.336027935998573,12.872,2.1897810218978107,218.97810218978103,2818.6861313868612
15.34610878300009,12.856,2.0072992700729926,200.72992700729927,2580.5839416058393
15.356190110998796,12.868,2.1897810218978107,218.97810218978103,2817.8102189781025
15.366272903000208,12.852,2.0072992700729926,200.72992700729927,2579.78102189781
15.376353841998935,12.876,2.1897810218978107,200.72992700729927,2584.598540145985
15.386442966999311,12.852,2.0072992700729926,218.97810218978103,2814.306569343066
15.39655109100022,12.88,2.0072992700729926,200.72992700729927,2585.401459854015
15.406634863998988,12.848,2.1897810218978107,218.97810218978103,2813.4306569343066
15.416715691999343,12.884,2.0072992700729926,200.72992700729927,2586.204379562044
15.42679570600012,12.848,2.0072992700729926,200.72992700729927,2578.978102189781
15.436876275000031,12.884,2.0072992700729926,218.97810218978103,2821.3138686131388
15.446957084999667,12.844,2.1897810218978107,200.72992700729927,2578.1751824817516
15.457037153999408,12.876,2.1897810218978107,218.97810218978103,2819.5620437956204
15.46711722299915,12.852,2.0072992700729926,218.97810218978103,2814.306569343066
15.477196662999631,12.876,2.1897810218978107,218.97810218978103,2819.5620437956204
15.487277083999288,12.852,2.1897810218978107,200.72992700729927,2579.78102189781
15.49738696699933,12.88,2.1897810218978107,200.72992700729927,2585.401459854015
15.50746629599962,12.852,2.0072992700729926,200.72992700729927,2579.78102189781
15.517546142998981,12.884,2.0072992700729926,218.97810218978103,2821.3138686131388
15.52762639699904,12.848,2.1897810218978107,218.97810218978103,2813.4306569343066
15.537707280998802,12.876,2.0072992700729926,218.97810218978103,2819.5620437956204
15.54778860999977,12.848,2.0072992700729926,200.72992700729927,2578.978102189781
15.557869382999343,12.88,2.0072992700729926,200.72992700729927,2585.401459854015
15.567950173999634,12.852,2.0072992700729926,218.97810218978103,2814.306569343066
15.578031150998868,12.872,2.0072992700729926,218.97810218978103,2818.6861313868612
15.588111997998567,12.856,2.1897810218978107,218.97810218978103,2815.182481751825
15.598202491999473,12.872,2.0072992700729926,200.72992700729927,2583.795620437956
15.608282616998622,12.852,2.0072992700729926,200.72992700729927,2579.78102189781
15.618362834999061,12.88,2.0072992700729926,200.72992700729927,2585.401459854015
15.628442921999522,12.852,2.1897810218978107,218.97810218978103,2814.306569343066
15.638523120998798,12.884,2.1897810218978107,218.97810218978103,2821.3138686131388
15.648602597999343,12.84,2.0072992700729926,218.97810218978103,2811.6788321167883
15.658682851999401,12.884,2.1897810218978107,200.72992700729927,2586.204379562044
15.668762754999989,12.848,2.1897810218978107,218.97810218978103,2813.4306569343066
15.678845397998884,12.884,2.0072992700729926,200.72992700729927,2586.204379562044
15.688926466998964,12.852,2.1897810218978107,218.97810218978103,2814.306569343066
15.699002591998578,12.876,2.0072992700729926,218.97810218978103,2819.5620437956204
15.709083865000139,12.852,2.0072992700729926,200.72992700729927,2579.78102189781
15.719165562999478,12.88,2.0072992700729926,218.97810218978103,2820.4379562043796
15.729246483999304,12.852,2.0072992700729926,218.97810218978103,2814.306569343066
15.739327256998877,12.876,2.1897810218978107,218.97810218978103,2819.5620437956204
15.749408048999612,12.848,2.1897810218978107,200.72992700729927,2578.978102189781
15.759487784000157,12.88,2.1897810218978107,218.97810218978103,2820.4379562043796
15.769567575998735,12.848,2.1897810218978107,218.97810218978103,2813.4306569343066
15.779648477999217,12.88,2.0072992700729926,218.97810218978103,2820.4379562043796
15.78972825099845,12.852,2.0072992700729926,200.72992700729927,2579.78102189781
15.799808634999863,12.876,2.0072992700729926,200.72992700729927,2584.598540145985
15.809887629999139,12.852,2.1897810218978107,218.97810218978103,2814.306569343066
15.8199686809985,12.876,2.1897810218978107,218.97810218978103,2819.5620437956204
15.830049991000124,12.852,2.0072992700729926,218.97810218978103,2814.306569343066
15.840131060000203,12.88,2.0072992700729926,218.97810218978103,2820.4379562043796
15.85021379599857,12.848,2.0072992700729926,200.72992700729927,2578.978102189781
15.86029536499882,12.884,2.1897810218978107,200.72992700729927,2586.204379562044
15.87037602700002,12.844,2.0072992700729926,200.72992700729927,2578.1751824817516
15.880456224998852,12.884,2.1897810218978107,200.72992700729927,2586.204379562044
15.890538571999059,12.848,2.0072992700729926,200.72992700729927,2578.978102189781
15.900619955998991,12.884,2.0072992700729926,218.97810218978103,2821.3138686131388
15.910699950998605,12.856,2.1897810218978107,200.72992700729927,2580.5839416058393
15.92078124299951,12.876,2.1897810218978107,200.72992700729927,2584.598540145985
15.9308634049994,12.852,2.0072992700729926,200.72992700729927,2579.78102189781
15.940965472998869,12.876,2.0072992700729926,218.97810218978103,2819.5620437956204
15.951052282998717,12.852,2.0072992700729926,218.97810218978103,2814.306569343066
15.961141240999495,12.876,2.1897810218978107,218.97810218978103,2819.5620437956204
15.971223847000147,12.852,2.0072992700729926,200.72992700729927,2579.78102189781
15.981305989998873,12.88,2.1897810218978107,200.72992700729927,2585.401459854015
15.991387355999905,12.848,2.1897810218978107,200.72992700729927,2578.978102189781
16.00155483100025,12.884,2.0072992700729926,218.97810218978103,2821.3138686131388
16.011633751999398,12.852,2.0072992700729926,200.72992700729927,2579.78102189781
16.021711135999794,12.88,2.1897810218978107,200.72992700729927,2585.401459854015
16.03178953799943,12.856,2.1897810218978107,200.72992700729927,2580.5839416058393
16.041870293000102,12.876,2.0072992700729926,218.97810218978103,2819.5620437956204
16.051947472999018,12.848,2.0072992700729926,218.97810218978103,2813.4306569343066
16.06202411599952,12.88,2.1897810218978107,218.97810218978103,2820.4379562043796
16.072100944998965,12.844,2.0072992700729926,200.72992700729927,2578.1751824817516
16.082177606998812,12.884,2.1897810218978107,200.72992700729927,2586.204379562044
16.09225378699921,12.844,2.1897810218978107,218.97810218978103,2812.5547445255474
16.10233018999861,12.884,2.1897810218978107,200.72992700729927,2586.204379562044
16.112410073999854,12.848,2.1897810218978107,237.2262773722628,3047.8832116788326
16.12249332799911,12.884,2.1897810218978107,200.72992700729927,2586.204379562044
16.132574637998914,12.852,2.1897810218978107,200.72992700729927,2579.78102189781
16.14265728099963,12.88,2.0072992700729926,200.72992700729927,2585.401459854015
16.152737534999687,12.852,2.0072992700729926,200.72992700729927,2579.78102189781
16.162821381998583,12.868,2.1897810218978107,200.72992700729927,2582.992700729927
16.17290189599953,12.852,2.0072992700729926,200.72992700729927,2579.78102189781
16.18298237199997,12.876,2.0072992700729926,200.72992700729927,2584.598540145985
16.19306342299933,12.852,2.0072992700729926,200.72992700729927,2579.78102189781
16.20314354799848,12.88,2.0072992700729926,218.97810218978103,2820.4379562043796
16.21322393199989,12.848,2.0072992700729926,200.72992700729927,2578.978102189781
16.22330114899887,12.884,2.0072992700729926,200.72992700729927,2586.204379562044
16.233382736998465,12.848,2.0072992700729926,218.97810218978103,2813.4306569343066
16.2434623249992,12.884,2.1897810218978107,218.97810218978103,2821.3138686131388
16.253543374999936,12.848,2.0072992700729926,218.97810218978103,2813.4306569343066
16.26362468499974,12.88,2.1897810218978107,200.72992700729927,2585.401459854015
16.273704790999545,12.848,2.0072992700729926,200.72992700729927,2578.978102189781
16.283785008999985,12.88,2.0072992700729926,200.72992700729927,2585.401459854015
16.29386441099996,12.852,2.0072992700729926,200.72992700729927,2579.78102189781
16.303945869000017,12.88,2.1897810218978107,200.72992700729927,2585.401459854015
16.314026271998955,12.848,2.0072992700729926,200.72992700729927,2578.978102189781
16.32410732199969,12.912,2.0072992700729926,200.72992700729927,2591.8248175182484
16.33421350199933,12.876,2.0072992700729926,200.72992700729927,2584.598540145985
16.344294718999663,12.9,2.0072992700729926,200.72992700729927,2589.4160583941607
16.354375789000187,12.868,2.0072992700729926,200.72992700729927,2582.992700729927
16.36445519100016,12.892,2.0072992700729926,200.72992700729927,2587.810218978102
16.374535481998464,12.872,2.0072992700729926,200.72992700729927,2583.795620437956
16.38461638499939,12.884,2.0072992700729926,200.72992700729927,2586.204379562044
16.39470071299911,12.872,2.0072992700729926,200.72992700729927,2583.795620437956
16.404793855999742,12.888,1.8248175182481754,200.72992700729927,2587.007299270073
16.41487486999904,12.872,2.0072992700729926,200.72992700729927,2583.795620437956
16.42495627199969,12.896,2.0072992700729926,200.72992700729927,2588.6131386861316
16.43503750799937,12.868,2.0072992700729926,200.72992700729927,2582.992700729927
16.445118317999004,12.896,2.0072992700729926,182.48175182481754,2353.284671532847
16.45519960999991,12.832,2.0072992700729926,200.72992700729927,2575.7664233576643
16.465279512000052,12.872,2.0072992700729926,200.72992700729927,2583.795620437956
16.475360802998694,12.844,2.1897810218978107,200.72992700729927,2578.1751824817516
16.485440557999027,12.872,2.1897810218978107,218.97810218978103,2818.6861313868612
16.495521089998874,12.856,2.0072992700729926,200.72992700729927,2580.5839416058393
16.505628435999824,12.872,2.1897810218978107,200.72992700729927,2583.795620437956
16.515708264998466,12.856,2.0072992700729926,200.72992700729927,2580.5839416058393
16.52578816699861,12.876,2.0072992700729926,200.72992700729927,2584.598540145985
16.535868569999366,12.856,2.0072992700729926,218.97810218978103,2815.182481751825
16.545949601999382,12.88,2.0072992700729926,200.72992700729927,2585.401459854015
16.556030152998574,12.852,2.0072992700729926,218.97810218978103,2814.306569343066
16.566111128999182,12.872,2.0072992700729926,218.97810218978103,2818.6861313868612
16.576191606000066,12.852,2.1897810218978107,218.97810218978103,2814.306569343066
16.58627463799894,12.88,2.0072992700729926,218.97810218978103,2820.4379562043796
16.596355280998978,12.856,2.1897810218978107,218.97810218978103,2815.182481751825
16.60646220199851,12.872,2.0072992700729926,218.97810218978103,2818.6861313868612
16.616542436999225,12.856,2.1897810218978107,218.97810218978103,2815.182481751825
16.626621969999178,12.872,2.0072992700729926,218.97810218978103,2818.6861313868612
16.636702908999723,12.856,2.1897810218978107,200.72992700729927,2580.5839416058393
16.6467845520001,12.876,2.1897810218978107,200.72992700729927,2584.598540145985
16.656863657999565,12.852,2.0072992700729926,218.97810218978103,2814.306569343066
16.6669446169999,12.88,2.0072992700729926,200.72992700729927,2585.401459854015
16.67702509299852,12.844,2.1897810218978107,218.97810218978103,2812.5547445255474
16.687105606999467,12.884,2.1897810218978107,200.72992700729927,2586.204379562044
16.69718643499982,12.852,2.0072992700729926,200.72992700729927,2579.78102189781
16.70727709699895,12.884,2.0072992700729926,218.97810218978103,2821.3138686131388
16.71735838799941,12.856,2.0072992700729926,200.72992700729927,2580.5839416058393
16.727439215999766,12.872,2.0072992700729926,200.72992700729927,2583.795620437956
16.737516025999867,12.856,2.1897810218978107,218.97810218978103,2815.182481751825
16.747597743998995,12.876,2.1897810218978107,200.72992700729927,2584.598540145985
16.75767866499882,12.856,2.1897810218978107,218.97810218978103,2815.182481751825
16.76775880799869,12.872,2.1897810218978107,218.97810218978103,2818.6861313868612
16.777839618000144,12.852,2.0072992700729926,200.72992700729927,2579.78102189781
16.78792066799906,12.88,2.1897810218978107,200.72992700729927,2585.401459854015
16.798001551998823,12.848,2.1897810218978107,218.97810218978103,2813.4306569343066
16.808090435999475,12.884,2.0072992700729926,200.72992700729927,2586.204379562044
16.81816678299947,12.856,2.1897810218978107,200.72992700729927,2580.5839416058393
16.828242722998766,12.872,2.1897810218978107,218.97810218978103,2818.6861313868612
16.83831845900022,12.856,2.1897810218978107,200.72992700729927,2580.5839416058393
16.84839497199937,12.876,2.0072992700729926,218.97810218978103,2819.5620437956204
16.858472948999406,12.856,2.0072992700729926,218.97810218978103,2815.182481751825
16.868549277000056,12.88,2.0072992700729926,200.72992700729927,2585.401459854015
16.878627031999713,12.848,2.1897810218978107,218.97810218978103,2813.4306569343066
16.888703507998798,12.884,2.0072992700729926,218.97810218978103,2821.3138686131388
16.89877615200021,12.848,2.1897810218978107,200.72992700729927,2578.978102189781
16.908861332000015,12.876,2.0072992700729926,200.72992700729927,2584.598540145985
16.918942585998593,12.852,2.0072992700729926,218.97810218978103,2814.306569343066
16.92902361799861,12.884,2.1897810218978107,200.72992700729927,2586.204379562044
16.939103501999853,12.856,2.0072992700729926,200.72992700729927,2580.5839416058393
16.94918971900006,12.872,2.0072992700729926,218.97810218978103,2818.6861313868612
16.95926841799883,12.856,2.1897810218978107,200.72992700729927,2580.5839416058393
16.96935030199893,12.872,2.0072992700729926,218.97810218978103,2818.6861313868612
16.979431407999073,12.856,2.1897810218978107,200.72992700729927,2580.5839416058393
16.98951284800023,12.876,2.0072992700729926,200.72992700729927,2584.598540145985
16.99959382399902,12.852,2.1897810218978107,200.72992700729927,2579.78102189781
17.009714984998936,12.88,2.0072992700729926,218.97810218978103,2820.4379562043796
17.01980022099997,12.848,2.0072992700729926,218.97810218978103,2813.4306569343066
17.029885382999055,12.884,2.1897810218978107,200.72992700729927,2586.204379562044
17.039967062999494,12.852,2.1897810218978107,200.72992700729927,2579.78102189781
17.050053261998983,12.884,2.0072992700729926,200.72992700729927,2586.204379562044
17.060130422998554,12.852,2.1897810218978107,200.72992700729927,2579.78102189781
17.07021397399876,12.876,2.0072992700729926,218.97810218978103,2819.5620437956204
17.080295283998566,12.848,2.1897810218978107,218.97810218978103,2813.4306569343066
17.090378574999704,12.876,2.1897810218978107,218.97810218978103,2819.5620437956204
17.100454699999318,12.852,2.0072992700729926,200.72992700729927,2579.78102189781
17.11053184299999,12.88,2.1897810218978107,200.72992700729927,2585.401459854015
17.120608893999815,12.848,2.0072992700729926,200.72992700729927,2578.978102189781
17.13068844499867,12.884,2.1897810218978107,218.97810218978103,2821.3138686131388
17.1407647549986,12.852,2.1897810218978107,218.97810218978103,2814.306569343066
17.15084250899963,12.876,2.0072992700729926,200.72992700729927,2584.598540145985
17.160914577998483,12.856,2.1897810218978107,200.72992700729927,2580.5839416058393
17.170991091999895,12.872,2.1897810218978107,218.97810218978103,2818.6861313868612
17.181067494999297,12.856,2.0072992700729926,218.97810218978103,2815.182481751825
17.191145896998933,12.872,2.1897810218978107,218.97810218978103,2818.6861313868612
17.20122185499895,12.852,2.0072992700729926,218.97810218978103,2814.306569343066
17.211296183999366,12.88,2.1897810218978107,200.72992700729927,2585.401459854015
17.221372696998515,12.852,2.0072992700729926,200.72992700729927,2579.78102189781
17.23145552599999,12.884,2.0072992700729926,218.97810218978103,2821.3138686131388
17.241532612999436,12.848,2.0072992700729926,200.72992700729927,2578.978102189781
17.25160823799888,12.888,2.0072992700729926,218.97810218978103,2822.189781021898
17.2616836219986,12.852,2.0072992700729926,200.72992700729927,2579.78102189781
17.271760746998552,12.876,2.0072992700729926,218.97810218978103,2819.5620437956204
17.28184200099895,12.848,2.0072992700729926,218.97810218978103,2813.4306569343066
17.291919773999325,12.876,2.1897810218978107,218.97810218978103,2819.5620437956204
17.302001398998982,12.852,2.1897810218978107,218.97810218978103,2814.306569343066
17.31208759799847,12.88,2.0072992700729926,200.72992700729927,2585.401459854015
17.322164258999692,12.848,2.1897810218978107,200.72992700729927,2578.978102189781
17.33224051399884,12.884,2.0072992700729926,218.97810218978103,2821.3138686131388
17.342318397999406,12.848,2.0072992700729926,200.72992700729927,2578.978102189781
17.35239546699995,12.884,2.0072992700729926,218.97810218978103,2821.3138686131388
17.362469480998698,12.852,2.1897810218978107,200.72992700729927,2579.78102189781
17.372542623999834,12.876,2.0072992700729926,218.97810218978103,2819.5620437956204
17.382621026999914,12.856,2.1897810218978107,218.97810218978103,2815.182481751825
17.392696781000268,12.868,2.1897810218978107,218.97810218978103,2817.8102189781025
17.40277518399853,12.856,2.1897810218978107,200.72992700729927,2580.5839416058393
17.41286104899882,12.876,2.1897810218978107,200.72992700729927,2584.598540145985
17.422943895999197,12.852,2.0072992700729926,200.72992700729927,2579.78102189781
17.4330244089997,12.88,2.0072992700729926,200.72992700729927,2585.401459854015
17.44310016399868,12.848,2.1897810218978107,200.72992700729927,2578.978102189781
17.453175122000175,12.884,2.1897810218978107,200.72992700729927,2586.204379562044
17.46325593199981,12.848,2.1897810218978107,200.72992700729927,2578.978102189781
17.473336259999996,12.884,2.0072992700729926,200.72992700729927,2586.204379562044
17.483417217999886,12.848,2.1897810218978107,200.72992700729927,2578.978102189781
17.493493990999923,12.876,2.0072992700729926,218.97810218978103,2819.5620437956204
17.503574763999495,12.852,2.0072992700729926,200.72992700729927,2579.78102189781
17.513666591999936,12.876,2.0072992700729926,218.97810218978103,2819.5620437956204
17.523738216999845,12.852,2.0072992700729926,200.72992700729927,2579.78102189781
17.53381021199857,12.88,2.0072992700729926,200.72992700729927,2585.401459854015
17.543887373998587,12.848,2.1897810218978107,200.72992700729927,2578.978102189781
17.55396329499854,12.884,2.0072992700729926,200.72992700729927,2586.204379562044
17.564034809000077,12.848,2.0072992700729926,200.72992700729927,2578.978102189781
17.57410585999969,12.88,2.0072992700729926,218.97810218978103,2820.4379562043796
17.58418205899943,12.852,2.1897810218978107,218.97810218978103,2814.306569343066
17.594253034998474,12.872,2.0072992700729926,218.97810218978103,2818.6861313868612
17.604324697000266,12.856,2.0072992700729926,200.72992700729927,2580.5839416058393
17.614445968998552,12.872,2.0072992700729926,218.97810218978103,2818.6861313868612
17.62452324199876,12.856,2.1897810218978107,200.72992700729927,2580.5839416058393
17.63460634799958,12.872,2.1897810218978107,200.72992700729927,2583.795620437956
17.644687046999024,12.852,2.0072992700729926,218.97810218978103,2814.306569343066
17.654761357000098,12.88,2.0072992700729926,218.97810218978103,2820.4379562043796
17.66483627799971,12.848,2.0072992700729926,218.97810218978103,2813.4306569343066
17.674917198999538,12.88,2.0072992700729926,200.72992700729927,2585.401459854015
17.684997767999448,12.844,2.0072992700729926,218.97810218978103,2812.5547445255474
17.695078448999993,12.884,2.0072992700729926,200.72992700729927,2586.204379562044
17.70515949899891,12.848,2.1897810218978107,200.72992700729927,2578.978102189781
17.715250178998758,12.88,2.0072992700729926,200.72992700729927,2585.401459854015
17.725327062998986,12.852,2.1897810218978107,200.72992700729927,2579.78102189781
17.735405261999404,12.876,2.0072992700729926,200.72992700729927,2584.598540145985
17.74548110899923,12.852,2.0072992700729926,218.97810218978103,2814.306569343066
17.755557362999753,12.88,2.0072992700729926,200.72992700729927,2585.401459854015
17.76562967300015,12.848,2.1897810218978107,200.72992700729927,2578.978102189781
17.775706168999022,12.88,2.0072992700729926,200.72992700729927,2585.401459854015
17.785782607999863,12.848,2.1897810218978107,200.72992700729927,2578.978102189781
17.79585856599988,12.872,2.0072992700729926,200.72992700729927,2583.795620437956
17.805934783998964,12.856,2.0072992700729926,218.97810218978103,2815.182481751825
17.816054592998626,12.872,2.1897810218978107,218.97810218978103,2818.6861313868612
17.826135994999277,12.852,2.1897810218978107,200.72992700729927,2579.78102189781
17.836216841998976,12.876,2.1897810218978107,218.97810218978103,2819.5620437956204
17.846299429998908,12.856,2.1897810218978107,218.97810218978103,2815.182481751825
17.856375887999093,12.876,2.0072992700729926,218.97810218978103,2819.5620437956204
17.866458548998708,12.852,2.0072992700729926,200.72992700729927,2579.78102189781
17.876539247999972,12.88,2.0072992700729926,200.72992700729927,2585.401459854015
17.886621353998635,12.844,2.0072992700729926,218.97810218978103,2812.5547445255474
17.896701589999793,12.884,2.0072992700729926,200.72992700729927,2586.204379562044
17.90677664099894,12.84,2.0072992700729926,218.97810218978103,2811.6788321167883
17.916867172998536,12.884,2.1897810218978107,200.72992700729927,2586.204379562044
17.926944500999525,12.852,2.1897810218978107,200.72992700729927,2579.78102189781
17.93702064399986,12.876,2.0072992700729926,218.97810218978103,2819.5620437956204
17.947103564998542,12.852,2.1897810218978107,218.97810218978103,2814.306569343066
17.957180134999362,12.876,2.0072992700729926,218.97810218978103,2819.5620437956204
17.9672583699994,12.856,2.0072992700729926,200.72992700729927,2580.5839416058393
17.977334698998675,12.884,2.0072992700729926,218.97810218978103,2821.3138686131388
17.9874131939996,12.848,2.0072992700729926,200.72992700729927,2578.978102189781
17.997491151998474,12.88,2.0072992700729926,200.72992700729927,2585.401459854015
18.00756799899864,12.848,2.0072992700729926,200.72992700729927,2578.978102189781
18.01771721499972,12.88,2.0072992700729926,218.97810218978103,2820.4379562043796
18.02779789499982,12.848,2.0072992700729926,218.97810218978103,2813.4306569343066
18.03787890899912,12.884,2.1897810218978107,200.72992700729927,2586.204379562044
18.047959625999283,12.848,2.1897810218978107,200.72992700729927,2578.978102189781
18.058039991999976,12.88,2.0072992700729926,200.72992700729927,2585.401459854015
18.068121856998914,12.856,2.0072992700729926,218.97810218978103,2815.182481751825
18.07820481499948,12.872,2.0072992700729926,218.97810218978103,2818.6861313868612
18.08828545799952,12.848,2.0072992700729926,218.97810218978103,2813.4306569343066
18.09836845300015,12.88,2.0072992700729926,218.97810218978103,2820.4379562043796
18.108448466999107,12.852,2.1897810218978107,200.72992700729927,2579.78102189781
18.118540165000013,12.884,2.0072992700729926,218.97810218978103,2821.3138686131388
18.128616345999035,12.848,2.0072992700729926,200.72992700729927,2578.978102189781
18.13869391499975,12.884,2.0072992700729926,218.97810218978103,2821.3138686131388
18.148770261999744,12.852,2.1897810218978107,218.97810218978103,2814.306569343066
18.15884814599849,12.88,2.0072992700729926,200.72992700729927,2585.401459854015
18.168926973999987,12.852,2.1897810218978107,218.97810218978103,2814.306569343066
18.178999505998945,12.876,2.0072992700729926,218.97810218978103,2819.5620437956204
18.1890760569986,12.852,2.1897810218978107,200.72992700729927,2579.78102189781
18.199154107998766,12.876,2.0072992700729926,200.72992700729927,2584.598540145985
18.20923006599878,12.852,2.0072992700729926,200.72992700729927,2579.78102189781
18.21931672699975,12.88,2.1897810218978107,200.72992700729927,2585.401459854015
18.229397629998857,12.848,2.0072992700729926,218.97810218978103,2813.4306569343066
18.23947458799921,12.884,2.1897810218978107,200.72992700729927,2586.204379562044
18.24955532399872,12.848,2.0072992700729926,218.97810218978103,2813.4306569343066
18.259635929998694,12.884,2.1897810218978107,218.97810218978103,2821.3138686131388
18.26971785099886,12.848,2.1897810218978107,200.72992700729927,2578.978102189781
18.279793124000207,12.88,2.1897810218978107,218.97810218978103,2820.4379562043796
18.28987321099885,12.848,2.1897810218978107,200.72992700729927,2578.978102189781
18.29994850299954,12.876,2.0072992700729926,218.97810218978103,2819.5620437956204
18.310023701998944,12.848,2.1897810218978107,200.72992700729927,2578.978102189781
18.320114844998898,12.88,2.1897810218978107,200.72992700729927,2585.401459854015
18.330209690999254,12.844,2.0072992700729926,200.72992700729927,2578.1751824817516
18.340285574999143,12.884,2.0072992700729926,200.72992700729927,2586.204379562044
18.350363866999032,12.848,2.0072992700729926,218.97810218978103,2813.4306569343066
18.360440806000042,12.884,2.0072992700729926,200.72992700729927,2586.204379562044
18.370518597999762,12.852,2.0072992700729926,218.97810218978103,2814.306569343066
18.380594629999905,12.88,2.0072992700729926,218.97810218978103,2820.4379562043796
18.390670957998736,12.852,2.1897810218978107,200.72992700729927,2579.78102189781
18.400747619998583,12.872,2.0072992700729926,200.72992700729927,2583.795620437956
18.410825577999276,12.856,2.0072992700729926,218.97810218978103,2815.182481751825
18.42091022099885,12.876,2.1897810218978107,218.97810218978103,2819.5620437956204
18.430992513000092,12.852,2.1897810218978107,200.72992700729927,2579.78102189781
18.441072970999812,12.88,2.1897810218978107,200.72992700729927,2585.401459854015
18.45114853999985,12.848,2.0072992700729926,218.97810218978103,2813.4306569343066
18.461229571999866,12.884,2.0072992700729926,200.72992700729927,2586.204379562044
18.471309881999332,12.844,2.1897810218978107,200.72992700729927,2578.1751824817516
18.48139074699975,12.884,2.0072992700729926,200.72992700729927,2586.204379562044
18.491467797999576,12.848,2.1897810218978107,200.72992700729927,2578.978102189781
18.50154851499974,12.876,2.1897810218978107,218.97810218978103,2819.5620437956204
18.511629806998826,12.844,2.1897810218978107,218.97810218978103,2812.5547445255474
18.521717060999435,12.876,2.0072992700729926,200.72992700729927,2584.598540145985
18.531793722999282,12.852,2.0072992700729926,200.72992700729927,2579.78102189781
18.54187001399987,12.88,2.1897810218978107,200.72992700729927,2585.401459854015
18.551946157000202,12.848,2.0072992700729926,200.72992700729927,2578.978102189781
18.562022244999753,12.884,2.1897810218978107,200.72992700729927,2586.204379562044
18.572098091999578,12.844,2.1897810218978107,200.72992700729927,2578.1751824817516
18.58217412399972,12.884,2.0072992700729926,200.72992700729927,2586.204379562044
18.59225213799982,12.852,2.0072992700729926,218.97810218978103,2814.306569343066
18.602322762999393,12.876,2.0072992700729926,218.97810218978103,2819.5620437956204
18.61239470199871,12.852,2.0072992700729926,218.97810218978103,2814.306569343066
18.622475123000186,12.868,2.1897810218978107,218.97810218978103,2817.8102189781025
18.63255226599904,12.852,2.0072992700729926,218.97810218978103,2814.306569343066
18.64263240999935,12.876,2.0072992700729926,218.97810218978103,2819.5620437956204
18.65271370099981,12.852,2.0072992700729926,218.97810218978103,2814.306569343066
18.66279019600006,12.884,2.1897810218978107,200.72992700729927,2586.204379562044
18.67287087600016,12.848,2.0072992700729926,200.72992700729927,2578.978102189781
18.682951796999987,12.884,2.1897810218978107,200.72992700729927,2586.204379562044
18.6930317919996,12.848,2.0072992700729926,200.72992700729927,2578.978102189781
18.70310878700002,12.884,2.0072992700729926,200.72992700729927,2586.204379562044
18.71319022699936,12.844,2.1897810218978107,218.97810218978103,2812.5547445255474
18.72328083299908,12.876,2.0072992700729926,218.97810218978103,2819.5620437956204
18.733357364999392,12.848,2.1897810218978107,218.97810218978103,2813.4306569343066
18.743435415999556,12.88,2.0072992700729926,218.97810218978103,2820.4379562043796
18.753511484999763,12.852,2.1897810218978107,218.97810218978103,2814.306569343066
18.763587942999948,12.884,2.1897810218978107,200.72992700729927,2586.204379562044
18.773664344998906,12.844,2.0072992700729926,200.72992700729927,2578.1751824817516
18.783737117999408,12.884,2.0072992700729926,218.97810218978103,2821.3138686131388
18.793813668999064,12.848,2.1897810218978107,200.72992700729927,2578.978102189781
18.803890256998784,12.884,2.1897810218978107,218.97810218978103,2821.3138686131388
18.813967084999604,12.852,2.1897810218978107,200.72992700729927,2579.78102189781
18.82405043200015,12.872,2.0072992700729926,200.72992700729927,2583.795620437956
18.834131685998727,12.852,2.0072992700729926,218.97810218978103,2814.306569343066
18.84421045899944,12.872,2.1897810218978107,200.72992700729927,2583.795620437956
18.854287749998548,12.852,2.0072992700729926,218.97810218978103,2814.306569343066
18.864363967999452,12.876,2.1897810218978107,200.72992700729927,2584.598540145985
18.874439925999468,12.852,2.0072992700729926,218.97810218978103,2814.306569343066
18.88451593999889,12.884,2.0072992700729926,218.97810218978103,2821.3138686131388
18.894598896999014,12.844,2.0072992700729926,200.72992700729927,2578.1751824817516
18.904677188998903,12.888,2.1897810218978107,200.72992700729927,2587.007299270073
18.91475407299913,12.84,2.1897810218978107,200.72992700729927,2577.3722627737225
18.924844363999,12.888,2.1897810218978107,218.97810218978103,2822.189781021898
18.934925988998657,12.848,2.0072992700729926,218.97810218978103,2813.4306569343066
18.94500822400005,12.876,2.1897810218978107,218.97810218978103,2819.5620437956204
18.955093478998606,12.852,2.1897810218978107,200.72992700729927,2579.78102189781
18.965170714000124,12.88,2.1897810218978107,200.72992700729927,2585.401459854015
18.97524876499847,12.848,2.0072992700729926,200.72992700729927,2578.978102189781
18.985325370998908,12.884,2.0072992700729926,218.97810218978103,2821.3138686131388
18.995401828999093,12.844,2.1897810218978107,218.97810218978103,2812.5547445255474
19.005485231999046,12.88,2.0072992700729926,218.97810218978103,2820.4379562043796
19.015558596998744,12.848,2.1897810218978107,218.97810218978103,2813.4306569343066
19.025648684999396,12.88,2.1897810218978107,200.72992700729927,2585.401459854015
19.035730382998736,12.848,2.1897810218978107,218.97810218978103,2813.4306569343066
19.045811934000085,12.876,2.1897810218978107,200.72992700729927,2584.598540145985
19.055886095999085,12.852,2.1897810218978107,200.72992700729927,2579.78102189781
19.06596151699887,12.876,2.1897810218978107,218.97810218978103,2819.5620437956204
19.076035030999265,12.852,2.0072992700729926,200.72992700729927,2579.78102189781
19.086107525999978,12.88,2.0072992700729926,218.97810218978103,2820.4379562043796
19.09618018799847,12.848,2.0072992700729926,218.97810218978103,2813.4306569343066
19.106258775000242,12.888,2.0072992700729926,218.97810218978103,2822.189781021898
19.11633523299861,12.84,2.0072992700729926,218.97810218978103,2811.6788321167883
19.126422838999133,12.884,2.1897810218978107,200.72992700729927,2586.204379562044
19.136504833999425,12.84,2.1897810218978107,200.72992700729927,2577.3722627737225
19.146588810999674,12.884,2.0072992700729926,218.97810218978103,2821.3138686131388
19.156670880000092,12.848,2.0072992700729926,218.97810218978103,2813.4306569343066
19.166752448998523,12.88,2.0072992700729926,200.72992700729927,2585.401459854015
19.176832628998454,12.852,2.0072992700729926,218.97810218978103,2814.306569343066
19.18691284600027,12.876,2.0072992700729926,218.97810218978103,2819.5620437956204
19.196993266999925,12.852,2.1897810218978107,218.97810218978103,2814.306569343066
19.207073317998947,12.884,2.0072992700729926,200.72992700729927,2586.204379562044
19.217153886998858,12.848,2.1897810218978107,200.72992700729927,2578.978102189781
19.227243640998495,12.88,2.1897810218978107,200.72992700729927,2585.401459854015
19.23731782199866,12.848,2.0072992700729926,200.72992700729927,2578.978102189781
19.247390761000133,12.876,2.1897810218978107,200.72992700729927,2584.598540145985
19.25746670099943,12.852,2.1897810218978107,218.97810218978103,2814.306569343066
19.26754097399862,12.876,2.0072992700729926,218.97810218978103,2819.5620437956204
19.27761382099925,12.856,2.0072992700729926,218.97810218978103,2815.182481751825
19.28768994500024,12.876,2.0072992700729926,200.72992700729927,2584.598540145985
19.29776271799892,12.852,2.1897810218978107,200.72992700729927,2579.78102189781
19.307835916999466,12.884,2.0072992700729926,218.97810218978103,2821.3138686131388
19.317909300998508,12.844,2.1897810218978107,218.97810218978103,2812.5547445255474
19.328035054999418,12.888,2.0072992700729926,218.97810218978103,2822.189781021898
19.338115901999117,12.84,2.1897810218978107,218.97810218978103,2811.6788321167883
19.34819678599888,12.888,2.0072992700729926,218.97810218978103,2822.189781021898
19.35827848400004,12.844,2.0072992700729926,200.72992700729927,2578.1751824817516
19.368359905000034,12.884,2.0072992700729926,200.72992700729927,2586.204379562044
19.378442270999585,12.848,2.0072992700729926,218.97810218978103,2813.4306569343066
19.388523061999877,12.88,2.1897810218978107,200.72992700729927,2585.401459854015
19.39860518599926,12.852,2.0072992700729926,218.97810218978103,2814.306569343066
19.408685866999804,12.876,2.0072992700729926,218.97810218978103,2819.5620437956204
19.418768861998615,12.852,2.1897810218978107,200.72992700729927,2579.78102189781
19.42886217100022,12.876,2.0072992700729926,200.72992700729927,2584.598540145985
19.438936091999494,12.848,2.1897810218978107,218.97810218978103,2813.4306569343066
19.449007105999044,12.884,2.0072992700729926,200.72992700729927,2586.204379562044
19.459087119999822,12.844,2.1897810218978107,200.72992700729927,2578.1751824817516
19.469163058998674,12.884,2.1897810218978107,200.72992700729927,2586.204379562044
19.479240462000234,12.848,2.0072992700729926,218.97810218978103,2813.4306569343066
19.489312382998833,12.88,2.1897810218978107,218.97810218978103,2820.4379562043796
19.499384544998975,12.856,2.0072992700729926,218.97810218978103,2815.182481751825
19.509456558000238,12.88,2.0072992700729926,218.97810218978103,2820.4379562043796
19.51953318300002,12.848,2.0072992700729926,200.72992700729927,2578.978102189781
19.529668806999325,12.88,2.0072992700729926,200.72992700729927,2585.401459854015
19.53974648700023,12.848,2.1897810218978107,218.97810218978103,2813.4306569343066
19.549830222998935,12.884,2.0072992700729926,200.72992700729927,2586.204379562044
19.559912736000115,12.876,2.0072992700729926,200.72992700729927,2584.598540145985
19.569993619999877,12.908,2.0072992700729926,200.72992700729927,2591.021897810219
19.580074633999175,12.864,2.0072992700729926,200.72992700729927,2582.189781021898
19.590156035999826,12.9,2.0072992700729926,200.72992700729927,2589.4160583941607
19.600237179000032,12.864,1.8248175182481754,200.72992700729927,2582.189781021898
19.61032024799897,12.896,2.0072992700729926,200.72992700729927,2588.6131386861316
19.620399557999917,12.868,2.0072992700729926,200.72992700729927,2582.992700729927
19.630489682998814,12.884,2.0072992700729926,182.48175182481754,2351.094890510949
19.64056767799957,12.868,1.8248175182481754,200.72992700729927,2582.992700729927
19.650645690999227,12.892,2.0072992700729926,200.72992700729927,2587.810218978102
19.660722000999158,12.868,2.0072992700729926,200.72992700729927,2582.992700729927
19.670800255998984,12.896,2.0072992700729926,200.72992700729927,2588.6131386861316
19.68087665799976,12.836,2.1897810218978107,200.72992700729927,2576.5693430656934
19.6909544680002,12.872,2.0072992700729926,200.72992700729927,2583.795620437956
19.701031092999983,12.848,2.0072992700729926,218.97810218978103,2813.4306569343066
19.711108809999132,12.876,2.0072992700729926,218.97810218978103,2819.5620437956204
19.721185082999,12.852,2.1897810218978107,218.97810218978103,2814.306569343066
19.731271669999842,12.876,2.0072992700729926,200.72992700729927,2584.598540145985
19.741353442999753,12.848,2.1897810218978107,218.97810218978103,2813.4306569343066
19.751434660000086,12.876,2.0072992700729926,218.97810218978103,2819.5620437956204
19.76151615500021,12.852,2.0072992700729926,200.72992700729927,2579.78102189781
19.77159522399961,12.88,2.0072992700729926,218.97810218978103,2820.4379562043796
19.781676294000135,12.848,2.0072992700729926,218.97810218978103,2813.4306569343066
19.791757102999327,12.884,2.0072992700729926,218.97810218978103,2821.3138686131388
19.80183720899913,12.848,2.0072992700729926,200.72992700729927,2578.978102189781
19.81191368599866,12.884,2.1897810218978107,218.97810218978103,2821.3138686131388
19.82199381099963,12.852,2.0072992700729926,200.72992700729927,2579.78102189781
19.83208463899973,12.876,2.1897810218978107,218.97810218978103,2819.5620437956204
19.842161763999684,12.856,2.0072992700729926,218.97810218978103,2815.182481751825
19.85223540699917,12.868,2.1897810218978107,200.72992700729927,2582.992700729927
19.862313865000033,12.852,2.0072992700729926,200.72992700729927,2579.78102189781
19.87239024900009,12.876,2.0072992700729926,218.97810218978103,2819.5620437956204
19.882462354999006,12.852,2.0072992700729926,200.72992700729927,2579.78102189781
19.892534386999614,12.88,2.1897810218978107,218.97810218978103,2820.4379562043796
19.902606437999566,12.848,2.1897810218978107,218.97810218978103,2813.4306569343066
19.912677636999433,12.884,2.1897810218978107,200.72992700729927,2586.204379562044
19.922754946999703,12.852,2.1897810218978107,218.97810218978103,2814.306569343066
19.932885014999556,12.876,2.1897810218978107,200.72992700729927,2584.598540145985
19.942998157999682,12.844,2.1897810218978107,218.97810218978103,2812.5547445255474
19.953087985999446,12.876,2.0072992700729926,200.72992700729927,2584.598540145985
19.96317092499885,12.852,2.1897810218978107,200.72992700729927,2579.78102189781
19.973252456999035,12.876,2.0072992700729926,200.72992700729927,2584.598540145985
19.98333482199996,12.852,2.0072992700729926,200.72992700729927,2579.78102189781
19.99341659499987,12.876,2.1897810218978107,218.97810218978103,2819.5620437956204
20.00349749799898,12.852,2.0072992700729926,200.72992700729927,2579.78102189781
20.01357828899927,12.88,2.1897810218978107,200.72992700729927,2585.401459854015
20.023658727999646,12.848,2.1897810218978107,218.97810218978103,2813.4306569343066
20.033753685998818,12.88,2.0072992700729926,200.72992700729927,2585.401459854015
20.043830680999235,12.852,2.0072992700729926,200.72992700729927,2579.78102189781
20.05391158400016,12.868,2.0072992700729926,218.97810218978103,2817.8102189781025
20.063988541998697,12.852,2.1897810218978107,200.72992700729927,2579.78102189781
20.074065147999136,12.872,2.0072992700729926,200.72992700729927,2583.795620437956
20.084137105999616,12.852,2.1897810218978107,200.72992700729927,2579.78102189781
20.094215582999823,12.88,2.0072992700729926,218.97810218978103,2820.4379562043796
20.10429259599914,12.852,2.1897810218978107,218.97810218978103,2814.306569343066
20.114370146999136,12.884,2.0072992700729926,200.72992700729927,2586.204379562044
20.12444628999947,12.848,2.0072992700729926,218.97810218978103,2813.4306569343066
20.134533728998576,12.888,2.0072992700729926,200.72992700729927,2587.007299270073
20.144614797998656,12.872,2.0072992700729926,200.72992700729927,2583.795620437956
20.154696903999138,12.904,2.1897810218978107,200.72992700729927,2590.21897810219
20.16477789899909,12.864,2.0072992700729926,200.72992700729927,2582.189781021898
20.17486017199917,12.892,2.0072992700729926,200.72992700729927,2587.810218978102
20.184941038000034,12.868,2.0072992700729926,200.72992700729927,2582.992700729927
20.195020828999986,12.888,2.0072992700729926,200.72992700729927,2587.007299270073
20.20509676799884,12.872,2.0072992700729926,200.72992700729927,2583.795620437956
20.21517830099947,12.892,2.0072992700729926,200.72992700729927,2587.810218978102
20.225258757998745,12.872,2.0072992700729926,200.72992700729927,2583.795620437956
20.2353433649987,12.888,2.0072992700729926,200.72992700729927,2587.007299270073
20.245419155999116,12.868,2.0072992700729926,200.72992700729927,2582.992700729927
20.255499076998603,12.888,2.0072992700729926,200.72992700729927,2587.007299270073
20.265575202000036,12.872,2.0072992700729926,200.72992700729927,2583.795620437956
20.275651992998974,12.864,2.0072992700729926,218.97810218978103,2816.9343065693433
20.285728506998566,12.848,2.0072992700729926,200.72992700729927,2578.978102189781
20.295809389999704,12.868,2.1897810218978107,200.72992700729927,2582.992700729927
20.30589069999951,12.86,2.0072992700729926,200.72992700729927,2581.3868613138684
20.315971398998954,12.868,2.0072992700729926,200.72992700729927,2582.992700729927
20.32604633899973,12.856,2.0072992700729926,218.97810218978103,2815.182481751825
20.3361550919999,12.876,2.0072992700729926,200.72992700729927,2584.598540145985
20.346237623998604,12.852,2.1897810218978107,200.72992700729927,2579.78102189781
20.35631793399989,12.88,2.0072992700729926,200.72992700729927,2585.401459854015
20.36639981799999,12.848,2.1897810218978107,200.72992700729927,2578.978102189781
20.3764793499995,12.88,2.0072992700729926,218.97810218978103,2820.4379562043796
20.386560270999325,12.848,2.1897810218978107,218.97810218978103,2813.4306569343066
20.39663998799915,12.884,2.1897810218978107,200.72992700729927,2586.204379562044
20.406721482999274,12.86,2.0072992700729926,200.72992700729927,2581.3868613138684
20.41680127499967,12.872,2.1897810218978107,200.72992700729927,2583.795620437956
20.426882713998566,12.86,2.0072992700729926,200.72992700729927,2581.3868613138684
20.436987189999854,12.868,2.1897810218978107,218.97810218978103,2817.8102189781025
20.447067480999976,12.856,2.0072992700729926,200.72992700729927,2580.5839416058393
20.457156401998873,12.868,2.1897810218978107,200.72992700729927,2582.992700729927
20.467238878998614,12.856,2.1897810218978107,200.72992700729927,2580.5839416058393
20.477314502999434,12.88,2.0072992700729926,200.72992700729927,2585.401459854015
20.487389905998498,12.852,2.1897810218978107,200.72992700729927,2579.78102189781
20.497464975000184,12.88,2.1897810218978107,200.72992700729927,2585.401459854015
20.507546025999545,12.856,2.0072992700729926,218.97810218978103,2815.182481751825
20.517626890999964,12.872,2.0072992700729926,218.97810218978103,2818.6861313868612
20.5277026449985,12.86,2.1897810218978107,200.72992700729927,2581.3868613138684
20.53778799199972,12.872,2.0072992700729926,200.72992700729927,2583.795620437956
20.547865024000203,12.856,2.0072992700729926,218.97810218978103,2815.182481751825
20.557942055998865,12.876,2.0072992700729926,200.72992700729927,2584.598540145985
20.56801860699852,12.848,2.1897810218978107,218.97810218978103,2813.4306569343066
20.578094897999108,12.88,2.0072992700729926,200.72992700729927,2585.401459854015
20.58817119000014,12.852,2.0072992700729926,218.97810218978103,2814.306569343066
20.598249258999203,12.88,2.1897810218978107,218.97810218978103,2820.4379562043796
20.60832554999979,12.856,2.0072992700729926,218.97810218978103,2815.182481751825
20.618396396999742,12.872,2.0072992700729926,200.72992700729927,2583.795620437956
20.628469059000054,12.856,2.1897810218978107,200.72992700729927,2580.5839416058393
20.638557184000092,12.872,2.1897810218978107,200.72992700729927,2583.795620437956
20.648639105000257,12.86,2.1897810218978107,218.97810218978103,2816.0583941605837
20.65872204399966,12.864,2.0072992700729926,200.72992700729927,2582.189781021898
20.66880320599921,12.856,2.0072992700729926,200.72992700729927,2580.5839416058393
20.678883700998995,12.876,2.0072992700729926,218.97810218978103,2819.5620437956204
20.688964491999286,12.852,2.0072992700729926,218.97810218978103,2814.306569343066
20.699043597998752,12.88,2.0072992700729926,218.97810218978103,2820.4379562043796
20.709124648999932,12.852,2.1897810218978107,200.72992700729927,2579.78102189781
20.719205366000097,12.88,2.0072992700729926,218.97810218978103,2820.4379562043796
20.729286212999796,12.856,2.1897810218978107,218.97810218978103,2815.182481751825
20.739369169999918,12.872,2.0072992700729926,200.72992700729927,2583.795620437956
20.749449757999173,12.852,2.0072992700729926,218.97810218978103,2814.306569343066
20.759530808998534,12.872,2.1897810218978107,218.97810218978103,2818.6861313868612
20.769611117999375,12.852,2.1897810218978107,200.72992700729927,2579.78102189781
20.779690743000174,12.876,2.1897810218978107,200.72992700729927,2584.598540145985
20.7897716819989,12.852,2.1897810218978107,200.72992700729927,2579.78102189781
20.799853288999657,12.88,2.1897810218978107,218.97810218978103,2820.4379562043796
20.809928894999757,12.848,2.0072992700729926,218.97810218978103,2813.4306569343066
20.82000907499969,12.88,2.1897810218978107,218.97810218978103,2820.4379562043796
20.830084403,12.856,2.0072992700729926,200.72992700729927,2580.5839416058393
20.84017445399877,12.876,2.0072992700729926,218.97810218978103,2819.5620437956204
20.85025155999938,12.856,2.1897810218978107,218.97810218978103,2815.182481751825
20.860327832999246,12.868,2.1897810218978107,218.97810218978103,2817.8102189781025
20.870402994998585,12.856,2.0072992700729926,218.97810218978103,2815.182481751825
20.880478507999214,12.872,2.0072992700729926,218.97810218978103,2818.6861313868612
20.89055639199978,12.856,2.0072992700729926,200.72992700729927,2580.5839416058393
20.90063168300003,12.88,2.0072992700729926,200.72992700729927,2585.401459854015
20.91070704899903,12.852,2.0072992700729926,218.97810218978103,2814.306569343066
20.92078304399911,12.88,2.0072992700729926,218.97810218978103,2820.4379562043796
20.93085429799976,12.856,2.1897810218978107,200.72992700729927,2580.5839416058393
20.941034939998644,12.884,2.0072992700729926,218.97810218978103,2821.3138686131388
20.951114008999866,12.852,2.1897810218978107,218.97810218978103,2814.306569343066
20.961191058999248,12.872,2.1897810218978107,200.72992700729927,2583.795620437956
20.97126927699901,12.852,2.0072992700729926,200.72992700729927,2579.78102189781
20.981345401,12.872,2.0072992700729926,218.97810218978103,2818.6861313868612
20.991422895998767,12.852,2.0072992700729926,218.97810218978103,2814.306569343066
21.001503946999946,12.876,2.0072992700729926,200.72992700729927,2584.598540145985
21.01158097899861,12.852,2.1897810218978107,218.97810218978103,2814.306569343066
21.02165739999873,12.88,2.0072992700729926,218.97810218978103,2820.4379562043796
21.031733525000163,12.848,2.0072992700729926,200.72992700729927,2578.978102189781
21.041837500999463,12.88,2.1897810218978107,200.72992700729927,2585.401459854015
21.05191418100003,12.852,2.0072992700729926,218.97810218978103,2814.306569343066
21.061993564999284,12.868,2.0072992700729926,218.97810218978103,2817.8102189781025
21.07207278199894,12.856,2.0072992700729926,200.72992700729927,2580.5839416058393
21.082146202999866,12.868,2.0072992700729926,218.97810218978103,2817.8102189781025
21.09221819799859,12.856,2.1897810218978107,218.97810218978103,2815.182481751825
21.102296266999474,12.876,2.0072992700729926,200.72992700729927,2584.598540145985
21.11237270699894,12.856,2.1897810218978107,218.97810218978103,2815.182481751825
21.122450535000098,12.88,2.0072992700729926,200.72992700729927,2585.401459854015
21.132526641998993,12.852,2.1897810218978107,200.72992700729927,2579.78102189781
21.14261335899937,12.88,2.1897810218978107,200.72992700729927,2585.401459854015
21.152695075999873,12.844,2.1897810218978107,218.97810218978103,2812.5547445255474
21.162777255998662,12.88,2.1897810218978107,218.97810218978103,2820.4379562043796
21.17285738099963,12.844,2.0072992700729926,218.97810218978103,2812.5547445255474
21.182938486999774,12.884,2.1897810218978107,200.72992700729927,2586.204379562044
21.193019278000065,12.852,2.1897810218978107,218.97810218978103,2814.306569343066
21.203097494999383,12.872,2.0072992700729926,218.97810218978103,2818.6861313868612
21.213175637998575,12.856,2.0072992700729926,218.97810218978103,2815.182481751825
21.223256281999056,12.876,2.0072992700729926,200.72992700729927,2584.598540145985
21.233337572999517,12.856,2.1897810218978107,218.97810218978103,2815.182481751825
21.243415789998835,12.88,2.0072992700729926,218.97810218978103,2820.4379562043796
21.25349234099849,12.848,2.0072992700729926,200.72992700729927,2578.978102189781
21.263566150999395,12.876,2.1897810218978107,218.97810218978103,2819.5620437956204
21.27363888599939,12.852,2.0072992700729926,200.72992700729927,2579.78102189781
21.28371121499913,12.868,2.0072992700729926,200.72992700729927,2582.992700729927
21.293787579999844,12.856,2.1897810218978107,218.97810218978103,2815.182481751825
21.303863945999183,12.872,2.0072992700729926,200.72992700729927,2583.795620437956
21.31393984799979,12.856,2.0072992700729926,200.72992700729927,2580.5839416058393
21.324016065998876,12.876,2.0072992700729926,200.72992700729927,2584.598540145985
21.334092078999674,12.852,2.1897810218978107,200.72992700729927,2579.78102189781
21.344174888999987,12.88,2.0072992700729926,200.72992700729927,2585.401459854015
21.3542560879996,12.852,2.0072992700729926,218.97810218978103,2814.306569343066
21.364337322998836,12.884,2.0072992700729926,218.97810218978103,2821.3138686131388
21.374419484998725,12.844,2.1897810218978107,218.97810218978103,2812.5547445255474
21.384499349998805,12.884,2.1897810218978107,200.72992700729927,2586.204379562044
21.39458038199882,12.852,2.1897810218978107,200.72992700729927,2579.78102189781
21.40466091399867,12.884,2.0072992700729926,200.72992700729927,2586.204379562044
21.41474250200008,12.852,2.0072992700729926,218.97810218978103,2814.306569343066
21.424822404000224,12.876,2.1897810218978107,200.72992700729927,2584.598540145985
21.43490215899874,12.856,2.0072992700729926,200.72992700729927,2580.5839416058393
21.44499309799903,12.908,2.0072992700729926,200.72992700729927,2591.021897810219
21.455069277999428,12.88,2.1897810218978107,200.72992700729927,2585.401459854015
21.465145328998915,12.896,2.0072992700729926,218.97810218978103,2823.9416058394163
21.47522278699944,12.868,2.0072992700729926,200.72992700729927,2582.992700729927
21.485299373998714,12.892,2.0072992700729926,182.48175182481754,2352.5547445255474
21.495372702998793,12.872,2.0072992700729926,200.72992700729927,2583.795620437956
21.505449345999295,12.884,2.0072992700729926,200.72992700729927,2586.204379562044
21.51552641499984,12.88,2.0072992700729926,200.72992700729927,2585.401459854015
21.52560311399975,12.884,2.0072992700729926,200.72992700729927,2586.204379562044
21.535675979999723,12.88,2.0072992700729926,200.72992700729927,2585.401459854015
21.545802269998603,12.884,2.0072992700729926,200.72992700729927,2586.204379562044
21.555882245998873,12.872,2.0072992700729926,200.72992700729927,2583.795620437956
21.565962908000074,12.88,2.0072992700729926,218.97810218978103,2820.4379562043796
21.576043680999646,12.84,2.1897810218978107,218.97810218978103,2811.6788321167883
21.586123860999578,12.872,2.0072992700729926,218.97810218978103,2818.6861313868612
21.596204374998706,12.852,2.1897810218978107,218.97810218978103,2814.306569343066
21.606286980999357,12.88,2.1897810218978107,200.72992700729927,2585.401459854015
21.616363678998823,12.856,2.0072992700729926,218.97810218978103,2815.182481751825
21.626443896999263,12.88,2.0072992700729926,200.72992700729927,2585.401459854015
21.6365245399993,12.86,2.1897810218978107,218.97810218978103,2816.0583941605837
21.646617757000058,12.868,2.1897810218978107,200.72992700729927,2582.992700729927
21.65669406699999,12.86,2.1897810218978107,218.97810218978103,2816.0583941605837
21.666771950998736,12.868,2.0072992700729926,200.72992700729927,2582.992700729927
21.67684798299888,12.86,2.0072992700729926,200.72992700729927,2581.3868613138684
21.686925459000122,12.872,2.1897810218978107,218.97810218978103,2818.6861313868612
21.6970014540002,12.86,2.0072992700729926,200.72992700729927,2581.3868613138684
21.707079411999075,12.876,2.0072992700729926,200.72992700729927,2584.598540145985
21.717155462998562,12.856,2.0072992700729926,200.72992700729927,2580.5839416058393
21.727232827999615,12.868,2.1897810218978107,218.97810218978103,2817.8102189781025
21.737308526999186,12.864,2.0072992700729926,218.97810218978103,2816.9343065693433
21.747393354999076,12.868,2.0072992700729926,200.72992700729927,2582.992700729927
21.757474312998966,12.86,2.0072992700729926,218.97810218978103,2816.0583941605837
21.767552548999447,12.868,2.1897810218978107,200.72992700729927,2582.992700729927
21.77762958099993,12.852,2.0072992700729926,218.97810218978103,2814.306569343066
21.78771026100003,12.872,2.0072992700729926,218.97810218978103,2818.6861313868612
21.79779110799973,12.856,2.1897810218978107,218.97810218978103,2815.182481751825
21.807871084,12.88,2.0072992700729926,218.97810218978103,2820.4379562043796
21.817951449998873,12.852,2.1897810218978107,218.97810218978103,2814.306569343066
21.82802662999893,12.88,2.1897810218978107,218.97810218978103,2820.4379562043796
21.83810686600009,12.856,2.1897810218978107,200.72992700729927,2580.5839416058393
21.848196304999874,12.88,2.1897810218978107,200.72992700729927,2585.401459854015
21.858296910999343,12.86,2.0072992700729926,182.48175182481754,2346.7153284671535
21.868375664998894,12.868,2.0072992700729926,200.72992700729927,2582.992700729927
21.878454548999798,12.86,2.0072992700729926,218.97810218978103,2816.0583941605837
21.888531765998778,12.868,2.1897810218978107,218.97810218978103,2817.8102189781025
21.898609593999936,12.86,2.0072992700729926,218.97810218978103,2816.0583941605837
21.908686292999846,12.872,2.1897810218978107,200.72992700729927,2583.795620437956
21.918760546999692,12.856,2.0072992700729926,200.72992700729927,2580.5839416058393
21.928833320000194,12.876,2.1897810218978107,218.97810218978103,2819.5620437956204
21.938911018998624,12.86,2.0072992700729926,200.72992700729927,2581.3868613138684
21.949063549998755,12.884,2.0072992700729926,200.72992700729927,2586.204379562044
21.95914650799932,12.888,2.0072992700729926,200.72992700729927,2587.007299270073
21.969225372999063,12.896,2.0072992700729926,200.72992700729927,2588.6131386861316
21.97930286799965,12.872,2.0072992700729926,200.72992700729927,2583.795620437956
21.98938404799992,12.88,2.0072992700729926,182.48175182481754,2350.36496350365
21.999466764998942,12.876,2.0072992700729926,200.72992700729927,2584.598540145985
22.009546964000037,12.88,2.0072992700729926,200.72992700729927,2585.401459854015
22.019623680998848,12.876,2.0072992700729926,200.72992700729927,2584.598540145985
22.029704417000175,12.884,2.0072992700729926,200.72992700729927,2586.204379562044
22.039786411998648,12.876,2.0072992700729926,200.72992700729927,2584.598540145985
22.049927647000004,12.884,2.0072992700729926,200.72992700729927,2586.204379562044
22.060005900999386,12.88,2.0072992700729926,200.72992700729927,2585.401459854015
22.07008528499864,12.876,2.0072992700729926,200.72992700729927,2584.598540145985
22.080161464999037,12.864,2.0072992700729926,218.97810218978103,2816.9343065693433
22.090241107998736,12.84,2.1897810218978107,200.72992700729927,2577.3722627737225
22.10031704799985,12.864,2.0072992700729926,200.72992700729927,2582.189781021898
22.110396412999762,12.856,2.1897810218978107,200.72992700729927,2580.5839416058393
22.120472055999926,12.868,2.0072992700729926,200.72992700729927,2582.992700729927
22.13055012499899,12.864,2.0072992700729926,200.72992700729927,2582.189781021898
22.14062652800021,12.864,2.0072992700729926,218.97810218978103,2816.9343065693433
22.150703503999466,12.868,2.1897810218978107,218.97810218978103,2817.8102189781025
22.160784739999144,12.864,2.1897810218978107,218.97810218978103,2816.9343065693433
22.170865104999393,12.868,2.0072992700729926,218.97810218978103,2817.8102189781025
22.180944267000086,12.86,2.0072992700729926,200.72992700729927,2581.3868613138684
22.19102576200021,12.872,2.0072992700729926,200.72992700729927,2583.795620437956
22.201106385999083,12.864,2.0072992700729926,200.72992700729927,2582.189781021898
22.21118569600003,12.86,2.0072992700729926,218.97810218978103,2816.0583941605837
22.221266690999983,12.868,2.0072992700729926,200.72992700729927,2582.992700729927
22.231347778999407,12.86,2.0072992700729926,200.72992700729927,2581.3868613138684
22.241428088998873,12.864,2.1897810218978107,218.97810218978103,2816.9343065693433
22.25152039800014,12.864,2.0072992700729926,200.72992700729927,2582.189781021898
22.26160183799948,12.864,2.0072992700729926,218.97810218978103,2816.9343065693433
22.271682054999474,12.864,2.1897810218978107,200.72992700729927,2582.189781021898
22.281764160999955,12.86,2.0072992700729926,218.97810218978103,2816.0583941605837
22.29184506299862,12.892,2.0072992700729926,200.72992700729927,2587.810218978102
22.30192624299889,12.888,2.1897810218978107,200.72992700729927,2587.007299270073
22.31200660899958,12.884,2.0072992700729926,200.72992700729927,2586.204379562044
22.32208775199979,12.884,2.0072992700729926,200.72992700729927,2586.204379562044
22.332168857999932,12.872,2.0072992700729926,200.72992700729927,2583.795620437956
22.342251889998806,12.888,2.0072992700729926,200.72992700729927,2587.007299270073
22.352341902998887,12.872,2.0072992700729926,200.72992700729927,2583.795620437956
22.362420638999538,12.884,2.0072992700729926,200.72992700729927,2586.204379562044
22.372492151998813,12.88,2.0072992700729926,200.72992700729927,2585.401459854015
22.38257033299851,12.88,2.0072992700729926,200.72992700729927,2585.401459854015
22.39264654999897,12.88,2.0072992700729926,200.72992700729927,2585.401459854015
22.40272435999941,12.88,2.0072992700729926,200.72992700729927,2585.401459854015
22.412800595999215,12.868,2.0072992700729926,200.72992700729927,2582.992700729927
22.422878034998575,12.892,2.0072992700729926,200.72992700729927,2587.810218978102
22.432953862999057,12.868,2.1897810218978107,200.72992700729927,2582.992700729927
22.443031246999453,12.892,2.0072992700729926,200.72992700729927,2587.810218978102
22.453152185998988,12.868,2.0072992700729926,200.72992700729927,2582.992700729927
22.463231791998624,12.892,1.8248175182481754,200.72992700729927,2587.810218978102
22.473313268999846,12.868,2.0072992700729926,200.72992700729927,2582.992700729927
22.483394429998953,12.892,2.0072992700729926,200.72992700729927,2587.810218978102
22.493471350999243,12.864,2.0072992700729926,182.48175182481754,2347.445255474453
22.503552067999408,12.888,2.0072992700729926,200.72992700729927,2587.007299270073
22.513632471000165,12.872,2.0072992700729926,200.72992700729927,2583.795620437956
22.52371268800016,12.892,2.0072992700729926,182.48175182481754,2352.5547445255474
22.533793015998526,12.868,2.0072992700729926,200.72992700729927,2582.992700729927
22.543873566999537,12.896,2.0072992700729926,200.72992700729927,2588.6131386861316
22.553966561999914,12.86,2.0072992700729926,200.72992700729927,2581.3868613138684
22.56404353799917,12.896,2.0072992700729926,200.72992700729927,2588.6131386861316
22.574119551998592,12.868,2.0072992700729926,200.72992700729927,2582.992700729927
22.58419524999954,12.892,2.0072992700729926,200.72992700729927,2587.810218978102
22.59427446799964,12.872,2.0072992700729926,182.48175182481754,2348.9051094890515
22.60435090699866,12.888,2.0072992700729926,200.72992700729927,2587.007299270073
22.614428790999227,12.868,2.0072992700729926,200.72992700729927,2582.992700729927
22.624504767998587,12.892,2.1897810218978107,182.48175182481754,2352.5547445255474
22.634582187998603,12.868,2.0072992700729926,200.72992700729927,2582.992700729927
22.644658534998598,12.896,2.0072992700729926,200.72992700729927,2588.6131386861316
22.654778788999465,12.868,2.0072992700729926,200.72992700729927,2582.992700729927
22.664860135999334,12.896,2.0072992700729926,200.72992700729927,2588.6131386861316
22.674941260000196,12.864,2.0072992700729926,200.72992700729927,2582.189781021898
22.68502162599907,12.896,2.0072992700729926,200.72992700729927,2588.6131386861316
22.695101657998748,12.86,2.0072992700729926,200.72992700729927,2581.3868613138684
22.705182263998722,12.896,2.0072992700729926,200.72992700729927,2588.6131386861316
22.71526240699859,12.868,2.1897810218978107,200.72992700729927,2582.992700729927
22.725343234998945,12.86,2.1897810218978107,200.72992700729927,2581.3868613138684
22.73542384099892,12.844,2.1897810218978107,200.72992700729927,2578.1751824817516
22.74550420599917,12.876,2.0072992700729926,200.72992700729927,2584.598540145985
22.755593941999905,12.852,2.1897810218978107,200.72992700729927,2579.78102189781
22.76567058499859,12.884,2.1897810218978107,200.72992700729927,2586.204379562044
22.77574672799892,12.848,2.1897810218978107,218.97810218978103,2813.4306569343066
22.785821964000206,12.88,2.1897810218978107,218.97810218978103,2820.4379562043796
22.79589910699906,12.852,2.0072992700729926,200.72992700729927,2579.78102189781
22.80597532399952,12.876,2.1897810218978107,200.72992700729927,2584.598540145985
22.8160480789993,12.856,2.0072992700729926,200.72992700729927,2580.5839416058393
22.826123888999064,12.872,2.0072992700729926,200.72992700729927,2583.795620437956
22.8361998649998,12.852,2.1897810218978107,200.72992700729927,2579.78102189781
22.846277933998863,12.876,2.1897810218978107,218.97810218978103,2819.5620437956204
22.856362151000212,12.852,2.1897810218978107,200.72992700729927,2579.78102189781
22.86643871999877,12.88,2.1897810218978107,218.97810218978103,2820.4379562043796
22.87651971499872,12.852,2.0072992700729926,218.97810218978103,2814.306569343066
22.886599765999563,12.884,2.1897810218978107,200.72992700729927,2586.204379562044
22.89668029799941,12.844,2.0072992700729926,200.72992700729927,2578.1751824817516
22.906762755999807,12.884,2.1897810218978107,200.72992700729927,2586.204379562044
22.916839842999252,12.844,2.1897810218978107,218.97810218978103,2812.5547445255474
22.926917171998866,12.884,2.1897810218978107,200.72992700729927,2586.204379562044
22.936993666999115,12.852,2.1897810218978107,200.72992700729927,2579.78102189781
22.94707582799856,12.876,2.1897810218978107,200.72992700729927,2584.598540145985
22.957238599999982,12.852,2.0072992700729926,218.97810218978103,2814.306569343066
22.967312927999956,12.88,2.0072992700729926,218.97810218978103,2820.4379562043796
22.97738586699961,12.852,2.1897810218978107,218.97810218978103,2814.306569343066
22.987465917998634,12.88,2.1897810218978107,218.97810218978103,2820.4379562043796
22.99754231999941,12.852,2.1897810218978107,200.72992700729927,2579.78102189781
23.00761809299911,12.88,2.1897810218978107,218.97810218978103,2820.4379562043796
23.017691680999633,12.848,2.1897810218978107,218.97810218978103,2813.4306569343066
23.027769045998866,12.88,2.1897810218978107,200.72992700729927,2585.401459854015
23.03784567099865,12.848,2.0072992700729926,200.72992700729927,2578.978102189781
23.047922776999258,12.876,2.0072992700729926,200.72992700729927,2584.598540145985
23.058073049000086,12.852,2.0072992700729926,200.72992700729927,2579.78102189781
23.068156061999616,12.876,2.0072992700729926,200.72992700729927,2584.598540145985
23.078215280000222,12.852,2.0072992700729926,200.72992700729927,2579.78102189781
23.088292755999646,12.88,2.0072992700729926,200.72992700729927,2585.401459854015
23.098376324998753,12.844,2.1897810218978107,200.72992700729927,2578.1751824817516
23.108452263999425,12.884,2.0072992700729926,200.72992700729927,2586.204379562044
23.118533314998785,12.84,2.1897810218978107,218.97810218978103,2811.6788321167883
23.128615272999014,12.884,2.1897810218978107,200.72992700729927,2586.204379562044
23.13869823099958,12.844,2.1897810218978107,200.72992700729927,2578.1751824817516
23.148779133000062,12.884,2.0072992700729926,218.97810218978103,2821.3138686131388
23.158875330998853,12.852,2.0072992700729926,200.72992700729927,2579.78102189781
23.168951825999102,12.876,2.0072992700729926,200.72992700729927,2584.598540145985
23.17902969199895,12.852,2.0072992700729926,200.72992700729927,2579.78102189781
23.189105982999536,12.876,2.1897810218978107,200.72992700729927,2584.598540145985
23.19918342299934,12.852,2.1897810218978107,200.72992700729927,2579.78102189781
23.209256583999377,12.876,2.1897810218978107,200.72992700729927,2584.598540145985
23.219333134999033,12.848,2.1897810218978107,200.72992700729927,2578.978102189781
23.22940546300015,12.88,2.0072992700729926,200.72992700729927,2585.401459854015
23.239483809999,12.848,2.1897810218978107,200.72992700729927,2578.978102189781
23.249559656998827,12.884,2.0072992700729926,218.97810218978103,2821.3138686131388
23.25964570799988,12.852,2.0072992700729926,218.97810218978103,2814.306569343066
23.269724313999177,12.884,2.1897810218978107,218.97810218978103,2821.3138686131388
23.27980199400008,12.852,2.0072992700729926,218.97810218978103,2814.306569343066
23.289878043999124,12.876,2.1897810218978107,200.72992700729927,2584.598540145985
23.299958169000092,12.848,2.0072992700729926,200.72992700729927,2578.978102189781
23.31003903399869,12.88,2.0072992700729926,200.72992700729927,2585.401459854015
23.320119954998518,12.848,2.0072992700729926,218.97810218978103,2813.4306569343066
23.33020256099917,12.88,2.1897810218978107,200.72992700729927,2585.401459854015
23.340282963999925,12.844,2.0072992700729926,200.72992700729927,2578.1751824817516
23.350365383999815,12.884,2.0072992700729926,200.72992700729927,2586.204379562044
23.360455563999494,12.844,2.1897810218978107,218.97810218978103,2812.5547445255474
23.370533595998495,12.88,2.0072992700729926,200.72992700729927,2585.401459854015
23.380609665999145,12.852,2.1897810218978107,218.97810218978103,2814.306569343066
23.39068723499986,12.88,2.1897810218978107,200.72992700729927,2585.401459854015
23.400763804000235,12.852,2.0072992700729926,218.97810218978103,2814.306569343066
23.410837372999595,12.872,2.1897810218978107,200.72992700729927,2583.795620437956
23.420911700999568,12.852,2.1897810218978107,218.97810218978103,2814.306569343066
23.430988399999478,12.876,2.1897810218978107,200.72992700729927,2584.598540145985
23.441064987999198,12.848,2.0072992700729926,200.72992700729927,2578.978102189781
23.451143131000208,12.88,2.0072992700729926,200.72992700729927,2585.401459854015
23.46122801399906,12.848,2.1897810218978107,200.72992700729927,2578.978102189781
23.471308397998655,12.884,2.0072992700729926,218.97810218978103,2821.3138686131388
23.48138909699992,12.848,2.1897810218978107,218.97810218978103,2813.4306569343066
23.49146711100002,12.884,2.1897810218978107,200.72992700729927,2586.204379562044
23.501543401998788,12.848,2.1897810218978107,218.97810218978103,2813.4306569343066
23.511623766999037,12.876,2.1897810218978107,200.72992700729927,2584.598540145985
23.521705817998736,12.844,2.0072992700729926,218.97810218978103,2812.5547445255474
23.53178251600002,12.88,2.1897810218978107,200.72992700729927,2585.401459854015
23.541858974000206,12.852,2.0072992700729926,200.72992700729927,2579.78102189781
23.551939932000096,12.884,2.0072992700729926,218.97810218978103,2821.3138686131388
23.56203094599914,12.844,2.0072992700729926,218.97810218978103,2812.5547445255474
23.57210694099922,12.884,2.1897810218978107,218.97810218978103,2821.3138686131388
23.582204805999936,12.848,2.1897810218978107,218.97810218978103,2813.4306569343066
23.59228055999847,12.88,2.0072992700729926,218.97810218978103,2820.4379562043796
23.60235777699927,12.848,2.1897810218978107,218.97810218978103,2813.4306569343066
23.612433567999688,12.872,2.0072992700729926,218.97810218978103,2818.6861313868612
23.622511452000253,12.852,2.1897810218978107,200.72992700729927,2579.78102189781
23.632587224999952,12.872,2.1897810218978107,218.97810218978103,2818.6861313868612
23.642666386998826,12.852,2.1897810218978107,218.97810218978103,2814.306569343066
23.652739436998672,12.884,2.0072992700729926,218.97810218978103,2821.3138686131388
23.662815988000148,12.848,2.0072992700729926,200.72992700729927,2578.978102189781
23.672896575999403,12.884,2.0072992700729926,200.72992700729927,2586.204379562044
23.682977366999694,12.844,2.1897810218978107,218.97810218978103,2812.5547445255474
23.69305780600007,12.884,2.0072992700729926,218.97810218978103,2821.3138686131388
23.70313835699926,12.848,2.0072992700729926,200.72992700729927,2578.978102189781
23.7132189999993,12.888,2.0072992700729926,218.97810218978103,2822.189781021898
23.72329969800012,12.844,2.1897810218978107,200.72992700729927,2578.1751824817516
23.73338047099969,12.876,2.1897810218978107,200.72992700729927,2584.598540145985
23.743460798999877,12.852,2.0072992700729926,218.97810218978103,2814.306569343066
23.753541034999216,12.876,2.1897810218978107,218.97810218978103,2819.5620437956204
23.763617974000226,12.852,2.1897810218978107,200.72992700729927,2579.78102189781
23.77369554299912,12.888,2.0072992700729926,218.97810218978103,2822.189781021898
23.783769556999687,12.848,2.0072992700729926,218.97810218978103,2813.4306569343066
23.79384620000019,12.888,2.1897810218978107,200.72992700729927,2587.007299270073
23.80392278799991,12.848,2.1897810218978107,218.97810218978103,2813.4306569343066
23.813998985999206,12.876,2.0072992700729926,218.97810218978103,2819.5620437956204
23.82407509299992,12.852,2.1897810218978107,218.97810218978103,2814.306569343066
23.834151162000126,12.872,2.1897810218978107,200.72992700729927,2583.795620437956
23.844222472000183,12.852,2.1897810218978107,218.97810218978103,2814.306569343066
23.854294244998528,12.876,2.1897810218978107,218.97810218978103,2819.5620437956204
23.864367721000235,12.852,2.0072992700729926,200.72992700729927,2579.78102189781
23.874451030998898,12.88,2.0072992700729926,200.72992700729927,2585.401459854015
23.884531302999676,12.848,2.0072992700729926,200.72992700729927,2578.978102189781
23.894613686999946,12.884,2.0072992700729926,200.72992700729927,2586.204379562044
23.904690441999264,12.848,2.0072992700729926,218.97810218978103,2813.4306569343066
23.914765880999767,12.884,2.1897810218978107,200.72992700729927,2586.204379562044
23.9248472649997,12.844,2.0072992700729926,218.97810218978103,2812.5547445255474
23.934927518999757,12.884,2.1897810218978107,200.72992700729927,2586.204379562044
23.945015254999817,12.848,2.0072992700729926,218.97810218978103,2813.4306569343066
23.955099378999876,12.876,2.0072992700729926,200.72992700729927,2584.598540145985
23.96518231799928,12.852,2.0072992700729926,218.97810218978103,2814.306569343066
23.97525427599976,12.884,2.0072992700729926,218.97810218978103,2821.3138686131388
23.98533097499967,12.848,2.0072992700729926,218.97810218978103,2813.4306569343066
23.995409563000067,12.888,2.1897810218978107,218.97810218978103,2822.189781021898
24.005482483999003,12.844,2.0072992700729926,200.72992700729927,2578.1751824817516
24.015559034000034,12.88,2.0072992700729926,200.72992700729927,2585.401459854015
24.025635343999966,12.852,2.1897810218978107,200.72992700729927,2579.78102189781
24.035711523998543,12.872,2.1897810218978107,200.72992700729927,2583.795620437956
24.045787666998876,12.856,2.0072992700729926,200.72992700729927,2580.5839416058393
24.055864050998935,12.876,2.0072992700729926,200.72992700729927,2584.598540145985
24.065986267998596,12.856,2.0072992700729926,218.97810218978103,2815.182481751825
24.076122890999613,12.876,2.0072992700729926,218.97810218978103,2819.5620437956204
24.08622114499849,12.852,2.0072992700729926,218.97810218978103,2814.306569343066
24.09630221399857,12.88,2.1897810218978107,218.97810218978103,2820.4379562043796
24.106385263999982,12.852,2.0072992700729926,218.97810218978103,2814.306569343066
24.11646537100023,12.884,2.0072992700729926,218.97810218978103,2821.3138686131388
24.126547198999106,12.84,2.1897810218978107,218.97810218978103,2811.6788321167883
24.13662769399889,12.884,2.0072992700729926,200.72992700729927,2586.204379562044
24.14670887399916,12.844,2.1897810218978107,200.72992700729927,2578.1751824817516
24.156788997999683,12.884,2.0072992700729926,200.72992700729927,2586.204379562044
24.16688432599949,12.848,2.0072992700729926,200.72992700729927,2578.978102189781
24.17696135799997,12.88,2.0072992700729926,218.97810218978103,2820.4379562043796
24.187038871999903,12.852,2.1897810218978107,218.97810218978103,2814.306569343066
24.19711482999992,12.88,2.0072992700729926,218.97810218978103,2820.4379562043796
24.20718873199985,12.848,2.1897810218978107,200.72992700729927,2578.978102189781
24.217262152998956,12.88,2.0072992700729926,218.97810218978103,2820.4379562043796
24.227340555999035,12.848,2.0072992700729926,218.97810218978103,2813.4306569343066
24.237416235999262,12.876,2.1897810218978107,200.72992700729927,2584.598540145985
24.24749295299989,12.848,2.0072992700729926,200.72992700729927,2578.978102189781
24.257568873999844,12.876,2.1897810218978107,200.72992700729927,2584.598540145985
24.26765149899984,12.852,2.1897810218978107,200.72992700729927,2579.78102189781
24.27772823399937,12.884,2.1897810218978107,200.72992700729927,2586.204379562044
24.287805803000083,12.852,2.0072992700729926,218.97810218978103,2814.306569343066
24.297881872998914,12.876,2.0072992700729926,200.72992700729927,2584.598540145985
24.307962959999713,12.852,2.0072992700729926,218.97810218978103,2814.306569343066
24.31804338099937,12.88,2.0072992700729926,218.97810218978103,2820.4379562043796
24.328123597999365,12.848,2.1897810218978107,218.97810218978103,2813.4306569343066
24.33820579699932,12.884,2.1897810218978107,200.72992700729927,2586.204379562044
24.348286439999356,12.836,2.1897810218978107,218.97810218978103,2810.802919708029
24.358368952998717,12.888,2.1897810218978107,218.97810218978103,2822.189781021898
24.368458928998734,12.844,2.0072992700729926,200.72992700729927,2578.1751824817516
24.378536831998645,12.88,2.0072992700729926,200.72992700729927,2585.401459854015
24.38861269699919,12.852,2.0072992700729926,200.72992700729927,2579.78102189781
24.398688876999586,12.876,2.1897810218978107,218.97810218978103,2819.5620437956204
24.408764705998692,12.852,2.0072992700729926,200.72992700729927,2579.78102189781
24.418840737998835,12.88,2.1897810218978107,200.72992700729927,2585.401459854015
24.42891912199957,12.848,2.1897810218978107,200.72992700729927,2578.978102189781
24.43899715399857,12.876,2.1897810218978107,200.72992700729927,2584.598540145985
24.44907275999867,12.848,2.0072992700729926,218.97810218978103,2813.4306569343066
24.459149235999575,12.88,2.1897810218978107,200.72992700729927,2585.401459854015
24.469277248999788,12.844,2.0072992700729926,200.72992700729927,2578.1751824817516
24.479358503000185,12.884,2.1897810218978107,218.97810218978103,2821.3138686131388
24.489436017000116,12.848,2.0072992700729926,218.97810218978103,2813.4306569343066
24.499512196998694,12.88,2.0072992700729926,200.72992700729927,2585.401459854015
24.50959274699926,12.852,2.1897810218978107,218.97810218978103,2814.306569343066
24.519672835000165,12.876,1.8248175182481754,200.72992700729927,2584.598540145985
24.52975273699849,12.848,2.1897810218978107,218.97810218978103,2813.4306569343066
24.539832657999796,12.88,2.0072992700729926,218.97810218978103,2820.4379562043796
24.549912967999262,12.852,2.1897810218978107,200.72992700729927,2579.78102189781
24.559992536998834,12.88,2.0072992700729926,200.72992700729927,2585.401459854015
24.570083049999084,12.84,2.0072992700729926,200.72992700729927,2577.3722627737225
24.580159359999016,12.884,2.0072992700729926,218.97810218978103,2821.3138686131388
24.590236613999878,12.844,2.1897810218978107,200.72992700729927,2578.1751824817516
24.600312720000147,12.88,2.0072992700729926,200.72992700729927,2585.401459854015
24.61038997399919,12.852,2.0072992700729926,200.72992700729927,2579.78102189781
24.620465820999016,12.876,2.0072992700729926,218.97810218978103,2819.5620437956204
24.630543019999095,12.852,2.0072992700729926,218.97810218978103,2814.306569343066
24.640618718998667,12.876,2.0072992700729926,200.72992700729927,2584.598540145985
24.650696009999592,12.848,2.0072992700729926,218.97810218978103,2813.4306569343066
24.66077189399948,12.88,2.1897810218978107,218.97810218978103,2820.4379562043796
24.670857758999773,12.844,2.1897810218978107,200.72992700729927,2578.1751824817516
24.6809386979985,12.884,2.0072992700729926,218.97810218978103,2821.3138686131388
24.691019378999044,12.844,2.0072992700729926,218.97810218978103,2812.5547445255474
24.70109970699923,12.884,2.0072992700729926,218.97810218978103,2821.3138686131388
24.71118029399986,12.848,2.0072992700729926,218.97810218978103,2813.4306569343066
24.721260881999115,12.884,2.0072992700729926,200.72992700729927,2586.204379562044
24.731341246999364,12.848,2.0072992700729926,218.97810218978103,2813.4306569343066
24.74142216799919,12.88,2.1897810218978107,218.97810218978103,2820.4379562043796
24.751503755000158,12.848,2.1897810218978107,200.72992700729927,2578.978102189781
24.76158408399897,12.88,2.1897810218978107,200.72992700729927,2585.401459854015
24.77167328199903,12.852,2.1897810218978107,200.72992700729927,2579.78102189781
24.781749406998642,12.884,2.0072992700729926,200.72992700729927,2586.204379562044
24.791824123998595,12.844,2.0072992700729926,200.72992700729927,2578.1751824817516
24.801897489000112,12.884,2.1897810218978107,200.72992700729927,2586.204379562044
24.811973836000107,12.848,2.0072992700729926,200.72992700729927,2578.978102189781
24.82205008999881,12.88,2.0072992700729926,200.72992700729927,2585.401459854015
24.832127030000265,12.852,2.1897810218978107,218.97810218978103,2814.306569343066
24.84220530299899,12.872,2.0072992700729926,200.72992700729927,2583.795620437956
24.852281593999578,12.856,2.0072992700729926,200.72992700729927,2580.5839416058393
24.862359180999192,12.88,2.0072992700729926,218.97810218978103,2820.4379562043796
24.87244323199957,12.848,2.0072992700729926,200.72992700729927,2578.978102189781
24.882525670998803,12.88,2.0072992700729926,200.72992700729927,2585.401459854015
24.892606333000003,12.848,2.1897810218978107,200.72992700729927,2578.978102189781
24.902688753998518,12.884,2.0072992700729926,218.97810218978103,2821.3138686131388
24.912770340999487,12.844,2.0072992700729926,218.97810218978103,2812.5547445255474
24.92284741000003,12.884,2.1897810218978107,200.72992700729927,2586.204379562044
24.932923719999962,12.848,2.0072992700729926,200.72992700729927,2578.978102189781
24.94301489999998,12.884,2.0072992700729926,218.97810218978103,2821.3138686131388
24.953094505999616,12.848,2.1897810218978107,200.72992700729927,2578.978102189781
24.963175371000034,12.88,2.0072992700729926,218.97810218978103,2820.4379562043796
24.973339475998728,12.852,2.1897810218978107,200.72992700729927,2579.78102189781
24.98341706300016,12.88,2.0072992700729926,218.97810218978103,2820.4379562043796
24.993493613999817,12.848,2.0072992700729926,200.72992700729927,2578.978102189781
25.00357157199869,12.884,2.0072992700729926,200.72992700729927,2586.204379562044
25.013649677999638,12.848,2.0072992700729926,200.72992700729927,2578.978102189781
25.023723264999717,12.884,2.1897810218978107,200.72992700729927,2586.204379562044
25.0337998899995,12.848,2.1897810218978107,218.97810218978103,2813.4306569343066
25.043876255000214,12.88,2.0072992700729926,218.97810218978103,2820.4379562043796
25.053952768999807,12.852,2.0072992700729926,218.97810218978103,2814.306569343066
25.06402891200014,12.872,2.0072992700729926,218.97810218978103,2818.6861313868612
25.0741525909998,12.856,2.0072992700729926,200.72992700729927,2580.5839416058393
25.084235196998634,12.876,2.0072992700729926,200.72992700729927,2584.598540145985
25.094313006999073,12.856,2.0072992700729926,200.72992700729927,2580.5839416058393
25.10439446499913,12.876,2.0072992700729926,200.72992700729927,2584.598540145985
25.114477903998704,12.856,2.0072992700729926,218.97810218978103,2815.182481751825
25.124553417999778,12.884,2.0072992700729926,200.72992700729927,2586.204379562044
25.134636226999646,12.848,2.1897810218978107,218.97810218978103,2813.4306569343066
25.14471694399981,12.884,2.1897810218978107,200.72992700729927,2586.204379562044
25.15479882799991,12.84,2.0072992700729926,218.97810218978103,2811.6788321167883
25.164878878998934,12.884,2.0072992700729926,200.72992700729927,2586.204379562044
25.17495576299916,12.848,2.1897810218978107,218.97810218978103,2813.4306569343066
25.185032423998564,12.88,2.1897810218978107,200.72992700729927,2585.401459854015
25.19510990100025,12.852,2.0072992700729926,218.97810218978103,2814.306569343066
25.205183932999716,12.88,2.0072992700729926,218.97810218978103,2820.4379562043796
25.215257705998738,12.848,2.0072992700729926,200.72992700729927,2578.978102189781
25.22533008999926,12.884,2.0072992700729926,218.97810218978103,2821.3138686131388
25.23540256599881,12.844,2.1897810218978107,200.72992700729927,2578.1751824817516
25.24547480199908,12.88,2.1897810218978107,218.97810218978103,2820.4379562043796
25.255548314999032,12.844,2.1897810218978107,200.72992700729927,2578.1751824817516
25.265622236000127,12.88,2.0072992700729926,200.72992700729927,2585.401459854015
25.275703249999424,12.852,2.1897810218978107,200.72992700729927,2579.78102189781
25.285778448998826,12.88,2.1897810218978107,200.72992700729927,2585.401459854015
25.295854739999413,12.852,2.0072992700729926,218.97810218978103,2814.306569343066
25.305931179000254,12.876,2.1897810218978107,200.72992700729927,2584.598540145985
25.316007804000037,12.856,2.0072992700729926,218.97810218978103,2815.182481751825
25.326088853998954,12.88,2.0072992700729926,218.97810218978103,2820.4379562043796
25.33616964599969,12.852,2.0072992700729926,218.97810218978103,2814.306569343066
25.34625206599958,12.884,2.0072992700729926,218.97810218978103,2821.3138686131388
25.35633300599875,12.84,2.0072992700729926,200.72992700729927,2577.3722627737225
25.366416871000183,12.884,2.1897810218978107,200.72992700729927,2586.204379562044
25.37650653199853,12.844,2.0072992700729926,218.97810218978103,2812.5547445255474
25.38658493499861,12.88,2.0072992700729926,218.97810218978103,2820.4379562043796
25.39666104099888,12.852,2.0072992700729926,218.97810218978103,2814.306569343066
25.406740646998514,12.876,2.1897810218978107,200.72992700729927,2584.598540145985
25.416816585999186,12.856,2.1897810218978107,218.97810218978103,2815.182481751825
25.42689452599916,12.88,2.1897810218978107,218.97810218978103,2820.4379562043796
25.436970427999768,12.848,2.1897810218978107,218.97810218978103,2813.4306569343066
25.447045941999022,12.88,2.1897810218978107,200.72992700729927,2585.401459854015
25.457121788000222,12.848,2.1897810218978107,218.97810218978103,2813.4306569343066
25.46719965400007,12.88,2.1897810218978107,218.97810218978103,2820.4379562043796
25.47732481499952,12.848,2.1897810218978107,200.72992700729927,2578.978102189781
25.487403160999747,12.88,2.0072992700729926,200.72992700729927,2585.401459854015
25.497480526999425,12.848,2.1897810218978107,200.72992700729927,2578.978102189781
25.507560576999822,12.88,2.0072992700729926,218.97810218978103,2820.4379562043796
25.517639534999034,12.856,2.0072992700729926,200.72992700729927,2580.5839416058393
25.527716344999135,12.876,2.1897810218978107,200.72992700729927,2584.598540145985
25.537792858000103,12.856,2.1897810218978107,218.97810218978103,2815.182481751825
25.547873408999294,12.876,2.0072992700729926,200.72992700729927,2584.598540145985
25.55795405199933,12.848,2.1897810218978107,200.72992700729927,2578.978102189781
25.568034361998798,12.88,2.0072992700729926,218.97810218978103,2820.4379562043796
25.57812426399869,12.844,2.1897810218978107,200.72992700729927,2578.1751824817516
25.588205961999847,12.884,2.0072992700729926,218.97810218978103,2821.3138686131388
25.598278550000032,12.848,2.1897810218978107,200.72992700729927,2578.978102189781
25.60835454500011,12.88,2.1897810218978107,218.97810218978103,2820.4379562043796
25.6184328549989,12.852,2.0072992700729926,218.97810218978103,2814.306569343066
25.628508812998916,12.876,2.1897810218978107,218.97810218978103,2819.5620437956204
25.638586455999757,12.856,2.1897810218978107,218.97810218978103,2815.182481751825
25.64866309900026,12.876,2.0072992700729926,218.97810218978103,2819.5620437956204
25.658735741999408,12.848,2.1897810218978107,218.97810218978103,2813.4306569343066
25.668812329999128,12.876,2.1897810218978107,218.97810218978103,2819.5620437956204
25.67889780599944,12.848,2.1897810218978107,200.72992700729927,2578.978102189781
25.68897837499935,12.88,2.1897810218978107,218.97810218978103,2820.4379562043796
25.699058924999918,12.848,2.1897810218978107,200.72992700729927,2578.978102189781
25.709139438999046,12.88,2.0072992700729926,200.72992700729927,2585.401459854015
25.71921993399883,12.848,2.0072992700729926,200.72992700729927,2578.978102189781
25.72930039199855,12.88,2.0072992700729926,218.97810218978103,2820.4379562043796
25.739382701000068,12.856,2.0072992700729926,218.97810218978103,2815.182481751825
25.74945993700021,12.876,2.0072992700729926,200.72992700729927,2584.598540145985
25.759536690999084,12.852,2.0072992700729926,218.97810218978103,2814.306569343066
25.769613685999502,12.876,2.0072992700729926,200.72992700729927,2584.598540145985
25.77970316199935,12.852,2.1897810218978107,200.72992700729927,2579.78102189781
25.78977913899871,12.884,2.1897810218978107,200.72992700729927,2586.204379562044
25.799852651998663,12.844,2.0072992700729926,218.97810218978103,2812.5547445255474
25.809925646999545,12.884,2.0072992700729926,218.97810218978103,2821.3138686131388
25.820001456999307,12.848,2.0072992700729926,218.97810218978103,2813.4306569343066
25.83007495199854,12.88,2.1897810218978107,200.72992700729927,2585.401459854015
25.840148687999317,12.856,2.0072992700729926,200.72992700729927,2580.5839416058393
25.8502281459987,12.876,2.0072992700729926,218.97810218978103,2819.5620437956204
25.8603025479988,12.856,2.1897810218978107,200.72992700729927,2580.5839416058393
25.87037489499926,12.872,2.1897810218978107,200.72992700729927,2583.795620437956
25.880458963998535,12.848,2.1897810218978107,200.72992700729927,2578.978102189781
25.89053647699984,12.88,2.0072992700729926,200.72992700729927,2585.401459854015
25.90061317599975,12.848,2.0072992700729926,218.97810218978103,2813.4306569343066
25.91069463399981,12.88,2.1897810218978107,200.72992700729927,2585.401459854015
25.92077114699896,12.848,2.0072992700729926,200.72992700729927,2578.978102189781
25.93085401299868,12.88,2.0072992700729926,200.72992700729927,2585.401459854015
25.940959802999714,12.852,2.0072992700729926,218.97810218978103,2814.306569343066
25.951040538999223,12.884,2.0072992700729926,218.97810218978103,2821.3138686131388
25.961118274999535,12.852,2.0072992700729926,200.72992700729927,2579.78102189781
25.971196233000228,12.876,2.0072992700729926,218.97810218978103,2819.5620437956204
25.981349244999365,12.852,2.1897810218978107,200.72992700729927,2579.78102189781
25.99142809099976,12.88,2.0072992700729926,218.97810218978103,2820.4379562043796
26.001506104999862,12.848,2.0072992700729926,218.97810218978103,2813.4306569343066
26.01158309999846,12.884,2.1897810218978107,218.97810218978103,2821.3138686131388
26.02165992799928,12.848,2.1897810218978107,200.72992700729927,2578.978102189781
26.031736830998852,12.884,2.0072992700729926,200.72992700729927,2586.204379562044
26.041813287998593,12.852,2.0072992700729926,200.72992700729927,2579.78102189781
26.05189006099863,12.912,2.0072992700729926,200.72992700729927,2591.8248175182484
26.06196642699979,12.876,2.0072992700729926,200.72992700729927,2584.598540145985
26.0720433839997,12.888,2.0072992700729926,200.72992700729927,2587.007299270073
26.082127120000223,12.872,2.0072992700729926,200.72992700729927,2583.795620437956
26.092211355999098,12.888,2.0072992700729926,200.72992700729927,2587.007299270073
26.10229449899998,12.872,2.0072992700729926,200.72992700729927,2583.795620437956
26.112371474999236,12.892,2.0072992700729926,200.72992700729927,2587.810218978102
26.122454747999655,12.868,2.0072992700729926,200.72992700729927,2582.992700729927
26.13253507599984,12.9,2.0072992700729926,200.72992700729927,2589.4160583941607
26.142616682000153,12.864,2.0072992700729926,200.72992700729927,2582.189781021898
26.152696379998815,12.9,2.0072992700729926,200.72992700729927,2589.4160583941607
26.162777968000228,12.86,2.0072992700729926,200.72992700729927,2581.3868613138684
26.17285825899853,12.876,2.1897810218978107,200.72992700729927,2584.598540145985
26.182935273000112,12.832,2.1897810218978107,218.97810218978103,2809.9270072992704
26.193011378998563,12.876,2.0072992700729926,218.97810218978103,2819.5620437956204
26.20308761399974,12.848,2.1897810218978107,218.97810218978103,2813.4306569343066
26.213162849999208,12.88,2.1897810218978107,218.97810218978103,2820.4379562043796
26.22323999299988,12.852,2.1897810218978107,218.97810218978103,2814.306569343066
26.233315784998922,12.884,2.1897810218978107,200.72992700729927,2586.204379562044
26.243392723999932,12.844,2.0072992700729926,218.97810218978103,2812.5547445255474
26.25346838599944,12.884,2.0072992700729926,200.72992700729927,2586.204379562044
26.263543973000196,12.848,2.0072992700729926,200.72992700729927,2578.978102189781
26.27361959799964,12.876,2.0072992700729926,218.97810218978103,2819.5620437956204
26.28369509299955,12.852,2.0072992700729926,200.72992700729927,2579.78102189781
26.29377636499885,12.876,2.1897810218978107,218.97810218978103,2819.5620437956204
26.303856507998717,12.856,2.0072992700729926,200.72992700729927,2580.5839416058393
26.313936206999642,12.876,2.0072992700729926,200.72992700729927,2584.598540145985
26.324016775999553,12.856,2.1897810218978107,218.97810218978103,2815.182481751825
26.334097066999675,12.88,2.0072992700729926,200.72992700729927,2585.401459854015
26.34417778399984,12.852,2.0072992700729926,200.72992700729927,2579.78102189781
26.35426055700009,12.884,2.1897810218978107,218.97810218978103,2821.3138686131388
26.364340699999957,12.844,2.0072992700729926,218.97810218978103,2812.5547445255474
26.374420824999106,12.888,2.0072992700729926,218.97810218978103,2822.189781021898
26.384500652999122,12.84,2.1897810218978107,200.72992700729927,2577.3722627737225
26.394582776998504,12.884,2.0072992700729926,218.97810218978103,2821.3138686131388
26.404662290999113,12.852,2.1897810218978107,200.72992700729927,2579.78102189781
26.41474406299858,12.876,2.1897810218978107,218.97810218978103,2819.5620437956204
26.424824261999674,12.852,2.0072992700729926,200.72992700729927,2579.78102189781
26.434904219999225,12.876,2.0072992700729926,218.97810218978103,2819.5620437956204
26.444984399999157,12.852,2.0072992700729926,200.72992700729927,2579.78102189781
26.455064560999745,12.884,2.0072992700729926,200.72992700729927,2586.204379562044
26.465141926999422,12.848,2.1897810218978107,218.97810218978103,2813.4306569343066
26.47522301400022,12.88,2.1897810218978107,200.72992700729927,2585.401459854015
26.485303397999814,12.844,2.1897810218978107,200.72992700729927,2578.1751824817516
26.495383040999513,12.88,2.1897810218978107,200.72992700729927,2585.401459854015
26.50546357299936,12.848,2.0072992700729926,218.97810218978103,2813.4306569343066
26.515544178999335,12.88,2.0072992700729926,200.72992700729927,2585.401459854015
26.525625043999753,12.852,2.0072992700729926,218.97810218978103,2814.306569343066
26.53570566899907,12.876,2.0072992700729926,218.97810218978103,2819.5620437956204
26.545785681999405,12.852,2.1897810218978107,200.72992700729927,2579.78102189781
26.555866843998956,12.876,2.1897810218978107,200.72992700729927,2584.598540145985
26.56594735699946,12.848,2.0072992700729926,218.97810218978103,2813.4306569343066
26.576028110999687,12.884,2.0072992700729926,200.72992700729927,2586.204379562044
26.586119661998964,12.84,2.0072992700729926,200.72992700729927,2577.3722627737225
26.596200692998536,12.884,2.0072992700729926,218.97810218978103,2821.3138686131388
26.60628281800018,12.844,2.1897810218978107,218.97810218978103,2812.5547445255474
26.616362479999225,12.884,2.1897810218978107,200.72992700729927,2586.204379562044
26.626445881998734,12.848,2.1897810218978107,200.72992700729927,2578.978102189781
26.63652641399858,12.876,2.1897810218978107,200.72992700729927,2584.598540145985
26.6466099270001,12.852,2.0072992700729926,218.97810218978103,2814.306569343066
26.65669016299944,12.876,2.0072992700729926,218.97810218978103,2819.5620437956204
26.66677228699882,12.852,2.1897810218978107,200.72992700729927,2579.78102189781
26.676852355998562,12.876,2.0072992700729926,218.97810218978103,2819.5620437956204
26.686927591999847,12.848,2.1897810218978107,218.97810218978103,2813.4306569343066
26.697008641998764,12.88,2.1897810218978107,200.72992700729927,2585.401459854015
26.707089247998738,12.844,2.0072992700729926,200.72992700729927,2578.1751824817516
26.717169575998923,12.884,2.1897810218978107,200.72992700729927,2586.204379562044
26.727244978999806,12.848,2.0072992700729926,200.72992700729927,2578.978102189781
26.737325418000182,12.884,2.0072992700729926,200.72992700729927,2586.204379562044
26.7474064500002,12.852,2.1897810218978107,218.97810218978103,2814.306569343066
26.757487574999686,12.876,2.1897810218978107,218.97810218978103,2819.5620437956204
26.767564735999258,12.848,2.0072992700729926,218.97810218978103,2813.4306569343066
26.777645471998767,12.88,2.0072992700729926,200.72992700729927,2585.401459854015
26.78773735499999,12.844,2.1897810218978107,218.97810218978103,2812.5547445255474
26.797817646000112,12.884,2.0072992700729926,200.72992700729927,2586.204379562044
26.807897696999134,12.844,2.1897810218978107,218.97810218978103,2812.5547445255474
26.81797763599934,12.884,2.1897810218978107,218.97810218978103,2821.3138686131388
26.82805766799902,12.844,2.1897810218978107,218.97810218978103,2812.5547445255474
26.838137773998824,12.884,2.1897810218978107,200.72992700729927,2586.204379562044
26.848213064999072,12.844,2.1897810218978107,200.72992700729927,2578.1751824817516
26.85828850500002,12.88,2.0072992700729926,218.97810218978103,2820.4379562043796
26.868362870000055,12.852,2.0072992700729926,218.97810218978103,2814.306569343066
26.87844499499988,12.872,2.0072992700729926,200.72992700729927,2583.795620437956
26.88853474899952,12.852,2.1897810218978107,200.72992700729927,2579.78102189781
26.898616724998647,12.9,2.0072992700729926,200.72992700729927,2589.4160583941607
26.908692737999445,12.876,2.0072992700729926,200.72992700729927,2584.598540145985
26.91876838099961,12.896,2.0072992700729926,200.72992700729927,2588.6131386861316
26.92884821000007,12.864,2.0072992700729926,182.48175182481754,2347.445255474453
26.93893607499922,12.896,2.0072992700729926,200.72992700729927,2588.6131386861316
26.949018643999807,12.868,2.0072992700729926,200.72992700729927,2582.992700729927
26.959099564999633,12.896,2.0072992700729926,200.72992700729927,2588.6131386861316
26.96917574500003,12.872,2.0072992700729926,200.72992700729927,2583.795620437956
26.97925125799884,12.888,2.0072992700729926,200.72992700729927,2587.007299270073
26.989412713999627,12.864,2.0072992700729926,200.72992700729927,2582.189781021898
26.999496413000088,12.892,2.0072992700729926,182.48175182481754,2352.5547445255474
27.00957305599877,12.868,2.0072992700729926,200.72992700729927,2582.992700729927
27.019649291998576,12.884,2.0072992700729926,218.97810218978103,2821.3138686131388
27.029725841999607,12.836,2.1897810218978107,200.72992700729927,2576.5693430656934
27.0398023559992,12.88,2.1897810218978107,218.97810218978103,2820.4379562043796
27.049878924999575,12.848,2.1897810218978107,200.72992700729927,2578.978102189781
27.059955048998745,12.876,2.0072992700729926,200.72992700729927,2584.598540145985
27.07003160000022,12.856,2.0072992700729926,200.72992700729927,2580.5839416058393
27.080106149998755,12.876,2.0072992700729926,218.97810218978103,2819.5620437956204
27.090279605999967,12.856,2.0072992700729926,218.97810218978103,2815.182481751825
27.100362248998863,12.868,2.1897810218978107,218.97810218978103,2817.8102189781025
27.110443503999704,12.856,2.0072992700729926,200.72992700729927,2580.5839416058393
27.12052322099953,12.872,2.0072992700729926,218.97810218978103,2818.6861313868612
27.130606289998468,12.856,2.1897810218978107,200.72992700729927,2580.5839416058393
27.14068780299931,12.876,2.1897810218978107,200.72992700729927,2584.598540145985
27.150770371999897,12.852,2.0072992700729926,218.97810218978103,2814.306569343066
27.160851347998687,12.884,2.0072992700729926,200.72992700729927,2586.204379562044
27.170931898999697,12.848,2.0072992700729926,200.72992700729927,2578.978102189781
27.181013059998804,12.884,2.1897810218978107,200.72992700729927,2586.204379562044
27.191104702998928,12.844,2.0072992700729926,218.97810218978103,2812.5547445255474
27.201182326998605,12.876,2.1897810218978107,218.97810218978103,2819.5620437956204
27.21125828499862,12.856,2.1897810218978107,218.97810218978103,2815.182481751825
27.221334465999462,12.876,2.0072992700729926,218.97810218978103,2819.5620437956204
27.23141218299861,12.856,2.1897810218978107,218.97810218978103,2815.182481751825
27.241488825999113,12.88,2.0072992700729926,200.72992700729927,2585.401459854015
27.251565449998452,12.852,2.0072992700729926,218.97810218978103,2814.306569343066
27.26164172300014,12.884,2.1897810218978107,200.72992700729927,2586.204379562044
27.27171660699969,12.848,2.1897810218978107,200.72992700729927,2578.978102189781
27.281792342999324,12.88,2.0072992700729926,200.72992700729927,2585.401459854015
27.291878336998707,12.852,2.1897810218978107,218.97810218978103,2814.306569343066
27.301960666000014,12.88,2.1897810218978107,218.97810218978103,2820.4379562043796
27.312040863998845,12.852,2.0072992700729926,200.72992700729927,2579.78102189781
27.322120877999623,12.872,2.1897810218978107,218.97810218978103,2818.6861313868612
27.332201890998476,12.856,2.0072992700729926,200.72992700729927,2580.5839416058393
27.342286533999868,12.872,2.0072992700729926,200.72992700729927,2583.795620437956
27.352367472998594,12.856,2.1897810218978107,218.97810218978103,2815.182481751825
27.362449374999414,12.876,2.1897810218978107,200.72992700729927,2584.598540145985
27.372529406999092,12.852,2.0072992700729926,218.97810218978103,2814.306569343066
27.382613031999426,12.884,2.0072992700729926,200.72992700729927,2586.204379562044
27.392704267000227,12.844,2.1897810218978107,200.72992700729927,2578.1751824817516
27.402789447000032,12.884,2.0072992700729926,200.72992700729927,2586.204379562044
27.412871015998462,12.844,2.1897810218978107,200.72992700729927,2578.1751824817516
27.422952343998986,12.884,2.0072992700729926,218.97810218978103,2821.3138686131388
27.433032079999975,12.852,2.0072992700729926,218.97810218978103,2814.306569343066
27.443113240999082,12.876,2.0072992700729926,200.72992700729927,2584.598540145985
27.453194050998718,12.852,2.1897810218978107,200.72992700729927,2579.78102189781
27.463275119998798,12.876,2.1897810218978107,218.97810218978103,2819.5620437956204
27.473356262999005,12.852,2.0072992700729926,218.97810218978103,2814.306569343066
27.483436553999127,12.88,2.0072992700729926,218.97810218978103,2820.4379562043796
27.493539289000182,12.852,2.0072992700729926,200.72992700729927,2579.78102189781
27.503619950999564,12.876,2.1897810218978107,200.72992700729927,2584.598540145985
27.513700538000194,12.848,2.0072992700729926,218.97810218978103,2813.4306569343066
27.52378034799949,12.884,2.1897810218978107,218.97810218978103,2821.3138686131388
27.5338597129994,12.852,2.1897810218978107,200.72992700729927,2579.78102189781
27.543941096999333,12.884,2.0072992700729926,218.97810218978103,2821.3138686131388
27.554022480999265,12.856,2.1897810218978107,218.97810218978103,2815.182481751825
27.564103549999345,12.876,2.1897810218978107,200.72992700729927,2584.598540145985
27.574209451999195,12.856,2.1897810218978107,200.72992700729927,2580.5839416058393
27.584290576000058,12.876,2.1897810218978107,200.72992700729927,2584.598540145985
27.594398495999485,12.848,2.1897810218978107,200.72992700729927,2578.978102189781
27.60447899099927,12.88,2.1897810218978107,200.72992700729927,2585.401459854015
27.61455955999918,12.844,2.1897810218978107,200.72992700729927,2578.1751824817516
27.624639425999703,12.888,2.0072992700729926,200.72992700729927,2587.007299270073
27.63471916100025,12.844,2.0072992700729926,218.97810218978103,2812.5547445255474
27.644799062998572,12.884,2.1897810218978107,218.97810218978103,2821.3138686131388
27.654880057998525,12.852,2.0072992700729926,218.97810218978103,2814.306569343066
27.66496157199981,12.88,2.0072992700729926,200.72992700729927,2585.401459854015
27.675042528999256,12.852,2.1897810218978107,200.72992700729927,2579.78102189781
27.685123653998744,12.876,2.1897810218978107,218.97810218978103,2819.5620437956204
27.695204629999353,12.852,2.0072992700729926,200.72992700729927,2579.78102189781
27.705285846999686,12.872,2.1897810218978107,218.97810218978103,2818.6861313868612
27.715366489999724,12.852,2.1897810218978107,218.97810218978103,2814.306569343066
27.725445780999507,12.88,2.1897810218978107,200.72992700729927,2585.401459854015
27.73552584999925,12.848,2.0072992700729926,200.72992700729927,2578.978102189781
27.74560702999952,12.88,2.0072992700729926,200.72992700729927,2585.401459854015
27.7556876919989,12.848,2.0072992700729926,200.72992700729927,2578.978102189781
27.765768241999467,12.884,2.1897810218978107,200.72992700729927,2586.204379562044
27.77584910799851,12.852,2.1897810218978107,218.97810218978103,2814.306569343066
27.78592886200022,12.876,2.0072992700729926,200.72992700729927,2584.598540145985
27.79602059699937,12.848,2.0072992700729926,218.97810218978103,2813.4306569343066
27.80610186999911,12.876,2.0072992700729926,218.97810218978103,2819.5620437956204
27.816183215998535,12.848,2.0072992700729926,218.97810218978103,2813.4306569343066
27.826265895999313,12.88,2.0072992700729926,200.72992700729927,2585.401459854015
27.836346725000112,12.848,2.1897810218978107,200.72992700729927,2578.978102189781
27.8464293299985,12.884,2.0072992700729926,200.72992700729927,2586.204379562044
27.8565099919997,12.848,2.0072992700729926,218.97810218978103,2813.4306569343066
27.866590486999485,12.884,2.1897810218978107,200.72992700729927,2586.204379562044
27.876670407998972,12.848,2.1897810218978107,218.97810218978103,2813.4306569343066
27.886749809998946,12.88,2.0072992700729926,200.72992700729927,2585.401459854015
27.896840489998795,12.852,2.0072992700729926,200.72992700729927,2579.78102189781
27.906921965999572,12.868,2.1897810218978107,218.97810218978103,2817.8102189781025
27.91700270199908,12.852,2.0072992700729926,200.72992700729927,2579.78102189781
27.92708284499895,12.872,2.1897810218978107,218.97810218978103,2818.6861313868612
27.937163172999135,12.852,2.1897810218978107,200.72992700729927,2579.78102189781
27.94725288999871,12.88,2.1897810218978107,200.72992700729927,2585.401459854015
27.957333754999127,12.848,2.0072992700729926,200.72992700729927,2578.978102189781
27.967416712999693,12.884,2.1897810218978107,200.72992700729927,2586.204379562044
27.97749796700009,12.848,2.1897810218978107,200.72992700729927,2578.978102189781
27.98757955399924,12.884,2.1897810218978107,218.97810218978103,2821.3138686131388
27.99775438100005,12.844,2.0072992700729926,218.97810218978103,2812.5547445255474
28.007831264998458,12.876,2.0072992700729926,218.97810218978103,2819.5620437956204
28.01790781499949,12.848,2.1897810218978107,218.97810218978103,2813.4306569343066
28.027985273000013,12.876,2.1897810218978107,218.97810218978103,2819.5620437956204
28.038062100999014,12.848,2.0072992700729926,200.72992700729927,2578.978102189781
28.048138910999114,12.88,2.1897810218978107,218.97810218978103,2820.4379562043796
28.058216868999807,12.848,2.1897810218978107,200.72992700729927,2578.978102189781
28.068294196998977,12.884,2.0072992700729926,200.72992700729927,2586.204379562044
28.078369691998887,12.848,2.0072992700729926,218.97810218978103,2813.4306569343066
28.08844766799848,12.884,2.0072992700729926,200.72992700729927,2586.204379562044
28.098524125998665,12.852,2.0072992700729926,218.97810218978103,2814.306569343066
28.10860543599847,12.88,2.1897810218978107,218.97810218978103,2820.4379562043796
28.118687856998804,12.852,2.1897810218978107,200.72992700729927,2579.78102189781
28.128768536998905,12.872,2.0072992700729926,200.72992700729927,2583.795620437956
28.138852364998456,12.856,2.0072992700729926,200.72992700729927,2580.5839416058393
28.148933266998938,12.876,2.1897810218978107,200.72992700729927,2584.598540145985
28.159010557999864,12.852,2.1897810218978107,218.97810218978103,2814.306569343066
28.169091756999478,12.88,2.0072992700729926,218.97810218978103,2820.4379562043796
28.179172733000087,12.848,2.0072992700729926,218.97810218978103,2813.4306569343066
28.189253968999765,12.884,2.0072992700729926,200.72992700729927,2586.204379562044
28.199329092998596,12.844,2.0072992700729926,218.97810218978103,2812.5547445255474
28.20940990300005,12.884,2.0072992700729926,200.72992700729927,2586.204379562044
28.21949065699846,12.844,2.0072992700729926,200.72992700729927,2578.1751824817516
28.22957183699873,12.884,2.1897810218978107,200.72992700729927,2586.204379562044
28.23965292399953,12.852,2.1897810218978107,218.97810218978103,2814.306569343066
28.249733455999376,12.876,2.0072992700729926,200.72992700729927,2584.598540145985
28.25981393300026,12.852,2.1897810218978107,200.72992700729927,2579.78102189781
28.269894056998965,12.876,2.1897810218978107,200.72992700729927,2584.598540145985
28.27997497799879,12.852,2.1897810218978107,218.97810218978103,2814.306569343066
28.29005543599851,12.884,2.0072992700729926,200.72992700729927,2586.204379562044
28.30013641199912,12.848,2.1897810218978107,218.97810218978103,2813.4306569343066
28.310217443999136,12.88,2.1897810218978107,200.72992700729927,2585.401459854015
28.32029723499909,12.848,2.0072992700729926,218.97810218978103,2813.4306569343066
28.33037802599938,12.88,2.1897810218978107,200.72992700729927,2585.401459854015
28.340457688000242,12.848,2.0072992700729926,200.72992700729927,2578.978102189781
28.350540849000026,12.876,2.1897810218978107,200.72992700729927,2584.598540145985
28.360621603000254,12.852,2.0072992700729926,200.72992700729927,2579.78102189781
28.370701245999953,12.876,2.1897810218978107,200.72992700729927,2584.598540145985
28.380782222999187,12.852,2.0072992700729926,200.72992700729927,2579.78102189781
28.39086484699874,12.88,2.0072992700729926,200.72992700729927,2585.401459854015
28.40095097199992,12.848,2.1897810218978107,218.97810218978103,2813.4306569343066
28.411033299998962,12.884,2.0072992700729926,200.72992700729927,2586.204379562044
28.421114794999085,12.84,2.1897810218978107,218.97810218978103,2811.6788321167883
28.43119575199853,12.888,2.0072992700729926,218.97810218978103,2822.189781021898
28.4412769139999,12.848,2.1897810218978107,200.72992700729927,2578.978102189781
28.451358741998774,12.884,2.1897810218978107,200.72992700729927,2586.204379562044
28.461439032998896,12.848,2.0072992700729926,218.97810218978103,2813.4306569343066
28.471519658000034,12.876,2.1897810218978107,200.72992700729927,2584.598540145985
28.481600837998485,12.852,2.0072992700729926,200.72992700729927,2579.78102189781
28.491680203000215,12.88,2.0072992700729926,218.97810218978103,2820.4379562043796
28.501770400998794,12.852,2.0072992700729926,218.97810218978103,2814.306569343066
28.51184778499919,12.88,2.0072992700729926,200.72992700729927,2585.401459854015
28.52192924299925,12.848,2.0072992700729926,218.97810218978103,2813.4306569343066
28.532009237998864,12.88,2.0072992700729926,200.72992700729927,2585.401459854015
28.542088898999282,12.848,2.0072992700729926,218.97810218978103,2813.4306569343066
28.552170430999467,12.88,2.0072992700729926,218.97810218978103,2820.4379562043796
28.562253221998617,12.848,2.0072992700729926,200.72992700729927,2578.978102189781
28.57233430999986,12.884,2.1897810218978107,218.97810218978103,2821.3138686131388
28.582417174999136,12.852,2.0072992700729926,218.97810218978103,2814.306569343066
28.592498299,12.876,2.0072992700729926,218.97810218978103,2819.5620437956204
28.602605663998474,12.852,2.1897810218978107,200.72992700729927,2579.78102189781
28.612685639998745,12.88,2.0072992700729926,218.97810218978103,2820.4379562043796
28.622766319998846,12.844,2.1897810218978107,218.97810218978103,2812.5547445255474
28.63284753699918,12.884,2.0072992700729926,218.97810218978103,2821.3138686131388
28.642927550999957,12.844,2.0072992700729926,200.72992700729927,2578.1751824817516
28.653009009000016,12.884,2.1897810218978107,200.72992700729927,2586.204379562044
28.66308996599946,12.844,2.1897810218978107,200.72992700729927,2578.1751824817516
28.673170868998568,12.884,2.1897810218978107,200.72992700729927,2586.204379562044
28.683252011998775,12.848,2.1897810218978107,218.97810218978103,2813.4306569343066
28.69333339500008,12.876,2.0072992700729926,218.97810218978103,2819.5620437956204
28.70343974199932,12.852,2.1897810218978107,218.97810218978103,2814.306569343066
28.71352025499982,12.872,2.0072992700729926,218.97810218978103,2818.6861313868612
28.72360173099878,12.852,2.0072992700729926,200.72992700729927,2579.78102189781
28.733682873998987,12.876,2.0072992700729926,200.72992700729927,2584.598540145985
28.743764164999448,12.852,2.1897810218978107,200.72992700729927,2579.78102189781
28.753845011999147,12.88,2.1897810218978107,200.72992700729927,2585.401459854015
28.76392589599891,12.848,2.1897810218978107,200.72992700729927,2578.978102189781
28.774007038999116,12.884,2.0072992700729926,218.97810218978103,2821.3138686131388
28.784087625999746,12.848,2.0072992700729926,200.72992700729927,2578.978102189781
28.79416834299991,12.884,2.1897810218978107,200.72992700729927,2586.204379562044
28.804252133999398,12.852,2.1897810218978107,218.97810218978103,2814.306569343066
28.814334702999986,12.88,2.1897810218978107,218.97810218978103,2820.4379562043796
28.824415846000193,12.848,2.1897810218978107,218.97810218978103,2813.4306569343066
28.83449830399877,12.88,2.0072992700729926,200.72992700729927,2585.401459854015
28.844579224998597,12.852,2.1897810218978107,218.97810218978103,2814.306569343066
28.85466157100018,12.884,2.1897810218978107,218.97810218978103,2821.3138686131388
28.864742492000005,12.844,2.0072992700729926,218.97810218978103,2812.5547445255474
28.87482481999905,12.884,2.1897810218978107,218.97810218978103,2821.3138686131388
28.88490540699968,12.844,2.1897810218978107,200.72992700729927,2578.1751824817516
28.894986605999293,12.884,2.0072992700729926,218.97810218978103,2821.3138686131388
28.90509219299929,12.844,2.1897810218978107,200.72992700729927,2578.1751824817516
28.915171503000238,12.88,2.1897810218978107,218.97810218978103,2820.4379562043796
28.925251609000043,12.852,2.1897810218978107,218.97810218978103,2814.306569343066
28.93533326999932,12.872,2.0072992700729926,200.72992700729927,2583.795620437956
28.945439152999825,12.852,2.1897810218978107,200.72992700729927,2579.78102189781
28.95552290699925,12.876,2.1897810218978107,200.72992700729927,2584.598540145985
28.965605642999435,12.852,2.0072992700729926,200.72992700729927,2579.78102189781
28.97568587800015,12.88,2.1897810218978107,200.72992700729927,2585.401459854015
28.985766280999087,12.848,2.1897810218978107,218.97810218978103,2813.4306569343066
28.995847645999675,12.884,2.1897810218978107,200.72992700729927,2586.204379562044
29.00601971299875,12.844,2.1897810218978107,218.97810218978103,2812.5547445255474
29.016097188999993,12.884,2.1897810218978107,218.97810218978103,2821.3138686131388
29.02617122099946,12.844,2.0072992700729926,200.72992700729927,2578.1751824817516
29.036248697999326,12.88,2.0072992700729926,200.72992700729927,2585.401459854015
29.04632715600019,12.848,2.0072992700729926,200.72992700729927,2578.978102189781
29.056403872999,12.876,2.0072992700729926,200.72992700729927,2584.598540145985
29.06648253399908,12.852,2.1897810218978107,200.72992700729927,2579.78102189781
29.076558491999094,12.884,2.1897810218978107,218.97810218978103,2821.3138686131388
29.086634968998624,12.848,2.0072992700729926,200.72992700729927,2578.978102189781
29.09671542599972,12.884,2.1897810218978107,218.97810218978103,2821.3138686131388
29.106804772998657,12.844,2.0072992700729926,200.72992700729927,2578.1751824817516
29.11688743400009,12.88,2.0072992700729926,218.97810218978103,2820.4379562043796
29.12696989199867,12.844,2.0072992700729926,218.97810218978103,2812.5547445255474
29.137051367999447,12.876,2.1897810218978107,218.97810218978103,2819.5620437956204
29.147132325999337,12.848,2.0072992700729926,200.72992700729927,2578.978102189781
29.157214580000073,12.876,2.1897810218978107,200.72992700729927,2584.598540145985
29.16729522300011,12.852,2.1897810218978107,218.97810218978103,2814.306569343066
29.177376236999407,12.876,2.0072992700729926,218.97810218978103,2819.5620437956204
29.187457934998747,12.852,2.1897810218978107,200.72992700729927,2579.78102189781
29.197538299998996,12.88,2.0072992700729926,200.72992700729927,2585.401459854015
29.20762862799893,12.856,2.0072992700729926,200.72992700729927,2580.5839416058393
29.21770956799992,12.884,2.0072992700729926,200.72992700729927,2586.204379562044
29.22778947000006,12.84,2.1897810218978107,218.97810218978103,2811.6788321167883
29.237870038999972,12.884,2.1897810218978107,200.72992700729927,2586.204379562044
29.24795058899872,12.84,2.0072992700729926,200.72992700729927,2577.3722627737225
29.25803086199994,12.884,2.0072992700729926,218.97810218978103,2821.3138686131388
29.268110467999577,12.848,2.1897810218978107,200.72992700729927,2578.978102189781
29.27821642500021,12.88,2.1897810218978107,200.72992700729927,2585.401459854015
29.288296697999613,12.852,2.1897810218978107,200.72992700729927,2579.78102189781
29.29837734099965,12.876,2.1897810218978107,218.97810218978103,2819.5620437956204
29.308486001998972,12.852,2.1897810218978107,200.72992700729927,2579.78102189781
29.31856710699867,12.88,2.1897810218978107,218.97810218978103,2820.4379562043796
29.328646861999005,12.856,2.1897810218978107,218.97810218978103,2815.182481751825
29.33872880099989,12.88,2.1897810218978107,200.72992700729927,2585.401459854015
29.348808906999693,12.844,2.1897810218978107,200.72992700729927,2578.1751824817516
29.358889512999667,12.884,2.0072992700729926,200.72992700729927,2586.204379562044
29.368970192999768,12.848,2.1897810218978107,200.72992700729927,2578.978102189781
29.379050316998473,12.884,2.1897810218978107,200.72992700729927,2586.204379562044
29.38913046000016,12.856,2.0072992700729926,218.97810218978103,2815.182481751825
29.399221009998655,12.88,2.1897810218978107,218.97810218978103,2820.4379562043796
29.409333022998908,12.856,2.0072992700729926,200.72992700729927,2580.5839416058393
29.419413333000193,12.876,2.0072992700729926,200.72992700729927,2584.598540145985
29.429493327999808,12.848,2.0072992700729926,218.97810218978103,2813.4306569343066
29.43957461900027,12.884,2.1897810218978107,218.97810218978103,2821.3138686131388
29.449655501999587,12.844,2.0072992700729926,218.97810218978103,2812.5547445255474
29.459735941998588,12.884,2.1897810218978107,218.97810218978103,2821.3138686131388
29.46981678799966,12.84,2.1897810218978107,200.72992700729927,2577.3722627737225
29.479898190998938,12.884,2.0072992700729926,218.97810218978103,2821.3138686131388
29.489978555999187,12.848,2.0072992700729926,218.97810218978103,2813.4306569343066
29.500059031999626,12.884,2.0072992700729926,218.97810218978103,2821.3138686131388
29.510150100999454,12.852,2.0072992700729926,200.72992700729927,2579.78102189781
29.520231706999766,12.88,2.1897810218978107,200.72992700729927,2585.401459854015
29.53031253500012,12.856,2.1897810218978107,218.97810218978103,2815.182481751825
29.54039247399851,12.872,2.1897810218978107,200.72992700729927,2583.795620437956
29.55047517299863,12.856,2.0072992700729926,200.72992700729927,2580.5839416058393
29.560555463998753,12.88,2.0072992700729926,218.97810218978103,2820.4379562043796
29.5706374399997,12.848,2.0072992700729926,200.72992700729927,2578.978102189781
29.58071778699923,12.884,2.0072992700729926,200.72992700729927,2586.204379562044
29.59079935599948,12.848,2.0072992700729926,218.97810218978103,2813.4306569343066
29.60087942499922,12.884,2.0072992700729926,218.97810218978103,2821.3138686131388
29.610960901,12.852,2.1897810218978107,200.72992700729927,2579.78102189781
29.621041413998682,12.88,2.1897810218978107,218.97810218978103,2820.4379562043796
29.63112113099851,12.848,2.0072992700729926,200.72992700729927,2578.978102189781
29.64120157099933,12.876,2.0072992700729926,200.72992700729927,2584.598540145985
29.651281953998478,12.852,2.0072992700729926,200.72992700729927,2579.78102189781
29.661362486000144,12.884,2.0072992700729926,200.72992700729927,2586.204379562044
29.671442850998574,12.856,2.1897810218978107,200.72992700729927,2580.5839416058393
29.681523030998505,12.884,2.0072992700729926,200.72992700729927,2586.204379562044
29.691602933999093,12.844,2.0072992700729926,200.72992700729927,2578.1751824817516
29.701683335999405,12.884,2.1897810218978107,218.97810218978103,2821.3138686131388
29.71179020099953,12.848,2.1897810218978107,218.97810218978103,2813.4306569343066
29.72187856599885,12.88,2.1897810218978107,218.97810218978103,2820.4379562043796
29.731959411999924,12.852,2.1897810218978107,218.97810218978103,2814.306569343066
29.74204044399994,12.872,2.1897810218978107,200.72992700729927,2583.795620437956
29.752121679999618,12.856,2.1897810218978107,218.97810218978103,2815.182481751825
29.76220424799976,12.876,2.0072992700729926,218.97810218978103,2819.5620437956204
29.772285279999778,12.856,2.1897810218978107,200.72992700729927,2580.5839416058393
29.782367701000112,12.88,2.0072992700729926,200.72992700729927,2585.401459854015
29.792448696000065,12.848,2.0072992700729926,200.72992700729927,2578.978102189781
29.802529967999362,12.884,2.0072992700729926,200.72992700729927,2586.204379562044
29.812620925999,12.848,2.1897810218978107,218.97810218978103,2813.4306569343066
29.822703846999502,12.884,2.0072992700729926,200.72992700729927,2586.204379562044
29.832784933998482,12.848,2.1897810218978107,200.72992700729927,2578.978102189781
29.842867817998922,12.884,2.1897810218978107,200.72992700729927,2586.204379562044
29.852948034998917,12.848,2.1897810218978107,218.97810218978103,2813.4306569343066
29.86302926999997,12.876,2.0072992700729926,218.97810218978103,2819.5620437956204
29.873110394999458,12.852,2.1897810218978107,200.72992700729927,2579.78102189781
29.88319081499867,12.876,2.1897810218978107,218.97810218978103,2819.5620437956204
29.893271180999363,12.856,2.0072992700729926,218.97810218978103,2815.182481751825
29.90335295299883,12.884,2.1897810218978107,218.97810218978103,2821.3138686131388
29.913458780998553,12.848,2.0072992700729926,200.72992700729927,2578.978102189781
29.923539867999352,12.884,2.1897810218978107,200.72992700729927,2586.204379562044
29.933621047999623,12.848,2.0072992700729926,200.72992700729927,2578.978102189781
29.943724728000234,12.876,2.0072992700729926,218.97810218978103,2819.5620437956204
29.953810797000187,12.852,2.1897810218978107,218.97810218978103,2814.306569343066
29.963892791000035,12.88,2.1897810218978107,200.72992700729927,2585.401459854015
29.97397382300005,12.856,2.1897810218978107,218.97810218978103,2815.182481751825
29.984056076998968,12.876,2.0072992700729926,200.72992700729927,2584.598540145985
29.994136923998667,12.856,2.0072992700729926,200.72992700729927,2580.5839416058393
