t_s,bus_v,shunt_mv,current_ma,power_mw
0.00032236399965768214,12.896,1.9963702359346642,199.63702359346644,2574.5190562613434
0.010387652999270358,12.868,1.9963702359346642,199.63702359346644,2568.9292196007264
0.020450385000003735,12.892,1.9963702359346642,199.63702359346644,2573.720508166969
0.030511543998727575,12.864,1.9963702359346642,217.7858439201452,2801.597096188748
0.040572664998762775,12.896,1.9963702359346642,199.63702359346644,2574.5190562613434
0.05063354599951708,12.868,1.8148820326678767,199.63702359346644,2568.9292196007264
0.06069416799982719,12.896,1.9963702359346642,199.63702359346644,2574.5190562613434
0.07075262299986207,12.872,1.9963702359346642,199.63702359346644,2569.7277676951
0.08081376299924159,12.892,1.9963702359346642,199.63702359346644,2573.720508166969
0.09087525499853655,12.872,1.9963702359346642,199.63702359346644,2569.7277676951
0.10093607999988308,12.892,1.9963702359346642,199.63702359346644,2573.720508166969
0.11099679399922024,12.872,1.9963702359346642,199.63702359346644,2569.7277676951
0.12105761899874778,12.896,2.1778584392014526,199.63702359346644,2574.5190562613434
0.13111833299990394,12.864,1.9963702359346642,199.63702359346644,2568.1306715063524
0.14117895499839506,12.892,1.9963702359346642,199.63702359346644,2573.720508166969
0.15123977999974159,12.868,1.9963702359346642,199.63702359346644,2568.9292196007264
0.1612998829987191,12.892,1.9963702359346642,199.63702359346644,2573.720508166969
0.1713598379992618,12.876,1.9963702359346642,199.63702359346644,2570.5263157894738
0.1814208489995508,12.888,1.9963702359346642,199.63702359346644,2572.9219600725955
0.19148167399907834,12.876,1.9963702359346642,181.48820326678765,2336.8421052631575
0.2015423879984155,12.892,1.9963702359346642,199.63702359346644,2573.720508166969
0.21160330599923327,12.876,1.9963702359346642,199.63702359346644,2570.5263157894738
0.22166394599844352,12.884,1.9963702359346642,199.63702359346644,2572.1234119782216
0.2317241599994304,12.876,1.9963702359346642,199.63702359346644,2570.5263157894738
0.24178487399876758,12.88,1.9963702359346642,199.63702359346644,2571.3248638838477
0.2518456249999872,12.884,1.9963702359346642,199.63702359346644,2572.1234119782216
0.26190646899885905,12.88,1.9963702359346642,199.63702359346644,2571.3248638838477
0.2719663869993383,12.884,1.9963702359346642,199.63702359346644,2572.1234119782216
0.282027063998612,12.884,1.8148820326678767,199.63702359346644,2572.1234119782216
0.29208744499919703,12.888,1.9963702359346642,199.63702359346644,2572.9219600725955
0.3021483630000148,12.88,1.9963702359346642,199.63702359346644,2571.3248638838477
0.3122091139994154,12.884,2.1778584392014526,199.63702359346644,2572.1234119782216
0.32227006899847765,12.88,1.9963702359346642,199.63702359346644,2571.3248638838477
0.33233087599910505,12.876,1.9963702359346642,199.63702359346644,2570.5263157894738
0.34239155299837876,12.88,1.9963702359346642,199.63702359346644,2571.3248638838477
0.352452358998562,12.884,1.9963702359346642,199.63702359346644,2572.1234119782216
0.3625129809988721,12.876,1.9963702359346642,199.63702359346644,2570.5263157894738
0.3725736029991822,12.888,1.9963702359346642,199.63702359346644,2572.9219600725955
0.38263429799917503,12.876,2.1778584392014526,217.7858439201452,2804.2105263157896
0.3926946969986602,12.888,1.9963702359346642,217.7858439201452,2806.8239564428313
0.4027550409991818,12.876,1.9963702359346642,199.63702359346644,2570.5263157894738
0.41281590399921697,12.888,1.9963702359346642,217.7858439201452,2806.8239564428313
0.4228763949995482,12.876,1.9963702359346642,199.63702359346644,2570.5263157894738
0.4329361649997736,12.896,1.9963702359346642,199.63702359346644,2574.5190562613434
0.44299739799862436,12.864,1.9963702359346642,199.63702359346644,2568.1306715063524
0.4530577789992094,12.896,1.9963702359346642,199.63702359346644,2574.5190562613434
0.4631185849993926,12.868,1.9963702359346642,199.63702359346644,2568.9292196007264
0.4731791879985394,12.896,1.9963702359346642,199.63702359346644,2574.5190562613434
0.48323977299878607,12.868,1.9963702359346642,199.63702359346644,2568.9292196007264
0.49330044999987877,12.892,1.9963702359346642,199.63702359346644,2573.720508166969
0.5033613859995967,12.868,1.8148820326678767,199.63702359346644,2568.9292196007264
0.5134221369989973,12.892,1.9963702359346642,199.63702359346644,2573.720508166969
0.5234830179997516,12.872,1.9963702359346642,199.63702359346644,2569.7277676951
0.5335433809996175,12.896,1.9963702359346642,199.63702359346644,2574.5190562613434
0.5436032059988065,12.868,1.9963702359346642,199.63702359346644,2568.9292196007264
0.5536631979994127,12.892,1.9963702359346642,199.63702359346644,2573.720508166969
0.5637243559995113,12.868,1.9963702359346642,199.63702359346644,2568.9292196007264
0.5737849589986581,12.896,1.9963702359346642,199.63702359346644,2574.5190562613434
0.5838442289987142,12.868,1.9963702359346642,199.63702359346644,2568.9292196007264
0.5939055729995744,12.892,1.9963702359346642,217.7858439201452,2807.6950998185116
0.6039664349991654,12.868,1.9963702359346642,199.63702359346644,2568.9292196007264
0.614027185998566,12.892,1.9963702359346642,181.48820326678765,2339.7459165154264
0.6240874739996798,12.868,1.9963702359346642,217.7858439201452,2802.4682395644286
0.634148336999715,12.9,1.9963702359346642,199.63702359346644,2575.3176043557173
0.6442091059998347,12.86,1.9963702359346642,199.63702359346644,2567.3321234119785
0.6542697829991084,12.9,1.9963702359346642,199.63702359346644,2575.3176043557173
0.6643304239987629,12.864,1.9963702359346642,199.63702359346644,2568.1306715063524
0.6743911929988826,12.896,1.9963702359346642,199.63702359346644,2574.5190562613434
0.6844515369994042,12.868,1.9963702359346642,199.63702359346644,2568.9292196007264
0.6945126029986568,12.896,1.9963702359346642,199.63702359346644,2574.5190562613434
0.7045731689995591,12.872,1.9963702359346642,199.63702359346644,2569.7277676951
0.7146331979984097,12.9,2.1778584392014526,199.63702359346644,2575.3176043557173
0.7246935599996505,12.868,1.9963702359346642,199.63702359346644,2568.9292196007264
0.7347543669984589,12.896,1.9963702359346642,199.63702359346644,2574.5190562613434
0.7448321359988768,12.868,1.9963702359346642,199.63702359346644,2568.9292196007264
0.754896201999145,12.892,1.9963702359346642,217.7858439201452,2807.6950998185116
0.764960415999667,12.876,1.9963702359346642,199.63702359346644,2570.5263157894738
0.7750219639983698,12.888,1.9963702359346642,199.63702359346644,2572.9219600725955
0.7850819929990394,12.876,1.9963702359346642,181.48820326678765,2336.8421052631575
0.7951422249989264,12.892,1.9963702359346642,199.63702359346644,2573.720508166969
0.8052027909998287,12.876,1.9963702359346642,199.63702359346644,2570.5263157894738
0.8152627829986159,12.892,1.9963702359346642,199.63702359346644,2573.720508166969
0.8253239969999413,12.868,1.9963702359346642,199.63702359346644,2568.9292196007264
0.835384673999215,12.892,1.9963702359346642,199.63702359346644,2573.720508166969
0.8454446289997577,12.864,2.1778584392014526,199.63702359346644,2568.1306715063524
0.855505509998693,12.892,1.9963702359346642,217.7858439201452,2807.6950998185116
0.8655664090001665,12.876,1.9963702359346642,199.63702359346644,2570.5263157894738
0.8756271239999478,12.888,1.9963702359346642,199.63702359346644,2572.9219600725955
0.8856879669983755,12.88,1.9963702359346642,199.63702359346644,2571.3248638838477
0.8957488109990663,12.888,2.1778584392014526,199.63702359346644,2572.9219600725955
0.9058096179996937,12.88,1.8148820326678767,199.63702359346644,2571.3248638838477
0.9158703689990944,12.884,1.9963702359346642,199.63702359346644,2572.1234119782216
0.9259311389996583,12.876,1.9963702359346642,199.63702359346644,2570.5263157894738
0.9359916679986782,12.884,1.9963702359346642,199.63702359346644,2572.1234119782216
0.946052677998523,12.888,1.9963702359346642,199.63702359346644,2572.9219600725955
0.9561133179995522,12.876,1.9963702359346642,217.7858439201452,2804.2105263157896
0.9661739399998623,12.888,1.9963702359346642,199.63702359346644,2572.9219600725955
0.9762341539990302,12.876,1.9963702359346642,199.63702359346644,2570.5263157894738
0.9862964599997213,12.888,2.1778584392014526,199.63702359346644,2572.9219600725955
0.9963568229995872,12.88,1.9963702359346642,199.63702359346644,2571.3248638838477
1.006416869999157,12.884,1.9963702359346642,199.63702359346644,2572.1234119782216
1.0164781949988537,12.876,1.9963702359346642,199.63702359346644,2570.5263157894738
1.0265390209988254,12.884,1.9963702359346642,199.63702359346644,2572.1234119782216
1.0365993830000662,12.876,1.9963702359346642,199.63702359346644,2570.5263157894738
1.0466595419984515,12.892,1.9963702359346642,199.63702359346644,2573.720508166969
1.0567199409997556,12.872,1.9963702359346642,199.63702359346644,2569.7277676951
1.0667808029993466,12.888,2.1778584392014526,199.63702359346644,2572.9219600725955
1.0768416279988742,12.876,1.9963702359346642,199.63702359346644,2570.5263157894738
1.086902379998719,12.888,2.1778584392014526,199.63702359346644,2572.9219600725955
1.0969623529999808,12.872,1.9963702359346642,199.63702359346644,2569.7277676951
1.1070231969988527,12.888,1.9963702359346642,199.63702359346644,2572.9219600725955
1.1170838179987186,12.872,1.9963702359346642,199.63702359346644,2569.7277676951
1.1271444209996844,12.888,1.9963702359346642,199.63702359346644,2572.9219600725955
1.137205320999783,12.872,1.9963702359346642,199.63702359346644,2569.7277676951
1.1472662199994375,12.896,1.9963702359346642,199.63702359346644,2574.5190562613434
1.1573271559991554,12.864,1.9963702359346642,217.7858439201452,2801.597096188748
1.167387814999529,12.896,1.9963702359346642,199.63702359346644,2574.5190562613434
1.177447807000135,12.864,1.9963702359346642,199.63702359346644,2568.1306715063524
1.187508983999578,12.892,1.9963702359346642,199.63702359346644,2573.720508166969
1.1975698829992325,12.868,1.9963702359346642,199.63702359346644,2568.9292196007264
1.2076304859983793,12.892,1.9963702359346642,199.63702359346644,2573.720508166969
1.2176913669991336,12.868,1.9963702359346642,199.63702359346644,2568.9292196007264
1.2277520439984073,12.9,1.9963702359346642,199.63702359346644,2575.3176043557173
1.2378126659987174,12.868,1.9963702359346642,199.63702359346644,2568.9292196007264
1.247873582999091,12.9,1.9963702359346642,199.63702359346644,2575.3176043557173
1.2579342230001203,12.864,1.9963702359346642,199.63702359346644,2568.1306715063524
1.2679947889992036,12.892,1.9963702359346642,199.63702359346644,2573.720508166969
1.2780554849996406,12.872,1.9963702359346642,199.63702359346644,2569.7277676951
1.2881161440000142,12.892,1.9963702359346642,199.63702359346644,2573.720508166969
1.2981768209992879,12.872,1.9963702359346642,199.63702359346644,2569.7277676951
1.308237534998625,12.892,1.9963702359346642,199.63702359346644,2573.720508166969
1.3182982489997812,12.868,1.9963702359346642,199.63702359346644,2568.9292196007264
1.3283584069995413,12.896,1.9963702359346642,199.63702359346644,2574.5190562613434
1.3384191219993227,12.864,1.9963702359346642,199.63702359346644,2568.1306715063524
1.3484800389996963,12.896,1.9963702359346642,199.63702359346644,2574.5190562613434
1.3585408279996045,12.864,1.9963702359346642,199.63702359346644,2568.1306715063524
1.3686019309989206,12.896,1.9963702359346642,199.63702359346644,2574.5190562613434
1.378662496999823,12.868,1.9963702359346642,217.7858439201452,2802.4682395644286
1.3887227109989908,12.896,1.9963702359346642,199.63702359346644,2574.5190562613434
1.3987834619983914,12.872,1.9963702359346642,199.63702359346644,2569.7277676951
1.4088447869999072,12.896,1.9963702359346642,199.63702359346644,2574.5190562613434
1.4189055749993713,12.868,1.9963702359346642,199.63702359346644,2568.9292196007264
1.4289663449999352,12.892,1.9963702359346642,199.63702359346644,2573.720508166969
1.4390272439995897,12.868,1.9963702359346642,199.63702359346644,2568.9292196007264
1.4490885329996672,12.892,1.9963702359346642,199.63702359346644,2573.720508166969
1.459149301999787,12.876,1.9963702359346642,199.63702359346644,2570.5263157894738
1.4692100529991876,12.884,1.9963702359346642,217.7858439201452,2805.9528130671506
1.4792707299984613,12.88,1.9963702359346642,199.63702359346644,2571.3248638838477
1.4893314259988983,12.88,1.9963702359346642,217.7858439201452,2805.0816696914703
1.4993918989985104,12.88,1.9963702359346642,199.63702359346644,2571.3248638838477
1.5094525389995397,12.884,1.9963702359346642,199.63702359346644,2572.1234119782216
1.519513253999321,12.876,1.9963702359346642,199.63702359346644,2570.5263157894738
1.5295731159985735,12.884,1.9963702359346642,199.63702359346644,2572.1234119782216
1.5396330149997084,12.876,1.9963702359346642,199.63702359346644,2570.5263157894738
1.5496932289988763,12.884,1.8148820326678767,199.63702359346644,2572.1234119782216
1.5597533689997363,12.884,1.9963702359346642,199.63702359346644,2572.1234119782216
1.5698142129986081,12.88,1.9963702359346642,199.63702359346644,2571.3248638838477
1.5798744639996585,12.88,1.9963702359346642,199.63702359346644,2571.3248638838477
1.5899350859999686,12.88,1.9963702359346642,199.63702359346644,2571.3248638838477
1.5999956889991154,12.88,2.1778584392014526,181.48820326678765,2337.568058076225
1.6100567729990871,12.88,1.9963702359346642,199.63702359346644,2571.3248638838477
1.620118023998657,12.88,1.9963702359346642,199.63702359346644,2571.3248638838477
1.6301787389984383,12.88,1.9963702359346642,199.63702359346644,2571.3248638838477
1.6402396379999118,12.88,1.9963702359346642,199.63702359346644,2571.3248638838477
1.6503005559989106,12.88,1.9963702359346642,199.63702359346644,2571.3248638838477
1.6603614179985016,12.888,1.9963702359346642,199.63702359346644,2572.9219600725955
1.670422075998431,12.876,1.9963702359346642,217.7858439201452,2804.2105263157896
1.6804831239987834,12.888,1.9963702359346642,199.63702359346644,2572.9219600725955
1.6905437449986493,12.872,1.9963702359346642,199.63702359346644,2569.7277676951
1.7006045339985576,12.888,1.9963702359346642,199.63702359346644,2572.9219600725955
1.7106651739995868,12.872,1.9963702359346642,199.63702359346644,2569.7277676951
1.720735146998777,12.888,1.9963702359346642,199.63702359346644,2572.9219600725955
1.7307956569984526,12.872,1.9963702359346642,199.63702359346644,2569.7277676951
1.7408567599995877,12.896,2.1778584392014526,217.7858439201452,2808.566243194193
1.7509232889988198,12.872,1.9963702359346642,199.63702359346644,2569.7277676951
1.7609851139986858,12.896,1.9963702359346642,199.63702359346644,2574.5190562613434
1.7710465689997363,12.868,1.9963702359346642,199.63702359346644,2568.9292196007264
1.7811068569990312,12.892,1.9963702359346642,199.63702359346644,2573.720508166969
1.7911685339986434,12.872,1.9963702359346642,199.63702359346644,2569.7277676951
1.801229359998615,12.884,1.9963702359346642,199.63702359346644,2572.1234119782216
1.8112893699999404,12.872,1.9963702359346642,199.63702359346644,2569.7277676951
1.8213492689992563,12.888,1.9963702359346642,199.63702359346644,2572.9219600725955
1.8314097239999683,12.872,1.9963702359346642,199.63702359346644,2569.7277676951
1.8414698830001726,12.896,1.8148820326678767,199.63702359346644,2574.5190562613434
1.8515298009988328,12.868,1.9963702359346642,199.63702359346644,2568.9292196007264
1.8615907929997775,12.896,1.9963702359346642,199.63702359346644,2574.5190562613434
1.8716515249998338,12.868,1.9963702359346642,199.63702359346644,2568.9292196007264
1.8817123129992979,12.896,1.9963702359346642,199.63702359346644,2574.5190562613434
1.8917730279990792,12.868,1.9963702359346642,199.63702359346644,2568.9292196007264
1.9018335009986913,12.896,1.9963702359346642,199.63702359346644,2574.5190562613434
1.9118937149996782,12.864,1.9963702359346642,199.63702359346644,2568.1306715063524
1.9219558919994597,12.896,2.1778584392014526,199.63702359346644,2574.5190562613434
1.9320167169989872,12.868,2.1778584392014526,199.63702359346644,2568.9292196007264
1.9420776169990859,12.9,1.9963702359346642,199.63702359346644,2575.3176043557173
1.9521382379989518,12.86,2.1778584392014526,199.63702359346644,2567.3321234119785
1.9621988969993254,12.9,1.9963702359346642,199.63702359346644,2575.3176043557173
1.9722596659994451,12.864,1.9963702359346642,199.63702359346644,2568.1306715063524
1.9823228059995017,12.896,1.9963702359346642,199.63702359346644,2574.5190562613434
1.9923833349985216,12.872,1.9963702359346642,199.63702359346644,2569.7277676951
2.0024437719985144,12.888,1.9963702359346642,199.63702359346644,2572.9219600725955
2.012503707999713,12.876,1.9963702359346642,199.63702359346644,2570.5263157894738
2.02256442199905,12.888,1.9963702359346642,199.63702359346644,2572.9219600725955
2.032624820998535,12.868,1.9963702359346642,199.63702359346644,2568.9292196007264
2.0426848319984856,12.892,1.9963702359346642,199.63702359346644,2573.720508166969
2.05274571299924,12.872,1.9963702359346642,217.7858439201452,2803.339382940109
2.062806426998577,12.896,1.9963702359346642,199.63702359346644,2574.5190562613434
2.0728670849985065,12.876,1.9963702359346642,181.48820326678765,2336.8421052631575
2.082927984998605,12.888,2.1778584392014526,199.63702359346644,2572.9219600725955
2.092988679998598,12.876,1.9963702359346642,199.63702359346644,2570.5263157894738
2.1030495790000714,12.892,1.9963702359346642,199.63702359346644,2573.720508166969
2.113110237998626,12.872,1.9963702359346642,199.63702359346644,2569.7277676951
2.123170155999105,12.892,1.9963702359346642,199.63702359346644,2573.720508166969
2.1332308699984424,12.872,1.9963702359346642,199.63702359346644,2569.7277676951
2.143291620999662,12.892,1.8148820326678767,199.63702359346644,2573.720508166969
2.153352242999972,12.876,1.9963702359346642,199.63702359346644,2570.5263157894738
2.163413012000092,12.888,1.9963702359346642,199.63702359346644,2572.9219600725955
2.1734737449987733,12.884,1.9963702359346642,199.63702359346644,2572.1234119782216
2.18353457000012,12.888,1.9963702359346642,199.63702359346644,2572.9219600725955
2.193595283999457,12.884,1.9963702359346642,199.63702359346644,2572.1234119782216
2.2036560349988576,12.88,1.9963702359346642,217.7858439201452,2805.0816696914703
2.2137168789995485,12.884,1.9963702359346642,181.48820326678765,2338.294010889292
2.2237777969985473,12.876,1.9963702359346642,199.63702359346644,2570.5263157894738
2.23383895599909,12.884,1.9963702359346642,199.63702359346644,2572.1234119782216
2.243899633000183,12.88,1.9963702359346642,181.48820326678765,2337.568058076225
2.253960198999266,12.892,1.9963702359346642,199.63702359346644,2573.720508166969
2.2640207829990686,12.88,2.1778584392014526,199.63702359346644,2571.3248638838477
2.274081515999569,12.888,1.9963702359346642,199.63702359346644,2572.9219600725955
2.2841422479996254,12.876,1.9963702359346642,199.63702359346644,2570.5263157894738
2.2942029629994067,12.888,1.9963702359346642,181.48820326678765,2339.0199637023593
2.30426352899849,12.876,1.9963702359346642,199.63702359346644,2570.5263157894738
2.3143242429996462,12.88,2.1778584392014526,199.63702359346644,2571.3248638838477
2.3243844749995333,12.88,1.9963702359346642,217.7858439201452,2805.0816696914703
2.3344450969998434,12.884,1.9963702359346642,199.63702359346644,2572.1234119782216
2.344505995999498,12.88,1.9963702359346642,199.63702359346644,2571.3248638838477
2.3545666729987715,12.892,1.9963702359346642,199.63702359346644,2573.720508166969
2.3646275350001815,12.872,1.9963702359346642,199.63702359346644,2569.7277676951
2.3746877309986303,12.892,1.9963702359346642,199.63702359346644,2573.720508166969
2.384748407999723,12.872,1.9963702359346642,199.63702359346644,2569.7277676951
2.39480912199906,12.896,1.9963702359346642,199.63702359346644,2574.5190562613434
2.4048696879999625,12.872,1.9963702359346642,199.63702359346644,2569.7277676951
2.41493051299949,12.892,1.9963702359346642,199.63702359346644,2573.720508166969
2.424991283000054,12.864,1.8148820326678767,199.63702359346644,2568.1306715063524
2.435051256999941,12.888,1.9963702359346642,199.63702359346644,2572.9219600725955
2.445111951999934,12.868,1.9963702359346642,199.63702359346644,2568.9292196007264
2.4551727959988057,12.896,1.9963702359346642,199.63702359346644,2574.5190562613434
2.4652333989997715,12.868,1.9963702359346642,199.63702359346644,2568.9292196007264
2.4752943169987702,12.9,1.9963702359346642,217.7858439201452,2809.437386569873
2.485354122998615,12.864,1.9963702359346642,199.63702359346644,2568.1306715063524
2.4954150229987135,12.896,1.9963702359346642,199.63702359346644,2574.5190562613434
2.505475680998643,12.868,1.9963702359346642,199.63702359346644,2568.9292196007264
2.515536302998953,12.888,1.9963702359346642,199.63702359346644,2572.9219600725955
2.525596682999094,12.868,1.9963702359346642,199.63702359346644,2568.9292196007264
2.535656600999573,12.896,2.1778584392014526,199.63702359346644,2574.5190562613434
2.5457170929985296,12.864,1.9963702359346642,199.63702359346644,2568.1306715063524
2.5557769919996645,12.896,1.9963702359346642,199.63702359346644,2574.5190562613434
2.5658368919994246,12.864,1.9963702359346642,199.63702359346644,2568.1306715063524
2.5758975689986983,12.896,1.9963702359346642,199.63702359346644,2574.5190562613434
2.5859583569999813,12.872,1.9963702359346642,181.48820326678765,2336.116152450091
2.596018866999657,12.896,1.9963702359346642,199.63702359346644,2574.5190562613434
2.6060793589986133,12.872,1.9963702359346642,199.63702359346644,2569.7277676951
2.6161398509993887,12.896,1.9963702359346642,199.63702359346644,2574.5190562613434
2.6262003619995085,12.864,1.9963702359346642,199.63702359346644,2568.1306715063524
2.6362629830000515,12.896,1.9963702359346642,199.63702359346644,2574.5190562613434
2.6463241419987753,12.864,1.9963702359346642,199.63702359346644,2568.1306715063524
2.65638392999972,12.896,1.9963702359346642,199.63702359346644,2574.5190562613434
2.6664437370000087,12.864,1.9963702359346642,199.63702359346644,2568.1306715063524
2.6765046539985633,12.896,1.9963702359346642,199.63702359346644,2574.5190562613434
2.68656523899881,12.876,1.9963702359346642,199.63702359346644,2570.5263157894738
2.696626174998528,12.892,1.9963702359346642,199.63702359346644,2573.720508166969
2.706686499999705,12.876,1.9963702359346642,199.63702359346644,2570.5263157894738
2.716746399999465,12.888,1.9963702359346642,199.63702359346644,2572.9219600725955
2.726805188000071,12.872,1.9963702359346642,199.63702359346644,2569.7277676951
2.7368660689990065,12.888,1.9963702359346642,217.7858439201452,2806.8239564428313
2.7469408010001644,12.872,1.9963702359346642,199.63702359346644,2569.7277676951
2.757003162998444,12.888,1.9963702359346642,199.63702359346644,2572.9219600725955
2.7670643029996427,12.872,1.9963702359346642,199.63702359346644,2569.7277676951
2.77712501699898,12.888,1.9963702359346642,199.63702359346644,2572.9219600725955
2.787185082999713,12.88,1.9963702359346642,199.63702359346644,2571.3248638838477
2.797245296998881,12.884,1.8148820326678767,199.63702359346644,2572.1234119782216
2.8073054369997408,12.88,1.9963702359346642,181.48820326678765,2337.568058076225
2.817365336999501,12.884,1.9963702359346642,199.63702359346644,2572.1234119782216
2.8274255879987322,12.872,1.9963702359346642,199.63702359346644,2569.7277676951
2.837485486999867,12.884,1.9963702359346642,199.63702359346644,2572.1234119782216
2.8475455899988447,12.872,1.9963702359346642,217.7858439201452,2803.339382940109
2.8576065819997893,12.884,1.9963702359346642,199.63702359346644,2572.1234119782216
2.8676677589992323,12.88,1.9963702359346642,199.63702359346644,2571.3248638838477
2.877728898998612,12.88,1.9963702359346642,199.63702359346644,2571.3248638838477
2.887789686999895,12.884,1.9963702359346642,199.63702359346644,2572.1234119782216
2.8978505869999935,12.88,1.9963702359346642,199.63702359346644,2571.3248638838477
2.9079109859994787,12.884,1.9963702359346642,199.63702359346644,2572.1234119782216
2.9179757369984145,12.88,1.9963702359346642,199.63702359346644,2571.3248638838477
2.928036469998915,12.884,1.9963702359346642,199.63702359346644,2572.1234119782216
2.9380969799985905,12.876,1.9963702359346642,199.63702359346644,2570.5263157894738
2.9481579160001274,12.884,1.9963702359346642,199.63702359346644,2572.1234119782216
2.9582190189994435,12.872,1.9963702359346642,199.63702359346644,2569.7277676951
2.9682802699990134,12.892,1.9963702359346642,199.63702359346644,2573.720508166969
2.978340706999006,12.872,2.1778584392014526,199.63702359346644,2569.7277676951
2.988402049999422,12.896,1.9963702359346642,199.63702359346644,2574.5190562613434
2.998462004999965,12.872,1.9963702359346642,199.63702359346644,2569.7277676951
3.0085218859985616,12.892,1.9963702359346642,199.63702359346644,2573.720508166969
3.0185828779995063,12.872,1.9963702359346642,199.63702359346644,2569.7277676951
3.028643869998632,12.888,1.9963702359346642,199.63702359346644,2572.9219600725955
3.038704083999619,12.872,1.9963702359346642,199.63702359346644,2569.7277676951
3.0487640199989983,12.892,1.9963702359346642,199.63702359346644,2573.720508166969
3.0588249569991603,12.868,1.9963702359346642,199.63702359346644,2568.9292196007264
3.068885781998688,12.896,1.9963702359346642,199.63702359346644,2574.5190562613434
3.0789465329999075,12.868,1.9963702359346642,199.63702359346644,2568.9292196007264
3.089007098998991,12.896,1.9963702359346642,199.63702359346644,2574.5190562613434
3.0990678689995548,12.872,1.9963702359346642,199.63702359346644,2569.7277676951
3.1091281379995053,12.892,1.9963702359346642,217.7858439201452,2807.6950998185116
3.119188814998779,12.872,1.8148820326678767,199.63702359346644,2569.7277676951
3.12924965899947,12.896,1.9963702359346642,199.63702359346644,2574.5190562613434
3.139310354999907,12.864,1.9963702359346642,217.7858439201452,2801.597096188748
3.1493716609984403,12.9,1.9963702359346642,199.63702359346644,2575.3176043557173
3.15943241199966,12.86,2.1778584392014526,199.63702359346644,2567.3321234119785
3.169493181998405,12.9,1.9963702359346642,217.7858439201452,2809.437386569873
3.1795538589994976,12.864,2.1778584392014526,199.63702359346644,2568.1306715063524
3.1896146099988982,12.9,1.9963702359346642,199.63702359346644,2575.3176043557173
3.1996753059993353,12.868,1.9963702359346642,199.63702359346644,2568.9292196007264
3.2097361679989262,12.896,1.9963702359346642,199.63702359346644,2574.5190562613434
3.219796919000146,12.868,1.9963702359346642,199.63702359346644,2568.9292196007264
3.2298573369989754,12.896,2.1778584392014526,199.63702359346644,2574.5190562613434
3.2399181069995393,12.868,1.9963702359346642,199.63702359346644,2568.9292196007264
3.249978801999532,12.896,1.9963702359346642,199.63702359346644,2574.5190562613434
3.260039497999969,12.864,1.9963702359346642,181.48820326678765,2334.6642468239565
3.2701001379991794,12.892,1.9963702359346642,199.63702359346644,2573.720508166969
3.280160814998453,12.864,1.9963702359346642,199.63702359346644,2568.1306715063524
3.2902213990000746,12.892,1.8148820326678767,199.63702359346644,2573.720508166969
3.3002819839985023,12.872,1.9963702359346642,199.63702359346644,2569.7277676951
3.310342512999341,12.892,1.9963702359346642,199.63702359346644,2573.720508166969
3.3204033199999685,12.872,1.9963702359346642,199.63702359346644,2569.7277676951
3.3304637929995806,12.896,1.9963702359346642,199.63702359346644,2574.5190562613434
3.3405248959988967,12.872,2.1778584392014526,199.63702359346644,2569.7277676951
3.3505854249997356,12.892,1.9963702359346642,199.63702359346644,2573.720508166969
3.3606461939998553,12.864,1.9963702359346642,199.63702359346644,2568.1306715063524
3.3707064269983675,12.896,1.9963702359346642,217.7858439201452,2808.566243194193
3.380766455999037,12.872,1.9963702359346642,199.63702359346644,2569.7277676951
3.39082641099958,12.892,1.9963702359346642,181.48820326678765,2339.7459165154264
3.4008870879988535,12.876,1.9963702359346642,199.63702359346644,2570.5263157894738
3.4109480239985714,12.888,1.9963702359346642,199.63702359346644,2572.9219600725955
3.421008534998691,12.876,1.9963702359346642,199.63702359346644,2570.5263157894738
3.4310682859995723,12.888,1.9963702359346642,199.63702359346644,2572.9219600725955
3.441128073998698,12.872,1.9963702359346642,199.63702359346644,2569.7277676951
3.451187991999177,12.888,1.9963702359346642,217.7858439201452,2806.8239564428313
3.461248612999043,12.876,1.9963702359346642,199.63702359346644,2570.5263157894738
3.4713093649988878,12.88,2.1778584392014526,199.63702359346644,2571.3248638838477
3.4813702079991344,12.884,1.9963702359346642,199.63702359346644,2572.1234119782216
3.4914307369999733,12.884,1.9963702359346642,199.63702359346644,2572.1234119782216
3.5014911919988663,12.888,1.9963702359346642,199.63702359346644,2572.9219600725955
3.51155185099924,12.88,1.9963702359346642,199.63702359346644,2571.3248638838477
3.5216125089991692,12.884,1.9963702359346642,217.7858439201452,2805.9528130671506
3.5316724269996485,12.88,1.9963702359346642,199.63702359346644,2571.3248638838477
3.541732362999028,12.88,1.9963702359346642,199.63702359346644,2571.3248638838477
3.5517921509999724,12.88,1.9963702359346642,199.63702359346644,2571.3248638838477
3.5618520509997325,12.884,1.9963702359346642,199.63702359346644,2572.1234119782216
3.5719118199995137,12.88,1.9963702359346642,199.63702359346644,2571.3248638838477
3.5819724049997603,12.884,1.9963702359346642,199.63702359346644,2572.1234119782216
3.5920312109992665,12.88,1.9963702359346642,199.63702359346644,2571.3248638838477
3.6020920549999573,12.888,1.9963702359346642,199.63702359346644,2572.9219600725955
3.6121527689992945,12.876,1.9963702359346642,199.63702359346644,2570.5263157894738
3.622211890999097,12.884,1.9963702359346642,199.63702359346644,2572.1234119782216
3.6322723089997453,12.876,1.9963702359346642,199.63702359346644,2570.5263157894738
3.642332688999886,12.888,1.9963702359346642,199.63702359346644,2572.9219600725955
3.652392551999583,12.876,1.9963702359346642,217.7858439201452,2804.2105263157896
3.662453913999343,12.892,1.9963702359346642,199.63702359346644,2573.720508166969
3.672514775998934,12.864,1.9963702359346642,199.63702359346644,2568.1306715063524
3.6825754530000268,12.896,1.9963702359346642,199.63702359346644,2574.5190562613434
3.692636166999364,12.868,1.9963702359346642,199.63702359346644,2568.9292196007264
3.702696325999568,12.892,1.9963702359346642,199.63702359346644,2573.720508166969
3.712756372999138,12.872,1.9963702359346642,199.63702359346644,2569.7277676951
3.7228172909999557,12.892,1.9963702359346642,199.63702359346644,2573.720508166969
3.7328780609987007,12.872,1.9963702359346642,199.63702359346644,2569.7277676951
3.7429543109992665,12.892,1.9963702359346642,199.63702359346644,2573.720508166969
3.7530180260000634,12.868,1.9963702359346642,199.63702359346644,2568.9292196007264
3.76308116600012,12.896,1.9963702359346642,199.63702359346644,2574.5190562613434
3.773142360998463,12.868,1.9963702359346642,199.63702359346644,2568.9292196007264
3.7832025939987943,12.892,2.1778584392014526,217.7858439201452,2807.6950998185116
3.7932624369987025,12.868,1.9963702359346642,199.63702359346644,2568.9292196007264
3.803322447998653,12.896,1.9963702359346642,199.63702359346644,2574.5190562613434
3.8133842359984556,12.868,1.9963702359346642,199.63702359346644,2568.9292196007264
3.8234450059990195,12.892,1.9963702359346642,199.63702359346644,2573.720508166969
3.8335057200001756,12.868,1.9963702359346642,199.63702359346644,2568.9292196007264
3.8435660999984975,12.9,1.9963702359346642,181.48820326678765,2341.1978221415607
3.8536271849989134,12.864,1.9963702359346642,199.63702359346644,2568.1306715063524
3.8636879729983775,12.9,1.9963702359346642,199.63702359346644,2575.3176043557173
3.873748316998899,12.86,1.9963702359346642,199.63702359346644,2567.3321234119785
3.8838091229990823,12.9,1.9963702359346642,217.7858439201452,2809.437386569873
3.8938698189995193,12.864,1.9963702359346642,199.63702359346644,2568.1306715063524
3.903930237000168,12.892,1.9963702359346642,199.63702359346644,2573.720508166969
3.913991098999759,12.868,1.9963702359346642,199.63702359346644,2568.9292196007264
3.924051886999223,12.896,1.9963702359346642,199.63702359346644,2574.5190562613434
3.934112823999385,12.868,2.1778584392014526,199.63702359346644,2568.9292196007264
3.944173629999568,12.896,1.9963702359346642,199.63702359346644,2574.5190562613434
3.954234400000132,12.864,1.9963702359346642,199.63702359346644,2568.1306715063524
3.964294946999871,12.896,1.9963702359346642,199.63702359346644,2574.5190562613434
3.9743552539985103,12.868,1.9963702359346642,199.63702359346644,2568.9292196007264
3.984415208999053,12.888,1.9963702359346642,199.63702359346644,2572.9219600725955
3.9944768859986652,12.876,1.9963702359346642,199.63702359346644,2570.5263157894738
4.004536914999335,12.888,2.1778584392014526,199.63702359346644,2572.9219600725955
4.014596813998651,12.872,2.1778584392014526,199.63702359346644,2569.7277676951
4.024657231999299,12.888,1.9963702359346642,199.63702359346644,2572.9219600725955
4.03471807599999,12.872,1.9963702359346642,199.63702359346644,2569.7277676951
4.044778752999264,12.888,1.9963702359346642,199.63702359346644,2572.9219600725955
4.054839319000166,12.872,1.9963702359346642,217.7858439201452,2803.339382940109
4.064900032999503,12.888,1.9963702359346642,199.63702359346644,2572.9219600725955
4.0749607469988405,12.88,1.9963702359346642,199.63702359346644,2571.3248638838477
4.085028849998707,12.888,1.9963702359346642,199.63702359346644,2572.9219600725955
4.095112525999866,12.868,1.9963702359346642,199.63702359346644,2568.9292196007264
4.105194850999396,12.892,2.1778584392014526,199.63702359346644,2573.720508166969
4.115275916999963,12.864,1.9963702359346642,199.63702359346644,2568.1306715063524
4.125358092998795,12.892,1.9963702359346642,199.63702359346644,2573.720508166969
4.135438899998917,12.868,1.9963702359346642,199.63702359346644,2568.9292196007264
4.145519169000181,12.892,1.9963702359346642,199.63702359346644,2573.720508166969
4.155600270998548,12.876,1.9963702359346642,199.63702359346644,2570.5263157894738
4.1656752259987115,12.88,1.9963702359346642,217.7858439201452,2805.0816696914703
4.175756087999616,12.872,1.9963702359346642,199.63702359346644,2569.7277676951
4.185848022998471,12.872,2.1778584392014526,199.63702359346644,2569.7277676951
4.195929199999227,12.876,1.9963702359346642,217.7858439201452,2804.2105263157896
4.206008821000069,12.88,1.9963702359346642,199.63702359346644,2571.3248638838477
4.216089738998562,12.876,1.9963702359346642,199.63702359346644,2570.5263157894738
4.2261711379997,12.884,1.9963702359346642,199.63702359346644,2572.1234119782216
4.23625236999942,12.876,1.9963702359346642,199.63702359346644,2570.5263157894738
4.246333342998696,12.884,1.9963702359346642,199.63702359346644,2572.1234119782216
4.256413944998712,12.88,1.9963702359346642,181.48820326678765,2337.568058076225
4.266494954999871,12.876,1.9963702359346642,199.63702359346644,2570.5263157894738
4.276575038998999,12.876,1.9963702359346642,199.63702359346644,2570.5263157894738
4.286682252999526,12.872,1.9963702359346642,199.63702359346644,2569.7277676951
4.296764706999966,12.88,1.9963702359346642,199.63702359346644,2571.3248638838477
4.3068455689990515,12.876,1.9963702359346642,181.48820326678765,2336.8421052631575
4.316928485999597,12.88,1.9963702359346642,199.63702359346644,2571.3248638838477
4.32700942199881,12.876,1.9963702359346642,199.63702359346644,2570.5263157894738
4.337092246998509,12.88,1.9963702359346642,199.63702359346644,2571.3248638838477
4.347172645999308,12.88,1.9963702359346642,199.63702359346644,2571.3248638838477
4.357254673999705,12.88,1.9963702359346642,199.63702359346644,2571.3248638838477
4.367335592000018,12.876,1.9963702359346642,199.63702359346644,2570.5263157894738
4.377416620000076,12.888,1.9963702359346642,199.63702359346644,2572.9219600725955
4.387521573999038,12.864,1.9963702359346642,199.63702359346644,2568.1306715063524
4.397603213999901,12.892,1.9963702359346642,199.63702359346644,2573.720508166969
4.40768374199979,12.864,1.9963702359346642,199.63702359346644,2568.1306715063524
4.417764881998664,12.892,2.1778584392014526,199.63702359346644,2573.720508166969
4.427846021999358,12.868,1.9963702359346642,217.7858439201452,2802.4682395644286
4.437926697999501,12.888,1.9963702359346642,199.63702359346644,2572.9219600725955
4.448008374998608,12.872,1.9963702359346642,199.63702359346644,2569.7277676951
4.458089551999365,12.888,1.9963702359346642,199.63702359346644,2572.9219600725955
4.468170690999614,12.872,1.9963702359346642,217.7858439201452,2803.339382940109
4.4782517939984245,12.884,1.9963702359346642,199.63702359346644,2572.1234119782216
4.488357839998571,12.872,1.9963702359346642,199.63702359346644,2569.7277676951
4.498439183998926,12.888,1.9963702359346642,199.63702359346644,2572.9219600725955
4.50852008199945,12.864,1.9963702359346642,199.63702359346644,2568.1306715063524
4.51859996299936,12.892,1.9963702359346642,199.63702359346644,2573.720508166969
4.528680213999905,12.864,1.9963702359346642,199.63702359346644,2568.1306715063524
4.538760667999668,12.896,1.9963702359346642,199.63702359346644,2574.5190562613434
4.548841029998584,12.868,1.9963702359346642,199.63702359346644,2568.9292196007264
4.558920613999362,12.892,1.9963702359346642,217.7858439201452,2807.6950998185116
4.569002901998829,12.868,1.9963702359346642,199.63702359346644,2568.9292196007264
4.579084077999141,12.888,1.9963702359346642,199.63702359346644,2572.9219600725955
4.589175143999455,12.864,2.1778584392014526,199.63702359346644,2568.1306715063524
4.599256097999387,12.896,1.9963702359346642,199.63702359346644,2574.5190562613434
4.6093384779996995,12.868,1.9963702359346642,199.63702359346644,2568.9292196007264
4.619419247999758,12.896,1.9963702359346642,199.63702359346644,2574.5190562613434
4.62950031299988,12.86,1.9963702359346642,181.48820326678765,2333.938294010889
4.639581507999537,12.9,1.9963702359346642,199.63702359346644,2575.3176043557173
4.649662703999638,12.86,1.8148820326678767,199.63702359346644,2567.3321234119785
4.659743750999041,12.896,1.9963702359346642,199.63702359346644,2574.5190562613434
4.669824611999502,12.868,1.9963702359346642,199.63702359346644,2568.9292196007264
4.679901992998566,12.888,1.9963702359346642,199.63702359346644,2572.9219600725955
4.689991983999789,12.868,1.9963702359346642,199.63702359346644,2568.9292196007264
4.7000687349991495,12.888,1.9963702359346642,199.63702359346644,2572.9219600725955
4.7101456339987635,12.868,1.9963702359346642,217.7858439201452,2802.4682395644286
4.720221939998737,12.896,1.9963702359346642,217.7858439201452,2808.566243194193
4.730298523998499,12.864,1.9963702359346642,199.63702359346644,2568.1306715063524
4.740374533999784,12.896,1.9963702359346642,199.63702359346644,2574.5190562613434
4.750457247999293,12.868,1.9963702359346642,199.63702359346644,2568.9292196007264
4.760540627999944,12.892,1.9963702359346642,199.63702359346644,2573.720508166969
4.770614952998585,12.872,1.9963702359346642,199.63702359346644,2569.7277676951
4.780692037998961,12.888,1.9963702359346642,199.63702359346644,2572.9219600725955
4.790795009999783,12.868,1.9963702359346642,199.63702359346644,2568.9292196007264
4.80087364999963,12.888,1.9963702359346642,199.63702359346644,2572.9219600725955
4.810949677999815,12.868,1.9963702359346642,199.63702359346644,2568.9292196007264
4.821028706999641,12.892,1.9963702359346642,199.63702359346644,2573.720508166969
4.831105679999382,12.868,1.9963702359346642,199.63702359346644,2568.9292196007264
4.84118152299925,12.896,1.9963702359346642,199.63702359346644,2574.5190562613434
4.851258588998462,12.868,1.9963702359346642,199.63702359346644,2568.9292196007264
4.861337913998796,12.892,1.9963702359346642,199.63702359346644,2573.720508166969
4.871414497998558,12.872,1.9963702359346642,199.63702359346644,2569.7277676951
4.881491581998489,12.884,1.9963702359346642,199.63702359346644,2572.1234119782216
4.891635719999613,12.876,1.9963702359346642,199.63702359346644,2570.5263157894738
4.901716507998572,12.88,1.9963702359346642,181.48820326678765,2337.568058076225
4.911798036999244,12.88,1.9963702359346642,199.63702359346644,2571.3248638838477
4.9218790649993025,12.88,1.9963702359346642,199.63702359346644,2571.3248638838477
4.931960796999192,12.876,1.9963702359346642,199.63702359346644,2570.5263157894738
4.942042491999018,12.88,1.9963702359346642,199.63702359346644,2571.3248638838477
4.952124390998506,12.876,1.9963702359346642,199.63702359346644,2570.5263157894738
4.962205567999263,12.884,1.9963702359346642,199.63702359346644,2572.1234119782216
4.9722863560000405,12.876,1.9963702359346642,199.63702359346644,2570.5263157894738
4.98236605099919,12.888,1.9963702359346642,199.63702359346644,2572.9219600725955
4.992457282998657,12.872,1.9963702359346642,199.63702359346644,2569.7277676951
5.002536866999435,12.876,1.9963702359346642,199.63702359346644,2570.5263157894738
5.012613839999176,12.88,1.9963702359346642,181.48820326678765,2337.568058076225
5.022689997998896,12.876,1.9963702359346642,217.7858439201452,2804.2105263157896
5.032768137998573,12.88,1.9963702359346642,199.63702359346644,2571.3248638838477
5.04284498099878,12.88,1.9963702359346642,199.63702359346644,2571.3248638838477
5.052922584000044,12.884,1.9963702359346642,181.48820326678765,2338.294010889292
5.062999538999065,12.88,1.9963702359346642,199.63702359346644,2571.3248638838477
5.0730772520000755,12.88,1.9963702359346642,199.63702359346644,2571.3248638838477
5.083153058998505,12.876,1.9963702359346642,199.63702359346644,2570.5263157894738
5.093242790999284,12.884,1.9963702359346642,199.63702359346644,2572.1234119782216
5.103324300998793,12.872,1.9963702359346642,199.63702359346644,2569.7277676951
5.11340705099974,12.884,1.9963702359346642,199.63702359346644,2572.1234119782216
5.123487838998699,12.868,1.9963702359346642,217.7858439201452,2802.4682395644286
5.1335692559987365,12.888,1.9963702359346642,199.63702359346644,2572.9219600725955
5.143650432999493,12.864,1.9963702359346642,199.63702359346644,2568.1306715063524
5.153731905998939,12.888,1.9963702359346642,199.63702359346644,2572.9219600725955
5.163812397999209,12.868,1.9963702359346642,199.63702359346644,2568.9292196007264
5.173892814998908,12.892,1.9963702359346642,199.63702359346644,2573.720508166969
5.18397386200013,12.872,1.9963702359346642,199.63702359346644,2569.7277676951
5.194064723998963,12.88,1.9963702359346642,199.63702359346644,2571.3248638838477
5.204143270999339,12.872,1.9963702359346642,199.63702359346644,2569.7277676951
5.214219446999778,12.884,1.9963702359346642,217.7858439201452,2805.9528130671506
5.224295660998905,12.864,1.9963702359346642,199.63702359346644,2568.1306715063524
5.2343721899997036,12.892,1.9963702359346642,199.63702359346644,2573.720508166969
5.244448495999677,12.864,2.1778584392014526,199.63702359346644,2568.1306715063524
5.254524339999989,12.892,1.9963702359346642,199.63702359346644,2573.720508166969
5.264599905000068,12.864,1.9963702359346642,217.7858439201452,2801.597096188748
5.27467576699928,12.892,1.9963702359346642,199.63702359346644,2573.720508166969
5.284753295998598,12.868,1.9963702359346642,199.63702359346644,2568.9292196007264
5.2948380279995035,12.888,1.9963702359346642,199.63702359346644,2572.9219600725955
5.30491900099878,12.864,1.9963702359346642,199.63702359346644,2568.1306715063524
5.314999973999875,12.888,1.9963702359346642,199.63702359346644,2572.9219600725955
5.325082631999976,12.868,1.9963702359346642,199.63702359346644,2568.9292196007264
5.335163752999506,12.892,1.9963702359346642,199.63702359346644,2573.720508166969
5.345245966998846,12.86,1.9963702359346642,199.63702359346644,2567.3321234119785
5.355326994998904,12.896,1.9963702359346642,199.63702359346644,2574.5190562613434
5.365409097999873,12.856,1.8148820326678767,199.63702359346644,2566.5335753176046
5.375490237000122,12.896,1.9963702359346642,199.63702359346644,2574.5190562613434
5.385571117998552,12.864,1.9963702359346642,199.63702359346644,2568.1306715063524
5.39566270099931,12.892,1.9963702359346642,199.63702359346644,2573.720508166969
5.405744155999855,12.868,1.9963702359346642,199.63702359346644,2568.9292196007264
5.415825183999914,12.884,1.9963702359346642,181.48820326678765,2338.294010889292
5.425905639000121,12.868,1.9963702359346642,199.63702359346644,2568.9292196007264
5.435984870999164,12.888,1.9963702359346642,199.63702359346644,2572.9219600725955
5.446065528998588,12.868,1.9963702359346642,199.63702359346644,2568.9292196007264
5.456146057998922,12.892,1.9963702359346642,199.63702359346644,2573.720508166969
5.466226493999784,12.864,1.9963702359346642,199.63702359346644,2568.1306715063524
5.476306780999948,12.896,1.9963702359346642,199.63702359346644,2574.5190562613434
5.48638690199914,12.864,1.9963702359346642,199.63702359346644,2568.1306715063524
5.496469708999939,12.896,1.9963702359346642,199.63702359346644,2574.5190562613434
5.506550884998433,12.86,1.9963702359346642,199.63702359346644,2567.3321234119785
5.51663167299921,12.888,1.9963702359346642,199.63702359346644,2572.9219600725955
5.526712552999015,12.868,1.9963702359346642,199.63702359346644,2568.9292196007264
5.536792988999878,12.888,1.9963702359346642,199.63702359346644,2572.9219600725955
5.5468737769988365,12.868,1.9963702359346642,199.63702359346644,2568.9292196007264
5.556956417000038,12.892,1.9963702359346642,199.63702359346644,2573.720508166969
5.567036500999166,12.872,1.9963702359346642,199.63702359346644,2569.7277676951
5.577118454999436,12.896,1.9963702359346642,199.63702359346644,2574.5190562613434
5.5871993729997484,12.868,1.9963702359346642,217.7858439201452,2802.4682395644286
5.597279771000103,12.892,1.8148820326678767,199.63702359346644,2573.720508166969
5.607357966999189,12.872,1.9963702359346642,199.63702359346644,2569.7277676951
5.617440883999734,12.888,1.9963702359346642,199.63702359346644,2572.9219600725955
5.627522523998778,12.876,1.9963702359346642,199.63702359346644,2570.5263157894738
5.637602236998646,12.88,2.1778584392014526,199.63702359346644,2571.3248638838477
5.647683098999551,12.88,1.9963702359346642,199.63702359346644,2571.3248638838477
5.657764349998615,12.884,1.9963702359346642,199.63702359346644,2572.1234119782216
5.667843599998378,12.876,1.9963702359346642,199.63702359346644,2570.5263157894738
5.677923980998457,12.888,1.9963702359346642,199.63702359346644,2572.9219600725955
5.688003268998727,12.876,1.9963702359346642,199.63702359346644,2570.5263157894738
5.698080870999547,12.888,1.9963702359346642,199.63702359346644,2572.9219600725955
5.708157362998463,12.876,1.9963702359346642,199.63702359346644,2570.5263157894738
5.71823441000015,12.88,1.9963702359346642,199.63702359346644,2571.3248638838477
5.728310604999933,12.88,1.9963702359346642,199.63702359346644,2571.3248638838477
5.738387374000013,12.876,1.8148820326678767,199.63702359346644,2570.5263157894738
5.748486495000179,12.884,1.9963702359346642,199.63702359346644,2572.1234119782216
5.758564800999011,12.876,1.9963702359346642,199.63702359346644,2570.5263157894738
5.768642645,12.884,1.9963702359346642,199.63702359346644,2572.1234119782216
5.778720524998789,12.88,1.9963702359346642,199.63702359346644,2571.3248638838477
5.788799627998742,12.884,1.9963702359346642,199.63702359346644,2572.1234119782216
5.798873433999688,12.876,1.9963702359346642,217.7858439201452,2804.2105263157896
5.808950869999535,12.884,1.9963702359346642,217.7858439201452,2805.9528130671506
5.819026713999847,12.872,2.1778584392014526,199.63702359346644,2569.7277676951
5.829104593998636,12.888,1.9963702359346642,199.63702359346644,2572.9219600725955
5.839180715000111,12.868,1.9963702359346642,199.63702359346644,2568.9292196007264
5.849258761998499,12.892,1.9963702359346642,199.63702359346644,2573.720508166969
5.859332254000037,12.868,1.9963702359346642,199.63702359346644,2568.9292196007264
5.8694114119989536,12.888,1.9963702359346642,199.63702359346644,2572.9219600725955
5.879487717998927,12.872,1.9963702359346642,199.63702359346644,2569.7277676951
5.889563820999683,12.892,1.9963702359346642,199.63702359346644,2573.720508166969
5.899639997998747,12.876,1.9963702359346642,217.7858439201452,2804.2105263157896
5.909721340998658,12.884,1.9963702359346642,199.63702359346644,2572.1234119782216
5.919802443999288,12.876,1.9963702359346642,199.63702359346644,2570.5263157894738
5.929882953998458,12.88,1.9963702359346642,199.63702359346644,2571.3248638838477
5.939964351999151,12.876,1.9963702359346642,199.63702359346644,2570.5263157894738
5.950045288000183,12.892,1.9963702359346642,199.63702359346644,2573.720508166969
5.960126094998486,12.864,1.9963702359346642,199.63702359346644,2568.1306715063524
5.9702067709986295,12.892,1.9963702359346642,199.63702359346644,2573.720508166969
5.980287225998836,12.864,1.9963702359346642,199.63702359346644,2568.1306715063524
5.990368401999149,12.896,1.9963702359346642,199.63702359346644,2574.5190562613434
6.0004440789998625,12.868,1.9963702359346642,199.63702359346644,2568.9292196007264
6.010524310999244,12.896,1.9963702359346642,217.7858439201452,2808.566243194193
6.020604524999726,12.864,1.9963702359346642,199.63702359346644,2568.1306715063524
6.030685367999467,12.888,1.9963702359346642,199.63702359346644,2572.9219600725955
6.040768248998575,12.868,2.1778584392014526,199.63702359346644,2568.9292196007264
6.050850017998528,12.892,1.9963702359346642,199.63702359346644,2573.720508166969
6.060933045999263,12.868,1.9963702359346642,199.63702359346644,2568.9292196007264
6.071012518999851,12.896,1.9963702359346642,199.63702359346644,2574.5190562613434
6.081095010998979,12.86,1.9963702359346642,199.63702359346644,2567.3321234119785
6.091170742998656,12.896,1.9963702359346642,217.7858439201452,2808.566243194193
6.101247807999243,12.86,1.9963702359346642,199.63702359346644,2567.3321234119785
6.111325077999936,12.892,1.9963702359346642,199.63702359346644,2573.720508166969
6.121403587998429,12.868,1.9963702359346642,199.63702359346644,2568.9292196007264
6.1314796159986145,12.884,1.9963702359346642,199.63702359346644,2572.1234119782216
6.141557644999921,12.868,1.8148820326678767,199.63702359346644,2568.9292196007264
6.1516341179994924,12.892,1.9963702359346642,199.63702359346644,2573.720508166969
6.161711683998874,12.868,1.9963702359346642,199.63702359346644,2568.9292196007264
6.171788470999672,12.896,1.9963702359346642,199.63702359346644,2574.5190562613434
6.181866258999435,12.864,1.9963702359346642,199.63702359346644,2568.1306715063524
6.191942714000106,12.896,1.9963702359346642,199.63702359346644,2574.5190562613434
6.202029426998706,12.864,1.9963702359346642,199.63702359346644,2568.1306715063524
6.212106455999674,12.896,2.1778584392014526,199.63702359346644,2574.5190562613434
6.222187891999056,12.864,1.9963702359346642,199.63702359346644,2568.1306715063524
6.2322686789993895,12.896,1.9963702359346642,199.63702359346644,2574.5190562613434
6.242349670999829,12.868,1.9963702359346642,199.63702359346644,2568.9292196007264
6.252430235999782,12.888,2.1778584392014526,199.63702359346644,2572.9219600725955
6.262511097998868,12.868,1.9963702359346642,199.63702359346644,2568.9292196007264
6.27259201599918,12.892,1.9963702359346642,199.63702359346644,2573.720508166969
6.282672580999133,12.868,1.9963702359346642,199.63702359346644,2568.9292196007264
6.292756035998536,12.896,1.9963702359346642,199.63702359346644,2574.5190562613434
6.302845989999696,12.868,1.9963702359346642,199.63702359346644,2568.9292196007264
6.312928870000178,12.892,1.9963702359346642,199.63702359346644,2573.720508166969
6.323010602000068,12.868,1.9963702359346642,199.63702359346644,2568.9292196007264
6.33309324199945,12.892,1.9963702359346642,199.63702359346644,2573.720508166969
6.343174158999318,12.872,1.9963702359346642,199.63702359346644,2569.7277676951
6.353256446998785,12.88,1.9963702359346642,199.63702359346644,2571.3248638838477
6.3633372349995625,12.876,1.9963702359346642,199.63702359346644,2570.5263157894738
6.373417670998606,12.88,1.9963702359346642,199.63702359346644,2571.3248638838477
6.383498402999976,12.876,1.9963702359346642,217.7858439201452,2804.2105263157896
6.393578523999167,12.888,1.9963702359346642,199.63702359346644,2572.9219600725955
6.403685088998827,12.876,1.9963702359346642,199.63702359346644,2570.5263157894738
6.413766505998865,12.888,1.9963702359346642,199.63702359346644,2572.9219600725955
6.423847775999093,12.868,1.9963702359346642,199.63702359346644,2568.9292196007264
6.433928192998792,12.888,1.9963702359346642,181.48820326678765,2339.0199637023593
6.444008406999274,12.872,1.9963702359346642,199.63702359346644,2569.7277676951
6.454088990998571,12.888,1.9963702359346642,199.63702359346644,2572.9219600725955
6.4641699269996025,12.88,1.9963702359346642,199.63702359346644,2571.3248638838477
6.474250602999746,12.876,1.9963702359346642,199.63702359346644,2570.5263157894738
6.484331334999297,12.884,2.1778584392014526,199.63702359346644,2572.1234119782216
6.494412252999609,12.872,1.9963702359346642,217.7858439201452,2803.339382940109
6.504516039998634,12.884,1.9963702359346642,199.63702359346644,2572.1234119782216
6.51459712399992,12.872,2.1778584392014526,199.63702359346644,2569.7277676951
6.524678337998921,12.884,1.9963702359346642,199.63702359346644,2572.1234119782216
6.534758495999995,12.872,1.9963702359346642,181.48820326678765,2336.116152450091
6.544838449999588,12.88,1.9963702359346642,199.63702359346644,2571.3248638838477
6.554918774998441,12.876,1.9963702359346642,199.63702359346644,2570.5263157894738
6.565001747998394,12.884,1.9963702359346642,199.63702359346644,2572.1234119782216
6.575081090999447,12.876,1.8148820326678767,199.63702359346644,2570.5263157894738
6.585160378999717,12.888,1.9963702359346642,181.48820326678765,2339.0199637023593
6.595241018998422,12.868,1.9963702359346642,199.63702359346644,2568.9292196007264
6.605346601998463,12.888,1.9963702359346642,199.63702359346644,2572.9219600725955
6.615427204998923,12.868,1.9963702359346642,199.63702359346644,2568.9292196007264
6.625508306999109,12.884,2.1778584392014526,199.63702359346644,2572.1234119782216
6.635588613999062,12.872,1.9963702359346642,199.63702359346644,2569.7277676951
6.645669456998803,12.884,1.9963702359346642,199.63702359346644,2572.1234119782216
6.655750207999517,12.876,1.9963702359346642,199.63702359346644,2570.5263157894738
6.665830439998899,12.884,1.9963702359346642,199.63702359346644,2572.1234119782216
6.675910283000121,12.872,1.9963702359346642,199.63702359346644,2569.7277676951
6.685990922998826,12.892,2.1778584392014526,217.7858439201452,2807.6950998185116
6.696071858999858,12.864,1.9963702359346642,199.63702359346644,2568.1306715063524
6.706162830998437,12.896,1.9963702359346642,199.63702359346644,2574.5190562613434
6.716242877999321,12.864,1.9963702359346642,199.63702359346644,2568.1306715063524
6.72631831399849,12.896,1.9963702359346642,199.63702359346644,2574.5190562613434
6.736398953999014,12.86,1.9963702359346642,199.63702359346644,2567.3321234119785
6.746504240998547,12.896,1.9963702359346642,181.48820326678765,2340.4718693284935
6.756589361999431,12.864,1.9963702359346642,199.63702359346644,2568.1306715063524
6.766670741999405,12.888,1.9963702359346642,199.63702359346644,2572.9219600725955
6.776753733998703,12.868,1.9963702359346642,199.63702359346644,2568.9292196007264
6.786835391998466,12.892,1.9963702359346642,199.63702359346644,2573.720508166969
6.796919827998863,12.872,1.9963702359346642,199.63702359346644,2569.7277676951
6.807087020999461,12.892,1.9963702359346642,199.63702359346644,2573.720508166969
6.8171656049999,12.86,1.9963702359346642,199.63702359346644,2567.3321234119785
6.827242762999958,12.892,1.9963702359346642,199.63702359346644,2573.720508166969
6.83732116200008,12.86,1.9963702359346642,199.63702359346644,2567.3321234119785
6.847398672000054,12.892,1.9963702359346642,199.63702359346644,2573.720508166969
6.8574768859998585,12.868,1.9963702359346642,199.63702359346644,2568.9292196007264
6.86755408099998,12.892,1.9963702359346642,199.63702359346644,2573.720508166969
6.877633016998516,12.868,1.9963702359346642,199.63702359346644,2568.9292196007264
6.887709545999314,12.888,2.1778584392014526,199.63702359346644,2572.9219600725955
6.897787277999669,12.868,1.9963702359346642,199.63702359346644,2568.9292196007264
6.907873824999115,12.896,1.9963702359346642,199.63702359346644,2574.5190562613434
6.9179561309993005,12.864,1.9963702359346642,199.63702359346644,2568.1306715063524
6.928037659999973,12.896,1.9963702359346642,199.63702359346644,2574.5190562613434
6.938119354999799,12.856,1.9963702359346642,217.7858439201452,2799.854809437387
6.948200938999435,12.896,1.9963702359346642,199.63702359346644,2574.5190562613434
6.958280838000064,12.86,1.9963702359346642,199.63702359346644,2567.3321234119785
6.968361273999108,12.896,1.8148820326678767,199.63702359346644,2574.5190562613434
6.978442097999505,12.864,1.9963702359346642,199.63702359346644,2568.1306715063524
6.9885232749984425,12.892,1.9963702359346642,199.63702359346644,2573.720508166969
6.998604858999897,12.868,1.9963702359346642,199.63702359346644,2568.9292196007264
7.008696831999259,12.888,1.9963702359346642,199.63702359346644,2572.9219600725955
7.018776416000037,12.872,1.9963702359346642,199.63702359346644,2569.7277676951
7.028852407000159,12.888,1.9963702359346642,199.63702359346644,2572.9219600725955
7.038929342999836,12.868,1.9963702359346642,199.63702359346644,2568.9292196007264
7.049007630999768,12.892,1.9963702359346642,199.63702359346644,2573.720508166969
7.059084640999572,12.864,1.9963702359346642,199.63702359346644,2568.1306715063524
7.06916252100018,12.892,1.9963702359346642,199.63702359346644,2573.720508166969
7.079238790998716,12.872,1.9963702359346642,199.63702359346644,2569.7277676951
7.089316226998562,12.884,1.9963702359346642,199.63702359346644,2572.1234119782216
7.099393200000122,12.876,1.9963702359346642,199.63702359346644,2570.5263157894738
7.109466098998382,12.884,1.9963702359346642,199.63702359346644,2572.1234119782216
7.1195416639984614,12.872,1.9963702359346642,199.63702359346644,2569.7277676951
7.129622136999387,12.884,1.9963702359346642,199.63702359346644,2572.1234119782216
7.139699350998853,12.868,1.9963702359346642,217.7858439201452,2802.4682395644286
7.149780508998447,12.884,1.9963702359346642,199.63702359346644,2572.1234119782216
7.159861833999457,12.872,1.9963702359346642,199.63702359346644,2569.7277676951
7.169942787999389,12.888,1.9963702359346642,199.63702359346644,2572.9219600725955
7.180019057999743,12.872,1.9963702359346642,199.63702359346644,2569.7277676951
7.190098641998702,12.888,1.9963702359346642,199.63702359346644,2572.9219600725955
7.200179595998634,12.876,1.9963702359346642,199.63702359346644,2570.5263157894738
7.210271957999794,12.876,1.9963702359346642,199.63702359346644,2570.5263157894738
7.2203522639993025,12.88,1.9963702359346642,199.63702359346644,2571.3248638838477
7.23043305200008,12.872,1.9963702359346642,199.63702359346644,2569.7277676951
7.240513746999568,12.88,1.9963702359346642,199.63702359346644,2571.3248638838477
7.2505949229998805,12.872,1.8148820326678767,199.63702359346644,2569.7277676951
7.260675506999178,12.884,1.9963702359346642,199.63702359346644,2572.1234119782216
7.270756739999342,12.88,1.9963702359346642,199.63702359346644,2571.3248638838477
7.28083924999919,12.876,1.9963702359346642,199.63702359346644,2570.5263157894738
7.290920277999248,12.88,1.9963702359346642,199.63702359346644,2571.3248638838477
7.300995972998862,12.88,1.9963702359346642,199.63702359346644,2571.3248638838477
7.311101186000087,12.88,1.9963702359346642,199.63702359346644,2571.3248638838477
7.321183844998814,12.884,1.9963702359346642,199.63702359346644,2572.1234119782216
7.331265002998407,12.872,1.9963702359346642,199.63702359346644,2569.7277676951
7.341347030998804,12.88,1.9963702359346642,199.63702359346644,2571.3248638838477
7.351427466999667,12.868,1.9963702359346642,199.63702359346644,2568.9292196007264
7.361507828998583,12.884,1.9963702359346642,199.63702359346644,2572.1234119782216
7.371585208999022,12.876,1.9963702359346642,199.63702359346644,2570.5263157894738
7.3816660149987,12.884,1.9963702359346642,199.63702359346644,2572.1234119782216
7.391746950999732,12.876,2.1778584392014526,199.63702359346644,2570.5263157894738
7.401827423998839,12.884,1.9963702359346642,199.63702359346644,2572.1234119782216
7.411934433999704,12.876,1.9963702359346642,199.63702359346644,2570.5263157894738
7.422015517999171,12.888,1.9963702359346642,199.63702359346644,2572.9219600725955
7.432092342998658,12.868,1.8148820326678767,199.63702359346644,2568.9292196007264
7.442173833998822,12.892,2.1778584392014526,181.48820326678765,2339.7459165154264
7.452254787998754,12.856,1.9963702359346642,199.63702359346644,2566.5335753176046
7.462335834999976,12.892,1.9963702359346642,199.63702359346644,2573.720508166969
7.472416918999443,12.864,1.9963702359346642,199.63702359346644,2568.1306715063524
7.482497817998592,12.892,1.9963702359346642,199.63702359346644,2573.720508166969
7.492578642999433,12.868,1.9963702359346642,199.63702359346644,2568.9292196007264
7.50265305999892,12.888,1.9963702359346642,199.63702359346644,2572.9219600725955
7.512800384000002,12.868,1.9963702359346642,199.63702359346644,2568.9292196007264
7.522877615998368,12.888,1.9963702359346642,217.7858439201452,2806.8239564428313
7.532953792999251,12.868,1.9963702359346642,199.63702359346644,2568.9292196007264
7.5430347099991195,12.888,1.9963702359346642,199.63702359346644,2572.9219600725955
7.553117349998502,12.868,1.9963702359346642,199.63702359346644,2568.9292196007264
7.563197118999597,12.896,1.9963702359346642,199.63702359346644,2574.5190562613434
7.573271870000099,12.86,2.1778584392014526,199.63702359346644,2567.3321234119785
7.583346453999184,12.896,1.9963702359346642,199.63702359346644,2574.5190562613434
7.593426630999602,12.864,1.9963702359346642,199.63702359346644,2568.1306715063524
7.6035070849993645,12.896,1.9963702359346642,199.63702359346644,2574.5190562613434
7.6136162980001245,12.864,1.9963702359346642,199.63702359346644,2568.1306715063524
7.623692289998871,12.892,1.9963702359346642,199.63702359346644,2573.720508166969
7.633769280999331,12.864,1.9963702359346642,217.7858439201452,2801.597096188748
7.643851068998629,12.892,1.9963702359346642,199.63702359346644,2573.720508166969
7.653925504999279,12.86,1.8148820326678767,199.63702359346644,2567.3321234119785
7.664011310998831,12.9,1.9963702359346642,199.63702359346644,2575.3176043557173
7.674088746998677,12.86,1.9963702359346642,199.63702359346644,2567.3321234119785
7.684170589998757,12.9,1.9963702359346642,217.7858439201452,2809.437386569873
7.694250951999493,12.86,1.9963702359346642,199.63702359346644,2567.3321234119785
7.704331479999382,12.896,1.9963702359346642,199.63702359346644,2574.5190562613434
7.7144256939991465,12.864,1.9963702359346642,199.63702359346644,2568.1306715063524
7.724499351999839,12.892,1.9963702359346642,199.63702359346644,2573.720508166969
7.734578046998649,12.868,1.9963702359346642,199.63702359346644,2568.9292196007264
7.744674834999387,12.884,1.9963702359346642,199.63702359346644,2572.1234119782216
7.754754547999255,12.872,1.9963702359346642,199.63702359346644,2569.7277676951
7.764833798999462,12.888,1.9963702359346642,199.63702359346644,2572.9219600725955
7.774910030999308,12.868,1.9963702359346642,199.63702359346644,2568.9292196007264
7.784990337999261,12.896,1.9963702359346642,199.63702359346644,2574.5190562613434
7.795064513999023,12.868,1.8148820326678767,199.63702359346644,2568.9292196007264
7.805142375998912,12.896,1.9963702359346642,199.63702359346644,2574.5190562613434
7.815251922998868,12.872,1.9963702359346642,199.63702359346644,2569.7277676951
7.82532839599844,12.888,1.9963702359346642,199.63702359346644,2572.9219600725955
7.8354054060000635,12.872,1.9963702359346642,199.63702359346644,2569.7277676951
7.8454822299991065,12.884,1.9963702359346642,199.63702359346644,2572.1234119782216
7.855559499999799,12.868,2.1778584392014526,199.63702359346644,2568.9292196007264
7.865637805998631,12.888,1.9963702359346642,199.63702359346644,2572.9219600725955
7.875720315998478,12.868,1.9963702359346642,199.63702359346644,2568.9292196007264
7.885799066998516,12.892,1.9963702359346642,199.63702359346644,2573.720508166969
7.895880594998744,12.868,1.9963702359346642,199.63702359346644,2568.9292196007264
7.905957363998823,12.892,1.9963702359346642,199.63702359346644,2573.720508166969
7.916057040998567,12.872,1.9963702359346642,199.63702359346644,2569.7277676951
7.926133568998921,12.884,1.9963702359346642,199.63702359346644,2572.1234119782216
7.9362105049985985,12.876,1.9963702359346642,199.63702359346644,2570.5263157894738
7.946286644999418,12.876,1.9963702359346642,199.63702359346644,2570.5263157894738
7.956369191999329,12.88,1.9963702359346642,199.63702359346644,2571.3248638838477
7.96644240599926,12.872,1.9963702359346642,199.63702359346644,2569.7277676951
7.976524081999742,12.884,1.9963702359346642,199.63702359346644,2572.1234119782216
7.9866007219989115,12.88,1.9963702359346642,181.48820326678765,2337.568058076225
7.996676712999033,12.88,1.9963702359346642,199.63702359346644,2571.3248638838477
8.006753001000106,12.884,1.9963702359346642,217.7858439201452,2805.9528130671506
8.016832677998536,12.88,1.9963702359346642,199.63702359346644,2571.3248638838477
8.026916853999865,12.884,1.9963702359346642,199.63702359346644,2572.1234119782216
8.036996086999352,12.88,1.9963702359346642,199.63702359346644,2571.3248638838477
8.04707226299979,12.876,1.9963702359346642,199.63702359346644,2570.5263157894738
8.057149569998728,12.88,2.1778584392014526,199.63702359346644,2571.3248638838477
8.067225338998469,12.872,2.1778584392014526,199.63702359346644,2569.7277676951
8.07730281199838,12.884,2.1778584392014526,199.63702359346644,2572.1234119782216
8.087378413998522,12.876,1.9963702359346642,199.63702359346644,2570.5263157894738
8.097455627999807,12.884,2.1778584392014526,199.63702359346644,2572.1234119782216
8.107535119999739,12.876,1.9963702359346642,199.63702359346644,2570.5263157894738
8.11762325899872,12.884,1.9963702359346642,199.63702359346644,2572.1234119782216
8.127699157999814,12.88,1.9963702359346642,199.63702359346644,2571.3248638838477
8.137776519999534,12.888,1.9963702359346642,199.63702359346644,2572.9219600725955
8.147859973998493,12.872,1.9963702359346642,199.63702359346644,2569.7277676951
8.157937909998509,12.892,1.9963702359346642,199.63702359346644,2573.720508166969
8.168013512999096,12.86,1.9963702359346642,199.63702359346644,2567.3321234119785
8.178089855999133,12.892,1.9963702359346642,199.63702359346644,2573.720508166969
8.188165902998662,12.864,1.9963702359346642,199.63702359346644,2568.1306715063524
8.198241598000095,12.896,1.9963702359346642,199.63702359346644,2574.5190562613434
8.208317515998715,12.868,1.9963702359346642,199.63702359346644,2568.9292196007264
8.218458061999627,12.892,1.9963702359346642,199.63702359346644,2573.720508166969
8.228548163999221,12.868,1.9963702359346642,199.63702359346644,2568.9292196007264
8.238627414999428,12.888,1.9963702359346642,199.63702359346644,2572.9219600725955
8.248708313998577,12.872,1.9963702359346642,199.63702359346644,2569.7277676951
8.258785878999333,12.884,1.9963702359346642,217.7858439201452,2805.9528130671506
8.268869759000154,12.872,1.9963702359346642,199.63702359346644,2569.7277676951
8.27895062099924,12.892,2.1778584392014526,199.63702359346644,2573.720508166969
8.289033001999996,12.864,1.9963702359346642,199.63702359346644,2568.1306715063524
8.299109751998913,12.896,1.9963702359346642,199.63702359346644,2574.5190562613434
8.30919248399914,12.864,1.9963702359346642,199.63702359346644,2568.1306715063524
8.31928514199899,12.896,1.9963702359346642,199.63702359346644,2574.5190562613434
8.329368097000042,12.868,1.9963702359346642,199.63702359346644,2568.9292196007264
8.339449217999572,12.896,1.9963702359346642,199.63702359346644,2574.5190562613434
8.3495307459998,12.864,1.9963702359346642,217.7858439201452,2801.597096188748
8.359611588999542,12.892,1.9963702359346642,217.7858439201452,2807.6950998185116
8.369688432998373,12.864,2.1778584392014526,199.63702359346644,2568.1306715063524
8.379767831998834,12.892,1.9963702359346642,199.63702359346644,2573.720508166969
8.38984902699849,12.864,1.9963702359346642,199.63702359346644,2568.1306715063524
8.399929518000135,12.896,1.9963702359346642,199.63702359346644,2574.5190562613434
8.41000993599846,12.86,1.9963702359346642,199.63702359346644,2567.3321234119785
8.420117407998987,12.9,1.9963702359346642,199.63702359346644,2575.3176043557173
8.430194621998453,12.86,1.9963702359346642,199.63702359346644,2567.3321234119785
8.440275520999421,12.896,1.9963702359346642,199.63702359346644,2574.5190562613434
8.450356344999818,12.868,1.9963702359346642,199.63702359346644,2568.9292196007264
8.460436595998544,12.888,1.9963702359346642,199.63702359346644,2572.9219600725955
8.470517216999724,12.868,1.9963702359346642,181.48820326678765,2335.3901996370237
8.480597819998366,12.88,1.9963702359346642,199.63702359346644,2571.3248638838477
8.49067821799872,12.872,1.9963702359346642,199.63702359346644,2569.7277676951
8.50076063599954,12.892,1.9963702359346642,199.63702359346644,2573.720508166969
8.510841682998944,12.872,1.9963702359346642,181.48820326678765,2336.116152450091
8.520947654998963,12.892,1.9963702359346642,199.63702359346644,2573.720508166969
8.531024905998493,12.868,1.9963702359346642,199.63702359346644,2568.9292196007264
8.541108822999377,12.896,1.9963702359346642,181.48820326678765,2340.4718693284935
8.551189591998991,12.864,1.9963702359346642,199.63702359346644,2568.1306715063524
8.561271417000171,12.896,1.9963702359346642,199.63702359346644,2574.5190562613434
8.571352056998876,12.864,1.9963702359346642,199.63702359346644,2568.1306715063524
8.581427843999336,12.884,1.9963702359346642,199.63702359346644,2572.1234119782216
8.591509316998781,12.872,1.9963702359346642,199.63702359346644,2569.7277676951
8.601589993999369,12.884,1.9963702359346642,199.63702359346644,2572.1234119782216
8.611670021999089,12.872,1.9963702359346642,217.7858439201452,2803.339382940109
8.621760124999128,12.888,1.9963702359346642,199.63702359346644,2572.9219600725955
8.631837375998657,12.872,1.9963702359346642,199.63702359346644,2569.7277676951
8.641915570999117,12.892,1.9963702359346642,199.63702359346644,2573.720508166969
8.651992506998795,12.872,1.9963702359346642,199.63702359346644,2569.7277676951
8.662069497999255,12.88,1.9963702359346642,199.63702359346644,2571.3248638838477
8.6721422669998,12.876,1.9963702359346642,199.63702359346644,2570.5263157894738
8.682218943999032,12.872,1.9963702359346642,199.63702359346644,2569.7277676951
8.692295658000148,12.88,1.9963702359346642,199.63702359346644,2571.3248638838477
8.702371722998578,12.876,1.9963702359346642,199.63702359346644,2570.5263157894738
8.712448047999715,12.88,1.8148820326678767,199.63702359346644,2571.3248638838477
8.722527742998864,12.88,1.9963702359346642,199.63702359346644,2571.3248638838477
8.732608364000043,12.88,1.9963702359346642,199.63702359346644,2571.3248638838477
8.74269924500004,12.88,1.9963702359346642,199.63702359346644,2571.3248638838477
8.752787402998365,12.876,1.9963702359346642,199.63702359346644,2570.5263157894738
8.762869319998572,12.884,1.9963702359346642,199.63702359346644,2572.1234119782216
8.772956958999202,12.872,1.9963702359346642,199.63702359346644,2569.7277676951
8.783038302999557,12.884,1.9963702359346642,181.48820326678765,2338.294010889292
8.79311562699877,12.88,1.9963702359346642,199.63702359346644,2571.3248638838477
8.803192507999483,12.872,1.9963702359346642,199.63702359346644,2569.7277676951
8.813276350998422,12.884,1.9963702359346642,199.63702359346644,2572.1234119782216
8.823440414998913,12.868,1.9963702359346642,199.63702359346644,2568.9292196007264
8.83351846199912,12.884,1.9963702359346642,199.63702359346644,2572.1234119782216
8.843594934998691,12.876,1.9963702359346642,199.63702359346644,2570.5263157894738
8.85367270399911,12.884,1.9963702359346642,199.63702359346644,2572.1234119782216
8.863748787998702,12.872,1.9963702359346642,199.63702359346644,2569.7277676951
8.873830464999628,12.884,1.9963702359346642,199.63702359346644,2572.1234119782216
8.883907085999454,12.872,1.9963702359346642,199.63702359346644,2569.7277676951
8.893985187998624,12.888,1.9963702359346642,199.63702359346644,2572.9219600725955
8.904061049999655,12.864,1.9963702359346642,199.63702359346644,2568.1306715063524
8.91413804199874,12.892,1.9963702359346642,199.63702359346644,2573.720508166969
8.924223236999751,12.864,2.1778584392014526,199.63702359346644,2568.1306715063524
8.93429554299837,12.892,1.8148820326678767,199.63702359346644,2573.720508166969
8.94437179399938,12.868,1.9963702359346642,199.63702359346644,2568.9292196007264
8.954449581999143,12.892,1.9963702359346642,199.63702359346644,2573.720508166969
8.96452325899918,12.872,1.9963702359346642,199.63702359346644,2569.7277676951
8.974599490999026,12.884,1.9963702359346642,199.63702359346644,2572.1234119782216
8.984675370998957,12.872,1.9963702359346642,199.63702359346644,2569.7277676951
8.994751362999523,12.884,1.9963702359346642,181.48820326678765,2338.294010889292
9.004828890998397,12.868,1.9963702359346642,199.63702359346644,2568.9292196007264
9.014906104999682,12.892,1.9963702359346642,199.63702359346644,2573.720508166969
9.024978466999528,12.864,1.9963702359346642,199.63702359346644,2568.1306715063524
9.03506256899891,12.896,1.9963702359346642,199.63702359346644,2574.5190562613434
9.04514528299842,12.864,1.9963702359346642,199.63702359346644,2568.1306715063524
9.055225847998372,12.896,1.9963702359346642,199.63702359346644,2574.5190562613434
9.065307487999235,12.864,1.9963702359346642,199.63702359346644,2568.1306715063524
9.075387182998384,12.896,1.9963702359346642,199.63702359346644,2574.5190562613434
9.085465062998992,12.86,1.9963702359346642,181.48820326678765,2333.938294010889
9.0955414809996,12.892,1.9963702359346642,199.63702359346644,2573.720508166969
9.10562249099894,12.864,1.9963702359346642,199.63702359346644,2568.1306715063524
9.11570272300014,12.892,2.1778584392014526,199.63702359346644,2573.720508166969
9.125779084999522,12.868,1.9963702359346642,199.63702359346644,2568.9292196007264
9.135855575999813,12.9,1.9963702359346642,199.63702359346644,2575.3176043557173
9.145933326999511,12.86,1.9963702359346642,199.63702359346644,2567.3321234119785
9.156008930000098,12.896,1.9963702359346642,199.63702359346644,2574.5190562613434
9.16608551399986,12.864,1.9963702359346642,199.63702359346644,2568.1306715063524
9.17616156099939,12.888,1.9963702359346642,199.63702359346644,2572.9219600725955
9.186237477999384,12.872,1.9963702359346642,199.63702359346644,2569.7277676951
9.196313173999442,12.884,1.9963702359346642,199.63702359346644,2572.1234119782216
9.206389275999754,12.872,1.9963702359346642,199.63702359346644,2569.7277676951
9.216465470999538,12.892,1.9963702359346642,199.63702359346644,2573.720508166969
9.226550407000104,12.868,1.9963702359346642,199.63702359346644,2568.9292196007264
9.236630731998957,12.896,1.9963702359346642,199.63702359346644,2574.5190562613434
9.246711445999608,12.868,1.9963702359346642,199.63702359346644,2568.9292196007264
9.256793769998694,12.896,1.9963702359346642,199.63702359346644,2574.5190562613434
9.266874187998837,12.864,1.9963702359346642,199.63702359346644,2568.1306715063524
9.276956752999467,12.896,1.9963702359346642,217.7858439201452,2808.566243194193
9.287036615000034,12.864,1.9963702359346642,199.63702359346644,2568.1306715063524
9.297113031998379,12.896,1.9963702359346642,199.63702359346644,2574.5190562613434
9.307193302000087,12.872,1.9963702359346642,199.63702359346644,2569.7277676951
9.317275255998538,12.884,1.9963702359346642,199.63702359346644,2572.1234119782216
9.327367098998366,12.872,1.9963702359346642,199.63702359346644,2569.7277676951
9.33746253499885,12.888,1.9963702359346642,199.63702359346644,2572.9219600725955
9.347537173998717,12.868,1.9963702359346642,181.48820326678765,2335.3901996370237
9.35760972099888,12.892,1.9963702359346642,199.63702359346644,2573.720508166969
9.36768382399896,12.872,1.9963702359346642,199.63702359346644,2569.7277676951
9.377756352998404,12.888,2.1778584392014526,199.63702359346644,2572.9219600725955
9.387833454999054,12.876,1.9963702359346642,199.63702359346644,2570.5263157894738
9.397906705999048,12.876,2.1778584392014526,199.63702359346644,2570.5263157894738
9.407983622999382,12.88,2.1778584392014526,199.63702359346644,2571.3248638838477
9.418060873998911,12.88,1.9963702359346642,217.7858439201452,2805.0816696914703
9.42818564299887,12.88,1.9963702359346642,199.63702359346644,2571.3248638838477
9.438268115000028,12.876,1.9963702359346642,199.63702359346644,2570.5263157894738
9.448348476998945,12.88,1.9963702359346642,199.63702359346644,2571.3248638838477
9.458428597999955,12.88,1.9963702359346642,199.63702359346644,2571.3248638838477
9.468509033998998,12.876,2.1778584392014526,199.63702359346644,2570.5263157894738
9.478588710999247,12.884,1.9963702359346642,199.63702359346644,2572.1234119782216
9.488668738998967,12.868,2.1778584392014526,199.63702359346644,2568.9292196007264
9.498748971000168,12.884,1.9963702359346642,199.63702359346644,2572.1234119782216
9.50882687000012,12.876,1.9963702359346642,199.63702359346644,2570.5263157894738
9.51890328799891,12.884,1.9963702359346642,199.63702359346644,2572.1234119782216
9.528984259999561,12.88,1.9963702359346642,199.63702359346644,2571.3248638838477
9.539056955998603,12.872,1.9963702359346642,199.63702359346644,2569.7277676951
9.54913500299881,12.888,1.9963702359346642,199.63702359346644,2572.9219600725955
9.559210827999777,12.876,1.9963702359346642,199.63702359346644,2570.5263157894738
9.569288318998588,12.884,1.9963702359346642,199.63702359346644,2572.1234119782216
9.579361033000168,12.872,1.9963702359346642,199.63702359346644,2569.7277676951
9.589437134998661,12.88,1.9963702359346642,199.63702359346644,2571.3248638838477
9.5995130529991,12.872,1.9963702359346642,199.63702359346644,2569.7277676951
9.609589377998418,12.888,1.9963702359346642,199.63702359346644,2572.9219600725955
9.619665331998476,12.868,1.9963702359346642,199.63702359346644,2568.9292196007264
9.629751712000143,12.892,1.9963702359346642,181.48820326678765,2339.7459165154264
9.639827036999122,12.864,1.9963702359346642,199.63702359346644,2568.1306715063524
9.649904713998694,12.892,1.9963702359346642,199.63702359346644,2573.720508166969
9.659980093998456,12.864,1.9963702359346642,199.63702359346644,2568.1306715063524
9.67005649299972,12.888,1.9963702359346642,199.63702359346644,2572.9219600725955
9.680133113999545,12.868,1.9963702359346642,217.7858439201452,2802.4682395644286
9.690214123998885,12.884,1.9963702359346642,217.7858439201452,2805.9528130671506
9.700294708000001,12.872,1.9963702359346642,199.63702359346644,2569.7277676951
9.710375087999637,12.884,1.9963702359346642,199.63702359346644,2572.1234119782216
9.720451968998532,12.872,1.9963702359346642,199.63702359346644,2569.7277676951
9.730541774999438,12.888,1.9963702359346642,199.63702359346644,2572.9219600725955
9.740617839999686,12.864,1.9963702359346642,199.63702359346644,2568.1306715063524
9.750698054000168,12.892,1.9963702359346642,199.63702359346644,2573.720508166969
9.760775063999972,12.864,1.9963702359346642,199.63702359346644,2568.1306715063524
9.770851073999438,12.896,1.9963702359346642,199.63702359346644,2574.5190562613434
9.780929120999645,12.864,1.9963702359346642,199.63702359346644,2568.1306715063524
9.791005204999237,12.892,1.9963702359346642,181.48820326678765,2339.7459165154264
9.80108139999902,12.864,1.9963702359346642,199.63702359346644,2568.1306715063524
9.811158002999946,12.892,1.9963702359346642,199.63702359346644,2573.720508166969
9.821235901999898,12.868,1.9963702359346642,199.63702359346644,2568.9292196007264
9.831380910000007,12.892,1.9963702359346642,199.63702359346644,2573.720508166969
9.841463827999178,12.868,1.9963702359346642,199.63702359346644,2568.9292196007264
9.851544429999194,12.896,1.9963702359346642,199.63702359346644,2574.5190562613434
9.86162610700012,12.86,1.9963702359346642,199.63702359346644,2567.3321234119785
9.87170700599927,12.896,1.9963702359346642,199.63702359346644,2574.5190562613434
9.881787070999053,12.86,1.9963702359346642,199.63702359346644,2567.3321234119785
9.89186341399909,12.892,1.9963702359346642,199.63702359346644,2573.720508166969
9.90194368399898,12.864,1.9963702359346642,199.63702359346644,2568.1306715063524
9.91202524899927,12.892,1.9963702359346642,199.63702359346644,2573.720508166969
9.922105906998695,12.868,1.9963702359346642,199.63702359346644,2568.9292196007264
9.932195768999009,12.888,1.8148820326678767,199.63702359346644,2572.9219600725955
9.942279555998539,12.868,1.9963702359346642,199.63702359346644,2568.9292196007264
9.95235965899883,12.892,1.9963702359346642,199.63702359346644,2573.720508166969
9.96243420599967,12.868,1.9963702359346642,199.63702359346644,2568.9292196007264
9.97250854899903,12.896,1.9963702359346642,199.63702359346644,2574.5190562613434
9.982585577999998,12.864,1.9963702359346642,199.63702359346644,2568.1306715063524
9.992662105998534,12.896,1.9963702359346642,199.63702359346644,2574.5190562613434
10.002737838998655,12.86,1.9963702359346642,199.63702359346644,2567.3321234119785
10.012815237998439,12.888,1.9963702359346642,199.63702359346644,2572.9219600725955
10.02288917399892,12.868,1.9963702359346642,199.63702359346644,2568.9292196007264
10.03296605399919,12.888,1.9963702359346642,199.63702359346644,2572.9219600725955
10.04304435999984,12.872,1.9963702359346642,199.63702359346644,2569.7277676951
10.053117925999686,12.888,1.9963702359346642,199.63702359346644,2572.9219600725955
10.063192177000019,12.872,1.9963702359346642,199.63702359346644,2569.7277676951
10.073269593998702,12.892,1.9963702359346642,217.7858439201452,2807.6950998185116
10.083344029999353,12.872,1.9963702359346642,199.63702359346644,2569.7277676951
10.093416928999432,12.888,1.9963702359346642,199.63702359346644,2572.9219600725955
10.103492975998961,12.872,1.9963702359346642,199.63702359346644,2569.7277676951
10.113571152998702,12.88,1.9963702359346642,181.48820326678765,2337.568058076225
10.123646347999966,12.876,1.9963702359346642,199.63702359346644,2570.5263157894738
10.133723895000003,12.88,1.9963702359346642,199.63702359346644,2571.3248638838477
10.143805182999131,12.88,1.9963702359346642,199.63702359346644,2571.3248638838477
10.153885729998365,12.876,1.9963702359346642,199.63702359346644,2570.5263157894738
10.163966275998973,12.88,1.9963702359346642,199.63702359346644,2571.3248638838477
10.174046304999138,12.88,1.9963702359346642,199.63702359346644,2571.3248638838477
10.184125925999979,12.876,1.9963702359346642,199.63702359346644,2570.5263157894738
10.19420604699917,12.888,1.9963702359346642,217.7858439201452,2806.8239564428313
10.204286834999948,12.872,1.9963702359346642,217.7858439201452,2803.339382940109
10.214367122000112,12.888,1.9963702359346642,199.63702359346644,2572.9219600725955
10.224448687999029,12.876,1.9963702359346642,199.63702359346644,2570.5263157894738
10.234529123999891,12.888,1.9963702359346642,199.63702359346644,2572.9219600725955
10.244605744999717,12.884,1.9963702359346642,199.63702359346644,2572.1234119782216
10.254681643998993,12.872,1.9963702359346642,199.63702359346644,2569.7277676951
10.264759097999558,12.884,1.9963702359346642,199.63702359346644,2572.1234119782216
10.274834922998707,12.876,1.9963702359346642,199.63702359346644,2570.5263157894738
10.284912099999929,12.884,1.9963702359346642,217.7858439201452,2805.9528130671506
10.294986572998823,12.876,1.9963702359346642,199.63702359346644,2570.5263157894738
10.305058267998902,12.884,1.9963702359346642,217.7858439201452,2805.9528130671506
10.315135240998643,12.872,1.9963702359346642,199.63702359346644,2569.7277676951
10.32521299200016,12.888,1.9963702359346642,199.63702359346644,2572.9219600725955
10.335290408998844,12.868,1.9963702359346642,199.63702359346644,2568.9292196007264
10.34537475199977,12.888,1.9963702359346642,199.63702359346644,2572.9219600725955
10.355455724999047,12.868,1.9963702359346642,199.63702359346644,2568.9292196007264
10.365533660999063,12.892,1.9963702359346642,199.63702359346644,2573.720508166969
10.375610059998507,12.864,1.9963702359346642,199.63702359346644,2568.1306715063524
10.385691624998799,12.892,1.9963702359346642,199.63702359346644,2573.720508166969
10.395771653998963,12.868,1.9963702359346642,199.63702359346644,2568.9292196007264
10.405851718998747,12.884,1.9963702359346642,199.63702359346644,2572.1234119782216
10.41593152599853,12.872,1.8148820326678767,199.63702359346644,2569.7277676951
10.426011294999626,12.88,1.9963702359346642,199.63702359346644,2571.3248638838477
10.436091396999473,12.872,1.9963702359346642,217.7858439201452,2803.339382940109
10.446166073999848,12.888,1.9963702359346642,199.63702359346644,2572.9219600725955
10.4562389169987,12.864,1.9963702359346642,217.7858439201452,2801.597096188748
10.466314723998948,12.892,1.9963702359346642,199.63702359346644,2573.720508166969
10.476390362999155,12.864,1.9963702359346642,199.63702359346644,2568.1306715063524
10.486466428999847,12.892,1.9963702359346642,199.63702359346644,2573.720508166969
10.496542586999567,12.868,1.9963702359346642,199.63702359346644,2568.9292196007264
10.506616504999329,12.892,1.9963702359346642,199.63702359346644,2573.720508166969
10.51668912599962,12.864,1.9963702359346642,199.63702359346644,2568.1306715063524
10.526762727999085,12.892,1.9963702359346642,199.63702359346644,2573.720508166969
10.536834774999079,12.868,1.9963702359346642,199.63702359346644,2568.9292196007264
10.546915562999857,12.892,1.8148820326678767,199.63702359346644,2573.720508166969
10.556998461999683,12.868,1.9963702359346642,199.63702359346644,2568.9292196007264
10.567078137999488,12.896,1.9963702359346642,199.63702359346644,2574.5190562613434
10.5771552039987,12.86,1.9963702359346642,199.63702359346644,2567.3321234119785
10.587235768998653,12.9,1.9963702359346642,199.63702359346644,2575.3176043557173
10.597318352998627,12.86,1.9963702359346642,199.63702359346644,2567.3321234119785
10.607398436999574,12.896,1.9963702359346642,199.63702359346644,2574.5190562613434
10.617479354999887,12.868,1.9963702359346642,199.63702359346644,2568.9292196007264
10.627560327999163,12.884,1.9963702359346642,181.48820326678765,2338.294010889292
10.637640818998989,12.868,1.9963702359346642,199.63702359346644,2568.9292196007264
10.647719458998836,12.888,1.9963702359346642,199.63702359346644,2572.9219600725955
10.657792209000036,12.868,1.9963702359346642,199.63702359346644,2568.9292196007264
10.667864830998951,12.896,1.9963702359346642,199.63702359346644,2574.5190562613434
10.677940432999094,12.868,1.9963702359346642,199.63702359346644,2568.9292196007264
10.688016146999871,12.896,1.9963702359346642,181.48820326678765,2340.4718693284935
10.698093230999802,12.868,1.9963702359346642,199.63702359346644,2568.9292196007264
10.708169129999078,12.892,1.9963702359346642,199.63702359346644,2573.720508166969
10.71824256599939,12.864,1.9963702359346642,199.63702359346644,2568.1306715063524
10.72831577999932,12.888,1.9963702359346642,199.63702359346644,2572.9219600725955
10.738391863998913,12.868,1.9963702359346642,199.63702359346644,2568.9292196007264
10.748483243998635,12.888,1.9963702359346642,199.63702359346644,2572.9219600725955
10.758565364998503,12.872,1.9963702359346642,199.63702359346644,2569.7277676951
10.768645782000021,12.888,1.9963702359346642,199.63702359346644,2572.9219600725955
10.7787265879997,12.872,1.9963702359346642,199.63702359346644,2569.7277676951
10.788809486999526,12.896,1.9963702359346642,217.7858439201452,2808.566243194193
10.798889701000007,12.868,1.9963702359346642,199.63702359346644,2568.9292196007264
10.80897187699884,12.888,1.9963702359346642,199.63702359346644,2572.9219600725955
10.819048497998665,12.868,1.9963702359346642,217.7858439201452,2802.4682395644286
10.829129396999633,12.888,1.9963702359346642,199.63702359346644,2572.9219600725955
10.839209684998423,12.872,1.9963702359346642,199.63702359346644,2569.7277676951
10.849287564999031,12.88,1.9963702359346642,199.63702359346644,2571.3248638838477
10.859363796998878,12.876,1.9963702359346642,199.63702359346644,2570.5263157894738
10.869441363000078,12.884,1.9963702359346642,199.63702359346644,2572.1234119782216
10.879517094999755,12.88,1.9963702359346642,199.63702359346644,2571.3248638838477
10.889594197999031,12.888,2.1778584392014526,199.63702359346644,2572.9219600725955
10.899669799999174,12.876,1.9963702359346642,199.63702359346644,2570.5263157894738
10.909747439998682,12.888,1.9963702359346642,199.63702359346644,2572.9219600725955
10.919820541999798,12.872,1.9963702359346642,199.63702359346644,2569.7277676951
10.929898959999264,12.88,1.9963702359346642,199.63702359346644,2571.3248638838477
10.939978561998942,12.88,1.9963702359346642,217.7858439201452,2805.0816696914703
10.950060701999973,12.888,1.9963702359346642,199.63702359346644,2572.9219600725955
10.960138118998657,12.88,1.9963702359346642,199.63702359346644,2571.3248638838477
10.970218851000027,12.872,1.9963702359346642,199.63702359346644,2569.7277676951
10.980296064999493,12.884,1.9963702359346642,199.63702359346644,2572.1234119782216
10.990376463998473,12.876,1.9963702359346642,199.63702359346644,2570.5263157894738
11.000456566000139,12.884,1.9963702359346642,199.63702359346644,2572.1234119782216
11.010536372999923,12.872,1.9963702359346642,199.63702359346644,2569.7277676951
11.02061371599848,12.88,1.9963702359346642,199.63702359346644,2571.3248638838477
11.03069454099932,12.876,1.9963702359346642,199.63702359346644,2570.5263157894738
11.040775698998914,12.88,1.9963702359346642,199.63702359346644,2571.3248638838477
11.05084941199857,12.868,1.9963702359346642,199.63702359346644,2568.9292196007264
11.060927662998438,12.892,1.9963702359346642,199.63702359346644,2573.720508166969
11.071004061999702,12.868,1.9963702359346642,199.63702359346644,2568.9292196007264
11.081081515998449,12.888,1.9963702359346642,199.63702359346644,2572.9219600725955
11.091157451999607,12.868,1.9963702359346642,199.63702359346644,2568.9292196007264
11.101234648000172,12.892,1.9963702359346642,199.63702359346644,2573.720508166969
11.111311082999237,12.876,1.9963702359346642,199.63702359346644,2570.5263157894738
11.121388333998766,12.884,1.9963702359346642,217.7858439201452,2805.9528130671506
11.131464454998422,12.872,1.9963702359346642,199.63702359346644,2569.7277676951
11.141591001000052,12.884,1.9963702359346642,199.63702359346644,2572.1234119782216
11.151671399999032,12.872,1.9963702359346642,199.63702359346644,2569.7277676951
11.161715354999615,12.888,1.8148820326678767,199.63702359346644,2572.9219600725955
11.171795975998975,12.872,1.9963702359346642,199.63702359346644,2569.7277676951
11.181875856998886,12.896,1.9963702359346642,199.63702359346644,2574.5190562613434
11.191955551999854,12.864,1.9963702359346642,199.63702359346644,2568.1306715063524
11.202035746999172,12.896,1.9963702359346642,199.63702359346644,2574.5190562613434
11.212116459999379,12.868,1.9963702359346642,217.7858439201452,2802.4682395644286
11.222196710999924,12.896,1.9963702359346642,199.63702359346644,2574.5190562613434
11.232276924998587,12.864,1.9963702359346642,199.63702359346644,2568.1306715063524
11.242366396998477,12.892,1.9963702359346642,199.63702359346644,2573.720508166969
11.252443462999508,12.868,1.9963702359346642,199.63702359346644,2568.9292196007264
11.262519472998974,12.896,1.9963702359346642,199.63702359346644,2574.5190562613434
11.272595335000005,12.86,1.9963702359346642,181.48820326678765,2333.938294010889
11.282671455999662,12.9,1.9963702359346642,199.63702359346644,2575.3176043557173
11.292760742999235,12.86,1.9963702359346642,199.63702359346644,2567.3321234119785
11.302833808998912,12.9,1.9963702359346642,199.63702359346644,2575.3176043557173
11.312911207998695,12.864,1.9963702359346642,199.63702359346644,2568.1306715063524
11.322987421999642,12.892,1.9963702359346642,199.63702359346644,2573.720508166969
11.333064376000038,12.868,1.9963702359346642,199.63702359346644,2568.9292196007264
11.343186811000123,12.884,1.9963702359346642,199.63702359346644,2572.1234119782216
11.353269912999167,12.868,1.9963702359346642,199.63702359346644,2568.9292196007264
11.363351590000093,12.888,1.9963702359346642,199.63702359346644,2572.9219600725955
11.373428285000045,12.868,1.9963702359346642,199.63702359346644,2568.9292196007264
11.383509498999047,12.892,1.9963702359346642,199.63702359346644,2573.720508166969
11.393589878998682,12.868,1.9963702359346642,199.63702359346644,2568.9292196007264
11.403670462999798,12.9,1.9963702359346642,199.63702359346644,2575.3176043557173
11.41375239899935,12.864,1.8148820326678767,199.63702359346644,2568.1306715063524
11.423833241999091,12.896,1.9963702359346642,199.63702359346644,2574.5190562613434
11.433914344999721,12.856,1.9963702359346642,199.63702359346644,2566.5335753176046
11.444001594998554,12.896,1.9963702359346642,181.48820326678765,2340.4718693284935
11.454079474999162,12.868,1.9963702359346642,217.7858439201452,2802.4682395644286
11.464156096999432,12.888,1.9963702359346642,199.63702359346644,2572.9219600725955
11.474231995000082,12.868,1.9963702359346642,199.63702359346644,2568.9292196007264
11.484307764998448,12.892,2.1778584392014526,199.63702359346644,2573.720508166969
11.494384218998675,12.868,1.9963702359346642,199.63702359346644,2568.9292196007264
11.50446132199977,12.896,1.9963702359346642,199.63702359346644,2574.5190562613434
11.514534090998495,12.864,1.8148820326678767,199.63702359346644,2568.1306715063524
11.524610748998384,12.892,1.9963702359346642,217.7858439201452,2807.6950998185116
11.53468422199876,12.868,1.9963702359346642,181.48820326678765,2335.3901996370237
11.544753287998901,12.88,1.9963702359346642,199.63702359346644,2571.3248638838477
11.554834667998875,12.872,1.9963702359346642,199.63702359346644,2569.7277676951
11.564916956000161,12.884,1.9963702359346642,199.63702359346644,2572.1234119782216
11.574994576998506,12.876,1.9963702359346642,199.63702359346644,2570.5263157894738
11.585070271999939,12.88,1.9963702359346642,199.63702359346644,2571.3248638838477
11.595150873999955,12.876,1.9963702359346642,199.63702359346644,2570.5263157894738
11.605233309999676,12.884,1.9963702359346642,199.63702359346644,2572.1234119782216
11.615313819998846,12.872,1.9963702359346642,199.63702359346644,2569.7277676951
11.625389551998524,12.888,1.9963702359346642,199.63702359346644,2572.9219600725955
11.635465135999766,12.868,1.9963702359346642,199.63702359346644,2568.9292196007264
11.645540349998555,12.888,1.9963702359346642,199.63702359346644,2572.9219600725955
11.655612804999691,12.876,1.9963702359346642,199.63702359346644,2570.5263157894738
11.66568570399977,12.876,1.9963702359346642,199.63702359346644,2570.5263157894738
11.675756750999426,12.88,1.9963702359346642,199.63702359346644,2571.3248638838477
11.685834186999273,12.876,2.1778584392014526,199.63702359346644,2570.5263157894738
11.695910436999839,12.88,1.9963702359346642,199.63702359346644,2571.3248638838477
11.705989020998459,12.88,1.9963702359346642,199.63702359346644,2571.3248638838477
11.71606101299949,12.88,1.9963702359346642,199.63702359346644,2571.3248638838477
11.726134077998722,12.876,1.9963702359346642,199.63702359346644,2570.5263157894738
11.73620673699952,12.88,1.9963702359346642,199.63702359346644,2571.3248638838477
11.746292746000108,12.872,1.9963702359346642,199.63702359346644,2569.7277676951
11.756375089998983,12.88,1.9963702359346642,199.63702359346644,2571.3248638838477
11.766455728999063,12.876,1.9963702359346642,199.63702359346644,2570.5263157894738
11.776537682999333,12.884,1.9963702359346642,199.63702359346644,2572.1234119782216
11.786618082000132,12.868,1.9963702359346642,199.63702359346644,2568.9292196007264
11.796698128999196,12.884,2.1778584392014526,181.48820326678765,2338.294010889292
11.806781342998875,12.868,1.9963702359346642,199.63702359346644,2568.9292196007264
11.816862018999018,12.888,1.9963702359346642,199.63702359346644,2572.9219600725955
11.8269422329995,12.872,1.9963702359346642,199.63702359346644,2569.7277676951
11.837024501999622,12.884,1.9963702359346642,199.63702359346644,2572.1234119782216
11.84710214199913,12.876,1.9963702359346642,199.63702359346644,2570.5263157894738
11.857180596000035,12.88,1.9963702359346642,217.7858439201452,2805.0816696914703
11.8672551619984,12.868,1.9963702359346642,199.63702359346644,2568.9292196007264
11.877327967999008,12.888,1.9963702359346642,199.63702359346644,2572.9219600725955
11.887400847999743,12.864,1.9963702359346642,199.63702359346644,2568.1306715063524
11.897479784000097,12.892,1.9963702359346642,199.63702359346644,2573.720508166969
11.907557534999796,12.864,1.9963702359346642,181.48820326678765,2334.6642468239565
11.917630951998945,12.892,1.9963702359346642,199.63702359346644,2573.720508166969
11.927708572999109,12.868,1.9963702359346642,199.63702359346644,2568.9292196007264
11.937783045999822,12.892,1.9963702359346642,199.63702359346644,2573.720508166969
11.947860704998675,12.864,1.9963702359346642,217.7858439201452,2801.597096188748
11.957943269999305,12.888,1.9963702359346642,199.63702359346644,2572.9219600725955
11.968019686999469,12.868,1.9963702359346642,199.63702359346644,2568.9292196007264
11.978100030999485,12.888,1.9963702359346642,199.63702359346644,2572.9219600725955
11.988180577998719,12.868,1.9963702359346642,199.63702359346644,2568.9292196007264
11.998260161999497,12.896,1.9963702359346642,199.63702359346644,2574.5190562613434
12.008334967998962,12.86,1.9963702359346642,199.63702359346644,2567.3321234119785
12.018413310999676,12.896,1.9963702359346642,199.63702359346644,2574.5190562613434
12.028490579999925,12.86,1.9963702359346642,181.48820326678765,2333.938294010889
12.038574071999392,12.888,1.9963702359346642,199.63702359346644,2572.9219600725955
12.048668841000108,12.864,1.9963702359346642,199.63702359346644,2568.1306715063524
12.058746183998664,12.884,1.9963702359346642,199.63702359346644,2572.1234119782216
12.068824341999061,12.868,1.9963702359346642,199.63702359346644,2568.9292196007264
12.078900499998781,12.888,1.9963702359346642,199.63702359346644,2572.9219600725955
12.088977472998522,12.868,1.9963702359346642,199.63702359346644,2568.9292196007264
12.099053019999701,12.896,1.9963702359346642,199.63702359346644,2574.5190562613434
12.109130103999632,12.864,1.9963702359346642,199.63702359346644,2568.1306715063524
12.119205391998548,12.9,1.9963702359346642,199.63702359346644,2575.3176043557173
12.129282754000087,12.864,1.8148820326678767,199.63702359346644,2568.1306715063524
12.13935822699932,12.896,1.9963702359346642,199.63702359346644,2574.5190562613434
12.149443643998893,12.864,1.9963702359346642,199.63702359346644,2568.1306715063524
12.15952422800001,12.9,1.9963702359346642,199.63702359346644,2575.3176043557173
12.16960181200011,12.864,1.9963702359346642,181.48820326678765,2334.6642468239565
12.179678265998518,12.888,1.9963702359346642,199.63702359346644,2572.9219600725955
12.189757960999486,12.868,1.9963702359346642,217.7858439201452,2802.4682395644286
12.199838192998868,12.888,1.9963702359346642,199.63702359346644,2572.9219600725955
12.20991911099918,12.868,1.9963702359346642,199.63702359346644,2568.9292196007264
12.220001212999705,12.896,1.9963702359346642,199.63702359346644,2574.5190562613434
12.23008327899879,12.864,1.9963702359346642,199.63702359346644,2568.1306715063524
12.240160121998997,12.892,1.9963702359346642,199.63702359346644,2573.720508166969
12.250253612999586,12.864,1.9963702359346642,199.63702359346644,2568.1306715063524
12.260326659999919,12.88,1.9963702359346642,199.63702359346644,2571.3248638838477
12.270400817998961,12.872,1.8148820326678767,199.63702359346644,2569.7277676951
12.280473198999971,12.88,1.9963702359346642,217.7858439201452,2805.0816696914703
12.29054902399912,12.872,1.9963702359346642,217.7858439201452,2803.339382940109
12.300622681999812,12.884,1.9963702359346642,199.63702359346644,2572.1234119782216
12.310699543999363,12.876,1.9963702359346642,199.63702359346644,2570.5263157894738
12.32077731299978,12.888,1.9963702359346642,199.63702359346644,2572.9219600725955
12.330853266999839,12.872,1.9963702359346642,199.63702359346644,2569.7277676951
12.340931091999664,12.888,1.9963702359346642,199.63702359346644,2572.9219600725955
12.351016675998835,12.868,1.9963702359346642,217.7858439201452,2802.4682395644286
12.361098629999105,12.888,1.9963702359346642,199.63702359346644,2572.9219600725955
12.371176528999058,12.872,1.9963702359346642,199.63702359346644,2569.7277676951
12.38125394599956,12.888,1.9963702359346642,199.63702359346644,2572.9219600725955
12.391330992999428,12.88,1.9963702359346642,199.63702359346644,2571.3248638838477
12.401406633000079,12.876,1.9963702359346642,199.63702359346644,2570.5263157894738
12.411487901999863,12.88,1.9963702359346642,199.63702359346644,2571.3248638838477
12.421568133999244,12.876,1.9963702359346642,199.63702359346644,2570.5263157894738
12.431648181000128,12.88,1.9963702359346642,199.63702359346644,2571.3248638838477
12.441729468999256,12.88,1.9963702359346642,199.63702359346644,2571.3248638838477
12.451821811999253,12.88,1.9963702359346642,199.63702359346644,2571.3248638838477
12.461898691999522,12.876,1.9963702359346642,199.63702359346644,2570.5263157894738
12.47197449899977,12.884,1.9963702359346642,199.63702359346644,2572.1234119782216
12.482071803999133,12.872,1.9963702359346642,199.63702359346644,2569.7277676951
12.492148647999784,12.888,1.9963702359346642,199.63702359346644,2572.9219600725955
12.502225046999229,12.868,1.9963702359346642,199.63702359346644,2568.9292196007264
12.51229840799897,12.888,1.8148820326678767,199.63702359346644,2572.9219600725955
12.522375343998647,12.872,1.9963702359346642,199.63702359346644,2569.7277676951
12.532448187999762,12.888,1.9963702359346642,199.63702359346644,2572.9219600725955
12.542524123999101,12.876,1.9963702359346642,199.63702359346644,2570.5263157894738
12.552645706999101,12.88,1.9963702359346642,199.63702359346644,2571.3248638838477
12.562726567999562,12.876,1.9963702359346642,199.63702359346644,2570.5263157894738
12.572808355998859,12.88,2.1778584392014526,199.63702359346644,2571.3248638838477
12.582885606998389,12.876,1.9963702359346642,199.63702359346644,2570.5263157894738
12.592967597998722,12.884,2.1778584392014526,199.63702359346644,2572.1234119782216
12.60304779299986,12.876,1.9963702359346642,181.48820326678765,2336.8421052631575
12.613129802999538,12.888,1.9963702359346642,199.63702359346644,2572.9219600725955
12.623210219999237,12.864,1.9963702359346642,199.63702359346644,2568.1306715063524
12.633291823000036,12.892,1.9963702359346642,199.63702359346644,2573.720508166969
12.643372017999354,12.864,1.9963702359346642,199.63702359346644,2568.1306715063524
12.653448786999434,12.896,1.9963702359346642,199.63702359346644,2574.5190562613434
12.663525778998519,12.864,1.9963702359346642,199.63702359346644,2568.1306715063524
12.673599510999338,12.888,1.9963702359346642,199.63702359346644,2572.9219600725955
12.683675742999185,12.872,2.1778584392014526,199.63702359346644,2569.7277676951
12.69375345699882,12.892,1.9963702359346642,199.63702359346644,2573.720508166969
12.703829373998815,12.864,1.9963702359346642,199.63702359346644,2568.1306715063524
12.71390647699991,12.9,1.9963702359346642,199.63702359346644,2575.3176043557173
12.723978930998783,12.86,2.1778584392014526,199.63702359346644,2567.3321234119785
12.734055719000025,12.896,1.9963702359346642,199.63702359346644,2574.5190562613434
12.744144246998985,12.86,1.9963702359346642,199.63702359346644,2567.3321234119785
12.754297069999666,12.892,1.9963702359346642,199.63702359346644,2573.720508166969
12.764377746998434,12.864,1.9963702359346642,199.63702359346644,2568.1306715063524
12.774458552999931,12.892,1.9963702359346642,199.63702359346644,2573.720508166969
12.78453945199908,12.868,1.9963702359346642,199.63702359346644,2568.9292196007264
12.79461997999897,12.888,1.9963702359346642,199.63702359346644,2572.9219600725955
12.80470021200017,12.868,1.9963702359346642,199.63702359346644,2568.9292196007264
12.814780851998876,12.888,1.9963702359346642,199.63702359346644,2572.9219600725955
12.824863713998639,12.868,1.9963702359346642,199.63702359346644,2568.9292196007264
12.834944297999755,12.896,1.9963702359346642,199.63702359346644,2574.5190562613434
12.845026232998862,12.864,1.9963702359346642,199.63702359346644,2568.1306715063524
12.855157556999984,12.9,1.9963702359346642,199.63702359346644,2575.3176043557173
12.865235455999937,12.856,1.9963702359346642,199.63702359346644,2566.5335753176046
12.875312299000143,12.896,2.1778584392014526,199.63702359346644,2574.5190562613434
12.885390697998446,12.864,1.9963702359346642,199.63702359346644,2568.1306715063524
12.89546661499844,12.892,1.9963702359346642,199.63702359346644,2573.720508166969
12.90554445899943,12.868,2.1778584392014526,199.63702359346644,2568.9292196007264
12.915620375999424,12.888,1.9963702359346642,199.63702359346644,2572.9219600725955
12.925697755999863,12.868,1.8148820326678767,199.63702359346644,2568.9292196007264
12.9357753029999,12.892,1.9963702359346642,199.63702359346644,2573.720508166969
12.945854349998626,12.868,1.9963702359346642,199.63702359346644,2568.9292196007264
12.955935637999573,12.892,1.9963702359346642,199.63702359346644,2573.720508166969
12.966009980998933,12.868,1.9963702359346642,199.63702359346644,2568.9292196007264
12.97608751000007,12.892,1.9963702359346642,199.63702359346644,2573.720508166969
12.986163593999663,12.872,1.9963702359346642,199.63702359346644,2569.7277676951
12.99623923299987,12.884,1.9963702359346642,199.63702359346644,2572.1234119782216
13.00631515099849,12.872,1.9963702359346642,199.63702359346644,2569.7277676951
13.01639295699897,12.884,1.9963702359346642,199.63702359346644,2572.1234119782216
13.026465485998415,12.872,1.9963702359346642,199.63702359346644,2569.7277676951
13.036542272999213,12.884,2.1778584392014526,199.63702359346644,2572.1234119782216
13.046615171999292,12.872,1.9963702359346642,217.7858439201452,2803.339382940109
13.05669199699878,12.892,1.9963702359346642,199.63702359346644,2573.720508166969
13.06676776599852,12.868,1.9963702359346642,217.7858439201452,2802.4682395644286
13.076845294999657,12.888,1.9963702359346642,199.63702359346644,2572.9219600725955
13.086919082999884,12.872,1.9963702359346642,199.63702359346644,2569.7277676951
13.096991832999265,12.88,1.9963702359346642,199.63702359346644,2571.3248638838477
13.107065620999492,12.876,1.9963702359346642,181.48820326678765,2336.8421052631575
13.117137945999275,12.876,1.8148820326678767,199.63702359346644,2570.5263157894738
13.127214086000095,12.88,1.9963702359346642,199.63702359346644,2571.3248638838477
13.137291798999286,12.876,1.9963702359346642,199.63702359346644,2570.5263157894738
13.147368771999027,12.88,1.9963702359346642,199.63702359346644,2571.3248638838477
13.157441392999317,12.88,1.9963702359346642,199.63702359346644,2571.3248638838477
13.167517976999079,12.88,1.9963702359346642,199.63702359346644,2571.3248638838477
13.17759891300011,12.872,1.9963702359346642,217.7858439201452,2803.339382940109
13.187678941998456,12.876,1.9963702359346642,199.63702359346644,2570.5263157894738
13.19775971099989,12.88,1.9963702359346642,181.48820326678765,2337.568058076225
13.207839942999271,12.88,1.9963702359346642,199.63702359346644,2571.3248638838477
13.217920563998632,12.88,1.9963702359346642,199.63702359346644,2571.3248638838477
13.228003147998606,12.884,1.9963702359346642,217.7858439201452,2805.9528130671506
13.23808391700004,12.868,1.9963702359346642,199.63702359346644,2568.9292196007264
13.24816442699921,12.888,1.9963702359346642,199.63702359346644,2572.9219600725955
13.2582591399987,12.872,1.8148820326678767,199.63702359346644,2569.7277676951
13.268336593999265,12.884,1.9963702359346642,199.63702359346644,2572.1234119782216
13.278409881999323,12.876,2.1778584392014526,199.63702359346644,2570.5263157894738
13.288482502999614,12.876,1.9963702359346642,199.63702359346644,2570.5263157894738
13.298555087998466,12.876,1.9963702359346642,199.63702359346644,2570.5263157894738
13.308627541999158,12.884,1.9963702359346642,199.63702359346644,2572.1234119782216
13.318703644999914,12.868,1.9963702359346642,199.63702359346644,2568.9292196007264
13.328781839998555,12.892,1.9963702359346642,199.63702359346644,2573.720508166969
13.338855515999967,12.864,1.9963702359346642,199.63702359346644,2568.1306715063524
13.34892856299848,12.892,1.9963702359346642,199.63702359346644,2573.720508166969
13.35901160999856,12.868,1.9963702359346642,199.63702359346644,2568.9292196007264
13.369089175999761,12.892,1.9963702359346642,199.63702359346644,2573.720508166969
13.379165259999354,12.864,1.9963702359346642,199.63702359346644,2568.1306715063524
13.389246048000132,12.888,1.9963702359346642,199.63702359346644,2572.9219600725955
13.399323038998773,12.868,1.9963702359346642,199.63702359346644,2568.9292196007264
13.409406085998853,12.888,1.9963702359346642,199.63702359346644,2572.9219600725955
13.419483224999567,12.872,1.9963702359346642,199.63702359346644,2569.7277676951
13.429559920999964,12.892,1.9963702359346642,199.63702359346644,2573.720508166969
13.439636264,12.872,1.9963702359346642,199.63702359346644,2569.7277676951
13.449712996000017,12.896,1.9963702359346642,199.63702359346644,2574.5190562613434
13.459794450000118,12.864,1.9963702359346642,199.63702359346644,2568.1306715063524
13.469870737999372,12.892,1.9963702359346642,199.63702359346644,2573.720508166969
13.479946747998838,12.868,1.9963702359346642,199.63702359346644,2568.9292196007264
13.490024701999573,12.888,1.9963702359346642,199.63702359346644,2572.9219600725955
13.500100526998722,12.872,1.9963702359346642,199.63702359346644,2569.7277676951
13.510174129998632,12.892,1.9963702359346642,199.63702359346644,2573.720508166969
13.520246509999197,12.868,1.9963702359346642,199.63702359346644,2568.9292196007264
13.530319853998662,12.896,1.9963702359346642,199.63702359346644,2574.5190562613434
13.540392529999735,12.864,1.9963702359346642,199.63702359346644,2568.1306715063524
13.550468502999138,12.896,1.9963702359346642,199.63702359346644,2574.5190562613434
13.560554493999007,12.864,1.9963702359346642,199.63702359346644,2568.1306715063524
13.570635911999489,12.9,1.9963702359346642,199.63702359346644,2575.3176043557173
13.580712940000012,12.856,1.9963702359346642,199.63702359346644,2566.5335753176046
13.590793968998696,12.9,1.9963702359346642,199.63702359346644,2575.3176043557173
13.600876366999728,12.864,1.9963702359346642,199.63702359346644,2568.1306715063524
13.610956339998665,12.892,1.9963702359346642,199.63702359346644,2573.720508166969
13.621038627999951,12.872,1.9963702359346642,199.63702359346644,2569.7277676951
13.63111915599984,12.888,1.9963702359346642,199.63702359346644,2572.9219600725955
13.641198776998863,12.868,1.9963702359346642,199.63702359346644,2568.9292196007264
13.651279934998456,12.896,1.9963702359346642,199.63702359346644,2574.5190562613434
13.661361833999763,12.868,1.9963702359346642,199.63702359346644,2568.9292196007264
13.671434084999419,12.892,1.9963702359346642,199.63702359346644,2573.720508166969
13.681510334999984,12.868,1.9963702359346642,199.63702359346644,2568.9292196007264
13.691586474998985,12.884,1.9963702359346642,199.63702359346644,2572.1234119782216
13.701663873998768,12.872,1.9963702359346642,199.63702359346644,2569.7277676951
13.711740736000138,12.884,1.9963702359346642,199.63702359346644,2572.1234119782216
13.721813893998842,12.876,1.9963702359346642,199.63702359346644,2570.5263157894738
13.731887514999471,12.884,1.9963702359346642,199.63702359346644,2572.1234119782216
13.741965968998556,12.876,1.9963702359346642,199.63702359346644,2570.5263157894738
13.75204588699853,12.888,1.9963702359346642,199.63702359346644,2572.9219600725955
13.762200357999973,12.876,1.9963702359346642,199.63702359346644,2570.5263157894738
13.77228227500018,12.888,1.9963702359346642,199.63702359346644,2572.9219600725955
13.78236276699863,12.868,1.9963702359346642,199.63702359346644,2568.9292196007264
13.792443164998986,12.892,1.9963702359346642,199.63702359346644,2573.720508166969
13.80252461999953,12.868,1.9963702359346642,199.63702359346644,2568.9292196007264
13.812606221999886,12.892,1.9963702359346642,199.63702359346644,2573.720508166969
13.822686564999458,12.876,1.9963702359346642,199.63702359346644,2570.5263157894738
13.832768796999517,12.88,2.1778584392014526,199.63702359346644,2571.3248638838477
13.842849474000104,12.88,1.9963702359346642,217.7858439201452,2805.0816696914703
13.852931649998936,12.876,1.9963702359346642,199.63702359346644,2570.5263157894738
13.863062269998409,12.88,1.9963702359346642,199.63702359346644,2571.3248638838477
13.873140279998552,12.88,1.9963702359346642,199.63702359346644,2571.3248638838477
13.88321610499952,12.88,1.9963702359346642,199.63702359346644,2571.3248638838477
13.893287559998498,12.876,1.9963702359346642,199.63702359346644,2570.5263157894738
13.903363994999381,12.88,1.9963702359346642,199.63702359346644,2571.3248638838477
13.91344124599891,12.88,1.9963702359346642,199.63702359346644,2571.3248638838477
13.923519164000027,12.884,1.9963702359346642,199.63702359346644,2572.1234119782216
13.933597098999599,12.872,1.9963702359346642,181.48820326678765,2336.116152450091
13.943673480000143,12.884,1.9963702359346642,199.63702359346644,2572.1234119782216
13.953751192999334,12.872,1.9963702359346642,199.63702359346644,2569.7277676951
13.963833628999055,12.884,1.9963702359346642,199.63702359346644,2572.1234119782216
13.97391074999905,12.868,1.8148820326678767,199.63702359346644,2568.9292196007264
13.98398762999932,12.88,1.9963702359346642,199.63702359346644,2571.3248638838477
13.99406882599942,12.876,1.9963702359346642,199.63702359346644,2570.5263157894738
14.004150112999923,12.88,2.1778584392014526,199.63702359346644,2571.3248638838477
14.014230511998903,12.88,1.8148820326678767,199.63702359346644,2571.3248638838477
14.02430807699966,12.88,1.9963702359346642,199.63702359346644,2571.3248638838477
14.03438847599864,12.876,1.9963702359346642,199.63702359346644,2570.5263157894738
14.044464986000094,12.888,1.9963702359346642,199.63702359346644,2572.9219600725955
14.05454060699958,12.876,1.9963702359346642,217.7858439201452,2804.2105263157896
14.06462778399873,12.892,2.1778584392014526,199.63702359346644,2573.720508166969
14.074705311999423,12.856,2.1778584392014526,217.7858439201452,2799.854809437387
14.08475813699988,12.864,2.1778584392014526,199.63702359346644,2568.1306715063524
14.094831165999494,12.844,1.9963702359346642,217.7858439201452,2797.2413793103447
14.104909083000166,12.872,2.1778584392014526,199.63702359346644,2569.7277676951
14.11498525999923,12.86,1.9963702359346642,199.63702359346644,2567.3321234119785
14.125062899000113,12.872,2.1778584392014526,199.63702359346644,2569.7277676951
14.135138982999706,12.86,1.9963702359346642,217.7858439201452,2800.725952813067
14.145217548999426,12.876,1.9963702359346642,217.7858439201452,2804.2105263157896
14.155291354998553,12.848,2.1778584392014526,217.7858439201452,2798.112522686026
14.165368605999902,12.88,2.1778584392014526,217.7858439201452,2805.0816696914703
14.175449152999136,12.852,1.9963702359346642,217.7858439201452,2798.983666061706
14.185530217999258,12.872,2.1778584392014526,217.7858439201452,2803.339382940109
14.195610783999655,12.852,2.1778584392014526,199.63702359346644,2565.7350272232306
14.205690515998867,12.872,2.1778584392014526,199.63702359346644,2569.7277676951
14.215771025999857,12.86,1.9963702359346642,217.7858439201452,2800.725952813067
14.225853053998435,12.872,2.1778584392014526,199.63702359346644,2569.7277676951
14.23593380499915,12.86,1.9963702359346642,199.63702359346644,2567.3321234119785
14.24601405499925,12.868,1.9963702359346642,217.7858439201452,2802.4682395644286
14.256094008998843,12.86,2.1778584392014526,217.7858439201452,2800.725952813067
14.266170797000086,12.872,1.9963702359346642,199.63702359346644,2569.7277676951
14.276247936999425,12.852,2.1778584392014526,217.7858439201452,2798.983666061706
14.286324131999208,12.876,1.9963702359346642,199.63702359346644,2570.5263157894738
14.296396752999499,12.848,2.1778584392014526,217.7858439201452,2798.112522686026
14.306469503999324,12.876,2.1778584392014526,199.63702359346644,2570.5263157894738
14.316545661999044,12.852,2.1778584392014526,217.7858439201452,2798.983666061706
14.32662189399889,12.872,1.9963702359346642,199.63702359346644,2569.7277676951
14.336698792998504,12.86,2.1778584392014526,217.7858439201452,2800.725952813067
14.346774969999387,12.868,2.1778584392014526,199.63702359346644,2568.9292196007264
14.356852645998515,12.86,2.1778584392014526,199.63702359346644,2567.3321234119785
14.366925729998911,12.872,2.1778584392014526,217.7858439201452,2803.339382940109
14.377006054999583,12.86,2.1778584392014526,217.7858439201452,2800.725952813067
14.387087045999579,12.872,2.1778584392014526,217.7858439201452,2803.339382940109
14.397169351999764,12.852,2.1778584392014526,199.63702359346644,2565.7350272232306
14.407249565998427,12.868,1.9963702359346642,217.7858439201452,2802.4682395644286
14.41733181699965,12.852,1.9963702359346642,217.7858439201452,2798.983666061706
14.427409789999729,12.868,2.1778584392014526,217.7858439201452,2802.4682395644286
14.43749115099854,12.856,2.1778584392014526,199.63702359346644,2566.5335753176046
14.4475719940001,12.868,2.1778584392014526,217.7858439201452,2802.4682395644286
14.457652651999524,12.864,1.9963702359346642,217.7858439201452,2801.597096188748
14.467744735999077,12.868,1.9963702359346642,217.7858439201452,2802.4682395644286
14.477821986998606,12.852,1.9963702359346642,199.63702359346644,2565.7350272232306
14.487898422999933,12.876,2.1778584392014526,199.63702359346644,2570.5263157894738
14.49797670999942,12.848,2.1778584392014526,217.7858439201452,2798.112522686026
14.508050256999923,12.876,1.9963702359346642,199.63702359346644,2570.5263157894738
14.518123396999727,12.876,2.1778584392014526,199.63702359346644,2570.5263157894738
14.528197350999108,12.9,1.9963702359346642,199.63702359346644,2575.3176043557173
14.53826976900018,12.876,1.9963702359346642,199.63702359346644,2570.5263157894738
14.548347426998589,12.888,1.9963702359346642,199.63702359346644,2572.9219600725955
14.55842562199905,12.876,1.9963702359346642,199.63702359346644,2570.5263157894738
14.56855326099867,12.888,1.9963702359346642,199.63702359346644,2572.9219600725955
14.57863119600006,12.872,1.9963702359346642,199.63702359346644,2569.7277676951
14.588707354998405,12.888,1.9963702359346642,199.63702359346644,2572.9219600725955
14.598787900999014,12.872,1.9963702359346642,199.63702359346644,2569.7277676951
14.608870614998523,12.888,1.9963702359346642,199.63702359346644,2572.9219600725955
14.618951328999174,12.864,1.9963702359346642,199.63702359346644,2568.1306715063524
14.629033171999254,12.888,1.9963702359346642,199.63702359346644,2572.9219600725955
14.639113792998614,12.864,1.8148820326678767,199.63702359346644,2568.1306715063524
14.649195931999202,12.864,2.1778584392014526,199.63702359346644,2568.1306715063524
14.659275164000064,12.844,2.1778584392014526,217.7858439201452,2797.2413793103447
14.66935067399936,12.872,1.9963702359346642,217.7858439201452,2803.339382940109
14.679424702999313,12.856,1.9963702359346642,217.7858439201452,2799.854809437387
14.689501138998821,12.876,2.1778584392014526,217.7858439201452,2804.2105263157896
14.699575073998858,12.848,2.1778584392014526,217.7858439201452,2798.112522686026
14.709648029000164,12.88,1.9963702359346642,217.7858439201452,2805.0816696914703
14.719724445998509,12.844,2.1778584392014526,217.7858439201452,2797.2413793103447
14.729797622998376,12.88,2.1778584392014526,199.63702359346644,2571.3248638838477
14.739870188999703,12.848,2.1778584392014526,217.7858439201452,2798.112522686026
14.74995354999919,12.88,1.9963702359346642,217.7858439201452,2805.0816696914703
14.760030726998593,12.848,2.1778584392014526,217.7858439201452,2798.112522686026
14.770104106999497,12.876,1.9963702359346642,199.63702359346644,2570.5263157894738
14.78017896899837,12.856,2.1778584392014526,217.7858439201452,2799.854809437387
14.79025292299957,12.876,1.9963702359346642,217.7858439201452,2804.2105263157896
14.800327210999967,12.852,1.9963702359346642,199.63702359346644,2565.7350272232306
14.810401331998946,12.872,2.1778584392014526,217.7858439201452,2803.339382940109
14.82047811999837,12.848,1.9963702359346642,199.63702359346644,2564.9364791288567
14.83055449999847,12.876,2.1778584392014526,199.63702359346644,2570.5263157894738
14.840630713999417,12.848,2.1778584392014526,217.7858439201452,2798.112522686026
14.850707038998735,12.88,1.9963702359346642,217.7858439201452,2805.0816696914703
14.86078547499892,12.856,1.9963702359346642,217.7858439201452,2799.854809437387
14.870928204998563,12.876,2.1778584392014526,199.63702359346644,2570.5263157894738
14.881010751998474,12.856,2.1778584392014526,217.7858439201452,2799.854809437387
14.89109170699885,12.876,1.9963702359346642,199.63702359346644,2570.5263157894738
14.901174179000009,12.852,2.1778584392014526,217.7858439201452,2798.983666061706
14.911254707998523,12.872,2.1778584392014526,217.7858439201452,2803.339382940109
14.92133662499873,12.852,2.1778584392014526,217.7858439201452,2798.983666061706
14.931417375999445,12.876,1.9963702359346642,199.63702359346644,2570.5263157894738
14.941498311000032,12.848,2.1778584392014526,217.7858439201452,2798.112522686026
14.951578913998674,12.88,1.9963702359346642,217.7858439201452,2805.0816696914703
14.961657812998965,12.848,2.1778584392014526,217.7858439201452,2798.112522686026
14.97174682199875,12.88,1.9963702359346642,199.63702359346644,2571.3248638838477
14.981823516998702,12.852,2.1778584392014526,217.7858439201452,2798.983666061706
14.991899638000177,12.876,1.9963702359346642,217.7858439201452,2804.2105263157896
15.001977926000109,12.856,2.1778584392014526,199.63702359346644,2566.5335753176046
15.012050565999743,12.868,2.1778584392014526,217.7858439201452,2802.4682395644286
15.02212437199887,12.856,2.1778584392014526,199.63702359346644,2566.5335753176046
15.032197955999436,12.876,1.9963702359346642,217.7858439201452,2804.2105263157896
15.042273743998521,12.848,1.9963702359346642,199.63702359346644,2564.9364791288567
15.052346605998537,12.88,1.9963702359346642,199.63702359346644,2571.3248638838477
15.062422837998383,12.848,2.1778584392014526,199.63702359346644,2564.9364791288567
15.07251055099914,12.88,1.9963702359346642,199.63702359346644,2571.3248638838477
15.08258680200015,12.856,1.9963702359346642,217.7858439201452,2799.854809437387
15.092664348998369,12.876,1.9963702359346642,217.7858439201452,2804.2105263157896
15.102740395999717,12.852,2.1778584392014526,217.7858439201452,2798.983666061706
15.11281807299929,12.872,1.9963702359346642,217.7858439201452,2803.339382940109
15.122893415998988,12.852,2.1778584392014526,217.7858439201452,2798.983666061706
15.132970758999363,12.876,1.9963702359346642,217.7858439201452,2804.2105263157896
15.143046657998639,12.848,2.1778584392014526,217.7858439201452,2798.112522686026
15.153123685999162,12.88,1.9963702359346642,217.7858439201452,2805.0816696914703
15.163199437000003,12.848,2.1778584392014526,217.7858439201452,2798.112522686026
15.173284853999576,12.88,2.1778584392014526,217.7858439201452,2805.0816696914703
15.183364956999867,12.848,2.1778584392014526,199.63702359346644,2564.9364791288567
15.193445336999503,12.88,1.9963702359346642,199.63702359346644,2571.3248638838477
15.20352532799916,12.852,2.1778584392014526,217.7858439201452,2798.983666061706
15.213605504999578,12.868,1.9963702359346642,217.7858439201452,2802.4682395644286
15.223685495999234,12.856,2.1778584392014526,217.7858439201452,2799.854809437387
15.233766301998912,12.864,2.1778584392014526,217.7858439201452,2801.597096188748
15.243846904999373,12.856,2.1778584392014526,199.63702359346644,2566.5335753176046
15.2539269889985,12.872,2.1778584392014526,217.7858439201452,2803.339382940109
15.264005535998876,12.86,2.1778584392014526,217.7858439201452,2800.725952813067
15.274092433999613,12.876,2.1778584392014526,199.63702359346644,2570.5263157894738
15.284171833000073,12.848,2.1778584392014526,217.7858439201452,2798.112522686026
15.294257620998906,12.876,2.1778584392014526,217.7858439201452,2804.2105263157896
15.304334611999366,12.856,2.1778584392014526,217.7858439201452,2799.854809437387
15.314411695999297,12.872,2.1778584392014526,199.63702359346644,2569.7277676951
15.32448900199961,12.852,1.9963702359346642,217.7858439201452,2798.983666061706
15.33456547499918,12.872,2.1778584392014526,199.63702359346644,2569.7277676951
15.344641540999874,12.856,2.1778584392014526,217.7858439201452,2799.854809437387
15.35471827299989,12.876,1.9963702359346642,217.7858439201452,2804.2105263157896
15.364761931999965,12.848,1.9963702359346642,199.63702359346644,2564.9364791288567
15.374850644999242,12.88,1.9963702359346642,199.63702359346644,2571.3248638838477
15.384933469998941,12.848,2.1778584392014526,199.63702359346644,2564.9364791288567
15.395014960999106,12.88,1.9963702359346642,217.7858439201452,2805.0816696914703
15.405097414999545,12.852,1.9963702359346642,199.63702359346644,2565.7350272232306
15.41517888799899,12.868,2.1778584392014526,199.63702359346644,2568.9292196007264
15.425264120000065,12.856,1.9963702359346642,199.63702359346644,2566.5335753176046
15.435345407999193,12.868,2.1778584392014526,217.7858439201452,2802.4682395644286
15.445429472998512,12.86,1.9963702359346642,217.7858439201452,2800.725952813067
15.455510779000178,12.868,2.1778584392014526,217.7858439201452,2802.4682395644286
15.465592066999307,12.86,2.1778584392014526,217.7858439201452,2800.725952813067
15.4756849839996,12.876,1.9963702359346642,217.7858439201452,2804.2105263157896
15.485761289999573,12.852,2.1778584392014526,199.63702359346644,2565.7350272232306
15.49583813299978,12.876,1.9963702359346642,199.63702359346644,2570.5263157894738
15.505922031999944,12.852,2.1778584392014526,217.7858439201452,2798.983666061706
15.5159981529996,12.876,1.9963702359346642,199.63702359346644,2570.5263157894738
15.52608058899932,12.848,1.9963702359346642,199.63702359346644,2564.9364791288567
15.536157320999337,12.872,1.9963702359346642,217.7858439201452,2803.339382940109
15.546233811999628,12.856,2.1778584392014526,217.7858439201452,2799.854809437387
15.556309543999305,12.872,1.9963702359346642,199.63702359346644,2569.7277676951
15.566386016998877,12.888,1.9963702359346642,199.63702359346644,2572.9219600725955
15.576477304999571,12.9,1.9963702359346642,199.63702359346644,2575.3176043557173
15.58656207399872,12.876,1.9963702359346642,199.63702359346644,2570.5263157894738
15.59664260199861,12.892,1.9963702359346642,199.63702359346644,2573.720508166969
15.606724149000001,12.864,1.9963702359346642,199.63702359346644,2568.1306715063524
15.616806954998538,12.892,1.9963702359346642,199.63702359346644,2573.720508166969
15.626888427999802,12.864,1.9963702359346642,199.63702359346644,2568.1306715063524
15.636970845000178,12.892,1.9963702359346642,199.63702359346644,2573.720508166969
15.64705096599937,12.868,1.9963702359346642,199.63702359346644,2568.9292196007264
15.657133012999111,12.892,1.9963702359346642,199.63702359346644,2573.720508166969
15.667216040999847,12.872,1.9963702359346642,199.63702359346644,2569.7277676951
15.677296180998383,12.892,1.9963702359346642,199.63702359346644,2573.720508166969
15.687372930999118,12.848,1.8148820326678767,199.63702359346644,2564.9364791288567
15.697451107998859,12.868,2.1778584392014526,217.7858439201452,2802.4682395644286
15.707527561999086,12.844,2.1778584392014526,199.63702359346644,2564.137931034483
15.717605719999483,12.88,2.1778584392014526,199.63702359346644,2571.3248638838477
15.727685951998865,12.84,2.1778584392014526,199.63702359346644,2563.339382940109
15.737761517999388,12.88,1.9963702359346642,217.7858439201452,2805.0816696914703
15.747861434998413,12.848,2.1778584392014526,217.7858439201452,2798.112522686026
15.75794140799917,12.88,1.9963702359346642,217.7858439201452,2805.0816696914703
15.76801949199944,12.852,1.9963702359346642,217.7858439201452,2798.983666061706
15.778092575999835,12.876,1.9963702359346642,199.63702359346644,2570.5263157894738
15.78816971499873,12.856,1.9963702359346642,199.63702359346644,2566.5335753176046
15.798247113998514,12.876,2.1778584392014526,217.7858439201452,2804.2105263157896
15.808330365000074,12.852,1.9963702359346642,217.7858439201452,2798.983666061706
15.818405614998483,12.88,2.1778584392014526,217.7858439201452,2805.0816696914703
15.828483846999006,12.848,2.1778584392014526,199.63702359346644,2564.9364791288567
15.83856013500008,12.876,2.1778584392014526,199.63702359346644,2570.5263157894738
15.84863710799982,12.852,2.1778584392014526,199.63702359346644,2565.7350272232306
15.858714080999562,12.876,2.1778584392014526,217.7858439201452,2804.2105263157896
15.868792590999874,12.856,1.9963702359346642,199.63702359346644,2566.5335753176046
15.878939024998544,12.876,2.1778584392014526,199.63702359346644,2570.5263157894738
15.889022015999217,12.856,2.1778584392014526,199.63702359346644,2566.5335753176046
15.899102525998387,12.876,2.1778584392014526,199.63702359346644,2570.5263157894738
15.909182591998615,12.856,1.9963702359346642,217.7858439201452,2799.854809437387
15.919264860998737,12.876,2.1778584392014526,199.63702359346644,2570.5263157894738
15.929345962998923,12.852,2.1778584392014526,217.7858439201452,2798.983666061706
15.939423066000018,12.88,2.1778584392014526,217.7858439201452,2805.0816696914703
15.949504575999526,12.844,2.1778584392014526,217.7858439201452,2797.2413793103447
15.959594529998867,12.88,2.1778584392014526,217.7858439201452,2805.0816696914703
15.969677279999814,12.844,2.1778584392014526,217.7858439201452,2797.2413793103447
15.979770567999367,12.88,2.1778584392014526,217.7858439201452,2805.0816696914703
15.989847854998516,12.852,1.9963702359346642,199.63702359346644,2565.7350272232306
15.99992484699942,12.876,2.1778584392014526,217.7858439201452,2804.2105263157896
16.010002412000176,12.856,1.9963702359346642,217.7858439201452,2799.854809437387
16.02007940399926,12.876,2.1778584392014526,217.7858439201452,2804.2105263157896
16.030155839000145,12.852,2.1778584392014526,199.63702359346644,2565.7350272232306
16.04023249799866,12.872,2.1778584392014526,199.63702359346644,2569.7277676951
16.05031252599838,12.848,2.1778584392014526,199.63702359346644,2564.9364791288567
16.060389479998776,12.88,2.1778584392014526,199.63702359346644,2571.3248638838477
16.070466230999955,12.848,1.9963702359346642,217.7858439201452,2798.112522686026
16.080554573998597,12.876,2.1778584392014526,217.7858439201452,2804.2105263157896
16.090636823999375,12.848,1.9963702359346642,199.63702359346644,2564.9364791288567
16.100714296999286,12.88,1.9963702359346642,199.63702359346644,2571.3248638838477
16.110795602999133,12.856,2.1778584392014526,217.7858439201452,2799.854809437387
16.120876113000122,12.872,2.1778584392014526,217.7858439201452,2803.339382940109
16.130955937998806,12.852,1.9963702359346642,217.7858439201452,2798.983666061706
16.141038447998653,12.872,1.9963702359346642,217.7858439201452,2803.339382940109
16.151119327998458,12.852,1.9963702359346642,199.63702359346644,2565.7350272232306
16.16120187499837,12.88,1.9963702359346642,217.7858439201452,2805.0816696914703
16.17128231099923,12.848,2.1778584392014526,199.63702359346644,2564.9364791288567
16.181375116999334,12.88,1.9963702359346642,199.63702359346644,2571.3248638838477
16.191456070999266,12.848,1.9963702359346642,217.7858439201452,2798.112522686026
16.20153743299852,12.88,1.9963702359346642,217.7858439201452,2805.0816696914703
16.21161890499934,12.852,2.1778584392014526,199.63702359346644,2565.7350272232306
16.2216995259987,12.876,1.9963702359346642,217.7858439201452,2804.2105263157896
16.231780757998422,12.856,2.1778584392014526,217.7858439201452,2799.854809437387
16.241861915999834,12.868,1.9963702359346642,199.63702359346644,2568.9292196007264
16.251942962999237,12.86,1.9963702359346642,199.63702359346644,2567.3321234119785
16.262023935998513,12.872,2.1778584392014526,217.7858439201452,2803.339382940109
16.272104482999566,12.86,2.1778584392014526,199.63702359346644,2567.3321234119785
16.28220756599876,12.876,1.9963702359346642,217.7858439201452,2804.2105263157896
16.292289020999306,12.852,2.1778584392014526,217.7858439201452,2798.983666061706
16.302369455999724,12.88,1.9963702359346642,217.7858439201452,2805.0816696914703
16.31244941099976,12.848,1.9963702359346642,217.7858439201452,2798.112522686026
16.322529420998762,12.88,1.9963702359346642,199.63702359346644,2571.3248638838477
16.332610079000005,12.848,1.9963702359346642,217.7858439201452,2798.112522686026
16.34269095899981,12.876,2.1778584392014526,199.63702359346644,2570.5263157894738
16.35277359799875,12.852,2.1778584392014526,217.7858439201452,2798.983666061706
16.362854903998596,12.872,2.1778584392014526,199.63702359346644,2569.7277676951
16.372934987999542,12.856,2.1778584392014526,217.7858439201452,2799.854809437387
16.38303797899971,12.876,1.9963702359346642,199.63702359346644,2570.5263157894738
16.393117803998393,12.86,2.1778584392014526,217.7858439201452,2800.725952813067
16.403198553998664,12.88,1.9963702359346642,199.63702359346644,2571.3248638838477
16.413279656999293,12.848,2.1778584392014526,199.63702359346644,2564.9364791288567
16.423360093000156,12.88,1.9963702359346642,217.7858439201452,2805.0816696914703
16.433439120999537,12.852,1.9963702359346642,217.7858439201452,2798.983666061706
16.443529445999957,12.872,2.1778584392014526,217.7858439201452,2803.339382940109
16.453611547998662,12.856,1.9963702359346642,199.63702359346644,2566.5335753176046
16.463692317000095,12.868,1.9963702359346642,199.63702359346644,2568.9292196007264
16.47377308599971,12.856,2.1778584392014526,217.7858439201452,2799.854809437387
16.483928797999397,12.868,1.9963702359346642,217.7858439201452,2802.4682395644286
16.494005955999455,12.852,2.1778584392014526,217.7858439201452,2798.983666061706
16.504082910998477,12.876,2.1778584392014526,217.7858439201452,2804.2105263157896
16.514158568999846,12.848,1.9963702359346642,217.7858439201452,2798.112522686026
16.524234467999122,12.88,1.9963702359346642,199.63702359346644,2571.3248638838477
16.534310717999688,12.848,2.1778584392014526,217.7858439201452,2798.112522686026
16.544393172000127,12.876,1.9963702359346642,199.63702359346644,2570.5263157894738
16.554470533999847,12.848,2.1778584392014526,217.7858439201452,2798.112522686026
16.564547358999334,12.872,1.9963702359346642,217.7858439201452,2803.339382940109
16.57462277599916,12.856,1.9963702359346642,199.63702359346644,2566.5335753176046
16.584708933998627,12.872,1.9963702359346642,199.63702359346644,2569.7277676951
16.594789332999426,12.856,2.1778584392014526,217.7858439201452,2799.854809437387
16.60487236100016,12.872,2.1778584392014526,199.63702359346644,2569.7277676951
16.61494770399986,12.86,1.9963702359346642,217.7858439201452,2800.725952813067
16.625030547998904,12.876,2.1778584392014526,199.63702359346644,2570.5263157894738
16.635111186998984,12.848,1.9963702359346642,217.7858439201452,2798.112522686026
16.645193307998852,12.872,1.9963702359346642,199.63702359346644,2569.7277676951
16.65527389199997,12.848,2.1778584392014526,217.7858439201452,2798.112522686026
16.665354771999773,12.872,1.9963702359346642,217.7858439201452,2803.339382940109
16.67543431899867,12.852,2.1778584392014526,199.63702359346644,2565.7350272232306
16.68551008799841,12.872,1.9963702359346642,217.7858439201452,2803.339382940109
16.69559093099997,12.86,1.9963702359346642,217.7858439201452,2800.725952813067
16.70567225599916,12.872,2.1778584392014526,217.7858439201452,2803.339382940109
16.715753839998797,12.86,2.1778584392014526,217.7858439201452,2800.725952813067
16.725833626998792,12.876,2.1778584392014526,217.7858439201452,2804.2105263157896
16.735913396998512,12.856,1.9963702359346642,199.63702359346644,2566.5335753176046
16.74602086899904,12.876,1.9963702359346642,217.7858439201452,2804.2105263157896
16.756106155999078,12.844,2.1778584392014526,199.63702359346644,2564.137931034483
16.766189702999327,12.876,1.9963702359346642,199.63702359346644,2570.5263157894738
16.7762712499989,12.848,1.9963702359346642,217.7858439201452,2798.112522686026
16.786358425999424,12.876,1.9963702359346642,217.7858439201452,2804.2105263157896
16.796441528998912,12.856,2.1778584392014526,217.7858439201452,2799.854809437387
16.80651837199912,12.872,2.1778584392014526,199.63702359346644,2569.7277676951
16.816595159998542,12.86,1.9963702359346642,199.63702359346644,2567.3321234119785
16.826671780998367,12.876,1.9963702359346642,217.7858439201452,2804.2105263157896
16.836749254000097,12.852,1.9963702359346642,217.7858439201452,2798.983666061706
16.846826151999267,12.872,1.9963702359346642,217.7858439201452,2803.339382940109
16.856903717998648,12.848,1.9963702359346642,199.63702359346644,2564.9364791288567
16.866980265000166,12.904,1.9963702359346642,199.63702359346644,2576.116152450091
16.87705729299887,12.88,1.9963702359346642,181.48820326678765,2337.568058076225
16.88713537699914,12.896,1.9963702359346642,199.63702359346644,2574.5190562613434
16.897212905998458,12.872,1.9963702359346642,199.63702359346644,2569.7277676951
16.907288859998516,12.888,1.9963702359346642,199.63702359346644,2572.9219600725955
16.91736648099868,12.872,1.9963702359346642,199.63702359346644,2569.7277676951
16.927442657999563,12.888,1.9963702359346642,199.63702359346644,2572.9219600725955
16.937518537999495,12.868,1.9963702359346642,199.63702359346644,2568.9292196007264
16.94760278799913,12.892,1.9963702359346642,199.63702359346644,2573.720508166969
16.957684834998872,12.86,1.9963702359346642,199.63702359346644,2567.3321234119785
16.96775934499965,12.896,1.9963702359346642,199.63702359346644,2574.5190562613434
16.977842577000047,12.86,1.9963702359346642,199.63702359346644,2567.3321234119785
16.987948715999664,12.896,1.9963702359346642,199.63702359346644,2574.5190562613434
16.998024873999384,12.836,2.1778584392014526,217.7858439201452,2795.4990925589836
17.008101846999125,12.868,1.9963702359346642,199.63702359346644,2568.9292196007264
17.018182967998655,12.852,2.1778584392014526,217.7858439201452,2798.983666061706
17.028256366998903,12.876,1.9963702359346642,217.7858439201452,2804.2105263157896
17.03833972799839,12.856,2.1778584392014526,217.7858439201452,2799.854809437387
17.04841747899991,12.876,1.9963702359346642,217.7858439201452,2804.2105263157896
17.058494525999777,12.852,2.1778584392014526,217.7858439201452,2798.983666061706
17.06857144300011,12.876,2.1778584392014526,199.63702359346644,2570.5263157894738
17.07864797199909,12.848,1.9963702359346642,217.7858439201452,2798.112522686026
17.088748517999193,12.88,1.9963702359346642,199.63702359346644,2571.3248638838477
17.098824861999674,12.848,1.9963702359346642,217.7858439201452,2798.112522686026
17.108902796999246,12.88,1.9963702359346642,217.7858439201452,2805.0816696914703
17.118979047998437,12.856,2.1778584392014526,217.7858439201452,2799.854809437387
17.129057853999257,12.876,1.9963702359346642,199.63702359346644,2570.5263157894738
17.13913160499942,12.856,2.1778584392014526,199.63702359346644,2566.5335753176046
17.149210780999056,12.876,2.1778584392014526,199.63702359346644,2570.5263157894738
17.159284790999664,12.848,2.1778584392014526,199.63702359346644,2564.9364791288567
17.169361467998897,12.88,1.9963702359346642,217.7858439201452,2805.0816696914703
17.179438329998447,12.844,2.1778584392014526,217.7858439201452,2797.2413793103447
17.189525987998422,12.884,2.1778584392014526,217.7858439201452,2805.9528130671506
17.199602478998713,12.844,2.1778584392014526,217.7858439201452,2797.2413793103447
17.20968013699894,12.884,2.1778584392014526,217.7858439201452,2805.9528130671506
17.219754035999358,12.852,2.1778584392014526,199.63702359346644,2565.7350272232306
17.229826786999183,12.88,1.9963702359346642,199.63702359346644,2571.3248638838477
17.239899573998628,12.856,1.9963702359346642,217.7858439201452,2799.854809437387
17.249978268999257,12.876,1.9963702359346642,217.7858439201452,2804.2105263157896
17.260054075999506,12.856,1.9963702359346642,199.63702359346644,2566.5335753176046
17.270130418999543,12.872,2.1778584392014526,199.63702359346644,2569.7277676951
17.280207021000024,12.848,2.1778584392014526,199.63702359346644,2564.9364791288567
17.29034777099878,12.876,2.1778584392014526,199.63702359346644,2570.5263157894738
17.300426095000148,12.848,1.9963702359346642,199.63702359346644,2564.9364791288567
17.310507438998684,12.88,2.1778584392014526,199.63702359346644,2571.3248638838477
17.320587762998912,12.848,2.1778584392014526,217.7858439201452,2798.112522686026
17.330672105999838,12.88,2.1778584392014526,199.63702359346644,2571.3248638838477
17.340756523999517,12.848,2.1778584392014526,217.7858439201452,2798.112522686026
17.350837848000083,12.876,2.1778584392014526,217.7858439201452,2804.2105263157896
17.36093465399972,12.848,2.1778584392014526,217.7858439201452,2798.112522686026
17.371012589999737,12.872,1.9963702359346642,199.63702359346644,2569.7277676951
17.381093099998907,12.852,2.1778584392014526,199.63702359346644,2565.7350272232306
17.391202201999477,12.876,1.9963702359346642,199.63702359346644,2570.5263157894738
17.40128482199907,12.856,2.1778584392014526,199.63702359346644,2566.5335753176046
17.411365498999658,12.88,2.1778584392014526,199.63702359346644,2571.3248638838477
17.421446730999378,12.848,2.1778584392014526,217.7858439201452,2798.112522686026
17.43152768499931,12.88,1.9963702359346642,199.63702359346644,2571.3248638838477
17.441608473000088,12.848,1.9963702359346642,217.7858439201452,2798.112522686026
17.451688778999596,12.904,1.9963702359346642,199.63702359346644,2576.116152450091
17.461772325999846,12.876,1.8148820326678767,199.63702359346644,2570.5263157894738
17.47185978000016,12.888,2.1778584392014526,199.63702359346644,2572.9219600725955
17.481939992998377,12.868,1.9963702359346642,199.63702359346644,2568.9292196007264
17.492089594999925,12.888,1.9963702359346642,199.63702359346644,2572.9219600725955
17.502166918999137,12.872,1.9963702359346642,199.63702359346644,2569.7277676951
17.512241465999978,12.892,1.9963702359346642,199.63702359346644,2573.720508166969
17.522319068999423,12.864,1.9963702359346642,199.63702359346644,2568.1306715063524
17.532395374999396,12.896,1.9963702359346642,199.63702359346644,2574.5190562613434
17.542472051000004,12.86,1.9963702359346642,199.63702359346644,2567.3321234119785
17.552548505998857,12.896,1.9963702359346642,199.63702359346644,2574.5190562613434
17.56262481199883,12.856,1.9963702359346642,199.63702359346644,2566.5335753176046
17.57270643299853,12.896,1.9963702359346642,199.63702359346644,2574.5190562613434
17.58277938699939,12.832,2.1778584392014526,217.7858439201452,2794.6279491833034
17.59292972899857,12.872,1.9963702359346642,217.7858439201452,2803.339382940109
17.603003108999474,12.848,1.9963702359346642,217.7858439201452,2798.112522686026
17.613079953000124,12.876,1.9963702359346642,217.7858439201452,2804.2105263157896
17.62315636999847,12.852,2.1778584392014526,217.7858439201452,2798.983666061706
17.63323404699986,12.88,1.9963702359346642,217.7858439201452,2805.0816696914703
17.643308148999495,12.844,1.9963702359346642,217.7858439201452,2797.2413793103447
17.653380714999003,12.88,2.1778584392014526,217.7858439201452,2805.0816696914703
17.663456501999462,12.844,1.9963702359346642,217.7858439201452,2797.2413793103447
17.673533622999457,12.872,1.9963702359346642,199.63702359346644,2569.7277676951
17.683610743999452,12.848,2.1778584392014526,217.7858439201452,2798.112522686026
17.693738715999643,12.876,1.9963702359346642,199.63702359346644,2570.5263157894738
17.703814151998813,12.852,2.1778584392014526,217.7858439201452,2798.983666061706
17.713894605998576,12.876,2.1778584392014526,217.7858439201452,2804.2105263157896
17.723975523998888,12.856,1.9963702359346642,199.63702359346644,2566.5335753176046
17.73405210799865,12.876,1.9963702359346642,199.63702359346644,2570.5263157894738
17.744146357999853,12.852,1.9963702359346642,217.7858439201452,2798.983666061706
17.75422583099862,12.88,2.1778584392014526,217.7858439201452,2805.0816696914703
17.764302525998573,12.848,1.9963702359346642,217.7858439201452,2798.112522686026
17.774383886999203,12.88,2.1778584392014526,199.63702359346644,2571.3248638838477
17.78446154499943,12.836,2.1778584392014526,217.7858439201452,2795.4990925589836
17.79462242399859,12.884,1.9963702359346642,199.63702359346644,2572.1234119782216
17.804698526999346,12.844,2.1778584392014526,217.7858439201452,2797.2413793103447
17.814774795999256,12.88,2.1778584392014526,217.7858439201452,2805.0816696914703
17.824852675999864,12.852,2.1778584392014526,199.63702359346644,2565.7350272232306
17.83492888999899,12.876,2.1778584392014526,199.63702359346644,2570.5263157894738
17.845006528999875,12.852,2.1778584392014526,217.7858439201452,2798.983666061706
17.855082575999404,12.876,2.1778584392014526,199.63702359346644,2570.5263157894738
17.86516012299944,12.848,2.1778584392014526,217.7858439201452,2798.112522686026
17.87523646599948,12.876,2.1778584392014526,217.7858439201452,2804.2105263157896
17.88531388299998,12.848,2.1778584392014526,199.63702359346644,2564.9364791288567
17.89543594799943,12.88,2.1778584392014526,199.63702359346644,2571.3248638838477
17.90551867999966,12.844,2.1778584392014526,199.63702359346644,2564.137931034483
17.915599004998512,12.88,1.9963702359346642,199.63702359346644,2571.3248638838477
17.925679180998486,12.848,2.1778584392014526,217.7858439201452,2798.112522686026
17.93575943199903,12.88,1.9963702359346642,217.7858439201452,2805.0816696914703
17.945839904999957,12.852,1.9963702359346642,199.63702359346644,2565.7350272232306
17.955921543998556,12.876,2.1778584392014526,217.7858439201452,2804.2105263157896
17.965997979999884,12.852,2.1778584392014526,217.7858439201452,2798.983666061706
17.97607908200007,12.876,2.1778584392014526,199.63702359346644,2570.5263157894738
17.98615535099998,12.852,2.1778584392014526,217.7858439201452,2798.983666061706
17.99629871199977,12.88,2.1778584392014526,217.7858439201452,2805.0816696914703
18.0063763879989,12.844,2.1778584392014526,217.7858439201452,2797.2413793103447
18.016460897999423,12.884,1.9963702359346642,199.63702359346644,2572.1234119782216
18.02653309299967,12.848,2.1778584392014526,217.7858439201452,2798.112522686026
18.03660415899867,12.88,2.1778584392014526,217.7858439201452,2805.0816696914703
18.046681297999385,12.852,2.1778584392014526,217.7858439201452,2798.983666061706
18.056759381999655,12.876,1.9963702359346642,199.63702359346644,2570.5263157894738
18.066838891998486,12.856,2.1778584392014526,217.7858439201452,2799.854809437387
18.07691673499903,12.872,1.9963702359346642,217.7858439201452,2803.339382940109
18.086993744998836,12.856,2.1778584392014526,217.7858439201452,2799.854809437387
18.097081347999847,12.876,2.1778584392014526,217.7858439201452,2804.2105263157896
18.1071580609987,12.848,1.9963702359346642,217.7858439201452,2798.112522686026
18.117240644998674,12.88,2.1778584392014526,217.7858439201452,2805.0816696914703
18.1273184699985,12.848,1.9963702359346642,217.7858439201452,2798.112522686026
18.137396923999404,12.88,1.9963702359346642,199.63702359346644,2571.3248638838477
18.14746991499851,12.852,2.1778584392014526,217.7858439201452,2798.983666061706
18.157542998998906,12.876,2.1778584392014526,199.63702359346644,2570.5263157894738
18.167615657999704,12.852,1.9963702359346642,199.63702359346644,2565.7350272232306
18.17768881599841,12.876,1.9963702359346642,217.7858439201452,2804.2105263157896
18.187761510998826,12.852,2.1778584392014526,199.63702359346644,2565.7350272232306
18.197901315999843,12.876,1.9963702359346642,217.7858439201452,2804.2105263157896
18.207982677999098,12.856,1.9963702359346642,199.63702359346644,2566.5335753176046
18.21806324299905,12.88,2.1778584392014526,217.7858439201452,2805.0816696914703
18.228153512000063,12.856,2.1778584392014526,217.7858439201452,2799.854809437387
18.238235798999085,12.88,2.1778584392014526,199.63702359346644,2571.3248638838477
18.248315790999186,12.848,2.1778584392014526,199.63702359346644,2564.9364791288567
18.2583965599988,12.88,2.1778584392014526,217.7858439201452,2805.0816696914703
18.26847708799869,12.852,1.9963702359346642,217.7858439201452,2798.983666061706
18.27855770899987,12.872,1.9963702359346642,217.7858439201452,2803.339382940109
18.288638625999738,12.856,2.1778584392014526,217.7858439201452,2799.854809437387
18.298729579999417,12.872,2.1778584392014526,217.7858439201452,2803.339382940109
18.30881090499861,12.856,1.9963702359346642,217.7858439201452,2799.854809437387
18.31888717399852,12.88,1.9963702359346642,217.7858439201452,2805.0816696914703
18.32896670199989,12.852,2.1778584392014526,217.7858439201452,2798.983666061706
18.33904406399961,12.88,1.9963702359346642,199.63702359346644,2571.3248638838477
18.349121184999603,12.852,2.1778584392014526,199.63702359346644,2565.7350272232306
18.35919689899856,12.88,1.9963702359346642,199.63702359346644,2571.3248638838477
18.36927457499951,12.848,2.1778584392014526,217.7858439201452,2798.112522686026
18.379350567000074,12.876,2.1778584392014526,217.7858439201452,2804.2105263157896
18.389426668998567,12.848,2.1778584392014526,217.7858439201452,2798.112522686026
18.39951351199852,12.876,2.1778584392014526,217.7858439201452,2804.2105263157896
18.40959613299856,12.852,2.1778584392014526,199.63702359346644,2565.7350272232306
18.419675901999653,12.872,1.9963702359346642,217.7858439201452,2803.339382940109
18.429756819999966,12.856,1.9963702359346642,217.7858439201452,2799.854809437387
18.43983860699882,12.876,2.1778584392014526,199.63702359346644,2570.5263157894738
18.449918801999956,12.856,1.9963702359346642,199.63702359346644,2566.5335753176046
18.459996737999973,12.88,1.9963702359346642,217.7858439201452,2805.0816696914703
18.470078192000074,12.848,1.9963702359346642,217.7858439201452,2798.112522686026
18.480159127999286,12.876,2.1778584392014526,199.63702359346644,2570.5263157894738
18.490239377999387,12.852,2.1778584392014526,217.7858439201452,2798.983666061706
18.50032598100006,12.876,2.1778584392014526,217.7858439201452,2804.2105263157896
18.510401823999928,12.856,2.1778584392014526,199.63702359346644,2566.5335753176046
18.520474314998864,12.872,1.9963702359346642,199.63702359346644,2569.7277676951
18.530550288000086,12.856,2.1778584392014526,217.7858439201452,2799.854809437387
18.54062292799972,12.876,1.9963702359346642,199.63702359346644,2570.5263157894738
18.55069908599944,12.852,1.9963702359346642,217.7858439201452,2798.983666061706
18.560776873999203,12.88,2.1778584392014526,199.63702359346644,2571.3248638838477
18.57085284599998,12.848,1.9963702359346642,217.7858439201452,2798.112522686026
18.58093018999898,12.88,2.1778584392014526,217.7858439201452,2805.0816696914703
18.591004717998658,12.844,2.1778584392014526,217.7858439201452,2797.2413793103447
18.601080450000154,12.876,2.1778584392014526,217.7858439201452,2804.2105263157896
18.611157145000107,12.856,2.1778584392014526,217.7858439201452,2799.854809437387
18.621234673999425,12.872,1.9963702359346642,217.7858439201452,2803.339382940109
18.631306479999694,12.856,2.1778584392014526,199.63702359346644,2566.5335753176046
18.641384396998546,12.904,1.9963702359346642,181.48820326678765,2341.923774954628
18.65146035199905,12.876,1.9963702359346642,199.63702359346644,2570.5263157894738
18.66154043499955,12.896,1.9963702359346642,199.63702359346644,2574.5190562613434
18.671613667998827,12.864,2.1778584392014526,199.63702359346644,2568.1306715063524
18.681692491998547,12.892,1.9963702359346642,199.63702359346644,2573.720508166969
18.69176785399941,12.864,1.9963702359346642,199.63702359346644,2568.1306715063524
18.70185393799875,12.892,1.9963702359346642,199.63702359346644,2573.720508166969
18.711934613998892,12.864,1.9963702359346642,199.63702359346644,2568.1306715063524
18.722015272000135,12.892,1.9963702359346642,217.7858439201452,2807.6950998185116
18.73209554099958,12.868,1.9963702359346642,199.63702359346644,2568.9292196007264
18.742181087998688,12.892,1.9963702359346642,199.63702359346644,2573.720508166969
18.75226446799934,12.868,1.9963702359346642,199.63702359346644,2568.9292196007264
18.762345384999207,12.896,1.9963702359346642,199.63702359346644,2574.5190562613434
18.77242582100007,12.836,1.9963702359346642,217.7858439201452,2795.4990925589836
18.782508071999473,12.876,1.9963702359346642,199.63702359346644,2570.5263157894738
18.792588951999278,12.836,2.1778584392014526,199.63702359346644,2562.5408348457354
18.802753996998945,12.884,1.9963702359346642,217.7858439201452,2805.9528130671506
18.81283498799894,12.84,2.1778584392014526,217.7858439201452,2796.3702359346644
18.82291123899995,12.88,2.1778584392014526,217.7858439201452,2805.0816696914703
18.83298900799855,12.848,1.9963702359346642,199.63702359346644,2564.9364791288567
18.843066018000172,12.876,2.1778584392014526,199.63702359346644,2570.5263157894738
18.853144027998496,12.852,2.1778584392014526,217.7858439201452,2798.983666061706
18.863220575000014,12.876,2.1778584392014526,217.7858439201452,2804.2105263157896
18.873298196000178,12.852,2.1778584392014526,217.7858439201452,2798.983666061706
18.883374428000025,12.876,1.9963702359346642,217.7858439201452,2804.2105263157896
18.893451992998962,12.848,1.9963702359346642,199.63702359346644,2564.9364791288567
18.9035384660001,12.876,1.9963702359346642,217.7858439201452,2804.2105263157896
18.91362169799868,12.844,2.1778584392014526,217.7858439201452,2797.2413793103447
18.923703096999816,12.884,2.1778584392014526,217.7858439201452,2805.9528130671506
18.933784550999917,12.844,1.9963702359346642,199.63702359346644,2564.137931034483
18.943865634999383,12.88,1.9963702359346642,217.7858439201452,2805.0816696914703
18.95394634799959,12.848,2.1778584392014526,199.63702359346644,2564.9364791288567
18.964026820998697,12.876,1.9963702359346642,199.63702359346644,2570.5263157894738
18.974102830999982,12.856,2.1778584392014526,199.63702359346644,2566.5335753176046
18.98417845199947,12.876,1.9963702359346642,199.63702359346644,2570.5263157894738
18.994259498998872,12.848,2.1778584392014526,217.7858439201452,2798.112522686026
19.004350526998678,12.88,1.9963702359346642,199.63702359346644,2571.3248638838477
19.0144238519988,12.84,2.1778584392014526,217.7858439201452,2796.3702359346644
19.02450013899943,12.884,1.9963702359346642,217.7858439201452,2805.9528130671506
19.034576148998894,12.844,1.9963702359346642,217.7858439201452,2797.2413793103447
19.044652343998678,12.884,2.1778584392014526,199.63702359346644,2572.1234119782216
19.05472863199975,12.852,1.9963702359346642,199.63702359346644,2565.7350272232306
19.064805938000063,12.88,2.1778584392014526,217.7858439201452,2805.0816696914703
19.07488492899938,12.856,2.1778584392014526,217.7858439201452,2799.854809437387
19.08496258699961,12.876,1.9963702359346642,199.63702359346644,2570.5263157894738
19.095048096998653,12.856,2.1778584392014526,217.7858439201452,2799.854809437387
19.105137939999622,12.872,2.1778584392014526,199.63702359346644,2569.7277676951
19.115219597999385,12.856,1.9963702359346642,217.7858439201452,2799.854809437387
19.125301848998788,12.88,2.1778584392014526,217.7858439201452,2805.0816696914703
19.135382487998868,12.848,2.1778584392014526,199.63702359346644,2564.9364791288567
19.14546292399973,12.884,1.9963702359346642,199.63702359346644,2572.1234119782216
19.155544025999916,12.848,2.1778584392014526,199.63702359346644,2564.9364791288567
19.165623794999192,12.88,2.1778584392014526,199.63702359346644,2571.3248638838477
19.17569852699853,12.852,1.9963702359346642,217.7858439201452,2798.983666061706
19.185778721999668,12.876,2.1778584392014526,217.7858439201452,2804.2105263157896
19.195856324999113,12.848,2.1778584392014526,199.63702359346644,2564.9364791288567
19.205948000999342,12.876,1.9963702359346642,199.63702359346644,2570.5263157894738
19.216024473998914,12.844,2.1778584392014526,199.63702359346644,2564.137931034483
19.226100836000114,12.88,2.1778584392014526,217.7858439201452,2805.0816696914703
19.236178215998734,12.844,2.1778584392014526,199.63702359346644,2564.137931034483
19.24625444799858,12.884,1.9963702359346642,199.63702359346644,2572.1234119782216
19.256330550999337,12.848,2.1778584392014526,217.7858439201452,2798.112522686026
19.266406596998422,12.88,1.9963702359346642,199.63702359346644,2571.3248638838477
19.276482958999622,12.856,1.9963702359346642,199.63702359346644,2566.5335753176046
19.286558709998644,12.88,1.9963702359346642,217.7858439201452,2805.0816696914703
19.29663451599845,12.856,1.9963702359346642,217.7858439201452,2799.854809437387
19.30675339499976,12.872,2.1778584392014526,199.63702359346644,2569.7277676951
19.316836571999374,12.86,1.9963702359346642,217.7858439201452,2800.725952813067
19.32691661899844,12.876,2.1778584392014526,199.63702359346644,2570.5263157894738
19.337001387999408,12.856,1.9963702359346642,199.63702359346644,2566.5335753176046
19.34708163799951,12.88,2.1778584392014526,217.7858439201452,2805.0816696914703
19.35716318499908,12.848,1.9963702359346642,199.63702359346644,2564.9364791288567
19.367245490999267,12.88,2.1778584392014526,217.7858439201452,2805.0816696914703
19.377322241998627,12.848,1.9963702359346642,199.63702359346644,2564.9364791288567
19.387399195999024,12.884,2.1778584392014526,217.7858439201452,2805.9528130671506
19.39747481699851,12.848,1.9963702359346642,217.7858439201452,2798.112522686026
19.407560955998633,12.88,1.9963702359346642,217.7858439201452,2805.0816696914703
19.417637836999347,12.856,2.1778584392014526,217.7858439201452,2799.854809437387
19.427711086998897,12.88,1.9963702359346642,199.63702359346644,2571.3248638838477
19.43778765299976,12.852,1.9963702359346642,199.63702359346644,2565.7350272232306
19.44786451499931,12.884,1.9963702359346642,199.63702359346644,2572.1234119782216
19.457936987999346,12.848,2.1778584392014526,217.7858439201452,2798.112522686026
19.468013070998495,12.884,2.1778584392014526,217.7858439201452,2805.9528130671506
19.478090044000055,12.848,2.1778584392014526,199.63702359346644,2564.9364791288567
19.488163535999774,12.884,2.1778584392014526,217.7858439201452,2805.9528130671506
19.498237600999346,12.856,1.9963702359346642,217.7858439201452,2799.854809437387
19.508360609999727,12.872,2.1778584392014526,217.7858439201452,2803.339382940109
19.518437693999658,12.856,1.9963702359346642,199.63702359346644,2566.5335753176046
19.528516166999907,12.872,2.1778584392014526,199.63702359346644,2569.7277676951
19.538594157998887,12.856,1.9963702359346642,217.7858439201452,2799.854809437387
19.54867046399886,12.876,2.1778584392014526,199.63702359346644,2570.5263157894738
19.558747658998982,12.868,2.1778584392014526,199.63702359346644,2568.9292196007264
19.568828483999823,12.888,1.9963702359346642,199.63702359346644,2572.9219600725955
19.578906271999585,12.852,2.1778584392014526,199.63702359346644,2565.7350272232306
19.588982133000172,12.888,1.9963702359346642,199.63702359346644,2572.9219600725955
19.599058920999596,12.852,2.1778584392014526,199.63702359346644,2565.7350272232306
19.609154226998726,12.888,1.9963702359346642,217.7858439201452,2806.8239564428313
19.61922732899984,12.852,1.9963702359346642,199.63702359346644,2565.7350272232306
19.629304894999223,12.884,1.9963702359346642,199.63702359346644,2572.1234119782216
19.63938107099966,12.86,1.9963702359346642,199.63702359346644,2567.3321234119785
19.649458562998916,12.88,2.1778584392014526,199.63702359346644,2571.3248638838477
19.659532906000095,12.852,1.9963702359346642,199.63702359346644,2565.7350272232306
19.669606211999053,12.884,2.1778584392014526,199.63702359346644,2572.1234119782216
19.679681999999957,12.848,1.9963702359346642,199.63702359346644,2564.9364791288567
19.689759342998514,12.896,1.9963702359346642,217.7858439201452,2808.566243194193
19.699834926999756,12.852,2.1778584392014526,199.63702359346644,2565.7350272232306
19.709916269999667,12.88,1.9963702359346642,199.63702359346644,2571.3248638838477
19.719991501999175,12.856,1.9963702359346642,199.63702359346644,2566.5335753176046
19.730072548998578,12.884,1.9963702359346642,199.63702359346644,2572.1234119782216
19.740153447999546,12.86,1.9963702359346642,199.63702359346644,2567.3321234119785
19.750237494999965,12.88,2.1778584392014526,199.63702359346644,2571.3248638838477
19.760319540999262,12.86,1.9963702359346642,199.63702359346644,2567.3321234119785
19.770400254999913,12.88,1.9963702359346642,199.63702359346644,2571.3248638838477
19.780482041998766,12.86,1.9963702359346642,199.63702359346644,2567.3321234119785
19.790563922999354,12.884,1.9963702359346642,217.7858439201452,2805.9528130671506
19.800644820999878,12.848,2.1778584392014526,217.7858439201452,2798.112522686026
19.810810754999693,12.876,2.1778584392014526,217.7858439201452,2804.2105263157896
19.820886838999286,12.836,2.1778584392014526,217.7858439201452,2795.4990925589836
19.830963089998477,12.88,1.9963702359346642,217.7858439201452,2805.0816696914703
19.841040765999423,12.844,2.1778584392014526,217.7858439201452,2797.2413793103447
19.851115072999164,12.876,2.1778584392014526,199.63702359346644,2570.5263157894738
19.861192489999667,12.848,2.1778584392014526,217.7858439201452,2798.112522686026
19.871269110999492,12.876,1.9963702359346642,217.7858439201452,2804.2105263157896
19.881349601999318,12.852,2.1778584392014526,199.63702359346644,2565.7350272232306
19.891425705000074,12.88,1.9963702359346642,217.7858439201452,2805.0816696914703
19.901503528999456,12.844,2.1778584392014526,217.7858439201452,2797.2413793103447
19.91158987199924,12.876,2.1778584392014526,199.63702359346644,2570.5263157894738
19.921673789000124,12.844,1.9963702359346642,199.63702359346644,2564.137931034483
19.931754706998618,12.876,2.1778584392014526,217.7858439201452,2804.2105263157896
19.941836660998888,12.844,2.1778584392014526,217.7858439201452,2797.2413793103447
19.951917262998904,12.876,2.1778584392014526,217.7858439201452,2804.2105263157896
19.961997754999175,12.852,1.9963702359346642,217.7858439201452,2798.983666061706
19.972078171998874,12.876,1.9963702359346642,199.63702359346644,2570.5263157894738
19.982158606999292,12.852,2.1778584392014526,217.7858439201452,2798.983666061706
19.99223917299969,12.872,2.1778584392014526,217.7858439201452,2803.339382940109
20.002319126999282,12.848,2.1778584392014526,217.7858439201452,2798.112522686026
20.012409784998454,12.876,2.1778584392014526,199.63702359346644,2570.5263157894738
20.02248651699847,12.84,2.1778584392014526,199.63702359346644,2563.339382940109
20.032562637999945,12.88,2.1778584392014526,199.63702359346644,2571.3248638838477
20.042638610999347,12.844,1.9963702359346642,217.7858439201452,2797.2413793103447
20.052714027999173,12.88,2.1778584392014526,217.7858439201452,2805.0816696914703
20.062789944999167,12.848,2.1778584392014526,199.63702359346644,2564.9364791288567
20.072870565998528,12.876,2.1778584392014526,199.63702359346644,2570.5263157894738
20.08294676100013,12.852,2.1778584392014526,199.63702359346644,2565.7350272232306
20.09302484499858,12.872,2.1778584392014526,217.7858439201452,2803.339382940109
20.103102132999993,12.852,1.9963702359346642,217.7858439201452,2798.983666061706
20.113179123998634,12.872,1.9963702359346642,217.7858439201452,2803.339382940109
20.12326050399861,12.852,2.1778584392014526,199.63702359346644,2565.7350272232306
20.13333584799875,12.872,2.1778584392014526,217.7858439201452,2803.339382940109
20.14341689399953,12.848,1.9963702359346642,199.63702359346644,2564.9364791288567
20.153493664000052,12.876,2.1778584392014526,217.7858439201452,2804.2105263157896
20.163574543999857,12.844,2.1778584392014526,217.7858439201452,2797.2413793103447
20.17365405399869,12.876,2.1778584392014526,217.7858439201452,2804.2105263157896
20.183734470998388,12.852,2.1778584392014526,217.7858439201452,2798.983666061706
20.193810740000117,12.872,2.1778584392014526,199.63702359346644,2569.7277676951
20.203891268000007,12.852,1.9963702359346642,217.7858439201452,2798.983666061706
20.213977629999135,12.868,2.1778584392014526,217.7858439201452,2802.4682395644286
20.224050676999468,12.844,2.1778584392014526,199.63702359346644,2564.137931034483
20.234127093999632,12.88,1.9963702359346642,217.7858439201452,2805.0816696914703
20.244203473999733,12.844,2.1778584392014526,199.63702359346644,2564.137931034483
20.25427642899922,12.88,2.1778584392014526,217.7858439201452,2805.0816696914703
20.2643531979993,12.848,2.1778584392014526,199.63702359346644,2564.9364791288567
20.27442891099963,12.876,1.9963702359346642,199.63702359346644,2570.5263157894738
20.2845059579995,12.852,1.9963702359346642,199.63702359346644,2565.7350272232306
20.29457857899979,12.872,1.9963702359346642,217.7858439201452,2803.339382940109
20.30465499699858,12.856,1.9963702359346642,217.7858439201452,2799.854809437387
20.31474120999883,12.868,2.1778584392014526,217.7858439201452,2802.4682395644286
20.324824608998824,12.86,2.1778584392014526,217.7858439201452,2800.725952813067
20.334904766999898,12.868,2.1778584392014526,199.63702359346644,2568.9292196007264
20.344986812999196,12.856,2.1778584392014526,217.7858439201452,2799.854809437387
20.355067878999762,12.876,2.1778584392014526,199.63702359346644,2570.5263157894738
20.365149721999842,12.848,1.9963702359346642,217.7858439201452,2798.112522686026
20.37523004600007,12.876,1.9963702359346642,217.7858439201452,2804.2105263157896
20.385311907999494,12.848,2.1778584392014526,217.7858439201452,2798.112522686026
20.395388380999066,12.876,2.1778584392014526,199.63702359346644,2570.5263157894738
20.405469686998913,12.856,2.1778584392014526,217.7858439201452,2799.854809437387
20.415560362998804,12.872,2.1778584392014526,199.63702359346644,2569.7277676951
20.425634909999644,12.852,2.1778584392014526,217.7858439201452,2798.983666061706
20.43570788299985,12.872,2.1778584392014526,217.7858439201452,2803.339382940109
20.44578587399883,12.844,2.1778584392014526,217.7858439201452,2797.2413793103447
20.455860476999078,12.876,2.1778584392014526,199.63702359346644,2570.5263157894738
20.465933764999136,12.844,2.1778584392014526,199.63702359346644,2564.137931034483
20.47600582999985,12.876,1.9963702359346642,217.7858439201452,2804.2105263157896
20.486082395998892,12.852,1.9963702359346642,217.7858439201452,2798.983666061706
20.496156256998802,12.872,2.1778584392014526,217.7858439201452,2803.339382940109
20.5062301379985,12.86,2.1778584392014526,217.7858439201452,2800.725952813067
20.516348535998986,12.872,1.9963702359346642,217.7858439201452,2803.339382940109
20.526426749000166,12.86,2.1778584392014526,217.7858439201452,2800.725952813067
20.53650385199944,12.86,2.1778584392014526,217.7858439201452,2800.725952813067
20.546579842999563,12.86,2.1778584392014526,217.7858439201452,2800.725952813067
20.556658907999008,12.868,1.9963702359346642,199.63702359346644,2568.9292196007264
20.56673986199894,12.86,2.1778584392014526,217.7858439201452,2800.725952813067
20.57682239099995,12.872,2.1778584392014526,217.7858439201452,2803.339382940109
20.58690060399931,12.852,2.1778584392014526,217.7858439201452,2798.983666061706
20.596982743998524,12.872,2.1778584392014526,217.7858439201452,2803.339382940109
20.607062864999534,12.852,2.1778584392014526,217.7858439201452,2798.983666061706
20.617155651998473,12.872,2.1778584392014526,199.63702359346644,2569.7277676951
20.627231439999377,12.868,1.9963702359346642,199.63702359346644,2568.9292196007264
20.63730876399859,12.868,2.1778584392014526,199.63702359346644,2568.9292196007264
20.64738077399852,12.852,2.1778584392014526,199.63702359346644,2565.7350272232306
20.65745934000006,12.868,2.1778584392014526,217.7858439201452,2802.4682395644286
20.667535367998425,12.852,2.1778584392014526,217.7858439201452,2798.983666061706
20.677613118999943,12.876,1.9963702359346642,217.7858439201452,2804.2105263157896
20.687688831998457,12.852,2.1778584392014526,199.63702359346644,2565.7350272232306
20.697765971999615,12.872,1.9963702359346642,217.7858439201452,2803.339382940109
20.707840110999314,12.856,1.9963702359346642,217.7858439201452,2799.854809437387
20.717921768999076,12.876,2.1778584392014526,217.7858439201452,2804.2105263157896
20.728003778998755,12.86,1.9963702359346642,199.63702359346644,2567.3321234119785
20.738085750999744,12.864,2.1778584392014526,217.7858439201452,2801.597096188748
20.748180445998514,12.86,2.1778584392014526,217.7858439201452,2800.725952813067
20.75825949299906,12.86,2.1778584392014526,217.7858439201452,2800.725952813067
20.768336761999308,12.864,2.1778584392014526,217.7858439201452,2801.597096188748
20.77841919799903,12.868,2.1778584392014526,217.7858439201452,2802.4682395644286
20.78850005899949,12.864,1.9963702359346642,217.7858439201452,2801.597096188748
20.798581253999146,12.876,1.9963702359346642,217.7858439201452,2804.2105263157896
20.80866200499986,12.856,1.9963702359346642,199.63702359346644,2566.5335753176046
20.818825679998554,12.876,1.9963702359346642,199.63702359346644,2570.5263157894738
20.828900874999817,12.852,1.9963702359346642,199.63702359346644,2565.7350272232306
20.838977217999854,12.872,1.9963702359346642,199.63702359346644,2569.7277676951
20.849051264998707,12.856,1.9963702359346642,217.7858439201452,2799.854809437387
20.8591245159987,12.872,1.9963702359346642,199.63702359346644,2569.7277676951
20.869203247999394,12.864,2.1778584392014526,217.7858439201452,2801.597096188748
20.879279572000087,12.868,1.9963702359346642,199.63702359346644,2568.9292196007264
20.889357545000166,12.86,1.9963702359346642,199.63702359346644,2567.3321234119785
20.899433573998976,12.872,1.9963702359346642,217.7858439201452,2803.339382940109
20.909510953999416,12.856,1.9963702359346642,199.63702359346644,2566.5335753176046
20.919639906998782,12.868,2.1778584392014526,217.7858439201452,2802.4682395644286
20.929722675999074,12.856,2.1778584392014526,217.7858439201452,2799.854809437387
20.93980468599875,12.868,2.1778584392014526,217.7858439201452,2802.4682395644286
20.949885250998705,12.856,1.9963702359346642,199.63702359346644,2566.5335753176046
20.9599662419987,12.868,2.1778584392014526,217.7858439201452,2802.4682395644286
20.970046881999224,12.864,1.9963702359346642,199.63702359346644,2568.1306715063524
20.980126909998944,12.868,1.9963702359346642,199.63702359346644,2568.9292196007264
20.99020717899839,12.864,2.1778584392014526,199.63702359346644,2568.1306715063524
21.00028761499925,12.868,1.9963702359346642,217.7858439201452,2802.4682395644286
21.010367864999353,12.864,2.1778584392014526,217.7858439201452,2801.597096188748
21.020457337999687,12.868,1.9963702359346642,217.7858439201452,2802.4682395644286
21.030533828999978,12.852,1.9963702359346642,217.7858439201452,2798.983666061706
21.04060702499919,12.872,2.1778584392014526,199.63702359346644,2569.7277676951
21.050679108999248,12.848,2.1778584392014526,217.7858439201452,2798.112522686026
21.060805228999016,12.872,2.1778584392014526,199.63702359346644,2569.7277676951
21.070881719999306,12.86,1.9963702359346642,217.7858439201452,2800.725952813067
21.080962119000105,12.868,1.9963702359346642,217.7858439201452,2802.4682395644286
21.091036590998556,12.864,1.9963702359346642,217.7858439201452,2801.597096188748
21.101109193999946,12.868,1.9963702359346642,217.7858439201452,2802.4682395644286
21.11118112999975,12.864,1.9963702359346642,199.63702359346644,2568.1306715063524
21.121270287998414,12.872,2.1778584392014526,217.7858439201452,2803.339382940109
21.131346389998725,12.856,2.1778584392014526,199.63702359346644,2566.5335753176046
21.14142360400001,12.868,1.9963702359346642,217.7858439201452,2802.4682395644286
21.151496151000174,12.856,2.1778584392014526,199.63702359346644,2566.5335753176046
21.161572659999365,12.9,2.1778584392014526,199.63702359346644,2575.3176043557173
21.171648706998894,12.884,1.9963702359346642,199.63702359346644,2572.1234119782216
21.1817269209987,12.888,1.9963702359346642,199.63702359346644,2572.9219600725955
21.191803096999138,12.88,1.9963702359346642,199.63702359346644,2571.3248638838477
21.201880403999894,12.884,1.9963702359346642,199.63702359346644,2572.1234119782216
21.21195732099841,12.876,1.9963702359346642,199.63702359346644,2570.5263157894738
21.222036126999228,12.888,1.9963702359346642,199.63702359346644,2572.9219600725955
21.232117858999118,12.872,1.9963702359346642,199.63702359346644,2569.7277676951
21.242197943000065,12.892,1.8148820326678767,199.63702359346644,2573.720508166969
21.252278526999362,12.86,1.9963702359346642,199.63702359346644,2567.3321234119785
21.26235896199978,12.896,1.9963702359346642,199.63702359346644,2574.5190562613434
21.27243936099876,12.86,1.9963702359346642,199.63702359346644,2567.3321234119785
21.28251948199977,12.872,1.9963702359346642,199.63702359346644,2569.7277676951
21.292599306998454,12.84,1.9963702359346642,199.63702359346644,2563.339382940109
21.302679835000163,12.876,2.1778584392014526,199.63702359346644,2570.5263157894738
21.31276225199872,12.856,1.9963702359346642,199.63702359346644,2566.5335753176046
21.322851668999647,12.876,2.1778584392014526,199.63702359346644,2570.5263157894738
21.3329295679996,12.86,2.1778584392014526,199.63702359346644,2567.3321234119785
21.343004151998684,12.872,1.9963702359346642,217.7858439201452,2803.339382940109
21.35307762499906,12.848,1.9963702359346642,217.7858439201452,2798.112522686026
21.363151448998906,12.876,2.1778584392014526,199.63702359346644,2570.5263157894738
21.37322558899905,12.852,2.1778584392014526,217.7858439201452,2798.983666061706
21.383298061999085,12.88,2.1778584392014526,217.7858439201452,2805.0816696914703
21.393371942000158,12.856,1.9963702359346642,199.63702359346644,2566.5335753176046
21.403444507999666,12.876,2.1778584392014526,217.7858439201452,2804.2105263157896
21.41351718399892,12.86,1.9963702359346642,199.63702359346644,2567.3321234119785
21.42360337899845,12.876,1.9963702359346642,199.63702359346644,2570.5263157894738
21.433680925998488,12.856,1.9963702359346642,217.7858439201452,2799.854809437387
21.443762268998398,12.876,2.1778584392014526,199.63702359346644,2570.5263157894738
21.453840131000106,12.852,2.1778584392014526,199.63702359346644,2565.7350272232306
21.463916288999826,12.88,1.9963702359346642,217.7858439201452,2805.0816696914703
21.473991631999525,12.848,2.1778584392014526,199.63702359346644,2564.9364791288567
21.484068289999414,12.88,2.1778584392014526,217.7858439201452,2805.0816696914703
21.49414661499941,12.848,2.1778584392014526,199.63702359346644,2564.9364791288567
21.504222976000165,12.88,1.9963702359346642,199.63702359346644,2571.3248638838477
21.514299226999356,12.856,1.9963702359346642,199.63702359346644,2566.5335753176046
21.52438942199842,12.88,2.1778584392014526,199.63702359346644,2571.3248638838477
21.53446557999996,12.86,2.1778584392014526,217.7858439201452,2800.725952813067
21.544541534000018,12.868,2.1778584392014526,217.7858439201452,2802.4682395644286
21.554618450998532,12.852,1.9963702359346642,199.63702359346644,2565.7350272232306
21.564694238999436,12.876,1.9963702359346642,217.7858439201452,2804.2105263157896
21.574772229998416,12.852,1.9963702359346642,199.63702359346644,2565.7350272232306
21.58484486999987,12.88,1.9963702359346642,199.63702359346644,2571.3248638838477
21.59492126799887,12.852,2.1778584392014526,199.63702359346644,2565.7350272232306
21.60499961200003,12.88,1.9963702359346642,217.7858439201452,2805.0816696914703
21.615075566000087,12.856,1.9963702359346642,217.7858439201452,2799.854809437387
21.62515314999837,12.876,1.9963702359346642,199.63702359346644,2570.5263157894738
21.635235492998618,12.856,1.9963702359346642,199.63702359346644,2566.5335753176046
21.645319261999248,12.876,2.1778584392014526,217.7858439201452,2804.2105263157896
21.655400085999645,12.852,2.1778584392014526,199.63702359346644,2565.7350272232306
21.665480910998667,12.876,1.9963702359346642,217.7858439201452,2804.2105263157896
21.675562032000016,12.856,1.9963702359346642,199.63702359346644,2566.5335753176046
21.685642671000096,12.88,1.9963702359346642,199.63702359346644,2571.3248638838477
21.695723476999774,12.848,2.1778584392014526,199.63702359346644,2564.9364791288567
21.705800783000086,12.884,1.9963702359346642,199.63702359346644,2572.1234119782216
21.71587790400008,12.848,2.1778584392014526,199.63702359346644,2564.9364791288567
21.72596863599938,12.88,2.1778584392014526,217.7858439201452,2805.0816696914703
21.736042720000114,12.856,2.1778584392014526,217.7858439201452,2799.854809437387
21.746130007999454,12.872,2.1778584392014526,217.7858439201452,2803.339382940109
21.756207183998413,12.86,2.1778584392014526,199.63702359346644,2567.3321234119785
21.766285137999148,12.868,1.9963702359346642,217.7858439201452,2802.4682395644286
21.77636170400001,12.852,1.9963702359346642,217.7858439201452,2798.983666061706
21.786438139999518,12.876,2.1778584392014526,199.63702359346644,2570.5263157894738
21.796515408999767,12.852,2.1778584392014526,199.63702359346644,2565.7350272232306
21.806588714998725,12.88,2.1778584392014526,199.63702359346644,2571.3248638838477
21.816665650998402,12.852,2.1778584392014526,217.7858439201452,2798.983666061706
21.82677677099855,12.88,1.9963702359346642,217.7858439201452,2805.0816696914703
21.836855743998967,12.856,2.1778584392014526,217.7858439201452,2799.854809437387
21.84692842000004,12.876,2.1778584392014526,217.7858439201452,2804.2105263157896
21.85700263399849,12.852,1.9963702359346642,217.7858439201452,2798.983666061706
21.867075513999225,12.876,2.1778584392014526,199.63702359346644,2570.5263157894738
21.877153894000003,12.856,1.9963702359346642,217.7858439201452,2799.854809437387
21.887228533998496,12.876,2.1778584392014526,199.63702359346644,2570.5263157894738
21.897305598999083,12.852,2.1778584392014526,199.63702359346644,2565.7350272232306
21.9073819239984,12.88,2.1778584392014526,217.7858439201452,2805.0816696914703
21.91745869299848,12.848,1.9963702359346642,217.7858439201452,2798.112522686026
21.927545146998455,12.88,2.1778584392014526,199.63702359346644,2571.3248638838477
21.937628508998387,12.848,1.9963702359346642,199.63702359346644,2564.9364791288567
21.94770938900001,12.872,2.1778584392014526,217.7858439201452,2803.339382940109
21.95778699099901,12.852,2.1778584392014526,199.63702359346644,2565.7350272232306
21.967864204998477,12.872,2.1778584392014526,217.7858439201452,2803.339382940109
21.97794486299972,12.856,2.1778584392014526,217.7858439201452,2799.854809437387
21.988025742999525,12.868,2.1778584392014526,199.63702359346644,2568.9292196007264
21.99810641899967,12.86,2.1778584392014526,217.7858439201452,2800.725952813067
22.008186948000002,12.876,2.1778584392014526,199.63702359346644,2570.5263157894738
22.018267716999617,12.86,1.9963702359346642,199.63702359346644,2567.3321234119785
22.028358281999317,12.876,1.9963702359346642,199.63702359346644,2570.5263157894738
22.038432217999798,12.852,1.9963702359346642,199.63702359346644,2565.7350272232306
22.048505004999242,12.876,2.1778584392014526,199.63702359346644,2570.5263157894738
22.0585811259989,12.852,2.1778584392014526,217.7858439201452,2798.983666061706
22.06865720999849,12.876,1.9963702359346642,217.7858439201452,2804.2105263157896
22.078734220000115,12.856,2.1778584392014526,217.7858439201452,2799.854809437387
22.08881063699846,12.872,2.1778584392014526,199.63702359346644,2569.7277676951
22.0988839799993,12.86,1.9963702359346642,217.7858439201452,2800.725952813067
22.108960526999,12.876,1.9963702359346642,217.7858439201452,2804.2105263157896
22.119037073998697,12.852,1.9963702359346642,199.63702359346644,2565.7350272232306
22.129125083998588,12.88,1.9963702359346642,217.7858439201452,2805.0816696914703
22.13920216799852,12.852,2.1778584392014526,199.63702359346644,2565.7350272232306
22.149279677998493,12.872,1.9963702359346642,217.7858439201452,2803.339382940109
22.15935381700001,12.852,2.1778584392014526,217.7858439201452,2798.983666061706
22.169426141999793,12.868,1.9963702359346642,199.63702359346644,2568.9292196007264
22.17949942999985,12.86,2.1778584392014526,199.63702359346644,2567.3321234119785
22.18957730999864,12.868,1.9963702359346642,217.7858439201452,2802.4682395644286
22.199653893998402,12.86,2.1778584392014526,199.63702359346644,2567.3321234119785
22.209731403998376,12.872,2.1778584392014526,217.7858439201452,2803.339382940109
22.21980772799907,12.852,1.9963702359346642,217.7858439201452,2798.983666061706
22.229892552999445,12.876,1.9963702359346642,199.63702359346644,2570.5263157894738
22.239968895999482,12.852,2.1778584392014526,199.63702359346644,2565.7350272232306
22.250050738999562,12.876,2.1778584392014526,217.7858439201452,2804.2105263157896
22.260132211999007,12.844,2.1778584392014526,217.7858439201452,2797.2413793103447
22.270212628998706,12.876,1.9963702359346642,217.7858439201452,2804.2105263157896
22.28029341599904,12.848,2.1778584392014526,199.63702359346644,2564.9364791288567
22.29037372199855,12.876,1.9963702359346642,199.63702359346644,2570.5263157894738
22.300454861999242,12.856,2.1778584392014526,217.7858439201452,2799.854809437387
22.310533982999914,12.872,1.9963702359346642,199.63702359346644,2569.7277676951
22.32061060399974,12.86,2.1778584392014526,217.7858439201452,2800.725952813067
22.33070107599997,12.872,1.9963702359346642,199.63702359346644,2569.7277676951
22.34078080799918,12.852,2.1778584392014526,199.63702359346644,2565.7350272232306
22.350856613998985,12.88,2.1778584392014526,199.63702359346644,2571.3248638838477
22.360934253998494,12.852,1.9963702359346642,217.7858439201452,2798.983666061706
22.3710098929987,12.872,2.1778584392014526,217.7858439201452,2803.339382940109
22.381087661999118,12.856,2.1778584392014526,217.7858439201452,2799.854809437387
22.391163597998457,12.868,2.1778584392014526,217.7858439201452,2802.4682395644286
22.401241034000122,12.86,2.1778584392014526,217.7858439201452,2800.725952813067
22.411317635998785,12.868,2.1778584392014526,199.63702359346644,2568.9292196007264
22.4213696279985,12.864,2.1778584392014526,217.7858439201452,2801.597096188748
22.43149391499901,12.872,2.1778584392014526,217.7858439201452,2803.339382940109
22.441576646999238,12.864,2.1778584392014526,217.7858439201452,2801.597096188748
22.451657878998958,12.872,2.1778584392014526,217.7858439201452,2803.339382940109
22.461735332999524,12.852,2.1778584392014526,199.63702359346644,2565.7350272232306
22.471812379999392,12.876,1.9963702359346642,199.63702359346644,2570.5263157894738
22.48189390799962,12.844,1.9963702359346642,199.63702359346644,2564.137931034483
22.49197523299881,12.876,2.1778584392014526,199.63702359346644,2570.5263157894738
22.50205851999999,12.852,2.1778584392014526,217.7858439201452,2798.983666061706
22.512137511999754,12.876,1.9963702359346642,199.63702359346644,2570.5263157894738
22.52221894699869,12.86,2.1778584392014526,199.63702359346644,2567.3321234119785
22.532310197999323,12.872,2.1778584392014526,217.7858439201452,2803.339382940109
22.54238698500012,12.864,1.9963702359346642,199.63702359346644,2568.1306715063524
22.55246343899853,12.876,2.1778584392014526,217.7858439201452,2804.2105263157896
22.562539374999687,12.852,2.1778584392014526,199.63702359346644,2565.7350272232306
22.572615366998434,12.872,2.1778584392014526,199.63702359346644,2569.7277676951
22.5826887839994,12.852,1.9963702359346642,217.7858439201452,2798.983666061706
22.592749997998908,12.872,1.9963702359346642,199.63702359346644,2569.7277676951
22.602826655998797,12.856,1.9963702359346642,217.7858439201452,2799.854809437387
22.612904424999215,12.876,2.1778584392014526,217.7858439201452,2804.2105263157896
22.62298043499868,12.864,1.9963702359346642,199.63702359346644,2568.1306715063524
22.633052388999204,12.872,2.1778584392014526,199.63702359346644,2569.7277676951
22.643133527999453,12.864,2.1778584392014526,217.7858439201452,2801.597096188748
22.653216407999935,12.868,2.1778584392014526,217.7858439201452,2802.4682395644286
22.663296695998724,12.86,2.1778584392014526,199.63702359346644,2567.3321234119785
22.67337944599967,12.876,2.1778584392014526,199.63702359346644,2570.5263157894738
22.683459714999117,12.848,2.1778584392014526,199.63702359346644,2564.9364791288567
22.693540966,12.876,2.1778584392014526,199.63702359346644,2570.5263157894738
22.70361834599862,12.852,1.9963702359346642,217.7858439201452,2798.983666061706
22.713693133999186,12.876,1.9963702359346642,199.63702359346644,2570.5263157894738
22.723773976998928,12.856,2.1778584392014526,217.7858439201452,2799.854809437387
22.733850041999176,12.872,2.1778584392014526,217.7858439201452,2803.339382940109
22.743938773999616,12.864,1.9963702359346642,217.7858439201452,2801.597096188748
22.754019246998723,12.868,1.9963702359346642,217.7858439201452,2802.4682395644286
22.764092237999648,12.864,2.1778584392014526,217.7858439201452,2801.597096188748
22.77417269199941,12.872,1.9963702359346642,199.63702359346644,2569.7277676951
22.78425584999968,12.852,2.1778584392014526,217.7858439201452,2798.983666061706
22.794334378999338,12.872,2.1778584392014526,217.7858439201452,2803.339382940109
22.804411665998487,12.852,2.1778584392014526,199.63702359346644,2565.7350272232306
22.814491138999074,12.872,1.9963702359346642,199.63702359346644,2569.7277676951
22.824568240999724,12.856,2.1778584392014526,199.63702359346644,2566.5335753176046
22.834721731000172,12.876,1.9963702359346642,199.63702359346644,2570.5263157894738
22.844781703999615,12.86,1.9963702359346642,217.7858439201452,2800.725952813067
22.854864213999463,12.872,2.1778584392014526,199.63702359346644,2569.7277676951
22.86494622399914,12.86,1.9963702359346642,199.63702359346644,2567.3321234119785
22.875026825999157,12.868,2.1778584392014526,199.63702359346644,2568.9292196007264
22.885109353999724,12.86,2.1778584392014526,217.7858439201452,2800.725952813067
22.895189771999867,12.872,2.1778584392014526,199.63702359346644,2569.7277676951
22.905271965999418,12.864,2.1778584392014526,217.7858439201452,2801.597096188748
22.915351827999984,12.876,2.1778584392014526,199.63702359346644,2570.5263157894738
22.925462262999645,12.852,1.9963702359346642,217.7858439201452,2798.983666061706
22.93555842099886,12.876,2.1778584392014526,217.7858439201452,2804.2105263157896
22.94563650499913,12.86,2.1778584392014526,199.63702359346644,2567.3321234119785
22.95571393999853,12.872,2.1778584392014526,217.7858439201452,2803.339382940109
22.96579239499988,12.864,2.1778584392014526,217.7858439201452,2801.597096188748
22.975868922998416,12.868,2.1778584392014526,199.63702359346644,2568.9292196007264
22.98594663699987,12.868,2.1778584392014526,217.7858439201452,2802.4682395644286
22.99602270200012,12.864,2.1778584392014526,217.7858439201452,2801.597096188748
23.00609897100003,12.86,1.9963702359346642,199.63702359346644,2567.3321234119785
23.01617555499979,12.872,2.1778584392014526,217.7858439201452,2803.339382940109
23.026252582998495,12.856,1.9963702359346642,217.7858439201452,2799.854809437387
23.036345147998873,12.872,1.9963702359346642,217.7858439201452,2803.339382940109
23.046434101999694,12.856,1.9963702359346642,199.63702359346644,2566.5335753176046
23.056515241998568,12.872,1.9963702359346642,217.7858439201452,2803.339382940109
23.06659571399905,12.86,2.1778584392014526,199.63702359346644,2567.3321234119785
23.07667603899972,12.872,2.1778584392014526,217.7858439201452,2803.339382940109
23.086757252998723,12.86,1.9963702359346642,217.7858439201452,2800.725952813067
23.096844502999375,12.868,1.9963702359346642,199.63702359346644,2568.9292196007264
23.106921808999687,12.864,2.1778584392014526,217.7858439201452,2801.597096188748
23.117005595999217,12.868,2.1778584392014526,199.63702359346644,2568.9292196007264
23.12709556899972,12.864,2.1778584392014526,217.7858439201452,2801.597096188748
23.137191540999993,12.872,2.1778584392014526,217.7858439201452,2803.339382940109
23.147268606999205,12.856,1.9963702359346642,199.63702359346644,2566.5335753176046
23.157352764999814,12.872,1.9963702359346642,217.7858439201452,2803.339382940109
23.16742979299852,12.86,1.9963702359346642,217.7858439201452,2800.725952813067
23.177507635999063,12.872,2.1778584392014526,217.7858439201452,2803.339382940109
23.187584219998826,12.864,2.1778584392014526,199.63702359346644,2568.1306715063524
23.197662359998503,12.864,2.1778584392014526,217.7858439201452,2801.597096188748
23.207739368999682,12.864,1.9963702359346642,199.63702359346644,2568.1306715063524
23.21781728699898,12.868,2.1778584392014526,217.7858439201452,2802.4682395644286
23.227902240998446,12.86,1.9963702359346642,199.63702359346644,2567.3321234119785
23.237996045998443,12.868,2.1778584392014526,199.63702359346644,2568.9292196007264
23.248072740998396,12.856,2.1778584392014526,199.63702359346644,2566.5335753176046
23.258149806999427,12.872,1.9963702359346642,217.7858439201452,2803.339382940109
23.268222445998617,12.856,1.9963702359346642,217.7858439201452,2799.854809437387
23.278298696999627,12.872,1.9963702359346642,217.7858439201452,2803.339382940109
23.288375372998416,12.856,2.1778584392014526,199.63702359346644,2566.5335753176046
23.298451919999934,12.868,1.9963702359346642,217.7858439201452,2802.4682395644286
23.308534781999697,12.86,2.1778584392014526,217.7858439201452,2800.725952813067
23.318612162000136,12.864,2.1778584392014526,199.63702359346644,2568.1306715063524
23.32868896799846,12.86,2.1778584392014526,217.7858439201452,2800.725952813067
23.338821050998376,12.868,1.9963702359346642,217.7858439201452,2802.4682395644286
23.348904541999218,12.864,2.1778584392014526,217.7858439201452,2801.597096188748
23.358985347998896,12.868,2.1778584392014526,217.7858439201452,2802.4682395644286
23.36906752499999,12.856,1.9963702359346642,217.7858439201452,2799.854809437387
23.379148033998717,12.868,1.9963702359346642,217.7858439201452,2802.4682395644286
23.389230543998565,12.856,2.1778584392014526,217.7858439201452,2799.854809437387
23.399311109998962,12.864,2.1778584392014526,199.63702359346644,2568.1306715063524
23.40939374899972,12.86,1.9963702359346642,217.7858439201452,2800.725952813067
23.419476239998403,12.868,1.9963702359346642,199.63702359346644,2568.9292196007264
23.42955610199897,12.864,2.1778584392014526,199.63702359346644,2568.1306715063524
23.439648407998902,12.896,1.9963702359346642,199.63702359346644,2574.5190562613434
23.449725602999024,12.888,1.9963702359346642,199.63702359346644,2572.9219600725955
23.45980140899883,12.888,1.9963702359346642,199.63702359346644,2572.9219600725955
23.469876973998907,12.872,1.9963702359346642,199.63702359346644,2569.7277676951
23.479953538999325,12.888,1.9963702359346642,199.63702359346644,2572.9219600725955
23.490029363998474,12.864,1.9963702359346642,199.63702359346644,2568.1306715063524
23.500105133000034,12.888,1.9963702359346642,199.63702359346644,2572.9219600725955
23.51018173599914,12.868,1.9963702359346642,199.63702359346644,2568.9292196007264
23.52025802299977,12.892,1.9963702359346642,217.7858439201452,2807.6950998185116
23.53033479199985,12.872,1.9963702359346642,199.63702359346644,2569.7277676951
23.54045674599911,12.888,1.9963702359346642,181.48820326678765,2339.0199637023593
23.550537903998702,12.872,1.9963702359346642,199.63702359346644,2569.7277676951
23.560618783998507,12.864,2.1778584392014526,199.63702359346644,2568.1306715063524
23.570699829999285,12.848,2.1778584392014526,199.63702359346644,2564.9364791288567
23.580779840000105,12.872,2.1778584392014526,217.7858439201452,2803.339382940109
23.590859442998408,12.86,2.1778584392014526,199.63702359346644,2567.3321234119785
23.60093961899838,12.876,2.1778584392014526,199.63702359346644,2570.5263157894738
23.61102053600007,12.848,1.9963702359346642,199.63702359346644,2564.9364791288567
23.621096971999577,12.876,1.9963702359346642,217.7858439201452,2804.2105263157896
23.631177981998917,12.856,1.9963702359346642,199.63702359346644,2566.5335753176046
23.641270064999844,12.876,2.1778584392014526,199.63702359346644,2570.5263157894738
23.65134666799895,12.86,1.9963702359346642,199.63702359346644,2567.3321234119785
23.661424232999707,12.872,1.9963702359346642,199.63702359346644,2569.7277676951
23.6715001499997,12.86,2.1778584392014526,217.7858439201452,2800.725952813067
23.68157801199959,12.876,2.1778584392014526,199.63702359346644,2570.5263157894738
23.691654484999162,12.848,2.1778584392014526,217.7858439201452,2798.112522686026
23.701730290998967,12.88,2.1778584392014526,217.7858439201452,2805.0816696914703
23.711805707998792,12.844,1.9963702359346642,217.7858439201452,2797.2413793103447
23.721881309998935,12.88,1.9963702359346642,199.63702359346644,2571.3248638838477
23.73196602399912,12.852,2.1778584392014526,217.7858439201452,2798.983666061706
23.742048496998905,12.876,2.1778584392014526,217.7858439201452,2804.2105263157896
23.752134616999683,12.856,2.1778584392014526,217.7858439201452,2799.854809437387
23.76222440499987,12.876,1.9963702359346642,217.7858439201452,2804.2105263157896
23.772306950999337,12.86,2.1778584392014526,217.7858439201452,2800.725952813067
23.78238736899948,12.876,1.9963702359346642,217.7858439201452,2804.2105263157896
23.792468285999348,12.86,2.1778584392014526,199.63702359346644,2567.3321234119785
23.80255829499947,12.868,2.1778584392014526,217.7858439201452,2802.4682395644286
23.812639545998536,12.86,1.9963702359346642,199.63702359346644,2567.3321234119785
23.822719740999673,12.876,1.9963702359346642,217.7858439201452,2804.2105263157896
23.832802953998907,12.852,2.1778584392014526,217.7858439201452,2798.983666061706
23.842964998999378,12.876,1.9963702359346642,199.63702359346644,2570.5263157894738
23.85304145400005,12.856,1.9963702359346642,199.63702359346644,2566.5335753176046
23.86311855599888,12.876,1.9963702359346642,217.7858439201452,2804.2105263157896
23.87319450999894,12.856,2.1778584392014526,217.7858439201452,2799.854809437387
23.883270352998807,12.876,1.9963702359346642,217.7858439201452,2804.2105263157896
23.893350362999627,12.856,1.9963702359346642,199.63702359346644,2566.5335753176046
23.903426965998733,12.876,1.9963702359346642,217.7858439201452,2804.2105263157896
23.91350512399913,12.848,2.1778584392014526,217.7858439201452,2798.112522686026
23.923581669998384,12.88,2.1778584392014526,199.63702359346644,2571.3248638838477
23.933659958000135,12.848,2.1778584392014526,199.63702359346644,2564.9364791288567
23.943747041999814,12.88,1.9963702359346642,217.7858439201452,2805.0816696914703
23.953828699999576,12.848,2.1778584392014526,217.7858439201452,2798.112522686026
23.96391030199993,12.88,1.9963702359346642,199.63702359346644,2571.3248638838477
23.973991144999673,12.852,1.9963702359346642,217.7858439201452,2798.983666061706
23.98407196900007,12.876,2.1778584392014526,217.7858439201452,2804.2105263157896
23.994151423999938,12.856,2.1778584392014526,199.63702359346644,2566.5335753176046
24.004231322000123,12.868,1.9963702359346642,199.63702359346644,2568.9292196007264
24.014312090999738,12.86,1.9963702359346642,217.7858439201452,2800.725952813067
24.024392470999373,12.872,2.1778584392014526,199.63702359346644,2569.7277676951
24.034474573998523,12.864,1.9963702359346642,199.63702359346644,2568.1306715063524
24.044564453999556,12.876,1.9963702359346642,217.7858439201452,2804.2105263157896
24.054644499999995,12.852,1.9963702359346642,199.63702359346644,2565.7350272232306
24.06475699099974,12.876,2.1778584392014526,217.7858439201452,2804.2105263157896
24.0748380189998,12.852,2.1778584392014526,199.63702359346644,2565.7350272232306
24.084921955000027,12.876,2.1778584392014526,217.7858439201452,2804.2105263157896
24.095002427999134,12.852,1.9963702359346642,217.7858439201452,2798.983666061706
24.105088640999384,12.876,1.9963702359346642,199.63702359346644,2570.5263157894738
24.115169872999104,12.856,1.9963702359346642,217.7858439201452,2799.854809437387
24.125252660000115,12.872,2.1778584392014526,199.63702359346644,2569.7277676951
24.135333262998756,12.86,2.1778584392014526,199.63702359346644,2567.3321234119785
24.145477530999415,12.872,1.9963702359346642,217.7858439201452,2803.339382940109
24.155554336999558,12.852,2.1778584392014526,199.63702359346644,2565.7350272232306
24.165632845999426,12.88,1.9963702359346642,199.63702359346644,2571.3248638838477
24.17570894900018,12.852,1.9963702359346642,217.7858439201452,2798.983666061706
24.18578771799912,12.876,1.9963702359346642,217.7858439201452,2804.2105263157896
24.195864282999537,12.852,2.1778584392014526,217.7858439201452,2798.983666061706
24.20593986699896,12.872,1.9963702359346642,199.63702359346644,2569.7277676951
24.216015265999886,12.86,2.1778584392014526,217.7858439201452,2800.725952813067
24.226090942000155,12.868,2.1778584392014526,217.7858439201452,2802.4682395644286
24.236167692999516,12.864,1.9963702359346642,217.7858439201452,2801.597096188748
24.246252035998623,12.868,1.9963702359346642,217.7858439201452,2802.4682395644286
24.2563328239994,12.864,2.1778584392014526,217.7858439201452,2801.597096188748
24.266413888999523,12.872,1.9963702359346642,199.63702359346644,2569.7277676951
24.276495027999772,12.864,1.9963702359346642,199.63702359346644,2568.1306715063524
24.286576593000063,12.876,1.9963702359346642,217.7858439201452,2804.2105263157896
24.296656287999213,12.852,1.9963702359346642,217.7858439201452,2798.983666061706
24.306737316999715,12.876,2.1778584392014526,199.63702359346644,2570.5263157894738
24.316817566999816,12.848,2.1778584392014526,199.63702359346644,2564.9364791288567
24.326897576998817,12.876,2.1778584392014526,199.63702359346644,2570.5263157894738
24.336980993999532,12.856,2.1778584392014526,199.63702359346644,2566.5335753176046
24.347071910999148,12.872,1.9963702359346642,199.63702359346644,2569.7277676951
24.35715043900018,12.86,1.9963702359346642,217.7858439201452,2800.725952813067
24.367226522999772,12.872,1.9963702359346642,199.63702359346644,2569.7277676951
24.377304421999725,12.856,1.9963702359346642,199.63702359346644,2566.5335753176046
24.387380727999698,12.876,1.9963702359346642,199.63702359346644,2570.5263157894738
24.397456237998995,12.852,2.1778584392014526,199.63702359346644,2565.7350272232306
24.407531895998545,12.868,2.1778584392014526,217.7858439201452,2802.4682395644286
24.417610812999555,12.856,2.1778584392014526,199.63702359346644,2566.5335753176046
24.427685840999402,12.868,1.9963702359346642,217.7858439201452,2802.4682395644286
24.43776164799965,12.86,2.1778584392014526,199.63702359346644,2567.3321234119785
24.44784813899969,12.868,2.1778584392014526,199.63702359346644,2568.9292196007264
24.457929129999684,12.864,2.1778584392014526,199.63702359346644,2568.1306715063524
24.468009435999193,12.868,1.9963702359346642,199.63702359346644,2568.9292196007264
24.47808929799976,12.864,1.9963702359346642,217.7858439201452,2801.597096188748
24.488170214999627,12.868,2.1778584392014526,217.7858439201452,2802.4682395644286
24.498250353999538,12.86,1.9963702359346642,217.7858439201452,2800.725952813067
24.508331566999914,12.876,1.9963702359346642,199.63702359346644,2570.5263157894738
24.518413095998767,12.848,1.9963702359346642,199.63702359346644,2564.9364791288567
24.528494141999545,12.876,2.1778584392014526,217.7858439201452,2804.2105263157896
24.538575133999984,12.852,1.9963702359346642,217.7858439201452,2798.983666061706
24.54866586499884,12.872,1.9963702359346642,217.7858439201452,2803.339382940109
24.558746504999363,12.86,1.9963702359346642,217.7858439201452,2800.725952813067
24.568829107000056,12.872,2.1778584392014526,217.7858439201452,2803.339382940109
24.57890876499914,12.864,1.9963702359346642,217.7858439201452,2801.597096188748
24.58898857099848,12.868,2.1778584392014526,199.63702359346644,2568.9292196007264
24.599069654999766,12.864,2.1778584392014526,199.63702359346644,2568.1306715063524
24.609152182998514,12.868,2.1778584392014526,199.63702359346644,2568.9292196007264
24.619232970999292,12.856,1.9963702359346642,217.7858439201452,2799.854809437387
24.629315479998695,12.868,2.1778584392014526,217.7858439201452,2802.4682395644286
24.639396304999536,12.856,1.9963702359346642,217.7858439201452,2799.854809437387
24.649472665998474,12.872,2.1778584392014526,217.7858439201452,2803.339382940109
24.659553583998786,12.86,1.9963702359346642,217.7858439201452,2800.725952813067
24.669633796998824,12.872,1.9963702359346642,199.63702359346644,2569.7277676951
24.67971415899956,12.864,1.9963702359346642,217.7858439201452,2801.597096188748
24.68979450199913,12.868,2.1778584392014526,199.63702359346644,2568.9292196007264
24.699875010999676,12.864,2.1778584392014526,199.63702359346644,2568.1306715063524
24.709955094998804,12.868,2.1778584392014526,199.63702359346644,2568.9292196007264
24.720035104999624,12.86,2.1778584392014526,199.63702359346644,2567.3321234119785
24.73011548499926,12.872,1.9963702359346642,199.63702359346644,2569.7277676951
24.74019621699881,12.852,2.1778584392014526,217.7858439201452,2798.983666061706
24.750371205998817,12.872,2.1778584392014526,199.63702359346644,2569.7277676951
24.760453030999997,12.856,1.9963702359346642,217.7858439201452,2799.854809437387
24.770531004000077,12.872,1.9963702359346642,199.63702359346644,2569.7277676951
24.78060680999988,12.86,1.9963702359346642,217.7858439201452,2800.725952813067
24.790682430999368,12.872,1.9963702359346642,217.7858439201452,2803.339382940109
24.80076144099985,12.868,2.1778584392014526,199.63702359346644,2568.9292196007264
24.810839579999083,12.864,2.1778584392014526,199.63702359346644,2568.1306715063524
24.820917663999353,12.868,2.1778584392014526,199.63702359346644,2568.9292196007264
24.830994432999432,12.868,2.1778584392014526,217.7858439201452,2802.4682395644286
24.84107236899945,12.856,1.9963702359346642,199.63702359346644,2566.5335753176046
24.85120372899837,12.872,2.1778584392014526,217.7858439201452,2803.339382940109
24.861287942998388,12.86,2.1778584392014526,217.7858439201452,2800.725952813067
24.87136871199982,12.872,1.9963702359346642,217.7858439201452,2803.339382940109
24.881451092000134,12.856,2.1778584392014526,217.7858439201452,2799.854809437387
24.89153271199939,12.872,1.9963702359346642,199.63702359346644,2569.7277676951
24.90161355499913,12.864,2.1778584392014526,217.7858439201452,2801.597096188748
24.911694990998512,12.868,1.9963702359346642,217.7858439201452,2802.4682395644286
24.921774889999142,12.86,2.1778584392014526,199.63702359346644,2567.3321234119785
24.931857713998397,12.864,2.1778584392014526,217.7858439201452,2801.597096188748
24.941947556999366,12.868,2.1778584392014526,217.7858439201452,2802.4682395644286
24.952064676999726,12.868,1.9963702359346642,217.7858439201452,2802.4682395644286
24.962145779998536,12.856,1.9963702359346642,217.7858439201452,2799.854809437387
24.97221915999944,12.872,2.1778584392014526,199.63702359346644,2569.7277676951
24.982295391999287,12.856,2.1778584392014526,217.7858439201452,2799.854809437387
24.992372049999176,12.872,2.1778584392014526,199.63702359346644,2569.7277676951
25.00244855999881,12.86,1.9963702359346642,199.63702359346644,2567.3321234119785
25.012524976998975,12.872,2.1778584392014526,217.7858439201452,2803.339382940109
25.02260137599842,12.868,2.1778584392014526,217.7858439201452,2802.4682395644286
25.032676958999218,12.86,2.1778584392014526,199.63702359346644,2567.3321234119785
25.042751172999488,12.868,1.9963702359346642,217.7858439201452,2802.4682395644286
25.05282766399978,12.864,2.1778584392014526,217.7858439201452,2801.597096188748
25.062903895999625,12.86,2.1778584392014526,217.7858439201452,2800.725952813067
25.072981590999916,12.868,2.1778584392014526,199.63702359346644,2568.9292196007264
25.083057471998472,12.86,2.1778584392014526,199.63702359346644,2567.3321234119785
25.093137314999694,12.872,1.9963702359346642,199.63702359346644,2569.7277676951
25.103210786999625,12.86,2.1778584392014526,217.7858439201452,2800.725952813067
25.113292333999198,12.872,1.9963702359346642,217.7858439201452,2803.339382940109
25.12336869599858,12.86,1.9963702359346642,199.63702359346644,2567.3321234119785
25.133448408998447,12.868,2.1778584392014526,199.63702359346644,2568.9292196007264
25.14352460400005,12.864,2.1778584392014526,217.7858439201452,2801.597096188748
25.15360289199998,12.868,1.9963702359346642,199.63702359346644,2568.9292196007264
25.163683438999215,12.896,1.9963702359346642,199.63702359346644,2574.5190562613434
25.173764281998956,12.892,1.9963702359346642,199.63702359346644,2573.720508166969
25.183845494999332,12.884,1.9963702359346642,199.63702359346644,2572.1234119782216
25.193925263998608,12.888,1.9963702359346642,199.63702359346644,2572.9219600725955
25.204006365998794,12.868,1.9963702359346642,199.63702359346644,2568.9292196007264
25.214086746998873,12.888,1.9963702359346642,199.63702359346644,2572.9219600725955
25.224167016000138,12.868,1.9963702359346642,199.63702359346644,2568.9292196007264
25.234248172999287,12.884,1.9963702359346642,199.63702359346644,2572.1234119782216
25.244328367998605,12.872,1.9963702359346642,199.63702359346644,2569.7277676951
25.254410266999912,12.884,1.9963702359346642,199.63702359346644,2572.1234119782216
25.264491239999188,12.876,1.9963702359346642,199.63702359346644,2570.5263157894738
25.27457210099965,12.888,1.9963702359346642,199.63702359346644,2572.9219600725955
25.284652980999454,12.872,1.9963702359346642,199.63702359346644,2569.7277676951
25.29473415799839,12.864,1.9963702359346642,199.63702359346644,2568.1306715063524
25.304815963998408,12.844,2.1778584392014526,199.63702359346644,2564.137931034483
25.314896158999545,12.88,2.1778584392014526,199.63702359346644,2571.3248638838477
25.324974982999265,12.844,2.1778584392014526,217.7858439201452,2797.2413793103447
25.335055103998457,12.88,2.1778584392014526,199.63702359346644,2571.3248638838477
25.345135113999277,12.848,2.1778584392014526,199.63702359346644,2564.9364791288567
25.355226252999273,12.876,1.9963702359346642,217.7858439201452,2804.2105263157896
25.365309465998507,12.856,1.9963702359346642,217.7858439201452,2799.854809437387
25.37539082799958,12.872,1.9963702359346642,199.63702359346644,2569.7277676951
25.385472003999894,12.86,1.9963702359346642,199.63702359346644,2567.3321234119785
25.39555336599915,12.876,1.9963702359346642,217.7858439201452,2804.2105263157896
25.40563431999908,12.856,2.1778584392014526,199.63702359346644,2566.5335753176046
25.415715310999076,12.876,1.9963702359346642,217.7858439201452,2804.2105263157896
25.42579576499884,12.852,2.1778584392014526,199.63702359346644,2565.7350272232306
25.435875848999785,12.872,1.9963702359346642,199.63702359346644,2569.7277676951
25.44596391399864,12.852,1.9963702359346642,199.63702359346644,2565.7350272232306
25.456044553999163,12.876,1.9963702359346642,217.7858439201452,2804.2105263157896
25.466125896999074,12.852,2.1778584392014526,217.7858439201452,2798.983666061706
25.476206813998942,12.872,2.1778584392014526,217.7858439201452,2803.339382940109
25.486287452999022,12.86,2.1778584392014526,217.7858439201452,2800.725952813067
25.496367203999398,12.872,2.1778584392014526,217.7858439201452,2803.339382940109
25.506447472998843,12.86,1.9963702359346642,217.7858439201452,2800.725952813067
25.51652748199922,12.876,1.9963702359346642,199.63702359346644,2570.5263157894738
25.526607436999257,12.852,1.9963702359346642,199.63702359346644,2565.7350272232306
25.536686353998448,12.876,2.1778584392014526,217.7858439201452,2804.2105263157896
25.546767566998824,12.84,2.1778584392014526,217.7858439201452,2796.3702359346644
25.556876575999922,12.876,1.9963702359346642,217.7858439201452,2804.2105263157896
25.566958067998712,12.848,1.9963702359346642,199.63702359346644,2564.9364791288567
25.577038837000146,12.876,1.9963702359346642,199.63702359346644,2570.5263157894738
25.587118493998787,12.856,1.9963702359346642,217.7858439201452,2799.854809437387
25.59720054099853,12.876,1.9963702359346642,217.7858439201452,2804.2105263157896
25.607275772999856,12.86,2.1778584392014526,217.7858439201452,2800.725952813067
25.61735835699983,12.872,2.1778584392014526,199.63702359346644,2569.7277676951
25.627439459000016,12.86,1.9963702359346642,217.7858439201452,2800.725952813067
25.637520246998974,12.872,1.9963702359346642,199.63702359346644,2569.7277676951
25.64760145999935,12.852,2.1778584392014526,217.7858439201452,2798.983666061706
25.657691135998903,12.876,2.1778584392014526,217.7858439201452,2804.2105263157896
25.667772238999532,12.852,1.9963702359346642,199.63702359346644,2565.7350272232306
25.677852396998787,12.876,1.9963702359346642,199.63702359346644,2570.5263157894738
25.687933516999692,12.856,2.1778584392014526,199.63702359346644,2566.5335753176046
25.698014637999222,12.876,2.1778584392014526,217.7858439201452,2804.2105263157896
25.708094277999407,12.888,1.9963702359346642,199.63702359346644,2572.9219600725955
25.718174583998916,12.9,2.1778584392014526,199.63702359346644,2575.3176043557173
25.728255629999694,12.876,1.9963702359346642,199.63702359346644,2570.5263157894738
25.738336343998526,12.892,2.1778584392014526,199.63702359346644,2573.720508166969
25.74842998299937,12.868,1.9963702359346642,199.63702359346644,2568.9292196007264
25.758551120999982,12.892,1.9963702359346642,199.63702359346644,2573.720508166969
25.76862794599947,12.864,1.9963702359346642,199.63702359346644,2568.1306715063524
25.77870978899955,12.896,1.9963702359346642,199.63702359346644,2574.5190562613434
25.788755391999075,12.86,1.9963702359346642,199.63702359346644,2567.3321234119785
25.798839549999684,12.896,1.9963702359346642,199.63702359346644,2574.5190562613434
25.808923133999997,12.868,1.9963702359346642,199.63702359346644,2568.9292196007264
25.819004162000056,12.892,1.9963702359346642,199.63702359346644,2573.720508166969
25.82908696799859,12.872,1.9963702359346642,199.63702359346644,2569.7277676951
25.839167551999708,12.852,2.1778584392014526,199.63702359346644,2565.7350272232306
25.849252431999048,12.848,2.1778584392014526,199.63702359346644,2564.9364791288567
25.859403346999898,12.872,1.9963702359346642,199.63702359346644,2569.7277676951
25.869482523999977,12.848,2.1778584392014526,217.7858439201452,2798.112522686026
25.87955923699883,12.88,1.9963702359346642,199.63702359346644,2571.3248638838477
25.88963765399967,12.848,1.9963702359346642,199.63702359346644,2564.9364791288567
25.899715423998714,12.88,2.1778584392014526,217.7858439201452,2805.0816696914703
25.909790173998772,12.852,2.1778584392014526,217.7858439201452,2798.983666061706
25.919863627999803,12.876,2.1778584392014526,217.7858439201452,2804.2105263157896
25.929942619999565,12.852,1.9963702359346642,217.7858439201452,2798.983666061706
25.940018684999814,12.876,2.1778584392014526,217.7858439201452,2804.2105263157896
25.950102658000105,12.848,2.1778584392014526,217.7858439201452,2798.112522686026
25.960184611998557,12.876,2.1778584392014526,199.63702359346644,2570.5263157894738
25.970262806999017,12.848,2.1778584392014526,199.63702359346644,2564.9364791288567
25.980339316000027,12.884,1.9963702359346642,199.63702359346644,2572.1234119782216
25.990416048998668,12.848,1.9963702359346642,217.7858439201452,2798.112522686026
26.000492224999107,12.884,2.1778584392014526,217.7858439201452,2805.9528130671506
26.01056832699942,12.848,2.1778584392014526,217.7858439201452,2798.112522686026
26.020644540998546,12.884,2.1778584392014526,217.7858439201452,2805.9528130671506
26.0307212359985,12.856,2.1778584392014526,217.7858439201452,2799.854809437387
26.040752154000074,12.872,2.1778584392014526,217.7858439201452,2803.339382940109
26.050834274999943,12.856,1.9963702359346642,199.63702359346644,2566.5335753176046
26.060946357998546,12.872,2.1778584392014526,199.63702359346644,2569.7277676951
26.07102314599979,12.852,2.1778584392014526,217.7858439201452,2798.983666061706
26.081100878000143,12.88,1.9963702359346642,199.63702359346644,2571.3248638838477
26.091177479998805,12.848,2.1778584392014526,217.7858439201452,2798.112522686026
26.101251007999963,12.88,2.1778584392014526,199.63702359346644,2571.3248638838477
26.111327962998985,12.848,1.9963702359346642,217.7858439201452,2798.112522686026
26.12140906499917,12.88,1.9963702359346642,217.7858439201452,2805.0816696914703
26.13148461199853,12.852,2.1778584392014526,199.63702359346644,2565.7350272232306
26.14156262100005,12.88,2.1778584392014526,217.7858439201452,2805.0816696914703
26.151637019998816,12.848,2.1778584392014526,199.63702359346644,2564.9364791288567
26.161709197000164,12.876,1.9963702359346642,217.7858439201452,2804.2105263157896
26.171785483998974,12.852,2.1778584392014526,217.7858439201452,2798.983666061706
26.18186149399844,12.876,2.1778584392014526,217.7858439201452,2804.2105263157896
26.191942188999747,12.856,1.9963702359346642,199.63702359346644,2566.5335753176046
26.20202264299951,12.88,1.9963702359346642,199.63702359346644,2571.3248638838477
26.21210346799853,12.848,1.9963702359346642,217.7858439201452,2798.112522686026
26.222183939999013,12.88,2.1778584392014526,199.63702359346644,2571.3248638838477
26.232263968999177,12.848,1.9963702359346642,199.63702359346644,2564.9364791288567
26.242340811999384,12.872,2.1778584392014526,217.7858439201452,2803.339382940109
26.252417358999082,12.852,1.9963702359346642,199.63702359346644,2565.7350272232306
26.2624977939995,12.872,1.9963702359346642,217.7858439201452,2803.339382940109
26.27257078599905,12.856,2.1778584392014526,217.7858439201452,2799.854809437387
26.2826478879997,12.876,2.1778584392014526,199.63702359346644,2570.5263157894738
26.29272456399849,12.852,2.1778584392014526,217.7858439201452,2798.983666061706
26.30280053699971,12.88,2.1778584392014526,199.63702359346644,2571.3248638838477
26.312874472998374,12.852,2.1778584392014526,199.63702359346644,2565.7350272232306
26.322946278998643,12.88,2.1778584392014526,217.7858439201452,2805.0816696914703
26.333018807999906,12.852,2.1778584392014526,217.7858439201452,2798.983666061706
26.343097724999097,12.88,1.9963702359346642,217.7858439201452,2805.0816696914703
26.35317669699907,12.848,1.9963702359346642,217.7858439201452,2798.112522686026
26.363252596000166,12.876,1.9963702359346642,199.63702359346644,2570.5263157894738
26.37333010600014,12.852,2.1778584392014526,217.7858439201452,2798.983666061706
26.383406023000134,12.876,1.9963702359346642,217.7858439201452,2804.2105263157896
26.39348347699888,12.856,2.1778584392014526,217.7858439201452,2799.854809437387
26.403559245998622,12.88,1.9963702359346642,199.63702359346644,2571.3248638838477
26.413637551999273,12.848,2.1778584392014526,199.63702359346644,2564.9364791288567
26.423711987999923,12.884,2.1778584392014526,217.7858439201452,2805.9528130671506
26.433785405999515,12.848,1.9963702359346642,217.7858439201452,2798.112522686026
26.44386326699896,12.876,2.1778584392014526,217.7858439201452,2804.2105263157896
26.453941702999145,12.852,1.9963702359346642,199.63702359346644,2565.7350272232306
26.46401589800007,12.872,2.1778584392014526,217.7858439201452,2803.339382940109
26.47409296299884,12.856,2.1778584392014526,217.7858439201452,2799.854809437387
26.48416932500004,12.872,2.1778584392014526,199.63702359346644,2569.7277676951
26.49424714899942,12.86,1.9963702359346642,217.7858439201452,2800.725952813067
26.50432341799933,12.876,1.9963702359346642,217.7858439201452,2804.2105263157896
26.51440481699865,12.856,2.1778584392014526,199.63702359346644,2566.5335753176046
26.524485586000083,12.88,1.9963702359346642,217.7858439201452,2805.0816696914703
26.534565910998936,12.848,1.9963702359346642,217.7858439201452,2798.112522686026
26.544646067999565,12.88,2.1778584392014526,217.7858439201452,2805.0816696914703
26.55472648599971,12.84,2.1778584392014526,199.63702359346644,2563.339382940109
26.56486371599931,12.88,1.9963702359346642,199.63702359346644,2571.3248638838477
26.57494057799886,12.852,1.9963702359346642,217.7858439201452,2798.983666061706
26.585013624999192,12.876,1.9963702359346642,199.63702359346644,2570.5263157894738
26.595090245999017,12.856,2.1778584392014526,217.7858439201452,2799.854809437387
26.60516744099914,12.876,1.9963702359346642,217.7858439201452,2804.2105263157896
26.615243172998817,12.856,1.9963702359346642,199.63702359346644,2566.5335753176046
26.625320626999383,12.876,1.9963702359346642,199.63702359346644,2570.5263157894738
26.635396728999694,12.848,1.9963702359346642,217.7858439201452,2798.112522686026
26.645474035000007,12.876,2.1778584392014526,199.63702359346644,2570.5263157894738
26.655550081999536,12.848,1.9963702359346642,199.63702359346644,2564.9364791288567
26.66563581399896,12.872,2.1778584392014526,199.63702359346644,2569.7277676951
26.67571682400012,12.852,2.1778584392014526,199.63702359346644,2565.7350272232306
26.685797092999564,12.876,1.9963702359346642,217.7858439201452,2804.2105263157896
26.695877064999877,12.856,1.9963702359346642,199.63702359346644,2566.5335753176046
26.705953278999004,12.872,1.9963702359346642,217.7858439201452,2803.339382940109
26.716030325998872,12.86,2.1778584392014526,217.7858439201452,2800.725952813067
26.72611135399893,12.872,2.1778584392014526,217.7858439201452,2803.339382940109
26.73619197500011,12.86,1.9963702359346642,217.7858439201452,2800.725952813067
26.746282502999748,12.876,1.9963702359346642,199.63702359346644,2570.5263157894738
26.756365123999785,12.848,2.1778584392014526,217.7858439201452,2798.112522686026
26.766531612998733,12.876,2.1778584392014526,217.7858439201452,2804.2105263157896
26.776608159998432,12.844,2.1778584392014526,199.63702359346644,2564.137931034483
26.786684040000182,12.88,2.1778584392014526,217.7858439201452,2805.0816696914703
26.79676136499984,12.852,1.9963702359346642,199.63702359346644,2565.7350272232306
26.80683757799852,12.876,1.9963702359346642,217.7858439201452,2804.2105263157896
26.81691484699877,12.856,2.1778584392014526,217.7858439201452,2799.854809437387
26.826990338999167,12.876,2.1778584392014526,199.63702359346644,2570.5263157894738
26.83706764499948,12.86,2.1778584392014526,199.63702359346644,2567.3321234119785
26.847140524998395,12.876,1.9963702359346642,217.7858439201452,2804.2105263157896
26.857213589999446,12.852,2.1778584392014526,217.7858439201452,2798.983666061706
26.867341043000124,12.872,2.1778584392014526,199.63702359346644,2569.7277676951
26.877424163998512,12.852,2.1778584392014526,217.7858439201452,2798.983666061706
26.88750285899914,12.876,2.1778584392014526,199.63702359346644,2570.5263157894738
26.897584516998904,12.852,2.1778584392014526,199.63702359346644,2565.7350272232306
26.907664674999978,12.876,2.1778584392014526,199.63702359346644,2570.5263157894738
26.917744776999825,12.856,2.1778584392014526,217.7858439201452,2799.854809437387
26.92782423099925,12.876,2.1778584392014526,217.7858439201452,2804.2105263157896
26.937904777998483,12.86,1.9963702359346642,199.63702359346644,2567.3321234119785
26.94798599099886,12.872,2.1778584392014526,217.7858439201452,2803.339382940109
26.958065852999425,12.856,2.1778584392014526,217.7858439201452,2799.854809437387
26.9681601960001,12.872,2.1778584392014526,217.7858439201452,2803.339382940109
26.978236631999607,12.848,2.1778584392014526,199.63702359346644,2564.9364791288567
26.98831273399992,12.876,1.9963702359346642,199.63702359346644,2570.5263157894738
26.998388558999068,12.848,1.9963702359346642,217.7858439201452,2798.112522686026
27.008466141998724,12.88,2.1778584392014526,199.63702359346644,2571.3248638838477
27.01853983699948,12.856,2.1778584392014526,199.63702359346644,2566.5335753176046
27.02861382899937,12.876,1.9963702359346642,217.7858439201452,2804.2105263157896
27.038687763999405,12.86,2.1778584392014526,199.63702359346644,2567.3321234119785
27.048754497000118,12.872,2.1778584392014526,217.7858439201452,2803.339382940109
27.058828413999436,12.864,1.9963702359346642,217.7858439201452,2801.597096188748
27.068901015998563,12.868,2.1778584392014526,217.7858439201452,2802.4682395644286
27.07898193299843,12.864,2.1778584392014526,199.63702359346644,2568.1306715063524
27.08905809099997,12.872,2.1778584392014526,199.63702359346644,2569.7277676951
27.099134174999563,12.852,1.9963702359346642,199.63702359346644,2565.7350272232306
27.109214017998966,12.872,2.1778584392014526,199.63702359346644,2569.7277676951
27.119294231999447,12.852,2.1778584392014526,199.63702359346644,2565.7350272232306
27.129376074999527,12.876,1.9963702359346642,199.63702359346644,2570.5263157894738
27.139456935999988,12.856,2.1778584392014526,217.7858439201452,2799.854809437387
27.149534278998544,12.872,1.9963702359346642,199.63702359346644,2569.7277676951
27.159611122999195,12.856,2.1778584392014526,199.63702359346644,2566.5335753176046
27.169704131998515,12.872,2.1778584392014526,199.63702359346644,2569.7277676951
27.17977760499889,12.86,2.1778584392014526,217.7858439201452,2800.725952813067
27.18985459599935,12.876,2.1778584392014526,199.63702359346644,2570.5263157894738
27.199930568998752,12.848,1.9963702359346642,217.7858439201452,2798.112522686026
27.21000622700012,12.876,1.9963702359346642,199.63702359346644,2570.5263157894738
27.2200819769987,12.852,2.1778584392014526,217.7858439201452,2798.983666061706
27.23015763500007,12.872,1.9963702359346642,199.63702359346644,2569.7277676951
27.240230923000126,12.86,1.9963702359346642,217.7858439201452,2800.725952813067
27.250302895999994,12.872,1.9963702359346642,199.63702359346644,2569.7277676951
27.260378571998444,12.864,1.9963702359346642,217.7858439201452,2801.597096188748
27.270464915000048,12.864,1.9963702359346642,217.7858439201452,2801.597096188748
27.280545906000043,12.864,2.1778584392014526,217.7858439201452,2801.597096188748
27.290623027000038,12.864,1.9963702359346642,199.63702359346644,2568.1306715063524
27.300698925999313,12.864,1.9963702359346642,199.63702359346644,2568.1306715063524
27.310777120999774,12.872,1.9963702359346642,199.63702359346644,2569.7277676951
27.32085792699945,12.856,1.9963702359346642,217.7858439201452,2799.854809437387
27.33094158499989,12.872,2.1778584392014526,217.7858439201452,2803.339382940109
27.34102526099923,12.856,1.9963702359346642,199.63702359346644,2566.5335753176046
27.35110608499963,12.872,1.9963702359346642,199.63702359346644,2569.7277676951
27.361188094999306,12.856,1.9963702359346642,199.63702359346644,2566.5335753176046
27.371278511998753,12.872,1.9963702359346642,217.7858439201452,2803.339382940109
27.381356725998558,12.86,1.9963702359346642,199.63702359346644,2567.3321234119785
27.39143203200001,12.868,1.9963702359346642,199.63702359346644,2568.9292196007264
27.40150789299878,12.856,2.1778584392014526,217.7858439201452,2799.854809437387
27.411583217999578,12.872,1.9963702359346642,199.63702359346644,2569.7277676951
27.42166031999841,12.856,2.1778584392014526,217.7858439201452,2799.854809437387
27.431736107999313,12.876,2.1778584392014526,217.7858439201452,2804.2105263157896
27.441809543999625,12.856,2.1778584392014526,199.63702359346644,2566.5335753176046
27.451883071998964,12.872,2.1778584392014526,199.63702359346644,2569.7277676951
27.461955896998916,12.86,1.9963702359346642,217.7858439201452,2800.725952813067
27.472042387998954,12.868,2.1778584392014526,217.7858439201452,2802.4682395644286
27.482120804999795,12.864,1.9963702359346642,217.7858439201452,2801.597096188748
27.492198388999896,12.86,2.1778584392014526,199.63702359346644,2567.3321234119785
27.502275157999975,12.868,1.9963702359346642,199.63702359346644,2568.9292196007264
27.51235116799944,12.868,1.9963702359346642,199.63702359346644,2568.9292196007264
27.522432472998844,12.864,2.1778584392014526,217.7858439201452,2801.597096188748
27.532513094000024,12.872,2.1778584392014526,217.7858439201452,2803.339382940109
27.542593640999257,12.856,1.9963702359346642,199.63702359346644,2566.5335753176046
27.55267339099919,12.872,1.9963702359346642,217.7858439201452,2803.339382940109
27.562753808999332,12.86,1.9963702359346642,217.7858439201452,2800.725952813067
27.5728312809988,12.872,1.9963702359346642,199.63702359346644,2569.7277676951
27.582903327998793,12.856,2.1778584392014526,217.7858439201452,2799.854809437387
27.592974633998892,12.868,2.1778584392014526,199.63702359346644,2568.9292196007264
27.60305023699948,12.86,2.1778584392014526,217.7858439201452,2800.725952813067
27.61312783899848,12.872,1.9963702359346642,199.63702359346644,2569.7277676951
27.623199718998876,12.856,2.1778584392014526,217.7858439201452,2799.854809437387
27.63327772899902,12.872,1.9963702359346642,217.7858439201452,2803.339382940109
27.64335460899929,12.856,1.9963702359346642,217.7858439201452,2799.854809437387
27.653427878000002,12.872,1.9963702359346642,199.63702359346644,2569.7277676951
27.663504146999912,12.856,2.1778584392014526,217.7858439201452,2799.854809437387
27.67359078699883,12.872,2.1778584392014526,217.7858439201452,2803.339382940109
27.683671332999438,12.86,2.1778584392014526,199.63702359346644,2567.3321234119785
27.69374995399994,12.868,1.9963702359346642,199.63702359346644,2568.9292196007264
27.703826685999957,12.864,1.9963702359346642,199.63702359346644,2568.1306715063524
27.7139030849994,12.864,2.1778584392014526,217.7858439201452,2801.597096188748
27.72397752100005,12.864,2.1778584392014526,199.63702359346644,2568.1306715063524
27.734057288998883,12.868,1.9963702359346642,217.7858439201452,2802.4682395644286
27.744156353999642,12.864,2.1778584392014526,217.7858439201452,2801.597096188748
27.75423897499968,12.872,1.9963702359346642,199.63702359346644,2569.7277676951
27.764318836998427,12.856,1.9963702359346642,217.7858439201452,2799.854809437387
27.77448506699875,12.872,2.1778584392014526,199.63702359346644,2569.7277676951
27.78455770599976,12.852,2.1778584392014526,217.7858439201452,2798.983666061706
27.79462958699878,12.872,2.1778584392014526,217.7858439201452,2803.339382940109
27.80470079999941,12.86,1.9963702359346642,217.7858439201452,2800.725952813067
27.814773568999954,12.868,2.1778584392014526,199.63702359346644,2568.9292196007264
27.824852023999483,12.86,2.1778584392014526,199.63702359346644,2567.3321234119785
27.834927144000176,12.868,1.9963702359346642,199.63702359346644,2568.9292196007264
27.844998635999218,12.86,2.1778584392014526,217.7858439201452,2800.725952813067
27.855071441999826,12.868,1.9963702359346642,217.7858439201452,2802.4682395644286
27.86514908099889,12.856,2.1778584392014526,217.7858439201452,2799.854809437387
27.87528970099993,12.868,1.9963702359346642,217.7858439201452,2802.4682395644286
27.885365617999923,12.856,2.1778584392014526,199.63702359346644,2566.5335753176046
27.895440812999368,12.864,2.1778584392014526,217.7858439201452,2801.597096188748
27.905517100998622,12.856,2.1778584392014526,199.63702359346644,2566.5335753176046
27.91559383299864,12.868,2.1778584392014526,217.7858439201452,2802.4682395644286
27.925674860998697,12.864,2.1778584392014526,217.7858439201452,2801.597096188748
27.935755092999898,12.864,2.1778584392014526,217.7858439201452,2801.597096188748
27.94583636199968,12.868,1.9963702359346642,217.7858439201452,2802.4682395644286
27.955917037999825,12.864,1.9963702359346642,199.63702359346644,2568.1306715063524
27.965999102998467,12.868,1.9963702359346642,217.7858439201452,2802.4682395644286
27.976082260998737,12.868,2.1778584392014526,217.7858439201452,2802.4682395644286
27.986154770998837,12.852,2.1778584392014526,217.7858439201452,2798.983666061706
27.996230798999022,12.868,2.1778584392014526,217.7858439201452,2802.4682395644286
28.006304660999376,12.856,2.1778584392014526,199.63702359346644,2566.5335753176046
28.016377170999476,12.872,2.1778584392014526,199.63702359346644,2569.7277676951
28.026453291999132,12.864,1.9963702359346642,217.7858439201452,2801.597096188748
28.03653007899993,12.868,1.9963702359346642,199.63702359346644,2568.9292196007264
28.046602403999714,12.864,1.9963702359346642,217.7858439201452,2801.597096188748
28.05667852499937,12.868,1.9963702359346642,199.63702359346644,2568.9292196007264
28.066754867999407,12.86,1.9963702359346642,199.63702359346644,2567.3321234119785
28.07684121099919,12.868,2.1778584392014526,217.7858439201452,2802.4682395644286
28.086922053998933,12.868,1.9963702359346642,199.63702359346644,2568.9292196007264
28.096998081999118,12.864,1.9963702359346642,217.7858439201452,2801.597096188748
28.10707407299924,12.86,2.1778584392014526,199.63702359346644,2567.3321234119785
28.11715711999932,12.868,2.1778584392014526,199.63702359346644,2568.9292196007264
28.12723742599883,12.86,2.1778584392014526,199.63702359346644,2567.3321234119785
28.137320157999056,12.868,1.9963702359346642,217.7858439201452,2802.4682395644286
28.147397722999813,12.864,1.9963702359346642,199.63702359346644,2568.1306715063524
28.157474714998898,12.864,1.9963702359346642,217.7858439201452,2801.597096188748
28.167555649999485,12.868,1.9963702359346642,217.7858439201452,2802.4682395644286
28.177647362999778,12.864,2.1778584392014526,217.7858439201452,2801.597096188748
28.187723280998398,12.856,1.9963702359346642,217.7858439201452,2799.854809437387
28.197800789999746,12.872,2.1778584392014526,217.7858439201452,2803.339382940109
28.207876799999212,12.852,2.1778584392014526,217.7858439201452,2798.983666061706
28.217954216999715,12.868,1.9963702359346642,217.7858439201452,2802.4682395644286
28.228028874998927,12.86,2.1778584392014526,199.63702359346644,2567.3321234119785
28.238103291998414,12.868,1.9963702359346642,217.7858439201452,2802.4682395644286
28.248176098999465,12.864,1.9963702359346642,217.7858439201452,2801.597096188748
28.258252367999376,12.864,1.9963702359346642,217.7858439201452,2801.597096188748
28.26832808099971,12.868,2.1778584392014526,217.7858439201452,2802.4682395644286
28.27841073899981,12.864,1.9963702359346642,217.7858439201452,2801.597096188748
28.288487988998895,12.868,2.1778584392014526,199.63702359346644,2568.9292196007264
28.298564035998425,12.86,1.9963702359346642,217.7858439201452,2800.725952813067
28.308641397999963,12.868,2.1778584392014526,217.7858439201452,2802.4682395644286
28.318718221999006,12.864,1.9963702359346642,217.7858439201452,2801.597096188748
28.328763750998405,12.86,2.1778584392014526,217.7858439201452,2800.725952813067
28.33884109399878,12.868,2.1778584392014526,217.7858439201452,2802.4682395644286
28.348924325999178,12.864,1.9963702359346642,199.63702359346644,2568.1306715063524
28.359004687999914,12.868,2.1778584392014526,199.63702359346644,2568.9292196007264
28.369086585998957,12.868,1.9963702359346642,199.63702359346644,2568.9292196007264
28.379176503000053,12.864,1.9963702359346642,217.7858439201452,2801.597096188748
28.389248234998377,12.864,2.1778584392014526,217.7858439201452,2801.597096188748
28.399324596999577,12.868,2.1778584392014526,217.7858439201452,2802.4682395644286
28.4094028290001,12.852,2.1778584392014526,217.7858439201452,2798.983666061706
28.41947898699982,12.872,2.1778584392014526,199.63702359346644,2569.7277676951
28.429553181998926,12.86,2.1778584392014526,199.63702359346644,2567.3321234119785
28.439627136000126,12.872,2.1778584392014526,199.63702359346644,2569.7277676951
28.44970433099843,12.864,1.9963702359346642,217.7858439201452,2801.597096188748
28.459777192998445,12.868,1.9963702359346642,217.7858439201452,2802.4682395644286
28.469849424998756,12.868,2.1778584392014526,217.7858439201452,2802.4682395644286
28.47993539699928,12.864,2.1778584392014526,217.7858439201452,2801.597096188748
28.490016351999657,12.868,1.9963702359346642,199.63702359346644,2568.9292196007264
28.50009356499868,12.86,2.1778584392014526,217.7858439201452,2800.725952813067
28.510172129999773,12.872,2.1778584392014526,199.63702359346644,2569.7277676951
28.520248713999536,12.864,2.1778584392014526,199.63702359346644,2568.1306715063524
28.530325075998917,12.86,2.1778584392014526,199.63702359346644,2567.3321234119785
28.54040597399944,12.864,2.1778584392014526,199.63702359346644,2568.1306715063524
28.550486409998484,12.86,2.1778584392014526,217.7858439201452,2800.725952813067
28.5605686229992,12.868,2.1778584392014526,217.7858439201452,2802.4682395644286
28.570645576999596,12.864,2.1778584392014526,217.7858439201452,2801.597096188748
28.580749808999826,12.868,1.9963702359346642,199.63702359346644,2568.9292196007264
28.590822910999123,12.868,2.1778584392014526,217.7858439201452,2802.4682395644286
28.600900698998885,12.888,1.8148820326678767,199.63702359346644,2572.9219600725955
28.610973337999894,12.888,1.9963702359346642,199.63702359346644,2572.9219600725955
28.621052143998895,12.888,1.9963702359346642,199.63702359346644,2572.9219600725955
28.631129098999736,12.872,1.9963702359346642,199.63702359346644,2569.7277676951
28.641201405000174,12.888,1.9963702359346642,199.63702359346644,2572.9219600725955
28.651277599999958,12.872,2.1778584392014526,199.63702359346644,2569.7277676951
28.66135514599955,12.884,1.8148820326678767,199.63702359346644,2572.1234119782216
28.6714309709987,12.876,1.9963702359346642,199.63702359346644,2570.5263157894738
28.68155175799984,12.888,1.9963702359346642,199.63702359346644,2572.9219600725955
28.69163228599973,12.876,1.8148820326678767,199.63702359346644,2570.5263157894738
28.701713350999853,12.88,1.9963702359346642,199.63702359346644,2571.3248638838477
28.711789842000144,12.88,1.9963702359346642,217.7858439201452,2805.0816696914703
28.721870999999737,12.88,1.9963702359346642,199.63702359346644,2571.3248638838477
28.731950916999267,12.852,1.9963702359346642,199.63702359346644,2565.7350272232306
28.742034981998586,12.86,2.1778584392014526,217.7858439201452,2800.725952813067
28.75212058499892,12.864,1.9963702359346642,217.7858439201452,2801.597096188748
28.762200649998704,12.872,2.1778584392014526,199.63702359346644,2569.7277676951
28.772281159999693,12.856,1.9963702359346642,199.63702359346644,2566.5335753176046
28.78244774199993,12.872,2.1778584392014526,199.63702359346644,2569.7277676951
28.792524287999186,12.856,1.9963702359346642,199.63702359346644,2566.5335753176046
28.802602075998948,12.872,2.1778584392014526,199.63702359346644,2569.7277676951
28.812678029999006,12.86,1.9963702359346642,217.7858439201452,2800.725952813067
28.822754261998853,12.872,1.9963702359346642,217.7858439201452,2803.339382940109
28.83283214199946,12.864,2.1778584392014526,217.7858439201452,2801.597096188748
28.842909318998863,12.868,1.9963702359346642,217.7858439201452,2802.4682395644286
28.852982921000148,12.856,1.9963702359346642,199.63702359346644,2566.5335753176046
28.863055763999,12.876,1.9963702359346642,199.63702359346644,2570.5263157894738
28.87312855199889,12.856,2.1778584392014526,217.7858439201452,2799.854809437387
28.88321100599933,12.872,1.9963702359346642,199.63702359346644,2569.7277676951
28.893293959999937,12.856,2.1778584392014526,217.7858439201452,2799.854809437387
28.903373858998748,12.868,2.1778584392014526,217.7858439201452,2802.4682395644286
28.913454793999335,12.86,1.9963702359346642,217.7858439201452,2800.725952813067
28.92353543399986,12.868,2.1778584392014526,199.63702359346644,2568.9292196007264
28.933612905999325,12.864,1.9963702359346642,217.7858439201452,2801.597096188748
28.943688934999955,12.864,2.1778584392014526,217.7858439201452,2801.597096188748
28.9537651669998,12.864,1.9963702359346642,217.7858439201452,2801.597096188748
28.963845880000008,12.868,1.9963702359346642,199.63702359346644,2568.9292196007264
28.97392613000011,12.864,2.1778584392014526,217.7858439201452,2801.597096188748
28.984016602998963,12.872,2.1778584392014526,199.63702359346644,2569.7277676951
28.994092778999402,12.856,2.1778584392014526,217.7858439201452,2799.854809437387
29.004168640998614,12.872,2.1778584392014526,217.7858439201452,2803.339382940109
29.014244002999476,12.852,2.1778584392014526,199.63702359346644,2565.7350272232306
29.024319345999174,12.872,2.1778584392014526,199.63702359346644,2569.7277676951
29.034396521999952,12.86,2.1778584392014526,199.63702359346644,2567.3321234119785
29.04446971699872,12.868,1.9963702359346642,217.7858439201452,2802.4682395644286
29.05454520799867,12.864,1.9963702359346642,217.7858439201452,2801.597096188748
29.064620828999978,12.872,1.9963702359346642,217.7858439201452,2803.339382940109
29.074697338999613,12.856,1.9963702359346642,199.63702359346644,2566.5335753176046
29.0848191999994,12.872,1.9963702359346642,217.7858439201452,2803.339382940109
29.09490154299965,12.856,2.1778584392014526,217.7858439201452,2799.854809437387
29.10497721899992,12.868,2.1778584392014526,217.7858439201452,2802.4682395644286
29.11505730299905,12.856,1.9963702359346642,199.63702359346644,2566.5335753176046
29.12513946099898,12.868,2.1778584392014526,199.63702359346644,2568.9292196007264
29.13521919300001,12.86,1.9963702359346642,199.63702359346644,2567.3321234119785
29.14530468399971,12.868,2.1778584392014526,199.63702359346644,2568.9292196007264
29.155385359999855,12.868,1.9963702359346642,199.63702359346644,2568.9292196007264
29.165465980999215,12.864,1.9963702359346642,199.63702359346644,2568.1306715063524
29.175545971998872,12.868,2.1778584392014526,217.7858439201452,2802.4682395644286
29.185635666999588,12.864,2.1778584392014526,199.63702359346644,2568.1306715063524
29.19570906499939,12.856,2.1778584392014526,199.63702359346644,2566.5335753176046
29.205787852999492,12.872,1.9963702359346642,217.7858439201452,2803.339382940109
29.215863954999804,12.852,2.1778584392014526,199.63702359346644,2565.7350272232306
29.225937890998466,12.868,1.9963702359346642,199.63702359346644,2568.9292196007264
29.23601188199973,12.86,2.1778584392014526,199.63702359346644,2567.3321234119785
29.24608459599949,12.868,2.1778584392014526,217.7858439201452,2802.4682395644286
29.256156123999972,12.864,1.9963702359346642,217.7858439201452,2801.597096188748
29.266232744999797,12.864,1.9963702359346642,217.7858439201452,2801.597096188748
29.27630843999941,12.864,2.1778584392014526,199.63702359346644,2568.1306715063524
29.286392819998582,12.868,2.1778584392014526,217.7858439201452,2802.4682395644286
29.29647371899955,12.868,2.1778584392014526,217.7858439201452,2802.4682395644286
29.30655132099855,12.864,1.9963702359346642,217.7858439201452,2801.597096188748
29.316629681999984,12.86,2.1778584392014526,199.63702359346644,2567.3321234119785
29.326704952,12.864,2.1778584392014526,199.63702359346644,2568.1306715063524
29.336759998999696,12.86,2.1778584392014526,217.7858439201452,2800.725952813067
29.346835878999627,12.868,1.9963702359346642,199.63702359346644,2568.9292196007264
29.356917073999284,12.864,1.9963702359346642,217.7858439201452,2801.597096188748
29.36699673199837,12.868,2.1778584392014526,199.63702359346644,2568.9292196007264
29.377078666999296,12.868,1.9963702359346642,217.7858439201452,2802.4682395644286
29.38716804700016,12.864,2.1778584392014526,199.63702359346644,2568.1306715063524
29.39724563099844,12.864,2.1778584392014526,217.7858439201452,2801.597096188748
29.407321863000107,12.868,1.9963702359346642,199.63702359346644,2568.9292196007264
29.417397261999213,12.856,2.1778584392014526,217.7858439201452,2799.854809437387
29.42747201199927,12.872,2.1778584392014526,217.7858439201452,2803.339382940109
29.437546299999667,12.856,2.1778584392014526,217.7858439201452,2799.854809437387
29.447619494998435,12.868,2.1778584392014526,217.7858439201452,2802.4682395644286
29.45769220799957,12.864,1.9963702359346642,199.63702359346644,2568.1306715063524
29.467764365999756,12.864,1.9963702359346642,217.7858439201452,2801.597096188748
29.477838654000152,12.868,1.9963702359346642,217.7858439201452,2802.4682395644286
29.487926996998794,12.864,1.9963702359346642,199.63702359346644,2568.1306715063524
29.49800050599879,12.868,2.1778584392014526,217.7858439201452,2802.4682395644286
29.50807281299967,12.868,2.1778584392014526,217.7858439201452,2802.4682395644286
29.51814865599954,12.86,2.1778584392014526,199.63702359346644,2567.3321234119785
29.528224683999724,12.864,1.9963702359346642,217.7858439201452,2801.597096188748
29.53830080499938,12.86,1.9963702359346642,217.7858439201452,2800.725952813067
29.548376388998804,12.868,2.1778584392014526,199.63702359346644,2568.9292196007264
29.558454194999285,12.864,1.9963702359346642,217.7858439201452,2801.597096188748
29.56852696399983,12.868,2.1778584392014526,199.63702359346644,2568.9292196007264
29.57860041799904,12.868,1.9963702359346642,217.7858439201452,2802.4682395644286
29.58875149999949,12.864,2.1778584392014526,217.7858439201452,2801.597096188748
29.598832972998935,12.872,1.9963702359346642,217.7858439201452,2803.339382940109
29.608912427000178,12.864,2.1778584392014526,199.63702359346644,2568.1306715063524
29.61899236299905,12.868,2.1778584392014526,217.7858439201452,2802.4682395644286
29.629072445999554,12.868,1.9963702359346642,217.7858439201452,2802.4682395644286
29.639147752999634,12.868,2.1778584392014526,217.7858439201452,2802.4682395644286
29.649228058999142,12.868,2.1778584392014526,199.63702359346644,2568.9292196007264
29.65930827199918,12.856,1.9963702359346642,217.7858439201452,2799.854809437387
29.669390596000085,12.868,2.1778584392014526,199.63702359346644,2568.9292196007264
29.679469661999974,12.86,2.1778584392014526,199.63702359346644,2567.3321234119785
29.689545374998488,12.868,2.1778584392014526,217.7858439201452,2802.4682395644286
29.699621717998525,12.872,2.1778584392014526,199.63702359346644,2569.7277676951
29.709694542998477,12.864,2.1778584392014526,199.63702359346644,2568.1306715063524
29.719768903998556,12.872,2.1778584392014526,217.7858439201452,2803.339382940109
29.729846358999566,12.86,1.9963702359346642,217.7858439201452,2800.725952813067
29.739922090999244,12.864,2.1778584392014526,199.63702359346644,2568.1306715063524
29.750005784999303,12.864,2.1778584392014526,199.63702359346644,2568.1306715063524
29.760082646998853,12.864,1.9963702359346642,217.7858439201452,2801.597096188748
29.77015826800016,12.868,2.1778584392014526,217.7858439201452,2802.4682395644286
29.78023392599971,12.864,2.1778584392014526,199.63702359346644,2568.1306715063524
29.7903811749984,12.864,1.9963702359346642,199.63702359346644,2568.1306715063524
29.80045772199992,12.868,1.9963702359346642,217.7858439201452,2802.4682395644286
29.810539119998793,12.864,2.1778584392014526,217.7858439201452,2801.597096188748
29.820616185999825,12.864,2.1778584392014526,217.7858439201452,2801.597096188748
29.83069791699927,12.864,2.1778584392014526,199.63702359346644,2568.1306715063524
29.840785648999372,12.868,1.9963702359346642,217.7858439201452,2802.4682395644286
29.850864102998457,12.864,2.1778584392014526,217.7858439201452,2801.597096188748
29.860941760998685,12.872,2.1778584392014526,217.7858439201452,2803.339382940109
29.87101788200016,12.868,1.9963702359346642,199.63702359346644,2568.9292196007264
29.881100687998696,12.86,2.1778584392014526,199.63702359346644,2567.3321234119785
29.891192974999285,12.868,2.1778584392014526,217.7858439201452,2802.4682395644286
29.901269336998666,12.864,2.1778584392014526,217.7858439201452,2801.597096188748
29.91134577199955,12.864,1.9963702359346642,199.63702359346644,2568.1306715063524
29.92142344899912,12.868,1.9963702359346642,217.7858439201452,2802.4682395644286
29.931496235998566,12.856,1.9963702359346642,199.63702359346644,2566.5335753176046
29.94157406099839,12.872,1.9963702359346642,199.63702359346644,2569.7277676951
29.95165033000012,12.86,2.1778584392014526,217.7858439201452,2800.725952813067
29.961727542999142,12.864,1.9963702359346642,217.7858439201452,2801.597096188748
29.97180346099958,12.868,1.9963702359346642,217.7858439201452,2802.4682395644286
29.98188096999911,12.864,2.1778584392014526,199.63702359346644,2568.1306715063524
29.991967034999107,12.864,2.1778584392014526,217.7858439201452,2801.597096188748
