t_s,bus_v,shunt_mv,current_ma,power_mw
0.0003718450006999774,12.9,2.018348623853211,201.83486238532112,2603.6697247706425
0.010438675000841613,12.868,2.018348623853211,183.4862385321101,2361.1009174311926
0.02051215300161857,12.9,2.018348623853211,201.83486238532112,2603.6697247706425
0.03057490900027915,12.872,1.834862385321101,201.83486238532112,2598.0183486238534
0.04063664700152003,12.896,1.834862385321101,201.83486238532112,2602.862385321101
0.05069825400096306,12.872,1.834862385321101,201.83486238532112,2598.0183486238534
0.060758899000575184,12.904,2.018348623853211,201.83486238532112,2604.477064220184
0.07082093300050474,12.868,1.834862385321101,183.4862385321101,2361.1009174311926
0.08088170800147054,12.904,2.018348623853211,201.83486238532112,2604.477064220184
0.09094285300125193,12.872,2.018348623853211,183.4862385321101,2361.8348623853212
0.10100347900151974,12.896,2.018348623853211,201.83486238532112,2602.862385321101
0.11106397600087803,12.876,2.018348623853211,201.83486238532112,2598.8256880733948
0.1211242500012304,12.896,2.018348623853211,201.83486238532112,2602.862385321101
0.13118498800031375,12.876,2.018348623853211,201.83486238532112,2598.8256880733948
0.14124522500060266,12.896,2.018348623853211,201.83486238532112,2602.862385321101
0.15130553700146265,12.876,2.018348623853211,183.4862385321101,2362.5688073394494
0.16136544100118044,12.9,1.834862385321101,201.83486238532112,2603.6697247706425
0.1714263080011733,12.872,2.018348623853211,201.83486238532112,2598.0183486238534
0.18148624900095456,12.9,2.018348623853211,201.83486238532112,2603.6697247706425
0.19154654200065124,12.872,2.018348623853211,201.83486238532112,2598.0183486238534
0.20160644600036903,12.896,2.018348623853211,183.4862385321101,2366.238532110092
0.21166749900112336,12.876,2.018348623853211,201.83486238532112,2598.8256880733948
0.22172853300071438,12.896,2.018348623853211,201.83486238532112,2602.862385321101
0.23178938100136293,12.876,2.018348623853211,201.83486238532112,2598.8256880733948
0.2418502480013558,12.896,2.018348623853211,201.83486238532112,2602.862385321101
0.25191117100075644,12.876,1.834862385321101,183.4862385321101,2362.5688073394494
0.26197194599990326,12.896,2.018348623853211,201.83486238532112,2602.862385321101
0.2720328680006787,12.876,2.018348623853211,201.83486238532112,2598.8256880733948
0.28209306900134834,12.896,2.018348623853211,201.83486238532112,2602.862385321101
0.29215395400024136,12.884,2.018348623853211,201.83486238532112,2600.4403669724775
0.3022148030013341,12.884,2.018348623853211,201.83486238532112,2600.4403669724775
0.31227594800111547,12.884,1.834862385321101,201.83486238532112,2600.4403669724775
0.32233675899988157,12.884,1.834862385321101,201.83486238532112,2600.4403669724775
0.332407163001335,12.888,2.018348623853211,201.83486238532112,2601.2477064220184
0.3424680490006722,12.884,2.2018348623853217,201.83486238532112,2600.4403669724775
0.35252884200053813,12.884,2.018348623853211,183.4862385321101,2364.0366972477063
0.3625897279998753,12.88,2.018348623853211,201.83486238532112,2599.633027522936
0.3726502059998893,12.884,1.834862385321101,201.83486238532112,2600.4403669724775
0.3827107770011935,12.884,2.018348623853211,201.83486238532112,2600.4403669724775
0.39277155099989614,12.896,1.834862385321101,201.83486238532112,2602.862385321101
0.4028321040004812,12.88,1.834862385321101,201.83486238532112,2599.633027522936
0.4128933230003895,12.888,2.018348623853211,201.83486238532112,2601.2477064220184
0.4229543380006362,12.88,2.018348623853211,201.83486238532112,2599.633027522936
0.4330152230013482,12.888,2.018348623853211,201.83486238532112,2601.2477064220184
0.4430759050010238,12.88,2.018348623853211,201.83486238532112,2599.633027522936
0.4531362910001917,12.888,2.018348623853211,201.83486238532112,2601.2477064220184
0.4631971770013479,12.876,1.834862385321101,201.83486238532112,2598.8256880733948
0.4732582850010658,12.892,2.018348623853211,201.83486238532112,2602.0550458715597
0.48331859600148164,12.876,2.018348623853211,201.83486238532112,2598.8256880733948
0.493379184999867,12.9,2.018348623853211,201.83486238532112,2603.6697247706425
0.5034390710006846,12.872,2.018348623853211,201.83486238532112,2598.0183486238534
0.5135000310001487,12.9,2.018348623853211,201.83486238532112,2603.6697247706425
0.5235601940003107,12.872,2.018348623853211,201.83486238532112,2598.0183486238534
0.5336209500001132,12.896,2.018348623853211,201.83486238532112,2602.862385321101
0.5436811320014385,12.868,2.018348623853211,201.83486238532112,2597.211009174312
0.553741166000691,12.896,2.018348623853211,201.83486238532112,2602.862385321101
0.5638013110001339,12.872,2.2018348623853217,201.83486238532112,2598.0183486238534
0.57386219700129,12.904,2.018348623853211,201.83486238532112,2604.477064220184
0.5839227490014309,12.868,2.018348623853211,201.83486238532112,2597.211009174312
0.5939838570011489,12.904,2.018348623853211,201.83486238532112,2604.477064220184
0.6040450569998939,12.868,2.018348623853211,183.4862385321101,2361.1009174311926
0.6141058690009231,12.9,2.018348623853211,201.83486238532112,2603.6697247706425
0.6241667730009794,12.876,2.018348623853211,201.83486238532112,2598.8256880733948
0.6342277510011627,12.892,2.018348623853211,201.83486238532112,2602.0550458715597
0.6442888960009441,12.876,1.834862385321101,201.83486238532112,2598.8256880733948
0.654349763000937,12.896,2.018348623853211,201.83486238532112,2602.862385321101
0.6644108150012471,12.876,2.018348623853211,201.83486238532112,2598.8256880733948
0.6744716829998652,12.9,2.018348623853211,183.4862385321101,2366.97247706422
0.6845324200003233,12.872,2.018348623853211,201.83486238532112,2598.0183486238534
0.6945933980005066,12.9,2.2018348623853217,201.83486238532112,2603.6697247706425
0.7046541730014724,12.872,2.018348623853211,183.4862385321101,2361.8348623853212
0.714714540001296,12.9,2.018348623853211,220.1834862385321,2840.3669724770643
0.7247748140016483,12.876,2.018348623853211,201.83486238532112,2598.8256880733948
0.7348363300006895,12.896,2.018348623853211,183.4862385321101,2366.238532110092
0.7448973260015919,12.868,2.018348623853211,201.83486238532112,2597.211009174312
0.7549578790003579,12.896,2.018348623853211,201.83486238532112,2602.862385321101
0.7650178380008583,12.872,2.018348623853211,201.83486238532112,2598.0183486238534
0.7750786130000051,12.896,2.018348623853211,201.83486238532112,2602.862385321101
0.7851385170015419,12.876,2.018348623853211,201.83486238532112,2598.8256880733948
0.7951985510007944,12.896,2.018348623853211,201.83486238532112,2602.862385321101
0.8052584180004487,12.884,2.018348623853211,201.83486238532112,2600.4403669724775
0.81531835900023,12.892,2.018348623853211,183.4862385321101,2365.5045871559632
0.8253786519999267,12.888,2.018348623853211,201.83486238532112,2601.2477064220184
0.8354385750008078,12.884,2.018348623853211,201.83486238532112,2600.4403669724775
0.8454998120014352,12.888,2.018348623853211,183.4862385321101,2364.770642201835
0.8555607350008358,12.88,2.018348623853211,201.83486238532112,2599.633027522936
0.8656214170005114,12.884,2.018348623853211,183.4862385321101,2364.0366972477063
0.8756821170009061,12.884,2.018348623853211,201.83486238532112,2600.4403669724775
0.8857445960002224,12.884,2.018348623853211,201.83486238532112,2600.4403669724775
0.8958055370003422,12.884,2.018348623853211,201.83486238532112,2600.4403669724775
0.9058662930001447,12.892,1.834862385321101,201.83486238532112,2602.0550458715597
0.9159260490014276,12.88,1.834862385321101,201.83486238532112,2599.633027522936
0.9259871750000457,12.896,2.018348623853211,201.83486238532112,2602.862385321101
0.9360479679999116,12.88,2.018348623853211,201.83486238532112,2599.633027522936
0.9461086680003064,12.888,2.018348623853211,201.83486238532112,2601.2477064220184
0.9561688500016317,12.88,1.834862385321101,201.83486238532112,2599.633027522936
0.9662291620006727,12.888,2.018348623853211,201.83486238532112,2601.2477064220184
0.9762899920006021,12.88,2.018348623853211,201.83486238532112,2599.633027522936
0.9863508779999393,12.892,2.2018348623853217,220.1834862385321,2838.605504587156
0.9964138740015187,12.876,2.018348623853211,201.83486238532112,2598.8256880733948
1.006474927000454,12.896,2.018348623853211,201.83486238532112,2602.862385321101
1.0165448860007018,12.872,2.018348623853211,201.83486238532112,2598.0183486238534
1.0266079940010968,12.9,2.018348623853211,201.83486238532112,2603.6697247706425
1.036669528000857,12.868,2.018348623853211,201.83486238532112,2597.211009174312
1.0467305239999405,12.896,2.018348623853211,201.83486238532112,2602.862385321101
1.056791595001414,12.868,2.018348623853211,201.83486238532112,2597.211009174312
1.0668531840001378,12.896,2.018348623853211,183.4862385321101,2366.238532110092
1.0769145330013998,12.872,2.018348623853211,201.83486238532112,2598.0183486238534
1.0869752520011389,12.904,2.018348623853211,201.83486238532112,2604.477064220184
1.0970360450010048,12.872,2.018348623853211,183.4862385321101,2361.8348623853212
1.1070965970011457,12.904,2.018348623853211,183.4862385321101,2367.706422018349
1.1171569640009693,12.868,2.018348623853211,201.83486238532112,2597.211009174312
1.1272168320010678,12.904,1.834862385321101,201.83486238532112,2604.477064220184
1.137276939000003,12.876,2.018348623853211,201.83486238532112,2598.8256880733948
1.14733852900099,12.892,2.018348623853211,201.83486238532112,2602.0550458715597
1.1573996920014906,12.876,2.018348623853211,201.83486238532112,2598.8256880733948
1.1674603000010393,12.896,1.834862385321101,201.83486238532112,2602.862385321101
1.1775204450004821,12.876,2.018348623853211,201.83486238532112,2598.8256880733948
1.1875803860002634,12.9,2.018348623853211,201.83486238532112,2603.6697247706425
1.197640438000235,12.876,2.018348623853211,201.83486238532112,2598.8256880733948
1.2077019160005875,12.9,2.018348623853211,201.83486238532112,2603.6697247706425
1.2177628580011515,12.872,1.834862385321101,201.83486238532112,2598.0183486238534
1.227823614000954,12.9,2.018348623853211,201.83486238532112,2603.6697247706425
1.2378843510014121,12.88,1.834862385321101,201.83486238532112,2599.633027522936
1.247945052000432,12.896,2.018348623853211,201.83486238532112,2602.862385321101
1.2580058080002345,12.876,2.2018348623853217,201.83486238532112,2598.8256880733948
1.268066564000037,12.896,1.834862385321101,183.4862385321101,2366.238532110092
1.2781273010004952,12.876,2.018348623853211,201.83486238532112,2598.8256880733948
1.2881881310004246,12.896,2.018348623853211,201.83486238532112,2602.862385321101
1.2982479430011153,12.876,2.018348623853211,201.83486238532112,2598.8256880733948
1.3083081060012773,12.896,2.018348623853211,201.83486238532112,2602.862385321101
1.3183693430000858,12.884,2.018348623853211,201.83486238532112,2600.4403669724775
1.3284300989998883,12.888,2.018348623853211,201.83486238532112,2601.2477064220184
1.3384908550015098,12.888,2.018348623853211,201.83486238532112,2601.2477064220184
1.3485517970002547,12.884,2.018348623853211,201.83486238532112,2600.4403669724775
1.3586125159999938,12.888,2.018348623853211,201.83486238532112,2601.2477064220184
1.3686732160003885,12.88,2.2018348623853217,201.83486238532112,2599.633027522936
1.3787338050005928,12.888,2.018348623853211,201.83486238532112,2601.2477064220184
1.3887945430014952,12.884,1.834862385321101,201.83486238532112,2600.4403669724775
1.3988553170001978,12.888,2.018348623853211,183.4862385321101,2364.770642201835
1.408916444001079,12.884,2.018348623853211,201.83486238532112,2600.4403669724775
1.4189770700013469,12.896,2.018348623853211,201.83486238532112,2602.862385321101
1.4290386040011072,12.88,2.018348623853211,201.83486238532112,2599.633027522936
1.4390996380006982,12.896,2.018348623853211,201.83486238532112,2602.862385321101
1.4491605230014102,12.88,2.018348623853211,201.83486238532112,2599.633027522936
1.4592214090007474,12.888,2.018348623853211,201.83486238532112,2601.2477064220184
1.4692816280003171,12.88,2.018348623853211,183.4862385321101,2363.302752293578
1.4793422359998658,12.888,2.018348623853211,201.83486238532112,2601.2477064220184
1.4894025470002816,12.88,2.018348623853211,201.83486238532112,2599.633027522936
1.4994634700015013,12.892,2.018348623853211,201.83486238532112,2602.0550458715597
1.5095242260013038,12.876,2.018348623853211,201.83486238532112,2598.8256880733948
1.519584556001064,12.896,2.018348623853211,201.83486238532112,2602.862385321101
1.5296443860006548,12.876,2.018348623853211,201.83486238532112,2598.8256880733948
1.5397050680003304,12.9,2.018348623853211,201.83486238532112,2603.6697247706425
1.5497658240001329,12.868,2.018348623853211,201.83486238532112,2597.211009174312
1.5598261909999565,12.9,2.018348623853211,183.4862385321101,2366.97247706422
1.569886002000203,12.868,2.018348623853211,183.4862385321101,2361.1009174311926
1.5799461290007457,12.896,2.018348623853211,201.83486238532112,2602.862385321101
1.5900074960009078,12.872,2.018348623853211,183.4862385321101,2361.8348623853212
1.600068548001218,12.904,2.018348623853211,183.4862385321101,2367.706422018349
1.6101294890013378,12.868,2.018348623853211,201.83486238532112,2597.211009174312
1.6201904120007384,12.904,1.834862385321101,201.83486238532112,2604.477064220184
1.6302511869998852,12.872,2.018348623853211,220.1834862385321,2834.201834862385
1.6403120350005338,12.904,2.018348623853211,201.83486238532112,2604.477064220184
1.6503729020005267,12.876,2.018348623853211,183.4862385321101,2362.5688073394494
1.660433732000456,12.896,2.018348623853211,183.4862385321101,2366.238532110092
1.670494525000322,12.876,2.018348623853211,201.83486238532112,2598.8256880733948
1.680555078000907,12.896,2.018348623853211,201.83486238532112,2602.862385321101
1.6906152600004134,12.876,2.018348623853211,183.4862385321101,2362.5688073394494
1.7006760900003428,12.896,1.834862385321101,201.83486238532112,2602.862385321101
1.7107368640008644,12.872,2.018348623853211,201.83486238532112,2598.0183486238534
1.7207977310008573,12.9,2.018348623853211,201.83486238532112,2603.6697247706425
1.730858413000533,12.872,2.018348623853211,201.83486238532112,2598.0183486238534
1.7409192250015622,12.896,2.018348623853211,201.83486238532112,2602.862385321101
1.7509799810013646,12.876,2.018348623853211,201.83486238532112,2598.8256880733948
1.7610407920001308,12.896,1.834862385321101,201.83486238532112,2602.862385321101
1.7711017890014773,12.876,2.018348623853211,201.83486238532112,2598.8256880733948
1.7811626000002434,12.896,2.018348623853211,201.83486238532112,2602.862385321101
1.7912233380011457,12.872,2.018348623853211,201.83486238532112,2598.0183486238534
1.8012836120014981,12.896,2.018348623853211,201.83486238532112,2602.862385321101
1.8113438870004757,12.872,2.018348623853211,201.83486238532112,2598.0183486238534
1.8214042540002993,12.892,2.018348623853211,183.4862385321101,2365.5045871559632
1.8314646950002498,12.884,2.018348623853211,183.4862385321101,2364.0366972477063
1.8415244690004329,12.888,2.018348623853211,201.83486238532112,2601.2477064220184
1.8515844290013774,12.888,2.018348623853211,201.83486238532112,2601.2477064220184
1.8616457040006935,12.888,2.018348623853211,201.83486238532112,2601.2477064220184
1.8717065710006864,12.888,2.018348623853211,201.83486238532112,2601.2477064220184
1.8817671970009542,12.88,2.018348623853211,201.83486238532112,2599.633027522936
1.8918280830002914,12.884,2.018348623853211,201.83486238532112,2600.4403669724775
1.9018886530011514,12.88,2.018348623853211,201.83486238532112,2599.633027522936
1.9119492980007635,12.884,2.018348623853211,201.83486238532112,2600.4403669724775
1.9220101840001007,12.884,2.018348623853211,183.4862385321101,2364.0366972477063
1.9320710690008127,12.892,2.018348623853211,183.4862385321101,2365.5045871559632
1.9421320850015036,12.88,2.018348623853211,201.83486238532112,2599.633027522936
1.952193081000587,12.892,2.018348623853211,201.83486238532112,2602.0550458715597
1.9622530230008124,12.88,2.018348623853211,201.83486238532112,2599.633027522936
1.9723132600011013,12.892,2.018348623853211,201.83486238532112,2602.0550458715597
1.9823744420009461,12.88,2.018348623853211,201.83486238532112,2599.633027522936
1.9924352530015312,12.884,2.018348623853211,201.83486238532112,2600.4403669724775
2.002497620000213,12.88,2.018348623853211,201.83486238532112,2599.633027522936
2.0125586730009672,12.888,2.018348623853211,201.83486238532112,2601.2477064220184
2.0226245030007703,12.876,2.018348623853211,201.83486238532112,2598.8256880733948
2.0326856470001076,12.896,2.018348623853211,201.83486238532112,2602.862385321101
2.0427469960013696,12.872,2.018348623853211,201.83486238532112,2598.0183486238534
2.0528080479998607,12.9,2.018348623853211,201.83486238532112,2603.6697247706425
2.06286886000089,12.872,2.018348623853211,201.83486238532112,2598.0183486238534
2.0729293570002483,12.896,1.834862385321101,201.83486238532112,2602.862385321101
2.08299013100077,12.868,2.018348623853211,201.83486238532112,2597.211009174312
2.093051405001461,12.896,2.018348623853211,201.83486238532112,2602.862385321101
2.103111958000227,12.868,2.018348623853211,201.83486238532112,2597.211009174312
2.1131722690006427,12.904,2.018348623853211,201.83486238532112,2604.477064220184
2.1232330620005087,12.868,2.018348623853211,201.83486238532112,2597.211009174312
2.133293169999888,12.904,2.018348623853211,183.4862385321101,2367.706422018349
2.143353167000896,12.868,2.018348623853211,201.83486238532112,2597.211009174312
2.1534144780016504,12.904,2.018348623853211,201.83486238532112,2604.477064220184
2.163474919001601,12.876,2.018348623853211,201.83486238532112,2598.8256880733948
2.1735354160009592,12.9,2.018348623853211,201.83486238532112,2603.6697247706425
2.183595468000931,12.872,2.018348623853211,201.83486238532112,2598.0183486238534
2.1936555020001833,12.892,2.018348623853211,201.83486238532112,2602.0550458715597
2.20371579499988,12.876,1.834862385321101,201.83486238532112,2598.8256880733948
2.2137765330007824,12.896,2.018348623853211,201.83486238532112,2602.862385321101
2.2238373440013675,12.872,2.018348623853211,220.1834862385321,2834.201834862385
2.2338982300007046,12.9,2.018348623853211,183.4862385321101,2366.97247706422
2.2439590230005706,12.868,2.018348623853211,183.4862385321101,2361.1009174311926
2.254019871001219,12.896,2.018348623853211,201.83486238532112,2602.862385321101
2.2640807010011486,12.88,2.018348623853211,201.83486238532112,2599.633027522936
2.274141365000105,12.896,2.018348623853211,201.83486238532112,2602.862385321101
2.284201380000013,12.876,2.018348623853211,201.83486238532112,2598.8256880733948
2.2942614690000482,12.896,2.018348623853211,201.83486238532112,2602.862385321101
2.3043215030011197,12.868,2.018348623853211,201.83486238532112,2597.211009174312
2.314381296000647,12.896,2.018348623853211,201.83486238532112,2602.862385321101
2.3244421260005765,12.872,2.018348623853211,201.83486238532112,2598.0183486238534
2.3345031410008232,12.896,2.018348623853211,201.83486238532112,2602.862385321101
2.3445634899999277,12.884,1.834862385321101,201.83486238532112,2600.4403669724775
2.3546240240011684,12.888,2.018348623853211,201.83486238532112,2601.2477064220184
2.3646848170010344,12.884,2.018348623853211,201.83486238532112,2600.4403669724775
2.3747450540013233,12.888,2.018348623853211,201.83486238532112,2601.2477064220184
2.3848052920002374,12.888,2.018348623853211,201.83486238532112,2601.2477064220184
2.39486639900133,12.884,2.018348623853211,201.83486238532112,2600.4403669724775
2.4049271550011326,12.884,2.018348623853211,201.83486238532112,2600.4403669724775
2.414987985001062,12.88,2.018348623853211,201.83486238532112,2599.633027522936
2.425048519000484,12.884,2.018348623853211,201.83486238532112,2600.4403669724775
2.4351093120003497,12.884,2.018348623853211,201.83486238532112,2600.4403669724775
2.445167827001569,12.896,2.018348623853211,183.4862385321101,2366.238532110092
2.4552281570013292,12.88,2.018348623853211,183.4862385321101,2363.302752293578
2.465289413001301,12.896,2.018348623853211,201.83486238532112,2602.862385321101
2.4753500030001305,12.88,2.018348623853211,201.83486238532112,2599.633027522936
2.4854103329998907,12.892,2.018348623853211,201.83486238532112,2602.0550458715597
2.4954717370001163,12.88,2.018348623853211,201.83486238532112,2599.633027522936
2.5055324559998553,12.884,2.018348623853211,201.83486238532112,2600.4403669724775
2.51559315600025,12.88,2.2018348623853217,201.83486238532112,2599.633027522936
2.525652745000116,12.888,2.018348623853211,183.4862385321101,2364.770642201835
2.535712835000595,12.876,2.018348623853211,201.83486238532112,2598.8256880733948
2.545772905999911,12.896,2.018348623853211,201.83486238532112,2602.862385321101
2.5558336620015325,12.872,2.018348623853211,201.83486238532112,2598.0183486238534
2.565893714001504,12.896,1.834862385321101,201.83486238532112,2602.862385321101
2.5759550070015393,12.876,2.018348623853211,201.83486238532112,2598.8256880733948
2.586016096000094,12.896,2.018348623853211,201.83486238532112,2602.862385321101
2.596076815001652,12.876,2.018348623853211,201.83486238532112,2598.8256880733948
2.606135701000312,12.896,2.018348623853211,183.4862385321101,2366.238532110092
2.616196494000178,12.868,2.018348623853211,201.83486238532112,2597.211009174312
2.626257287000044,12.904,2.018348623853211,201.83486238532112,2604.477064220184
2.636318098000629,12.868,2.018348623853211,201.83486238532112,2597.211009174312
2.646378873001595,12.904,1.834862385321101,183.4862385321101,2367.706422018349
2.656439758000488,12.872,2.018348623853211,201.83486238532112,2598.0183486238534
2.6665004220012634,12.904,2.018348623853211,201.83486238532112,2604.477064220184
2.6765614920004737,12.872,1.834862385321101,201.83486238532112,2598.0183486238534
2.6866221190011856,12.9,2.018348623853211,201.83486238532112,2603.6697247706425
2.696681819001242,12.876,2.018348623853211,201.83486238532112,2598.8256880733948
2.7067416490008327,12.892,2.018348623853211,201.83486238532112,2602.0550458715597
2.7168014050002967,12.876,2.018348623853211,201.83486238532112,2598.8256880733948
2.726862235000226,12.892,2.018348623853211,201.83486238532112,2602.0550458715597
2.7369232130004093,12.872,2.018348623853211,201.83486238532112,2598.0183486238534
2.7469839320001483,12.9,2.018348623853211,201.83486238532112,2603.6697247706425
2.7570442440010083,12.872,2.018348623853211,201.83486238532112,2598.0183486238534
2.7671044260005146,12.896,2.018348623853211,201.83486238532112,2602.862385321101
2.777164385001015,12.88,2.018348623853211,201.83486238532112,2599.633027522936
2.7872254379999504,12.896,1.834862385321101,201.83486238532112,2602.862385321101
2.7972861750004085,12.88,2.018348623853211,201.83486238532112,2599.633027522936
2.807346301000507,12.896,2.018348623853211,201.83486238532112,2602.862385321101
2.8174063170008594,12.872,2.018348623853211,220.1834862385321,2834.201834862385
2.82746627600136,12.896,2.018348623853211,183.4862385321101,2366.238532110092
2.8375262360004854,12.872,2.018348623853211,201.83486238532112,2598.0183486238534
2.8475872880007955,12.896,2.018348623853211,201.83486238532112,2602.862385321101
2.857647951001127,12.884,2.018348623853211,201.83486238532112,2600.4403669724775
2.867708596000739,12.892,2.018348623853211,201.83486238532112,2602.0550458715597
2.8777687040001183,12.884,1.834862385321101,201.83486238532112,2600.4403669724775
2.887829701001465,12.892,2.018348623853211,201.83486238532112,2602.0550458715597
2.897890438000104,12.888,2.018348623853211,201.83486238532112,2601.2477064220184
2.9079515090015775,12.884,2.018348623853211,220.1834862385321,2836.8440366972477
2.9180121350000263,12.884,2.018348623853211,201.83486238532112,2600.4403669724775
2.928072687000167,12.88,2.018348623853211,201.83486238532112,2599.633027522936
2.93813353600126,12.884,1.834862385321101,183.4862385321101,2364.0366972477063
2.948193792000893,12.884,2.018348623853211,201.83486238532112,2600.4403669724775
2.958252326001457,12.896,2.018348623853211,201.83486238532112,2602.862385321101
2.968312082000921,12.88,2.018348623853211,201.83486238532112,2599.633027522936
2.9783735040000465,12.896,2.018348623853211,201.83486238532112,2602.862385321101
2.988434649001647,12.88,2.018348623853211,183.4862385321101,2363.302752293578
2.998495294001259,12.896,2.018348623853211,201.83486238532112,2602.862385321101
3.0085560500010615,12.88,2.018348623853211,201.83486238532112,2599.633027522936
3.0186261580001883,12.888,2.018348623853211,201.83486238532112,2601.2477064220184
3.0286889870003506,12.876,2.018348623853211,201.83486238532112,2598.8256880733948
3.0387493550006184,12.888,2.018348623853211,201.83486238532112,2601.2477064220184
3.0488102400013304,12.876,2.018348623853211,201.83486238532112,2598.8256880733948
3.058871163000731,12.896,2.018348623853211,201.83486238532112,2602.862385321101
3.068932215001041,12.872,2.018348623853211,201.83486238532112,2598.0183486238534
3.0789976000014576,12.9,2.018348623853211,201.83486238532112,2603.6697247706425
3.0890584490007313,12.872,2.018348623853211,201.83486238532112,2598.0183486238534
3.0991209460007667,12.896,2.018348623853211,201.83486238532112,2602.862385321101
3.109181535000971,12.876,2.018348623853211,201.83486238532112,2598.8256880733948
3.1192423830016196,12.896,2.018348623853211,220.1834862385321,2839.4862385321103
3.1293031020013586,12.868,2.018348623853211,201.83486238532112,2597.211009174312
3.1393632290000824,12.904,2.018348623853211,201.83486238532112,2604.477064220184
3.1494243730012386,12.868,2.018348623853211,201.83486238532112,2597.211009174312
3.159485129001041,12.904,2.018348623853211,201.83486238532112,2604.477064220184
3.16954584800078,12.868,2.018348623853211,201.83486238532112,2597.211009174312
3.1796058640011324,12.904,2.018348623853211,201.83486238532112,2604.477064220184
3.1896660450001946,12.872,2.018348623853211,201.83486238532112,2598.0183486238534
3.1997258750016044,12.9,2.018348623853211,201.83486238532112,2603.6697247706425
3.2097865940013435,12.872,2.018348623853211,201.83486238532112,2598.0183486238534
3.2198473690004903,12.896,2.018348623853211,201.83486238532112,2602.862385321101
3.2299081990004197,12.872,1.834862385321101,201.83486238532112,2598.0183486238534
3.239969029000349,12.896,2.018348623853211,201.83486238532112,2602.862385321101
3.2500296920006804,12.872,2.018348623853211,201.83486238532112,2598.0183486238534
3.2600899300014134,12.9,2.018348623853211,201.83486238532112,2603.6697247706425
3.270149908001258,12.868,2.018348623853211,201.83486238532112,2597.211009174312
3.2802108120013145,12.896,2.018348623853211,201.83486238532112,2602.862385321101
3.290271253001265,12.88,1.834862385321101,201.83486238532112,2599.633027522936
3.3003316020003695,12.896,2.018348623853211,201.83486238532112,2602.862385321101
3.3103928200016526,12.88,2.018348623853211,201.83486238532112,2599.633027522936
3.320453502001328,12.896,2.018348623853211,201.83486238532112,2602.862385321101
3.3305143140005384,12.872,2.018348623853211,220.1834862385321,2834.201834862385
3.3405750330002775,12.896,2.018348623853211,201.83486238532112,2602.862385321101
3.35063578900008,12.868,1.834862385321101,201.83486238532112,2597.211009174312
3.3606963780002843,12.896,2.018348623853211,183.4862385321101,2366.238532110092
3.370757152000806,12.884,2.018348623853211,201.83486238532112,2600.4403669724775
3.3808179820007354,12.892,2.018348623853211,201.83486238532112,2602.0550458715597
3.3908781640002417,12.884,2.018348623853211,201.83486238532112,2600.4403669724775
3.400939050001398,12.892,2.018348623853211,183.4862385321101,2365.5045871559632
3.410999787000037,12.884,2.018348623853211,201.83486238532112,2600.4403669724775
3.4210604690015316,12.888,2.2018348623853217,201.83486238532112,2601.2477064220184
3.4311210949999804,12.88,2.018348623853211,183.4862385321101,2363.302752293578
3.4411814260001847,12.88,2.018348623853211,201.83486238532112,2599.633027522936
3.45124151500022,12.884,2.018348623853211,201.83486238532112,2600.4403669724775
3.4613026229999377,12.88,2.018348623853211,201.83486238532112,2599.633027522936
3.4713618790010514,12.892,2.018348623853211,183.4862385321101,2365.5045871559632
3.4814225050013192,12.876,2.018348623853211,201.83486238532112,2598.8256880733948
3.491483131001587,12.896,2.018348623853211,201.83486238532112,2602.862385321101
3.5015437020010722,12.876,2.018348623853211,201.83486238532112,2598.8256880733948
3.5116049950011075,12.892,2.018348623853211,183.4862385321101,2365.5045871559632
3.5216659730012907,12.88,2.018348623853211,201.83486238532112,2599.633027522936
3.531726877001347,12.888,2.018348623853211,201.83486238532112,2601.2477064220184
3.5417878000007477,12.876,2.018348623853211,201.83486238532112,2598.8256880733948
3.551848630000677,12.884,2.018348623853211,201.83486238532112,2600.4403669724775
3.5619087380000565,12.876,2.018348623853211,201.83486238532112,2598.8256880733948
3.57196910499988,12.896,2.018348623853211,201.83486238532112,2602.862385321101
3.5820289160001266,12.876,2.018348623853211,201.83486238532112,2598.8256880733948
3.5920900800010713,12.896,2.018348623853211,201.83486238532112,2602.862385321101
3.6021501870000066,12.876,2.018348623853211,201.83486238532112,2598.8256880733948
3.612211184001353,12.896,2.018348623853211,201.83486238532112,2602.862385321101
3.6222721620015363,12.876,2.018348623853211,201.83486238532112,2598.8256880733948
3.6323335110009793,12.896,2.018348623853211,183.4862385321101,2366.238532110092
3.6423943220015644,12.868,2.018348623853211,220.1834862385321,2833.321100917431
3.652455319001092,12.904,2.018348623853211,201.83486238532112,2604.477064220184
3.6625162230011483,12.864,2.018348623853211,201.83486238532112,2596.403669724771
3.672577164001268,12.904,2.018348623853211,201.83486238532112,2604.477064220184
3.682637309000711,12.868,2.018348623853211,183.4862385321101,2361.1009174311926
3.6926972130004287,12.904,2.018348623853211,201.83486238532112,2604.477064220184
3.702758172999893,12.872,2.018348623853211,201.83486238532112,2598.0183486238534
3.7128187990001607,12.9,2.018348623853211,201.83486238532112,2603.6697247706425
3.7228797220013803,12.872,2.018348623853211,201.83486238532112,2598.0183486238534
3.732940440000675,12.9,2.018348623853211,201.83486238532112,2603.6697247706425
3.743001288999949,12.872,2.018348623853211,201.83486238532112,2598.0183486238534
3.7530621189998783,12.9,2.018348623853211,201.83486238532112,2603.6697247706425
3.763123227001415,12.872,2.018348623853211,201.83486238532112,2598.0183486238534
3.7731840570013446,12.896,2.018348623853211,201.83486238532112,2602.862385321101
3.7832449420002376,12.872,2.018348623853211,183.4862385321101,2361.8348623853212
3.7933057170012034,12.9,2.018348623853211,201.83486238532112,2603.6697247706425
3.8033659540014924,12.876,2.018348623853211,183.4862385321101,2362.5688073394494
3.81342585800121,12.896,2.018348623853211,201.83486238532112,2602.862385321101
3.823486262001097,12.876,2.018348623853211,201.83486238532112,2598.8256880733948
3.833546240000942,12.896,2.018348623853211,201.83486238532112,2602.862385321101
3.8436069220006175,12.876,2.018348623853211,201.83486238532112,2598.8256880733948
3.8536677890006104,12.896,2.018348623853211,201.83486238532112,2602.862385321101
3.8637303410014283,12.868,2.018348623853211,201.83486238532112,2597.211009174312
3.8737911340012943,12.896,2.018348623853211,201.83486238532112,2602.862385321101
3.8838524090006104,12.88,2.018348623853211,201.83486238532112,2599.633027522936
3.8939185540002654,12.892,2.018348623853211,201.83486238532112,2602.0550458715597
3.9040000130007684,12.872,2.018348623853211,183.4862385321101,2361.8348623853212
3.9140814720012713,12.896,2.018348623853211,201.83486238532112,2602.862385321101
3.9241627090013935,12.872,2.018348623853211,201.83486238532112,2598.0183486238534
3.93424348300141,12.892,1.834862385321101,201.83486238532112,2602.0550458715597
3.9443241650005803,12.876,2.018348623853211,201.83486238532112,2598.8256880733948
3.9544055679998564,12.888,2.018348623853211,201.83486238532112,2601.2477064220184
3.964487156999894,12.88,2.018348623853211,201.83486238532112,2599.633027522936
3.9745683390010527,12.88,2.018348623853211,201.83486238532112,2599.633027522936
3.9846486679998634,12.884,2.018348623853211,201.83486238532112,2600.4403669724775
3.9947411640005157,12.88,2.018348623853211,201.83486238532112,2599.633027522936
4.0048249940009555,12.884,2.018348623853211,201.83486238532112,2600.4403669724775
4.01493200799996,12.884,2.018348623853211,201.83486238532112,2600.4403669724775
4.025018727001225,12.884,2.018348623853211,201.83486238532112,2600.4403669724775
4.035105186001601,12.888,1.834862385321101,201.83486238532112,2601.2477064220184
4.045187960000476,12.876,1.834862385321101,201.83486238532112,2598.8256880733948
4.055269530001169,12.888,2.018348623853211,201.83486238532112,2601.2477064220184
4.065350952001609,12.88,2.018348623853211,201.83486238532112,2599.633027522936
4.075432097000885,12.888,1.834862385321101,201.83486238532112,2601.2477064220184
4.085513426000034,12.888,2.018348623853211,201.83486238532112,2601.2477064220184
4.095683328001542,12.876,1.834862385321101,201.83486238532112,2598.8256880733948
4.1057606580016,12.892,2.018348623853211,183.4862385321101,2365.5045871559632
4.115837765000833,12.876,2.018348623853211,201.83486238532112,2598.8256880733948
4.1259147620003205,12.892,2.018348623853211,201.83486238532112,2602.0550458715597
4.135991462000675,12.88,2.018348623853211,201.83486238532112,2599.633027522936
4.146067977000712,12.892,2.018348623853211,201.83486238532112,2602.0550458715597
4.156145066001045,12.872,2.018348623853211,201.83486238532112,2598.0183486238534
4.166222303001632,12.892,1.834862385321101,183.4862385321101,2365.5045871559632
4.176298744001542,12.868,2.2018348623853217,201.83486238532112,2597.211009174312
4.186375777000649,12.896,2.018348623853211,201.83486238532112,2602.862385321101
4.196453366001151,12.868,2.018348623853211,201.83486238532112,2597.211009174312
4.206533696000406,12.9,2.018348623853211,183.4862385321101,2366.97247706422
4.216617155001586,12.868,2.018348623853211,201.83486238532112,2597.211009174312
4.226698521000799,12.9,2.018348623853211,201.83486238532112,2603.6697247706425
4.236781370000244,12.868,2.018348623853211,201.83486238532112,2597.211009174312
4.2468624580014875,12.892,2.018348623853211,201.83486238532112,2602.0550458715597
4.256945214001462,12.876,2.018348623853211,201.83486238532112,2598.8256880733948
4.267026340001394,12.888,1.834862385321101,201.83486238532112,2601.2477064220184
4.277107521000289,12.876,2.018348623853211,201.83486238532112,2598.8256880733948
4.2871889250000095,12.892,2.018348623853211,201.83486238532112,2602.0550458715597
4.297282236000683,12.872,2.2018348623853217,201.83486238532112,2598.0183486238534
4.307363528001588,12.9,2.018348623853211,183.4862385321101,2366.97247706422
4.317444784001054,12.864,2.018348623853211,201.83486238532112,2596.403669724771
4.3275257800014515,12.904,1.834862385321101,201.83486238532112,2604.477064220184
4.337606851000601,12.864,2.018348623853211,201.83486238532112,2596.403669724771
4.347687810000934,12.9,2.018348623853211,201.83486238532112,2603.6697247706425
4.357769047001057,12.864,2.018348623853211,183.4862385321101,2360.3669724770643
4.367850284001179,12.896,1.834862385321101,201.83486238532112,2602.862385321101
4.377930873000878,12.868,1.834862385321101,201.83486238532112,2597.211009174312
4.388012091001656,12.892,2.018348623853211,201.83486238532112,2602.0550458715597
4.398118809000152,12.872,2.018348623853211,201.83486238532112,2598.0183486238534
4.4082004350002535,12.896,1.834862385321101,201.83486238532112,2602.862385321101
4.41828119100137,12.872,2.018348623853211,201.83486238532112,2598.0183486238534
4.428362372000265,12.896,2.018348623853211,201.83486238532112,2602.862385321101
4.438443683000514,12.868,2.018348623853211,201.83486238532112,2597.211009174312
4.448526939000658,12.896,2.018348623853211,220.1834862385321,2839.4862385321103
4.458607824000865,12.868,2.018348623853211,201.83486238532112,2597.211009174312
4.468690616000458,12.892,2.018348623853211,201.83486238532112,2602.0550458715597
4.478770687001088,12.876,2.018348623853211,201.83486238532112,2598.8256880733948
4.488850739000554,12.884,2.018348623853211,201.83486238532112,2600.4403669724775
4.49894134600072,12.876,2.018348623853211,201.83486238532112,2598.8256880733948
4.509018841999932,12.888,2.018348623853211,201.83486238532112,2601.2477064220184
4.5190945049998845,12.88,2.018348623853211,201.83486238532112,2599.633027522936
4.529173316001106,12.892,2.018348623853211,201.83486238532112,2602.0550458715597
4.539249757001016,12.876,2.018348623853211,201.83486238532112,2598.8256880733948
4.549327809001625,12.896,2.018348623853211,201.83486238532112,2602.862385321101
4.559404954001366,12.876,2.018348623853211,201.83486238532112,2598.8256880733948
4.569483357001445,12.884,2.018348623853211,201.83486238532112,2600.4403669724775
4.579559872001482,12.88,2.018348623853211,183.4862385321101,2363.302752293578
4.589632461000292,12.876,2.018348623853211,183.4862385321101,2362.5688073394494
4.599716919999992,12.884,1.834862385321101,201.83486238532112,2600.4403669724775
4.609798269000748,12.876,2.018348623853211,201.83486238532112,2598.8256880733948
4.619879135001611,12.888,2.018348623853211,201.83486238532112,2601.2477064220184
4.629960465001204,12.88,1.834862385321101,183.4862385321101,2363.302752293578
4.640041443000882,12.884,2.018348623853211,201.83486238532112,2600.4403669724775
4.650118475999989,12.88,2.018348623853211,201.83486238532112,2599.633027522936
4.660199564999857,12.884,2.018348623853211,201.83486238532112,2600.4403669724775
4.670280691001608,12.88,2.2018348623853217,201.83486238532112,2599.633027522936
4.680361669001286,12.884,1.834862385321101,183.4862385321101,2364.0366972477063
4.690443665000203,12.88,2.018348623853211,201.83486238532112,2599.633027522936
4.700524754000071,12.892,2.018348623853211,183.4862385321101,2365.5045871559632
4.710604676000003,12.872,2.2018348623853217,201.83486238532112,2598.0183486238534
4.720687505001479,12.896,1.834862385321101,201.83486238532112,2602.862385321101
4.730769039000734,12.868,2.018348623853211,183.4862385321101,2361.1009174311926
4.740851813001427,12.896,2.018348623853211,201.83486238532112,2602.862385321101
4.750931865000894,12.872,1.834862385321101,201.83486238532112,2598.0183486238534
4.761013119999916,12.888,2.018348623853211,201.83486238532112,2601.2477064220184
4.7710927090010955,12.876,2.018348623853211,201.83486238532112,2598.8256880733948
4.781173631001366,12.884,2.018348623853211,201.83486238532112,2600.4403669724775
4.791254479001509,12.876,2.018348623853211,201.83486238532112,2598.8256880733948
4.801334920000954,12.892,2.018348623853211,201.83486238532112,2602.0550458715597
4.811415398000463,12.876,2.018348623853211,201.83486238532112,2598.8256880733948
4.8214955420007755,12.896,2.018348623853211,201.83486238532112,2602.862385321101
4.83157539000058,12.868,2.018348623853211,201.83486238532112,2597.211009174312
4.84165668300011,12.9,2.018348623853211,201.83486238532112,2603.6697247706425
4.8517375310002535,12.868,2.018348623853211,201.83486238532112,2597.211009174312
4.861818490000587,12.9,2.018348623853211,183.4862385321101,2366.97247706422
4.871899412000857,12.868,1.834862385321101,201.83486238532112,2597.211009174312
4.88198124200062,12.896,2.018348623853211,201.83486238532112,2602.862385321101
4.892062072000044,12.868,2.018348623853211,201.83486238532112,2597.211009174312
4.90213912299987,12.896,2.018348623853211,201.83486238532112,2602.862385321101
4.912216731001536,12.868,2.018348623853211,201.83486238532112,2597.211009174312
4.9222933380006,12.9,2.018348623853211,201.83486238532112,2603.6697247706425
4.932369834999918,12.868,2.018348623853211,201.83486238532112,2597.211009174312
4.942445368000335,12.9,2.018348623853211,201.83486238532112,2603.6697247706425
4.952521142000478,12.872,2.018348623853211,201.83486238532112,2598.0183486238534
4.96259678700153,12.896,2.018348623853211,201.83486238532112,2602.862385321101
4.972672505000446,12.876,2.018348623853211,201.83486238532112,2598.8256880733948
4.982749187000081,12.884,2.018348623853211,201.83486238532112,2600.4403669724775
4.992827294001472,12.876,2.018348623853211,201.83486238532112,2598.8256880733948
5.002900994000811,12.892,2.018348623853211,201.83486238532112,2602.0550458715597
5.012983268001335,12.876,2.018348623853211,201.83486238532112,2598.8256880733948
5.023068172000421,12.892,2.018348623853211,201.83486238532112,2602.0550458715597
5.033149964001495,12.876,1.834862385321101,201.83486238532112,2598.8256880733948
5.043231331001152,12.896,2.018348623853211,201.83486238532112,2602.862385321101
5.053317661000619,12.872,2.018348623853211,201.83486238532112,2598.0183486238534
5.063399749000382,12.896,2.018348623853211,201.83486238532112,2602.862385321101
5.073481505000018,12.872,2.018348623853211,201.83486238532112,2598.0183486238534
5.083562946001621,12.896,2.018348623853211,201.83486238532112,2602.862385321101
5.09364344200003,12.88,2.018348623853211,183.4862385321101,2363.302752293578
5.1038118619999295,12.884,2.018348623853211,201.83486238532112,2600.4403669724775
5.113889359001405,12.884,2.018348623853211,183.4862385321101,2364.0366972477063
5.123966374001611,12.884,2.018348623853211,201.83486238532112,2600.4403669724775
5.134041407000041,12.884,1.834862385321101,201.83486238532112,2600.4403669724775
5.144117181000183,12.888,2.018348623853211,201.83486238532112,2601.2477064220184
5.154193992000728,12.884,2.2018348623853217,201.83486238532112,2600.4403669724775
5.164270581000892,12.884,1.834862385321101,201.83486238532112,2600.4403669724775
5.174346503999914,12.884,1.834862385321101,201.83486238532112,2600.4403669724775
5.1844232410003315,12.88,2.2018348623853217,201.83486238532112,2599.633027522936
5.194498663000559,12.888,2.018348623853211,201.83486238532112,2601.2477064220184
5.204573419001463,12.876,2.018348623853211,201.83486238532112,2598.8256880733948
5.2146539889999985,12.892,2.018348623853211,201.83486238532112,2602.0550458715597
5.224734189001538,12.876,2.018348623853211,201.83486238532112,2598.8256880733948
5.234815592000814,12.892,2.018348623853211,201.83486238532112,2602.0550458715597
5.244898144001127,12.876,2.018348623853211,201.83486238532112,2598.8256880733948
5.25497838100091,12.888,2.018348623853211,201.83486238532112,2601.2477064220184
5.265060989000631,12.88,2.018348623853211,201.83486238532112,2599.633027522936
5.275142374001007,12.884,2.018348623853211,201.83486238532112,2600.4403669724775
5.285223259001214,12.88,2.018348623853211,201.83486238532112,2599.633027522936
5.295303644001251,12.884,2.018348623853211,183.4862385321101,2364.0366972477063
5.305396196001311,12.88,2.018348623853211,201.83486238532112,2599.633027522936
5.315477099000418,12.892,2.018348623853211,201.83486238532112,2602.0550458715597
5.32555822500035,12.872,2.018348623853211,201.83486238532112,2598.0183486238534
5.335638647000451,12.896,2.018348623853211,201.83486238532112,2602.862385321101
5.345719681001356,12.868,2.018348623853211,201.83486238532112,2597.211009174312
5.355800455001372,12.896,2.018348623853211,201.83486238532112,2602.862385321101
5.36588154400124,12.868,2.018348623853211,201.83486238532112,2597.211009174312
5.375962336000157,12.896,2.018348623853211,201.83486238532112,2602.862385321101
5.386043221000364,12.868,2.018348623853211,201.83486238532112,2597.211009174312
5.396124495000549,12.892,2.018348623853211,183.4862385321101,2365.5045871559632
5.40622889900078,12.872,2.018348623853211,201.83486238532112,2598.0183486238534
5.416309395001008,12.896,2.018348623853211,201.83486238532112,2602.862385321101
5.42639063200113,12.872,2.018348623853211,201.83486238532112,2598.0183486238534
5.436473313000533,12.9,2.018348623853211,201.83486238532112,2603.6697247706425
5.446554180000021,12.864,2.018348623853211,201.83486238532112,2596.403669724771
5.456636546001391,12.9,2.018348623853211,183.4862385321101,2366.97247706422
5.466717061000963,12.864,2.018348623853211,201.83486238532112,2596.403669724771
5.476797983001234,12.896,2.018348623853211,201.83486238532112,2602.862385321101
5.486877646000721,12.868,2.018348623853211,201.83486238532112,2597.211009174312
5.49695993900059,12.888,2.018348623853211,201.83486238532112,2601.2477064220184
5.507066009000482,12.872,1.834862385321101,183.4862385321101,2361.8348623853212
5.517143172000942,12.892,2.018348623853211,183.4862385321101,2365.5045871559632
5.52722487200117,12.872,2.018348623853211,201.83486238532112,2598.0183486238534
5.537305516001652,12.896,2.018348623853211,201.83486238532112,2602.862385321101
5.547386438000103,12.872,2.018348623853211,201.83486238532112,2598.0183486238534
5.557467342001473,12.9,2.018348623853211,201.83486238532112,2603.6697247706425
5.5675481720008975,12.868,2.018348623853211,201.83486238532112,2597.211009174312
5.577629335000893,12.9,2.018348623853211,201.83486238532112,2603.6697247706425
5.587709960000211,12.864,2.018348623853211,201.83486238532112,2596.403669724771
5.597791197000333,12.9,2.018348623853211,201.83486238532112,2603.6697247706425
5.607881249001366,12.872,2.018348623853211,183.4862385321101,2361.8348623853212
5.61795783800153,12.888,2.018348623853211,201.83486238532112,2601.2477064220184
5.628033464001419,12.876,2.018348623853211,201.83486238532112,2598.8256880733948
5.638109960000293,12.888,2.018348623853211,201.83486238532112,2601.2477064220184
5.648186604999864,12.876,2.018348623853211,183.4862385321101,2362.5688073394494
5.658263249000811,12.896,2.018348623853211,201.83486238532112,2602.862385321101
5.668339042000298,12.876,2.018348623853211,201.83486238532112,2598.8256880733948
5.678411631000927,12.888,2.018348623853211,201.83486238532112,2601.2477064220184
5.688487405001069,12.876,2.018348623853211,201.83486238532112,2598.8256880733948
5.6985638460009795,12.88,2.018348623853211,201.83486238532112,2599.633027522936
5.70864962000087,12.88,1.834862385321101,183.4862385321101,2363.302752293578
5.71873174600114,12.892,2.018348623853211,201.83486238532112,2602.0550458715597
5.7288146120008605,12.884,1.834862385321101,201.83486238532112,2600.4403669724775
5.738895627000602,12.876,2.018348623853211,183.4862385321101,2362.5688073394494
5.748975920001612,12.888,2.018348623853211,201.83486238532112,2601.2477064220184
5.75905571200019,12.88,2.018348623853211,201.83486238532112,2599.633027522936
5.769136431001243,12.884,2.018348623853211,201.83486238532112,2600.4403669724775
5.77921733400035,12.884,2.018348623853211,201.83486238532112,2600.4403669724775
5.7892984230002185,12.88,2.018348623853211,201.83486238532112,2599.633027522936
5.799379456000679,12.884,1.834862385321101,201.83486238532112,2600.4403669724775
5.809466971000802,12.88,2.018348623853211,201.83486238532112,2599.633027522936
5.819548301000395,12.88,2.018348623853211,201.83486238532112,2599.633027522936
5.8296281490002,12.888,2.018348623853211,183.4862385321101,2364.770642201835
5.839707460001591,12.872,2.018348623853211,201.83486238532112,2598.0183486238534
5.849788270999852,12.896,2.018348623853211,201.83486238532112,2602.862385321101
5.85986948900063,12.868,2.018348623853211,201.83486238532112,2597.211009174312
5.869950097001492,12.896,2.018348623853211,201.83486238532112,2602.862385321101
5.880030297001213,12.868,2.018348623853211,201.83486238532112,2597.211009174312
5.890111071001229,12.892,2.018348623853211,183.4862385321101,2365.5045871559632
5.900191900000209,12.868,2.018348623853211,201.83486238532112,2597.211009174312
5.910280804000649,12.892,2.018348623853211,201.83486238532112,2602.0550458715597
5.920361615000729,12.872,2.018348623853211,201.83486238532112,2598.0183486238534
5.930443389001084,12.896,2.018348623853211,183.4862385321101,2366.238532110092
5.940526626000064,12.872,2.018348623853211,201.83486238532112,2598.0183486238534
5.950605881000229,12.896,2.018348623853211,183.4862385321101,2366.238532110092
5.960686377000457,12.864,2.018348623853211,201.83486238532112,2596.403669724771
5.970766874001129,12.9,2.018348623853211,201.83486238532112,2603.6697247706425
5.9808474620003835,12.868,2.018348623853211,201.83486238532112,2597.211009174312
5.9909282740009075,12.896,2.018348623853211,201.83486238532112,2602.862385321101
6.001010381000015,12.872,1.834862385321101,201.83486238532112,2598.0183486238534
6.011114636001366,12.892,2.018348623853211,201.83486238532112,2602.0550458715597
6.021199447000981,12.872,2.018348623853211,201.83486238532112,2598.0183486238534
6.031276110001272,12.892,2.018348623853211,183.4862385321101,2365.5045871559632
6.041356921001352,12.872,2.018348623853211,201.83486238532112,2598.0183486238534
6.051438325001072,12.9,2.018348623853211,201.83486238532112,2603.6697247706425
6.061519173001216,12.872,1.834862385321101,201.83486238532112,2598.0183486238534
6.071604650000154,12.904,2.018348623853211,201.83486238532112,2604.477064220184
6.081685054001355,12.864,1.834862385321101,201.83486238532112,2596.403669724771
6.091766458001075,12.9,2.018348623853211,201.83486238532112,2603.6697247706425
6.10184693500014,12.86,2.018348623853211,201.83486238532112,2595.5963302752293
6.112007375000758,12.9,2.018348623853211,201.83486238532112,2603.6697247706425
6.122085037000943,12.872,2.018348623853211,201.83486238532112,2598.0183486238534
6.132162052001149,12.892,2.018348623853211,201.83486238532112,2602.0550458715597
6.142239604001588,12.872,1.834862385321101,201.83486238532112,2598.0183486238534
6.152316749001329,12.896,1.834862385321101,201.83486238532112,2602.862385321101
6.1623935229999915,12.876,2.018348623853211,201.83486238532112,2598.8256880733948
6.1724699630012765,12.9,2.018348623853211,183.4862385321101,2366.97247706422
6.182545367000785,12.872,2.018348623853211,201.83486238532112,2598.0183486238534
6.192620308000187,12.896,2.018348623853211,201.83486238532112,2602.862385321101
6.20269608200033,12.872,2.018348623853211,201.83486238532112,2598.0183486238534
6.212782226000854,12.888,2.2018348623853217,201.83486238532112,2601.2477064220184
6.222863186001632,12.876,2.018348623853211,201.83486238532112,2598.8256880733948
6.232943978000549,12.896,2.018348623853211,183.4862385321101,2366.238532110092
6.243024493000121,12.88,2.018348623853211,201.83486238532112,2599.633027522936
6.253105248000793,12.884,2.018348623853211,201.83486238532112,2600.4403669724775
6.263186171001507,12.88,2.018348623853211,201.83486238532112,2599.633027522936
6.273266796000826,12.884,2.018348623853211,183.4862385321101,2364.0366972477063
6.283347126000081,12.876,2.018348623853211,201.83486238532112,2598.8256880733948
6.2934269000015775,12.888,2.018348623853211,201.83486238532112,2601.2477064220184
6.3035067670007265,12.876,2.018348623853211,201.83486238532112,2598.8256880733948
6.313597003001632,12.888,2.018348623853211,220.1834862385321,2837.7247706422017
6.323677944001247,12.88,2.018348623853211,201.83486238532112,2599.633027522936
6.333759181001369,12.888,2.018348623853211,201.83486238532112,2601.2477064220184
6.343840659001216,12.884,2.018348623853211,201.83486238532112,2600.4403669724775
6.353920840001592,12.876,2.2018348623853217,201.83486238532112,2598.8256880733948
6.364001318001101,12.888,2.018348623853211,201.83486238532112,2601.2477064220184
6.374082407000969,12.876,2.2018348623853217,201.83486238532112,2598.8256880733948
6.384163533000901,12.888,2.018348623853211,201.83486238532112,2601.2477064220184
6.3942441400013195,12.872,2.018348623853211,201.83486238532112,2598.0183486238534
6.404324914001336,12.888,2.018348623853211,201.83486238532112,2601.2477064220184
6.41443070600144,12.876,2.018348623853211,183.4862385321101,2362.5688073394494
6.42451138800061,12.888,2.018348623853211,201.83486238532112,2601.2477064220184
6.434591217001071,12.88,2.018348623853211,183.4862385321101,2363.302752293578
6.444673175999924,12.888,1.834862385321101,201.83486238532112,2601.2477064220184
6.454753580001125,12.88,2.018348623853211,201.83486238532112,2599.633027522936
6.464836298000591,12.896,2.018348623853211,183.4862385321101,2366.238532110092
6.474917035000544,12.868,1.834862385321101,201.83486238532112,2597.211009174312
6.4849975500001165,12.896,2.018348623853211,201.83486238532112,2602.862385321101
6.495078009000281,12.868,2.018348623853211,201.83486238532112,2597.211009174312
6.50515859799998,12.892,2.018348623853211,201.83486238532112,2602.0550458715597
6.515263650000634,12.872,2.018348623853211,201.83486238532112,2598.0183486238534
6.52534322000065,12.892,1.834862385321101,201.83486238532112,2602.0550458715597
6.535423475001153,12.876,2.018348623853211,201.83486238532112,2598.8256880733948
6.545505009000408,12.892,2.018348623853211,201.83486238532112,2602.0550458715597
6.55558563500017,12.876,2.018348623853211,201.83486238532112,2598.8256880733948
6.565666038000927,12.896,2.018348623853211,201.83486238532112,2602.862385321101
6.57574594200014,12.872,2.018348623853211,201.83486238532112,2598.0183486238534
6.585826623000685,12.9,2.018348623853211,201.83486238532112,2603.6697247706425
6.5959075080008915,12.86,2.018348623853211,201.83486238532112,2595.5963302752293
6.605988134000654,12.904,2.018348623853211,201.83486238532112,2604.477064220184
6.616077927001243,12.86,2.018348623853211,201.83486238532112,2595.5963302752293
6.626154497000243,12.896,2.018348623853211,201.83486238532112,2602.862385321101
6.636227605000386,12.868,2.018348623853211,201.83486238532112,2597.211009174312
6.646303768000507,12.896,2.018348623853211,183.4862385321101,2366.238532110092
6.656379875001221,12.868,2.018348623853211,201.83486238532112,2597.211009174312
6.666456371000095,12.896,2.018348623853211,201.83486238532112,2602.862385321101
6.676534016000005,12.868,2.018348623853211,201.83486238532112,2597.211009174312
6.686610697001015,12.9,2.018348623853211,201.83486238532112,2603.6697247706425
6.6966859710009885,12.868,2.018348623853211,201.83486238532112,2597.211009174312
6.706761931000074,12.896,2.018348623853211,201.83486238532112,2602.862385321101
6.716848871001275,12.868,2.018348623853211,183.4862385321101,2361.1009174311926
6.7269306640009745,12.896,2.018348623853211,201.83486238532112,2602.862385321101
6.737012956000399,12.872,1.834862385321101,201.83486238532112,2598.0183486238534
6.747093470999971,12.888,2.018348623853211,201.83486238532112,2601.2477064220184
6.757174689000749,12.876,1.834862385321101,201.83486238532112,2598.8256880733948
6.767255093000131,12.884,2.018348623853211,201.83486238532112,2600.4403669724775
6.777334645001247,12.876,2.018348623853211,201.83486238532112,2598.8256880733948
6.787414604001242,12.892,2.018348623853211,201.83486238532112,2602.0550458715597
6.797495878001428,12.872,2.018348623853211,201.83486238532112,2598.0183486238534
6.807576819001042,12.896,2.018348623853211,201.83486238532112,2602.862385321101
6.817669444000785,12.868,2.018348623853211,201.83486238532112,2597.211009174312
6.8277499780015205,12.896,2.018348623853211,201.83486238532112,2602.862385321101
6.837831233000543,12.872,2.018348623853211,201.83486238532112,2598.0183486238534
6.847912303001067,12.896,2.018348623853211,201.83486238532112,2602.862385321101
6.857993540001189,12.876,1.834862385321101,183.4862385321101,2362.5688073394494
6.868074796000656,12.88,2.018348623853211,201.83486238532112,2599.633027522936
6.878156107000905,12.884,2.018348623853211,201.83486238532112,2600.4403669724775
6.888236918000985,12.88,2.018348623853211,201.83486238532112,2599.633027522936
6.898318118001043,12.884,2.018348623853211,201.83486238532112,2600.4403669724775
6.908423595001295,12.88,2.018348623853211,201.83486238532112,2599.633027522936
6.9185136090000015,12.884,2.018348623853211,201.83486238532112,2600.4403669724775
6.9285965870003565,12.88,2.2018348623853217,201.83486238532112,2599.633027522936
6.938677750000352,12.88,2.018348623853211,201.83486238532112,2599.633027522936
6.948759302000326,12.884,2.018348623853211,201.83486238532112,2600.4403669724775
6.958839076000004,12.884,2.018348623853211,201.83486238532112,2600.4403669724775
6.968921739000507,12.884,2.018348623853211,201.83486238532112,2600.4403669724775
6.979002290001517,12.892,2.018348623853211,201.83486238532112,2602.0550458715597
6.989085193999927,12.876,2.018348623853211,201.83486238532112,2598.8256880733948
6.9991659309998795,12.888,2.018348623853211,201.83486238532112,2601.2477064220184
7.009247482999854,12.872,2.018348623853211,201.83486238532112,2598.0183486238534
7.019376145000933,12.884,2.018348623853211,201.83486238532112,2600.4403669724775
7.029458530001648,12.88,2.018348623853211,183.4862385321101,2363.302752293578
7.039538859000459,12.888,2.018348623853211,201.83486238532112,2601.2477064220184
7.049616652000623,12.88,2.018348623853211,183.4862385321101,2363.302752293578
7.059697685001083,12.888,2.018348623853211,201.83486238532112,2601.2477064220184
7.069779163000931,12.88,2.018348623853211,201.83486238532112,2599.633027522936
7.079861437001455,12.892,2.018348623853211,201.83486238532112,2602.0550458715597
7.089944822000689,12.88,2.018348623853211,201.83486238532112,2599.633027522936
7.100026133000938,12.896,2.018348623853211,201.83486238532112,2602.862385321101
7.110107833001166,12.864,2.018348623853211,201.83486238532112,2596.403669724771
7.120271550000325,12.896,2.018348623853211,201.83486238532112,2602.862385321101
7.130348972001229,12.864,2.018348623853211,201.83486238532112,2596.403669724771
7.140425616000357,12.896,2.018348623853211,201.83486238532112,2602.862385321101
7.150502131000394,12.872,2.018348623853211,201.83486238532112,2598.0183486238534
7.160579979001341,12.896,2.018348623853211,201.83486238532112,2602.862385321101
7.170655863999855,12.872,2.018348623853211,201.83486238532112,2598.0183486238534
7.180731046000801,12.896,2.018348623853211,201.83486238532112,2602.862385321101
7.190806283000711,12.868,2.018348623853211,201.83486238532112,2597.211009174312
7.200881501999902,12.9,2.018348623853211,201.83486238532112,2603.6697247706425
7.21095823900032,12.868,2.018348623853211,201.83486238532112,2597.211009174312
7.2210463830015215,12.896,2.018348623853211,201.83486238532112,2602.862385321101
7.231126527000015,12.864,2.018348623853211,201.83486238532112,2596.403669724771
7.241207338000095,12.9,2.018348623853211,201.83486238532112,2603.6697247706425
7.2512882230003015,12.868,2.018348623853211,201.83486238532112,2597.211009174312
7.2613681640013965,12.9,2.018348623853211,201.83486238532112,2603.6697247706425
7.271449122999911,12.876,2.018348623853211,201.83486238532112,2598.8256880733948
7.281529527001112,12.892,2.018348623853211,201.83486238532112,2602.0550458715597
7.29161013400153,12.876,2.018348623853211,201.83486238532112,2598.8256880733948
7.301690556001631,12.892,1.834862385321101,183.4862385321101,2365.5045871559632
7.311770664000505,12.868,2.018348623853211,201.83486238532112,2597.211009174312
7.321861567001179,12.9,2.018348623853211,201.83486238532112,2603.6697247706425
7.331942434000666,12.864,1.834862385321101,201.83486238532112,2596.403669724771
7.342022967000958,12.9,2.018348623853211,183.4862385321101,2366.97247706422
7.352103037001143,12.868,2.018348623853211,201.83486238532112,2597.211009174312
7.362182996001138,12.9,2.018348623853211,201.83486238532112,2603.6697247706425
7.372262474000308,12.876,1.834862385321101,201.83486238532112,2598.8256880733948
7.382341878001171,12.888,2.018348623853211,201.83486238532112,2601.2477064220184
7.39242441100032,12.88,2.018348623853211,201.83486238532112,2599.633027522936
7.402504962999956,12.884,2.018348623853211,201.83486238532112,2600.4403669724775
7.412587107000945,12.88,2.018348623853211,201.83486238532112,2599.633027522936
7.422694177001176,12.884,2.018348623853211,201.83486238532112,2600.4403669724775
7.432775283999945,12.88,2.018348623853211,201.83486238532112,2599.633027522936
7.442855373001294,12.888,2.018348623853211,201.83486238532112,2601.2477064220184
7.452937592001035,12.88,1.834862385321101,183.4862385321101,2363.302752293578
7.463018143000227,12.892,2.018348623853211,201.83486238532112,2602.0550458715597
7.473098010001195,12.884,2.018348623853211,201.83486238532112,2600.4403669724775
7.483178136000788,12.888,2.018348623853211,201.83486238532112,2601.2477064220184
7.49325744700036,12.888,2.018348623853211,201.83486238532112,2601.2477064220184
7.503336850000778,12.88,2.018348623853211,183.4862385321101,2363.302752293578
7.513417902000583,12.884,2.018348623853211,201.83486238532112,2600.4403669724775
7.523524916001406,12.876,2.018348623853211,201.83486238532112,2598.8256880733948
7.533605209000598,12.884,2.018348623853211,201.83486238532112,2600.4403669724775
7.543686039000022,12.88,2.018348623853211,201.83486238532112,2599.633027522936
7.553766072000144,12.884,2.018348623853211,183.4862385321101,2364.0366972477063
7.563843124000414,12.88,2.018348623853211,201.83486238532112,2599.633027522936
7.5739241750015935,12.884,2.018348623853211,201.83486238532112,2600.4403669724775
7.584004672000447,12.88,2.018348623853211,201.83486238532112,2599.633027522936
7.5940852600015205,12.888,2.018348623853211,183.4862385321101,2364.770642201835
7.60416584900122,12.88,2.018348623853211,201.83486238532112,2599.633027522936
7.614245290000326,12.896,2.018348623853211,201.83486238532112,2602.862385321101
7.624335916001655,12.864,2.018348623853211,201.83486238532112,2596.403669724771
7.634412708001037,12.896,1.834862385321101,201.83486238532112,2602.862385321101
7.644490149001285,12.868,2.018348623853211,201.83486238532112,2597.211009174312
7.654566090001026,12.896,2.018348623853211,201.83486238532112,2602.862385321101
7.664641864001169,12.872,2.018348623853211,201.83486238532112,2598.0183486238534
7.674717879001037,12.892,2.018348623853211,201.83486238532112,2602.0550458715597
7.684793338001327,12.872,2.018348623853211,201.83486238532112,2598.0183486238534
7.69486839000092,12.896,2.018348623853211,201.83486238532112,2602.862385321101
7.7049459790014225,12.868,2.018348623853211,201.83486238532112,2597.211009174312
7.715021901,12.896,1.834862385321101,201.83486238532112,2602.862385321101
7.725095155999952,12.868,2.018348623853211,201.83486238532112,2597.211009174312
7.735176153000793,12.892,2.018348623853211,201.83486238532112,2602.0550458715597
7.745256019001317,12.864,1.834862385321101,201.83486238532112,2596.403669724771
7.755335460000424,12.9,2.018348623853211,201.83486238532112,2603.6697247706425
7.765415845000462,12.868,2.018348623853211,201.83486238532112,2597.211009174312
7.77549573000033,12.896,2.018348623853211,201.83486238532112,2602.862385321101
7.785575726000388,12.872,2.018348623853211,201.83486238532112,2598.0183486238534
7.795655315001568,12.892,2.018348623853211,201.83486238532112,2602.0550458715597
7.805735052001182,12.872,2.018348623853211,201.83486238532112,2598.0183486238534
7.81581530800031,12.896,2.018348623853211,201.83486238532112,2602.862385321101
7.825904433000687,12.864,1.834862385321101,201.83486238532112,2596.403669724771
7.835984985000323,12.9,2.018348623853211,201.83486238532112,2603.6697247706425
7.846065463001651,12.86,2.018348623853211,201.83486238532112,2595.5963302752293
7.8561457180003345,12.9,1.834862385321101,220.1834862385321,2840.3669724770643
7.866226122001535,12.864,2.018348623853211,201.83486238532112,2596.403669724771
7.876306062000367,12.9,2.018348623853211,201.83486238532112,2603.6697247706425
7.886382262000552,12.872,2.018348623853211,183.4862385321101,2361.8348623853212
7.896465240000907,12.892,2.018348623853211,183.4862385321101,2365.5045871559632
7.906545921001452,12.876,2.018348623853211,201.83486238532112,2598.8256880733948
7.916627973001596,12.892,2.018348623853211,201.83486238532112,2602.0550458715597
7.926716358000704,12.876,2.018348623853211,201.83486238532112,2598.8256880733948
7.936797076001312,12.884,2.2018348623853217,201.83486238532112,2600.4403669724775
7.94687685000099,12.876,2.018348623853211,201.83486238532112,2598.8256880733948
7.956964624001557,12.892,1.834862385321101,201.83486238532112,2602.0550458715597
7.967044732000431,12.872,2.018348623853211,201.83486238532112,2598.0183486238534
7.977126950001548,12.892,2.018348623853211,201.83486238532112,2602.0550458715597
7.98720820500057,12.88,2.018348623853211,201.83486238532112,2599.633027522936
7.9972892940004385,12.892,2.018348623853211,201.83486238532112,2602.0550458715597
8.007369994000328,12.88,2.018348623853211,201.83486238532112,2599.633027522936
8.017463231000875,12.88,2.018348623853211,183.4862385321101,2363.302752293578
8.027630762000626,12.88,2.018348623853211,201.83486238532112,2599.633027522936
8.037708592000854,12.884,2.018348623853211,201.83486238532112,2600.4403669724775
8.047785311000553,12.88,2.018348623853211,201.83486238532112,2599.633027522936
8.057862844001647,12.888,2.018348623853211,201.83486238532112,2601.2477064220184
8.067939451000711,12.88,2.018348623853211,201.83486238532112,2599.633027522936
8.078011114001129,12.888,2.018348623853211,201.83486238532112,2601.2477064220184
8.088086018000467,12.884,2.018348623853211,201.83486238532112,2600.4403669724775
8.09816262500135,12.88,2.018348623853211,201.83486238532112,2599.633027522936
8.108238696000626,12.888,2.018348623853211,201.83486238532112,2601.2477064220184
8.118317451000621,12.876,2.018348623853211,201.83486238532112,2598.8256880733948
8.128515464000884,12.892,2.018348623853211,201.83486238532112,2602.0550458715597
8.138597423001556,12.868,2.018348623853211,201.83486238532112,2597.211009174312
8.148683530000199,12.892,2.018348623853211,201.83486238532112,2602.0550458715597
8.158764860001611,12.872,2.018348623853211,201.83486238532112,2598.0183486238534
8.16885407800146,12.892,2.018348623853211,201.83486238532112,2602.0550458715597
8.17893440700027,12.876,2.018348623853211,201.83486238532112,2598.8256880733948
8.189015033000032,12.892,2.018348623853211,201.83486238532112,2602.0550458715597
8.199095455000133,12.88,2.018348623853211,201.83486238532112,2599.633027522936
8.20917584000017,12.892,2.018348623853211,201.83486238532112,2602.0550458715597
8.219257188000483,12.88,2.018348623853211,201.83486238532112,2599.633027522936
8.229350370000247,12.888,2.2018348623853217,201.83486238532112,2601.2477064220184
8.239427625001554,12.868,1.834862385321101,201.83486238532112,2597.211009174312
8.249506103000385,12.896,2.018348623853211,201.83486238532112,2602.862385321101
8.259582044000126,12.868,2.018348623853211,201.83486238532112,2597.211009174312
8.269659781000883,12.896,2.018348623853211,201.83486238532112,2602.862385321101
8.279735499001617,12.872,2.018348623853211,201.83486238532112,2598.0183486238534
8.289811847000237,12.896,2.018348623853211,201.83486238532112,2602.862385321101
8.299888436000401,12.876,2.018348623853211,201.83486238532112,2598.8256880733948
8.30996550600139,12.896,2.018348623853211,201.83486238532112,2602.862385321101
8.320041873001173,12.872,2.018348623853211,201.83486238532112,2598.0183486238534
8.33012749900081,12.896,2.018348623853211,201.83486238532112,2602.862385321101
8.340208847001122,12.868,1.834862385321101,201.83486238532112,2597.211009174312
8.350289306001287,12.9,2.018348623853211,201.83486238532112,2603.6697247706425
8.360369487001662,12.864,2.018348623853211,201.83486238532112,2596.403669724771
8.370449871999881,12.904,2.018348623853211,201.83486238532112,2604.477064220184
8.380531146000067,12.86,2.018348623853211,201.83486238532112,2595.5963302752293
8.390611661001458,12.904,2.018348623853211,201.83486238532112,2604.477064220184
8.400693843001136,12.868,2.018348623853211,183.4862385321101,2361.1009174311926
8.410774171999947,12.904,1.834862385321101,201.83486238532112,2604.477064220184
8.420854130999942,12.872,2.018348623853211,201.83486238532112,2598.0183486238534
8.430944498000827,12.892,2.018348623853211,201.83486238532112,2602.0550458715597
8.441025920001266,12.872,2.018348623853211,201.83486238532112,2598.0183486238534
8.451105712001663,12.888,2.018348623853211,201.83486238532112,2601.2477064220184
8.461186708000241,12.872,2.018348623853211,201.83486238532112,2598.0183486238534
8.471267945000363,12.896,2.018348623853211,201.83486238532112,2602.862385321101
8.481352718999915,12.868,2.018348623853211,201.83486238532112,2597.211009174312
8.491433049000989,12.9,2.018348623853211,201.83486238532112,2603.6697247706425
8.501514655999927,12.872,2.018348623853211,201.83486238532112,2598.0183486238534
8.511596356000155,12.9,2.018348623853211,201.83486238532112,2603.6697247706425
8.52167740799996,12.872,1.834862385321101,201.83486238532112,2598.0183486238534
8.531829384000957,12.9,2.018348623853211,183.4862385321101,2366.97247706422
8.541906843000106,12.872,2.018348623853211,220.1834862385321,2834.201834862385
8.55198402499991,12.888,2.018348623853211,201.83486238532112,2601.2477064220184
8.562061039001492,12.876,1.834862385321101,201.83486238532112,2598.8256880733948
8.572137684001063,12.892,2.018348623853211,201.83486238532112,2602.0550458715597
8.58221410600163,12.876,2.018348623853211,201.83486238532112,2598.8256880733948
8.59228678799991,12.892,2.018348623853211,201.83486238532112,2602.0550458715597
8.602364043001216,12.876,2.018348623853211,201.83486238532112,2598.8256880733948
8.612442669000302,12.892,2.018348623853211,201.83486238532112,2602.0550458715597
8.622519536000254,12.88,2.018348623853211,201.83486238532112,2599.633027522936
8.632605569000589,12.88,2.018348623853211,201.83486238532112,2599.633027522936
8.642687397999907,12.884,2.018348623853211,201.83486238532112,2600.4403669724775
8.652770117001637,12.872,2.018348623853211,183.4862385321101,2361.8348623853212
8.662850112999877,12.888,2.018348623853211,183.4862385321101,2364.770642201835
8.672929682999893,12.876,2.018348623853211,201.83486238532112,2598.8256880733948
8.683006975999888,12.888,2.018348623853211,201.83486238532112,2601.2477064220184
8.693088120000539,12.88,2.018348623853211,183.4862385321101,2363.302752293578
8.703169450000132,12.884,2.018348623853211,201.83486238532112,2600.4403669724775
8.713246927,12.884,1.834862385321101,201.83486238532112,2600.4403669724775
8.723327886000334,12.884,2.018348623853211,220.1834862385321,2836.8440366972477
8.733418142001028,12.884,1.834862385321101,183.4862385321101,2364.0366972477063
8.743499342001087,12.884,2.018348623853211,201.83486238532112,2600.4403669724775
8.753580448999855,12.884,2.018348623853211,201.83486238532112,2600.4403669724775
8.763661556000443,12.888,2.018348623853211,201.83486238532112,2601.2477064220184
8.773742275001496,12.868,2.018348623853211,201.83486238532112,2597.211009174312
8.78382262300147,12.892,2.018348623853211,201.83486238532112,2602.0550458715597
8.793903378000323,12.872,2.018348623853211,201.83486238532112,2598.0183486238534
8.803984133000995,12.896,2.018348623853211,220.1834862385321,2839.4862385321103
8.814064870000948,12.872,1.834862385321101,201.83486238532112,2598.0183486238534
8.824145515000055,12.892,2.018348623853211,201.83486238532112,2602.0550458715597
8.83423491800022,12.872,2.018348623853211,201.83486238532112,2598.0183486238534
8.844316155000342,12.892,2.018348623853211,201.83486238532112,2602.0550458715597
8.854397447001247,12.868,2.018348623853211,201.83486238532112,2597.211009174312
8.86447999900156,12.896,2.018348623853211,201.83486238532112,2602.862385321101
8.874556736000159,12.864,2.018348623853211,201.83486238532112,2596.403669724771
8.88463956600026,12.9,2.018348623853211,201.83486238532112,2603.6697247706425
8.894719469000847,12.864,2.018348623853211,201.83486238532112,2596.403669724771
8.904801538999891,12.896,2.018348623853211,183.4862385321101,2366.238532110092
8.914881813001557,12.868,2.018348623853211,201.83486238532112,2597.211009174312
8.924963273000685,12.9,2.018348623853211,201.83486238532112,2603.6697247706425
8.935052491000533,12.872,1.834862385321101,201.83486238532112,2598.0183486238534
8.945134468000106,12.888,2.018348623853211,201.83486238532112,2601.2477064220184
8.955214890000207,12.872,2.018348623853211,201.83486238532112,2598.0183486238534
8.965295387000879,12.892,2.018348623853211,201.83486238532112,2602.0550458715597
8.975375753001572,12.872,2.018348623853211,201.83486238532112,2598.0183486238534
8.985457804999896,12.896,2.018348623853211,201.83486238532112,2602.862385321101
8.995538578999913,12.864,2.018348623853211,201.83486238532112,2596.403669724771
9.005618816001515,12.9,2.018348623853211,201.83486238532112,2603.6697247706425
9.015728125999885,12.864,1.834862385321101,183.4862385321101,2360.3669724770643
9.02581425200151,12.9,2.018348623853211,201.83486238532112,2603.6697247706425
9.03598945000158,12.868,2.018348623853211,201.83486238532112,2597.211009174312
9.046066372000496,12.892,2.018348623853211,183.4862385321101,2365.5045871559632
9.05614479399992,12.868,2.018348623853211,220.1834862385321,2833.321100917431
9.066221568000401,12.892,2.018348623853211,201.83486238532112,2602.0550458715597
9.076298028001474,12.872,2.018348623853211,201.83486238532112,2598.0183486238534
9.086374616001194,12.896,2.018348623853211,201.83486238532112,2602.862385321101
9.096451094001168,12.868,2.018348623853211,201.83486238532112,2597.211009174312
9.10652725700129,12.9,2.018348623853211,201.83486238532112,2603.6697247706425
9.116602994001369,12.868,1.834862385321101,201.83486238532112,2597.211009174312
9.126679102000708,12.896,2.018348623853211,201.83486238532112,2602.862385321101
9.13675539399992,12.872,2.018348623853211,201.83486238532112,2598.0183486238534
9.146839409000677,12.892,2.018348623853211,201.83486238532112,2602.0550458715597
9.156921423000313,12.876,2.018348623853211,201.83486238532112,2598.8256880733948
9.167002679001598,12.88,2.018348623853211,201.83486238532112,2599.633027522936
9.177083268001297,12.884,2.018348623853211,201.83486238532112,2600.4403669724775
9.187163485999918,12.88,2.018348623853211,201.83486238532112,2599.633027522936
9.197244001001309,12.884,2.018348623853211,201.83486238532112,2600.4403669724775
9.20732503399995,12.884,2.018348623853211,183.4862385321101,2364.0366972477063
9.217405308001617,12.88,2.018348623853211,201.83486238532112,2599.633027522936
9.227485360001083,12.888,2.018348623853211,201.83486238532112,2601.2477064220184
9.237562800000887,12.88,2.018348623853211,201.83486238532112,2599.633027522936
9.247639463001178,12.888,2.018348623853211,201.83486238532112,2601.2477064220184
9.257716699999946,12.88,2.018348623853211,201.83486238532112,2599.633027522936
9.267793067001548,12.876,2.018348623853211,201.83486238532112,2598.8256880733948
9.277869211000507,12.888,2.018348623853211,183.4862385321101,2364.770642201835
9.287944856001559,12.876,2.018348623853211,201.83486238532112,2598.8256880733948
9.298021481001342,12.888,2.2018348623853217,201.83486238532112,2601.2477064220184
9.308098144001633,12.88,2.018348623853211,201.83486238532112,2599.633027522936
9.31817445500019,12.888,2.2018348623853217,201.83486238532112,2601.2477064220184
9.328250322001622,12.884,2.018348623853211,183.4862385321101,2364.0366972477063
9.338335800001005,12.888,2.018348623853211,201.83486238532112,2601.2477064220184
9.348418999001296,12.876,2.018348623853211,201.83486238532112,2598.8256880733948
9.358499588000996,12.888,1.834862385321101,201.83486238532112,2601.2477064220184
9.368579881000187,12.876,2.018348623853211,183.4862385321101,2362.5688073394494
9.378660599000796,12.896,2.018348623853211,201.83486238532112,2602.862385321101
9.388742632001595,12.864,2.018348623853211,201.83486238532112,2596.403669724771
9.398823351000829,12.896,2.018348623853211,201.83486238532112,2602.862385321101
9.408904180001628,12.868,2.018348623853211,201.83486238532112,2597.211009174312
9.418984232001094,12.896,2.018348623853211,183.4862385321101,2366.238532110092
9.429065950000222,12.872,2.018348623853211,201.83486238532112,2598.0183486238534
9.43915687200024,12.896,2.018348623853211,201.83486238532112,2602.862385321101
9.449236776001271,12.876,2.018348623853211,201.83486238532112,2598.8256880733948
9.459317513001224,12.888,1.834862385321101,201.83486238532112,2601.2477064220184
9.46939749000012,12.876,1.834862385321101,201.83486238532112,2598.8256880733948
9.479485005000242,12.892,2.018348623853211,201.83486238532112,2602.0550458715597
9.489566686001126,12.876,1.834862385321101,201.83486238532112,2598.8256880733948
9.499647812001058,12.896,2.018348623853211,201.83486238532112,2602.862385321101
9.509728642000482,12.868,2.018348623853211,201.83486238532112,2597.211009174312
9.519809729999906,12.9,2.018348623853211,201.83486238532112,2603.6697247706425
9.529890097001044,12.864,2.018348623853211,201.83486238532112,2596.403669724771
9.540034573001321,12.9,1.834862385321101,201.83486238532112,2603.6697247706425
9.550111588001528,12.868,2.018348623853211,201.83486238532112,2597.211009174312
9.560188714000105,12.892,2.018348623853211,201.83486238532112,2602.0550458715597
9.570265173000735,12.864,2.018348623853211,201.83486238532112,2596.403669724771
9.580340780999904,12.896,2.018348623853211,201.83486238532112,2602.862385321101
9.590417258001253,12.872,2.018348623853211,201.83486238532112,2598.0183486238534
9.600495162001607,12.9,2.018348623853211,201.83486238532112,2603.6697247706425
9.61056828800065,12.868,2.018348623853211,183.4862385321101,2361.1009174311926
9.620646192001004,12.904,2.018348623853211,201.83486238532112,2604.477064220184
9.63072261400157,12.868,2.018348623853211,201.83486238532112,2597.211009174312
9.640808036001545,12.9,1.834862385321101,201.83486238532112,2603.6697247706425
9.650889476000884,12.872,2.018348623853211,201.83486238532112,2598.0183486238534
9.660970584000097,12.892,2.018348623853211,201.83486238532112,2602.0550458715597
9.671050209000896,12.876,2.018348623853211,183.4862385321101,2362.5688073394494
9.68113163199996,12.884,2.018348623853211,201.83486238532112,2600.4403669724775
9.691212609001013,12.876,2.018348623853211,201.83486238532112,2598.8256880733948
9.701293161000649,12.888,2.018348623853211,183.4862385321101,2364.770642201835
9.7113689910002,12.876,2.018348623853211,201.83486238532112,2598.8256880733948
9.72144932000083,12.892,1.834862385321101,201.83486238532112,2602.0550458715597
9.731530650000423,12.876,2.018348623853211,201.83486238532112,2598.8256880733948
9.74162131200137,12.892,2.018348623853211,201.83486238532112,2602.0550458715597
9.751702179000858,12.876,2.018348623853211,201.83486238532112,2598.8256880733948
9.761778748999859,12.884,2.018348623853211,201.83486238532112,2600.4403669724775
9.77185154200015,12.876,2.018348623853211,201.83486238532112,2598.8256880733948
9.781927316000292,12.88,2.018348623853211,201.83486238532112,2599.633027522936
9.792003053000371,12.884,2.018348623853211,201.83486238532112,2600.4403669724775
9.802079049000895,12.88,2.018348623853211,201.83486238532112,2599.633027522936
9.812154952000128,12.884,2.018348623853211,201.83486238532112,2600.4403669724775
9.822230540999954,12.884,2.018348623853211,201.83486238532112,2600.4403669724775
9.832306130001598,12.88,2.018348623853211,201.83486238532112,2599.633027522936
9.842389756000557,12.884,2.018348623853211,201.83486238532112,2600.4403669724775
9.852471584999876,12.884,2.018348623853211,201.83486238532112,2600.4403669724775
9.862551582000378,12.88,2.018348623853211,201.83486238532112,2599.633027522936
9.87263200400048,12.884,2.018348623853211,201.83486238532112,2600.4403669724775
9.882712185000855,12.88,2.018348623853211,201.83486238532112,2599.633027522936
9.892794200000935,12.888,2.018348623853211,183.4862385321101,2364.770642201835
9.902873362001628,12.868,2.018348623853211,201.83486238532112,2597.211009174312
9.91295365500082,12.892,2.018348623853211,220.1834862385321,2838.605504587156
9.923033651000878,12.872,2.018348623853211,201.83486238532112,2598.0183486238534
9.933137295000051,12.892,2.018348623853211,201.83486238532112,2602.0550458715597
9.943226754001444,12.872,2.018348623853211,201.83486238532112,2598.0183486238534
9.953307102001418,12.892,2.018348623853211,201.83486238532112,2602.0550458715597
9.963387172001603,12.876,2.018348623853211,201.83486238532112,2598.8256880733948
9.973467798001366,12.884,2.018348623853211,201.83486238532112,2600.4403669724775
9.983551664001425,12.876,2.018348623853211,201.83486238532112,2598.8256880733948
9.993632124000214,12.888,2.018348623853211,201.83486238532112,2601.2477064220184
10.003712379000717,12.876,2.018348623853211,201.83486238532112,2598.8256880733948
10.013839356000972,12.892,2.018348623853211,201.83486238532112,2602.0550458715597
10.023958240000866,12.864,2.018348623853211,201.83486238532112,2596.403669724771
10.034041495000565,12.896,2.018348623853211,201.83486238532112,2602.862385321101
10.044208990000698,12.868,2.018348623853211,201.83486238532112,2597.211009174312
10.054285505000735,12.9,2.018348623853211,201.83486238532112,2603.6697247706425
10.0643619450002,12.868,2.018348623853211,201.83486238532112,2597.211009174312
10.07443707099992,12.896,2.018348623853211,201.83486238532112,2602.862385321101
10.084514882000803,12.868,2.018348623853211,201.83486238532112,2597.211009174312
10.094591527000375,12.896,2.018348623853211,201.83486238532112,2602.862385321101
10.104674486001386,12.872,2.018348623853211,201.83486238532112,2598.0183486238534
10.114751982000598,12.896,2.018348623853211,201.83486238532112,2602.862385321101
10.124832348001291,12.864,2.018348623853211,201.83486238532112,2596.403669724771
10.134908715001075,12.9,2.018348623853211,201.83486238532112,2603.6697247706425
10.145055025001056,12.864,2.018348623853211,201.83486238532112,2596.403669724771
10.15513639100027,12.9,2.018348623853211,201.83486238532112,2603.6697247706425
10.165219924001576,12.864,2.018348623853211,201.83486238532112,2596.403669724771
10.175300735001656,12.896,2.018348623853211,201.83486238532112,2602.862385321101
10.185381602001144,12.872,2.018348623853211,201.83486238532112,2598.0183486238534
10.1954617650008,12.9,2.018348623853211,201.83486238532112,2603.6697247706425
10.205542335001155,12.876,2.018348623853211,201.83486238532112,2598.8256880733948
10.215623924001193,12.888,2.018348623853211,220.1834862385321,2837.7247706422017
10.22570471600011,12.876,2.018348623853211,201.83486238532112,2598.8256880733948
10.235784916001649,12.892,2.018348623853211,201.83486238532112,2602.0550458715597
10.245877060000566,12.876,2.018348623853211,201.83486238532112,2598.8256880733948
10.255954186000963,12.896,2.018348623853211,201.83486238532112,2602.862385321101
10.266030886001317,12.868,2.018348623853211,220.1834862385321,2833.321100917431
10.276107549001608,12.896,2.018348623853211,201.83486238532112,2602.862385321101
10.286183249001624,12.868,2.018348623853211,201.83486238532112,2597.211009174312
10.296258800000942,12.888,2.018348623853211,201.83486238532112,2601.2477064220184
10.30633503700119,12.876,1.834862385321101,201.83486238532112,2598.8256880733948
10.316413515000022,12.888,2.018348623853211,183.4862385321101,2364.770642201835
10.32648973400137,12.88,2.018348623853211,201.83486238532112,2599.633027522936
10.336566971000138,12.888,2.018348623853211,201.83486238532112,2601.2477064220184
10.346650633000536,12.88,2.018348623853211,201.83486238532112,2599.633027522936
10.35673277800015,12.888,2.018348623853211,201.83486238532112,2601.2477064220184
10.366812792000928,12.88,2.018348623853211,201.83486238532112,2599.633027522936
10.376896122001199,12.884,2.018348623853211,201.83486238532112,2600.4403669724775
10.386976692001554,12.88,2.018348623853211,201.83486238532112,2599.633027522936
10.39705879900066,12.888,2.018348623853211,201.83486238532112,2601.2477064220184
10.407138684000529,12.884,2.018348623853211,201.83486238532112,2600.4403669724775
10.417218625001624,12.888,2.018348623853211,201.83486238532112,2601.2477064220184
10.427298991000498,12.888,2.018348623853211,201.83486238532112,2601.2477064220184
10.437379025001064,12.872,2.018348623853211,201.83486238532112,2598.0183486238534
10.447468297999876,12.892,2.018348623853211,201.83486238532112,2602.0550458715597
10.457549628001289,12.876,2.018348623853211,201.83486238532112,2598.8256880733948
10.467630365001241,12.884,1.834862385321101,201.83486238532112,2600.4403669724775
10.477717953001047,12.88,2.018348623853211,201.83486238532112,2599.633027522936
10.487798709000344,12.88,2.018348623853211,183.4862385321101,2363.302752293578
10.497879631000615,12.88,1.834862385321101,201.83486238532112,2599.633027522936
10.507960145001562,12.884,2.018348623853211,201.83486238532112,2600.4403669724775
10.51804123400143,12.88,2.018348623853211,201.83486238532112,2599.633027522936
10.528121638000812,12.892,2.018348623853211,201.83486238532112,2602.0550458715597
10.538201912000659,12.868,2.018348623853211,201.83486238532112,2597.211009174312
10.548306778000551,12.896,2.018348623853211,201.83486238532112,2602.862385321101
10.558387791999849,12.868,2.018348623853211,201.83486238532112,2597.211009174312
10.568470511001578,12.896,2.018348623853211,201.83486238532112,2602.862385321101
10.578551192000305,12.864,2.018348623853211,201.83486238532112,2596.403669724771
10.588633596000363,12.9,1.834862385321101,201.83486238532112,2603.6697247706425
10.598713907000274,12.872,2.018348623853211,201.83486238532112,2598.0183486238534
10.608795940001073,12.892,2.018348623853211,183.4862385321101,2365.5045871559632
10.618876640000963,12.872,2.018348623853211,201.83486238532112,2598.0183486238534
10.628958580000472,12.896,2.018348623853211,201.83486238532112,2602.862385321101
10.639034114001333,12.872,2.018348623853211,201.83486238532112,2598.0183486238534
10.649109646999932,12.9,2.018348623853211,201.83486238532112,2603.6697247706425
10.659190495000075,12.864,2.018348623853211,201.83486238532112,2596.403669724771
10.669270676000451,12.9,2.018348623853211,201.83486238532112,2603.6697247706425
10.679351505999875,12.864,2.018348623853211,201.83486238532112,2596.403669724771
10.68943209400095,12.896,2.018348623853211,201.83486238532112,2602.862385321101
10.699512813000183,12.868,2.018348623853211,201.83486238532112,2597.211009174312
10.709592790000897,12.892,2.018348623853211,201.83486238532112,2602.0550458715597
10.71967339799994,12.872,2.018348623853211,201.83486238532112,2598.0183486238534
10.729750320000676,12.892,1.834862385321101,201.83486238532112,2602.0550458715597
10.739831779001179,12.872,2.018348623853211,201.83486238532112,2598.0183486238534
10.749921182001344,12.896,2.018348623853211,201.83486238532112,2602.862385321101
10.760001697000916,12.868,2.018348623853211,201.83486238532112,2597.211009174312
10.770083008001166,12.9,2.018348623853211,201.83486238532112,2603.6697247706425
10.780164097001034,12.86,2.018348623853211,201.83486238532112,2595.5963302752293
10.790244926000014,12.904,1.834862385321101,201.83486238532112,2604.477064220184
10.800320551999903,12.864,2.018348623853211,201.83486238532112,2596.403669724771
10.810401937000279,12.9,2.018348623853211,201.83486238532112,2603.6697247706425
10.820484470001247,12.872,2.018348623853211,201.83486238532112,2598.0183486238534
10.830564837000566,12.888,2.018348623853211,220.1834862385321,2837.7247706422017
10.840646684000603,12.876,1.834862385321101,201.83486238532112,2598.8256880733948
10.850735477000853,12.892,2.018348623853211,183.4862385321101,2365.5045871559632
10.860811603000911,12.876,2.018348623853211,201.83486238532112,2598.8256880733948
10.87089221000133,12.896,2.018348623853211,201.83486238532112,2602.862385321101
10.880974484000035,12.872,2.018348623853211,201.83486238532112,2598.0183486238534
10.89105464700151,12.888,2.018348623853211,201.83486238532112,2601.2477064220184
10.901135217000046,12.872,2.018348623853211,201.83486238532112,2598.0183486238534
10.911215768001057,12.892,2.018348623853211,201.83486238532112,2602.0550458715597
10.921296024000185,12.88,1.834862385321101,201.83486238532112,2599.633027522936
10.931376075001026,12.884,1.834862385321101,201.83486238532112,2600.4403669724775
10.941456646000006,12.88,2.018348623853211,201.83486238532112,2599.633027522936
10.95154654900034,12.884,2.018348623853211,183.4862385321101,2364.0366972477063
10.961626693000653,12.884,2.018348623853211,201.83486238532112,2600.4403669724775
10.9717069670005,12.884,2.018348623853211,201.83486238532112,2600.4403669724775
10.981786981999903,12.876,1.834862385321101,220.1834862385321,2835.082568807339
10.991867108001316,12.888,1.834862385321101,201.83486238532112,2601.2477064220184
11.001946882000993,12.876,2.018348623853211,201.83486238532112,2598.8256880733948
11.012027230000967,12.888,1.834862385321101,183.4862385321101,2364.770642201835
11.022113152001111,12.88,1.834862385321101,201.83486238532112,2599.633027522936
11.032194647999859,12.884,2.018348623853211,201.83486238532112,2600.4403669724775
11.042275329000404,12.884,1.834862385321101,201.83486238532112,2600.4403669724775
11.052486323000267,12.884,2.018348623853211,201.83486238532112,2600.4403669724775
11.06256485599988,12.888,2.018348623853211,201.83486238532112,2601.2477064220184
11.072643537001568,12.876,2.018348623853211,201.83486238532112,2598.8256880733948
11.082720330001393,12.888,2.018348623853211,201.83486238532112,2601.2477064220184
11.092793363000965,12.872,2.018348623853211,201.83486238532112,2598.0183486238534
11.102870507000262,12.888,2.018348623853211,201.83486238532112,2601.2477064220184
11.112949411000955,12.876,2.018348623853211,201.83486238532112,2598.8256880733948
11.123026889001267,12.888,2.018348623853211,183.4862385321101,2364.770642201835
11.13310471800105,12.876,2.018348623853211,201.83486238532112,2598.8256880733948
11.143181400000685,12.892,2.018348623853211,201.83486238532112,2602.0550458715597
11.153324413000519,12.868,1.834862385321101,201.83486238532112,2597.211009174312
11.163407724001445,12.892,2.018348623853211,201.83486238532112,2602.0550458715597
11.173492701000214,12.868,2.018348623853211,183.4862385321101,2361.1009174311926
11.18357466100133,12.892,2.018348623853211,201.83486238532112,2602.0550458715597
11.193656120000014,12.868,2.018348623853211,201.83486238532112,2597.211009174312
11.203737227000602,12.896,2.2018348623853217,201.83486238532112,2602.862385321101
11.213818519001507,12.872,2.018348623853211,201.83486238532112,2598.0183486238534
11.223900181999852,12.896,1.834862385321101,201.83486238532112,2602.862385321101
11.233980697001243,12.872,2.018348623853211,201.83486238532112,2598.0183486238534
11.244059952001408,12.892,2.018348623853211,201.83486238532112,2602.0550458715597
11.25415224400058,12.872,2.018348623853211,183.4862385321101,2361.8348623853212
11.264230889000828,12.9,2.018348623853211,201.83486238532112,2603.6697247706425
11.274307459001648,12.868,2.018348623853211,201.83486238532112,2597.211009174312
11.28438364000067,12.904,2.018348623853211,201.83486238532112,2604.477064220184
11.294459321999966,12.856,2.018348623853211,201.83486238532112,2594.7889908256884
11.304536929001188,12.904,2.018348623853211,201.83486238532112,2604.477064220184
11.314612240001225,12.864,2.018348623853211,220.1834862385321,2832.4403669724775
11.324689402999866,12.896,2.018348623853211,201.83486238532112,2602.862385321101
11.334764973000347,12.868,2.018348623853211,201.83486238532112,2597.211009174312
11.344843840000976,12.896,2.018348623853211,201.83486238532112,2602.862385321101
11.354931576001036,12.872,1.834862385321101,183.4862385321101,2361.8348623853212
11.365008795000904,12.896,2.018348623853211,183.4862385321101,2366.238532110092
11.375089606000984,12.872,2.018348623853211,183.4862385321101,2361.8348623853212
11.385170380001,12.892,2.018348623853211,201.83486238532112,2602.0550458715597
11.395251154001016,12.872,2.018348623853211,201.83486238532112,2598.0183486238534
11.405331261001265,12.896,2.018348623853211,183.4862385321101,2366.238532110092
11.415411257001324,12.868,2.018348623853211,201.83486238532112,2597.211009174312
11.42549143799988,12.896,1.834862385321101,201.83486238532112,2602.862385321101
11.435571490001166,12.872,2.018348623853211,183.4862385321101,2361.8348623853212
11.445648931001415,12.9,2.018348623853211,220.1834862385321,2840.3669724770643
11.455735982000988,12.876,2.018348623853211,201.83486238532112,2598.8256880733948
11.465812182001173,12.888,2.018348623853211,201.83486238532112,2601.2477064220184
11.475889604000258,12.876,2.018348623853211,201.83486238532112,2598.8256880733948
11.485964230001628,12.892,2.018348623853211,201.83486238532112,2602.0550458715597
11.496036911999909,12.872,2.018348623853211,201.83486238532112,2598.0183486238534
11.506110834001447,12.896,2.018348623853211,201.83486238532112,2602.862385321101
11.516183886000363,12.872,2.018348623853211,201.83486238532112,2598.0183486238534
11.526260345000992,12.892,2.018348623853211,201.83486238532112,2602.0550458715597
11.536336508001114,12.876,2.018348623853211,201.83486238532112,2598.8256880733948
11.546412893001616,12.884,2.018348623853211,183.4862385321101,2364.0366972477063
11.556500093000068,12.884,2.018348623853211,201.83486238532112,2600.4403669724775
11.566580941000211,12.88,2.018348623853211,201.83486238532112,2599.633027522936
11.576658085001327,12.884,2.018348623853211,201.83486238532112,2600.4403669724775
11.586736433000624,12.876,2.018348623853211,201.83486238532112,2598.8256880733948
11.596817725001529,12.888,2.018348623853211,201.83486238532112,2601.2477064220184
11.60689862900108,12.876,2.018348623853211,201.83486238532112,2598.8256880733948
11.616981051000039,12.884,2.018348623853211,201.83486238532112,2600.4403669724775
11.627062880001176,12.88,2.018348623853211,201.83486238532112,2599.633027522936
11.637140043001637,12.884,2.018348623853211,201.83486238532112,2600.4403669724775
11.647216836001462,12.88,2.018348623853211,201.83486238532112,2599.633027522936
11.657303387000866,12.892,2.018348623853211,201.83486238532112,2602.0550458715597
11.66737803200158,12.872,2.018348623853211,201.83486238532112,2598.0183486238534
11.677455472001384,12.892,2.018348623853211,183.4862385321101,2365.5045871559632
11.687531913001294,12.872,2.018348623853211,201.83486238532112,2598.0183486238534
11.697609650000231,12.888,1.834862385321101,201.83486238532112,2601.2477064220184
11.707685479001157,12.876,1.834862385321101,201.83486238532112,2598.8256880733948
11.71776306800166,12.884,2.018348623853211,201.83486238532112,2600.4403669724775
11.727839305000089,12.876,2.018348623853211,183.4862385321101,2362.5688073394494
11.737915745999999,12.888,2.018348623853211,183.4862385321101,2364.770642201835
11.747991260001072,12.876,2.018348623853211,201.83486238532112,2598.8256880733948
11.758071793999989,12.892,2.018348623853211,201.83486238532112,2602.0550458715597
11.768153549001,12.876,2.018348623853211,201.83486238532112,2598.8256880733948
11.778234434001206,12.896,2.018348623853211,201.83486238532112,2602.862385321101
11.788314041001286,12.868,2.018348623853211,201.83486238532112,2597.211009174312
11.798394445000667,12.9,2.018348623853211,201.83486238532112,2603.6697247706425
11.808477440999923,12.86,2.018348623853211,201.83486238532112,2595.5963302752293
11.818553752000298,12.9,2.018348623853211,201.83486238532112,2603.6697247706425
11.828635802999997,12.868,2.018348623853211,201.83486238532112,2597.211009174312
11.83871509600067,12.896,2.018348623853211,201.83486238532112,2602.862385321101
11.848796610000136,12.872,2.018348623853211,201.83486238532112,2598.0183486238534
11.85888468000121,12.896,2.018348623853211,201.83486238532112,2602.862385321101
11.868967602000339,12.872,1.834862385321101,201.83486238532112,2598.0183486238534
11.879050599000038,12.9,2.018348623853211,201.83486238532112,2603.6697247706425
11.889129984001556,12.868,2.018348623853211,201.83486238532112,2597.211009174312
11.899207645999923,12.9,2.018348623853211,183.4862385321101,2366.97247706422
11.909286402000362,12.868,2.018348623853211,201.83486238532112,2597.211009174312
11.919363176000843,12.896,2.018348623853211,201.83486238532112,2602.862385321101
11.929441116000817,12.872,2.018348623853211,201.83486238532112,2598.0183486238534
11.939518113000304,12.892,2.018348623853211,201.83486238532112,2602.0550458715597
11.949596219999876,12.876,2.018348623853211,201.83486238532112,2598.8256880733948
11.959682123000675,12.892,2.018348623853211,201.83486238532112,2602.0550458715597
11.969762934000755,12.876,2.018348623853211,183.4862385321101,2362.5688073394494
11.979845227000624,12.888,2.018348623853211,201.83486238532112,2601.2477064220184
11.989926963000471,12.872,2.018348623853211,201.83486238532112,2598.0183486238534
12.000008108001566,12.896,2.018348623853211,201.83486238532112,2602.862385321101
12.01008906700008,12.868,2.018348623853211,220.1834862385321,2833.321100917431
12.020176711001113,12.9,2.018348623853211,183.4862385321101,2366.97247706422
12.030257448001066,12.864,2.018348623853211,201.83486238532112,2596.403669724771
12.04033820299992,12.896,2.018348623853211,201.83486238532112,2602.862385321101
12.050419625000359,12.876,2.018348623853211,183.4862385321101,2362.5688073394494
12.060583675000089,12.896,2.018348623853211,201.83486238532112,2602.862385321101
12.070662523001374,12.88,2.018348623853211,201.83486238532112,2599.633027522936
12.080740445000629,12.884,2.018348623853211,201.83486238532112,2600.4403669724775
12.090817275000518,12.88,2.018348623853211,201.83486238532112,2599.633027522936
12.100895845000196,12.884,2.018348623853211,201.83486238532112,2600.4403669724775
12.110972952001248,12.88,2.018348623853211,183.4862385321101,2363.302752293578
12.121051245001581,12.88,2.018348623853211,201.83486238532112,2599.633027522936
12.131127630000265,12.88,2.018348623853211,201.83486238532112,2599.633027522936
12.14120597800138,12.888,2.018348623853211,201.83486238532112,2601.2477064220184
12.151282159000402,12.884,2.018348623853211,201.83486238532112,2600.4403669724775
12.161371914000483,12.88,2.018348623853211,201.83486238532112,2599.633027522936
12.171461447000183,12.884,2.018348623853211,201.83486238532112,2600.4403669724775
12.181572887000584,12.884,2.018348623853211,201.83486238532112,2600.4403669724775
12.191657975999988,12.888,1.834862385321101,201.83486238532112,2601.2477064220184
12.201739120000639,12.872,2.018348623853211,201.83486238532112,2598.0183486238534
12.211819820000528,12.88,2.018348623853211,201.83486238532112,2599.633027522936
12.221900427000946,12.876,2.018348623853211,201.83486238532112,2598.8256880733948
12.231980590000603,12.884,2.018348623853211,183.4862385321101,2364.0366972477063
12.242060901000514,12.876,2.018348623853211,201.83486238532112,2598.8256880733948
12.252141249000488,12.884,2.018348623853211,201.83486238532112,2600.4403669724775
12.262235744999998,12.88,2.018348623853211,183.4862385321101,2363.302752293578
12.272312167000564,12.892,2.018348623853211,201.83486238532112,2602.0550458715597
12.28238929300096,12.872,2.018348623853211,201.83486238532112,2598.0183486238534
12.292467104000025,12.896,2.018348623853211,201.83486238532112,2602.862385321101
12.302543507001246,12.868,2.018348623853211,201.83486238532112,2597.211009174312
12.312622633000501,12.896,2.018348623853211,201.83486238532112,2602.862385321101
12.322699166001257,12.864,2.018348623853211,201.83486238532112,2596.403669724771
12.332770922001146,12.896,1.834862385321101,201.83486238532112,2602.862385321101
12.342846733001352,12.872,2.018348623853211,201.83486238532112,2598.0183486238534
12.3529241920005,12.892,2.018348623853211,201.83486238532112,2602.0550458715597
12.363008206000814,12.872,2.018348623853211,183.4862385321101,2361.8348623853212
12.373081832000025,12.896,2.018348623853211,201.83486238532112,2602.862385321101
12.383154514000125,12.868,2.018348623853211,201.83486238532112,2597.211009174312
12.393231603000459,12.9,2.018348623853211,201.83486238532112,2603.6697247706425
12.403308339000432,12.864,2.018348623853211,201.83486238532112,2596.403669724771
12.413387465001506,12.896,1.834862385321101,201.83486238532112,2602.862385321101
12.42346042400095,12.864,2.018348623853211,201.83486238532112,2596.403669724771
12.43353784700048,12.892,1.834862385321101,201.83486238532112,2602.0550458715597
12.443612343000495,12.872,2.018348623853211,201.83486238532112,2598.0183486238534
12.45368550600142,12.892,2.018348623853211,183.4862385321101,2365.5045871559632
12.463827556000979,12.872,2.018348623853211,183.4862385321101,2361.8348623853212
12.473908645000847,12.892,2.018348623853211,201.83486238532112,2602.0550458715597
12.48399834400152,12.876,2.018348623853211,201.83486238532112,2598.8256880733948
12.49407760000031,12.892,2.018348623853211,201.83486238532112,2602.0550458715597
12.504156355000305,12.868,2.018348623853211,201.83486238532112,2597.211009174312
12.514237851000871,12.9,2.018348623853211,201.83486238532112,2603.6697247706425
12.524318181000126,12.864,2.018348623853211,201.83486238532112,2596.403669724771
12.534399158001179,12.9,2.018348623853211,201.83486238532112,2603.6697247706425
12.544475968999905,12.864,2.018348623853211,201.83486238532112,2596.403669724771
12.554553021000174,12.9,2.018348623853211,183.4862385321101,2366.97247706422
12.56465040600051,12.872,2.018348623853211,201.83486238532112,2598.0183486238534
12.574724309000885,12.892,2.018348623853211,201.83486238532112,2602.0550458715597
12.584802991001197,12.876,2.018348623853211,201.83486238532112,2598.8256880733948
12.594880302000092,12.892,2.018348623853211,201.83486238532112,2602.0550458715597
12.604958316000193,12.876,2.018348623853211,183.4862385321101,2362.5688073394494
12.615035497999997,12.888,2.018348623853211,201.83486238532112,2601.2477064220184
12.625113679001515,12.876,1.834862385321101,183.4862385321101,2362.5688073394494
12.635186805000558,12.892,1.834862385321101,201.83486238532112,2602.0550458715597
12.64525994900032,12.876,2.018348623853211,201.83486238532112,2598.8256880733948
12.65533202000006,12.896,2.018348623853211,183.4862385321101,2366.238532110092
12.665416775000267,12.88,2.018348623853211,183.4862385321101,2363.302752293578
12.675490197001636,12.884,2.018348623853211,201.83486238532112,2600.4403669724775
12.68556536000142,12.884,2.018348623853211,201.83486238532112,2600.4403669724775
12.695638986000631,12.88,2.018348623853211,201.83486238532112,2599.633027522936
12.705716778000351,12.884,2.018348623853211,201.83486238532112,2600.4403669724775
12.715793756000494,12.884,1.834862385321101,201.83486238532112,2600.4403669724775
12.725869623000108,12.88,1.834862385321101,201.83486238532112,2599.633027522936
12.735945934000483,12.888,2.018348623853211,201.83486238532112,2601.2477064220184
12.746019134001472,12.88,2.018348623853211,201.83486238532112,2599.633027522936
12.756096037001043,12.884,2.018348623853211,183.4862385321101,2364.0366972477063
12.766178663001483,12.888,2.018348623853211,183.4862385321101,2364.770642201835
12.776256252000167,12.884,2.018348623853211,201.83486238532112,2600.4403669724775
12.78638580200095,12.888,1.834862385321101,201.83486238532112,2601.2477064220184
12.79644033600016,12.876,2.018348623853211,201.83486238532112,2598.8256880733948
12.806519128000218,12.892,2.018348623853211,201.83486238532112,2602.0550458715597
12.816604958001335,12.868,2.018348623853211,201.83486238532112,2597.211009174312
12.826685898000505,12.896,1.834862385321101,201.83486238532112,2602.862385321101
12.836768209001093,12.868,2.018348623853211,201.83486238532112,2597.211009174312
12.846843372000876,12.892,2.018348623853211,201.83486238532112,2602.0550458715597
12.85692603500138,12.876,1.834862385321101,201.83486238532112,2598.8256880733948
12.86701619700034,12.892,2.018348623853211,201.83486238532112,2602.0550458715597
12.877092045000609,12.876,2.018348623853211,201.83486238532112,2598.8256880733948
12.887168171000667,12.896,2.018348623853211,201.83486238532112,2602.862385321101
12.89724577800007,12.868,2.018348623853211,201.83486238532112,2597.211009174312
12.907321792999937,12.9,2.018348623853211,201.83486238532112,2603.6697247706425
12.917399808000482,12.868,2.018348623853211,201.83486238532112,2597.211009174312
12.927475915001196,12.892,1.834862385321101,201.83486238532112,2602.0550458715597
12.937552985000366,12.868,2.018348623853211,201.83486238532112,2597.211009174312
12.947628685000382,12.888,2.018348623853211,201.83486238532112,2601.2477064220184
12.957706459001201,12.872,2.018348623853211,201.83486238532112,2598.0183486238534
12.967790251001134,12.892,2.018348623853211,183.4862385321101,2365.5045871559632
12.977871933000642,12.876,2.018348623853211,201.83486238532112,2598.8256880733948
12.987954706000892,12.892,2.018348623853211,201.83486238532112,2602.0550458715597
12.998034795000422,12.872,2.018348623853211,201.83486238532112,2598.0183486238534
13.008114754000417,12.896,2.018348623853211,201.83486238532112,2602.862385321101
13.018212398001197,12.868,2.018348623853211,201.83486238532112,2597.211009174312
13.02829678300077,12.904,2.018348623853211,201.83486238532112,2604.477064220184
13.038377890001357,12.856,2.018348623853211,183.4862385321101,2358.8990825688074
13.048460756001077,12.904,2.018348623853211,183.4862385321101,2367.706422018349
13.05855395600156,12.864,1.834862385321101,201.83486238532112,2596.403669724771
13.068663192001623,12.904,2.018348623853211,201.83486238532112,2604.477064220184
13.078741688001173,12.872,2.018348623853211,201.83486238532112,2598.0183486238534
13.08882112900028,12.892,2.018348623853211,201.83486238532112,2602.0550458715597
13.098898162001205,12.872,2.018348623853211,201.83486238532112,2598.0183486238534
13.10897606600156,12.896,2.018348623853211,201.83486238532112,2602.862385321101
13.119052155001555,12.872,2.018348623853211,201.83486238532112,2598.0183486238534
13.129129891000048,12.896,2.018348623853211,201.83486238532112,2602.862385321101
13.139205980000042,12.868,2.018348623853211,201.83486238532112,2597.211009174312
13.14928416100156,12.896,2.018348623853211,201.83486238532112,2602.862385321101
13.159362047001196,12.872,1.834862385321101,201.83486238532112,2598.0183486238534
13.169450968000092,12.888,2.018348623853211,201.83486238532112,2601.2477064220184
13.17953253900123,12.872,2.018348623853211,201.83486238532112,2598.0183486238534
13.189614368000548,12.896,2.018348623853211,201.83486238532112,2602.862385321101
13.19969004900122,12.876,2.018348623853211,201.83486238532112,2598.8256880733948
13.209772711999904,12.884,2.018348623853211,201.83486238532112,2600.4403669724775
13.219854171000406,12.872,2.018348623853211,201.83486238532112,2598.0183486238534
13.229934445000254,12.888,2.018348623853211,183.4862385321101,2364.770642201835
13.240014867000355,12.868,2.018348623853211,201.83486238532112,2597.211009174312
13.250095604000308,12.892,2.2018348623853217,183.4862385321101,2365.5045871559632
13.26017684100043,12.876,2.018348623853211,201.83486238532112,2598.8256880733948
13.270271299001251,12.892,2.018348623853211,201.83486238532112,2602.0550458715597
13.280349036000189,12.88,2.018348623853211,201.83486238532112,2599.633027522936
13.29042603200105,12.88,2.018348623853211,201.83486238532112,2599.633027522936
13.300504325001384,12.884,2.018348623853211,201.83486238532112,2600.4403669724775
13.310582654001337,12.88,2.018348623853211,201.83486238532112,2599.633027522936
13.320660280000084,12.888,2.018348623853211,201.83486238532112,2601.2477064220184
13.330735832001665,12.876,2.018348623853211,201.83486238532112,2598.8256880733948
13.340812809001363,12.888,2.018348623853211,201.83486238532112,2601.2477064220184
13.350888454000597,12.876,2.018348623853211,201.83486238532112,2598.8256880733948
13.360964487001183,12.884,2.018348623853211,201.83486238532112,2600.4403669724775
13.371048890001475,12.88,2.018348623853211,183.4862385321101,2363.302752293578
13.381128461000117,12.884,1.834862385321101,201.83486238532112,2600.4403669724775
13.391205457000979,12.88,2.018348623853211,201.83486238532112,2599.633027522936
13.40128660100163,12.888,2.018348623853211,201.83486238532112,2601.2477064220184
13.411368356000821,12.88,2.018348623853211,201.83486238532112,2599.633027522936
13.421445223000774,12.892,2.018348623853211,201.83486238532112,2602.0550458715597
13.43152531099986,12.868,2.018348623853211,201.83486238532112,2597.211009174312
13.441603493000002,12.888,2.018348623853211,201.83486238532112,2601.2477064220184
13.451680193000357,12.868,2.018348623853211,201.83486238532112,2597.211009174312
13.461762169999929,12.892,2.018348623853211,201.83486238532112,2602.0550458715597
13.471855110999968,12.876,1.834862385321101,201.83486238532112,2598.8256880733948
13.481936920999942,12.888,2.018348623853211,183.4862385321101,2364.770642201835
13.492014084000402,12.876,1.834862385321101,201.83486238532112,2598.8256880733948
13.502088747000016,12.892,2.018348623853211,201.83486238532112,2602.0550458715597
13.512163058001533,12.872,2.018348623853211,201.83486238532112,2598.0183486238534
13.522240035999857,12.9,2.018348623853211,201.83486238532112,2603.6697247706425
13.532316513001206,12.864,1.834862385321101,201.83486238532112,2596.403669724771
13.542393028001243,12.9,2.018348623853211,201.83486238532112,2603.6697247706425
13.552471061000688,12.86,2.018348623853211,201.83486238532112,2595.5963302752293
13.562548372001402,12.896,1.834862385321101,201.83486238532112,2602.862385321101
13.572621109000465,12.868,2.018348623853211,183.4862385321101,2361.1009174311926
13.582695308999973,12.896,2.018348623853211,183.4862385321101,2366.238532110092
13.59277413900054,12.868,2.018348623853211,183.4862385321101,2361.1009174311926
13.60285202400155,12.9,2.018348623853211,201.83486238532112,2603.6697247706425
13.61293090900108,12.868,2.018348623853211,201.83486238532112,2597.211009174312
13.623007145000884,12.9,2.018348623853211,201.83486238532112,2603.6697247706425
13.633080179000899,12.864,2.018348623853211,201.83486238532112,2596.403669724771
13.643153786000767,12.896,2.018348623853211,201.83486238532112,2602.862385321101
13.653227023,12.864,2.018348623853211,201.83486238532112,2596.403669724771
13.663301982000121,12.892,2.018348623853211,201.83486238532112,2602.0550458715597
13.67337577500075,12.872,1.834862385321101,201.83486238532112,2598.0183486238534
13.683454493000681,12.9,1.834862385321101,201.83486238532112,2603.6697247706425
13.693531100001564,12.872,1.834862385321101,183.4862385321101,2361.8348623853212
13.703608689000248,12.892,2.018348623853211,201.83486238532112,2602.0550458715597
13.71369174100073,12.872,2.018348623853211,201.83486238532112,2598.0183486238534
13.72377306999988,12.892,2.018348623853211,183.4862385321101,2365.5045871559632
13.733853770001588,12.868,2.018348623853211,201.83486238532112,2597.211009174312
13.743934395000906,12.9,2.018348623853211,201.83486238532112,2603.6697247706425
13.754015354999865,12.864,2.018348623853211,201.83486238532112,2596.403669724771
13.764096739001616,12.9,2.018348623853211,201.83486238532112,2603.6697247706425
13.774190198000724,12.868,2.018348623853211,201.83486238532112,2597.211009174312
13.784268750001502,12.888,2.018348623853211,183.4862385321101,2364.770642201835
13.794343653000396,12.876,1.834862385321101,201.83486238532112,2598.8256880733948
13.804434131001472,12.888,2.018348623853211,201.83486238532112,2601.2477064220184
13.814511720000155,12.88,2.018348623853211,201.83486238532112,2599.633027522936
13.824590197000362,12.892,2.018348623853211,183.4862385321101,2365.5045871559632
13.834666749000462,12.88,2.018348623853211,201.83486238532112,2599.633027522936
13.844743023000774,12.888,2.018348623853211,183.4862385321101,2364.770642201835
13.85481592600081,12.88,2.018348623853211,201.83486238532112,2599.633027522936
13.864894867001567,12.884,2.018348623853211,201.83486238532112,2600.4403669724775
13.87499547400148,12.88,2.018348623853211,201.83486238532112,2599.633027522936
13.88507385900084,12.88,2.018348623853211,201.83486238532112,2599.633027522936
13.895150540000031,12.888,2.018348623853211,201.83486238532112,2601.2477064220184
13.90522736999992,12.876,2.018348623853211,201.83486238532112,2598.8256880733948
13.915303625000888,12.888,2.018348623853211,201.83486238532112,2601.2477064220184
13.925381491000735,12.876,2.018348623853211,201.83486238532112,2598.8256880733948
13.935457006000433,12.884,2.018348623853211,201.83486238532112,2600.4403669724775
13.945533984000576,12.88,2.018348623853211,201.83486238532112,2599.633027522936
13.955609795000782,12.884,1.834862385321101,201.83486238532112,2600.4403669724775
13.96568777200082,12.884,2.018348623853211,183.4862385321101,2364.0366972477063
13.975772305000646,12.884,2.2018348623853217,201.83486238532112,2600.4403669724775
13.985863857000368,12.884,2.018348623853211,201.83486238532112,2600.4403669724775
13.995945279000807,12.884,2.018348623853211,201.83486238532112,2600.4403669724775
14.006027682000422,12.884,2.018348623853211,201.83486238532112,2600.4403669724775
14.016138900000442,12.892,2.018348623853211,183.4862385321101,2365.5045871559632
14.026223970000501,12.872,2.018348623853211,201.83486238532112,2598.0183486238534
14.036305429001004,12.896,2.018348623853211,201.83486238532112,2602.862385321101
14.046388092001507,12.864,2.018348623853211,201.83486238532112,2596.403669724771
14.056471365000107,12.9,2.018348623853211,201.83486238532112,2603.6697247706425
14.066552842999954,12.864,2.018348623853211,201.83486238532112,2596.403669724771
14.0767261710007,12.9,1.834862385321101,201.83486238532112,2603.6697247706425
14.086804833001224,12.872,2.018348623853211,201.83486238532112,2598.0183486238534
14.09688294100124,12.892,2.018348623853211,201.83486238532112,2602.0550458715597
14.10696134400132,12.876,2.018348623853211,201.83486238532112,2598.8256880733948
14.117039673999898,12.896,2.018348623853211,201.83486238532112,2602.862385321101
14.127115966000929,12.868,2.018348623853211,201.83486238532112,2597.211009174312
14.137193999000374,12.9,2.018348623853211,201.83486238532112,2603.6697247706425
14.147270180001215,12.864,2.018348623853211,201.83486238532112,2596.403669724771
14.157347714000935,12.896,2.018348623853211,201.83486238532112,2602.862385321101
14.167423599001268,12.868,2.018348623853211,201.83486238532112,2597.211009174312
14.177511298001264,12.892,1.834862385321101,201.83486238532112,2602.0550458715597
14.187592424001195,12.868,2.018348623853211,201.83486238532112,2597.211009174312
14.197669698000027,12.896,2.018348623853211,201.83486238532112,2602.862385321101
14.20774945300036,12.872,2.018348623853211,201.83486238532112,2598.0183486238534
14.217827079000926,12.892,2.018348623853211,201.83486238532112,2602.0550458715597
14.227911390000372,12.872,2.018348623853211,201.83486238532112,2598.0183486238534
14.237992960001066,12.896,2.018348623853211,201.83486238532112,2602.862385321101
14.248073882001336,12.868,2.018348623853211,201.83486238532112,2597.211009174312
14.25815654500002,12.9,2.018348623853211,201.83486238532112,2603.6697247706425
14.268238022001242,12.86,2.018348623853211,201.83486238532112,2595.5963302752293
14.278333055000985,12.9,2.018348623853211,201.83486238532112,2603.6697247706425
14.28841716200077,12.868,2.018348623853211,201.83486238532112,2597.211009174312
14.298498343001484,12.9,2.018348623853211,201.83486238532112,2603.6697247706425
14.308582524001395,12.872,2.018348623853211,201.83486238532112,2598.0183486238534
14.31866366900067,12.888,2.018348623853211,201.83486238532112,2601.2477064220184
14.328746294000666,12.876,2.018348623853211,183.4862385321101,2362.5688073394494
14.33882714200081,12.888,2.018348623853211,201.83486238532112,2601.2477064220184
14.348909749000086,12.876,2.018348623853211,201.83486238532112,2598.8256880733948
14.358991208000589,12.884,2.018348623853211,201.83486238532112,2600.4403669724775
14.369066316001408,12.876,2.018348623853211,201.83486238532112,2598.8256880733948
14.379179385001407,12.888,1.834862385321101,201.83486238532112,2601.2477064220184
14.38926365900079,12.876,2.018348623853211,201.83486238532112,2598.8256880733948
14.399344618001123,12.892,2.018348623853211,201.83486238532112,2602.0550458715597
14.409426058000463,12.876,2.018348623853211,201.83486238532112,2598.8256880733948
14.419507166001495,12.892,2.018348623853211,183.4862385321101,2365.5045871559632
14.42958349500077,12.88,2.018348623853211,201.83486238532112,2599.633027522936
14.439657880000595,12.88,2.018348623853211,183.4862385321101,2363.302752293578
14.449733561999892,12.88,2.018348623853211,201.83486238532112,2599.633027522936
14.459815076001178,12.88,2.018348623853211,201.83486238532112,2599.633027522936
14.469896035001511,12.876,2.018348623853211,201.83486238532112,2598.8256880733948
14.480055215000903,12.88,2.018348623853211,201.83486238532112,2599.633027522936
14.490133544000855,12.88,1.834862385321101,183.4862385321101,2363.302752293578
14.500211207001485,12.884,1.834862385321101,183.4862385321101,2364.0366972477063
14.510283259000062,12.88,1.834862385321101,183.4862385321101,2363.302752293578
14.520360459000585,12.884,2.018348623853211,201.83486238532112,2600.4403669724775
14.530437213999903,12.888,2.018348623853211,201.83486238532112,2601.2477064220184
14.540516081000533,12.872,2.018348623853211,201.83486238532112,2598.0183486238534
14.550592762001543,12.892,2.018348623853211,183.4862385321101,2365.5045871559632
14.560666203000437,12.868,2.018348623853211,183.4862385321101,2361.1009174311926
14.570738754000558,12.892,1.834862385321101,201.83486238532112,2602.0550458715597
14.58081528799994,12.872,2.018348623853211,201.83486238532112,2598.0183486238534
14.59089765400131,12.892,2.018348623853211,201.83486238532112,2602.0550458715597
14.60098128000027,12.876,2.018348623853211,201.83486238532112,2598.8256880733948
14.61106303500128,12.888,2.018348623853211,201.83486238532112,2601.2477064220184
14.621144772001571,12.876,2.018348623853211,201.83486238532112,2598.8256880733948
14.631222046000403,12.892,1.834862385321101,201.83486238532112,2602.0550458715597
14.641298559999996,12.876,2.018348623853211,183.4862385321101,2362.5688073394494
14.651373407999927,12.892,2.018348623853211,201.83486238532112,2602.0550458715597
14.661449756000366,12.868,2.018348623853211,201.83486238532112,2597.211009174312
14.671525697000106,12.892,2.018348623853211,201.83486238532112,2602.0550458715597
14.681619599999976,12.864,2.018348623853211,201.83486238532112,2596.403669724771
14.691693726001176,12.892,2.018348623853211,201.83486238532112,2602.0550458715597
14.701770629000748,12.872,2.018348623853211,201.83486238532112,2598.0183486238534
14.71184679200087,12.892,2.018348623853211,183.4862385321101,2365.5045871559632
14.721923418001097,12.872,2.018348623853211,201.83486238532112,2598.0183486238534
14.731996136000816,12.896,2.018348623853211,201.83486238532112,2602.862385321101
14.742072077000557,12.868,2.018348623853211,183.4862385321101,2361.1009174311926
14.752147906001483,12.9,2.018348623853211,201.83486238532112,2603.6697247706425
14.76222392100135,12.86,2.018348623853211,201.83486238532112,2595.5963302752293
14.772300195001662,12.9,2.018348623853211,201.83486238532112,2603.6697247706425
14.782377599000029,12.86,2.018348623853211,201.83486238532112,2595.5963302752293
14.7924623910003,12.9,2.018348623853211,201.83486238532112,2603.6697247706425
14.802543572001014,12.864,2.018348623853211,201.83486238532112,2596.403669724771
14.81262386400158,12.9,2.018348623853211,183.4862385321101,2366.97247706422
14.822704897000222,12.872,2.018348623853211,201.83486238532112,2598.0183486238534
14.832786171000407,12.892,2.018348623853211,201.83486238532112,2602.0550458715597
14.84286690800036,12.876,2.018348623853211,183.4862385321101,2362.5688073394494
14.85294977400008,12.892,1.834862385321101,201.83486238532112,2602.0550458715597
14.86302997400162,12.876,2.018348623853211,201.83486238532112,2598.8256880733948
14.873113248000664,12.892,2.018348623853211,201.83486238532112,2602.0550458715597
14.883194892001484,12.872,1.834862385321101,201.83486238532112,2598.0183486238534
14.893271610000738,12.896,2.018348623853211,201.83486238532112,2602.862385321101
14.903352421000818,12.872,2.018348623853211,183.4862385321101,2361.8348623853212
14.913432602001194,12.896,2.018348623853211,201.83486238532112,2602.862385321101
14.923513173000174,12.876,2.018348623853211,183.4862385321101,2362.5688073394494
14.93359396500091,12.888,2.018348623853211,201.83486238532112,2601.2477064220184
14.943674128000566,12.88,2.018348623853211,201.83486238532112,2599.633027522936
14.95375440099997,12.888,2.018348623853211,201.83486238532112,2601.2477064220184
14.963835249000113,12.876,2.018348623853211,220.1834862385321,2835.082568807339
14.97391550500106,12.888,2.018348623853211,201.83486238532112,2601.2477064220184
14.983996501001457,12.876,2.018348623853211,201.83486238532112,2598.8256880733948
14.994077645000289,12.892,2.018348623853211,201.83486238532112,2602.0550458715597
15.004158493000432,12.876,2.018348623853211,201.83486238532112,2598.8256880733948
15.014256192000175,12.892,2.018348623853211,201.83486238532112,2602.0550458715597
15.02434222500051,12.88,2.018348623853211,201.83486238532112,2599.633027522936
15.034431499001585,12.892,2.018348623853211,201.83486238532112,2602.0550458715597
15.044517013000586,12.884,2.018348623853211,201.83486238532112,2600.4403669724775
15.054598065000391,12.88,2.018348623853211,201.83486238532112,2599.633027522936
15.064680468000006,12.888,2.018348623853211,201.83486238532112,2601.2477064220184
15.074770464001631,12.868,2.018348623853211,201.83486238532112,2597.211009174312
15.08485236800152,12.888,2.018348623853211,201.83486238532112,2601.2477064220184
15.094928160000563,12.88,2.018348623853211,201.83486238532112,2599.633027522936
15.105006544999924,12.884,2.018348623853211,183.4862385321101,2364.0366972477063
15.115083634000257,12.884,2.018348623853211,201.83486238532112,2600.4403669724775
15.125161593001394,12.888,2.018348623853211,183.4862385321101,2364.770642201835
15.135238311000649,12.88,1.834862385321101,183.4862385321101,2363.302752293578
15.145316770000136,12.892,2.018348623853211,201.83486238532112,2602.0550458715597
15.155393192000702,12.868,2.018348623853211,201.83486238532112,2597.211009174312
15.165468799001246,12.892,2.018348623853211,201.83486238532112,2602.0550458715597
15.175545314001283,12.868,2.018348623853211,201.83486238532112,2597.211009174312
15.18562234700039,12.888,2.018348623853211,183.4862385321101,2364.770642201835
15.195702621000237,12.872,2.018348623853211,201.83486238532112,2598.0183486238534
15.205784228000994,12.892,2.018348623853211,201.83486238532112,2602.0550458715597
15.215868502000376,12.876,2.018348623853211,201.83486238532112,2598.8256880733948
15.22595016500054,12.888,2.018348623853211,201.83486238532112,2601.2477064220184
15.236030826999922,12.876,2.018348623853211,201.83486238532112,2598.8256880733948
15.246106731001419,12.888,1.834862385321101,201.83486238532112,2601.2477064220184
15.256188097000631,12.876,2.018348623853211,183.4862385321101,2362.5688073394494
15.266269019000902,12.896,2.018348623853211,201.83486238532112,2602.862385321101
15.276349849000326,12.864,2.018348623853211,201.83486238532112,2596.403669724771
15.286430863001442,12.9,2.018348623853211,183.4862385321101,2366.97247706422
15.296510007001416,12.86,2.018348623853211,201.83486238532112,2595.5963302752293
15.306586411001263,12.9,2.018348623853211,201.83486238532112,2603.6697247706425
15.316664444000708,12.868,2.018348623853211,201.83486238532112,2597.211009174312
15.326740551001421,12.892,2.018348623853211,201.83486238532112,2602.0550458715597
15.336818436000613,12.872,2.018348623853211,201.83486238532112,2598.0183486238534
15.346894506001263,12.896,2.018348623853211,201.83486238532112,2602.862385321101
15.356970614000602,12.868,2.018348623853211,201.83486238532112,2597.211009174312
15.367046462000872,12.9,1.834862385321101,220.1834862385321,2840.3669724770643
15.377122402000168,12.868,2.018348623853211,201.83486238532112,2597.211009174312
15.387204102000396,12.896,2.018348623853211,201.83486238532112,2602.862385321101
15.397284820001005,12.868,2.018348623853211,201.83486238532112,2597.211009174312
15.407366242001444,12.896,2.018348623853211,201.83486238532112,2602.862385321101
15.417447146000995,12.868,2.018348623853211,201.83486238532112,2597.211009174312
15.427526790001139,12.896,1.834862385321101,201.83486238532112,2602.862385321101
15.43760841600124,12.872,1.834862385321101,201.83486238532112,2598.0183486238534
15.447689300001002,12.888,2.018348623853211,201.83486238532112,2601.2477064220184
15.457770704000723,12.876,2.018348623853211,201.83486238532112,2598.8256880733948
15.467851663001056,12.888,2.018348623853211,220.1834862385321,2837.7247706422017
15.477933307000058,12.872,2.018348623853211,201.83486238532112,2598.0183486238534
15.488026951001302,12.896,2.018348623853211,201.83486238532112,2602.862385321101
15.498107799001446,12.864,2.018348623853211,201.83486238532112,2596.403669724771
15.508187702000214,12.896,1.834862385321101,201.83486238532112,2602.862385321101
15.518268550000357,12.868,2.018348623853211,183.4862385321101,2361.1009174311926
15.5283493980005,12.896,2.018348623853211,201.83486238532112,2602.862385321101
15.538430635000623,12.876,2.018348623853211,201.83486238532112,2598.8256880733948
15.548513946001549,12.896,2.018348623853211,201.83486238532112,2602.862385321101
15.558594868,12.88,2.018348623853211,201.83486238532112,2599.633027522936
15.568674512000143,12.884,2.018348623853211,201.83486238532112,2600.4403669724775
15.578753952000625,12.88,2.018348623853211,201.83486238532112,2599.633027522936
15.588834448000853,12.88,2.018348623853211,201.83486238532112,2599.633027522936
15.598914037000213,12.88,2.018348623853211,201.83486238532112,2599.633027522936
15.608996644001309,12.884,2.018348623853211,201.83486238532112,2600.4403669724775
15.61907743700067,12.88,2.018348623853211,201.83486238532112,2599.633027522936
15.629158821000601,12.888,2.018348623853211,201.83486238532112,2601.2477064220184
15.639238632000342,12.88,2.018348623853211,201.83486238532112,2599.633027522936
15.649318757999936,12.888,1.834862385321101,201.83486238532112,2601.2477064220184
15.659399791000396,12.888,2.018348623853211,201.83486238532112,2601.2477064220184
15.669480102000307,12.876,1.834862385321101,201.83486238532112,2598.8256880733948
15.679561746001127,12.884,2.018348623853211,201.83486238532112,2600.4403669724775
15.689667870999983,12.872,2.018348623853211,201.83486238532112,2598.0183486238534
15.699749312001586,12.888,2.018348623853211,201.83486238532112,2601.2477064220184
15.709831104000841,12.876,2.018348623853211,201.83486238532112,2598.8256880733948
15.719912637001471,12.888,2.018348623853211,201.83486238532112,2601.2477064220184
15.729992855000091,12.88,2.018348623853211,201.83486238532112,2599.633027522936
15.740073296001356,12.884,2.018348623853211,201.83486238532112,2600.4403669724775
15.750154033001309,12.876,2.018348623853211,201.83486238532112,2598.8256880733948
15.760229936000542,12.892,2.018348623853211,201.83486238532112,2602.0550458715597
15.770310376999987,12.872,2.018348623853211,201.83486238532112,2598.0183486238534
15.780390965001061,12.896,1.834862385321101,183.4862385321101,2366.238532110092
15.790495146000467,12.86,2.018348623853211,201.83486238532112,2595.5963302752293
15.800577957001224,12.9,2.018348623853211,201.83486238532112,2603.6697247706425
15.810657897000056,12.864,2.018348623853211,201.83486238532112,2596.403669724771
15.820740949000538,12.896,2.018348623853211,183.4862385321101,2366.238532110092
15.83082161099992,12.868,2.018348623853211,183.4862385321101,2361.1009174311926
15.840901569999914,12.892,2.018348623853211,201.83486238532112,2602.0550458715597
15.850981659001263,12.872,2.018348623853211,201.83486238532112,2598.0183486238534
15.86106617400037,12.896,2.018348623853211,201.83486238532112,2602.862385321101
15.871147170000768,12.872,2.018348623853211,220.1834862385321,2834.201834862385
15.881227906000277,12.896,1.834862385321101,201.83486238532112,2602.862385321101
15.891318328000125,12.872,2.018348623853211,201.83486238532112,2598.0183486238534
15.901399861000755,12.896,2.2018348623853217,201.83486238532112,2602.862385321101
15.911480746000962,12.864,2.018348623853211,201.83486238532112,2596.403669724771
15.921561872000893,12.9,2.018348623853211,201.83486238532112,2603.6697247706425
15.931643738000275,12.864,1.834862385321101,201.83486238532112,2596.403669724771
15.941724216001603,12.904,2.018348623853211,201.83486238532112,2604.477064220184
15.951805137001429,12.872,2.018348623853211,201.83486238532112,2598.0183486238534
15.961885856000663,12.892,2.018348623853211,201.83486238532112,2602.0550458715597
15.971967221999876,12.872,1.834862385321101,201.83486238532112,2598.0183486238534
15.982048829000632,12.896,2.018348623853211,201.83486238532112,2602.862385321101
15.992153806000715,12.868,2.018348623853211,201.83486238532112,2597.211009174312
16.002234691000922,12.896,1.834862385321101,201.83486238532112,2602.862385321101
16.01231529800134,12.864,2.018348623853211,201.83486238532112,2596.403669724771
16.0224027760014,12.9,2.018348623853211,201.83486238532112,2603.6697247706425
16.03248408700165,12.868,1.834862385321101,183.4862385321101,2361.1009174311926
16.042564842000502,12.9,2.018348623853211,201.83486238532112,2603.6697247706425
16.052647948999947,12.872,2.018348623853211,201.83486238532112,2598.0183486238534
16.06273096299992,12.9,2.018348623853211,201.83486238532112,2603.6697247706425
16.072812682001313,12.876,2.018348623853211,201.83486238532112,2598.8256880733948
16.08289319600044,12.888,2.018348623853211,201.83486238532112,2601.2477064220184
16.093061820000003,12.876,2.018348623853211,201.83486238532112,2598.8256880733948
16.10314061200006,12.884,2.018348623853211,201.83486238532112,2600.4403669724775
16.11321986800067,12.88,2.018348623853211,220.1834862385321,2835.9633027522937
16.12329653100096,12.892,2.018348623853211,183.4862385321101,2365.5045871559632
16.133375193001484,12.876,1.834862385321101,201.83486238532112,2598.8256880733948
16.143452134001564,12.892,2.018348623853211,201.83486238532112,2602.0550458715597
16.15353109300122,12.876,1.834862385321101,201.83486238532112,2598.8256880733948
16.163606385000094,12.884,1.834862385321101,201.83486238532112,2600.4403669724775
16.173683363000237,12.884,1.834862385321101,201.83486238532112,2600.4403669724775
16.183759526000358,12.88,2.018348623853211,201.83486238532112,2599.633027522936
16.193847244001518,12.88,2.018348623853211,183.4862385321101,2363.302752293578
16.203924425000878,12.876,2.018348623853211,220.1834862385321,2835.082568807339
16.21400273600011,12.884,2.018348623853211,201.83486238532112,2600.4403669724775
16.224086027999874,12.88,2.018348623853211,201.83486238532112,2599.633027522936
16.234168802000568,12.884,2.018348623853211,201.83486238532112,2600.4403669724775
16.24425026100107,12.884,2.018348623853211,201.83486238532112,2600.4403669724775
16.254330831001425,12.884,2.018348623853211,201.83486238532112,2600.4403669724775
16.264413919001527,12.884,2.018348623853211,201.83486238532112,2600.4403669724775
16.27449537800021,12.884,1.834862385321101,183.4862385321101,2364.0366972477063
16.28457817100025,12.88,1.834862385321101,201.83486238532112,2599.633027522936
16.29467151800054,12.888,1.834862385321101,201.83486238532112,2601.2477064220184
16.30475007000132,12.868,2.2018348623853217,183.4862385321101,2361.1009174311926
16.314825973000552,12.892,2.018348623853211,201.83486238532112,2602.0550458715597
16.324903247001203,12.868,2.018348623853211,201.83486238532112,2597.211009174312
16.334979447001388,12.892,2.018348623853211,201.83486238532112,2602.0550458715597
16.345057258000452,12.876,2.018348623853211,201.83486238532112,2598.8256880733948
16.35513327300032,12.892,2.018348623853211,201.83486238532112,2602.0550458715597
16.36520863900114,12.876,2.018348623853211,201.83486238532112,2598.8256880733948
16.375282617000266,12.892,2.018348623853211,201.83486238532112,2602.0550458715597
16.38535535400115,12.872,2.018348623853211,201.83486238532112,2598.0183486238534
16.395437183000467,12.892,2.018348623853211,183.4862385321101,2365.5045871559632
16.405520049000188,12.876,2.018348623853211,201.83486238532112,2598.8256880733948
16.415601731001516,12.896,2.018348623853211,201.83486238532112,2602.862385321101
16.425678912000876,12.864,2.018348623853211,183.4862385321101,2360.3669724770643
16.4357600000003,12.896,2.018348623853211,201.83486238532112,2602.862385321101
16.445837496999957,12.868,2.018348623853211,183.4862385321101,2361.1009174311926
16.455914067000776,12.9,1.834862385321101,220.1834862385321,2840.3669724770643
16.46599463700113,12.872,2.018348623853211,201.83486238532112,2598.0183486238534
16.476074892001634,12.892,2.018348623853211,201.83486238532112,2602.0550458715597
16.486164721000023,12.872,2.018348623853211,201.83486238532112,2598.0183486238534
16.4962485140004,12.892,1.834862385321101,201.83486238532112,2602.0550458715597
16.506321602000753,12.864,2.018348623853211,201.83486238532112,2596.403669724771
16.51642163500037,12.9,1.834862385321101,201.83486238532112,2603.6697247706425
16.526497946000745,12.864,2.018348623853211,201.83486238532112,2596.403669724771
16.53657599700091,12.904,2.018348623853211,201.83486238532112,2604.477064220184
16.546652123000968,12.868,2.018348623853211,201.83486238532112,2597.211009174312
16.55672950799999,12.896,2.018348623853211,201.83486238532112,2602.862385321101
16.566806541000915,12.872,2.018348623853211,201.83486238532112,2598.0183486238534
16.576878889,12.892,2.018348623853211,201.83486238532112,2602.0550458715597
16.586955311000565,12.876,2.018348623853211,201.83486238532112,2598.8256880733948
16.597044455000287,12.888,2.018348623853211,201.83486238532112,2601.2477064220184
16.607125266000367,12.876,2.2018348623853217,201.83486238532112,2598.8256880733948
16.61720589200013,12.888,1.834862385321101,183.4862385321101,2364.770642201835
16.6272843880015,12.876,2.018348623853211,201.83486238532112,2598.8256880733948
16.637364365000394,12.896,2.018348623853211,183.4862385321101,2366.238532110092
16.64744099100062,12.872,2.018348623853211,201.83486238532112,2598.0183486238534
16.657521524000913,12.896,2.018348623853211,201.83486238532112,2602.862385321101
16.667597502000717,12.876,2.018348623853211,201.83486238532112,2598.8256880733948
16.677678127000036,12.892,2.018348623853211,201.83486238532112,2602.0550458715597
16.687758216001384,12.88,2.018348623853211,201.83486238532112,2599.633027522936
16.697849304000556,12.884,1.834862385321101,201.83486238532112,2600.4403669724775
16.707926152001164,12.872,2.018348623853211,201.83486238532112,2598.0183486238534
16.718001649000144,12.884,1.834862385321101,201.83486238532112,2600.4403669724775
16.728077145000498,12.876,2.018348623853211,201.83486238532112,2598.8256880733948
16.73815404800007,12.888,2.018348623853211,201.83486238532112,2601.2477064220184
16.748230359000445,12.876,1.834862385321101,201.83486238532112,2598.8256880733948
16.758305911000207,12.888,2.018348623853211,201.83486238532112,2601.2477064220184
16.76838201800092,12.88,2.018348623853211,183.4862385321101,2363.302752293578
16.77845451400026,12.88,2.018348623853211,183.4862385321101,2363.302752293578
16.78853128800074,12.888,2.018348623853211,201.83486238532112,2601.2477064220184
16.798648265001248,12.876,2.018348623853211,201.83486238532112,2598.8256880733948
16.80873096400137,12.888,2.018348623853211,201.83486238532112,2601.2477064220184
16.818814460000794,12.868,2.018348623853211,201.83486238532112,2597.211009174312
16.82889077100117,12.888,1.834862385321101,201.83486238532112,2601.2477064220184
16.83897186000104,12.872,2.2018348623853217,201.83486238532112,2598.0183486238534
16.849054504000378,12.888,2.018348623853211,183.4862385321101,2364.770642201835
16.859135167000204,12.88,2.018348623853211,201.83486238532112,2599.633027522936
16.86921595900094,12.888,2.018348623853211,201.83486238532112,2601.2477064220184
16.879293066000173,12.88,2.018348623853211,201.83486238532112,2599.633027522936
16.889373895000972,12.888,2.018348623853211,201.83486238532112,2601.2477064220184
16.89946348400008,12.88,2.018348623853211,201.83486238532112,2599.633027522936
16.90953640600128,12.888,1.834862385321101,201.83486238532112,2601.2477064220184
16.91961286500009,12.864,1.834862385321101,183.4862385321101,2360.3669724770643
16.92969115699998,12.892,2.2018348623853217,201.83486238532112,2602.0550458715597
16.93976417200065,12.872,2.018348623853211,220.1834862385321,2834.201834862385
16.949840723000307,12.892,2.018348623853211,201.83486238532112,2602.0550458715597
16.95991699700062,12.876,2.018348623853211,201.83486238532112,2598.8256880733948
16.96999293800036,12.888,2.018348623853211,183.4862385321101,2364.770642201835
16.98006878600063,12.876,2.018348623853211,201.83486238532112,2598.8256880733948
16.99014828200052,12.892,2.018348623853211,183.4862385321101,2365.5045871559632
17.000232889000472,12.868,2.018348623853211,201.83486238532112,2597.211009174312
17.010313570001017,12.896,1.834862385321101,201.83486238532112,2602.862385321101
17.020431973000086,12.868,2.018348623853211,201.83486238532112,2597.211009174312
17.030511747001583,12.9,2.018348623853211,201.83486238532112,2603.6697247706425
17.04059600200162,12.86,2.018348623853211,201.83486238532112,2595.5963302752293
17.050677164001172,12.9,2.018348623853211,201.83486238532112,2603.6697247706425
17.060759623000195,12.864,2.018348623853211,201.83486238532112,2596.403669724771
17.070840211999894,12.9,2.018348623853211,201.83486238532112,2603.6697247706425
17.08092809700065,12.868,2.018348623853211,183.4862385321101,2361.1009174311926
17.091007685001387,12.892,2.018348623853211,201.83486238532112,2602.0550458715597
17.101085422000324,12.872,2.018348623853211,201.83486238532112,2598.0183486238534
17.111161603001165,12.888,2.018348623853211,201.83486238532112,2601.2477064220184
17.121239859001435,12.872,2.018348623853211,183.4862385321101,2361.8348623853212
17.13131607700052,12.896,2.2018348623853217,201.83486238532112,2602.862385321101
17.14139357300155,12.868,2.018348623853211,201.83486238532112,2597.211009174312
17.151469662001546,12.896,2.018348623853211,201.83486238532112,2602.862385321101
17.16154302799987,12.876,2.018348623853211,201.83486238532112,2598.8256880733948
17.17161969100016,12.892,2.018348623853211,183.4862385321101,2365.5045871559632
17.181697835001614,12.876,2.018348623853211,201.83486238532112,2598.8256880733948
17.19177210900125,12.888,2.018348623853211,201.83486238532112,2601.2477064220184
17.201845087000038,12.876,2.018348623853211,201.83486238532112,2598.8256880733948
17.211926027001027,12.888,1.834862385321101,201.83486238532112,2601.2477064220184
17.222006505000536,12.872,2.018348623853211,201.83486238532112,2598.0183486238534
17.23208374100068,12.888,2.018348623853211,201.83486238532112,2601.2477064220184
17.242168145001415,12.876,2.018348623853211,201.83486238532112,2598.8256880733948
17.252249196000776,12.892,2.018348623853211,183.4862385321101,2365.5045871559632
17.26232998800151,12.872,2.018348623853211,201.83486238532112,2598.0183486238534
17.272412928999984,12.892,2.018348623853211,201.83486238532112,2602.0550458715597
17.282493573000465,12.876,2.018348623853211,201.83486238532112,2598.8256880733948
17.292573773000186,12.892,2.018348623853211,201.83486238532112,2602.0550458715597
17.30266612000014,12.884,2.018348623853211,201.83486238532112,2600.4403669724775
17.31274400500115,12.876,2.018348623853211,201.83486238532112,2598.8256880733948
17.32281961300032,12.888,2.018348623853211,201.83486238532112,2601.2477064220184
17.332897164000315,12.876,2.018348623853211,201.83486238532112,2598.8256880733948
17.342973827000606,12.884,2.018348623853211,183.4862385321101,2364.0366972477063
17.353051564001362,12.884,2.018348623853211,201.83486238532112,2600.4403669724775
17.363123541001187,12.884,2.018348623853211,201.83486238532112,2600.4403669724775
17.37319898200076,12.884,2.018348623853211,201.83486238532112,2600.4403669724775
17.383275293001134,12.888,2.018348623853211,201.83486238532112,2601.2477064220184
17.3933541410006,12.876,1.834862385321101,201.83486238532112,2598.8256880733948
17.403441303000363,12.892,2.018348623853211,201.83486238532112,2602.0550458715597
17.413523558001543,12.872,2.018348623853211,201.83486238532112,2598.0183486238534
17.423604277000777,12.888,2.018348623853211,201.83486238532112,2601.2477064220184
17.433681309999884,12.872,2.018348623853211,183.4862385321101,2361.8348623853212
17.44375651000155,12.888,2.018348623853211,201.83486238532112,2601.2477064220184
17.453837617000318,12.876,2.018348623853211,201.83486238532112,2598.8256880733948
17.46391877899987,12.892,1.834862385321101,201.83486238532112,2602.0550458715597
17.473999978999927,12.876,2.018348623853211,183.4862385321101,2362.5688073394494
17.484080142001403,12.892,2.018348623853211,201.83486238532112,2602.0550458715597
17.49416154500068,12.876,2.018348623853211,201.83486238532112,2598.8256880733948
17.504247189001035,12.892,2.018348623853211,201.83486238532112,2602.0550458715597
17.514324073999887,12.868,1.834862385321101,201.83486238532112,2597.211009174312
17.524418977000096,12.9,2.018348623853211,201.83486238532112,2603.6697247706425
17.534495121000873,12.86,2.018348623853211,201.83486238532112,2595.5963302752293
17.54457322900089,12.9,2.018348623853211,201.83486238532112,2603.6697247706425
17.554649336001603,12.868,2.018348623853211,201.83486238532112,2597.211009174312
17.564728054001534,12.896,2.018348623853211,201.83486238532112,2602.862385321101
17.57480149500043,12.872,2.018348623853211,201.83486238532112,2598.0183486238534
17.584880046000762,12.896,2.018348623853211,201.83486238532112,2602.862385321101
17.59495633900042,12.872,2.018348623853211,201.83486238532112,2598.0183486238534
17.60504533400126,12.896,2.018348623853211,201.83486238532112,2602.862385321101
17.615126403999966,12.872,2.018348623853211,201.83486238532112,2598.0183486238534
17.625202141000045,12.892,2.018348623853211,201.83486238532112,2602.0550458715597
17.635280304000844,12.868,2.018348623853211,201.83486238532112,2597.211009174312
17.645357263001642,12.896,2.018348623853211,201.83486238532112,2602.862385321101
17.65543527800037,12.864,2.018348623853211,201.83486238532112,2596.403669724771
17.665512940000553,12.9,2.018348623853211,201.83486238532112,2603.6697247706425
17.67559421400074,12.872,2.018348623853211,201.83486238532112,2598.0183486238534
17.68567472900031,12.9,2.018348623853211,201.83486238532112,2603.6697247706425
17.695754613001554,12.872,2.018348623853211,201.83486238532112,2598.0183486238534
17.70584703500026,12.892,2.018348623853211,183.4862385321101,2365.5045871559632
17.715925476000848,12.872,2.018348623853211,201.83486238532112,2598.0183486238534
17.726001638000525,12.896,2.018348623853211,201.83486238532112,2602.862385321101
17.73607761600033,12.864,2.018348623853211,201.83486238532112,2596.403669724771
17.746153871001297,12.9,2.018348623853211,183.4862385321101,2366.97247706422
17.75623046000146,12.868,2.018348623853211,201.83486238532112,2597.211009174312
17.766306289000568,12.9,2.018348623853211,201.83486238532112,2603.6697247706425
17.77638254500016,12.872,2.018348623853211,201.83486238532112,2598.0183486238534
17.78645861500081,12.888,2.018348623853211,201.83486238532112,2601.2477064220184
17.79653651800072,12.88,2.018348623853211,201.83486238532112,2599.633027522936
17.806615848001456,12.888,2.018348623853211,201.83486238532112,2601.2477064220184
17.816698603000987,12.88,2.018348623853211,201.83486238532112,2599.633027522936
17.826779506000094,12.88,2.018348623853211,201.83486238532112,2599.633027522936
17.836861558000237,12.88,2.018348623853211,201.83486238532112,2599.633027522936
17.846942183001374,12.884,2.018348623853211,201.83486238532112,2600.4403669724775
17.85702466100156,12.884,2.018348623853211,201.83486238532112,2600.4403669724775
17.867101046000244,12.888,2.018348623853211,201.83486238532112,2601.2477064220184
17.877178060000006,12.876,2.018348623853211,183.4862385321101,2362.5688073394494
17.887259185999937,12.892,2.018348623853211,201.83486238532112,2602.0550458715597
17.897335886000292,12.88,2.018348623853211,201.83486238532112,2599.633027522936
17.90742604800107,12.888,2.018348623853211,201.83486238532112,2601.2477064220184
17.91750280300039,12.884,2.018348623853211,201.83486238532112,2600.4403669724775
17.927579207000235,12.876,2.018348623853211,201.83486238532112,2598.8256880733948
17.9376572580004,12.88,2.018348623853211,183.4862385321101,2363.302752293578
17.947733014001642,12.88,2.018348623853211,201.83486238532112,2599.633027522936
17.9578093250002,12.88,2.018348623853211,201.83486238532112,2599.633027522936
17.967882024000573,12.884,1.834862385321101,201.83486238532112,2600.4403669724775
17.977958002000378,12.884,2.018348623853211,201.83486238532112,2600.4403669724775
17.988033850000647,12.88,2.018348623853211,201.83486238532112,2599.633027522936
17.998111124001298,12.888,2.018348623853211,201.83486238532112,2601.2477064220184
18.008197434000977,12.872,2.018348623853211,201.83486238532112,2598.0183486238534
18.01828993000163,12.888,2.018348623853211,201.83486238532112,2601.2477064220184
18.028371926000545,12.868,1.834862385321101,201.83486238532112,2597.211009174312
18.038453959001345,12.896,2.018348623853211,201.83486238532112,2602.862385321101
18.048538140001256,12.86,2.018348623853211,201.83486238532112,2595.5963302752293
18.058618840001145,12.896,2.018348623853211,201.83486238532112,2602.862385321101
18.068704539000464,12.868,2.018348623853211,201.83486238532112,2597.211009174312
18.078786498001136,12.896,2.018348623853211,201.83486238532112,2602.862385321101
18.088872365000498,12.872,2.018348623853211,201.83486238532112,2598.0183486238534
18.09895273100119,12.888,2.018348623853211,201.83486238532112,2601.2477064220184
18.109124096001324,12.872,2.018348623853211,201.83486238532112,2598.0183486238534
18.11920086900136,12.896,2.018348623853211,201.83486238532112,2602.862385321101
18.129278958000214,12.868,2.018348623853211,201.83486238532112,2597.211009174312
18.139355065000927,12.896,1.834862385321101,201.83486238532112,2602.862385321101
18.149433543001578,12.864,2.018348623853211,201.83486238532112,2596.403669724771
18.159510131001298,12.9,2.018348623853211,201.83486238532112,2603.6697247706425
18.1695866830014,12.868,2.018348623853211,201.83486238532112,2597.211009174312
18.179663234001055,12.896,2.018348623853211,201.83486238532112,2602.862385321101
18.18973871200069,12.872,2.018348623853211,201.83486238532112,2598.0183486238534
18.19981183800155,12.896,2.018348623853211,183.4862385321101,2366.238532110092
18.20990076000089,12.872,1.834862385321101,201.83486238532112,2598.0183486238534
18.219981904001543,12.896,2.018348623853211,201.83486238532112,2602.862385321101
18.230063048000375,12.864,2.018348623853211,183.4862385321101,2360.3669724770643
18.24014356200132,12.896,2.018348623853211,201.83486238532112,2602.862385321101
18.250225725001656,12.864,2.018348623853211,201.83486238532112,2596.403669724771
18.260307832000763,12.9,1.834862385321101,201.83486238532112,2603.6697247706425
18.27038943900152,12.864,2.018348623853211,201.83486238532112,2596.403669724771
18.280472750000627,12.9,2.018348623853211,201.83486238532112,2603.6697247706425
18.290553283000918,12.868,2.2018348623853217,201.83486238532112,2597.211009174312
18.300636093999856,12.9,2.018348623853211,201.83486238532112,2603.6697247706425
18.310727386000508,12.872,2.018348623853211,183.4862385321101,2361.8348623853212
18.32079932600027,12.892,2.018348623853211,201.83486238532112,2602.0550458715597
18.33087235900166,12.876,2.018348623853211,201.83486238532112,2598.8256880733948
18.340949281000576,12.888,2.018348623853211,201.83486238532112,2601.2477064220184
18.35102790700148,12.876,2.2018348623853217,201.83486238532112,2598.8256880733948
18.36110264400122,12.892,2.018348623853211,201.83486238532112,2602.0550458715597
18.37117575100092,12.872,1.834862385321101,201.83486238532112,2598.0183486238534
18.38125452500026,12.896,2.018348623853211,183.4862385321101,2366.238532110092
18.391329799000232,12.876,2.018348623853211,201.83486238532112,2598.8256880733948
18.401407350000227,12.884,2.018348623853211,201.83486238532112,2600.4403669724775
18.41149549400143,12.88,2.018348623853211,201.83486238532112,2599.633027522936
18.421573305000493,12.884,2.018348623853211,201.83486238532112,2600.4403669724775
18.431644820000656,12.876,1.834862385321101,201.83486238532112,2598.8256880733948
18.441719168000418,12.884,2.018348623853211,201.83486238532112,2600.4403669724775
18.451794423001047,12.88,2.018348623853211,201.83486238532112,2599.633027522936
18.46186656700047,12.888,2.018348623853211,201.83486238532112,2601.2477064220184
18.47193706300095,12.88,1.834862385321101,183.4862385321101,2363.302752293578
18.48201361500105,12.888,2.018348623853211,201.83486238532112,2601.2477064220184
18.4920898520013,12.88,2.018348623853211,201.83486238532112,2599.633027522936
18.502164459001506,12.88,2.018348623853211,201.83486238532112,2599.633027522936
18.512305879999985,12.884,2.018348623853211,183.4862385321101,2364.0366972477063
18.522387246001017,12.884,2.018348623853211,201.83486238532112,2600.4403669724775
18.532469501000378,12.888,2.018348623853211,183.4862385321101,2364.770642201835
18.54255022000143,12.872,2.018348623853211,201.83486238532112,2598.0183486238534
18.55263521500092,12.892,2.018348623853211,201.83486238532112,2602.0550458715597
18.562715767000554,12.868,2.018348623853211,201.83486238532112,2597.211009174312
18.572791282000253,12.892,2.018348623853211,201.83486238532112,2602.0550458715597
18.58287220300008,12.876,2.018348623853211,201.83486238532112,2598.8256880733948
18.592954996000117,12.892,2.018348623853211,201.83486238532112,2602.0550458715597
18.603035307000027,12.88,2.018348623853211,201.83486238532112,2599.633027522936
18.613112191000255,12.888,2.018348623853211,183.4862385321101,2364.770642201835
18.623188909999953,12.872,2.018348623853211,201.83486238532112,2598.0183486238534
18.63326098000107,12.896,2.018348623853211,201.83486238532112,2602.862385321101
18.643334328000492,12.868,2.018348623853211,201.83486238532112,2597.211009174312
18.653414046000762,12.892,2.018348623853211,201.83486238532112,2602.0550458715597
18.663485876000777,12.868,2.018348623853211,183.4862385321101,2361.1009174311926
18.67356237200147,12.892,2.018348623853211,201.83486238532112,2602.0550458715597
18.68363883100028,12.872,2.018348623853211,201.83486238532112,2598.0183486238534
18.69371479000074,12.892,2.018348623853211,201.83486238532112,2602.0550458715597
18.703790952000418,12.876,2.018348623853211,183.4862385321101,2362.5688073394494
18.713863819000835,12.892,2.018348623853211,201.83486238532112,2602.0550458715597
18.723944556000788,12.876,2.018348623853211,201.83486238532112,2598.8256880733948
18.73402520000127,12.896,2.018348623853211,201.83486238532112,2602.862385321101
18.744105659001434,12.868,1.834862385321101,201.83486238532112,2597.211009174312
18.754189062001387,12.9,2.018348623853211,201.83486238532112,2603.6697247706425
18.764269743000114,12.86,2.018348623853211,201.83486238532112,2595.5963302752293
18.77435023900034,12.904,1.834862385321101,201.83486238532112,2604.477064220184
18.784433105000062,12.864,2.018348623853211,201.83486238532112,2596.403669724771
18.794510286999866,12.904,2.018348623853211,201.83486238532112,2604.477064220184
18.804593337999904,12.868,2.018348623853211,201.83486238532112,2597.211009174312
18.814683018999858,12.896,2.018348623853211,201.83486238532112,2602.862385321101
18.824760811001397,12.872,2.018348623853211,201.83486238532112,2598.0183486238534
18.834836826001265,12.896,2.018348623853211,201.83486238532112,2602.862385321101
18.84491426600107,12.872,2.018348623853211,201.83486238532112,2598.0183486238534
18.854986929000006,12.892,2.018348623853211,201.83486238532112,2602.0550458715597
18.865063332001228,12.868,2.018348623853211,201.83486238532112,2597.211009174312
18.87513908800065,12.896,2.018348623853211,201.83486238532112,2602.862385321101
18.885211251001238,12.872,2.018348623853211,201.83486238532112,2598.0183486238534
18.895283710000513,12.892,2.018348623853211,201.83486238532112,2602.0550458715597
18.9053624090011,12.876,2.018348623853211,183.4862385321101,2362.5688073394494
18.915447627001413,12.888,2.018348623853211,201.83486238532112,2601.2477064220184
18.925525438000477,12.88,2.018348623853211,201.83486238532112,2599.633027522936
18.935606749000726,12.888,2.018348623853211,183.4862385321101,2364.770642201835
18.945687171000827,12.872,2.018348623853211,201.83486238532112,2598.0183486238534
18.955768278001415,12.888,2.018348623853211,201.83486238532112,2601.2477064220184
18.965845755001283,12.872,2.018348623853211,201.83486238532112,2598.0183486238534
18.975922696001362,12.892,2.018348623853211,201.83486238532112,2602.0550458715597
18.985999507000088,12.872,1.834862385321101,201.83486238532112,2598.0183486238534
18.996079836000717,12.892,2.018348623853211,201.83486238532112,2602.0550458715597
19.00616090600124,12.876,2.018348623853211,201.83486238532112,2598.8256880733948
19.01625469800092,12.86,2.018348623853211,220.1834862385321,2831.559633027523
19.026333286999943,12.86,2.018348623853211,201.83486238532112,2595.5963302752293
19.036412393999854,12.864,2.018348623853211,201.83486238532112,2596.403669724771
19.04649068600156,12.864,2.018348623853211,201.83486238532112,2596.403669724771
19.056569719001345,12.864,2.018348623853211,201.83486238532112,2596.403669724771
19.06664619700132,12.868,2.2018348623853217,201.83486238532112,2597.211009174312
19.076732692001315,12.868,2.2018348623853217,201.83486238532112,2597.211009174312
19.086809540000104,12.864,2.018348623853211,220.1834862385321,2832.4403669724775
19.096885517999908,12.876,2.018348623853211,201.83486238532112,2598.8256880733948
19.10696229200039,12.864,2.2018348623853217,220.1834862385321,2832.4403669724775
19.11707386099988,12.864,2.018348623853211,201.83486238532112,2596.403669724771
19.127150246000383,12.864,2.018348623853211,220.1834862385321,2832.4403669724775
19.13722776100076,12.868,2.018348623853211,201.83486238532112,2597.211009174312
19.147300757000266,12.868,2.018348623853211,220.1834862385321,2833.321100917431
19.157377808000092,12.868,2.018348623853211,220.1834862385321,2833.321100917431
19.16745548900144,12.864,2.018348623853211,201.83486238532112,2596.403669724771
19.177533578000293,12.872,2.018348623853211,220.1834862385321,2834.201834862385
19.187610130000394,12.864,2.018348623853211,220.1834862385321,2832.4403669724775
19.19768373700026,12.872,2.018348623853211,201.83486238532112,2598.0183486238534
19.207757122001567,12.86,2.2018348623853217,201.83486238532112,2595.5963302752293
19.21784489499987,12.876,2.018348623853211,220.1834862385321,2835.082568807339
19.22792144699997,12.868,2.018348623853211,201.83486238532112,2597.211009174312
19.237997165000706,12.864,2.018348623853211,220.1834862385321,2832.4403669724775
19.24807377200159,12.872,2.018348623853211,201.83486238532112,2598.0183486238534
19.25815176800097,12.856,2.2018348623853217,201.83486238532112,2594.7889908256884
19.268225116000394,12.868,2.2018348623853217,201.83486238532112,2597.211009174312
19.27830418600024,12.86,2.2018348623853217,201.83486238532112,2595.5963302752293
19.288381330001357,12.868,2.018348623853211,201.83486238532112,2597.211009174312
19.298457845001394,12.868,2.018348623853211,201.83486238532112,2597.211009174312
19.30853597100031,12.864,2.2018348623853217,220.1834862385321,2832.4403669724775
19.31868037300046,12.868,2.018348623853211,201.83486238532112,2597.211009174312
19.328762850000203,12.864,2.018348623853211,201.83486238532112,2596.403669724771
19.338839328000176,12.872,2.018348623853211,201.83486238532112,2598.0183486238534
19.348921564000193,12.868,2.018348623853211,201.83486238532112,2597.211009174312
19.358999264000886,12.876,2.018348623853211,220.1834862385321,2835.082568807339
19.369076538001536,12.864,2.018348623853211,201.83486238532112,2596.403669724771
19.37915312699988,12.86,2.018348623853211,201.83486238532112,2595.5963302752293
19.389235641001505,12.868,2.018348623853211,220.1834862385321,2833.321100917431
19.39931639600036,12.864,2.018348623853211,201.83486238532112,2596.403669724771
19.40939752200029,12.868,2.018348623853211,220.1834862385321,2833.321100917431
19.419491388000097,12.868,2.018348623853211,201.83486238532112,2597.211009174312
19.42956590200083,12.864,2.018348623853211,201.83486238532112,2596.403669724771
19.439641658000255,12.872,2.018348623853211,201.83486238532112,2598.0183486238534
19.449716506000186,12.868,2.018348623853211,220.1834862385321,2833.321100917431
19.459789835000265,12.86,2.018348623853211,220.1834862385321,2831.559633027523
19.46986746100083,12.872,2.018348623853211,220.1834862385321,2834.201834862385
19.479943457001355,12.856,2.2018348623853217,201.83486238532112,2594.7889908256884
19.490019694001603,12.872,2.018348623853211,201.83486238532112,2598.0183486238534
19.500093671000286,12.86,2.2018348623853217,201.83486238532112,2595.5963302752293
19.510166075000598,12.872,2.018348623853211,220.1834862385321,2834.201834862385
19.520254385000953,12.868,2.018348623853211,201.83486238532112,2597.211009174312
19.53033525200044,12.872,2.2018348623853217,220.1834862385321,2834.201834862385
19.540417859001536,12.868,2.2018348623853217,201.83486238532112,2597.211009174312
19.55050026200115,12.868,2.018348623853211,201.83486238532112,2597.211009174312
19.560582998999962,12.872,2.018348623853211,201.83486238532112,2598.0183486238534
19.570712012000513,12.864,2.018348623853211,201.83486238532112,2596.403669724771
19.580788379000296,12.872,2.018348623853211,220.1834862385321,2834.201834862385
19.59086937400025,12.868,2.018348623853211,201.83486238532112,2597.211009174312
19.600953481000033,12.86,2.018348623853211,201.83486238532112,2595.5963302752293
19.611032126000282,12.872,2.018348623853211,201.83486238532112,2598.0183486238534
19.621135843000957,12.86,2.018348623853211,201.83486238532112,2595.5963302752293
19.63120989500021,12.872,2.018348623853211,220.1834862385321,2834.201834862385
19.641284058001474,12.868,2.018348623853211,220.1834862385321,2833.321100917431
19.65135857200039,12.868,2.018348623853211,220.1834862385321,2833.321100917431
19.661435272000745,12.864,2.2018348623853217,220.1834862385321,2832.4403669724775
19.671511879001628,12.872,2.018348623853211,201.83486238532112,2598.0183486238534
19.68159007900067,12.86,2.018348623853211,201.83486238532112,2595.5963302752293
19.691665964001004,12.876,2.2018348623853217,201.83486238532112,2598.8256880733948
19.70174251500066,12.86,2.018348623853211,201.83486238532112,2595.5963302752293
19.71181967800112,12.876,2.018348623853211,201.83486238532112,2598.8256880733948
19.721904063000693,12.86,2.018348623853211,201.83486238532112,2595.5963302752293
19.73198567000145,12.876,2.018348623853211,201.83486238532112,2598.8256880733948
19.742065647000345,12.864,2.018348623853211,201.83486238532112,2596.403669724771
19.75214792100087,12.876,2.2018348623853217,220.1834862385321,2835.082568807339
19.76222851000057,12.868,2.018348623853211,201.83486238532112,2597.211009174312
19.772309302001304,12.864,2.018348623853211,201.83486238532112,2596.403669724771
19.782389668000178,12.868,2.018348623853211,201.83486238532112,2597.211009174312
19.792472181999983,12.864,2.2018348623853217,201.83486238532112,2596.403669724771
19.802552734001438,12.872,2.018348623853211,220.1834862385321,2834.201834862385
19.812635119000333,12.872,2.018348623853211,220.1834862385321,2834.201834862385
19.8227271700016,12.86,2.018348623853211,201.83486238532112,2595.5963302752293
19.832804777001,12.876,2.2018348623853217,220.1834862385321,2835.082568807339
19.84288042100161,12.864,2.018348623853211,201.83486238532112,2596.403669724771
19.852952750999975,12.876,2.2018348623853217,201.83486238532112,2598.8256880733948
19.863029395000922,12.864,2.018348623853211,201.83486238532112,2596.403669724771
19.873107409001022,12.872,2.018348623853211,220.1834862385321,2834.201834862385
19.883181035000234,12.86,2.2018348623853217,201.83486238532112,2595.5963302752293
19.893257401001392,12.872,2.018348623853211,201.83486238532112,2598.0183486238534
19.90333412000109,12.856,2.2018348623853217,201.83486238532112,2594.7889908256884
19.913413264001065,12.876,2.2018348623853217,201.83486238532112,2598.8256880733948
19.923494982000193,12.856,2.018348623853211,201.83486238532112,2594.7889908256884
19.93357245900006,12.876,2.018348623853211,201.83486238532112,2598.8256880733948
19.943653029000416,12.856,2.018348623853211,201.83486238532112,2594.7889908256884
19.95373521000147,12.876,2.018348623853211,201.83486238532112,2598.8256880733948
19.96381574299994,12.86,2.018348623853211,201.83486238532112,2595.5963302752293
19.973896165000042,12.872,2.018348623853211,220.1834862385321,2834.201834862385
19.983976309000354,12.868,2.018348623853211,201.83486238532112,2597.211009174312
19.994056916000773,12.868,2.2018348623853217,201.83486238532112,2597.211009174312
20.004137931000514,12.868,2.018348623853211,220.1834862385321,2833.321100917431
20.014224575001208,12.868,2.018348623853211,220.1834862385321,2833.321100917431
20.024423309001577,12.868,2.2018348623853217,201.83486238532112,2597.211009174312
20.034501138999985,12.876,2.018348623853211,220.1834862385321,2835.082568807339
20.04457969000032,12.856,2.018348623853211,201.83486238532112,2594.7889908256884
20.05465707500116,12.88,2.2018348623853217,201.83486238532112,2599.633027522936
20.064735145000668,12.86,2.018348623853211,220.1834862385321,2831.559633027523
20.074811123000472,12.876,2.2018348623853217,201.83486238532112,2598.8256880733948
20.084888674000467,12.856,2.018348623853211,201.83486238532112,2594.7889908256884
20.094965337000758,12.876,2.018348623853211,201.83486238532112,2598.8256880733948
20.105043573999865,12.864,2.2018348623853217,201.83486238532112,2596.403669724771
20.11511973600136,12.872,2.2018348623853217,201.83486238532112,2598.0183486238534
20.12524708300043,12.864,2.2018348623853217,201.83486238532112,2596.403669724771
20.135327968000638,12.872,2.018348623853211,220.1834862385321,2834.201834862385
20.145408149001014,12.868,2.2018348623853217,220.1834862385321,2833.321100917431
20.155488293001326,12.876,2.018348623853211,220.1834862385321,2835.082568807339
20.16556825200132,12.856,2.2018348623853217,201.83486238532112,2594.7889908256884
20.17564532200049,12.872,2.018348623853211,220.1834862385321,2834.201834862385
20.185726170000635,12.856,2.018348623853211,220.1834862385321,2830.678899082569
20.195803573000376,12.872,2.2018348623853217,201.83486238532112,2598.0183486238534
20.205883458000244,12.86,2.018348623853211,201.83486238532112,2595.5963302752293
20.21596391700041,12.876,2.018348623853211,201.83486238532112,2598.8256880733948
20.22605519100034,12.864,2.018348623853211,201.83486238532112,2596.403669724771
20.236131983001542,12.872,2.018348623853211,220.1834862385321,2834.201834862385
20.246207756999866,12.868,2.018348623853211,220.1834862385321,2833.321100917431
20.256283216000156,12.876,2.018348623853211,201.83486238532112,2598.8256880733948
20.266359175000616,12.856,2.2018348623853217,201.83486238532112,2594.7889908256884
20.27643722600078,12.88,2.2018348623853217,201.83486238532112,2599.633027522936
20.286513111001113,12.848,2.2018348623853217,201.83486238532112,2593.1743119266057
20.29659366300075,12.88,2.018348623853211,201.83486238532112,2599.633027522936
20.306669418001547,12.856,2.018348623853211,201.83486238532112,2594.7889908256884
20.316747099001077,12.88,2.018348623853211,201.83486238532112,2599.633027522936
20.32683292799993,12.86,2.2018348623853217,201.83486238532112,2595.5963302752293
20.336915924001005,12.876,2.018348623853211,220.1834862385321,2835.082568807339
20.346996402000514,12.864,2.018348623853211,201.83486238532112,2596.403669724771
20.35712250800134,12.876,2.018348623853211,201.83486238532112,2598.8256880733948
20.367199652000636,12.864,2.2018348623853217,201.83486238532112,2596.403669724771
20.37728023999989,12.876,2.018348623853211,201.83486238532112,2598.8256880733948
20.38736064400109,12.864,2.018348623853211,201.83486238532112,2596.403669724771
20.397441343000537,12.876,2.018348623853211,201.83486238532112,2598.8256880733948
20.40752246900047,12.852,2.2018348623853217,220.1834862385321,2829.798165137615
20.4176027980011,12.88,2.018348623853211,201.83486238532112,2599.633027522936
20.427690868000354,12.856,2.2018348623853217,201.83486238532112,2594.7889908256884
20.437768585999947,12.876,2.018348623853211,220.1834862385321,2835.082568807339
20.447844323000027,12.86,2.2018348623853217,201.83486238532112,2595.5963302752293
20.45791993000057,12.876,2.018348623853211,201.83486238532112,2598.8256880733948
20.467995815000904,12.864,2.018348623853211,201.83486238532112,2596.403669724771
20.47807253300016,12.88,2.2018348623853217,201.83486238532112,2599.633027522936
20.488148844000534,12.848,2.2018348623853217,201.83486238532112,2593.1743119266057
20.49822574800055,12.884,2.018348623853211,201.83486238532112,2600.4403669724775
20.508298651000587,12.844,2.2018348623853217,220.1834862385321,2828.0366972477063
20.518374979999862,12.884,2.018348623853211,201.83486238532112,2600.4403669724775
20.528462828000556,12.852,2.018348623853211,220.1834862385321,2829.798165137615
20.53854480500013,12.88,2.018348623853211,201.83486238532112,2599.633027522936
20.548626245999912,12.856,2.2018348623853217,201.83486238532112,2594.7889908256884
20.558706279000035,12.876,2.018348623853211,201.83486238532112,2598.8256880733948
20.56878118200075,12.86,2.018348623853211,201.83486238532112,2595.5963302752293
20.57885645600072,12.876,2.018348623853211,201.83486238532112,2598.8256880733948
20.588939414999913,12.864,2.018348623853211,201.83486238532112,2596.403669724771
20.59902135500124,12.872,2.2018348623853217,201.83486238532112,2598.0183486238534
20.609096314001363,12.856,2.018348623853211,201.83486238532112,2594.7889908256884
20.61917740300123,12.88,2.018348623853211,201.83486238532112,2599.633027522936
20.62927436100108,12.848,2.018348623853211,220.1834862385321,2828.917431192661
20.639352265001435,12.884,2.018348623853211,201.83486238532112,2600.4403669724775
20.649428520000583,12.856,2.2018348623853217,201.83486238532112,2594.7889908256884
20.65950505300134,12.876,2.018348623853211,220.1834862385321,2835.082568807339
20.669583623001017,12.86,2.018348623853211,201.83486238532112,2595.5963302752293
20.679659823001202,12.876,2.2018348623853217,220.1834862385321,2835.082568807339
20.6897368000009,12.856,2.018348623853211,201.83486238532112,2594.7889908256884
20.699813481000092,12.88,2.018348623853211,201.83486238532112,2599.633027522936
20.709889977000785,12.848,2.018348623853211,201.83486238532112,2593.1743119266057
20.719965807000335,12.884,1.834862385321101,201.83486238532112,2600.4403669724775
20.73008867200042,12.852,2.018348623853211,220.1834862385321,2829.798165137615
20.740170539000246,12.884,2.018348623853211,220.1834862385321,2836.8440366972477
20.750251312001637,12.848,2.018348623853211,201.83486238532112,2593.1743119266057
20.76033284500045,12.884,2.018348623853211,220.1834862385321,2836.8440366972477
20.77041441500114,12.856,2.2018348623853217,201.83486238532112,2594.7889908256884
20.78049778100103,12.88,2.2018348623853217,220.1834862385321,2835.9633027522937
20.7905787030013,12.86,2.018348623853211,220.1834862385321,2831.559633027523
20.800661551000303,12.872,2.018348623853211,220.1834862385321,2834.201834862385
20.810738879999917,12.86,2.018348623853211,201.83486238532112,2595.5963302752293
20.82082165400061,12.876,2.018348623853211,201.83486238532112,2598.8256880733948
20.830911668001136,12.86,2.018348623853211,220.1834862385321,2831.559633027523
20.84099483099999,12.88,2.2018348623853217,201.83486238532112,2599.633027522936
20.851075938000577,12.852,2.2018348623853217,220.1834862385321,2829.798165137615
20.861157489000107,12.884,2.018348623853211,201.83486238532112,2600.4403669724775
20.87123835500097,12.852,2.018348623853211,220.1834862385321,2829.798165137615
20.88131937000071,12.884,2.018348623853211,201.83486238532112,2600.4403669724775
20.891400551001425,12.852,2.018348623853211,201.83486238532112,2593.981651376147
20.90148213900102,12.876,2.018348623853211,201.83486238532112,2598.8256880733948
20.911563802001183,12.856,2.2018348623853217,220.1834862385321,2830.678899082569
20.921644519999973,12.88,2.018348623853211,201.83486238532112,2599.633027522936
20.931734275000053,12.856,2.2018348623853217,201.83486238532112,2594.7889908256884
20.941815400999985,12.884,2.018348623853211,220.1834862385321,2836.8440366972477
20.951896952001334,12.852,2.2018348623853217,201.83486238532112,2593.981651376147
20.96197750400097,12.884,2.018348623853211,201.83486238532112,2600.4403669724775
20.972054351001134,12.852,2.2018348623853217,201.83486238532112,2593.981651376147
20.98213571800079,12.884,2.018348623853211,201.83486238532112,2600.4403669724775
20.99221706500066,12.856,2.018348623853211,201.83486238532112,2594.7889908256884
21.002297672001077,12.876,2.018348623853211,220.1834862385321,2835.082568807339
21.012379261001115,12.856,2.2018348623853217,201.83486238532112,2594.7889908256884
21.022465331001513,12.876,2.018348623853211,201.83486238532112,2598.8256880733948
21.032547401000556,12.86,2.018348623853211,220.1834862385321,2831.559633027523
21.04262848899998,12.88,2.018348623853211,220.1834862385321,2835.9633027522937
21.052711281001393,12.86,2.018348623853211,201.83486238532112,2595.5963302752293
21.062792425000225,12.88,2.018348623853211,201.83486238532112,2599.633027522936
21.07287492100113,12.852,2.2018348623853217,201.83486238532112,2593.981651376147
21.0829560279999,12.888,2.018348623853211,201.83486238532112,2601.2477064220184
21.093038932000127,12.844,2.2018348623853217,201.83486238532112,2592.3669724770643
21.103119946001243,12.884,2.018348623853211,201.83486238532112,2600.4403669724775
21.113201497000773,12.848,2.018348623853211,201.83486238532112,2593.1743119266057
21.123282901000493,12.884,2.2018348623853217,201.83486238532112,2600.4403669724775
21.133392637000725,12.86,2.018348623853211,201.83486238532112,2595.5963302752293
21.143473485000868,12.88,2.018348623853211,201.83486238532112,2599.633027522936
21.153554795000673,12.856,2.018348623853211,201.83486238532112,2594.7889908256884
21.16363640200143,12.88,2.018348623853211,220.1834862385321,2835.9633027522937
21.173717083000156,12.86,2.018348623853211,220.1834862385321,2831.559633027523
21.183798486999876,12.884,2.018348623853211,220.1834862385321,2836.8440366972477
21.193879279000612,12.848,2.2018348623853217,220.1834862385321,2828.917431192661
21.203959590000522,12.88,2.2018348623853217,201.83486238532112,2599.633027522936
21.2140408260002,12.852,2.018348623853211,220.1834862385321,2829.798165137615
21.224121711000407,12.884,2.2018348623853217,201.83486238532112,2600.4403669724775
21.23422872500123,12.852,2.018348623853211,201.83486238532112,2593.981651376147
21.244309517000147,12.88,2.018348623853211,201.83486238532112,2599.633027522936
21.25439047600048,12.856,2.018348623853211,201.83486238532112,2594.7889908256884
21.26447343500149,12.88,2.018348623853211,201.83486238532112,2599.633027522936
21.27455382000153,12.856,2.018348623853211,201.83486238532112,2594.7889908256884
21.284636390000742,12.884,2.018348623853211,201.83486238532112,2600.4403669724775
21.29471760800152,12.852,2.018348623853211,201.83486238532112,2593.981651376147
21.304800178000733,12.888,2.018348623853211,201.83486238532112,2601.2477064220184
21.314883988001384,12.84,2.2018348623853217,220.1834862385321,2827.1559633027523
21.324966818001485,12.888,2.018348623853211,201.83486238532112,2601.2477064220184
21.335058702001334,12.848,2.2018348623853217,201.83486238532112,2593.1743119266057
21.345136791000186,12.884,2.018348623853211,201.83486238532112,2600.4403669724775
21.35521350900126,12.856,2.018348623853211,201.83486238532112,2594.7889908256884
21.365289783001572,12.884,2.018348623853211,220.1834862385321,2836.8440366972477
21.375364982000974,12.856,2.018348623853211,201.83486238532112,2594.7889908256884
21.385442571001477,12.884,2.2018348623853217,201.83486238532112,2600.4403669724775
21.395526289001282,12.852,2.018348623853211,201.83486238532112,2593.981651376147
21.405605600000854,12.884,2.2018348623853217,220.1834862385321,2836.8440366972477
21.41568113300127,12.848,2.018348623853211,201.83486238532112,2593.1743119266057
21.42575799900078,12.884,2.018348623853211,201.83486238532112,2600.4403669724775
21.43584399500105,12.852,2.2018348623853217,201.83486238532112,2593.981651376147
21.44592662100149,12.884,2.2018348623853217,220.1834862385321,2836.8440366972477
21.456007913000576,12.852,2.018348623853211,220.1834862385321,2829.798165137615
21.46608876100072,12.88,2.2018348623853217,220.1834862385321,2835.9633027522937
21.47617014500065,12.856,2.018348623853211,220.1834862385321,2830.678899082569
21.486251104000985,12.88,2.018348623853211,220.1834862385321,2835.9633027522937
21.49633034100043,12.852,2.018348623853211,201.83486238532112,2593.981651376147
21.506410133000827,12.884,2.018348623853211,201.83486238532112,2600.4403669724775
21.51649485100097,12.848,2.2018348623853217,201.83486238532112,2593.1743119266057
21.52657567999995,12.888,2.018348623853211,201.83486238532112,2601.2477064220184
21.536668269000074,12.844,2.018348623853211,201.83486238532112,2592.3669724770643
21.546745079000175,12.888,2.018348623853211,201.83486238532112,2601.2477064220184
21.55682276100015,12.852,2.018348623853211,201.83486238532112,2593.981651376147
21.566899794001074,12.88,2.018348623853211,201.83486238532112,2599.633027522936
21.576975586000117,12.852,2.2018348623853217,220.1834862385321,2829.798165137615
21.587052026001402,12.88,2.2018348623853217,201.83486238532112,2599.633027522936
21.597129929999937,12.856,2.018348623853211,201.83486238532112,2594.7889908256884
21.607205870001053,12.88,2.2018348623853217,201.83486238532112,2599.633027522936
21.61728138500075,12.852,2.018348623853211,201.83486238532112,2593.981651376147
21.627356861999942,12.884,2.018348623853211,220.1834862385321,2836.8440366972477
21.637441543000023,12.848,2.018348623853211,201.83486238532112,2593.1743119266057
21.64752244600095,12.884,2.2018348623853217,201.83486238532112,2600.4403669724775
21.65760368300107,12.848,2.018348623853211,201.83486238532112,2593.1743119266057
21.667684846001066,12.888,2.018348623853211,201.83486238532112,2601.2477064220184
21.67776543400032,12.884,1.834862385321101,201.83486238532112,2600.4403669724775
21.68784691200017,12.904,1.834862385321101,201.83486238532112,2604.477064220184
21.697927832999994,12.876,2.018348623853211,201.83486238532112,2598.8256880733948
21.708008755000265,12.892,2.018348623853211,201.83486238532112,2602.0550458715597
21.718089270001656,12.868,2.018348623853211,201.83486238532112,2597.211009174312
21.728170414000488,12.896,2.018348623853211,201.83486238532112,2602.862385321101
21.738259946001563,12.872,2.018348623853211,201.83486238532112,2598.0183486238534
21.74834142400141,12.9,2.018348623853211,201.83486238532112,2603.6697247706425
21.75842253100018,12.872,2.018348623853211,201.83486238532112,2598.0183486238534
21.768505860000005,12.9,2.018348623853211,201.83486238532112,2603.6697247706425
21.778586782000275,12.872,2.018348623853211,201.83486238532112,2598.0183486238534
21.78866950000156,12.896,2.018348623853211,201.83486238532112,2602.862385321101
21.798750088000816,12.856,2.018348623853211,201.83486238532112,2594.7889908256884
21.808832510001594,12.856,2.018348623853211,201.83486238532112,2594.7889908256884
21.818913654000426,12.856,2.018348623853211,220.1834862385321,2830.678899082569
21.82899576100135,12.864,2.018348623853211,201.83486238532112,2596.403669724771
21.839099701001032,12.86,2.018348623853211,220.1834862385321,2831.559633027523
21.849181067000245,12.876,2.018348623853211,201.83486238532112,2598.8256880733948
21.859262100000706,12.86,2.018348623853211,201.83486238532112,2595.5963302752293
21.869338059001166,12.88,2.2018348623853217,201.83486238532112,2599.633027522936
21.879419074000907,12.856,2.2018348623853217,201.83486238532112,2594.7889908256884
21.889500088000204,12.88,2.018348623853211,201.83486238532112,2599.633027522936
21.899577490999945,12.86,2.018348623853211,201.83486238532112,2595.5963302752293
21.90965893200155,12.884,2.018348623853211,201.83486238532112,2600.4403669724775
21.91973948300074,12.86,2.018348623853211,201.83486238532112,2595.5963302752293
21.929820385999847,12.872,2.018348623853211,201.83486238532112,2598.0183486238534
21.939910234001218,12.86,2.018348623853211,201.83486238532112,2595.5963302752293
21.94999137800005,12.876,2.018348623853211,201.83486238532112,2598.8256880733948
21.960072152000066,12.86,2.018348623853211,201.83486238532112,2595.5963302752293
21.970153481001034,12.88,2.018348623853211,201.83486238532112,2599.633027522936
21.98023418000048,12.86,2.018348623853211,201.83486238532112,2595.5963302752293
21.990315250001004,12.884,2.018348623853211,201.83486238532112,2600.4403669724775
22.00039296900104,12.86,2.018348623853211,201.83486238532112,2595.5963302752293
22.01047342700076,12.876,2.018348623853211,220.1834862385321,2835.082568807339
22.020560681999996,12.864,2.018348623853211,201.83486238532112,2596.403669724771
22.03064125200035,12.868,2.2018348623853217,201.83486238532112,2597.211009174312
22.040810339000018,12.864,2.2018348623853217,220.1834862385321,2832.4403669724775
22.050888131001557,12.872,2.018348623853211,201.83486238532112,2598.0183486238534
22.060965276001298,12.864,2.2018348623853217,201.83486238532112,2596.403669724771
22.07104269699994,12.876,2.2018348623853217,201.83486238532112,2598.8256880733948
22.08112078600061,12.864,2.018348623853211,201.83486238532112,2596.403669724771
22.091199041000436,12.88,2.018348623853211,220.1834862385321,2835.9633027522937
22.101276648001658,12.86,2.018348623853211,201.83486238532112,2595.5963302752293
22.111353014000997,12.88,2.018348623853211,201.83486238532112,2599.633027522936
22.121430787999998,12.856,2.018348623853211,201.83486238532112,2594.7889908256884
22.1315071730005,12.872,2.018348623853211,220.1834862385321,2834.201834862385
22.141652223001074,12.86,2.2018348623853217,201.83486238532112,2595.5963302752293
22.15173399700143,12.88,2.018348623853211,220.1834862385321,2835.9633027522937
22.161814863000473,12.864,2.018348623853211,201.83486238532112,2596.403669724771
22.17189585900087,12.872,2.018348623853211,201.83486238532112,2598.0183486238534
22.181976485000632,12.864,2.018348623853211,220.1834862385321,2832.4403669724775
22.192057036001643,12.872,2.2018348623853217,220.1834862385321,2834.201834862385
22.20213793900075,12.864,2.018348623853211,201.83486238532112,2596.403669724771
22.212219417000597,12.876,2.018348623853211,201.83486238532112,2598.8256880733948
22.222300227000233,12.86,2.018348623853211,201.83486238532112,2595.5963302752293
22.232381131001603,12.876,2.2018348623853217,201.83486238532112,2598.8256880733948
22.242473571001028,12.86,2.018348623853211,201.83486238532112,2595.5963302752293
22.25255201100117,12.868,2.018348623853211,201.83486238532112,2597.211009174312
22.262628378000954,12.868,2.2018348623853217,201.83486238532112,2597.211009174312
22.27270576200135,12.868,2.018348623853211,201.83486238532112,2597.211009174312
22.28278190600031,12.864,2.018348623853211,201.83486238532112,2596.403669724771
22.292859588000283,12.872,2.018348623853211,220.1834862385321,2834.201834862385
22.302936101999876,12.868,2.018348623853211,201.83486238532112,2597.211009174312
22.31301391300076,12.876,2.018348623853211,220.1834862385321,2835.082568807339
22.3230929270012,12.86,2.018348623853211,201.83486238532112,2595.5963302752293
22.333169405001172,12.88,2.018348623853211,220.1834862385321,2835.9633027522937
22.343301992001216,12.86,2.018348623853211,201.83486238532112,2595.5963302752293
22.353384951000407,12.88,2.018348623853211,201.83486238532112,2599.633027522936
22.363464836000276,12.86,2.018348623853211,220.1834862385321,2831.559633027523
22.373544739000863,12.88,2.018348623853211,201.83486238532112,2599.633027522936
22.38362479100033,12.868,2.2018348623853217,201.83486238532112,2597.211009174312
22.393712934001087,12.868,2.018348623853211,201.83486238532112,2597.211009174312
22.4037955040003,12.868,2.018348623853211,201.83486238532112,2597.211009174312
22.4138708340015,12.868,2.018348623853211,220.1834862385321,2833.321100917431
22.423951811000734,12.864,2.018348623853211,201.83486238532112,2596.403669724771
22.434032659000877,12.868,2.018348623853211,201.83486238532112,2597.211009174312
22.44412428400028,12.864,2.018348623853211,201.83486238532112,2596.403669724771
22.45420013200055,12.872,2.2018348623853217,201.83486238532112,2598.0183486238534
22.46427560900156,12.868,2.018348623853211,201.83486238532112,2597.211009174312
22.47435256800054,12.868,2.018348623853211,201.83486238532112,2597.211009174312
22.48443074900024,12.868,2.018348623853211,201.83486238532112,2597.211009174312
22.49450719000015,12.864,2.018348623853211,220.1834862385321,2832.4403669724775
22.504582797000694,12.868,2.2018348623853217,201.83486238532112,2597.211009174312
22.514659034000942,12.864,2.2018348623853217,220.1834862385321,2832.4403669724775
22.524736548000874,12.868,2.018348623853211,201.83486238532112,2597.211009174312
22.534812674000932,12.872,2.018348623853211,201.83486238532112,2598.0183486238534
22.54489904000002,12.86,2.018348623853211,201.83486238532112,2595.5963302752293
22.554980832001092,12.872,2.018348623853211,201.83486238532112,2598.0183486238534
22.565063957999882,12.86,2.018348623853211,201.83486238532112,2595.5963302752293
22.575144342001295,12.876,2.2018348623853217,201.83486238532112,2598.8256880733948
22.585225264001565,12.868,2.018348623853211,220.1834862385321,2833.321100917431
22.59530572299991,12.872,2.018348623853211,201.83486238532112,2598.0183486238534
22.605385886001386,12.868,2.018348623853211,201.83486238532112,2597.211009174312
22.61546638100117,12.864,2.018348623853211,201.83486238532112,2596.403669724771
22.625546711000425,12.872,2.018348623853211,220.1834862385321,2834.201834862385
22.635627207000653,12.86,2.018348623853211,201.83486238532112,2595.5963302752293
22.645718221001516,12.868,2.018348623853211,201.83486238532112,2597.211009174312
22.65579980900111,12.864,2.2018348623853217,201.83486238532112,2596.403669724771
22.665881046001232,12.868,2.2018348623853217,201.83486238532112,2597.211009174312
22.675961986000402,12.872,2.018348623853211,220.1834862385321,2834.201834862385
22.686042797000482,12.864,2.018348623853211,201.83486238532112,2596.403669724771
22.6961238110016,12.876,2.018348623853211,201.83486238532112,2598.8256880733948
22.70620443700136,12.868,2.018348623853211,220.1834862385321,2833.321100917431
22.716284266000002,12.872,2.2018348623853217,201.83486238532112,2598.0183486238534
22.72636557700025,12.868,2.2018348623853217,220.1834862385321,2833.321100917431
22.73644885000067,12.86,2.018348623853211,201.83486238532112,2595.5963302752293
22.74655416099995,12.876,2.2018348623853217,201.83486238532112,2598.8256880733948
22.756637286000114,12.872,2.018348623853211,201.83486238532112,2598.0183486238534
22.766718430000765,12.872,1.834862385321101,220.1834862385321,2834.201834862385
22.776800981000633,12.872,2.018348623853211,201.83486238532112,2598.0183486238534
22.786882181000692,12.88,1.834862385321101,201.83486238532112,2599.633027522936
22.79696478799997,12.88,2.018348623853211,201.83486238532112,2599.633027522936
22.807045395000387,12.856,2.018348623853211,201.83486238532112,2594.7889908256884
22.817127150001397,12.872,2.018348623853211,220.1834862385321,2834.201834862385
22.827204405000884,12.884,2.018348623853211,201.83486238532112,2600.4403669724775
22.837285623001662,12.868,2.018348623853211,201.83486238532112,2597.211009174312
22.84737500800111,12.868,2.018348623853211,220.1834862385321,2833.321100917431
22.85745678100102,12.852,2.2018348623853217,220.1834862385321,2829.798165137615
22.867537537000317,12.876,2.018348623853211,201.83486238532112,2598.8256880733948
22.87761842100008,12.86,2.018348623853211,201.83486238532112,2595.5963302752293
22.887699139000688,12.876,2.2018348623853217,220.1834862385321,2835.082568807339
22.897778580001614,12.864,2.018348623853211,201.83486238532112,2596.403669724771
22.907859946000826,12.868,2.018348623853211,201.83486238532112,2597.211009174312
22.917940590001308,12.872,2.018348623853211,201.83486238532112,2598.0183486238534
22.92801577099999,12.88,2.018348623853211,201.83486238532112,2599.633027522936
22.938096230000156,12.872,2.018348623853211,201.83486238532112,2598.0183486238534
22.94818755900087,12.868,2.018348623853211,201.83486238532112,2597.211009174312
22.958268629001395,12.868,2.018348623853211,220.1834862385321,2833.321100917431
22.968349440001475,12.88,2.018348623853211,201.83486238532112,2599.633027522936
22.97843062100037,12.856,2.2018348623853217,220.1834862385321,2830.678899082569
22.98851326500153,12.872,2.018348623853211,201.83486238532112,2598.0183486238534
22.99859350100087,12.868,2.018348623853211,201.83486238532112,2597.211009174312
23.008673867001562,12.872,2.018348623853211,201.83486238532112,2598.0183486238534
23.01876512200033,12.864,2.2018348623853217,220.1834862385321,2832.4403669724775
23.028849414000433,12.872,2.018348623853211,220.1834862385321,2834.201834862385
23.038931188000788,12.864,2.018348623853211,201.83486238532112,2596.403669724771
23.04904833100045,12.876,2.018348623853211,201.83486238532112,2598.8256880733948
23.05912956800057,12.864,2.018348623853211,220.1834862385321,2832.4403669724775
23.069210618999932,12.876,2.2018348623853217,201.83486238532112,2598.8256880733948
23.079291763000583,12.856,2.018348623853211,201.83486238532112,2594.7889908256884
23.08937264800079,12.88,2.2018348623853217,220.1834862385321,2835.9633027522937
23.099452718000975,12.856,2.018348623853211,201.83486238532112,2594.7889908256884
23.10953317700114,12.876,2.018348623853211,201.83486238532112,2598.8256880733948
23.11961298800088,12.864,2.018348623853211,220.1834862385321,2832.4403669724775
23.129693427999882,12.876,2.018348623853211,220.1834862385321,2835.082568807339
23.139773498000068,12.868,2.018348623853211,201.83486238532112,2597.211009174312
23.14988301199992,12.868,2.018348623853211,201.83486238532112,2597.211009174312
23.159963897000125,12.868,2.018348623853211,201.83486238532112,2597.211009174312
23.17004420700141,12.872,2.2018348623853217,201.83486238532112,2598.0183486238534
23.18012392499986,12.856,2.018348623853211,201.83486238532112,2594.7889908256884
23.19020479200117,12.876,1.834862385321101,201.83486238532112,2598.8256880733948
23.200285399001586,12.852,2.2018348623853217,201.83486238532112,2593.981651376147
23.2103655610008,12.88,2.018348623853211,201.83486238532112,2599.633027522936
23.220446964000075,12.86,2.018348623853211,201.83486238532112,2595.5963302752293
23.230527590001657,12.88,2.018348623853211,201.83486238532112,2599.633027522936
23.24060943800032,12.86,2.018348623853211,220.1834862385321,2831.559633027523
23.250699692000126,12.876,2.2018348623853217,201.83486238532112,2598.8256880733948
23.260782151000967,12.86,2.018348623853211,201.83486238532112,2595.5963302752293
23.270862203000434,12.876,2.018348623853211,220.1834862385321,2835.082568807339
23.280943995001508,12.864,2.018348623853211,201.83486238532112,2596.403669724771
23.291023731000678,12.88,2.018348623853211,201.83486238532112,2599.633027522936
23.301104190000842,12.852,2.018348623853211,220.1834862385321,2829.798165137615
23.3111843530005,12.884,2.018348623853211,220.1834862385321,2836.8440366972477
23.32126457100094,12.852,2.018348623853211,220.1834862385321,2829.798165137615
23.331344308000553,12.876,2.2018348623853217,201.83486238532112,2598.8256880733948
23.34142774800057,12.86,2.2018348623853217,201.83486238532112,2595.5963302752293
23.351537317001203,12.876,2.018348623853211,220.1834862385321,2835.082568807339
23.361617721000584,12.86,2.018348623853211,201.83486238532112,2595.5963302752293
23.37169671599986,12.872,2.018348623853211,220.1834862385321,2834.201834862385
23.38177652700142,12.864,2.018348623853211,220.1834862385321,2832.4403669724775
23.391866726000444,12.876,2.018348623853211,201.83486238532112,2598.8256880733948
23.401947445001497,12.864,2.018348623853211,201.83486238532112,2596.403669724771
23.41202744000111,12.88,2.2018348623853217,201.83486238532112,2599.633027522936
23.422108214001128,12.852,1.834862385321101,220.1834862385321,2829.798165137615
23.432189154000298,12.884,2.2018348623853217,201.83486238532112,2600.4403669724775
23.44226879800044,12.848,2.2018348623853217,220.1834862385321,2828.917431192661
23.452378423000482,12.88,2.018348623853211,201.83486238532112,2599.633027522936
23.46245890099999,12.852,2.2018348623853217,201.83486238532112,2593.981651376147
23.47254056300153,12.88,2.018348623853211,201.83486238532112,2599.633027522936
23.482620078000764,12.86,2.2018348623853217,220.1834862385321,2831.559633027523
23.49270038800023,12.876,2.018348623853211,201.83486238532112,2598.8256880733948
23.50278060600067,12.86,2.2018348623853217,201.83486238532112,2595.5963302752293
23.512863175999883,12.88,2.018348623853211,201.83486238532112,2599.633027522936
23.522943413001485,12.86,2.2018348623853217,201.83486238532112,2595.5963302752293
23.53302492700095,12.884,2.018348623853211,201.83486238532112,2600.4403669724775
23.5431052010008,12.852,2.2018348623853217,201.83486238532112,2593.981651376147
23.553180827000688,12.876,2.018348623853211,220.1834862385321,2835.082568807339
23.56326198900024,12.856,2.018348623853211,201.83486238532112,2594.7889908256884
23.57334202200036,12.88,2.018348623853211,220.1834862385321,2835.9633027522937
23.583422296000208,12.86,2.018348623853211,220.1834862385321,2831.559633027523
23.59350268000162,12.876,2.2018348623853217,201.83486238532112,2598.8256880733948
23.603583065001658,12.86,2.018348623853211,201.83486238532112,2595.5963302752293
23.613663060999897,12.876,2.2018348623853217,201.83486238532112,2598.8256880733948
23.6237433160004,12.86,2.018348623853211,201.83486238532112,2595.5963302752293
23.63382364500103,12.88,2.018348623853211,201.83486238532112,2599.633027522936
23.643903919000877,12.848,2.018348623853211,201.83486238532112,2593.1743119266057
23.653993637000895,12.884,2.018348623853211,201.83486238532112,2600.4403669724775
23.66407422500015,12.844,2.018348623853211,201.83486238532112,2592.3669724770643
23.67415514700042,12.884,2.018348623853211,201.83486238532112,2600.4403669724775
23.68423556900052,12.852,2.018348623853211,220.1834862385321,2829.798165137615
23.694315732000177,12.88,2.018348623853211,201.83486238532112,2599.633027522936
23.704423394001424,12.86,2.018348623853211,201.83486238532112,2595.5963302752293
23.714504389001377,12.876,2.018348623853211,201.83486238532112,2598.8256880733948
23.724584589001097,12.86,2.018348623853211,201.83486238532112,2595.5963302752293
23.734665214000415,12.88,2.018348623853211,201.83486238532112,2599.633027522936
23.74474709900096,12.86,2.2018348623853217,201.83486238532112,2595.5963302752293
23.75485133500115,12.876,2.2018348623853217,201.83486238532112,2598.8256880733948
23.764942535000955,12.852,2.2018348623853217,201.83486238532112,2593.981651376147
23.77502351200019,12.884,2.018348623853211,220.1834862385321,2836.8440366972477
23.78510345200084,12.852,2.2018348623853217,220.1834862385321,2829.798165137615
23.795184226000856,12.88,2.018348623853211,201.83486238532112,2599.633027522936
23.805264444001295,12.856,2.018348623853211,201.83486238532112,2594.7889908256884
23.815345069000614,12.88,2.018348623853211,220.1834862385321,2835.9633027522937
23.825426399000207,12.86,2.018348623853211,220.1834862385321,2831.559633027523
23.835507061001408,12.88,2.018348623853211,201.83486238532112,2599.633027522936
23.84558768700117,12.852,2.018348623853211,201.83486238532112,2593.981651376147
23.855690478001634,12.88,2.018348623853211,201.83486238532112,2599.633027522936
23.865771233000487,12.856,2.2018348623853217,220.1834862385321,2830.678899082569
23.875852877001307,12.884,2.2018348623853217,201.83486238532112,2600.4403669724775
23.88592844699997,12.848,2.018348623853211,201.83486238532112,2593.1743119266057
23.896007832001487,12.888,2.018348623853211,201.83486238532112,2601.2477064220184
23.906089050000446,12.852,2.2018348623853217,220.1834862385321,2829.798165137615
23.916170657001203,12.884,2.018348623853211,201.83486238532112,2600.4403669724775
23.926251227001558,12.856,2.018348623853211,201.83486238532112,2594.7889908256884
23.936327167000854,12.88,2.018348623853211,201.83486238532112,2599.633027522936
23.946404645001167,12.888,2.018348623853211,201.83486238532112,2601.2477064220184
23.956485344000612,12.904,2.018348623853211,183.4862385321101,2367.706422018349
23.966566136999973,12.876,2.018348623853211,201.83486238532112,2598.8256880733948
23.976648521000243,12.9,2.018348623853211,201.83486238532112,2603.6697247706425
23.986729054000534,12.864,2.018348623853211,201.83486238532112,2596.403669724771
23.996811624001566,12.904,1.834862385321101,201.83486238532112,2604.477064220184
24.006892305000292,12.868,2.018348623853211,201.83486238532112,2597.211009174312
24.016986338001516,12.904,1.834862385321101,201.83486238532112,2604.477064220184
24.0270704630002,12.868,2.018348623853211,201.83486238532112,2597.211009174312
24.03715260700119,12.9,2.018348623853211,201.83486238532112,2603.6697247706425
24.04723473300146,12.872,2.018348623853211,201.83486238532112,2598.0183486238534
24.0573172100012,12.896,2.018348623853211,201.83486238532112,2602.862385321101
24.06739070600088,12.868,2.018348623853211,201.83486238532112,2597.211009174312
24.077470202000768,12.872,2.2018348623853217,201.83486238532112,2598.0183486238534
24.08754669800146,12.844,2.2018348623853217,201.83486238532112,2592.3669724770643
24.097624212001392,12.884,2.018348623853211,220.1834862385321,2836.8440366972477
24.107699875001344,12.852,2.018348623853211,201.83486238532112,2593.981651376147
24.117779167001572,12.888,2.018348623853211,220.1834862385321,2837.7247706422017
24.12785625500146,12.856,2.018348623853211,220.1834862385321,2830.678899082569
24.137932659001308,12.88,2.018348623853211,220.1834862385321,2835.9633027522937
24.148009525000816,12.86,2.018348623853211,201.83486238532112,2595.5963302752293
24.158155038001496,12.876,2.018348623853211,220.1834862385321,2835.082568807339
24.1682375520013,12.856,2.2018348623853217,201.83486238532112,2594.7889908256884
24.178312011001253,12.872,2.2018348623853217,201.83486238532112,2598.0183486238534
24.188386563000677,12.86,2.2018348623853217,201.83486238532112,2595.5963302752293
24.198468188000334,12.88,2.018348623853211,220.1834862385321,2835.9633027522937
24.208552406000308,12.86,2.018348623853211,220.1834862385321,2831.559633027523
24.21863305000079,12.888,2.018348623853211,201.83486238532112,2601.2477064220184
24.228715231000024,12.856,2.2018348623853217,201.83486238532112,2594.7889908256884
24.23879652300093,12.888,2.2018348623853217,201.83486238532112,2601.2477064220184
24.2488770380005,12.856,2.018348623853211,201.83486238532112,2594.7889908256884
24.258967552001195,12.888,2.018348623853211,201.83486238532112,2601.2477064220184
24.269046011000682,12.852,2.018348623853211,220.1834862385321,2829.798165137615
24.279122728999937,12.876,2.018348623853211,220.1834862385321,2835.082568807339
24.289197965999847,12.856,2.018348623853211,201.83486238532112,2594.7889908256884
24.299272999000095,12.884,2.018348623853211,201.83486238532112,2600.4403669724775
24.30934882800102,12.856,2.2018348623853217,220.1834862385321,2830.678899082569
24.319424268000148,12.884,2.018348623853211,201.83486238532112,2600.4403669724775
24.32950185700065,12.852,2.018348623853211,201.83486238532112,2593.981651376147
24.339577742000984,12.884,2.018348623853211,201.83486238532112,2600.4403669724775
24.349653312001465,12.856,2.018348623853211,220.1834862385321,2830.678899082569
24.359733215000233,12.876,2.018348623853211,220.1834862385321,2835.082568807339
24.369814896001117,12.86,2.018348623853211,201.83486238532112,2595.5963302752293
24.379896207001366,12.868,2.018348623853211,201.83486238532112,2597.211009174312
24.389977369000917,12.86,2.2018348623853217,201.83486238532112,2595.5963302752293
24.400058197999897,12.872,2.018348623853211,201.83486238532112,2598.0183486238534
24.410138971999913,12.86,2.018348623853211,201.83486238532112,2595.5963302752293
24.420220023001093,12.876,2.2018348623853217,201.83486238532112,2598.8256880733948
24.430301334001342,12.86,2.018348623853211,201.83486238532112,2595.5963302752293
24.440381903999878,12.88,2.2018348623853217,201.83486238532112,2599.633027522936
24.45046256600108,12.856,2.018348623853211,220.1834862385321,2830.678899082569
24.460538209999868,12.884,2.2018348623853217,201.83486238532112,2600.4403669724775
24.470619114001238,12.852,2.018348623853211,201.83486238532112,2593.981651376147
24.480701758000578,12.884,2.018348623853211,220.1834862385321,2836.8440366972477
24.49078241999996,12.856,2.2018348623853217,201.83486238532112,2594.7889908256884
24.500865027001055,12.872,2.018348623853211,201.83486238532112,2598.0183486238534
24.510945412001092,12.86,2.018348623853211,220.1834862385321,2831.559633027523
24.521028908000517,12.876,2.018348623853211,201.83486238532112,2598.8256880733948
24.531109866000406,12.86,2.018348623853211,201.83486238532112,2595.5963302752293
24.541190288000507,12.88,2.2018348623853217,201.83486238532112,2599.633027522936
24.551271877000545,12.856,2.2018348623853217,220.1834862385321,2830.678899082569
24.561380909000945,12.876,2.2018348623853217,220.1834862385321,2835.082568807339
24.571461720001025,12.852,2.2018348623853217,201.83486238532112,2593.981651376147
24.58154247499988,12.876,2.2018348623853217,220.1834862385321,2835.082568807339
24.591623932999937,12.856,2.018348623853211,201.83486238532112,2594.7889908256884
24.60170517000006,12.884,2.018348623853211,201.83486238532112,2600.4403669724775
24.611785240000245,12.864,2.018348623853211,201.83486238532112,2596.403669724771
24.62186643899986,12.868,2.018348623853211,201.83486238532112,2597.211009174312
24.63194697200015,12.864,2.018348623853211,201.83486238532112,2596.403669724771
24.642027857000357,12.876,2.018348623853211,201.83486238532112,2598.8256880733948
24.652108186000987,12.86,2.2018348623853217,220.1834862385321,2831.559633027523
24.662198682000962,12.88,2.018348623853211,201.83486238532112,2599.633027522936
24.67227897400153,12.852,2.018348623853211,220.1834862385321,2829.798165137615
24.682358748001207,12.88,2.2018348623853217,201.83486238532112,2599.633027522936
24.69243950300006,12.852,2.018348623853211,201.83486238532112,2593.981651376147
24.702519184000266,12.884,2.018348623853211,220.1834862385321,2836.8440366972477
24.71259966100115,12.86,2.2018348623853217,201.83486238532112,2595.5963302752293
24.722678842001187,12.876,2.018348623853211,201.83486238532112,2598.8256880733948
24.732758820000527,12.86,2.2018348623853217,220.1834862385321,2831.559633027523
24.74283981500048,12.872,2.2018348623853217,201.83486238532112,2598.0183486238534
24.75292275600077,12.86,2.018348623853211,201.83486238532112,2595.5963302752293
24.76302823200058,12.876,2.018348623853211,201.83486238532112,2598.8256880733948
24.773108784000215,12.864,2.018348623853211,201.83486238532112,2596.403669724771
24.78318935400057,12.872,2.2018348623853217,201.83486238532112,2598.0183486238534
24.793269924000924,12.856,2.018348623853211,220.1834862385321,2830.678899082569
24.803350882000814,12.88,2.2018348623853217,201.83486238532112,2599.633027522936
24.813431786000365,12.86,2.018348623853211,201.83486238532112,2595.5963302752293
24.823513022000043,12.876,2.2018348623853217,220.1834862385321,2835.082568807339
24.833593981000377,12.86,2.2018348623853217,220.1834862385321,2831.559633027523
24.84367069900145,12.868,2.2018348623853217,220.1834862385321,2833.321100917431
24.853752084000007,12.86,2.018348623853211,201.83486238532112,2595.5963302752293
24.863841968000997,12.868,2.2018348623853217,220.1834862385321,2833.321100917431
24.873922649001543,12.852,2.018348623853211,220.1834862385321,2829.798165137615
24.884003460001622,12.876,2.018348623853211,201.83486238532112,2598.8256880733948
24.894084900000962,12.852,2.2018348623853217,201.83486238532112,2593.981651376147
24.904164748000767,12.876,2.018348623853211,201.83486238532112,2598.8256880733948
24.91424472500148,12.852,2.018348623853211,201.83486238532112,2593.981651376147
24.924326091000694,12.88,2.018348623853211,220.1834862385321,2835.9633027522937
24.93440725400069,12.856,2.2018348623853217,201.83486238532112,2594.7889908256884
24.94449043500026,12.868,2.2018348623853217,201.83486238532112,2597.211009174312
24.954571116000807,12.88,2.018348623853211,201.83486238532112,2599.633027522936
24.964662056001544,12.896,1.834862385321101,201.83486238532112,2602.862385321101
24.97473688500031,12.888,2.018348623853211,201.83486238532112,2601.2477064220184
24.98481930700109,12.88,2.018348623853211,201.83486238532112,2599.633027522936
24.994900932000746,12.88,2.018348623853211,201.83486238532112,2599.633027522936
25.004985280000255,12.884,2.018348623853211,201.83486238532112,2600.4403669724775
25.01508146100059,12.88,2.018348623853211,201.83486238532112,2599.633027522936
25.025166938001348,12.888,2.018348623853211,201.83486238532112,2601.2477064220184
25.0352476930002,12.88,2.018348623853211,201.83486238532112,2599.633027522936
25.04532935499992,12.884,2.018348623853211,201.83486238532112,2600.4403669724775
25.05541007300053,12.884,2.018348623853211,201.83486238532112,2600.4403669724775
25.065578531000938,12.884,2.018348623853211,201.83486238532112,2600.4403669724775
25.075656008000806,12.884,2.018348623853211,201.83486238532112,2600.4403669724775
25.08573381899987,12.848,2.018348623853211,220.1834862385321,2828.917431192661
25.095811259001493,12.86,2.018348623853211,201.83486238532112,2595.5963302752293
25.105888218000473,12.864,2.018348623853211,201.83486238532112,2596.403669724771
25.11596465799994,12.864,2.2018348623853217,201.83486238532112,2596.403669724771
25.126041265000822,12.868,2.2018348623853217,220.1834862385321,2833.321100917431
25.13611839100122,12.864,2.018348623853211,220.1834862385321,2832.4403669724775
25.14619490500081,12.868,2.018348623853211,201.83486238532112,2597.211009174312
25.15627092000068,12.868,2.2018348623853217,201.83486238532112,2597.211009174312
25.166399989000638,12.86,2.2018348623853217,220.1834862385321,2831.559633027523
25.176476262000506,12.868,2.018348623853211,220.1834862385321,2833.321100917431
25.186551295000754,12.856,2.018348623853211,220.1834862385321,2830.678899082569
25.196633958001257,12.872,2.018348623853211,201.83486238532112,2598.0183486238534
25.20671510200009,12.856,2.018348623853211,201.83486238532112,2594.7889908256884
25.216797560000487,12.872,2.018348623853211,201.83486238532112,2598.0183486238534
25.226878667001074,12.864,2.2018348623853217,201.83486238532112,2596.403669724771
25.23695475600107,12.872,2.018348623853211,201.83486238532112,2598.0183486238534
25.247030381000513,12.868,2.018348623853211,201.83486238532112,2597.211009174312
25.25711419200161,12.864,2.2018348623853217,220.1834862385321,2832.4403669724775
25.267207038999913,12.868,2.018348623853211,201.83486238532112,2597.211009174312
25.277284591000353,12.864,2.2018348623853217,220.1834862385321,2832.4403669724775
25.287361420001616,12.86,2.018348623853211,201.83486238532112,2595.5963302752293
25.297438175000934,12.868,2.018348623853211,220.1834862385321,2833.321100917431
25.307513041001584,12.86,2.2018348623853217,220.1834862385321,2831.559633027523
25.317588945001262,12.868,2.2018348623853217,201.83486238532112,2597.211009174312
25.327665274000537,12.864,2.018348623853211,201.83486238532112,2596.403669724771
25.337742122001146,12.868,2.018348623853211,201.83486238532112,2597.211009174312
25.347818895001183,12.864,2.2018348623853217,220.1834862385321,2832.4403669724775
25.35789479900086,12.864,2.2018348623853217,201.83486238532112,2596.403669724771
25.36798120200001,12.868,2.018348623853211,220.1834862385321,2833.321100917431
25.378065975000936,12.864,2.018348623853211,201.83486238532112,2596.403669724771
25.388147082001524,12.864,2.018348623853211,201.83486238532112,2596.403669724771
25.39822846700008,12.868,2.2018348623853217,220.1834862385321,2833.321100917431
25.40830868500052,12.86,2.2018348623853217,201.83486238532112,2595.5963302752293
25.418389681000917,12.904,2.018348623853211,201.83486238532112,2604.477064220184
25.428472899000553,12.876,2.018348623853211,201.83486238532112,2598.8256880733948
25.43855369100129,12.888,1.834862385321101,201.83486238532112,2601.2477064220184
25.448636298000565,12.876,2.018348623853211,201.83486238532112,2598.8256880733948
25.45871647900094,12.888,2.018348623853211,201.83486238532112,2601.2477064220184
25.468811178001488,12.876,2.018348623853211,201.83486238532112,2598.8256880733948
25.47888806300034,12.884,2.018348623853211,201.83486238532112,2600.4403669724775
25.488963670000885,12.88,2.018348623853211,201.83486238532112,2599.633027522936
25.499040166001578,12.884,2.2018348623853217,201.83486238532112,2600.4403669724775
25.509116180001,12.868,2.018348623853211,201.83486238532112,2597.211009174312
25.519192769001165,12.892,2.018348623853211,201.83486238532112,2602.0550458715597
25.52927069100042,12.868,2.018348623853211,201.83486238532112,2597.211009174312
25.53934726100124,12.864,2.018348623853211,201.83486238532112,2596.403669724771
25.549425201001213,12.844,2.018348623853211,201.83486238532112,2592.3669724770643
25.559501901001568,12.872,2.2018348623853217,201.83486238532112,2598.0183486238534
25.56958874800148,12.86,2.018348623853211,201.83486238532112,2595.5963302752293
25.579669596001622,12.872,2.018348623853211,220.1834862385321,2834.201834862385
25.58975081400058,12.856,2.2018348623853217,201.83486238532112,2594.7889908256884
25.599831217001338,12.872,2.2018348623853217,201.83486238532112,2598.0183486238534
25.609911083000043,12.86,2.2018348623853217,201.83486238532112,2595.5963302752293
25.619992727000863,12.876,2.2018348623853217,201.83486238532112,2598.8256880733948
25.630073297001218,12.852,2.018348623853211,201.83486238532112,2593.981651376147
25.64015455200024,12.876,2.018348623853211,201.83486238532112,2598.8256880733948
25.65023628900053,12.848,2.2018348623853217,201.83486238532112,2593.1743119266057
25.660316377001436,12.876,2.2018348623853217,220.1834862385321,2835.082568807339
25.67040737300158,12.856,2.2018348623853217,220.1834862385321,2830.678899082569
25.680489498001407,12.872,2.2018348623853217,220.1834862385321,2834.201834862385
25.69056995700157,12.86,2.018348623853211,220.1834862385321,2831.559633027523
25.700649600999895,12.868,2.018348623853211,201.83486238532112,2597.211009174312
25.7107310600004,12.86,2.018348623853211,201.83486238532112,2595.5963302752293
25.720810463000817,12.868,2.2018348623853217,220.1834862385321,2833.321100917431
25.730891181001425,12.864,2.2018348623853217,220.1834862385321,2832.4403669724775
25.74097319500106,12.876,2.018348623853211,220.1834862385321,2835.082568807339
25.75105389500095,12.852,2.2018348623853217,201.83486238532112,2593.981651376147
25.76113481700122,12.876,2.018348623853211,201.83486238532112,2598.8256880733948
25.771245089999866,12.852,2.2018348623853217,201.83486238532112,2593.981651376147
25.78132577100041,12.876,2.2018348623853217,220.1834862385321,2835.082568807339
25.791406952001125,12.852,2.018348623853211,201.83486238532112,2593.981651376147
25.801488318000338,12.876,2.2018348623853217,201.83486238532112,2598.8256880733948
25.811569350000354,12.856,2.2018348623853217,201.83486238532112,2594.7889908256884
25.821650272000625,12.872,2.2018348623853217,201.83486238532112,2598.0183486238534
25.831731120000768,12.86,2.018348623853211,220.1834862385321,2831.559633027523
25.841812411999854,12.872,2.018348623853211,201.83486238532112,2598.0183486238534
25.85189318599987,12.864,2.018348623853211,201.83486238532112,2596.403669724771
25.86197262600035,12.88,2.018348623853211,220.1834862385321,2835.9633027522937
25.87205565900149,12.848,2.018348623853211,220.1834862385321,2828.917431192661
25.882137025000702,12.872,2.018348623853211,220.1834862385321,2834.201834862385
25.892218317001607,12.852,2.018348623853211,201.83486238532112,2593.981651376147
25.902299164001306,12.868,2.2018348623853217,201.83486238532112,2597.211009174312
25.912380086001576,12.86,2.018348623853211,201.83486238532112,2595.5963302752293
25.922461286001635,12.872,2.018348623853211,201.83486238532112,2598.0183486238534
25.932543763001377,12.86,2.018348623853211,220.1834862385321,2831.559633027523
25.94262479600002,12.868,2.018348623853211,201.83486238532112,2597.211009174312
25.952707458000077,12.86,2.2018348623853217,201.83486238532112,2595.5963302752293
25.962788232000094,12.872,2.018348623853211,201.83486238532112,2598.0183486238534
25.972894727001403,12.852,2.018348623853211,201.83486238532112,2593.981651376147
25.98297563000051,12.876,2.018348623853211,201.83486238532112,2598.8256880733948
25.993058736999956,12.864,2.018348623853211,201.83486238532112,2596.403669724771
26.00313871400067,12.904,2.018348623853211,201.83486238532112,2604.477064220184
26.01322196900037,12.868,2.018348623853211,201.83486238532112,2597.211009174312
26.023308021000048,12.896,2.018348623853211,201.83486238532112,2602.862385321101
26.03338840500146,12.868,2.018348623853211,201.83486238532112,2597.211009174312
26.043472883000504,12.888,2.018348623853211,201.83486238532112,2601.2477064220184
26.05355460100145,12.872,2.018348623853211,183.4862385321101,2361.8348623853212
26.06363665200115,12.888,2.018348623853211,201.83486238532112,2601.2477064220184
26.073807350001516,12.872,2.018348623853211,201.83486238532112,2598.0183486238534
26.083884160001617,12.896,2.018348623853211,201.83486238532112,2602.862385321101
26.093961990000025,12.864,2.018348623853211,201.83486238532112,2596.403669724771
26.10403915200004,12.888,1.834862385321101,201.83486238532112,2601.2477064220184
26.11411577800027,12.864,2.018348623853211,201.83486238532112,2596.403669724771
26.12419218100149,12.872,2.018348623853211,201.83486238532112,2598.0183486238534
26.134269288000723,12.84,2.018348623853211,201.83486238532112,2591.559633027523
26.14434602500114,12.868,2.2018348623853217,201.83486238532112,2597.211009174312
26.15442205799991,12.856,2.018348623853211,201.83486238532112,2594.7889908256884
26.164501201999883,12.876,2.018348623853211,201.83486238532112,2598.8256880733948
26.174587493000217,12.86,2.018348623853211,201.83486238532112,2595.5963302752293
26.184668693000276,12.876,2.018348623853211,201.83486238532112,2598.8256880733948
26.19474978100152,12.852,2.2018348623853217,220.1834862385321,2829.798165137615
26.20483231400067,12.88,2.2018348623853217,201.83486238532112,2599.633027522936
26.214913366000474,12.84,2.2018348623853217,201.83486238532112,2591.559633027523
26.22499582400087,12.884,2.018348623853211,220.1834862385321,2836.8440366972477
26.235076820001268,12.844,2.018348623853211,201.83486238532112,2592.3669724770643
26.245157945000756,12.88,2.018348623853211,201.83486238532112,2599.633027522936
26.25523790400075,12.852,2.018348623853211,201.83486238532112,2593.981651376147
26.26531893700121,12.88,2.018348623853211,220.1834862385321,2835.9633027522937
26.275412210001377,12.856,2.018348623853211,201.83486238532112,2594.7889908256884
26.285493873001542,12.876,2.018348623853211,220.1834862385321,2835.082568807339
26.29557536900029,12.856,2.018348623853211,201.83486238532112,2594.7889908256884
26.305655901000137,12.872,2.2018348623853217,220.1834862385321,2834.201834862385
26.315736786000343,12.856,2.018348623853211,220.1834862385321,2830.678899082569
26.32581756000036,12.88,2.2018348623853217,201.83486238532112,2599.633027522936
26.335898870000165,12.848,2.018348623853211,201.83486238532112,2593.1743119266057
26.34598058800111,12.88,2.2018348623853217,220.1834862385321,2835.9633027522937
26.356061529000726,12.848,2.018348623853211,201.83486238532112,2593.1743119266057
26.366141747001166,12.88,2.018348623853211,220.1834862385321,2835.9633027522937
26.376252131,12.852,2.018348623853211,201.83486238532112,2593.981651376147
26.386333034000927,12.876,2.018348623853211,220.1834862385321,2835.082568807339
26.396417400001155,12.852,2.2018348623853217,201.83486238532112,2593.981651376147
26.406499025000812,12.876,2.018348623853211,201.83486238532112,2598.8256880733948
26.416579540000384,12.852,2.2018348623853217,201.83486238532112,2593.981651376147
26.426659647000633,12.88,2.018348623853211,201.83486238532112,2599.633027522936
26.436739272001432,12.848,2.018348623853211,220.1834862385321,2828.917431192661
26.446818805001385,12.88,2.2018348623853217,201.83486238532112,2599.633027522936
26.456898596999963,12.848,2.018348623853211,220.1834862385321,2828.917431192661
26.466978129999916,12.88,2.2018348623853217,201.83486238532112,2599.633027522936
26.477054811000926,12.852,2.2018348623853217,201.83486238532112,2593.981651376147
26.487126603000434,12.88,2.2018348623853217,201.83486238532112,2599.633027522936
26.49719865500083,12.856,2.018348623853211,201.83486238532112,2594.7889908256884
26.507269614001416,12.872,2.2018348623853217,201.83486238532112,2598.0183486238534
26.517350887001157,12.856,2.2018348623853217,201.83486238532112,2594.7889908256884
26.527429661000497,12.876,2.2018348623853217,201.83486238532112,2598.8256880733948
26.53750760100047,12.852,2.2018348623853217,201.83486238532112,2593.981651376147
26.54758465300074,12.88,2.018348623853211,220.1834862385321,2835.9633027522937
26.557662093000545,12.848,2.2018348623853217,220.1834862385321,2828.917431192661
26.56773555200016,12.88,2.018348623853211,220.1834862385321,2835.9633027522937
26.577823751000324,12.852,2.2018348623853217,220.1834862385321,2829.798165137615
26.5879051360007,12.88,2.2018348623853217,201.83486238532112,2599.633027522936
26.597986149999997,12.848,2.018348623853211,220.1834862385321,2828.917431192661
26.608066924000013,12.876,2.2018348623853217,220.1834862385321,2835.082568807339
26.618147383000178,12.848,2.018348623853211,201.83486238532112,2593.1743119266057
26.62822643400068,12.876,2.018348623853211,201.83486238532112,2598.8256880733948
26.63830359700114,12.852,2.2018348623853217,220.1834862385321,2829.798165137615
26.648381315000734,12.88,2.018348623853211,220.1834862385321,2835.9633027522937
26.658458421999967,12.848,2.018348623853211,201.83486238532112,2593.1743119266057
26.66854112100009,12.88,2.018348623853211,220.1834862385321,2835.9633027522937
26.678632876000847,12.848,2.018348623853211,201.83486238532112,2593.1743119266057
26.68870816800154,12.884,2.2018348623853217,220.1834862385321,2836.8440366972477
26.698781886001598,12.856,2.2018348623853217,201.83486238532112,2594.7889908256884
26.708859512000345,12.872,2.018348623853211,201.83486238532112,2598.0183486238534
26.71893321100106,12.856,2.018348623853211,201.83486238532112,2594.7889908256884
26.72901007800101,12.872,2.018348623853211,201.83486238532112,2598.0183486238534
26.73908607300109,12.852,2.018348623853211,201.83486238532112,2593.981651376147
26.749164532000577,12.88,1.834862385321101,201.83486238532112,2599.633027522936
26.759240860999853,12.848,2.2018348623853217,201.83486238532112,2593.1743119266057
26.769318987000588,12.884,2.018348623853211,201.83486238532112,2600.4403669724775
26.779445723001118,12.848,2.2018348623853217,201.83486238532112,2593.1743119266057
26.789524996000182,12.88,2.018348623853211,220.1834862385321,2835.9633027522937
26.799602214001425,12.848,2.018348623853211,220.1834862385321,2828.917431192661
26.809683340001357,12.884,2.2018348623853217,220.1834862385321,2836.8440366972477
26.81976361300076,12.852,2.018348623853211,220.1834862385321,2829.798165137615
26.829844589999993,12.876,2.018348623853211,220.1834862385321,2835.082568807339
26.839925845000835,12.856,2.2018348623853217,201.83486238532112,2594.7889908256884
26.850006489001316,12.876,2.018348623853211,220.1834862385321,2835.082568807339
26.860082893001163,12.856,2.018348623853211,201.83486238532112,2594.7889908256884
26.87016399999993,12.88,2.018348623853211,220.1834862385321,2835.9633027522937
26.88025366200054,12.856,2.018348623853211,201.83486238532112,2594.7889908256884
26.890327398001318,12.88,2.018348623853211,220.1834862385321,2835.9633027522937
26.900421950000236,12.848,2.018348623853211,201.83486238532112,2593.1743119266057
26.91049787100019,12.884,2.018348623853211,220.1834862385321,2836.8440366972477
26.920575923000797,12.852,2.2018348623853217,201.83486238532112,2593.981651376147
26.930652104001638,12.872,2.2018348623853217,201.83486238532112,2598.0183486238534
26.940729655001633,12.86,2.2018348623853217,220.1834862385321,2831.559633027523
26.950806355000168,12.872,2.2018348623853217,201.83486238532112,2598.0183486238534
26.960884128000544,12.856,2.018348623853211,201.83486238532112,2594.7889908256884
26.970960791000834,12.876,2.2018348623853217,220.1834862385321,2835.082568807339
26.981047527000555,12.852,2.2018348623853217,220.1834862385321,2829.798165137615
26.99112809700091,12.88,2.2018348623853217,220.1834862385321,2835.9633027522937
27.001208463001603,12.848,2.2018348623853217,220.1834862385321,2828.917431192661
27.011288292000245,12.88,2.018348623853211,220.1834862385321,2835.9633027522937
27.021369899001,12.844,2.2018348623853217,201.83486238532112,2592.3669724770643
27.031451265000214,12.884,2.018348623853211,201.83486238532112,2600.4403669724775
27.041535520000252,12.848,2.2018348623853217,201.83486238532112,2593.1743119266057
27.051617812001496,12.876,2.018348623853211,220.1834862385321,2835.082568807339
27.06169634500111,12.856,2.018348623853211,201.83486238532112,2594.7889908256884
27.071773229999962,12.876,2.2018348623853217,201.83486238532112,2598.8256880733948
27.081935780001004,12.86,2.018348623853211,201.83486238532112,2595.5963302752293
27.092009239000618,12.88,2.018348623853211,220.1834862385321,2835.9633027522937
27.102085475000422,12.852,2.018348623853211,220.1834862385321,2829.798165137615
27.11216211900137,12.876,2.018348623853211,220.1834862385321,2835.082568807339
27.122239060001448,12.848,2.018348623853211,201.83486238532112,2593.1743119266057
27.132316055000047,12.876,2.2018348623853217,201.83486238532112,2598.8256880733948
27.142394329001036,12.852,2.018348623853211,220.1834862385321,2829.798165137615
27.152473232001284,12.876,2.2018348623853217,201.83486238532112,2598.8256880733948
27.162550173001364,12.856,2.2018348623853217,220.1834862385321,2830.678899082569
27.172628094000174,12.876,2.2018348623853217,201.83486238532112,2598.8256880733948
27.182709220000106,12.856,2.2018348623853217,220.1834862385321,2830.678899082569
27.19279052999991,12.872,2.018348623853211,201.83486238532112,2598.0183486238534
27.202871211000456,12.856,2.018348623853211,201.83486238532112,2594.7889908256884
27.21294963299988,12.88,2.018348623853211,220.1834862385321,2835.9633027522937
27.223026240000763,12.844,2.2018348623853217,220.1834862385321,2828.0366972477063
27.233103254000525,12.88,2.018348623853211,220.1834862385321,2835.9633027522937
27.24318034300086,12.844,2.2018348623853217,220.1834862385321,2828.0366972477063
27.2532565420006,12.88,2.018348623853211,220.1834862385321,2835.9633027522937
27.26333694599998,12.852,2.018348623853211,201.83486238532112,2593.981651376147
27.273417627000526,12.88,2.018348623853211,220.1834862385321,2835.9633027522937
27.283507863001432,12.856,2.018348623853211,220.1834862385321,2830.678899082569
27.293584155000644,12.876,2.018348623853211,201.83486238532112,2598.8256880733948
27.303657244001442,12.856,2.018348623853211,220.1834862385321,2830.678899082569
27.31373059100042,12.88,2.018348623853211,220.1834862385321,2835.9633027522937
27.323803384000712,12.852,2.018348623853211,220.1834862385321,2829.798165137615
27.333880176000093,12.876,2.2018348623853217,201.83486238532112,2598.8256880733948
27.343956246000744,12.848,2.2018348623853217,220.1834862385321,2828.917431192661
27.354032760000337,12.88,2.2018348623853217,201.83486238532112,2599.633027522936
27.364106181999887,12.856,2.2018348623853217,201.83486238532112,2594.7889908256884
27.374178715001108,12.88,2.018348623853211,201.83486238532112,2599.633027522936
27.384302450000177,12.86,2.018348623853211,201.83486238532112,2595.5963302752293
27.39438528000028,12.876,2.018348623853211,201.83486238532112,2598.8256880733948
27.40447173800021,12.86,2.018348623853211,201.83486238532112,2595.5963302752293
27.414553751999847,12.876,2.018348623853211,220.1834862385321,2835.082568807339
27.424630508001428,12.852,2.018348623853211,220.1834862385321,2829.798165137615
27.43470768900079,12.88,2.018348623853211,201.83486238532112,2599.633027522936
27.444788425000297,12.844,2.2018348623853217,220.1834862385321,2828.0366972477063
27.454868828001054,12.88,2.2018348623853217,220.1834862385321,2835.9633027522937
27.464945806001197,12.848,2.018348623853211,201.83486238532112,2593.1743119266057
27.475057449000815,12.884,2.2018348623853217,201.83486238532112,2600.4403669724775
27.48513466700024,12.852,2.2018348623853217,201.83486238532112,2593.981651376147
27.495208219001142,12.88,2.2018348623853217,201.83486238532112,2599.633027522936
27.505281770001602,12.856,2.018348623853211,220.1834862385321,2830.678899082569
27.515358229000412,12.876,2.018348623853211,201.83486238532112,2598.8256880733948
27.525436225001613,12.856,2.018348623853211,201.83486238532112,2594.7889908256884
27.535512832000677,12.876,2.2018348623853217,201.83486238532112,2598.8256880733948
27.5455892530008,12.852,2.2018348623853217,220.1834862385321,2829.798165137615
27.55566510100107,12.88,2.018348623853211,201.83486238532112,2599.633027522936
27.565742078000767,12.848,2.018348623853211,220.1834862385321,2828.917431192661
27.57581805600057,12.88,2.2018348623853217,220.1834862385321,2835.9633027522937
27.585904422001477,12.852,2.018348623853211,201.83486238532112,2593.981651376147
27.595985269001176,12.88,2.018348623853211,201.83486238532112,2599.633027522936
27.606065580001086,12.856,2.018348623853211,201.83486238532112,2594.7889908256884
27.61614581700087,12.876,2.018348623853211,201.83486238532112,2598.8256880733948
27.626223275001394,12.852,2.018348623853211,201.83486238532112,2593.981651376147
27.636299716001304,12.876,2.018348623853211,220.1834862385321,2835.082568807339
27.646380174001024,12.856,2.2018348623853217,201.83486238532112,2594.7889908256884
27.656463336999877,12.88,2.2018348623853217,201.83486238532112,2599.633027522936
27.66654431400093,12.848,2.2018348623853217,201.83486238532112,2593.1743119266057
27.6766268650008,12.88,2.018348623853211,220.1834862385321,2835.9633027522937
27.686718805000055,12.848,2.2018348623853217,220.1834862385321,2828.917431192661
27.696791505000874,12.884,2.018348623853211,201.83486238532112,2600.4403669724775
27.70686759400087,12.856,2.018348623853211,220.1834862385321,2830.678899082569
27.71694168200156,12.88,2.2018348623853217,220.1834862385321,2835.9633027522937
27.727014419000625,12.86,2.2018348623853217,201.83486238532112,2595.5963302752293
27.737092748000578,12.872,2.018348623853211,201.83486238532112,2598.0183486238534
27.74716855800034,12.856,2.2018348623853217,201.83486238532112,2594.7889908256884
27.75724631400044,12.876,2.2018348623853217,201.83486238532112,2598.8256880733948
27.767322217001492,12.852,2.018348623853211,201.83486238532112,2593.981651376147
27.777398916001403,12.88,2.2018348623853217,201.83486238532112,2599.633027522936
27.78751943000134,12.872,2.018348623853211,201.83486238532112,2598.0183486238534
27.797600722000425,12.908,2.018348623853211,201.83486238532112,2605.2844036697247
27.80768151400116,12.868,2.018348623853211,201.83486238532112,2597.211009174312
27.817762417000267,12.9,2.018348623853211,183.4862385321101,2366.97247706422
27.827839654000854,12.864,1.834862385321101,220.1834862385321,2832.4403669724775
27.837920908999877,12.896,2.018348623853211,183.4862385321101,2366.238532110092
27.848001219001162,12.864,2.018348623853211,201.83486238532112,2596.403669724771
27.85808253000141,12.892,2.018348623853211,201.83486238532112,2602.0550458715597
27.868163711000307,12.868,2.018348623853211,220.1834862385321,2833.321100917431
27.87824033600009,12.896,2.018348623853211,201.83486238532112,2602.862385321101
27.888331239000763,12.868,2.018348623853211,201.83486238532112,2597.211009174312
27.898408013001244,12.9,2.018348623853211,201.83486238532112,2603.6697247706425
27.908485509000457,12.864,2.018348623853211,201.83486238532112,2596.403669724771
27.918558134000705,12.868,2.2018348623853217,220.1834862385321,2833.321100917431
27.928636037000615,12.844,2.018348623853211,201.83486238532112,2592.3669724770643
27.938711700000567,12.872,2.2018348623853217,220.1834862385321,2834.201834862385
27.9487891960016,12.856,2.2018348623853217,201.83486238532112,2594.7889908256884
27.958865080001488,12.876,2.2018348623853217,201.83486238532112,2598.8256880733948
27.968942428000446,12.852,2.018348623853211,201.83486238532112,2593.981651376147
27.979018591000568,12.88,2.2018348623853217,201.83486238532112,2599.633027522936
27.98910482700012,12.852,2.2018348623853217,201.83486238532112,2593.981651376147
27.999185545000728,12.884,2.2018348623853217,220.1834862385321,2836.8440366972477
28.009266652001315,12.848,2.2018348623853217,201.83486238532112,2593.1743119266057
28.019358296000064,12.884,2.018348623853211,201.83486238532112,2600.4403669724775
28.029437532000884,12.84,2.018348623853211,201.83486238532112,2591.559633027523
28.039513824000096,12.888,2.018348623853211,201.83486238532112,2601.2477064220184
28.049594579000768,12.844,2.2018348623853217,201.83486238532112,2592.3669724770643
28.05967368600068,12.88,2.2018348623853217,201.83486238532112,2599.633027522936
28.069750275000843,12.852,2.018348623853211,201.83486238532112,2593.981651376147
28.079832178000288,12.876,2.018348623853211,220.1834862385321,2835.082568807339
28.08998915400116,12.852,2.2018348623853217,201.83486238532112,2593.981651376147
28.100062946001344,12.912,2.018348623853211,201.83486238532112,2606.0917431192665
28.110138312000345,12.872,2.018348623853211,201.83486238532112,2598.0183486238534
28.120211160001418,12.904,2.018348623853211,201.83486238532112,2604.477064220184
28.13028454400046,12.864,2.018348623853211,201.83486238532112,2596.403669724771
28.14035774400145,12.892,2.018348623853211,220.1834862385321,2838.605504587156
28.15043470300043,12.868,2.018348623853211,201.83486238532112,2597.211009174312
28.160508328001015,12.884,2.018348623853211,201.83486238532112,2600.4403669724775
28.17058128700046,12.872,2.018348623853211,201.83486238532112,2598.0183486238534
28.180653950001215,12.884,2.018348623853211,201.83486238532112,2600.4403669724775
28.19073576000119,12.872,2.018348623853211,183.4862385321101,2361.8348623853212
28.200814423000338,12.892,2.018348623853211,201.83486238532112,2602.0550458715597
28.210888363000777,12.872,2.018348623853211,201.83486238532112,2598.0183486238534
28.220960859000115,12.896,2.018348623853211,201.83486238532112,2602.862385321101
28.231033781001315,12.868,2.018348623853211,201.83486238532112,2597.211009174312
28.241107406000083,12.892,2.018348623853211,183.4862385321101,2365.5045871559632
28.251180032000775,12.868,2.018348623853211,201.83486238532112,2597.211009174312
28.261258843000178,12.884,2.018348623853211,201.83486238532112,2600.4403669724775
28.271335116000046,12.876,2.018348623853211,201.83486238532112,2598.8256880733948
28.2814132600015,12.884,2.018348623853211,201.83486238532112,2600.4403669724775
28.29149853400122,12.876,2.018348623853211,201.83486238532112,2598.8256880733948
28.301576400001068,12.88,2.018348623853211,201.83486238532112,2599.633027522936
28.311657321000894,12.88,2.018348623853211,201.83486238532112,2599.633027522936
28.32173781700112,12.884,2.018348623853211,201.83486238532112,2600.4403669724775
28.33181842400154,12.88,2.018348623853211,201.83486238532112,2599.633027522936
28.341898790000414,12.88,2.018348623853211,201.83486238532112,2599.633027522936
28.351979156001107,12.88,1.834862385321101,201.83486238532112,2599.633027522936
28.362058134000108,12.88,2.018348623853211,201.83486238532112,2599.633027522936
28.372135129000526,12.884,2.018348623853211,201.83486238532112,2600.4403669724775
28.38221282900122,12.884,2.018348623853211,201.83486238532112,2600.4403669724775
28.39229904700005,12.888,2.018348623853211,201.83486238532112,2601.2477064220184
28.40237258000161,12.872,2.018348623853211,201.83486238532112,2598.0183486238534
28.412434094001583,12.888,1.834862385321101,183.4862385321101,2364.770642201835
28.422511294000287,12.876,2.018348623853211,201.83486238532112,2598.8256880733948
28.432584086000134,12.884,2.018348623853211,201.83486238532112,2600.4403669724775
28.442657655999938,12.88,2.018348623853211,201.83486238532112,2599.633027522936
28.452734837001117,12.88,2.018348623853211,201.83486238532112,2599.633027522936
28.46281074000035,12.88,2.018348623853211,201.83486238532112,2599.633027522936
28.472888495000007,12.888,2.018348623853211,201.83486238532112,2601.2477064220184
28.482965232000424,12.868,2.018348623853211,201.83486238532112,2597.211009174312
28.493038358001286,12.888,2.018348623853211,201.83486238532112,2601.2477064220184
28.50312115000088,12.868,2.018348623853211,183.4862385321101,2361.1009174311926
28.513202275000367,12.892,2.018348623853211,201.83486238532112,2602.0550458715597
28.523282567000933,12.868,2.018348623853211,201.83486238532112,2597.211009174312
28.533363026001098,12.892,2.018348623853211,201.83486238532112,2602.0550458715597
28.543443743999887,12.864,2.018348623853211,201.83486238532112,2596.403669724771
28.553521054000157,12.86,2.018348623853211,201.83486238532112,2595.5963302752293
28.56359764300032,12.848,2.018348623853211,201.83486238532112,2593.1743119266057
28.573678916000063,12.868,2.018348623853211,220.1834862385321,2833.321100917431
28.58375902300031,12.86,2.018348623853211,201.83486238532112,2595.5963302752293
28.593835962999947,12.876,2.018348623853211,201.83486238532112,2598.8256880733948
28.60390981100136,12.848,2.018348623853211,201.83486238532112,2593.1743119266057
28.61398658500002,12.88,2.018348623853211,201.83486238532112,2599.633027522936
28.62406100699991,12.852,2.018348623853211,220.1834862385321,2829.798165137615
28.63413537300039,12.88,2.2018348623853217,220.1834862385321,2835.9633027522937
28.644208572000935,12.856,2.2018348623853217,201.83486238532112,2594.7889908256884
28.654281271999935,12.868,2.018348623853211,201.83486238532112,2597.211009174312
28.6643576940005,12.86,2.2018348623853217,201.83486238532112,2595.5963302752293
28.674433744999988,12.868,2.2018348623853217,220.1834862385321,2833.321100917431
28.684511371000553,12.86,2.2018348623853217,220.1834862385321,2831.559633027523
28.694594014999893,12.876,2.018348623853211,201.83486238532112,2598.8256880733948
28.704676547000417,12.864,2.018348623853211,220.1834862385321,2832.4403669724775
28.714754302000074,12.88,2.018348623853211,201.83486238532112,2599.633027522936
28.72483039100007,12.852,2.2018348623853217,201.83486238532112,2593.981651376147
28.734911294000995,12.88,2.018348623853211,220.1834862385321,2835.9633027522937
28.74499440100044,12.852,2.018348623853211,220.1834862385321,2829.798165137615
28.755074915001387,12.876,2.2018348623853217,201.83486238532112,2598.8256880733948
28.765155651000896,12.852,2.018348623853211,201.83486238532112,2593.981651376147
28.775236369001504,12.876,2.2018348623853217,201.83486238532112,2598.8256880733948
28.785316847001013,12.86,2.2018348623853217,201.83486238532112,2595.5963302752293
28.795404194001094,12.876,2.018348623853211,201.83486238532112,2598.8256880733948
28.805481430999862,12.852,2.018348623853211,201.83486238532112,2593.981651376147
28.81555779700102,12.88,2.018348623853211,201.83486238532112,2599.633027522936
28.825636237001163,12.852,2.018348623853211,201.83486238532112,2593.981651376147
28.835712585001602,12.88,2.2018348623853217,201.83486238532112,2599.633027522936
28.84578872900056,12.856,2.018348623853211,201.83486238532112,2594.7889908256884
28.85586472400064,12.876,2.2018348623853217,201.83486238532112,2598.8256880733948
28.86593823900148,12.856,2.2018348623853217,201.83486238532112,2594.7889908256884
28.876010994001263,12.872,2.2018348623853217,201.83486238532112,2598.0183486238534
28.88608784200005,12.864,2.018348623853211,220.1834862385321,2832.4403669724775
28.896172189000936,12.876,2.2018348623853217,201.83486238532112,2598.8256880733948
28.906253240000297,12.864,2.018348623853211,201.83486238532112,2596.403669724771
28.916333551000207,12.872,2.018348623853211,201.83486238532112,2598.0183486238534
28.926414269000816,12.864,2.2018348623853217,220.1834862385321,2832.4403669724775
28.93649739400098,12.876,2.018348623853211,201.83486238532112,2598.8256880733948
28.946578335000595,12.852,2.2018348623853217,201.83486238532112,2593.981651376147
28.956660886000464,12.876,2.018348623853211,201.83486238532112,2598.8256880733948
28.96674095600065,12.844,2.2018348623853217,201.83486238532112,2592.3669724770643
28.976823507000518,12.876,2.2018348623853217,201.83486238532112,2598.8256880733948
28.986903928000174,12.856,2.2018348623853217,201.83486238532112,2594.7889908256884
28.996994701999938,12.876,2.018348623853211,201.83486238532112,2598.8256880733948
29.007070920000842,12.86,2.018348623853211,220.1834862385321,2831.559633027523
29.01715810099995,12.876,2.018348623853211,201.83486238532112,2598.8256880733948
29.027236189000178,12.852,2.018348623853211,220.1834862385321,2829.798165137615
29.037315314000807,12.88,2.018348623853211,220.1834862385321,2835.9633027522937
29.04739147700093,12.852,2.2018348623853217,220.1834862385321,2829.798165137615
29.0574710280016,12.872,2.2018348623853217,220.1834862385321,2834.201834862385
29.06754472800094,12.852,2.018348623853211,201.83486238532112,2593.981651376147
29.07762477899996,12.868,2.018348623853211,201.83486238532112,2597.211009174312
29.08770225600165,12.86,2.2018348623853217,220.1834862385321,2831.559633027523
29.097842862000107,12.872,2.2018348623853217,220.1834862385321,2834.201834862385
29.107924580001054,12.86,2.2018348623853217,201.83486238532112,2595.5963302752293
29.118005002001155,12.868,2.2018348623853217,201.83486238532112,2597.211009174312
29.12808542300081,12.864,2.018348623853211,220.1834862385321,2832.4403669724775
29.138165956001103,12.872,2.018348623853211,201.83486238532112,2598.0183486238534
29.148246489001394,12.86,2.2018348623853217,220.1834862385321,2831.559633027523
29.158326300001136,12.876,2.018348623853211,201.83486238532112,2598.8256880733948
29.16842577600073,12.848,2.018348623853211,220.1834862385321,2828.917431192661
29.17850393900153,12.876,2.2018348623853217,201.83486238532112,2598.8256880733948
29.1885808420011,12.848,2.018348623853211,201.83486238532112,2593.1743119266057
29.198672133999935,12.876,2.018348623853211,220.1834862385321,2835.082568807339
29.2087485560005,12.856,2.018348623853211,201.83486238532112,2594.7889908256884
29.218821737000326,12.872,2.2018348623853217,201.83486238532112,2598.0183486238534
29.228893677000087,12.86,2.2018348623853217,220.1834862385321,2831.559633027523
29.238967617000526,12.872,2.018348623853211,201.83486238532112,2598.0183486238534
29.249040391001472,12.852,2.2018348623853217,201.83486238532112,2593.981651376147
29.25911712800007,12.872,2.018348623853211,220.1834862385321,2834.201834862385
29.269194864000383,12.852,2.018348623853211,201.83486238532112,2593.981651376147
29.279270823000843,12.872,2.018348623853211,220.1834862385321,2834.201834862385
29.289348745000098,12.852,2.018348623853211,201.83486238532112,2593.981651376147
29.29943177700079,12.876,2.2018348623853217,220.1834862385321,2835.082568807339
29.30950962499992,12.852,2.2018348623853217,201.83486238532112,2593.981651376147
29.3195863990004,12.872,2.2018348623853217,201.83486238532112,2598.0183486238534
29.329666413001178,12.86,2.2018348623853217,201.83486238532112,2595.5963302752293
29.339746927000306,12.872,2.2018348623853217,201.83486238532112,2598.0183486238534
29.349825830000555,12.86,2.018348623853211,220.1834862385321,2831.559633027523
29.35990456700165,12.872,2.018348623853211,220.1834862385321,2834.201834862385
29.369981674000883,12.856,2.018348623853211,220.1834862385321,2830.678899082569
29.380062632000772,12.876,2.018348623853211,201.83486238532112,2598.8256880733948
29.390140516999963,12.844,2.018348623853211,201.83486238532112,2592.3669724770643
29.400228956999854,12.88,2.018348623853211,201.83486238532112,2599.633027522936
29.410303342001498,12.852,2.2018348623853217,220.1834862385321,2829.798165137615
29.420378986000287,12.88,2.018348623853211,201.83486238532112,2599.633027522936
29.43045622200043,12.856,2.2018348623853217,201.83486238532112,2594.7889908256884
29.440534237000975,12.872,2.2018348623853217,201.83486238532112,2598.0183486238534
29.450610603000314,12.86,2.018348623853211,220.1834862385321,2831.559633027523
29.460688099001345,12.872,2.2018348623853217,220.1834862385321,2834.201834862385
29.470764520001467,12.852,2.2018348623853217,201.83486238532112,2593.981651376147
29.48084222000034,12.868,2.2018348623853217,201.83486238532112,2597.211009174312
29.490916086000652,12.852,2.018348623853211,220.1834862385321,2829.798165137615
29.50098989700018,12.872,2.2018348623853217,220.1834862385321,2834.201834862385
29.511070985001425,12.848,2.018348623853211,220.1834862385321,2828.917431192661
29.52115205500013,12.876,2.2018348623853217,201.83486238532112,2598.8256880733948
29.531232902001648,12.856,2.018348623853211,201.83486238532112,2594.7889908256884
29.541309602000183,12.876,2.2018348623853217,201.83486238532112,2598.8256880733948
29.551387393999903,12.86,2.2018348623853217,201.83486238532112,2595.5963302752293
29.561464279000575,12.872,2.018348623853211,220.1834862385321,2834.201834862385
29.571541367000464,12.856,2.018348623853211,201.83486238532112,2594.7889908256884
29.581618584999887,12.872,2.2018348623853217,220.1834862385321,2834.201834862385
29.591700192000644,12.86,2.2018348623853217,220.1834862385321,2831.559633027523
29.601776817000427,12.876,2.018348623853211,201.83486238532112,2598.8256880733948
29.611856017001628,12.848,2.018348623853211,201.83486238532112,2593.1743119266057
29.621940235001603,12.876,2.018348623853211,220.1834862385321,2835.082568807339
29.63201810100145,12.856,2.2018348623853217,201.83486238532112,2594.7889908256884
29.64209579999988,12.876,2.2018348623853217,201.83486238532112,2598.8256880733948
29.65217298100106,12.86,2.018348623853211,201.83486238532112,2595.5963302752293
29.662249922001138,12.872,2.018348623853211,220.1834862385321,2834.201834862385
29.672327103000498,12.86,2.2018348623853217,220.1834862385321,2831.559633027523
29.68240383900047,12.868,2.2018348623853217,220.1834862385321,2833.321100917431
29.69248727900049,12.852,2.018348623853211,201.83486238532112,2593.981651376147
29.702618608000193,12.872,2.2018348623853217,201.83486238532112,2598.0183486238534
29.71270558500146,12.864,2.018348623853211,201.83486238532112,2596.403669724771
29.722787210001115,12.876,2.018348623853211,220.1834862385321,2835.082568807339
29.73287253900162,12.852,2.018348623853211,201.83486238532112,2593.981651376147
29.742953664001107,12.876,2.2018348623853217,201.83486238532112,2598.8256880733948
29.75303682699996,12.856,2.018348623853211,201.83486238532112,2594.7889908256884
29.76311778499985,12.876,2.018348623853211,201.83486238532112,2598.8256880733948
29.773199688001114,12.856,2.018348623853211,220.1834862385321,2830.678899082569
29.78328127700115,12.872,2.2018348623853217,201.83486238532112,2598.0183486238534
29.793363587001295,12.856,2.2018348623853217,201.83486238532112,2594.7889908256884
29.803455545999896,12.872,2.018348623853211,220.1834862385321,2834.201834862385
29.813533041000483,12.852,2.018348623853211,201.83486238532112,2593.981651376147
29.823610519000795,12.876,2.018348623853211,220.1834862385321,2835.082568807339
29.833689329001572,12.852,2.018348623853211,201.83486238532112,2593.981651376147
29.843766214000425,12.876,2.2018348623853217,220.1834862385321,2835.082568807339
29.853843395001604,12.856,2.018348623853211,220.1834862385321,2830.678899082569
29.863920354000584,12.876,2.018348623853211,220.1834862385321,2835.082568807339
29.873997386001065,12.86,2.2018348623853217,220.1834862385321,2831.559633027523
29.88407408600142,12.868,2.2018348623853217,220.1834862385321,2833.321100917431
29.894151434000378,12.864,2.018348623853211,201.83486238532112,2596.403669724771
29.904230226000436,12.868,2.2018348623853217,201.83486238532112,2597.211009174312
29.914312240000072,12.864,2.018348623853211,220.1834862385321,2832.4403669724775
29.92442823500096,12.872,2.018348623853211,220.1834862385321,2834.201834862385
29.934511638000913,12.864,2.018348623853211,201.83486238532112,2596.403669724771
29.94459539300078,12.896,2.018348623853211,201.83486238532112,2602.862385321101
29.954676777000714,12.88,2.018348623853211,201.83486238532112,2599.633027522936
29.964758903000984,12.9,2.018348623853211,201.83486238532112,2603.6697247706425
29.974839676000556,12.864,2.018348623853211,201.83486238532112,2596.403669724771
29.98492245000125,12.892,2.018348623853211,201.83486238532112,2602.0550458715597
29.995003427000483,12.864,2.018348623853211,201.83486238532112,2596.403669724771
