t_s,bus_v,shunt_mv,current_ma,power_mw
0.00034103100006177556,12.86,2.003338898163606,200.33388981636057,2576.2938230383966
0.010409119000541978,12.872,2.003338898163606,200.33388981636057,2578.697829716193
0.020471669000471593,12.856,2.003338898163606,200.33388981636057,2575.4924874791313
0.03053264600021066,12.872,2.003338898163606,200.33388981636057,2578.697829716193
0.04059327100003429,12.856,2.003338898163606,200.33388981636057,2575.4924874791313
0.05065346900119039,12.876,2.003338898163606,200.33388981636057,2579.4991652754584
0.060714483000992914,12.86,2.003338898163606,200.33388981636057,2576.2938230383966
0.07077555200157803,12.876,2.003338898163606,200.33388981636057,2579.4991652754584
0.08083643600002688,12.86,1.8363939899833053,200.33388981636057,2576.2938230383966
0.09089752399995632,12.876,1.8363939899833053,200.33388981636057,2579.4991652754584
0.10095846300100675,12.856,2.003338898163606,200.33388981636057,2575.4924874791313
0.11101955100093619,12.876,2.003338898163606,200.33388981636057,2579.4991652754584
0.12108008300128859,12.848,2.003338898163606,200.33388981636057,2573.889816360601
0.13114017000043532,12.876,2.003338898163606,200.33388981636057,2579.4991652754584
0.14120064700000512,12.852,2.003338898163606,200.33388981636057,2574.691151919866
0.15126184600012493,12.876,2.003338898163606,200.33388981636057,2579.4991652754584
0.1613220449999062,12.86,2.003338898163606,200.33388981636057,2576.2938230383966
0.17138268800044898,12.876,2.003338898163606,200.33388981636057,2579.4991652754584
0.18144359000143595,12.86,2.003338898163606,200.33388981636057,2576.2938230383966
0.19150445600098465,12.876,2.003338898163606,200.33388981636057,2579.4991652754584
0.20156478399985645,12.856,2.003338898163606,200.33388981636057,2575.4924874791313
0.21162564900077996,12.872,2.003338898163606,200.33388981636057,2578.697829716193
0.22168594100003247,12.856,2.003338898163606,200.33388981636057,2575.4924874791313
0.23174654700051178,12.872,2.003338898163606,200.33388981636057,2578.697829716193
0.24180754200097,12.86,2.003338898163606,200.33388981636057,2576.2938230383966
0.25186863000089943,12.872,2.003338898163606,200.33388981636057,2578.697829716193
0.261929014000998,12.86,2.003338898163606,200.33388981636057,2576.2938230383966
0.2719900090014562,12.872,1.8363939899833053,200.33388981636057,2578.697829716193
0.28205096700003196,12.86,2.003338898163606,200.33388981636057,2576.2938230383966
0.29211122100059583,12.876,2.003338898163606,200.33388981636057,2579.4991652754584
0.3021710680004617,12.856,2.003338898163606,200.33388981636057,2575.4924874791313
0.31223197000144864,12.876,2.003338898163606,200.33388981636057,2579.4991652754584
0.3222920400003204,12.848,2.003338898163606,200.33388981636057,2573.889816360601
0.33235214600063046,12.876,2.003338898163606,200.33388981636057,2579.4991652754584
0.342412530000729,12.856,2.003338898163606,200.33388981636057,2575.4924874791313
0.3524729140008276,12.876,2.003338898163606,200.33388981636057,2579.4991652754584
0.3625336490003974,12.86,2.003338898163606,200.33388981636057,2576.2938230383966
0.3725941630000307,12.876,2.003338898163606,200.33388981636057,2579.4991652754584
0.3826552880000236,12.86,2.003338898163606,200.33388981636057,2576.2938230383966
0.3927162460004183,12.876,2.003338898163606,200.33388981636057,2579.4991652754584
0.4027765190003265,12.856,2.003338898163606,200.33388981636057,2575.4924874791313
0.41283738400125003,12.876,2.003338898163606,200.33388981636057,2579.4991652754584
0.4228982310014544,12.856,2.003338898163606,200.33388981636057,2575.4924874791313
0.43295930000022054,12.868,2.1702838063439063,200.33388981636057,2577.896494156928
0.4430200170008902,12.864,2.003338898163606,200.33388981636057,2577.0951585976627
0.4530900490008207,12.872,2.003338898163606,200.33388981636057,2578.697829716193
0.4631508410002425,12.864,1.8363939899833053,200.33388981636057,2577.0951585976627
0.4732119470008911,12.872,2.003338898163606,200.33388981636057,2578.697829716193
0.483272923000186,12.86,2.003338898163606,200.33388981636057,2576.2938230383966
0.4933319370011304,12.872,2.003338898163606,200.33388981636057,2578.697829716193
0.503391691001525,12.86,2.003338898163606,200.33388981636057,2576.2938230383966
0.5134523340002488,12.876,2.003338898163606,200.33388981636057,2579.4991652754584
0.5235111440015316,12.864,2.003338898163606,200.33388981636057,2577.0951585976627
0.5335701950007206,12.872,2.003338898163606,200.33388981636057,2578.697829716193
0.543628653000269,12.86,2.003338898163606,200.33388981636057,2576.2938230383966
0.5536906480010657,12.872,2.003338898163606,200.33388981636057,2578.697829716193
0.5637518470011855,12.86,2.003338898163606,200.33388981636057,2576.2938230383966
0.573813027000142,12.872,2.003338898163606,200.33388981636057,2578.697829716193
0.5838739300015732,12.86,2.003338898163606,200.33388981636057,2576.2938230383966
0.5939348320007412,12.872,2.003338898163606,200.33388981636057,2578.697829716193
0.6039935490007338,12.86,2.003338898163606,200.33388981636057,2576.2938230383966
0.6140521369998169,12.872,2.003338898163606,200.33388981636057,2578.697829716193
0.6241132250015653,12.864,2.003338898163606,200.33388981636057,2577.0951585976627
0.6341741640007967,12.868,2.003338898163606,200.33388981636057,2577.896494156928
0.6442351410005358,12.864,2.003338898163606,200.33388981636057,2577.0951585976627
0.6542955620006978,12.864,2.003338898163606,200.33388981636057,2577.0951585976627
0.6643557050010713,12.864,1.8363939899833053,200.33388981636057,2577.0951585976627
0.6744169040011911,12.868,2.003338898163606,200.33388981636057,2577.896494156928
0.6844776580001053,12.86,2.003338898163606,200.33388981636057,2576.2938230383966
0.6945385230010288,12.872,2.003338898163606,183.63939899833053,2363.806343906511
0.7045970930012118,12.868,2.003338898163606,200.33388981636057,2577.896494156928
0.7146583650010143,12.868,2.003338898163606,183.63939899833053,2363.0717863105174
0.7247173790001398,12.868,1.8363939899833053,200.33388981636057,2577.896494156928
0.7347761700002593,12.872,2.003338898163606,200.33388981636057,2578.697829716193
0.7448343510004634,12.86,2.003338898163606,200.33388981636057,2576.2938230383966
0.7548958460010908,12.868,2.003338898163606,200.33388981636057,2577.896494156928
0.7649570440007665,12.86,2.003338898163606,200.33388981636057,2576.2938230383966
0.7750179100003152,12.872,2.003338898163606,200.33388981636057,2578.697829716193
0.7850790350003081,12.86,2.003338898163606,200.33388981636057,2576.2938230383966
0.7951400670008297,12.872,2.003338898163606,200.33388981636057,2578.697829716193
0.8051988770002936,12.868,2.003338898163606,200.33388981636057,2577.896494156928
0.8152597050011536,12.868,2.003338898163606,200.33388981636057,2577.896494156928
0.8253207739999198,12.868,2.003338898163606,200.33388981636057,2577.896494156928
0.8353814359998069,12.864,2.1702838063439063,217.02838063439066,2791.8530884808015
0.8454424680003285,12.864,2.003338898163606,200.33388981636057,2577.0951585976627
0.8555035180015693,12.86,2.003338898163606,200.33388981636057,2576.2938230383966
0.8655645320013718,12.864,1.8363939899833053,200.33388981636057,2577.0951585976627
0.8756253790015762,12.868,1.8363939899833053,200.33388981636057,2577.896494156928
0.8856864670015057,12.868,1.8363939899833053,200.33388981636057,2577.896494156928
0.8957468690005044,12.864,2.003338898163606,200.33388981636057,2577.0951585976627
0.9058070860010048,12.868,2.003338898163606,200.33388981636057,2577.896494156928
0.9158680630007439,12.868,2.003338898163606,200.33388981636057,2577.896494156928
0.9259296690015617,12.868,1.8363939899833053,200.33388981636057,2577.896494156928
0.9359884229997988,12.864,2.003338898163606,200.33388981636057,2577.0951585976627
0.9460486410007434,12.864,2.003338898163606,217.02838063439066,2791.8530884808015
0.9561098580015823,12.868,2.003338898163606,200.33388981636057,2577.896494156928
0.9661686310009827,12.864,2.003338898163606,200.33388981636057,2577.0951585976627
0.9762295890013775,12.868,2.003338898163606,200.33388981636057,2577.896494156928
0.9862885279999318,12.868,2.003338898163606,200.33388981636057,2577.896494156928
0.9963532460005808,12.868,2.003338898163606,200.33388981636057,2577.896494156928
1.006414092000341,12.868,2.003338898163606,200.33388981636057,2577.896494156928
1.0164750690000801,12.868,2.003338898163606,200.33388981636057,2577.896494156928
1.0265354900002421,12.868,2.003338898163606,200.33388981636057,2577.896494156928
1.0365957260000869,12.864,2.003338898163606,200.33388981636057,2577.0951585976627
1.0466545910003333,12.868,2.003338898163606,200.33388981636057,2577.896494156928
1.0567160680002416,12.86,2.003338898163606,200.33388981636057,2576.2938230383966
1.0667768220009748,12.876,2.003338898163606,200.33388981636057,2579.4991652754584
1.0768376320011157,12.864,2.003338898163606,200.33388981636057,2577.0951585976627
1.086898553001447,12.872,2.003338898163606,200.33388981636057,2578.697829716193
1.0969594739999593,12.864,2.003338898163606,200.33388981636057,2577.0951585976627
1.1070203580002271,12.872,2.003338898163606,200.33388981636057,2578.697829716193
1.1170810940002411,12.864,2.003338898163606,200.33388981636057,2577.0951585976627
1.1271419220011012,12.868,2.003338898163606,200.33388981636057,2577.896494156928
1.1372026210010517,12.864,2.003338898163606,200.33388981636057,2577.0951585976627
1.1472611160006636,12.864,2.003338898163606,200.33388981636057,2577.0951585976627
1.1573218150006142,12.864,1.8363939899833053,217.02838063439066,2791.8530884808015
1.1673824019999302,12.868,2.003338898163606,200.33388981636057,2577.896494156928
1.177443286000198,12.864,2.003338898163606,200.33388981636057,2577.0951585976627
1.187503930001185,12.868,1.8363939899833053,200.33388981636057,2577.896494156928
1.1975649249998241,12.864,2.003338898163606,200.33388981636057,2577.0951585976627
1.2076258640008746,12.872,2.003338898163606,200.33388981636057,2578.697829716193
1.2176868410006136,12.864,2.1702838063439063,200.33388981636057,2577.0951585976627
1.227745058000437,12.868,2.003338898163606,200.33388981636057,2577.896494156928
1.2378032750002603,12.864,2.003338898163606,200.33388981636057,2577.0951585976627
1.247864548000507,12.868,2.003338898163606,200.33388981636057,2577.896494156928
1.2579253950007114,12.86,2.1702838063439063,200.33388981636057,2576.2938230383966
1.2679862420009158,12.876,2.003338898163606,200.33388981636057,2579.4991652754584
1.27804699599983,12.864,2.003338898163606,200.33388981636057,2577.0951585976627
1.2881076760004362,12.872,2.003338898163606,200.33388981636057,2578.697829716193
1.2981680600005348,12.86,2.003338898163606,200.33388981636057,2576.2938230383966
1.3082288519999565,12.872,2.003338898163606,200.33388981636057,2578.697829716193
1.318287643000076,12.864,2.003338898163606,200.33388981636057,2577.0951585976627
1.328346379001232,12.868,2.003338898163606,200.33388981636057,2577.896494156928
1.3384077070004423,12.864,2.003338898163606,200.33388981636057,2577.0951585976627
1.3484662210012175,12.876,2.003338898163606,200.33388981636057,2579.4991652754584
1.3585244940004486,12.86,2.003338898163606,200.33388981636057,2576.2938230383966
1.368585267000526,12.872,2.003338898163606,200.33388981636057,2578.697829716193
1.378646002000096,12.864,1.8363939899833053,200.33388981636057,2577.0951585976627
1.3887066830011463,12.872,2.003338898163606,200.33388981636057,2578.697829716193
1.3987673440005892,12.864,2.003338898163606,200.33388981636057,2577.0951585976627
1.408828136000011,12.868,2.003338898163606,200.33388981636057,2577.896494156928
1.4188888349999615,12.864,2.003338898163606,200.33388981636057,2577.0951585976627
1.4289496260007581,12.872,2.003338898163606,183.63939899833053,2363.806343906511
1.439010436000899,12.864,2.003338898163606,200.33388981636057,2577.0951585976627
1.449071578999792,12.876,2.003338898163606,200.33388981636057,2579.4991652754584
1.4591393150003569,12.856,2.003338898163606,200.33388981636057,2575.4924874791313
1.4692042540009425,12.876,2.003338898163606,200.33388981636057,2579.4991652754584
1.4792650079998566,12.856,2.003338898163606,200.33388981636057,2575.4924874791313
1.489325929000188,12.876,2.003338898163606,217.02838063439066,2794.457429048414
1.4993878320001386,12.86,2.003338898163606,200.33388981636057,2576.2938230383966
1.5094465680012945,12.872,2.003338898163606,217.02838063439066,2793.5893155258764
1.5195077850003145,12.86,2.003338898163606,200.33388981636057,2576.2938230383966
1.529568873000244,12.876,2.003338898163606,200.33388981636057,2579.4991652754584
1.5396299969997926,12.86,2.1702838063439063,200.33388981636057,2576.2938230383966
1.5496904920000816,12.876,2.1702838063439063,200.33388981636057,2579.4991652754584
1.5597514870005398,12.86,2.003338898163606,200.33388981636057,2576.2938230383966
1.569812390000152,12.868,2.003338898163606,200.33388981636057,2577.896494156928
1.5798730700007582,12.86,2.003338898163606,200.33388981636057,2576.2938230383966
1.5899342500015337,12.868,2.003338898163606,200.33388981636057,2577.896494156928
1.5999924679999822,12.86,2.003338898163606,200.33388981636057,2576.2938230383966
1.6100535550012864,12.868,2.003338898163606,200.33388981636057,2577.896494156928
1.6201146060011524,12.864,2.003338898163606,200.33388981636057,2577.0951585976627
1.6301754530013568,12.876,2.003338898163606,200.33388981636057,2579.4991652754584
1.6402364109999326,12.86,2.003338898163606,200.33388981636057,2576.2938230383966
1.6502970540004753,12.876,2.003338898163606,200.33388981636057,2579.4991652754584
1.6603559190007218,12.86,2.003338898163606,200.33388981636057,2576.2938230383966
1.6704158960001223,12.876,2.003338898163606,200.33388981636057,2579.4991652754584
1.6804740950010455,12.852,2.003338898163606,200.33388981636057,2574.691151919866
1.6905353310012288,12.876,2.003338898163606,200.33388981636057,2579.4991652754584
1.7005961410013697,12.856,2.003338898163606,200.33388981636057,2575.4924874791313
1.7106568950002838,12.88,1.8363939899833053,200.33388981636057,2580.300500834724
1.7207152420014609,12.856,2.003338898163606,200.33388981636057,2575.4924874791313
1.7307734780006285,12.88,2.003338898163606,200.33388981636057,2580.300500834724
1.7408334730007482,12.86,2.003338898163606,200.33388981636057,2576.2938230383966
1.750894116001291,12.876,2.003338898163606,200.33388981636057,2579.4991652754584
1.7609549260014319,12.86,2.003338898163606,200.33388981636057,2576.2938230383966
1.771015754000473,12.872,2.003338898163606,200.33388981636057,2578.697829716193
1.7810761199998524,12.86,2.003338898163606,200.33388981636057,2576.2938230383966
1.7911368740005855,12.868,2.003338898163606,200.33388981636057,2577.896494156928
1.8011976840007264,12.86,2.003338898163606,200.33388981636057,2576.2938230383966
1.811258457000804,12.876,2.003338898163606,200.33388981636057,2579.4991652754584
1.8213191550003103,12.86,2.003338898163606,200.33388981636057,2576.2938230383966
1.831377873000747,12.876,2.003338898163606,183.63939899833053,2364.540901502504
1.8414383310009725,12.86,2.003338898163606,200.33388981636057,2576.2938230383966
1.8514991590000136,12.876,2.003338898163606,200.33388981636057,2579.4991652754584
1.8615598760006833,12.86,2.003338898163606,200.33388981636057,2576.2938230383966
1.8716207600009511,12.876,2.003338898163606,200.33388981636057,2579.4991652754584
1.8816813660014304,12.856,2.003338898163606,200.33388981636057,2575.4924874791313
1.8917398620014865,12.88,2.003338898163606,200.33388981636057,2580.300500834724
1.9017980600001465,12.852,2.003338898163606,200.33388981636057,2574.691151919866
1.9118589260015142,12.88,2.003338898163606,200.33388981636057,2580.300500834724
1.9219195510013378,12.856,2.003338898163606,200.33388981636057,2575.4924874791313
1.931981823001479,12.88,2.003338898163606,200.33388981636057,2580.300500834724
1.9420429670008161,12.856,2.003338898163606,200.33388981636057,2575.4924874791313
1.9521038130005763,12.876,2.003338898163606,200.33388981636057,2579.4991652754584
1.9621647160001885,12.856,2.003338898163606,200.33388981636057,2575.4924874791313
1.9722254700009216,12.876,2.003338898163606,217.02838063439066,2794.457429048414
1.9822861130014644,12.856,2.003338898163606,200.33388981636057,2575.4924874791313
1.9923468310007593,12.876,2.003338898163606,200.33388981636057,2579.4991652754584
2.0024087890014926,12.856,2.003338898163606,200.33388981636057,2575.4924874791313
2.0124696729999414,12.876,2.003338898163606,200.33388981636057,2579.4991652754584
2.0225304830000823,12.856,2.003338898163606,200.33388981636057,2575.4924874791313
2.032591200000752,12.88,2.003338898163606,200.33388981636057,2580.300500834724
2.0426520470009564,12.856,2.003338898163606,200.33388981636057,2575.4924874791313
2.052712690001499,12.876,2.003338898163606,200.33388981636057,2579.4991652754584
2.0627732780012593,12.856,2.003338898163606,200.33388981636057,2575.4924874791313
2.072833920999983,12.876,2.003338898163606,200.33388981636057,2579.4991652754584
2.0828946199999336,12.852,2.003338898163606,183.63939899833053,2360.133555926544
2.0929556890005188,12.88,2.003338898163606,200.33388981636057,2580.300500834724
2.103016517001379,12.848,2.003338898163606,200.33388981636057,2573.889816360601
2.113077123000039,12.88,2.003338898163606,200.33388981636057,2580.300500834724
2.1231378219999897,12.852,2.1702838063439063,200.33388981636057,2574.691151919866
2.133198576000723,12.88,1.8363939899833053,200.33388981636057,2580.300500834724
2.143259405000208,12.856,2.003338898163606,200.33388981636057,2575.4924874791313
2.153318455000772,12.876,2.003338898163606,200.33388981636057,2579.4991652754584
2.1633933760003856,12.856,2.003338898163606,200.33388981636057,2575.4924874791313
2.1734541860005265,12.88,2.003338898163606,200.33388981636057,2580.300500834724
2.1835148660011328,12.856,2.003338898163606,200.33388981636057,2575.4924874791313
2.19357563900121,12.876,2.003338898163606,200.33388981636057,2579.4991652754584
2.2036363380011608,12.852,2.003338898163606,200.33388981636057,2574.691151919866
2.213697721999779,12.872,2.003338898163606,200.33388981636057,2578.697829716193
2.22375936500066,12.856,2.003338898163606,200.33388981636057,2575.4924874791313
2.2338201930015202,12.876,1.8363939899833053,217.02838063439066,2794.457429048414
2.243880355001238,12.856,2.003338898163606,200.33388981636057,2575.4924874791313
2.253939554000681,12.876,2.003338898163606,200.33388981636057,2579.4991652754584
2.2640003640008217,12.856,2.003338898163606,200.33388981636057,2575.4924874791313
2.2740610250002646,12.88,2.003338898163606,200.33388981636057,2580.300500834724
2.2841215759999614,12.852,2.003338898163606,200.33388981636057,2574.691151919866
2.2941823300006945,12.88,2.003338898163606,200.33388981636057,2580.300500834724
2.304242770000201,12.88,2.003338898163606,200.33388981636057,2580.300500834724
2.3143033020005532,12.9,1.8363939899833053,183.63939899833053,2368.9482470784637
2.324363538000398,12.864,2.003338898163606,200.33388981636057,2577.0951585976627
2.3344241810009407,12.892,2.003338898163606,183.63939899833053,2367.4791318864773
2.3444846020011028,12.864,1.8363939899833053,183.63939899833053,2362.337228714524
2.3545456339998054,12.896,2.003338898163606,183.63939899833053,2368.2136894824707
2.364607944000454,12.864,1.8363939899833053,183.63939899833053,2362.337228714524
2.3746681430002354,12.896,2.003338898163606,183.63939899833053,2368.2136894824707
2.3847288230008417,12.864,1.8363939899833053,200.33388981636057,2577.0951585976627
2.394789503001448,12.896,2.003338898163606,200.33388981636057,2583.505843071786
2.4048499609998544,12.868,1.8363939899833053,183.63939899833053,2363.0717863105174
2.4149103820000164,12.888,2.003338898163606,183.63939899833053,2366.744574290484
2.424971173000813,12.868,2.003338898163606,200.33388981636057,2577.896494156928
2.435031909000827,12.864,2.003338898163606,200.33388981636057,2577.0951585976627
2.4450919040009467,12.848,2.003338898163606,200.33388981636057,2573.889816360601
2.4551630840014695,12.88,2.003338898163606,200.33388981636057,2580.300500834724
2.46522670900049,12.852,2.003338898163606,200.33388981636057,2574.691151919866
2.4752859820000594,12.88,2.003338898163606,200.33388981636057,2580.300500834724
2.4853474580013426,12.848,2.003338898163606,200.33388981636057,2573.889816360601
2.4954081760006375,12.88,2.003338898163606,200.33388981636057,2580.300500834724
2.50546761500118,12.848,2.003338898163606,217.02838063439066,2788.3806343906513
2.515527647001363,12.884,2.003338898163606,200.33388981636057,2581.1018363939897
2.5255885679998755,12.844,2.003338898163606,183.63939899833053,2358.6644407345575
2.53564941500008,12.88,2.003338898163606,200.33388981636057,2580.300500834724
2.545710076999967,12.848,2.003338898163606,200.33388981636057,2573.889816360601
2.555770665001546,12.884,1.8363939899833053,200.33388981636057,2581.1018363939897
2.565831863001222,12.848,2.003338898163606,200.33388981636057,2573.889816360601
2.5758925810005167,12.884,2.003338898163606,200.33388981636057,2581.1018363939897
2.5859532240010594,12.852,2.003338898163606,200.33388981636057,2574.691151919866
2.596013052001581,12.88,2.003338898163606,200.33388981636057,2580.300500834724
2.6060717510008544,12.852,2.003338898163606,200.33388981636057,2574.691151919866
2.6161326540004666,12.876,2.003338898163606,200.33388981636057,2579.4991652754584
2.6261933890000364,12.852,2.003338898163606,200.33388981636057,2574.691151919866
2.636253773000135,12.876,2.1702838063439063,200.33388981636057,2579.4991652754584
2.646313083001587,12.848,2.003338898163606,200.33388981636057,2573.889816360601
2.6563720410013048,12.88,2.003338898163606,200.33388981636057,2580.300500834724
2.6664326660011284,12.852,2.003338898163606,200.33388981636057,2574.691151919866
2.6764933280010155,12.88,2.003338898163606,200.33388981636057,2580.300500834724
2.6865520820010715,12.856,2.003338898163606,183.63939899833053,2360.8681135225374
2.696612781001022,12.88,2.003338898163606,200.33388981636057,2580.300500834724
2.7066737940003804,12.852,2.003338898163606,200.33388981636057,2574.691151919866
2.7167342890006694,12.88,2.003338898163606,200.33388981636057,2580.300500834724
2.7267935810014023,12.844,2.003338898163606,200.33388981636057,2573.088480801335
2.73685255700002,12.88,2.003338898163606,200.33388981636057,2580.300500834724
2.746911349000584,12.848,2.003338898163606,200.33388981636057,2573.889816360601
2.7569720470000902,12.88,2.003338898163606,200.33388981636057,2580.300500834724
2.767032931000358,12.852,2.003338898163606,200.33388981636057,2574.691151919866
2.7770938710000337,12.88,1.8363939899833053,200.33388981636057,2580.300500834724
2.7871543840010418,12.852,2.003338898163606,200.33388981636057,2574.691151919866
2.7972147870004846,12.88,2.003338898163606,200.33388981636057,2580.300500834724
2.807275541001218,12.852,2.003338898163606,200.33388981636057,2574.691151919866
2.817335981000724,12.88,2.003338898163606,200.33388981636057,2580.300500834724
2.8273964199997863,12.852,2.003338898163606,200.33388981636057,2574.691151919866
2.8374570080013655,12.876,2.003338898163606,200.33388981636057,2579.4991652754584
2.847516429001189,12.852,2.003338898163606,200.33388981636057,2574.691151919866
2.857576608999807,12.876,2.003338898163606,200.33388981636057,2579.4991652754584
2.8676368450014706,12.856,2.003338898163606,217.02838063439066,2790.116861435726
2.877697544001421,12.88,2.003338898163606,183.63939899833053,2365.2754590984973
2.8877582240002084,12.856,2.003338898163606,200.33388981636057,2575.4924874791313
2.8978190520010685,12.88,2.1702838063439063,200.33388981636057,2580.300500834724
2.9078796960002364,12.856,2.003338898163606,200.33388981636057,2575.4924874791313
2.9179405240010965,12.88,2.003338898163606,200.33388981636057,2580.300500834724
2.92799922300037,12.848,2.003338898163606,200.33388981636057,2573.889816360601
2.9380589590000454,12.88,1.8363939899833053,200.33388981636057,2580.300500834724
2.948118935000821,12.852,2.003338898163606,200.33388981636057,2574.691151919866
2.958178004000729,12.88,1.8363939899833053,200.33388981636057,2580.300500834724
2.9682382959999813,12.856,1.8363939899833053,200.33388981636057,2575.4924874791313
2.9782991240008414,12.88,2.003338898163606,200.33388981636057,2580.300500834724
2.9883596930012573,12.856,2.003338898163606,200.33388981636057,2575.4924874791313
2.9984202810010174,12.876,2.003338898163606,200.33388981636057,2579.4991652754584
3.008480757000143,12.856,2.003338898163606,200.33388981636057,2575.4924874791313
3.0185420859997976,12.88,2.003338898163606,200.33388981636057,2580.300500834724
3.0286027290003403,12.856,2.003338898163606,200.33388981636057,2575.4924874791313
3.0386635760005447,12.872,2.003338898163606,200.33388981636057,2578.697829716193
3.048723460000474,12.856,2.003338898163606,200.33388981636057,2575.4924874791313
3.058782603000509,12.876,2.003338898163606,183.63939899833053,2364.540901502504
3.068842783000946,12.86,2.003338898163606,200.33388981636057,2576.2938230383966
3.0789033150012983,12.88,2.003338898163606,200.33388981636057,2580.300500834724
3.088961940000445,12.86,2.003338898163606,200.33388981636057,2576.2938230383966
3.099022454000078,12.876,2.003338898163606,200.33388981636057,2579.4991652754584
3.109082949000367,12.856,2.003338898163606,200.33388981636057,2575.4924874791313
3.1191434250013117,12.88,2.003338898163606,200.33388981636057,2580.300500834724
3.1292041240012622,12.852,2.003338898163606,200.33388981636057,2574.691151919866
3.1392631010003242,12.88,2.003338898163606,200.33388981636057,2580.300500834724
3.1493220960001054,12.852,2.003338898163606,200.33388981636057,2574.691151919866
3.1593812390001403,12.88,2.003338898163606,200.33388981636057,2580.300500834724
3.1694414560006408,12.856,2.003338898163606,200.33388981636057,2575.4924874791313
3.179502674000105,12.876,2.003338898163606,200.33388981636057,2579.4991652754584
3.1895633170006477,12.856,2.003338898163606,200.33388981636057,2575.4924874791313
3.1996237930015923,12.88,2.003338898163606,200.33388981636057,2580.300500834724
3.2096843810013524,12.856,2.003338898163606,200.33388981636057,2575.4924874791313
3.2197448759998224,12.88,2.003338898163606,200.33388981636057,2580.300500834724
3.229805334000048,12.86,2.003338898163606,217.02838063439066,2790.9849749582636
3.239866162000908,12.872,2.003338898163606,200.33388981636057,2578.697829716193
3.2499266949998855,12.86,2.003338898163606,200.33388981636057,2576.2938230383966
3.259987319001084,12.876,2.003338898163606,200.33388981636057,2579.4991652754584
3.2700475360015844,12.86,2.003338898163606,200.33388981636057,2576.2938230383966
3.2801079390010273,12.876,2.003338898163606,183.63939899833053,2364.540901502504
3.2901687670000683,12.856,2.003338898163606,200.33388981636057,2575.4924874791313
3.300229244001457,12.876,2.003338898163606,200.33388981636057,2579.4991652754584
3.310289795001154,12.856,2.003338898163606,200.33388981636057,2575.4924874791313
3.320349049001379,12.876,2.003338898163606,200.33388981636057,2579.4991652754584
3.330408266001541,12.864,2.003338898163606,200.33388981636057,2577.0951585976627
3.3404696870002226,12.876,2.003338898163606,200.33388981636057,2579.4991652754584
3.350530608000554,12.856,2.003338898163606,200.33388981636057,2575.4924874791313
3.3605913990013505,12.876,2.003338898163606,200.33388981636057,2579.4991652754584
3.370651932000328,12.856,1.8363939899833053,200.33388981636057,2575.4924874791313
3.3807127780000883,12.876,2.003338898163606,200.33388981636057,2579.4991652754584
3.390773402999912,12.856,2.003338898163606,200.33388981636057,2575.4924874791313
3.400834064999799,12.88,2.003338898163606,200.33388981636057,2580.300500834724
3.4108945410007436,12.864,2.003338898163606,200.33388981636057,2577.0951585976627
3.4209550360010326,12.876,2.003338898163606,200.33388981636057,2579.4991652754584
3.431015254000158,12.864,2.003338898163606,183.63939899833053,2362.337228714524
3.441076304001399,12.872,2.003338898163606,217.02838063439066,2793.5893155258764
3.4511377810013073,12.86,2.003338898163606,200.33388981636057,2576.2938230383966
3.4612034800011315,12.868,2.003338898163606,200.33388981636057,2577.896494156928
3.4712642890008283,12.86,2.003338898163606,200.33388981636057,2576.2938230383966
3.4813240990006307,12.872,2.003338898163606,200.33388981636057,2578.697829716193
3.4913853720008774,12.86,2.003338898163606,200.33388981636057,2576.2938230383966
3.5014462010003626,12.872,2.003338898163606,200.33388981636057,2578.697829716193
3.5115107700003136,12.864,2.003338898163606,200.33388981636057,2577.0951585976627
3.521571541999947,12.876,2.003338898163606,200.33388981636057,2579.4991652754584
3.531632445001378,12.864,2.003338898163606,200.33388981636057,2577.0951585976627
3.5416935510002077,12.876,2.003338898163606,200.33388981636057,2579.4991652754584
3.551754546000666,12.856,2.003338898163606,200.33388981636057,2575.4924874791313
3.5618150970003626,12.876,2.003338898163606,200.33388981636057,2579.4991652754584
3.571875944000567,12.856,2.003338898163606,200.33388981636057,2575.4924874791313
3.581936530999883,12.876,1.8363939899833053,200.33388981636057,2579.4991652754584
3.5919950820007216,12.864,2.003338898163606,200.33388981636057,2577.0951585976627
3.6020533179998893,12.876,2.003338898163606,200.33388981636057,2579.4991652754584
3.6121141460007493,12.864,2.003338898163606,200.33388981636057,2577.0951585976627
3.6221749190008268,12.876,2.003338898163606,200.33388981636057,2579.4991652754584
3.63223615500101,12.864,2.003338898163606,217.02838063439066,2791.8530884808015
3.6422970760013413,12.872,2.003338898163606,200.33388981636057,2578.697829716193
3.652357700000721,12.86,2.003338898163606,200.33388981636057,2576.2938230383966
3.6624184920001426,12.868,2.003338898163606,200.33388981636057,2577.896494156928
3.672479042001214,12.86,2.003338898163606,200.33388981636057,2576.2938230383966
3.6825396490003186,12.872,2.003338898163606,200.33388981636057,2578.697829716193
3.6926002920008614,12.868,2.003338898163606,200.33388981636057,2577.896494156928
3.702660842000114,12.896,1.8363939899833053,200.33388981636057,2583.505843071786
3.712721429999874,12.896,2.003338898163606,200.33388981636057,2583.505843071786
3.7227799810007127,12.888,2.003338898163606,183.63939899833053,2366.744574290484
3.7328388090008957,12.884,1.8363939899833053,183.63939899833053,2366.010016694491
3.742898675000106,12.88,2.003338898163606,200.33388981636057,2580.300500834724
3.752959503000966,12.88,1.8363939899833053,183.63939899833053,2365.2754590984973
3.7630202760010434,12.88,1.8363939899833053,200.33388981636057,2580.300500834724
3.773081160001311,12.884,2.003338898163606,200.33388981636057,2581.1018363939897
3.7831418220011983,12.88,2.003338898163606,183.63939899833053,2365.2754590984973
3.79320094600007,12.888,2.003338898163606,183.63939899833053,2366.744574290484
3.8032636260013533,12.876,2.003338898163606,183.63939899833053,2364.540901502504
3.8133258990001195,12.888,1.8363939899833053,183.63939899833053,2366.744574290484
3.8233867280014238,12.876,2.003338898163606,200.33388981636057,2579.4991652754584
3.8334457040000416,12.86,2.003338898163606,200.33388981636057,2576.2938230383966
3.8435055700010707,12.852,2.003338898163606,200.33388981636057,2574.691151919866
3.853566323999985,12.868,2.003338898163606,200.33388981636057,2577.896494156928
3.8636271150007815,12.856,2.003338898163606,200.33388981636057,2575.4924874791313
3.873687962000986,12.876,1.8363939899833053,200.33388981636057,2579.4991652754584
3.88374918000045,12.86,2.003338898163606,200.33388981636057,2576.2938230383966
3.8938100630002737,12.876,2.003338898163606,200.33388981636057,2579.4991652754584
3.9038707810013875,12.86,2.003338898163606,200.33388981636057,2576.2938230383966
3.9139315170014015,12.876,2.003338898163606,200.33388981636057,2579.4991652754584
3.923992048999935,12.86,1.8363939899833053,200.33388981636057,2576.2938230383966
3.9340675430012197,12.868,2.003338898163606,200.33388981636057,2577.896494156928
3.944139557001108,12.856,2.003338898163606,200.33388981636057,2575.4924874791313
3.954216255000574,12.864,2.003338898163606,200.33388981636057,2577.0951585976627
3.964293898001415,12.864,2.003338898163606,200.33388981636057,2577.0951585976627
3.9743663190001826,12.864,2.003338898163606,200.33388981636057,2577.0951585976627
3.984437406001234,12.868,2.003338898163606,200.33388981636057,2577.896494156928
3.9945136420010385,12.864,2.003338898163606,200.33388981636057,2577.0951585976627
4.004591655000695,12.864,2.003338898163606,200.33388981636057,2577.0951585976627
4.014667669000119,12.868,2.003338898163606,200.33388981636057,2577.896494156928
4.0247475520009175,12.86,2.003338898163606,200.33388981636057,2576.2938230383966
4.034824658001526,12.868,2.003338898163606,200.33388981636057,2577.896494156928
4.04490224500114,12.86,2.003338898163606,200.33388981636057,2576.2938230383966
4.054981814000712,12.868,2.003338898163606,200.33388981636057,2577.896494156928
4.065062364999903,12.856,2.003338898163606,200.33388981636057,2575.4924874791313
4.07514302600066,12.872,2.003338898163606,200.33388981636057,2578.697829716193
4.085223224001311,12.86,2.003338898163606,200.33388981636057,2576.2938230383966
4.095303571000841,12.868,2.003338898163606,200.33388981636057,2577.896494156928
4.105384177000815,12.864,2.003338898163606,200.33388981636057,2577.0951585976627
4.115472190000219,12.868,2.003338898163606,200.33388981636057,2577.896494156928
4.125572406001083,12.868,2.003338898163606,200.33388981636057,2577.896494156928
4.135651549000613,12.868,2.003338898163606,200.33388981636057,2577.896494156928
4.145728081000925,12.86,2.003338898163606,200.33388981636057,2576.2938230383966
4.15580333500111,12.864,2.003338898163606,200.33388981636057,2577.0951585976627
4.165879423000661,12.86,2.003338898163606,200.33388981636057,2576.2938230383966
4.175957103001565,12.864,2.003338898163606,200.33388981636057,2577.0951585976627
4.186033412001052,12.864,2.003338898163606,200.33388981636057,2577.0951585976627
4.196111537001343,12.864,2.003338898163606,200.33388981636057,2577.0951585976627
4.206187679999857,12.864,2.003338898163606,200.33388981636057,2577.0951585976627
4.216265711000233,12.864,2.003338898163606,200.33388981636057,2577.0951585976627
4.226353502001075,12.864,2.003338898163606,200.33388981636057,2577.0951585976627
4.236437386000034,12.868,2.003338898163606,200.33388981636057,2577.896494156928
4.246518010000727,12.864,2.003338898163606,200.33388981636057,2577.0951585976627
4.256598949001273,12.868,2.003338898163606,183.63939899833053,2363.0717863105174
4.266680202999851,12.856,2.003338898163606,200.33388981636057,2575.4924874791313
4.2767613460000575,12.868,2.003338898163606,200.33388981636057,2577.896494156928
4.286842266999884,12.856,2.003338898163606,200.33388981636057,2575.4924874791313
4.296922558000006,12.868,2.003338898163606,200.33388981636057,2577.896494156928
4.30700216400146,12.86,2.003338898163606,200.33388981636057,2576.2938230383966
4.317082473000482,12.868,2.003338898163606,200.33388981636057,2577.896494156928
4.327171246000944,12.864,2.003338898163606,200.33388981636057,2577.0951585976627
4.337249000000156,12.868,2.003338898163606,200.33388981636057,2577.896494156928
4.34732536500087,12.86,2.003338898163606,200.33388981636057,2576.2938230383966
4.357402229999934,12.864,2.003338898163606,200.33388981636057,2577.0951585976627
4.367480539000098,12.86,2.003338898163606,200.33388981636057,2576.2938230383966
4.3775569230001565,12.864,2.003338898163606,200.33388981636057,2577.0951585976627
4.387632992000363,12.86,2.003338898163606,200.33388981636057,2576.2938230383966
4.3977094310012035,12.868,2.003338898163606,200.33388981636057,2577.896494156928
4.407787167001516,12.864,2.003338898163606,200.33388981636057,2577.0951585976627
4.4178635320004105,12.868,2.003338898163606,200.33388981636057,2577.896494156928
4.427940712001146,12.864,2.003338898163606,200.33388981636057,2577.0951585976627
4.438021650999872,12.864,2.003338898163606,200.33388981636057,2577.0951585976627
4.448102183001538,12.868,2.003338898163606,217.02838063439066,2792.721202003339
4.458193862001281,12.868,2.003338898163606,200.33388981636057,2577.896494156928
4.468276987001445,12.86,2.003338898163606,200.33388981636057,2576.2938230383966
4.478358463000404,12.872,2.003338898163606,200.33388981636057,2578.697829716193
4.488439328000823,12.856,2.003338898163606,200.33388981636057,2575.4924874791313
4.498519878001389,12.868,2.003338898163606,200.33388981636057,2577.896494156928
4.50860042900058,12.86,2.003338898163606,200.33388981636057,2576.2938230383966
4.518682941999941,12.868,2.003338898163606,200.33388981636057,2577.896494156928
4.5287642140010576,12.864,2.003338898163606,200.33388981636057,2577.0951585976627
4.538839542001369,12.868,2.003338898163606,200.33388981636057,2577.896494156928
4.548916222000116,12.868,2.1702838063439063,200.33388981636057,2577.896494156928
4.558992643000238,12.868,2.003338898163606,200.33388981636057,2577.896494156928
4.569068786000571,12.86,2.003338898163606,200.33388981636057,2576.2938230383966
4.579145614001391,12.864,2.003338898163606,200.33388981636057,2577.0951585976627
4.589221850001195,12.86,2.003338898163606,200.33388981636057,2576.2938230383966
4.599297882001338,12.868,2.003338898163606,200.33388981636057,2577.896494156928
4.609374284000296,12.864,2.003338898163606,200.33388981636057,2577.0951585976627
4.619452779001222,12.868,2.003338898163606,200.33388981636057,2577.896494156928
4.629541921000055,12.864,2.003338898163606,200.33388981636057,2577.0951585976627
4.639627120001023,12.872,2.003338898163606,200.33388981636057,2578.697829716193
4.649708355000257,12.864,2.003338898163606,200.33388981636057,2577.0951585976627
4.659790850000718,12.868,2.003338898163606,200.33388981636057,2577.896494156928
4.669871789001263,12.864,2.003338898163606,200.33388981636057,2577.0951585976627
4.679954376000751,12.872,2.003338898163606,200.33388981636057,2578.697829716193
4.690035093000915,12.856,2.003338898163606,200.33388981636057,2575.4924874791313
4.700117551001313,12.872,2.003338898163606,200.33388981636057,2578.697829716193
4.710198841999954,12.856,2.003338898163606,200.33388981636057,2575.4924874791313
4.720279744000436,12.868,2.003338898163606,200.33388981636057,2577.896494156928
4.73037162699984,12.86,2.003338898163606,200.33388981636057,2576.2938230383966
4.740451678000682,12.868,2.003338898163606,200.33388981636057,2577.896494156928
4.750532228001248,12.864,2.003338898163606,200.33388981636057,2577.0951585976627
4.760613166999974,12.868,2.003338898163606,200.33388981636057,2577.896494156928
4.770693772999948,12.864,2.003338898163606,200.33388981636057,2577.0951585976627
4.7807745640002395,12.864,2.1702838063439063,200.33388981636057,2577.0951585976627
4.790854577000573,12.868,2.003338898163606,200.33388981636057,2577.896494156928
4.800935350000145,12.868,2.003338898163606,200.33388981636057,2577.896494156928
4.811016511001071,12.86,2.003338898163606,200.33388981636057,2576.2938230383966
4.821097246000136,12.868,2.003338898163606,200.33388981636057,2577.896494156928
4.831208592000621,12.86,2.003338898163606,200.33388981636057,2576.2938230383966
4.841289050000341,12.868,2.003338898163606,200.33388981636057,2577.896494156928
4.851369693000379,12.864,2.003338898163606,200.33388981636057,2577.0951585976627
4.86145048400067,12.872,2.003338898163606,200.33388981636057,2578.697829716193
4.871532719000243,12.86,2.003338898163606,200.33388981636057,2576.2938230383966
4.881613714000196,12.868,2.003338898163606,200.33388981636057,2577.896494156928
4.891695801001333,12.86,2.003338898163606,200.33388981636057,2576.2938230383966
4.901771278000524,12.872,2.003338898163606,200.33388981636057,2578.697829716193
4.911853809000604,12.864,2.003338898163606,200.33388981636057,2577.0951585976627
4.9219327669998165,12.872,2.003338898163606,200.33388981636057,2578.697829716193
4.9320254100002785,12.86,2.003338898163606,200.33388981636057,2576.2938230383966
4.942105275000358,12.868,2.003338898163606,200.33388981636057,2577.896494156928
4.952185547001136,12.86,2.003338898163606,200.33388981636057,2576.2938230383966
4.962266987000476,12.868,2.003338898163606,200.33388981636057,2577.896494156928
4.9723477410007035,12.864,2.003338898163606,200.33388981636057,2577.0951585976627
4.982428569001058,12.864,2.003338898163606,183.63939899833053,2362.337228714524
4.992505452000842,12.868,2.003338898163606,200.33388981636057,2577.896494156928
5.002586577000329,12.868,2.003338898163606,200.33388981636057,2577.896494156928
5.01266797900098,12.868,2.003338898163606,200.33388981636057,2577.896494156928
5.022748751000108,12.868,2.003338898163606,200.33388981636057,2577.896494156928
5.032840394000232,12.86,2.003338898163606,200.33388981636057,2576.2938230383966
5.042926777001412,12.868,2.003338898163606,200.33388981636057,2577.896494156928
5.0530088460000115,12.86,2.003338898163606,200.33388981636057,2576.2938230383966
5.063089230001424,12.872,2.003338898163606,200.33388981636057,2578.697829716193
5.073169613000573,12.86,2.003338898163606,200.33388981636057,2576.2938230383966
5.083250645000589,12.9,1.8363939899833053,183.63939899833053,2368.9482470784637
5.093331714000669,12.88,2.003338898163606,200.33388981636057,2580.300500834724
5.103412690001278,12.888,1.8363939899833053,183.63939899833053,2366.744574290484
5.113493666000068,12.872,1.8363939899833053,183.63939899833053,2363.806343906511
5.12357516100019,12.888,1.8363939899833053,200.33388981636057,2581.903171953255
5.133738821001316,12.876,1.8363939899833053,200.33388981636057,2579.4991652754584
5.143815815999915,12.892,1.8363939899833053,200.33388981636057,2582.70450751252
5.15388934800103,12.868,1.8363939899833053,200.33388981636057,2577.896494156928
5.1639648050004325,12.892,2.003338898163606,200.33388981636057,2582.70450751252
5.174041559001125,12.868,1.8363939899833053,200.33388981636057,2577.896494156928
5.184120073001395,12.888,2.003338898163606,200.33388981636057,2581.903171953255
5.194196086000375,12.868,1.6694490818030048,200.33388981636057,2577.896494156928
5.204273896000814,12.884,2.003338898163606,183.63939899833053,2366.010016694491
5.21435068700157,12.84,2.003338898163606,200.33388981636057,2572.2871452420695
5.224426366999978,12.868,1.8363939899833053,200.33388981636057,2577.896494156928
5.234513417000926,12.852,2.003338898163606,200.33388981636057,2574.691151919866
5.244596263000858,12.876,2.003338898163606,200.33388981636057,2579.4991652754584
5.254676036000092,12.852,2.003338898163606,200.33388981636057,2574.691151919866
5.264753420000488,12.88,2.003338898163606,200.33388981636057,2580.300500834724
5.274833174000378,12.848,2.003338898163606,200.33388981636057,2573.889816360601
5.284914039000796,12.88,2.003338898163606,200.33388981636057,2580.300500834724
5.294995144000495,12.848,2.003338898163606,200.33388981636057,2573.889816360601
5.305076213000575,12.88,2.003338898163606,200.33388981636057,2580.300500834724
5.315156597000168,12.852,2.003338898163606,200.33388981636057,2574.691151919866
5.3252376100008405,12.876,2.003338898163606,200.33388981636057,2579.4991652754584
5.335329068000647,12.856,2.003338898163606,200.33388981636057,2575.4924874791313
5.345402525001191,12.88,2.003338898163606,200.33388981636057,2580.300500834724
5.355479316000128,12.852,2.1702838063439063,200.33388981636057,2574.691151919866
5.365555903999848,12.88,2.003338898163606,200.33388981636057,2580.300500834724
5.375633139001366,12.852,2.003338898163606,200.33388981636057,2574.691151919866
5.385709505000705,12.872,2.003338898163606,200.33388981636057,2578.697829716193
5.3957873880008265,12.852,2.003338898163606,200.33388981636057,2574.691151919866
5.405864068001392,12.876,2.003338898163606,200.33388981636057,2579.4991652754584
5.415941915000076,12.856,2.003338898163606,200.33388981636057,2575.4924874791313
5.426014558001043,12.872,2.003338898163606,217.02838063439066,2793.5893155258764
5.43608647900146,12.856,2.003338898163606,200.33388981636057,2575.4924874791313
5.446163473001434,12.876,2.003338898163606,200.33388981636057,2579.4991652754584
5.456271356000798,12.856,2.003338898163606,200.33388981636057,2575.4924874791313
5.4663527960001375,12.876,2.003338898163606,200.33388981636057,2579.4991652754584
5.476434624000831,12.852,2.003338898163606,200.33388981636057,2574.691151919866
5.486515229000361,12.876,2.003338898163606,200.33388981636057,2579.4991652754584
5.4965969090008,12.844,2.003338898163606,200.33388981636057,2573.088480801335
5.5066739410012815,12.88,2.003338898163606,200.33388981636057,2580.300500834724
5.516755251001086,12.852,2.003338898163606,200.33388981636057,2574.691151919866
5.526835874999961,12.876,2.003338898163606,200.33388981636057,2579.4991652754584
5.536917185001585,12.852,2.003338898163606,200.33388981636057,2574.691151919866
5.5469911609998235,12.876,2.003338898163606,200.33388981636057,2579.4991652754584
5.557069582000622,12.852,2.003338898163606,217.02838063439066,2789.2487479131887
5.567146557999877,12.88,2.003338898163606,200.33388981636057,2580.300500834724
5.577223312000569,12.852,2.003338898163606,200.33388981636057,2574.691151919866
5.587299733000691,12.872,2.003338898163606,200.33388981636057,2578.697829716193
5.597373116001108,12.852,1.8363939899833053,200.33388981636057,2574.691151919866
5.6074524630003,12.876,2.003338898163606,200.33388981636057,2579.4991652754584
5.617527291000442,12.856,2.003338898163606,200.33388981636057,2575.4924874791313
5.627604340999824,12.876,2.003338898163606,183.63939899833053,2364.540901502504
5.6376909840000735,12.856,2.003338898163606,200.33388981636057,2575.4924874791313
5.647776868001529,12.876,2.003338898163606,200.33388981636057,2579.4991652754584
5.657857251000678,12.856,2.003338898163606,200.33388981636057,2575.4924874791313
5.667939709001075,12.876,2.003338898163606,200.33388981636057,2579.4991652754584
5.678020684999865,12.852,2.003338898163606,200.33388981636057,2574.691151919866
5.688102883999818,12.876,2.003338898163606,200.33388981636057,2579.4991652754584
5.698184193000998,12.844,2.003338898163606,200.33388981636057,2573.088480801335
5.708264151000549,12.88,2.003338898163606,200.33388981636057,2580.300500834724
5.718345627001327,12.848,2.003338898163606,200.33388981636057,2573.889816360601
5.728420862000348,12.88,2.003338898163606,200.33388981636057,2580.300500834724
5.738508839000133,12.852,2.003338898163606,200.33388981636057,2574.691151919866
5.74858596300146,12.876,2.003338898163606,200.33388981636057,2579.4991652754584
5.758663439000884,12.856,1.8363939899833053,200.33388981636057,2575.4924874791313
5.768740101000731,12.876,2.003338898163606,200.33388981636057,2579.4991652754584
5.7788138360010635,12.852,2.003338898163606,200.33388981636057,2574.691151919866
5.788890479001566,12.876,2.003338898163606,200.33388981636057,2579.4991652754584
5.798966973999995,12.852,2.003338898163606,200.33388981636057,2574.691151919866
5.809043487000963,12.876,2.003338898163606,183.63939899833053,2364.540901502504
5.81911966700136,12.852,2.003338898163606,200.33388981636057,2574.691151919866
5.829195884000001,12.876,2.003338898163606,200.33388981636057,2579.4991652754584
5.839282897000885,12.852,2.003338898163606,200.33388981636057,2574.691151919866
5.849359133000689,12.88,2.003338898163606,200.33388981636057,2580.300500834724
5.859468035001555,12.852,2.003338898163606,200.33388981636057,2574.691151919866
5.869549437000387,12.876,2.003338898163606,183.63939899833053,2364.540901502504
5.879632746000425,12.856,2.003338898163606,200.33388981636057,2575.4924874791313
5.889713518999997,12.88,2.1702838063439063,200.33388981636057,2580.300500834724
5.899795754001389,12.848,2.003338898163606,200.33388981636057,2573.889816360601
5.909876323001299,12.88,2.003338898163606,200.33388981636057,2580.300500834724
5.919958354999835,12.844,2.003338898163606,183.63939899833053,2358.6644407345575
5.930039257000317,12.88,2.003338898163606,183.63939899833053,2365.2754590984973
5.94012932500118,12.848,2.003338898163606,200.33388981636057,2573.889816360601
5.950210598000922,12.88,2.003338898163606,200.33388981636057,2580.300500834724
5.960288407000917,12.852,2.003338898163606,200.33388981636057,2574.691151919866
5.970365699000467,12.88,2.003338898163606,200.33388981636057,2580.300500834724
5.980443526999807,12.856,2.003338898163606,200.33388981636057,2575.4924874791313
5.99051978100033,12.876,2.003338898163606,200.33388981636057,2579.4991652754584
6.0005971460013825,12.852,2.003338898163606,200.33388981636057,2574.691151919866
6.010673233000489,12.876,1.8363939899833053,217.02838063439066,2794.457429048414
6.020745839001393,12.852,2.003338898163606,200.33388981636057,2574.691151919866
6.030822501001239,12.88,2.003338898163606,200.33388981636057,2580.300500834724
6.040907698999945,12.852,2.003338898163606,200.33388981636057,2574.691151919866
6.050988860000871,12.88,2.003338898163606,200.33388981636057,2580.300500834724
6.061074336001184,12.852,2.003338898163606,200.33388981636057,2574.691151919866
6.071155887000714,12.88,1.8363939899833053,200.33388981636057,2580.300500834724
6.081233233000603,12.852,2.003338898163606,200.33388981636057,2574.691151919866
6.091313635000915,12.88,2.003338898163606,200.33388981636057,2580.300500834724
6.1013940749999165,12.852,2.003338898163606,200.33388981636057,2574.691151919866
6.111476717000187,12.88,2.003338898163606,183.63939899833053,2365.2754590984973
6.121557379001388,12.852,2.003338898163606,200.33388981636057,2574.691151919866
6.131640262001383,12.88,2.003338898163606,200.33388981636057,2580.300500834724
6.141720905001421,12.848,2.003338898163606,200.33388981636057,2573.889816360601
6.151792493001267,12.884,2.1702838063439063,200.33388981636057,2581.1018363939897
6.161869784000373,12.852,2.003338898163606,200.33388981636057,2574.691151919866
6.1719480930005375,12.88,2.003338898163606,200.33388981636057,2580.300500834724
6.18202460700013,12.856,2.003338898163606,200.33388981636057,2575.4924874791313
6.192102935001458,12.88,2.003338898163606,200.33388981636057,2580.300500834724
6.202178930001537,12.856,2.003338898163606,200.33388981636057,2575.4924874791313
6.21225690600113,12.876,2.003338898163606,200.33388981636057,2579.4991652754584
6.222332975001336,12.848,2.003338898163606,200.33388981636057,2573.889816360601
6.232410877000802,12.88,2.003338898163606,200.33388981636057,2580.300500834724
6.2424991490006505,12.852,2.003338898163606,200.33388981636057,2574.691151919866
6.2525807180009,12.88,2.003338898163606,200.33388981636057,2580.300500834724
6.262662472001466,12.852,2.003338898163606,200.33388981636057,2574.691151919866
6.272743356001229,12.88,2.003338898163606,200.33388981636057,2580.300500834724
6.282824387000801,12.852,2.003338898163606,200.33388981636057,2574.691151919866
6.292905641001198,12.88,2.003338898163606,200.33388981636057,2580.300500834724
6.302986321001299,12.848,2.003338898163606,200.33388981636057,2573.889816360601
6.313062335000723,12.88,2.003338898163606,200.33388981636057,2580.300500834724
6.323137089000738,12.852,2.003338898163606,200.33388981636057,2574.691151919866
6.333217972000057,12.88,2.003338898163606,200.33388981636057,2580.300500834724
6.3433050960011315,12.852,2.003338898163606,183.63939899833053,2360.133555926544
6.3533821840010205,12.88,2.003338898163606,200.33388981636057,2580.300500834724
6.363461975000973,12.848,2.003338898163606,200.33388981636057,2573.889816360601
6.3735387659999105,12.88,2.003338898163606,200.33388981636057,2580.300500834724
6.3836163350006245,12.852,1.8363939899833053,200.33388981636057,2574.691151919866
6.393692607000048,12.88,2.003338898163606,200.33388981636057,2580.300500834724
6.4037701950001065,12.856,1.8363939899833053,200.33388981636057,2575.4924874791313
6.413846764000482,12.876,2.003338898163606,200.33388981636057,2579.4991652754584
6.423924721000731,12.856,2.003338898163606,200.33388981636057,2575.4924874791313
6.433997624000767,12.876,2.003338898163606,200.33388981636057,2579.4991652754584
6.444086229001186,12.852,2.1702838063439063,200.33388981636057,2574.691151919866
6.4541795200002525,12.876,2.003338898163606,183.63939899833053,2364.540901502504
6.464264422000269,12.852,2.003338898163606,200.33388981636057,2574.691151919866
6.474345472001005,12.88,2.003338898163606,200.33388981636057,2580.300500834724
6.4844268370015925,12.848,2.003338898163606,200.33388981636057,2573.889816360601
6.494508628000403,12.88,2.003338898163606,200.33388981636057,2580.300500834724
6.504586660001223,12.848,2.003338898163606,200.33388981636057,2573.889816360601
6.514667433000795,12.88,2.003338898163606,200.33388981636057,2580.300500834724
6.524748982999881,12.848,2.003338898163606,200.33388981636057,2573.889816360601
6.53483007000068,12.88,2.003338898163606,200.33388981636057,2580.300500834724
6.544991490000029,12.852,2.003338898163606,200.33388981636057,2574.691151919866
6.5550698730003205,12.88,2.003338898163606,200.33388981636057,2580.300500834724
6.5651473120015,12.848,2.003338898163606,200.33388981636057,2573.889816360601
6.5752242890011985,12.884,1.8363939899833053,183.63939899833053,2366.010016694491
6.585301024000728,12.848,2.003338898163606,200.33388981636057,2573.889816360601
6.595377778001421,12.88,2.003338898163606,200.33388981636057,2580.300500834724
6.605448995000188,12.852,2.003338898163606,200.33388981636057,2574.691151919866
6.615527027001008,12.876,2.003338898163606,217.02838063439066,2794.457429048414
6.625603189000685,12.852,2.003338898163606,183.63939899833053,2360.133555926544
6.635680813000363,12.876,2.1702838063439063,183.63939899833053,2364.540901502504
6.645767493000676,12.856,2.003338898163606,200.33388981636057,2575.4924874791313
6.655848987000354,12.876,2.003338898163606,200.33388981636057,2579.4991652754584
6.665929834000053,12.856,1.8363939899833053,200.33388981636057,2575.4924874791313
6.676012384001297,12.88,2.003338898163606,200.33388981636057,2580.300500834724
6.686093527001503,12.852,2.003338898163606,183.63939899833053,2360.133555926544
6.696174966000399,12.88,2.003338898163606,200.33388981636057,2580.300500834724
6.7062555350003095,12.848,2.003338898163606,200.33388981636057,2573.889816360601
6.7163364560001355,12.88,2.003338898163606,200.33388981636057,2580.300500834724
6.726413247000892,12.844,2.1702838063439063,200.33388981636057,2573.088480801335
6.736488705000738,12.88,2.003338898163606,200.33388981636057,2580.300500834724
6.7465810690009675,12.852,2.003338898163606,200.33388981636057,2574.691151919866
6.756658175001576,12.88,2.003338898163606,200.33388981636057,2580.300500834724
6.76673452200157,12.852,2.003338898163606,200.33388981636057,2574.691151919866
6.776807128000655,12.88,2.003338898163606,200.33388981636057,2580.300500834724
6.786879123001199,12.848,2.003338898163606,200.33388981636057,2573.889816360601
6.796955544001321,12.88,2.003338898163606,200.33388981636057,2580.300500834724
6.807032464001168,12.848,2.003338898163606,200.33388981636057,2573.889816360601
6.817109089000951,12.876,2.1702838063439063,200.33388981636057,2579.4991652754584
6.827185583000755,12.852,2.003338898163606,200.33388981636057,2574.691151919866
6.837262152001131,12.872,2.003338898163606,200.33388981636057,2578.697829716193
6.847347628001444,12.856,2.003338898163606,200.33388981636057,2575.4924874791313
6.857428975001312,12.876,2.003338898163606,183.63939899833053,2364.540901502504
6.8675119140007155,12.856,2.003338898163606,200.33388981636057,2575.4924874791313
6.877592909000668,12.88,2.1702838063439063,200.33388981636057,2580.300500834724
6.887675441001193,12.856,2.003338898163606,200.33388981636057,2575.4924874791313
6.897756324000511,12.88,2.003338898163606,217.02838063439066,2795.3255425709517
6.907838560000528,12.848,2.003338898163606,200.33388981636057,2573.889816360601
6.917919332001475,12.88,2.003338898163606,200.33388981636057,2580.300500834724
6.928001715999926,12.84,2.003338898163606,183.63939899833053,2357.929883138564
6.938077692000661,12.88,2.003338898163606,200.33388981636057,2580.300500834724
6.94815613100036,12.848,2.003338898163606,200.33388981636057,2573.889816360601
6.958237570001074,12.88,2.003338898163606,200.33388981636057,2580.300500834724
6.968317954000668,12.852,2.003338898163606,200.33388981636057,2574.691151919866
6.9783987820010225,12.88,2.003338898163606,200.33388981636057,2580.300500834724
6.988479517000087,12.852,2.003338898163606,200.33388981636057,2574.691151919866
6.9985611230004,12.88,2.003338898163606,200.33388981636057,2580.300500834724
7.008641877000628,12.852,2.003338898163606,200.33388981636057,2574.691151919866
7.018723539000348,12.876,2.003338898163606,200.33388981636057,2579.4991652754584
7.0288039590013796,12.848,2.003338898163606,200.33388981636057,2573.889816360601
7.038885361000212,12.88,2.003338898163606,200.33388981636057,2580.300500834724
7.048975114999848,12.852,2.003338898163606,200.33388981636057,2574.691151919866
7.059052128000985,12.88,2.003338898163606,200.33388981636057,2580.300500834724
7.069128864000959,12.852,2.003338898163606,200.33388981636057,2574.691151919866
7.079205748001186,12.876,2.003338898163606,200.33388981636057,2579.4991652754584
7.089284742000018,12.856,2.003338898163606,200.33388981636057,2575.4924874791313
7.09936188500069,12.88,1.8363939899833053,200.33388981636057,2580.300500834724
7.109435751001001,12.848,2.003338898163606,200.33388981636057,2573.889816360601
7.119513190000362,12.884,2.003338898163606,200.33388981636057,2581.1018363939897
7.129589572999976,12.844,2.003338898163606,200.33388981636057,2573.088480801335
7.139665735001472,12.88,2.003338898163606,200.33388981636057,2580.300500834724
7.149751785000262,12.848,2.003338898163606,200.33388981636057,2573.889816360601
7.159832798000934,12.88,2.003338898163606,200.33388981636057,2580.300500834724
7.1699120520006545,12.852,1.8363939899833053,200.33388981636057,2574.691151919866
7.179994527999952,12.88,2.003338898163606,200.33388981636057,2580.300500834724
7.190075948999947,12.856,2.003338898163606,183.63939899833053,2360.8681135225374
7.2001530550005555,12.876,2.003338898163606,200.33388981636057,2579.4991652754584
7.210234161000699,12.852,2.003338898163606,200.33388981636057,2574.691151919866
7.220314785001392,12.876,2.003338898163606,200.33388981636057,2579.4991652754584
7.230396169001324,12.848,2.003338898163606,200.33388981636057,2573.889816360601
7.240476923001552,12.876,2.003338898163606,200.33388981636057,2579.4991652754584
7.250567435999983,12.848,2.003338898163606,200.33388981636057,2573.889816360601
7.260647782000888,12.88,2.003338898163606,200.33388981636057,2580.300500834724
7.270729407000545,12.852,2.003338898163606,200.33388981636057,2574.691151919866
7.280810438000117,12.88,2.003338898163606,200.33388981636057,2580.300500834724
7.290891470000133,12.852,2.003338898163606,200.33388981636057,2574.691151919866
7.300971780001419,12.88,2.003338898163606,200.33388981636057,2580.300500834724
7.311053052000716,12.856,2.1702838063439063,200.33388981636057,2575.4924874791313
7.321133510000436,12.88,2.003338898163606,200.33388981636057,2580.300500834724
7.331210523001573,12.848,2.003338898163606,200.33388981636057,2573.889816360601
7.341291759001251,12.88,2.003338898163606,200.33388981636057,2580.300500834724
7.351384457000677,12.848,2.003338898163606,200.33388981636057,2573.889816360601
7.361462100001518,12.884,1.8363939899833053,200.33388981636057,2581.1018363939897
7.371539039000709,12.852,2.003338898163606,200.33388981636057,2574.691151919866
7.3816157930014015,12.884,2.003338898163606,183.63939899833053,2366.010016694491
7.391693880001185,12.852,2.003338898163606,200.33388981636057,2574.691151919866
7.401770431000841,12.88,2.003338898163606,200.33388981636057,2580.300500834724
7.411848110999927,12.852,2.003338898163606,183.63939899833053,2360.133555926544
7.421924420001233,12.88,2.003338898163606,200.33388981636057,2580.300500834724
7.432002360001206,12.848,2.003338898163606,200.33388981636057,2573.889816360601
7.442078391000905,12.876,2.003338898163606,200.33388981636057,2579.4991652754584
7.452156331000879,12.852,2.003338898163606,200.33388981636057,2574.691151919866
7.462241140001424,12.876,2.003338898163606,200.33388981636057,2579.4991652754584
7.4723231160005525,12.844,2.003338898163606,200.33388981636057,2573.088480801335
7.482405370001288,12.88,2.003338898163606,200.33388981636057,2580.300500834724
7.4924851980013045,12.852,2.003338898163606,200.33388981636057,2574.691151919866
7.502565193000919,12.88,2.1702838063439063,200.33388981636057,2580.300500834724
7.512645947001147,12.852,2.003338898163606,200.33388981636057,2574.691151919866
7.522726793000402,12.88,2.003338898163606,200.33388981636057,2580.300500834724
7.53280630700101,12.848,2.003338898163606,200.33388981636057,2573.889816360601
7.542887116000202,12.88,2.003338898163606,200.33388981636057,2580.300500834724
7.55296725900007,12.852,2.003338898163606,200.33388981636057,2574.691151919866
7.563042587000382,12.88,2.003338898163606,200.33388981636057,2580.300500834724
7.57311908200063,12.848,2.003338898163606,200.33388981636057,2573.889816360601
7.583195929000794,12.884,2.003338898163606,200.33388981636057,2581.1018363939897
7.593271609001022,12.852,2.003338898163606,200.33388981636057,2574.691151919866
7.603347400001439,12.88,2.003338898163606,200.33388981636057,2580.300500834724
7.613424635001138,12.852,2.003338898163606,200.33388981636057,2574.691151919866
7.623502723001366,12.88,2.003338898163606,200.33388981636057,2580.300500834724
7.63357849500062,12.852,2.003338898163606,200.33388981636057,2574.691151919866
7.643653472001461,12.876,2.003338898163606,200.33388981636057,2579.4991652754584
7.653741559000991,12.848,2.003338898163606,200.33388981636057,2573.889816360601
7.6638250530013465,12.88,2.003338898163606,200.33388981636057,2580.300500834724
7.673905585001194,12.856,2.003338898163606,183.63939899833053,2360.8681135225374
7.683988709000914,12.892,1.8363939899833053,200.33388981636057,2582.70450751252
7.694070426001417,12.844,2.003338898163606,200.33388981636057,2573.088480801335
7.7041514400007145,12.892,2.003338898163606,183.63939899833053,2367.4791318864773
7.714232786000139,12.86,2.003338898163606,200.33388981636057,2576.2938230383966
7.724313632999838,12.884,2.003338898163606,200.33388981636057,2581.1018363939897
7.734393664000891,12.844,2.003338898163606,200.33388981636057,2573.088480801335
7.744475159001013,12.888,2.003338898163606,200.33388981636057,2581.903171953255
7.7545673020013055,12.86,2.003338898163606,200.33388981636057,2576.2938230383966
7.7646483890002855,12.876,2.003338898163606,200.33388981636057,2579.4991652754584
7.774728902000788,12.848,2.003338898163606,200.33388981636057,2573.889816360601
7.784809934000805,12.884,2.003338898163606,200.33388981636057,2581.1018363939897
7.794890855000631,12.844,2.003338898163606,200.33388981636057,2573.088480801335
7.804971683000986,12.884,2.003338898163606,200.33388981636057,2581.1018363939897
7.8150529180002195,12.848,2.003338898163606,200.33388981636057,2573.889816360601
7.825133727999855,12.876,2.003338898163606,200.33388981636057,2579.4991652754584
7.83521335200021,12.852,2.1702838063439063,217.02838063439066,2789.2487479131887
7.845293236001453,12.872,2.003338898163606,200.33388981636057,2578.697829716193
7.855398841000351,12.86,2.003338898163606,200.33388981636057,2576.2938230383966
7.865478632000304,12.884,2.003338898163606,183.63939899833053,2366.010016694491
7.875562645000173,12.852,2.003338898163606,200.33388981636057,2574.691151919866
7.885643362000337,12.884,2.003338898163606,183.63939899833053,2366.010016694491
7.895726227001433,12.852,1.8363939899833053,200.33388981636057,2574.691151919866
7.90580724100073,12.884,2.003338898163606,200.33388981636057,2581.1018363939897
7.915889883001,12.848,2.003338898163606,200.33388981636057,2573.889816360601
7.92597071199998,12.884,2.003338898163606,200.33388981636057,2581.1018363939897
7.936051964999933,12.844,2.003338898163606,200.33388981636057,2573.088480801335
7.946131442000478,12.88,2.003338898163606,200.33388981636057,2580.300500834724
7.95620628800134,12.844,2.003338898163606,200.33388981636057,2573.088480801335
7.966287893999834,12.88,2.003338898163606,200.33388981636057,2580.300500834724
7.976368463001563,12.848,2.003338898163606,200.33388981636057,2573.889816360601
7.986448810001093,12.88,2.003338898163606,200.33388981636057,2580.300500834724
7.996528304000094,12.848,2.003338898163606,183.63939899833053,2359.398998330551
8.006608503001189,12.884,2.003338898163606,200.33388981636057,2581.1018363939897
8.016689127000063,12.848,2.003338898163606,200.33388981636057,2573.889816360601
8.026770714001032,12.88,2.003338898163606,217.02838063439066,2795.3255425709517
8.036851505001323,12.848,2.003338898163606,200.33388981636057,2573.889816360601
8.046932593000747,12.876,2.003338898163606,200.33388981636057,2579.4991652754584
8.057023254001251,12.852,2.003338898163606,200.33388981636057,2574.691151919866
8.067100786000083,12.876,2.003338898163606,200.33388981636057,2579.4991652754584
8.077182114000607,12.852,2.003338898163606,200.33388981636057,2574.691151919866
8.087263016001089,12.88,2.003338898163606,200.33388981636057,2580.300500834724
8.097344159001295,12.852,2.003338898163606,200.33388981636057,2574.691151919866
8.107424913001523,12.88,2.003338898163606,200.33388981636057,2580.300500834724
8.11750909300099,12.848,2.003338898163606,200.33388981636057,2573.889816360601
8.127592569000626,12.884,2.003338898163606,183.63939899833053,2366.010016694491
8.137673025999902,12.844,2.003338898163606,200.33388981636057,2573.088480801335
8.147754446999897,12.884,2.003338898163606,200.33388981636057,2581.1018363939897
8.15784683000129,12.844,2.003338898163606,217.02838063439066,2787.5125208681134
8.167925640000249,12.88,2.003338898163606,200.33388981636057,2580.300500834724
8.178003226999863,12.852,2.003338898163606,200.33388981636057,2574.691151919866
8.188081722000788,12.88,2.003338898163606,200.33388981636057,2580.300500834724
8.198157939001248,12.848,2.003338898163606,200.33388981636057,2573.889816360601
8.208235804000651,12.88,2.003338898163606,200.33388981636057,2580.300500834724
8.218312151000646,12.848,2.003338898163606,200.33388981636057,2573.889816360601
8.228389886000514,12.884,2.003338898163606,200.33388981636057,2581.1018363939897
8.238465084999916,12.844,2.003338898163606,200.33388981636057,2573.088480801335
8.248543098001392,12.876,2.003338898163606,200.33388981636057,2579.4991652754584
8.258627834000436,12.852,2.003338898163606,200.33388981636057,2574.691151919866
8.26870856900132,12.88,2.003338898163606,200.33388981636057,2580.300500834724
8.278790304000722,12.852,2.003338898163606,200.33388981636057,2574.691151919866
8.288871280999956,12.876,2.003338898163606,200.33388981636057,2579.4991652754584
8.298952479000945,12.852,2.003338898163606,200.33388981636057,2574.691151919866
8.309033954999904,12.88,2.003338898163606,200.33388981636057,2580.300500834724
8.319114597999942,12.86,2.003338898163606,200.33388981636057,2576.2938230383966
8.329194204001396,12.912,1.8363939899833053,183.63939899833053,2371.151919866444
8.339275662001455,12.872,2.003338898163606,200.33388981636057,2578.697829716193
8.34935700800088,12.896,2.003338898163606,183.63939899833053,2368.2136894824707
8.359467095000582,12.856,1.8363939899833053,200.33388981636057,2575.4924874791313
8.36954397900081,12.892,2.003338898163606,183.63939899833053,2367.4791318864773
8.379621288000635,12.864,2.003338898163606,200.33388981636057,2577.0951585976627
8.389697005000926,12.892,1.8363939899833053,200.33388981636057,2582.70450751252
8.399772945000223,12.868,2.003338898163606,200.33388981636057,2577.896494156928
8.40984947600009,12.892,2.003338898163606,183.63939899833053,2367.4791318864773
8.419927712000572,12.868,2.003338898163606,200.33388981636057,2577.896494156928
8.430004188001476,12.896,1.8363939899833053,200.33388981636057,2583.505843071786
8.440080016000138,12.868,2.003338898163606,200.33388981636057,2577.896494156928
8.450157344001127,12.86,2.003338898163606,200.33388981636057,2576.2938230383966
8.46031819000018,12.844,2.003338898163606,200.33388981636057,2573.088480801335
8.47040059200117,12.876,2.003338898163606,183.63939899833053,2364.540901502504
8.480481827000403,12.852,2.003338898163606,200.33388981636057,2574.691151919866
8.490562544000568,12.88,2.003338898163606,200.33388981636057,2580.300500834724
8.500643520001177,12.852,2.003338898163606,200.33388981636057,2574.691151919866
8.510723700001108,12.872,2.003338898163606,200.33388981636057,2578.697829716193
8.520804121000765,12.852,2.003338898163606,200.33388981636057,2574.691151919866
8.530885912001395,12.876,2.003338898163606,200.33388981636057,2579.4991652754584
8.540966350999952,12.848,2.1702838063439063,200.33388981636057,2573.889816360601
8.551046161001068,12.88,2.003338898163606,200.33388981636057,2580.300500834724
8.56118983899978,12.848,2.003338898163606,200.33388981636057,2573.889816360601
8.571266964001552,12.884,2.003338898163606,200.33388981636057,2581.1018363939897
8.581343588000891,12.848,2.003338898163606,200.33388981636057,2573.889816360601
8.591421546001584,12.884,2.003338898163606,200.33388981636057,2581.1018363939897
8.601496967001367,12.852,2.003338898163606,200.33388981636057,2574.691151919866
8.611574571999881,12.876,2.003338898163606,200.33388981636057,2579.4991652754584
8.621650734001378,12.852,2.003338898163606,200.33388981636057,2574.691151919866
8.631728766000379,12.876,2.003338898163606,200.33388981636057,2579.4991652754584
8.641805111999929,12.852,2.003338898163606,217.02838063439066,2789.2487479131887
8.651880533001531,12.876,2.003338898163606,200.33388981636057,2579.4991652754584
8.661965769000744,12.852,2.003338898163606,200.33388981636057,2574.691151919866
8.672050671000761,12.876,2.003338898163606,200.33388981636057,2579.4991652754584
8.682131702000333,12.852,2.003338898163606,200.33388981636057,2574.691151919866
8.69221221600128,12.88,2.003338898163606,200.33388981636057,2580.300500834724
8.702292228999795,12.848,2.003338898163606,200.33388981636057,2573.889816360601
8.712372908999896,12.88,2.003338898163606,200.33388981636057,2580.300500834724
8.722452329000589,12.852,2.003338898163606,200.33388981636057,2574.691151919866
8.73253178699997,12.876,2.1702838063439063,200.33388981636057,2579.4991652754584
8.742611114999818,12.852,2.003338898163606,200.33388981636057,2574.691151919866
8.752692332000152,12.88,2.003338898163606,200.33388981636057,2580.300500834724
8.762782808000338,12.848,2.003338898163606,217.02838063439066,2788.3806343906513
8.772864044000016,12.88,2.003338898163606,200.33388981636057,2580.300500834724
8.782944594000583,12.848,2.003338898163606,200.33388981636057,2573.889816360601
8.793025700000726,12.88,2.003338898163606,200.33388981636057,2580.300500834724
8.803107009000087,12.848,2.003338898163606,200.33388981636057,2573.889816360601
8.813188078000167,12.88,2.003338898163606,200.33388981636057,2580.300500834724
8.823268924999866,12.852,2.003338898163606,200.33388981636057,2574.691151919866
8.833349438000369,12.884,1.8363939899833053,183.63939899833053,2366.010016694491
8.843430266000723,12.852,2.003338898163606,200.33388981636057,2574.691151919866
8.853511372000867,12.876,2.003338898163606,200.33388981636057,2579.4991652754584
8.863616698999977,12.856,2.003338898163606,200.33388981636057,2575.4924874791313
8.873697750001156,12.872,2.003338898163606,200.33388981636057,2578.697829716193
8.883778596000411,12.852,2.003338898163606,200.33388981636057,2574.691151919866
8.893858276000174,12.88,2.1702838063439063,200.33388981636057,2580.300500834724
8.903941141001269,12.852,2.003338898163606,200.33388981636057,2574.691151919866
8.914022265000312,12.88,2.003338898163606,200.33388981636057,2580.300500834724
8.92410461200052,12.852,2.1702838063439063,200.33388981636057,2574.691151919866
8.93418531000134,12.884,2.003338898163606,200.33388981636057,2581.1018363939897
8.9442651570007,12.852,2.003338898163606,200.33388981636057,2574.691151919866
8.954345318001288,12.876,2.003338898163606,200.33388981636057,2579.4991652754584
8.964450646000842,12.848,2.003338898163606,183.63939899833053,2359.398998330551
8.974530696001239,12.876,2.003338898163606,217.02838063439066,2794.457429048414
8.984611080000832,12.852,2.003338898163606,200.33388981636057,2574.691151919866
8.994688130000213,12.88,2.003338898163606,200.33388981636057,2580.300500834724
9.004769088000103,12.852,2.003338898163606,200.33388981636057,2574.691151919866
9.014850768000542,12.884,2.003338898163606,200.33388981636057,2581.1018363939897
9.024931800000559,12.852,2.003338898163606,200.33388981636057,2574.691151919866
9.035012035001273,12.884,2.003338898163606,200.33388981636057,2581.1018363939897
9.04509256700112,12.852,2.003338898163606,200.33388981636057,2574.691151919866
9.055173450000439,12.88,2.003338898163606,200.33388981636057,2580.300500834724
9.06526405600016,12.852,2.003338898163606,200.33388981636057,2574.691151919866
9.075340903000324,12.868,2.003338898163606,200.33388981636057,2577.896494156928
9.085416842000996,12.852,2.003338898163606,200.33388981636057,2574.691151919866
9.095461134000288,12.88,2.003338898163606,200.33388981636057,2580.300500834724
9.105537776000347,12.852,2.003338898163606,200.33388981636057,2574.691151919866
9.115616419001526,12.884,1.8363939899833053,200.33388981636057,2581.1018363939897
9.125692913999956,12.852,2.003338898163606,200.33388981636057,2574.691151919866
9.135769798000183,12.884,1.8363939899833053,200.33388981636057,2581.1018363939897
9.145849792999798,12.852,2.003338898163606,200.33388981636057,2574.691151919866
9.155925861001379,12.876,2.003338898163606,200.33388981636057,2579.4991652754584
9.166013263000423,12.848,2.003338898163606,200.33388981636057,2573.889816360601
9.176097610001307,12.876,2.003338898163606,200.33388981636057,2579.4991652754584
9.186178290001408,12.852,2.003338898163606,200.33388981636057,2574.691151919866
9.196259729000303,12.88,2.003338898163606,200.33388981636057,2580.300500834724
9.206340687000193,12.852,2.003338898163606,200.33388981636057,2574.691151919866
9.216417180999997,12.88,2.1702838063439063,183.63939899833053,2365.2754590984973
9.226497732001008,12.852,2.003338898163606,200.33388981636057,2574.691151919866
9.236578800000643,12.884,2.003338898163606,200.33388981636057,2581.1018363939897
9.246659387999898,12.848,2.003338898163606,200.33388981636057,2573.889816360601
9.256739864000338,12.88,2.003338898163606,200.33388981636057,2580.300500834724
9.26682996999989,12.852,2.003338898163606,200.33388981636057,2574.691151919866
9.276911094000752,12.876,2.003338898163606,217.02838063439066,2794.457429048414
9.28699257000153,12.856,2.003338898163606,200.33388981636057,2575.4924874791313
9.297073249999812,12.872,2.003338898163606,200.33388981636057,2578.697829716193
9.307152930001394,12.856,2.003338898163606,200.33388981636057,2575.4924874791313
9.317230758000733,12.876,2.003338898163606,200.33388981636057,2579.4991652754584
9.327311864000876,12.856,2.003338898163606,200.33388981636057,2575.4924874791313
9.337392822000766,12.88,2.003338898163606,200.33388981636057,2580.300500834724
9.347475946000486,12.852,2.003338898163606,200.33388981636057,2574.691151919866
9.35755705200063,12.884,2.003338898163606,200.33388981636057,2581.1018363939897
9.367650528000013,12.848,2.003338898163606,200.33388981636057,2573.889816360601
9.377732171000389,12.884,2.003338898163606,200.33388981636057,2581.1018363939897
9.387815036001484,12.848,2.003338898163606,217.02838063439066,2788.3806343906513
9.39789586400002,12.876,1.8363939899833053,200.33388981636057,2579.4991652754584
9.407978432000164,12.852,2.003338898163606,200.33388981636057,2574.691151919866
9.418059168001491,12.876,2.003338898163606,200.33388981636057,2579.4991652754584
9.428139663001275,12.852,2.003338898163606,200.33388981636057,2574.691151919866
9.438219528001355,12.88,2.003338898163606,200.33388981636057,2580.300500834724
9.448300318999827,12.852,2.003338898163606,200.33388981636057,2574.691151919866
9.458392923999781,12.88,2.003338898163606,200.33388981636057,2580.300500834724
9.468560602999787,12.852,2.1702838063439063,200.33388981636057,2574.691151919866
9.478638709000734,12.872,2.003338898163606,200.33388981636057,2578.697829716193
9.488717074000306,12.848,2.003338898163606,200.33388981636057,2573.889816360601
9.498794586999793,12.872,2.1702838063439063,200.33388981636057,2578.697829716193
9.508871286001522,12.852,2.003338898163606,200.33388981636057,2574.691151919866
9.51894768800048,12.876,2.003338898163606,200.33388981636057,2579.4991652754584
9.529023996999967,12.856,2.003338898163606,200.33388981636057,2575.4924874791313
9.539101158999983,12.88,2.003338898163606,200.33388981636057,2580.300500834724
9.549177542001416,12.852,2.003338898163606,200.33388981636057,2574.691151919866
9.559254482001052,12.884,2.003338898163606,200.33388981636057,2581.1018363939897
9.569392401001096,12.848,2.003338898163606,200.33388981636057,2573.889816360601
9.579476063001493,12.88,2.003338898163606,200.33388981636057,2580.300500834724
9.589558113000749,12.844,2.1702838063439063,200.33388981636057,2573.088480801335
9.599639756001125,12.884,2.003338898163606,200.33388981636057,2581.1018363939897
9.609720528000253,12.848,2.003338898163606,200.33388981636057,2573.889816360601
9.61980320800103,12.884,2.003338898163606,183.63939899833053,2366.010016694491
9.629884073001449,12.848,2.003338898163606,217.02838063439066,2788.3806343906513
9.639963568000894,12.876,2.003338898163606,200.33388981636057,2579.4991652754584
9.650043470001037,12.852,2.003338898163606,200.33388981636057,2574.691151919866
9.660125761000018,12.88,2.003338898163606,217.02838063439066,2795.3255425709517
9.67020738500105,12.852,2.003338898163606,200.33388981636057,2574.691151919866
9.680287436000071,12.876,2.003338898163606,200.33388981636057,2579.4991652754584
9.69036791200051,12.848,2.003338898163606,183.63939899833053,2359.398998330551
9.7004491100015,12.876,2.1702838063439063,200.33388981636057,2579.4991652754584
9.710529605001284,12.848,2.003338898163606,200.33388981636057,2573.889816360601
9.720608952000475,12.88,2.003338898163606,200.33388981636057,2580.300500834724
9.730688891000682,12.852,1.8363939899833053,200.33388981636057,2574.691151919866
9.740768608000508,12.876,2.003338898163606,200.33388981636057,2579.4991652754584
9.750849990999995,12.852,2.003338898163606,200.33388981636057,2574.691151919866
9.760930764001387,12.876,2.003338898163606,200.33388981636057,2579.4991652754584
9.771022462000474,12.848,1.8363939899833053,200.33388981636057,2573.889816360601
9.781103290000829,12.876,2.1702838063439063,200.33388981636057,2579.4991652754584
9.79118395200021,12.84,2.003338898163606,200.33388981636057,2572.2871452420695
9.80126537200158,12.88,2.003338898163606,200.33388981636057,2580.300500834724
9.811346367001534,12.84,2.003338898163606,200.33388981636057,2572.2871452420695
9.82142739900155,12.88,2.003338898163606,200.33388981636057,2580.300500834724
9.831509929999811,12.844,2.003338898163606,200.33388981636057,2573.088480801335
9.841590832000293,12.88,2.1702838063439063,200.33388981636057,2580.300500834724
9.85167340100088,12.848,2.003338898163606,200.33388981636057,2573.889816360601
9.861754192001172,12.876,2.003338898163606,200.33388981636057,2579.4991652754584
9.871860649000155,12.848,2.003338898163606,217.02838063439066,2788.3806343906513
9.881940144001419,12.868,2.003338898163606,200.33388981636057,2577.896494156928
9.892019676000928,12.848,2.003338898163606,200.33388981636057,2573.889816360601
9.902099319000627,12.876,2.003338898163606,200.33388981636057,2579.4991652754584
9.91217911000058,12.844,2.003338898163606,200.33388981636057,2573.088480801335
9.92225990100087,12.876,2.003338898163606,200.33388981636057,2579.4991652754584
9.93234078400019,12.844,2.003338898163606,200.33388981636057,2573.088480801335
9.942420463999952,12.88,2.003338898163606,200.33388981636057,2580.300500834724
9.952501384999778,12.848,2.003338898163606,217.02838063439066,2788.3806343906513
9.962582453999858,12.876,2.003338898163606,200.33388981636057,2579.4991652754584
9.97268961500049,12.844,2.003338898163606,200.33388981636057,2573.088480801335
9.982770406000782,12.872,2.003338898163606,200.33388981636057,2578.697829716193
9.992851252000037,12.84,2.003338898163606,200.33388981636057,2572.2871452420695
10.002932043000328,12.876,2.003338898163606,200.33388981636057,2579.4991652754584
10.013013241999943,12.848,2.003338898163606,200.33388981636057,2573.889816360601
10.023088570000255,12.88,2.003338898163606,200.33388981636057,2580.300500834724
10.033168583000588,12.844,2.003338898163606,200.33388981636057,2573.088480801335
10.043248596000922,12.88,2.003338898163606,200.33388981636057,2580.300500834724
10.05332944300062,12.844,2.003338898163606,200.33388981636057,2573.088480801335
10.063410012000531,12.88,2.003338898163606,200.33388981636057,2580.300500834724
10.073500247000993,12.848,1.8363939899833053,200.33388981636057,2573.889816360601
10.083579001000544,12.868,2.003338898163606,200.33388981636057,2577.896494156928
10.093655624999883,12.848,2.003338898163606,200.33388981636057,2573.889816360601
10.103733212999941,12.872,2.003338898163606,200.33388981636057,2578.697829716193
10.113805893000972,12.848,2.003338898163606,200.33388981636057,2573.889816360601
10.123884462000206,12.876,2.003338898163606,200.33388981636057,2579.4991652754584
10.133960957000454,12.844,2.1702838063439063,200.33388981636057,2573.088480801335
10.1440378770003,12.88,2.1702838063439063,200.33388981636057,2580.300500834724
10.154114298000422,12.848,2.003338898163606,200.33388981636057,2573.889816360601
10.164195941000798,12.876,2.003338898163606,200.33388981636057,2579.4991652754584
10.174285121000139,12.848,2.003338898163606,217.02838063439066,2788.3806343906513
10.184367226000177,12.876,1.8363939899833053,200.33388981636057,2579.4991652754584
10.19444894300068,12.844,2.003338898163606,217.02838063439066,2787.5125208681134
10.204530327000612,12.876,2.1702838063439063,200.33388981636057,2579.4991652754584
10.214611655001136,12.848,2.003338898163606,200.33388981636057,2573.889816360601
10.224692761001279,12.876,2.003338898163606,200.33388981636057,2579.4991652754584
10.234774033000576,12.852,2.003338898163606,200.33388981636057,2574.691151919866
10.24485525000091,12.88,2.003338898163606,217.02838063439066,2795.3255425709517
10.254936245000863,12.844,2.003338898163606,183.63939899833053,2358.6644407345575
10.26501762800035,12.88,2.003338898163606,200.33388981636057,2580.300500834724
10.275109104000876,12.844,2.1702838063439063,200.33388981636057,2573.088480801335
10.285190599000998,12.872,2.003338898163606,200.33388981636057,2578.697829716193
10.295270705000803,12.848,2.003338898163606,200.33388981636057,2573.889816360601
10.305350700000417,12.872,2.1702838063439063,200.33388981636057,2578.697829716193
10.315430694001407,12.852,2.003338898163606,200.33388981636057,2574.691151919866
10.325511893001021,12.876,2.003338898163606,200.33388981636057,2579.4991652754584
10.335594739000953,12.852,2.003338898163606,200.33388981636057,2574.691151919866
10.345675530001245,12.876,1.8363939899833053,200.33388981636057,2579.4991652754584
10.355758303001494,12.848,2.003338898163606,200.33388981636057,2573.889816360601
10.365838094001447,12.88,2.003338898163606,200.33388981636057,2580.300500834724
10.375929218000238,12.844,2.1702838063439063,200.33388981636057,2573.088480801335
10.386008898,12.88,2.003338898163606,200.33388981636057,2580.300500834724
10.396092189001138,12.844,2.003338898163606,217.02838063439066,2787.5125208681134
10.406172906001302,12.88,2.003338898163606,200.33388981636057,2580.300500834724
10.416252845001509,12.848,2.003338898163606,200.33388981636057,2573.889816360601
10.426333710000108,12.876,2.003338898163606,200.33388981636057,2579.4991652754584
10.436414760000844,12.852,2.003338898163606,200.33388981636057,2574.691151919866
10.44649507000031,12.876,2.003338898163606,200.33388981636057,2579.4991652754584
10.456586324000455,12.852,2.003338898163606,200.33388981636057,2574.691151919866
10.466669541001465,12.88,2.003338898163606,200.33388981636057,2580.300500834724
10.476788238000154,12.844,2.003338898163606,200.33388981636057,2573.088480801335
10.48686938100036,12.872,2.003338898163606,200.33388981636057,2578.697829716193
10.496951913000885,12.848,2.003338898163606,217.02838063439066,2788.3806343906513
10.507032889001493,12.872,2.003338898163606,183.63939899833053,2363.806343906511
10.517114273001425,12.852,2.003338898163606,200.33388981636057,2574.691151919866
10.527195452999877,12.872,2.003338898163606,200.33388981636057,2578.697829716193
10.537275022001268,12.852,2.003338898163606,200.33388981636057,2574.691151919866
10.547355497999888,12.872,2.003338898163606,200.33388981636057,2578.697829716193
10.557436177999989,12.852,2.003338898163606,200.33388981636057,2574.691151919866
10.567519060999985,12.876,2.003338898163606,200.33388981636057,2579.4991652754584
10.577627889000723,12.848,2.003338898163606,200.33388981636057,2573.889816360601
10.587710532001438,12.88,2.003338898163606,200.33388981636057,2580.300500834724
10.597790711000926,12.84,2.003338898163606,217.02838063439066,2786.644407345576
10.607870558000286,12.88,2.003338898163606,200.33388981636057,2580.300500834724
10.617949923000197,12.848,2.003338898163606,200.33388981636057,2573.889816360601
10.628032140000869,12.876,2.003338898163606,200.33388981636057,2579.4991652754584
10.638112672000716,12.852,2.003338898163606,200.33388981636057,2574.691151919866
10.648193352000817,12.876,2.003338898163606,200.33388981636057,2579.4991652754584
10.658274086999882,12.852,2.003338898163606,200.33388981636057,2574.691151919866
10.6683549520003,12.872,2.003338898163606,200.33388981636057,2578.697829716193
10.678444705999937,12.852,2.003338898163606,200.33388981636057,2574.691151919866
10.68852470100137,12.872,2.003338898163606,200.33388981636057,2578.697829716193
10.698605954999948,12.848,2.003338898163606,200.33388981636057,2573.889816360601
10.708686764000959,12.872,2.003338898163606,200.33388981636057,2578.697829716193
10.718768202999854,12.848,2.003338898163606,200.33388981636057,2573.889816360601
10.728847569000209,12.876,2.003338898163606,200.33388981636057,2579.4991652754584
10.738927026000965,12.852,2.003338898163606,200.33388981636057,2574.691151919866
10.749007910000728,12.872,2.003338898163606,200.33388981636057,2578.697829716193
10.759088071001315,12.852,2.1702838063439063,200.33388981636057,2574.691151919866
10.769169196000803,12.9,2.003338898163606,200.33388981636057,2584.3071786310516
10.779272820000187,12.88,2.003338898163606,217.02838063439066,2795.3255425709517
10.789353314001346,12.892,2.003338898163606,183.63939899833053,2367.4791318864773
10.799433957001384,12.86,2.003338898163606,200.33388981636057,2576.2938230383966
10.80951476700102,12.892,1.8363939899833053,183.63939899833053,2367.4791318864773
10.819597539000824,12.856,2.003338898163606,200.33388981636057,2575.4924874791313
10.829677904001073,12.892,2.003338898163606,200.33388981636057,2582.70450751252
10.839760066000963,12.86,2.003338898163606,183.63939899833053,2361.6026711185305
10.84984063400043,12.892,2.003338898163606,200.33388981636057,2582.70450751252
10.859922888001165,12.864,2.003338898163606,200.33388981636057,2577.0951585976627
10.870003142001224,12.892,1.8363939899833053,200.33388981636057,2582.70450751252
10.880083174000902,12.864,1.8363939899833053,200.33388981636057,2577.0951585976627
10.890162947000135,12.888,2.003338898163606,200.33388981636057,2581.903171953255
10.900243423000575,12.836,2.003338898163606,200.33388981636057,2571.4858096828043
10.91032447300131,12.864,2.003338898163606,200.33388981636057,2577.0951585976627
10.920405616001517,12.84,2.003338898163606,200.33388981636057,2572.2871452420695
10.93048661100147,12.876,2.003338898163606,200.33388981636057,2579.4991652754584
10.94056636500136,12.848,2.003338898163606,217.02838063439066,2788.3806343906513
10.950646156001312,12.876,2.003338898163606,200.33388981636057,2579.4991652754584
10.960727187000884,12.848,2.003338898163606,200.33388981636057,2573.889816360601
10.970807571000478,12.876,2.003338898163606,200.33388981636057,2579.4991652754584
10.98088276999988,12.848,2.003338898163606,200.33388981636057,2573.889816360601
10.990962227000637,12.876,2.003338898163606,200.33388981636057,2579.4991652754584
11.001043074000336,12.844,2.003338898163606,200.33388981636057,2573.088480801335
11.011123939000754,12.872,2.003338898163606,200.33388981636057,2578.697829716193
11.021205267001278,12.84,2.1702838063439063,200.33388981636057,2572.2871452420695
11.031285742999899,12.876,2.1702838063439063,200.33388981636057,2579.4991652754584
11.041362534000655,12.844,2.003338898163606,217.02838063439066,2787.5125208681134
11.051466509999955,12.88,2.003338898163606,200.33388981636057,2580.300500834724
11.061547875000542,12.848,2.003338898163606,200.33388981636057,2573.889816360601
11.071628759000305,12.876,2.003338898163606,200.33388981636057,2579.4991652754584
11.081717346000005,12.848,2.003338898163606,200.33388981636057,2573.889816360601
11.091797544000656,12.876,2.003338898163606,200.33388981636057,2579.4991652754584
11.101878391000355,12.852,2.003338898163606,200.33388981636057,2574.691151919866
11.111960904001535,12.868,2.003338898163606,200.33388981636057,2577.896494156928
11.122041268999965,12.852,2.003338898163606,200.33388981636057,2574.691151919866
11.132123393999791,12.872,2.003338898163606,200.33388981636057,2578.697829716193
11.14219901800061,12.848,2.003338898163606,200.33388981636057,2573.889816360601
11.152279402000204,12.876,2.003338898163606,200.33388981636057,2579.4991652754584
11.16236056300113,12.848,2.003338898163606,217.02838063439066,2788.3806343906513
11.17244661299992,12.876,2.003338898163606,200.33388981636057,2579.4991652754584
11.182538589000615,12.848,2.003338898163606,217.02838063439066,2788.3806343906513
11.19261538000137,12.872,2.003338898163606,200.33388981636057,2578.697829716193
11.202690856000117,12.848,2.003338898163606,200.33388981636057,2573.889816360601
11.212767759001508,12.872,2.003338898163606,200.33388981636057,2578.697829716193
11.222844846000953,12.84,2.003338898163606,200.33388981636057,2572.2871452420695
11.232917600000292,12.876,2.003338898163606,200.33388981636057,2579.4991652754584
11.242993947000286,12.844,2.003338898163606,200.33388981636057,2573.088480801335
11.253070608001508,12.876,2.003338898163606,200.33388981636057,2579.4991652754584
11.263147714000297,12.848,2.003338898163606,200.33388981636057,2573.889816360601
11.273223801999848,12.876,2.003338898163606,200.33388981636057,2579.4991652754584
11.28331100000105,12.848,2.003338898163606,200.33388981636057,2573.889816360601
11.293391124001573,12.872,2.003338898163606,217.02838063439066,2793.5893155258764
11.303471212000659,12.852,2.003338898163606,200.33388981636057,2574.691151919866
11.313551077000739,12.868,2.003338898163606,200.33388981636057,2577.896494156928
11.323630718999993,12.852,2.1702838063439063,200.33388981636057,2574.691151919866
11.333706233001067,12.868,2.1702838063439063,200.33388981636057,2577.896494156928
11.34378895000009,12.852,2.003338898163606,200.33388981636057,2574.691151919866
11.35386963000019,12.876,2.003338898163606,200.33388981636057,2579.4991652754584
11.363951884000926,12.848,2.003338898163606,183.63939899833053,2359.398998330551
11.374032581999927,12.876,2.003338898163606,200.33388981636057,2579.4991652754584
11.384114206000959,12.848,2.003338898163606,200.33388981636057,2573.889816360601
11.394195053000658,12.876,2.003338898163606,200.33388981636057,2579.4991652754584
11.404276122000738,12.844,2.003338898163606,217.02838063439066,2787.5125208681134
11.414357190000374,12.872,2.003338898163606,200.33388981636057,2578.697829716193
11.424438185000326,12.848,2.003338898163606,200.33388981636057,2573.889816360601
11.43451918000028,12.872,2.003338898163606,200.33388981636057,2578.697829716193
11.444600138000169,12.852,2.003338898163606,200.33388981636057,2574.691151919866
11.454695891001393,12.876,2.003338898163606,200.33388981636057,2579.4991652754584
11.464780349000648,12.848,2.003338898163606,200.33388981636057,2573.889816360601
11.474862862000009,12.88,2.1702838063439063,200.33388981636057,2580.300500834724
11.484944320000068,12.848,2.003338898163606,200.33388981636057,2573.889816360601
11.495021778000591,12.876,2.003338898163606,200.33388981636057,2579.4991652754584
11.50509779100139,12.852,2.003338898163606,200.33388981636057,2574.691151919866
11.5151732860013,12.868,2.003338898163606,200.33388981636057,2577.896494156928
11.525250077000237,12.856,2.003338898163606,200.33388981636057,2575.4924874791313
11.535326201001226,12.868,2.003338898163606,200.33388981636057,2577.896494156928
11.545402417999867,12.852,2.003338898163606,200.33388981636057,2574.691151919866
11.55547965400001,12.872,2.003338898163606,200.33388981636057,2578.697829716193
11.565556204001041,12.848,2.003338898163606,217.02838063439066,2788.3806343906513
11.575634440001522,12.876,2.003338898163606,200.33388981636057,2579.4991652754584
11.58576985900072,12.848,2.003338898163606,200.33388981636057,2573.889816360601
11.5958509280008,12.876,2.003338898163606,200.33388981636057,2579.4991652754584
11.605930663001345,12.848,2.003338898163606,200.33388981636057,2573.889816360601
11.616010510000706,12.876,2.003338898163606,200.33388981636057,2579.4991652754584
11.626091357000405,12.848,2.003338898163606,200.33388981636057,2573.889816360601
11.636172166001415,12.872,2.003338898163606,200.33388981636057,2578.697829716193
11.646253050001178,12.856,2.003338898163606,200.33388981636057,2575.4924874791313
11.656334156001321,12.872,2.003338898163606,200.33388981636057,2578.697829716193
11.666413298000407,12.856,2.003338898163606,200.33388981636057,2575.4924874791313
11.676494497000022,12.872,2.003338898163606,200.33388981636057,2578.697829716193
11.686587158001203,12.852,2.003338898163606,200.33388981636057,2574.691151919866
11.696666875001029,12.872,2.003338898163606,200.33388981636057,2578.697829716193
11.706747703001383,12.852,2.003338898163606,183.63939899833053,2360.133555926544
11.716828476000956,12.868,2.003338898163606,200.33388981636057,2577.896494156928
11.72690810000131,12.856,2.003338898163606,200.33388981636057,2575.4924874791313
11.736988409000332,12.868,2.003338898163606,200.33388981636057,2577.896494156928
11.747069275001195,12.86,2.003338898163606,200.33388981636057,2576.2938230383966
11.757150084000386,12.868,2.003338898163606,200.33388981636057,2577.896494156928
11.767231042000276,12.86,2.003338898163606,200.33388981636057,2576.2938230383966
11.77731175900044,12.868,2.003338898163606,200.33388981636057,2577.896494156928
11.787392550000732,12.86,2.1702838063439063,200.33388981636057,2576.2938230383966
11.797472119000304,12.872,1.8363939899833053,200.33388981636057,2578.697829716193
11.807554909000828,12.852,2.003338898163606,200.33388981636057,2574.691151919866
11.817635886000062,12.872,2.003338898163606,200.33388981636057,2578.697829716193
11.827718103000734,12.848,2.003338898163606,200.33388981636057,2573.889816360601
11.837798727001427,12.872,2.003338898163606,200.33388981636057,2578.697829716193
11.84788085100081,12.856,2.003338898163606,200.33388981636057,2575.4924874791313
11.857961346000593,12.868,2.003338898163606,200.33388981636057,2577.896494156928
11.8680436930008,12.86,2.003338898163606,200.33388981636057,2576.2938230383966
11.87812428000143,12.868,2.003338898163606,200.33388981636057,2577.896494156928
11.88819857100134,12.888,2.003338898163606,200.33388981636057,2581.903171953255
11.89827843600142,12.896,1.8363939899833053,200.33388981636057,2583.505843071786
11.908359894001478,12.872,1.8363939899833053,183.63939899833053,2363.806343906511
11.918440184999781,12.884,1.8363939899833053,183.63939899833053,2366.010016694491
11.928519994000453,12.864,2.003338898163606,200.33388981636057,2577.0951585976627
11.938600322000639,12.884,2.003338898163606,200.33388981636057,2581.1018363939897
11.948681761999978,12.864,2.003338898163606,200.33388981636057,2577.0951585976627
11.958762719001243,12.888,2.003338898163606,200.33388981636057,2581.903171953255
11.968843657999969,12.868,2.003338898163606,200.33388981636057,2577.896494156928
11.978924301000006,12.884,1.8363939899833053,200.33388981636057,2581.1018363939897
11.989014777000193,12.868,2.003338898163606,200.33388981636057,2577.896494156928
11.999095790000865,12.888,2.003338898163606,200.33388981636057,2581.903171953255
12.00917650700103,12.864,2.003338898163606,200.33388981636057,2577.0951585976627
12.019257261001258,12.86,2.003338898163606,200.33388981636057,2576.2938230383966
12.029338404001464,12.836,2.003338898163606,217.02838063439066,2785.7762938230385
12.039419399001417,12.876,2.003338898163606,200.33388981636057,2579.4991652754584
12.049500468001497,12.848,2.003338898163606,200.33388981636057,2573.889816360601
12.059583555001154,12.876,2.003338898163606,200.33388981636057,2579.4991652754584
12.069659382999816,12.848,1.8363939899833053,200.33388981636057,2573.889816360601
12.079740933000721,12.872,2.003338898163606,200.33388981636057,2578.697829716193
12.089830539000104,12.852,2.003338898163606,200.33388981636057,2574.691151919866
12.0999107560001,12.872,2.003338898163606,200.33388981636057,2578.697829716193
12.10999215800075,12.856,2.003338898163606,200.33388981636057,2575.4924874791313
12.120074375001423,12.872,2.003338898163606,200.33388981636057,2578.697829716193
12.130155240000022,12.848,2.003338898163606,200.33388981636057,2573.889816360601
12.140236290000757,12.868,2.003338898163606,183.63939899833053,2363.0717863105174
12.150316693001514,12.852,2.003338898163606,200.33388981636057,2574.691151919866
12.160393910000494,12.872,2.003338898163606,200.33388981636057,2578.697829716193
12.170476645000235,12.852,2.003338898163606,183.63939899833053,2360.133555926544
12.180560380000315,12.872,2.003338898163606,200.33388981636057,2578.697829716193
12.190651912000249,12.856,2.003338898163606,200.33388981636057,2575.4924874791313
12.200728814001195,12.872,2.003338898163606,200.33388981636057,2578.697829716193
12.210805327000344,12.856,2.003338898163606,200.33388981636057,2575.4924874791313
12.220882192999852,12.876,2.003338898163606,200.33388981636057,2579.4991652754584
12.230954612999994,12.844,2.003338898163606,200.33388981636057,2573.088480801335
12.241029979000814,12.876,2.003338898163606,200.33388981636057,2579.4991652754584
12.25110656600009,12.848,2.1702838063439063,200.33388981636057,2573.889816360601
12.261183061000338,12.876,2.003338898163606,200.33388981636057,2579.4991652754584
12.271259537001242,12.852,2.003338898163606,200.33388981636057,2574.691151919866
12.281335995001427,12.872,2.003338898163606,200.33388981636057,2578.697829716193
12.291421526000704,12.884,2.003338898163606,200.33388981636057,2581.1018363939897
12.301502076999896,12.896,2.003338898163606,183.63939899833053,2368.2136894824707
12.311581515999933,12.872,2.003338898163606,200.33388981636057,2578.697829716193
12.321661196001514,12.884,1.8363939899833053,200.33388981636057,2581.1018363939897
12.33174589400005,12.868,2.003338898163606,183.63939899833053,2363.0717863105174
12.341825296000025,12.88,2.003338898163606,200.33388981636057,2580.300500834724
12.351907976000803,12.864,2.003338898163606,200.33388981636057,2577.0951585976627
12.361989026001538,12.888,2.003338898163606,200.33388981636057,2581.903171953255
12.372071188001428,12.86,2.003338898163606,200.33388981636057,2576.2938230383966
12.382151849000365,12.888,2.003338898163606,200.33388981636057,2581.903171953255
12.392227437001566,12.864,2.003338898163606,200.33388981636057,2577.0951585976627
12.402308376000292,12.892,2.003338898163606,200.33388981636057,2582.70450751252
12.412388704000477,12.864,2.003338898163606,200.33388981636057,2577.0951585976627
12.422469365001234,12.86,2.003338898163606,200.33388981636057,2576.2938230383966
12.432549840999854,12.84,2.003338898163606,200.33388981636057,2572.2871452420695
12.442630595000082,12.872,2.003338898163606,200.33388981636057,2578.697829716193
12.452711720001389,12.848,2.003338898163606,200.33388981636057,2573.889816360601
12.4627973810002,12.88,2.003338898163606,200.33388981636057,2580.300500834724
12.472878172000492,12.844,2.003338898163606,200.33388981636057,2573.088480801335
12.482959426000889,12.876,2.003338898163606,200.33388981636057,2579.4991652754584
12.493041235000419,12.848,2.003338898163606,200.33388981636057,2573.889816360601
12.503117452000879,12.876,2.003338898163606,200.33388981636057,2579.4991652754584
12.513193484001022,12.86,2.003338898163606,200.33388981636057,2576.2938230383966
12.523270312000022,12.904,2.003338898163606,183.63939899833053,2369.682804674457
12.533347455000694,12.872,2.003338898163606,200.33388981636057,2578.697829716193
12.54342330200052,12.888,2.003338898163606,200.33388981636057,2581.903171953255
12.553499334000662,12.86,2.003338898163606,200.33388981636057,2576.2938230383966
12.563577143000657,12.892,2.003338898163606,200.33388981636057,2582.70450751252
12.573653620000186,12.86,2.003338898163606,183.63939899833053,2361.6026711185305
12.583731540000372,12.896,1.8363939899833053,200.33388981636057,2583.505843071786
12.593808850000642,12.86,2.003338898163606,200.33388981636057,2576.2938230383966
12.603889863001314,12.892,2.003338898163606,200.33388981636057,2582.70450751252
12.613969506001013,12.86,2.003338898163606,200.33388981636057,2576.2938230383966
12.624049686000944,12.892,1.8363939899833053,200.33388981636057,2582.70450751252
12.634128958001384,12.856,2.003338898163606,183.63939899833053,2360.8681135225374
12.644208527000956,12.888,1.8363939899833053,183.63939899833053,2366.744574290484
12.654288355000972,12.86,2.003338898163606,183.63939899833053,2361.6026711185305
12.66436981300103,12.892,2.003338898163606,183.63939899833053,2367.4791318864773
12.674450104001153,12.856,1.8363939899833053,200.33388981636057,2575.4924874791313
12.684531468999921,12.896,1.8363939899833053,183.63939899833053,2368.2136894824707
12.69462418600051,12.86,1.8363939899833053,183.63939899833053,2361.6026711185305
12.704705199001182,12.892,2.003338898163606,183.63939899833053,2367.4791318864773
12.714786009000818,12.864,2.003338898163606,183.63939899833053,2362.337228714524
12.724865891999798,12.888,2.003338898163606,200.33388981636057,2581.903171953255
12.734945535001316,12.868,2.003338898163606,200.33388981636057,2577.896494156928
12.745026197000698,12.88,2.003338898163606,200.33388981636057,2580.300500834724
12.755107191000207,12.868,2.003338898163606,183.63939899833053,2363.0717863105174
12.765187519000392,12.884,2.003338898163606,183.63939899833053,2366.010016694491
12.775268403000155,12.868,2.003338898163606,200.33388981636057,2577.896494156928
12.785348935000002,12.888,2.003338898163606,183.63939899833053,2366.744574290484
12.795505797999795,12.868,1.8363939899833053,183.63939899833053,2363.0717863105174
12.805587608001588,12.892,1.8363939899833053,200.33388981636057,2582.70450751252
12.815670066000166,12.864,1.8363939899833053,183.63939899833053,2362.337228714524
12.825749820000055,12.892,2.003338898163606,200.33388981636057,2582.70450751252
12.83583320300022,12.864,2.003338898163606,200.33388981636057,2577.0951585976627
12.84591366099994,12.884,1.8363939899833053,183.63939899833053,2366.010016694491
12.855995730000359,12.864,2.003338898163606,200.33388981636057,2577.0951585976627
12.866076280000925,12.88,2.003338898163606,200.33388981636057,2580.300500834724
12.876157386001069,12.868,2.003338898163606,183.63939899833053,2363.0717863105174
12.886238269000387,12.884,2.003338898163606,183.63939899833053,2366.010016694491
12.896314616000382,12.868,1.8363939899833053,200.33388981636057,2577.896494156928
12.90638577700156,12.884,1.8363939899833053,200.33388981636057,2581.1018363939897
12.916463328001555,12.872,1.8363939899833053,183.63939899833053,2363.806343906511
12.926539156000217,12.884,2.003338898163606,200.33388981636057,2581.1018363939897
12.93661641000108,12.876,2.003338898163606,200.33388981636057,2579.4991652754584
12.946692553001412,12.872,2.003338898163606,200.33388981636057,2578.697829716193
12.956775048000054,12.876,1.8363939899833053,183.63939899833053,2364.540901502504
12.966853171999901,12.872,2.003338898163606,200.33388981636057,2578.697829716193
12.976929963000657,12.876,1.8363939899833053,200.33388981636057,2579.4991652754584
12.987006549999933,12.876,1.8363939899833053,183.63939899833053,2364.540901502504
12.997093712001515,12.876,2.003338898163606,200.33388981636057,2579.4991652754584
13.007176114000686,12.88,2.003338898163606,183.63939899833053,2365.2754590984973
13.017257757001062,12.88,1.8363939899833053,200.33388981636057,2580.300500834724
13.027338695999788,12.88,1.8363939899833053,183.63939899833053,2365.2754590984973
13.037420024000312,12.876,2.003338898163606,200.33388981636057,2579.4991652754584
13.047503352001513,12.88,2.003338898163606,183.63939899833053,2365.2754590984973
13.05758438400153,12.876,1.8363939899833053,200.33388981636057,2579.4991652754584
13.067667934001292,12.872,2.003338898163606,183.63939899833053,2363.806343906511
13.077748392001013,12.88,1.8363939899833053,200.33388981636057,2580.300500834724
13.087830831000247,12.872,2.003338898163606,200.33388981636057,2578.697829716193
13.097920603000603,12.88,2.003338898163606,183.63939899833053,2365.2754590984973
13.108000357000492,12.872,2.003338898163606,200.33388981636057,2578.697829716193
13.118077130000529,12.884,2.003338898163606,200.33388981636057,2581.1018363939897
13.128155087000778,12.876,2.003338898163606,200.33388981636057,2579.4991652754584
13.138231193001047,12.884,2.003338898163606,183.63939899833053,2366.010016694491
13.148309799000344,12.864,1.8363939899833053,200.33388981636057,2577.0951585976627
13.158386812001481,12.888,2.003338898163606,183.63939899833053,2366.744574290484
13.168462122001074,12.86,2.003338898163606,183.63939899833053,2361.6026711185305
13.178537228001005,12.888,2.003338898163606,200.33388981636057,2581.903171953255
13.188612649000788,12.864,2.003338898163606,200.33388981636057,2577.0951585976627
13.19869864300017,12.888,2.003338898163606,200.33388981636057,2581.903171953255
13.208779323000272,12.864,2.003338898163606,200.33388981636057,2577.0951585976627
13.218861318000563,12.888,2.003338898163606,200.33388981636057,2581.903171953255
13.22894197900132,12.868,2.003338898163606,183.63939899833053,2363.0717863105174
13.239022752000892,12.888,1.8363939899833053,200.33388981636057,2581.903171953255
13.24909998700059,12.868,2.003338898163606,200.33388981636057,2577.896494156928
13.259180667000692,12.88,2.003338898163606,200.33388981636057,2580.300500834724
13.26926103200094,12.868,1.8363939899833053,200.33388981636057,2577.896494156928
13.279341916000703,12.888,2.003338898163606,200.33388981636057,2581.903171953255
13.289423522001016,12.86,2.003338898163606,200.33388981636057,2576.2938230383966
13.299504424001498,12.888,2.003338898163606,200.33388981636057,2581.903171953255
13.309584548000203,12.864,2.003338898163606,183.63939899833053,2362.337228714524
13.319663432001107,12.892,1.8363939899833053,200.33388981636057,2582.70450751252
13.329743315000087,12.868,1.8363939899833053,200.33388981636057,2577.896494156928
13.3398261250004,12.892,2.003338898163606,183.63939899833053,2367.4791318864773
13.349906749001093,12.86,2.003338898163606,200.33388981636057,2576.2938230383966
13.359988799000348,12.892,1.8363939899833053,200.33388981636057,2582.70450751252
13.370068220001485,12.86,2.003338898163606,183.63939899833053,2361.6026711185305
13.380173307001314,12.892,1.8363939899833053,200.33388981636057,2582.70450751252
13.390253894000125,12.864,2.003338898163606,200.33388981636057,2577.0951585976627
13.400344259000121,12.896,1.8363939899833053,200.33388981636057,2583.505843071786
13.410425198000667,12.86,2.003338898163606,200.33388981636057,2576.2938230383966
13.420505934000175,12.892,2.003338898163606,200.33388981636057,2582.70450751252
13.430586984000911,12.86,2.003338898163606,183.63939899833053,2361.6026711185305
13.440667534001477,12.888,2.003338898163606,183.63939899833053,2366.744574290484
13.450747529001092,12.86,2.003338898163606,200.33388981636057,2576.2938230383966
13.460834505000093,12.884,2.003338898163606,183.63939899833053,2366.010016694491
13.470916222000596,12.864,2.003338898163606,200.33388981636057,2577.0951585976627
13.480998069000634,12.888,2.003338898163606,183.63939899833053,2366.744574290484
13.49108398899989,12.864,1.8363939899833053,200.33388981636057,2577.0951585976627
13.501256149000255,12.892,2.003338898163606,183.63939899833053,2367.4791318864773
13.511330625000483,12.864,1.8363939899833053,200.33388981636057,2577.0951585976627
13.521407139000075,12.896,2.003338898163606,200.33388981636057,2583.505843071786
13.531485188999795,12.86,2.003338898163606,183.63939899833053,2361.6026711185305
13.541561462001482,12.892,2.003338898163606,200.33388981636057,2582.70450751252
13.551640105000843,12.86,1.8363939899833053,200.33388981636057,2576.2938230383966
13.56171750700014,12.888,1.8363939899833053,200.33388981636057,2581.903171953255
13.571796168000219,12.86,1.8363939899833053,183.63939899833053,2361.6026711185305
13.581872237000425,12.888,1.8363939899833053,200.33388981636057,2581.903171953255
13.59195102800004,12.864,1.8363939899833053,183.63939899833053,2362.337228714524
13.602051356001539,12.892,1.8363939899833053,200.33388981636057,2582.70450751252
13.612124406001385,12.864,2.003338898163606,200.33388981636057,2577.0951585976627
13.622197438000512,12.892,2.003338898163606,200.33388981636057,2582.70450751252
13.63227504400129,12.864,2.003338898163606,183.63939899833053,2362.337228714524
13.64235127900065,12.888,2.003338898163606,200.33388981636057,2581.903171953255
13.652429421999841,12.868,2.003338898163606,200.33388981636057,2577.896494156928
13.662505084001168,12.88,1.8363939899833053,183.63939899833053,2365.2754590984973
13.672584190000634,12.868,1.8363939899833053,183.63939899833053,2363.0717863105174
13.682660350999868,12.88,1.8363939899833053,200.33388981636057,2580.300500834724
13.692737938999926,12.872,1.8363939899833053,183.63939899833053,2363.806343906511
13.702823359000831,12.88,1.8363939899833053,200.33388981636057,2580.300500834724
13.712904354000784,12.872,2.003338898163606,200.33388981636057,2578.697829716193
13.722983052000927,12.884,2.003338898163606,200.33388981636057,2581.1018363939897
13.73306006600069,12.872,2.003338898163606,200.33388981636057,2578.697829716193
13.74313628300115,12.884,2.003338898163606,183.63939899833053,2366.010016694491
13.753217055000277,12.868,2.003338898163606,183.63939899833053,2363.0717863105174
13.76329805000023,12.888,2.003338898163606,200.33388981636057,2581.903171953255
13.773378322001008,12.868,2.003338898163606,183.63939899833053,2363.0717863105174
13.783460521000961,12.876,2.003338898163606,200.33388981636057,2579.4991652754584
13.79353705200083,12.872,2.003338898163606,183.63939899833053,2363.806343906511
13.803623251000317,12.876,1.8363939899833053,200.33388981636057,2579.4991652754584
13.813696412000354,12.876,1.8363939899833053,183.63939899833053,2364.540901502504
13.823774240001512,12.876,2.003338898163606,200.33388981636057,2579.4991652754584
13.833850846000132,12.876,1.8363939899833053,200.33388981636057,2579.4991652754584
13.843928804000825,12.88,2.003338898163606,200.33388981636057,2580.300500834724
13.854006614001264,12.876,2.003338898163606,183.63939899833053,2364.540901502504
13.864085368000815,12.872,2.003338898163606,200.33388981636057,2578.697829716193
13.874162492000323,12.88,2.003338898163606,183.63939899833053,2365.2754590984973
13.884240430999853,12.868,2.003338898163606,200.33388981636057,2577.896494156928
13.894316370000524,12.88,1.8363939899833053,200.33388981636057,2580.300500834724
13.904439624000588,12.868,2.003338898163606,183.63939899833053,2363.0717863105174
13.914520396001535,12.88,1.8363939899833053,200.33388981636057,2580.300500834724
13.924600780001128,12.872,2.003338898163606,183.63939899833053,2363.806343906511
13.934682126000553,12.88,1.8363939899833053,200.33388981636057,2580.300500834724
13.94475912100097,12.872,2.003338898163606,200.33388981636057,2578.697829716193
13.95483570900069,12.884,2.003338898163606,200.33388981636057,2581.1018363939897
13.964915981001468,12.876,1.8363939899833053,200.33388981636057,2579.4991652754584
13.975006456999836,12.876,1.8363939899833053,200.33388981636057,2579.4991652754584
13.985083952000423,12.872,2.003338898163606,200.33388981636057,2578.697829716193
13.995161038999868,12.88,2.003338898163606,200.33388981636057,2580.300500834724
14.005254978001176,12.864,2.003338898163606,183.63939899833053,2362.337228714524
14.015331473001424,12.884,2.003338898163606,183.63939899833053,2366.010016694491
14.025407967999854,12.864,2.003338898163606,200.33388981636057,2577.0951585976627
14.03548657400097,12.888,1.8363939899833053,200.33388981636057,2581.903171953255
14.045562402001451,12.868,2.003338898163606,183.63939899833053,2363.0717863105174
14.055640100001256,12.888,2.003338898163606,183.63939899833053,2366.744574290484
14.065716169001462,12.86,2.003338898163606,200.33388981636057,2576.2938230383966
14.075794219001182,12.884,1.8363939899833053,200.33388981636057,2581.1018363939897
14.08587060300124,12.86,2.003338898163606,200.33388981636057,2576.2938230383966
14.095948709000368,12.888,1.8363939899833053,200.33388981636057,2581.903171953255
14.10603042600087,12.86,2.003338898163606,183.63939899833053,2361.6026711185305
14.11610643899985,12.892,1.8363939899833053,200.33388981636057,2582.70450751252
14.126187841000501,12.86,1.8363939899833053,183.63939899833053,2361.6026711185305
14.136268595000729,12.892,2.003338898163606,200.33388981636057,2582.70450751252
14.14634855300028,12.864,2.003338898163606,183.63939899833053,2362.337228714524
14.156425177001438,12.888,1.8363939899833053,200.33388981636057,2581.903171953255
14.166502394000418,12.864,2.003338898163606,183.63939899833053,2362.337228714524
14.17657963000056,12.884,1.8363939899833053,200.33388981636057,2581.1018363939897
14.18666071700136,12.864,2.003338898163606,200.33388981636057,2577.0951585976627
14.196743804001017,12.888,2.003338898163606,200.33388981636057,2581.903171953255
14.206833854999786,12.864,2.003338898163606,200.33388981636057,2577.0951585976627
14.216911774999971,12.896,2.003338898163606,183.63939899833053,2368.2136894824707
14.22698888100058,12.86,1.8363939899833053,183.63939899833053,2361.6026711185305
14.23706558000049,12.896,2.003338898163606,183.63939899833053,2368.2136894824707
14.24714168600076,12.86,2.003338898163606,200.33388981636057,2576.2938230383966
14.25721923600031,12.892,1.8363939899833053,183.63939899833053,2367.4791318864773
14.267295101000855,12.86,2.003338898163606,200.33388981636057,2576.2938230383966
14.277366948001145,12.892,2.003338898163606,200.33388981636057,2582.70450751252
14.287457090000316,12.86,2.003338898163606,200.33388981636057,2576.2938230383966
14.29753149300086,12.892,2.003338898163606,183.63939899833053,2367.4791318864773
14.307604210000136,12.86,2.003338898163606,200.33388981636057,2576.2938230383966
14.317681075001019,12.892,2.003338898163606,200.33388981636057,2582.70450751252
14.327757681001458,12.86,2.003338898163606,183.63939899833053,2361.6026711185305
14.337838639001347,12.892,2.003338898163606,183.63939899833053,2367.4791318864773
14.347921317999862,12.86,2.003338898163606,200.33388981636057,2576.2938230383966
14.358001813001465,12.892,1.8363939899833053,200.33388981636057,2582.70450751252
14.36808423399998,12.864,1.8363939899833053,200.33388981636057,2577.0951585976627
14.378163932000462,12.888,2.003338898163606,200.33388981636057,2581.903171953255
14.388244760000816,12.868,2.003338898163606,200.33388981636057,2577.896494156928
14.398325292000663,12.888,2.003338898163606,200.33388981636057,2581.903171953255
14.408415824000258,12.868,1.8363939899833053,200.33388981636057,2577.896494156928
14.418492318000062,12.888,2.003338898163606,200.33388981636057,2581.903171953255
14.428570424001009,12.864,2.003338898163606,183.63939899833053,2362.337228714524
14.438647752000179,12.892,2.003338898163606,200.33388981636057,2582.70450751252
14.448725525000555,12.868,2.003338898163606,183.63939899833053,2363.0717863105174
14.458811112001058,12.892,2.003338898163606,200.33388981636057,2582.70450751252
14.468889495999974,12.864,2.003338898163606,200.33388981636057,2577.0951585976627
14.478972824001175,12.888,1.8363939899833053,217.02838063439066,2797.0617696160266
14.489048948000345,12.864,2.003338898163606,183.63939899833053,2362.337228714524
14.499126906001038,12.884,2.003338898163606,200.33388981636057,2581.1018363939897
14.509231141000782,12.868,2.003338898163606,183.63939899833053,2363.0717863105174
14.51930865400027,12.888,2.003338898163606,183.63939899833053,2366.744574290484
14.529385297000772,12.872,1.8363939899833053,200.33388981636057,2578.697829716193
14.53947792100007,12.888,1.8363939899833053,200.33388981636057,2581.903171953255
14.549552027001482,12.868,2.003338898163606,183.63939899833053,2363.0717863105174
14.559630652000124,12.888,2.003338898163606,200.33388981636057,2581.903171953255
14.569706813001176,12.872,2.003338898163606,200.33388981636057,2578.697829716193
14.579784326000663,12.876,1.8363939899833053,200.33388981636057,2579.4991652754584
14.589860210000552,12.876,2.003338898163606,200.33388981636057,2579.4991652754584
14.599933426999996,12.872,2.003338898163606,200.33388981636057,2578.697829716193
14.610016700000415,12.88,1.8363939899833053,183.63939899833053,2365.2754590984973
14.620094157000494,12.876,2.003338898163606,200.33388981636057,2579.4991652754584
14.630170245000045,12.88,1.8363939899833053,200.33388981636057,2580.300500834724
14.640247332001309,12.876,2.003338898163606,183.63939899833053,2364.540901502504
14.650323919000584,12.876,2.003338898163606,183.63939899833053,2364.540901502504
14.660405062000791,12.88,2.003338898163606,200.33388981636057,2580.300500834724
14.670485335000194,12.876,1.8363939899833053,183.63939899833053,2364.540901502504
14.680565867000041,12.88,1.8363939899833053,183.63939899833053,2365.2754590984973
14.690647602001263,12.868,2.003338898163606,200.33388981636057,2577.896494156928
14.70072937400073,12.88,2.003338898163606,200.33388981636057,2580.300500834724
14.710819202000494,12.876,2.003338898163606,183.63939899833053,2364.540901502504
14.720918660001189,12.872,2.003338898163606,200.33388981636057,2578.697829716193
14.730993395000041,12.88,2.003338898163606,183.63939899833053,2365.2754590984973
14.74107000100048,12.872,1.8363939899833053,200.33388981636057,2578.697829716193
14.751147348000814,12.884,1.8363939899833053,183.63939899833053,2366.010016694491
14.761224120000406,12.876,2.003338898163606,200.33388981636057,2579.4991652754584
14.771300189000613,12.88,2.003338898163606,183.63939899833053,2365.2754590984973
14.781376443001136,12.872,2.003338898163606,200.33388981636057,2578.697829716193
14.791454308000539,12.884,1.8363939899833053,183.63939899833053,2366.010016694491
14.801526118000766,12.86,2.003338898163606,200.33388981636057,2576.2938230383966
14.811601113000506,12.888,2.003338898163606,183.63939899833053,2366.744574290484
14.821682682000755,12.864,1.8363939899833053,183.63939899833053,2362.337228714524
14.831765009999799,12.888,2.003338898163606,200.33388981636057,2581.903171953255
14.841845486000238,12.864,2.003338898163606,200.33388981636057,2577.0951585976627
14.85192822099998,12.888,2.003338898163606,200.33388981636057,2581.903171953255
14.862009031001435,12.868,2.003338898163606,183.63939899833053,2363.0717863105174
14.87209130300107,12.888,2.003338898163606,200.33388981636057,2581.903171953255
14.882172113000706,12.868,2.003338898163606,183.63939899833053,2363.0717863105174
14.892252663001273,12.88,1.8363939899833053,200.33388981636057,2580.300500834724
14.902333436000845,12.868,2.003338898163606,183.63939899833053,2363.0717863105174
14.912412764000692,12.884,2.003338898163606,183.63939899833053,2366.010016694491
14.922493555000983,12.868,1.8363939899833053,200.33388981636057,2577.896494156928
14.932574309001211,12.888,1.8363939899833053,183.63939899833053,2366.744574290484
14.942651081000804,12.864,1.8363939899833053,200.33388981636057,2577.0951585976627
14.95273189100044,12.892,1.8363939899833053,200.33388981636057,2582.70450751252
14.962812163001217,12.864,2.003338898163606,200.33388981636057,2577.0951585976627
14.972893195001234,12.888,1.8363939899833053,200.33388981636057,2581.903171953255
14.982974393000404,12.86,1.8363939899833053,200.33388981636057,2576.2938230383966
14.993055147000632,12.888,2.003338898163606,200.33388981636057,2581.903171953255
15.003130290000627,12.864,2.003338898163606,183.63939899833053,2362.337228714524
15.013224063000962,12.888,2.003338898163606,200.33388981636057,2581.903171953255
15.02330494600028,12.864,1.8363939899833053,217.02838063439066,2791.8530884808015
15.033379460001015,12.892,2.003338898163606,200.33388981636057,2582.70450751252
15.043462028001159,12.86,2.003338898163606,183.63939899833053,2361.6026711185305
15.053542968000329,12.896,1.8363939899833053,200.33388981636057,2583.505843071786
15.063626259001467,12.86,2.003338898163606,200.33388981636057,2576.2938230383966
15.073707105000722,12.892,1.8363939899833053,200.33388981636057,2582.70450751252
15.083789637001246,12.86,2.003338898163606,200.33388981636057,2576.2938230383966
15.09387076100029,12.884,2.003338898163606,200.33388981636057,2581.1018363939897
15.103946330000326,12.864,2.003338898163606,200.33388981636057,2577.0951585976627
15.114043843001127,12.884,2.003338898163606,183.63939899833053,2366.010016694491
15.124126393000552,12.864,1.8363939899833053,200.33388981636057,2577.0951585976627
15.134207666000293,12.888,2.003338898163606,200.33388981636057,2581.903171953255
15.14428793800107,12.864,2.003338898163606,183.63939899833053,2362.337228714524
15.154364877000262,12.892,1.8363939899833053,200.33388981636057,2582.70450751252
15.16444209400106,12.864,2.003338898163606,200.33388981636057,2577.0951585976627
15.174517645000378,12.892,2.003338898163606,200.33388981636057,2582.70450751252
15.184598010000627,12.86,2.003338898163606,200.33388981636057,2576.2938230383966
15.19467863400132,12.892,2.003338898163606,200.33388981636057,2582.70450751252
15.204762277000555,12.86,2.003338898163606,183.63939899833053,2361.6026711185305
15.214920084999903,12.888,2.003338898163606,183.63939899833053,2366.744574290484
15.224996284001463,12.864,2.003338898163606,200.33388981636057,2577.0951585976627
15.235069853000823,12.888,2.003338898163606,183.63939899833053,2366.744574290484
15.24514638400069,12.864,1.8363939899833053,183.63939899833053,2362.337228714524
15.255222787000093,12.892,1.8363939899833053,200.33388981636057,2582.70450751252
15.26529593000123,12.868,2.003338898163606,183.63939899833053,2363.0717863105174
15.27537194300021,12.888,2.003338898163606,200.33388981636057,2581.903171953255
15.285448234000796,12.868,2.003338898163606,200.33388981636057,2577.896494156928
15.295524525001383,12.88,2.003338898163606,200.33388981636057,2580.300500834724
15.305600204999791,12.868,1.8363939899833053,200.33388981636057,2577.896494156928
15.315688311000486,12.876,2.003338898163606,183.63939899833053,2364.540901502504
15.325770194000143,12.868,1.8363939899833053,183.63939899833053,2363.0717863105174
15.335850467001364,12.88,2.003338898163606,200.33388981636057,2580.300500834724
15.345931128000302,12.872,1.8363939899833053,183.63939899833053,2363.806343906511
15.35601367900017,12.88,2.003338898163606,183.63939899833053,2365.2754590984973
15.366094229000737,12.872,1.8363939899833053,183.63939899833053,2363.806343906511
15.376175612000225,12.884,1.8363939899833053,200.33388981636057,2581.1018363939897
15.386256403000516,12.872,2.003338898163606,200.33388981636057,2578.697829716193
15.396337583000786,12.888,2.003338898163606,183.63939899833053,2366.744574290484
15.406418319000295,12.868,2.003338898163606,200.33388981636057,2577.896494156928
15.416508147000059,12.884,2.003338898163606,200.33388981636057,2581.1018363939897
15.426581086001534,12.872,2.003338898163606,183.63939899833053,2363.806343906511
15.436659414001042,12.876,2.003338898163606,200.33388981636057,2579.4991652754584
15.446735983001417,12.876,2.003338898163606,200.33388981636057,2579.4991652754584
15.45682257000044,12.876,2.003338898163606,200.33388981636057,2579.4991652754584
15.466902472000584,12.876,2.003338898163606,200.33388981636057,2579.4991652754584
15.47697924500062,12.876,1.8363939899833053,183.63939899833053,2364.540901502504
15.487055925001187,12.876,1.8363939899833053,200.33388981636057,2579.4991652754584
15.497132827000314,12.872,2.003338898163606,200.33388981636057,2578.697829716193
15.507208359000288,12.88,2.003338898163606,183.63939899833053,2365.2754590984973
15.517361815000186,12.876,2.003338898163606,183.63939899833053,2364.540901502504
15.527469495000332,12.876,2.003338898163606,183.63939899833053,2364.540901502504
15.537550675000602,12.876,1.8363939899833053,183.63939899833053,2364.540901502504
15.547632003001127,12.88,2.003338898163606,183.63939899833053,2365.2754590984973
15.557711238001502,12.868,2.003338898163606,200.33388981636057,2577.896494156928
15.567794122000123,12.88,1.8363939899833053,200.33388981636057,2580.300500834724
15.577874820000943,12.868,2.003338898163606,200.33388981636057,2577.896494156928
15.587957722000283,12.876,1.8363939899833053,200.33388981636057,2579.4991652754584
15.5980387540003,12.876,2.003338898163606,200.33388981636057,2579.4991652754584
15.60812136000095,12.88,1.8363939899833053,200.33388981636057,2580.300500834724
15.61821418799991,12.876,2.003338898163606,183.63939899833053,2364.540901502504
15.628291868000815,12.88,2.003338898163606,200.33388981636057,2580.300500834724
15.638368677000472,12.868,1.8363939899833053,200.33388981636057,2577.896494156928
15.648446672001228,12.884,1.8363939899833053,183.63939899833053,2366.010016694491
15.658523074000186,12.864,2.003338898163606,183.63939899833053,2362.337228714524
15.668601587000012,12.888,2.003338898163606,200.33388981636057,2581.903171953255
15.678677101001085,12.868,2.003338898163606,200.33388981636057,2577.896494156928
15.688774410000406,12.888,1.8363939899833053,183.63939899833053,2366.744574290484
15.69885086800059,12.864,2.003338898163606,183.63939899833053,2362.337228714524
15.708927454999866,12.884,1.8363939899833053,200.33388981636057,2581.1018363939897
15.719012765001025,12.868,2.003338898163606,200.33388981636057,2577.896494156928
15.72909298200102,12.888,2.003338898163606,183.63939899833053,2366.744574290484
15.73917334700127,12.864,1.8363939899833053,200.33388981636057,2577.0951585976627
15.749254341000778,12.888,2.003338898163606,183.63939899833053,2366.744574290484
15.759335262000604,12.868,2.003338898163606,200.33388981636057,2577.896494156928
15.769416442000875,12.888,1.8363939899833053,183.63939899833053,2366.744574290484
15.779497474000891,12.864,1.8363939899833053,200.33388981636057,2577.0951585976627
15.789577319999808,12.888,1.8363939899833053,200.33388981636057,2581.903171953255
15.799658574000205,12.864,2.003338898163606,200.33388981636057,2577.0951585976627
15.809739717000411,12.884,2.003338898163606,200.33388981636057,2581.1018363939897
15.819820360000449,12.868,2.003338898163606,200.33388981636057,2577.896494156928
15.829900743001417,12.888,2.003338898163606,200.33388981636057,2581.903171953255
15.839982590001455,12.868,1.8363939899833053,183.63939899833053,2363.0717863105174
15.850063140000202,12.888,2.003338898163606,200.33388981636057,2581.903171953255
15.860143560999859,12.868,2.003338898163606,200.33388981636057,2577.896494156928
15.870224074000362,12.892,2.003338898163606,200.33388981636057,2582.70450751252
15.88030371700006,12.86,2.003338898163606,183.63939899833053,2361.6026711185305
15.890383323001515,12.892,2.003338898163606,200.33388981636057,2582.70450751252
15.900463650999882,12.856,2.003338898163606,200.33388981636057,2575.4924874791313
15.910545090000596,12.896,2.003338898163606,183.63939899833053,2368.2136894824707
15.920625122000274,12.856,2.003338898163606,183.63939899833053,2360.8681135225374
15.93070435700065,12.888,2.003338898163606,200.33388981636057,2581.903171953255
15.940785685001174,12.86,1.8363939899833053,183.63939899833053,2361.6026711185305
15.950866402001338,12.888,1.8363939899833053,200.33388981636057,2581.903171953255
15.960947712001143,12.864,2.003338898163606,183.63939899833053,2362.337228714524
15.971029447000546,12.888,2.003338898163606,200.33388981636057,2581.903171953255
15.981110479000563,12.864,2.003338898163606,183.63939899833053,2362.337228714524
15.99119030700058,12.892,2.003338898163606,200.33388981636057,2582.70450751252
16.001272228000744,12.864,2.003338898163606,200.33388981636057,2577.0951585976627
16.011353722000422,12.888,2.003338898163606,200.33388981636057,2581.903171953255
16.021429032000015,12.864,2.003338898163606,200.33388981636057,2577.0951585976627
16.031509045000348,12.892,2.003338898163606,200.33388981636057,2582.70450751252
16.041588762000174,12.868,2.003338898163606,183.63939899833053,2363.0717863105174
16.051671257000635,12.884,2.003338898163606,200.33388981636057,2581.1018363939897
16.06175249199987,12.868,2.003338898163606,183.63939899833053,2363.0717863105174
16.071834727999885,12.888,2.003338898163606,200.33388981636057,2581.903171953255
16.081915908000155,12.868,2.003338898163606,200.33388981636057,2577.896494156928
16.091998216999855,12.888,2.003338898163606,200.33388981636057,2581.903171953255
16.102079305001098,12.864,2.003338898163606,200.33388981636057,2577.0951585976627
16.112159817999782,12.888,2.003338898163606,200.33388981636057,2581.903171953255
16.122240424001575,12.86,2.003338898163606,183.63939899833053,2361.6026711185305
16.132320474000153,12.892,2.003338898163606,200.33388981636057,2582.70450751252
16.142401580000296,12.864,2.003338898163606,183.63939899833053,2362.337228714524
16.152482482000778,12.884,2.003338898163606,200.33388981636057,2581.1018363939897
16.16255962500145,12.872,1.8363939899833053,183.63939899833053,2363.806343906511
16.172635378999985,12.88,2.003338898163606,183.63939899833053,2365.2754590984973
16.18271065100089,12.868,2.003338898163606,183.63939899833053,2363.0717863105174
16.19278644299993,12.884,1.8363939899833053,200.33388981636057,2581.1018363939897
16.202862030000688,12.876,2.003338898163606,183.63939899833053,2364.540901502504
16.212946154000747,12.88,2.003338898163606,200.33388981636057,2580.300500834724
16.22304063000047,12.872,2.003338898163606,200.33388981636057,2578.697829716193
16.23311745800129,12.872,2.003338898163606,200.33388981636057,2578.697829716193
16.243194009000945,12.876,2.003338898163606,183.63939899833053,2364.540901502504
16.253270226001405,12.876,2.003338898163606,200.33388981636057,2579.4991652754584
16.263347072001125,12.876,1.8363939899833053,200.33388981636057,2579.4991652754584
16.273423382001056,12.872,2.003338898163606,183.63939899833053,2363.806343906511
16.28350124700046,12.876,1.8363939899833053,200.33388981636057,2579.4991652754584
16.293572779000897,12.876,2.003338898163606,200.33388981636057,2579.4991652754584
16.303647514001568,12.88,2.003338898163606,200.33388981636057,2580.300500834724
16.313723843000844,12.88,2.003338898163606,183.63939899833053,2365.2754590984973
16.32379607800067,12.872,2.003338898163606,200.33388981636057,2578.697829716193
16.333878314000685,12.88,1.8363939899833053,200.33388981636057,2580.300500834724
16.343961938000575,12.876,2.003338898163606,183.63939899833053,2364.540901502504
16.3540432660011,12.876,2.003338898163606,200.33388981636057,2579.4991652754584
16.364125353000418,12.88,2.003338898163606,183.63939899833053,2365.2754590984973
16.374205662999884,12.872,2.003338898163606,183.63939899833053,2363.806343906511
16.384286361000704,12.88,2.003338898163606,200.33388981636057,2580.300500834724
16.394367319000594,12.868,2.003338898163606,200.33388981636057,2577.896494156928
16.404442221000863,12.884,2.003338898163606,200.33388981636057,2581.1018363939897
16.414522679000584,12.868,2.003338898163606,200.33388981636057,2577.896494156928
16.42459974800113,12.884,2.003338898163606,200.33388981636057,2581.1018363939897
16.434676502000002,12.868,2.003338898163606,183.63939899833053,2363.0717863105174
16.44474986700152,12.884,2.003338898163606,183.63939899833053,2366.010016694491
16.45483895400139,12.868,2.003338898163606,183.63939899833053,2363.0717863105174
16.464917838000474,12.888,2.003338898163606,200.33388981636057,2581.903171953255
16.474993462001294,12.864,1.8363939899833053,200.33388981636057,2577.0951585976627
16.485067142000844,12.888,2.003338898163606,200.33388981636057,2581.903171953255
16.495144267000796,12.864,2.003338898163606,200.33388981636057,2577.0951585976627
16.505220447001193,12.888,2.003338898163606,200.33388981636057,2581.903171953255
16.515295978000722,12.868,2.003338898163606,183.63939899833053,2363.0717863105174
16.5254471570006,12.88,1.8363939899833053,200.33388981636057,2580.300500834724
16.535531781000827,12.868,2.003338898163606,183.63939899833053,2363.0717863105174
16.545612739000717,12.884,2.003338898163606,200.33388981636057,2581.1018363939897
16.555697196999972,12.868,1.8363939899833053,200.33388981636057,2577.896494156928
16.565778636000687,12.884,2.003338898163606,183.63939899833053,2366.010016694491
16.575861353001528,12.864,2.003338898163606,183.63939899833053,2362.337228714524
16.585941717999958,12.888,2.003338898163606,200.33388981636057,2581.903171953255
16.59602432400061,12.86,1.8363939899833053,183.63939899833053,2361.6026711185305
16.606104948001303,12.892,2.003338898163606,183.63939899833053,2367.4791318864773
16.616185554001277,12.856,2.003338898163606,200.33388981636057,2575.4924874791313
16.626276159000554,12.892,1.8363939899833053,183.63939899833053,2367.4791318864773
16.636357450001015,12.856,2.003338898163606,200.33388981636057,2575.4924874791313
16.646438575000502,12.892,2.003338898163606,183.63939899833053,2367.4791318864773
16.65651932900073,12.864,2.003338898163606,200.33388981636057,2577.0951585976627
16.66660012000102,12.888,2.003338898163606,183.63939899833053,2366.744574290484
16.676681466000446,12.86,2.003338898163606,200.33388981636057,2576.2938230383966
16.686762201999954,12.892,1.8363939899833053,200.33388981636057,2582.70450751252
16.696842474000732,12.864,2.003338898163606,183.63939899833053,2362.337228714524
16.70692348800003,12.892,2.003338898163606,200.33388981636057,2582.70450751252
16.71700418600085,12.86,2.003338898163606,183.63939899833053,2361.6026711185305
16.727108013999896,12.888,2.003338898163606,183.63939899833053,2366.744574290484
16.73718780499985,12.856,1.8363939899833053,183.63939899833053,2360.8681135225374
16.747269133000373,12.892,2.003338898163606,200.33388981636057,2582.70450751252
16.757350035000854,12.86,2.003338898163606,200.33388981636057,2576.2938230383966
16.76743106700087,12.888,2.003338898163606,200.33388981636057,2581.903171953255
16.777511987000253,12.86,2.003338898163606,183.63939899833053,2361.6026711185305
16.787594704001094,12.888,2.003338898163606,200.33388981636057,2581.903171953255
16.79767564299982,12.864,1.8363939899833053,200.33388981636057,2577.0951585976627
16.807757860000493,12.892,2.003338898163606,200.33388981636057,2582.70450751252
16.817838447001122,12.86,2.003338898163606,183.63939899833053,2361.6026711185305
16.82794208999985,12.892,2.003338898163606,200.33388981636057,2582.70450751252
16.838023473999783,12.856,1.8363939899833053,200.33388981636057,2575.4924874791313
16.8481057830013,12.892,2.003338898163606,183.63939899833053,2367.4791318864773
16.858186556000874,12.864,2.003338898163606,200.33388981636057,2577.0951585976627
16.868267421001292,12.888,1.8363939899833053,200.33388981636057,2581.903171953255
16.878348248999828,12.868,1.8363939899833053,200.33388981636057,2577.896494156928
16.888429132000965,12.884,2.003338898163606,183.63939899833053,2366.010016694491
16.898510905000876,12.868,2.003338898163606,200.33388981636057,2577.896494156928
16.908591066001463,12.888,2.003338898163606,200.33388981636057,2581.903171953255
16.91867111600004,12.868,1.8363939899833053,200.33388981636057,2577.896494156928
16.928773481000462,12.88,2.003338898163606,183.63939899833053,2365.2754590984973
16.93885482800033,12.868,2.003338898163606,200.33388981636057,2577.896494156928
16.948934359001214,12.888,2.003338898163606,183.63939899833053,2366.744574290484
16.959015410000575,12.868,2.003338898163606,200.33388981636057,2577.896494156928
16.969095923001078,12.888,2.003338898163606,200.33388981636057,2581.903171953255
16.979176751001432,12.868,2.003338898163606,200.33388981636057,2577.896494156928
16.989256616001512,12.88,2.003338898163606,183.63939899833053,2365.2754590984973
16.999336980999942,12.872,1.8363939899833053,200.33388981636057,2578.697829716193
17.009418087000086,12.88,2.003338898163606,183.63939899833053,2365.2754590984973
17.019500582000546,12.868,2.003338898163606,183.63939899833053,2363.0717863105174
17.029591484000775,12.884,1.8363939899833053,200.33388981636057,2581.1018363939897
17.039674071000263,12.868,2.003338898163606,200.33388981636057,2577.896494156928
17.049755066000216,12.884,1.8363939899833053,200.33388981636057,2581.1018363939897
17.05983741199998,12.872,1.8363939899833053,200.33388981636057,2578.697829716193
17.069918332999805,12.884,2.003338898163606,183.63939899833053,2366.010016694491
17.080001031001302,12.876,2.003338898163606,200.33388981636057,2579.4991652754584
17.09008176700081,12.884,2.003338898163606,183.63939899833053,2366.010016694491
17.10016355800144,12.876,2.003338898163606,200.33388981636057,2579.4991652754584
17.110244126000907,12.872,2.003338898163606,200.33388981636057,2578.697829716193
17.12032478800029,12.876,2.003338898163606,183.63939899833053,2364.540901502504
17.1304262270005,12.868,2.003338898163606,200.33388981636057,2577.896494156928
17.14050751800096,12.88,2.003338898163606,183.63939899833053,2365.2754590984973
17.150588956999854,12.872,2.003338898163606,183.63939899833053,2363.806343906511
17.160670563000167,12.88,2.003338898163606,183.63939899833053,2365.2754590984973
17.170750113000395,12.876,2.003338898163606,200.33388981636057,2579.4991652754584
17.18083066300096,12.88,2.003338898163606,200.33388981636057,2580.300500834724
17.190911269000935,12.876,2.003338898163606,200.33388981636057,2579.4991652754584
17.200990542,12.88,1.8363939899833053,200.33388981636057,2580.300500834724
17.21107135100101,12.868,2.003338898163606,183.63939899833053,2363.0717863105174
17.221156049001365,12.88,2.003338898163606,200.33388981636057,2580.300500834724
17.2313130980001,12.868,1.8363939899833053,183.63939899833053,2363.0717863105174
17.241389556000286,12.88,2.003338898163606,200.33388981636057,2580.300500834724
17.251467551001042,12.872,2.003338898163606,200.33388981636057,2578.697829716193
17.261543583001185,12.88,2.003338898163606,200.33388981636057,2580.300500834724
17.271621133000735,12.872,2.003338898163606,200.33388981636057,2578.697829716193
17.28169407200039,12.884,2.003338898163606,183.63939899833053,2366.010016694491
17.291765567000766,12.872,2.003338898163606,200.33388981636057,2578.697829716193
17.30183754400059,12.888,1.8363939899833053,200.33388981636057,2581.903171953255
17.311909113001093,12.864,1.8363939899833053,200.33388981636057,2577.0951585976627
17.321981107001193,12.888,2.003338898163606,200.33388981636057,2581.903171953255
17.332051954001145,12.86,2.003338898163606,183.63939899833053,2361.6026711185305
17.3421289120015,12.892,2.003338898163606,200.33388981636057,2582.70450751252
17.35221009199995,12.856,2.003338898163606,183.63939899833053,2360.8681135225374
17.36229101200115,12.888,2.003338898163606,200.33388981636057,2581.903171953255
17.37237141500009,12.864,2.003338898163606,200.33388981636057,2577.0951585976627
17.38245133500095,12.888,2.003338898163606,183.63939899833053,2366.744574290484
17.39253299700067,12.864,2.003338898163606,183.63939899833053,2362.337228714524
17.40261299099984,12.888,1.8363939899833053,200.33388981636057,2581.903171953255
17.412693708000006,12.868,2.003338898163606,183.63939899833053,2363.0717863105174
17.42277429600108,12.892,2.003338898163606,200.33388981636057,2582.70450751252
17.432853605001583,12.864,1.8363939899833053,183.63939899833053,2362.337228714524
17.442933878000986,12.884,2.003338898163606,200.33388981636057,2581.1018363939897
17.453017576001002,12.86,2.003338898163606,200.33388981636057,2576.2938230383966
17.463101348001146,12.888,2.003338898163606,200.33388981636057,2581.903171953255
17.473181658000613,12.864,1.8363939899833053,200.33388981636057,2577.0951585976627
17.48326385600012,12.892,1.8363939899833053,200.33388981636057,2582.70450751252
17.49334499900033,12.864,2.003338898163606,200.33388981636057,2577.0951585976627
17.503424827000345,12.888,1.8363939899833053,200.33388981636057,2581.903171953255
17.51350541500142,12.864,1.8363939899833053,200.33388981636057,2577.0951585976627
17.523588391000885,12.892,1.8363939899833053,183.63939899833053,2367.4791318864773
17.533752514000298,12.86,2.003338898163606,200.33388981636057,2576.2938230383966
17.54382967499987,12.896,1.8363939899833053,183.63939899833053,2368.2136894824707
17.553905022001345,12.852,2.003338898163606,183.63939899833053,2360.133555926544
17.563982146000853,12.896,2.003338898163606,200.33388981636057,2583.505843071786
17.57405862199994,12.856,2.003338898163606,200.33388981636057,2575.4924874791313
17.584136487999785,12.892,2.003338898163606,200.33388981636057,2582.70450751252
17.594212427000457,12.86,2.003338898163606,200.33388981636057,2576.2938230383966
17.60429010700136,12.888,2.003338898163606,183.63939899833053,2366.744574290484
17.61436660199979,12.864,2.003338898163606,183.63939899833053,2362.337228714524
17.62444415200116,12.892,2.003338898163606,183.63939899833053,2367.4791318864773
17.634528461001537,12.864,2.003338898163606,200.33388981636057,2577.0951585976627
17.644610493000073,12.888,1.8363939899833053,200.33388981636057,2581.903171953255
17.65469102499992,12.864,1.8363939899833053,200.33388981636057,2577.0951585976627
17.66477194500112,12.892,1.8363939899833053,200.33388981636057,2582.70450751252
17.67485268100063,12.86,2.003338898163606,183.63939899833053,2361.6026711185305
17.684933305001323,12.892,2.003338898163606,200.33388981636057,2582.70450751252
17.69501331900028,12.864,2.003338898163606,183.63939899833053,2362.337228714524
17.705093387001398,12.888,2.003338898163606,200.33388981636057,2581.903171953255
17.715174123000907,12.868,2.003338898163606,183.63939899833053,2363.0717863105174
17.725254210001367,12.888,1.8363939899833053,200.33388981636057,2581.903171953255
17.735343890000877,12.86,2.003338898163606,200.33388981636057,2576.2938230383966
17.74542390300121,12.888,2.003338898163606,200.33388981636057,2581.903171953255
17.755506397999852,12.864,2.003338898163606,200.33388981636057,2577.0951585976627
17.765587503999996,12.888,2.003338898163606,200.33388981636057,2581.903171953255
17.775670312999864,12.86,1.8363939899833053,183.63939899833053,2361.6026711185305
17.785750808001467,12.892,2.003338898163606,183.63939899833053,2367.4791318864773
17.795833691001462,12.84,2.003338898163606,200.33388981636057,2572.2871452420695
17.805914297001436,12.868,2.003338898163606,217.02838063439066,2792.721202003339
17.815996477000226,12.848,2.003338898163606,200.33388981636057,2573.889816360601
17.826077268000518,12.868,2.003338898163606,200.33388981636057,2577.896494156928
17.83615298500081,12.852,2.003338898163606,200.33388981636057,2574.691151919866
17.84623344300053,12.864,2.003338898163606,200.33388981636057,2577.0951585976627
17.85631403000116,12.848,2.003338898163606,200.33388981636057,2573.889816360601
17.86639491400092,12.872,2.1702838063439063,200.33388981636057,2578.697829716193
17.876475353001297,12.852,2.003338898163606,183.63939899833053,2360.133555926544
17.886555885001144,12.876,2.003338898163606,200.33388981636057,2579.4991652754584
17.89663654600008,12.852,2.003338898163606,200.33388981636057,2574.691151919866
17.90671768900029,12.876,2.003338898163606,217.02838063439066,2794.457429048414
17.916797184001553,12.852,2.003338898163606,200.33388981636057,2574.691151919866
17.926877604000765,12.872,2.003338898163606,200.33388981636057,2578.697829716193
17.936957451000126,12.848,2.003338898163606,200.33388981636057,2573.889816360601
17.947037279000142,12.872,2.003338898163606,200.33388981636057,2578.697829716193
17.9571176999998,12.844,2.003338898163606,200.33388981636057,2573.088480801335
17.967198454000027,12.876,2.003338898163606,200.33388981636057,2579.4991652754584
17.97727928200038,12.848,2.003338898163606,200.33388981636057,2573.889816360601
17.98736003600061,12.876,2.003338898163606,200.33388981636057,2579.4991652754584
17.997441586001514,12.848,2.003338898163606,200.33388981636057,2573.889816360601
18.007524766000643,12.876,2.003338898163606,217.02838063439066,2794.457429048414
18.017605723000088,12.848,2.003338898163606,200.33388981636057,2573.889816360601
18.027685922001183,12.876,2.003338898163606,200.33388981636057,2579.4991652754584
18.03777812000044,12.848,2.003338898163606,200.33388981636057,2573.889816360601
18.047860800001217,12.868,2.003338898163606,217.02838063439066,2792.721202003339
18.057941758001107,12.848,2.003338898163606,200.33388981636057,2573.889816360601
18.068023919000552,12.868,2.003338898163606,217.02838063439066,2792.721202003339
18.078104358000928,12.848,2.003338898163606,217.02838063439066,2788.3806343906513
18.088185908000014,12.872,2.003338898163606,200.33388981636057,2578.697829716193
18.098266885001067,12.852,2.003338898163606,200.33388981636057,2574.691151919866
18.10834760200123,12.876,2.003338898163606,200.33388981636057,2579.4991652754584
18.118428114999915,12.848,2.003338898163606,217.02838063439066,2788.3806343906513
18.128507647001243,12.876,2.003338898163606,200.33388981636057,2579.4991652754584
18.138611289001346,12.848,2.003338898163606,200.33388981636057,2573.889816360601
18.148692153999946,12.872,2.003338898163606,200.33388981636057,2578.697829716193
18.15877309300049,12.844,2.1702838063439063,200.33388981636057,2573.088480801335
18.168853310000486,12.876,2.003338898163606,200.33388981636057,2579.4991652754584
18.178934175000904,12.844,2.1702838063439063,200.33388981636057,2573.088480801335
18.189015337000455,12.876,2.003338898163606,200.33388981636057,2579.4991652754584
18.199095441999816,12.848,1.8363939899833053,200.33388981636057,2573.889816360601
18.20917249300146,12.88,2.003338898163606,200.33388981636057,2580.300500834724
18.21925324699987,12.844,2.003338898163606,200.33388981636057,2573.088480801335
18.229337722999844,12.88,2.003338898163606,200.33388981636057,2580.300500834724
18.239525790000698,12.848,2.003338898163606,200.33388981636057,2573.889816360601
18.24960404400008,12.872,2.003338898163606,200.33388981636057,2578.697829716193
18.25968281600035,12.848,2.003338898163606,200.33388981636057,2573.889816360601
18.269759978000366,12.868,2.003338898163606,200.33388981636057,2577.896494156928
18.279838342999938,12.848,2.003338898163606,200.33388981636057,2573.889816360601
18.28991944900008,12.872,2.003338898163606,200.33388981636057,2578.697829716193
18.299997018000795,12.848,2.003338898163606,200.33388981636057,2573.889816360601
18.310069586999816,12.876,2.003338898163606,200.33388981636057,2579.4991652754584
18.320147655000255,12.848,2.003338898163606,200.33388981636057,2573.889816360601
18.33022400200025,12.876,2.003338898163606,200.33388981636057,2579.4991652754584
18.340311182000733,12.848,2.003338898163606,200.33388981636057,2573.889816360601
18.350393528000495,12.88,2.003338898163606,217.02838063439066,2795.3255425709517
18.360475875000702,12.844,2.003338898163606,200.33388981636057,2573.088480801335
18.37055337000129,12.88,2.1702838063439063,200.33388981636057,2580.300500834724
18.380634383000142,12.844,2.003338898163606,200.33388981636057,2573.088480801335
18.390722617999927,12.876,2.1702838063439063,200.33388981636057,2579.4991652754584
18.400804243001403,12.848,2.003338898163606,200.33388981636057,2573.889816360601
18.410886460000256,12.876,2.003338898163606,200.33388981636057,2579.4991652754584
18.42096778800078,12.848,2.003338898163606,200.33388981636057,2573.889816360601
18.43104876400139,12.876,2.003338898163606,200.33388981636057,2579.4991652754584
18.441140128999905,12.848,2.003338898163606,200.33388981636057,2573.889816360601
18.451217716001338,12.872,2.003338898163606,217.02838063439066,2793.5893155258764
18.461297951000233,12.848,2.003338898163606,200.33388981636057,2573.889816360601
18.47137592800027,12.872,2.1702838063439063,200.33388981636057,2578.697829716193
18.481451682000625,12.848,2.003338898163606,200.33388981636057,2573.889816360601
18.491524380000556,12.872,2.1702838063439063,200.33388981636057,2578.697829716193
18.501600986000994,12.848,2.003338898163606,200.33388981636057,2573.889816360601
18.511679518000165,12.876,2.003338898163606,200.33388981636057,2579.4991652754584
18.52175547600018,12.848,2.003338898163606,217.02838063439066,2788.3806343906513
18.53183341500153,12.88,2.003338898163606,200.33388981636057,2580.300500834724
18.541982372000348,12.848,2.003338898163606,200.33388981636057,2573.889816360601
18.552064088000407,12.88,2.003338898163606,200.33388981636057,2580.300500834724
18.562145342000804,12.84,2.003338898163606,217.02838063439066,2786.644407345576
18.572226281999974,12.88,2.003338898163606,200.33388981636057,2580.300500834724
18.58230683200054,12.844,2.003338898163606,200.33388981636057,2573.088480801335
18.592387123000663,12.88,2.003338898163606,200.33388981636057,2580.300500834724
18.602467136000996,12.844,2.003338898163606,217.02838063439066,2787.5125208681134
18.612547983000695,12.876,2.003338898163606,200.33388981636057,2579.4991652754584
18.622628663000796,12.848,2.003338898163606,200.33388981636057,2573.889816360601
18.632708435001405,12.876,2.003338898163606,200.33388981636057,2579.4991652754584
18.64279787400119,12.852,2.003338898163606,200.33388981636057,2574.691151919866
18.652874443001565,12.876,2.003338898163606,200.33388981636057,2579.4991652754584
18.66295091900065,12.844,2.003338898163606,200.33388981636057,2573.088480801335
18.673027099001047,12.872,2.003338898163606,200.33388981636057,2578.697829716193
18.683102761000555,12.844,2.003338898163606,200.33388981636057,2573.088480801335
18.693178663001163,12.876,2.003338898163606,200.33388981636057,2579.4991652754584
18.703252658000565,12.848,2.003338898163606,200.33388981636057,2573.889816360601
18.713325227001405,12.876,2.003338898163606,200.33388981636057,2579.4991652754584
18.723397796000427,12.852,2.003338898163606,200.33388981636057,2574.691151919866
18.73347162400023,12.88,2.1702838063439063,200.33388981636057,2580.300500834724
18.743544878001558,12.848,2.003338898163606,200.33388981636057,2573.889816360601
18.75362546500037,12.88,2.003338898163606,200.33388981636057,2580.300500834724
18.76370827500068,12.844,2.003338898163606,200.33388981636057,2573.088480801335
18.77378804700129,12.88,2.003338898163606,200.33388981636057,2580.300500834724
18.783870375000333,12.84,2.003338898163606,200.33388981636057,2572.2871452420695
18.79395081400071,12.88,2.003338898163606,200.33388981636057,2580.300500834724
18.80403260500134,12.844,2.003338898163606,200.33388981636057,2573.088480801335
18.81411265600036,12.88,2.003338898163606,200.33388981636057,2580.300500834724
18.82419276100154,12.848,2.003338898163606,200.33388981636057,2573.889816360601
18.83427309000035,12.876,2.003338898163606,200.33388981636057,2579.4991652754584
18.844402972001262,12.852,2.003338898163606,200.33388981636057,2574.691151919866
18.854480097001215,12.9,1.8363939899833053,200.33388981636057,2584.3071786310516
18.864557647000765,12.876,1.8363939899833053,200.33388981636057,2579.4991652754584
18.874632920000295,12.892,2.003338898163606,200.33388981636057,2582.70450751252
18.884710154999993,12.864,2.003338898163606,183.63939899833053,2362.337228714524
18.894786501999988,12.892,2.003338898163606,200.33388981636057,2582.70450751252
18.904862922001485,12.864,2.003338898163606,183.63939899833053,2362.337228714524
18.914936676999787,12.888,1.8363939899833053,200.33388981636057,2581.903171953255
18.925009357000818,12.864,2.003338898163606,200.33388981636057,2577.0951585976627
18.935085981000157,12.888,2.003338898163606,183.63939899833053,2366.744574290484
18.945167513000342,12.864,1.8363939899833053,183.63939899833053,2362.337228714524
18.95524908200059,12.888,1.8363939899833053,183.63939899833053,2366.744574290484
18.96532966900122,12.86,2.003338898163606,200.33388981636057,2576.2938230383966
18.975419108001006,12.888,1.8363939899833053,200.33388981636057,2581.903171953255
18.985500917000536,12.828,2.1702838063439063,200.33388981636057,2569.8831385642734
18.995583781999812,12.872,2.003338898163606,200.33388981636057,2578.697829716193
19.00566390700078,12.84,2.003338898163606,200.33388981636057,2572.2871452420695
19.015746031000162,12.88,2.1702838063439063,200.33388981636057,2580.300500834724
19.025824304000707,12.848,2.003338898163606,200.33388981636057,2573.889816360601
19.035900373000914,12.88,2.003338898163606,200.33388981636057,2580.300500834724
19.045988867001142,12.848,2.003338898163606,200.33388981636057,2573.889816360601
19.056065677001243,12.876,2.003338898163606,200.33388981636057,2579.4991652754584
19.06614159700075,12.848,2.003338898163606,200.33388981636057,2573.889816360601
19.076219851000133,12.872,2.003338898163606,200.33388981636057,2578.697829716193
19.08629579100125,12.848,2.003338898163606,217.02838063439066,2788.3806343906513
19.09637315600048,12.876,2.003338898163606,200.33388981636057,2579.4991652754584
19.10644905800109,12.848,2.003338898163606,200.33388981636057,2573.889816360601
19.116526294001233,12.88,2.003338898163606,200.33388981636057,2580.300500834724
19.126598974000444,12.852,2.003338898163606,200.33388981636057,2574.691151919866
19.13667606099989,12.876,1.8363939899833053,200.33388981636057,2579.4991652754584
19.14676088899978,12.848,2.003338898163606,200.33388981636057,2573.889816360601
19.15684097600024,12.876,2.003338898163606,200.33388981636057,2579.4991652754584
19.166919675000827,12.844,2.003338898163606,200.33388981636057,2573.088480801335
19.176996132000568,12.876,2.003338898163606,217.02838063439066,2794.457429048414
19.187074275001578,12.844,2.003338898163606,217.02838063439066,2787.5125208681134
19.19715069599988,12.88,2.003338898163606,200.33388981636057,2580.300500834724
19.207226932001504,12.84,2.003338898163606,200.33388981636057,2572.2871452420695
19.217303445000653,12.88,2.003338898163606,200.33388981636057,2580.300500834724
19.227380366000943,12.844,2.003338898163606,200.33388981636057,2573.088480801335
19.237456638000367,12.88,2.003338898163606,200.33388981636057,2580.300500834724
19.247553892000724,12.844,2.003338898163606,200.33388981636057,2573.088480801335
19.257630516000063,12.88,2.1702838063439063,200.33388981636057,2580.300500834724
19.267708141000185,12.848,2.003338898163606,200.33388981636057,2573.889816360601
19.277781542999946,12.872,2.003338898163606,200.33388981636057,2578.697829716193
19.287858149000385,12.848,2.1702838063439063,200.33388981636057,2573.889816360601
19.297931439999957,12.876,2.003338898163606,200.33388981636057,2579.4991652754584
19.308008101001178,12.844,2.003338898163606,200.33388981636057,2573.088480801335
19.318083615000432,12.88,2.003338898163606,200.33388981636057,2580.300500834724
19.32816101700155,12.848,2.003338898163606,217.02838063439066,2788.3806343906513
19.338237048999872,12.88,2.003338898163606,200.33388981636057,2580.300500834724
19.348321932000545,12.848,2.003338898163606,217.02838063439066,2788.3806343906513
19.358402556999863,12.88,2.003338898163606,200.33388981636057,2580.300500834724
19.368481958999837,12.844,2.003338898163606,200.33388981636057,2573.088480801335
19.37856206500146,12.876,2.003338898163606,217.02838063439066,2794.457429048414
19.38864274500156,12.844,2.003338898163606,200.33388981636057,2573.088480801335
19.398720110000795,12.876,2.003338898163606,200.33388981636057,2579.4991652754584
19.408800807999796,12.848,2.003338898163606,200.33388981636057,2573.889816360601
19.41888080300123,12.88,2.1702838063439063,200.33388981636057,2580.300500834724
19.428960020000886,12.844,2.003338898163606,200.33388981636057,2573.088480801335
19.439039237000543,12.88,2.003338898163606,200.33388981636057,2580.300500834724
19.44912899100018,12.844,2.003338898163606,200.33388981636057,2573.088480801335
19.459212077999837,12.876,2.003338898163606,200.33388981636057,2579.4991652754584
19.46928877600112,12.848,2.003338898163606,200.33388981636057,2573.889816360601
19.479371864001223,12.872,2.003338898163606,200.33388981636057,2578.697829716193
19.489448840000478,12.852,2.003338898163606,217.02838063439066,2789.2487479131887
19.49952729800134,12.872,2.1702838063439063,200.33388981636057,2578.697829716193
19.509603718001017,12.844,2.1702838063439063,200.33388981636057,2573.088480801335
19.51968460200078,12.876,2.003338898163606,200.33388981636057,2579.4991652754584
19.5297583749998,12.848,2.003338898163606,200.33388981636057,2573.889816360601
19.53983329500079,12.876,2.003338898163606,200.33388981636057,2579.4991652754584
19.549941475001106,12.848,2.003338898163606,200.33388981636057,2573.889816360601
19.560014229000444,12.876,2.003338898163606,200.33388981636057,2579.4991652754584
19.570087687001433,12.848,2.003338898163606,200.33388981636057,2573.889816360601
19.580166441000983,12.876,2.003338898163606,200.33388981636057,2579.4991652754584
19.59023969500049,12.844,2.1702838063439063,200.33388981636057,2573.088480801335
19.600313041000845,12.876,2.003338898163606,217.02838063439066,2794.457429048414
19.61038564699993,12.844,2.003338898163606,200.33388981636057,2573.088480801335
19.620464327001173,12.88,2.003338898163606,200.33388981636057,2580.300500834724
19.630539730000237,12.844,2.003338898163606,217.02838063439066,2787.5125208681134
19.640617390999978,12.88,2.003338898163606,200.33388981636057,2580.300500834724
19.65070133000154,12.844,2.003338898163606,200.33388981636057,2573.088480801335
19.660782472999927,12.88,2.003338898163606,200.33388981636057,2580.300500834724
19.670863023000493,12.852,2.003338898163606,200.33388981636057,2574.691151919866
19.680943092000234,12.872,2.003338898163606,200.33388981636057,2578.697829716193
19.691023160999976,12.852,2.003338898163606,200.33388981636057,2574.691151919866
19.70110400700105,12.868,2.003338898163606,200.33388981636057,2577.896494156928
19.711184484000114,12.852,2.003338898163606,200.33388981636057,2574.691151919866
19.72126455200123,12.872,2.1702838063439063,200.33388981636057,2578.697829716193
19.731342324999787,12.852,2.003338898163606,200.33388981636057,2574.691151919866
19.741422967999824,12.876,2.1702838063439063,200.33388981636057,2579.4991652754584
19.7514659260014,12.848,2.003338898163606,200.33388981636057,2573.889816360601
19.761542347001523,12.88,2.003338898163606,200.33388981636057,2580.300500834724
19.771620397001243,12.852,2.1702838063439063,200.33388981636057,2574.691151919866
19.781695911000497,12.876,2.003338898163606,200.33388981636057,2579.4991652754584
19.791773442000704,12.848,2.003338898163606,200.33388981636057,2573.889816360601
19.801849030000085,12.876,2.003338898163606,200.33388981636057,2579.4991652754584
19.81192622800154,12.852,2.003338898163606,200.33388981636057,2574.691151919866
19.822002779001195,12.876,2.003338898163606,200.33388981636057,2579.4991652754584
19.83208058800119,12.844,2.003338898163606,200.33388981636057,2573.088480801335
19.842156398000952,12.876,2.003338898163606,200.33388981636057,2579.4991652754584
19.85224252199987,12.848,2.003338898163606,200.33388981636057,2573.889816360601
19.862323887000457,12.876,2.003338898163606,200.33388981636057,2579.4991652754584
19.872404252000706,12.848,2.003338898163606,200.33388981636057,2573.889816360601
19.882484691001082,12.872,2.1702838063439063,200.33388981636057,2578.697829716193
19.8925645190011,12.852,2.003338898163606,200.33388981636057,2574.691151919866
19.90264431000105,12.868,2.003338898163606,200.33388981636057,2577.896494156928
19.912722101000327,12.852,2.1702838063439063,200.33388981636057,2574.691151919866
19.922798985000554,12.872,2.003338898163606,200.33388981636057,2578.697829716193
19.93287920200055,12.852,2.003338898163606,200.33388981636057,2574.691151919866
19.94295943799989,12.872,2.003338898163606,217.02838063439066,2793.5893155258764
19.9530493580005,12.848,2.003338898163606,200.33388981636057,2573.889816360601
19.96312640799988,12.876,2.003338898163606,200.33388981636057,2579.4991652754584
19.973202162000234,12.848,2.003338898163606,200.33388981636057,2573.889816360601
19.983277639001244,12.876,2.003338898163606,200.33388981636057,2579.4991652754584
19.99335320800128,12.844,2.003338898163606,200.33388981636057,2573.088480801335
20.00342912800079,12.876,2.003338898163606,200.33388981636057,2579.4991652754584
20.0135046230007,12.848,2.003338898163606,200.33388981636057,2573.889816360601
20.02358224800082,12.872,2.003338898163606,200.33388981636057,2578.697829716193
20.03365789000054,12.848,2.003338898163606,200.33388981636057,2573.889816360601
20.043735756000387,12.876,2.003338898163606,200.33388981636057,2579.4991652754584
20.053853546000028,12.848,2.003338898163606,200.33388981636057,2573.889816360601
20.063936837001165,12.876,2.003338898163606,200.33388981636057,2579.4991652754584
20.07401714700063,12.848,2.1702838063439063,200.33388981636057,2573.889816360601
20.084099289000733,12.872,2.003338898163606,200.33388981636057,2578.697829716193
20.094179413999882,12.848,2.003338898163606,200.33388981636057,2573.889816360601
20.10426000100051,12.868,2.003338898163606,217.02838063439066,2792.721202003339
20.11433812500036,12.852,2.003338898163606,200.33388981636057,2574.691151919866
20.124416305001432,12.868,2.003338898163606,200.33388981636057,2577.896494156928
20.13449296700128,12.856,2.003338898163606,200.33388981636057,2575.4924874791313
20.144570536000174,12.872,2.003338898163606,200.33388981636057,2578.697829716193
20.15465686400057,12.856,2.003338898163606,200.33388981636057,2575.4924874791313
20.164731266000672,12.876,2.003338898163606,200.33388981636057,2579.4991652754584
20.174804279000455,12.848,2.003338898163606,200.33388981636057,2573.889816360601
20.184881144001338,12.872,2.003338898163606,200.33388981636057,2578.697829716193
20.194955491000655,12.848,2.003338898163606,200.33388981636057,2573.889816360601
20.205028041000332,12.876,2.1702838063439063,200.33388981636057,2579.4991652754584
20.215103739999904,12.852,2.003338898163606,183.63939899833053,2360.133555926544
20.225180679000914,12.876,2.003338898163606,200.33388981636057,2579.4991652754584
20.235256785001184,12.856,2.1702838063439063,200.33388981636057,2575.4924874791313
20.24533235400122,12.872,2.003338898163606,200.33388981636057,2578.697829716193
20.25550708800074,12.856,2.003338898163606,200.33388981636057,2575.4924874791313
20.265590434000842,12.872,2.003338898163606,200.33388981636057,2578.697829716193
20.275672559000668,12.86,2.1702838063439063,200.33388981636057,2576.2938230383966
20.285754516000452,12.872,2.003338898163606,200.33388981636057,2578.697829716193
20.29583951099994,12.852,2.003338898163606,200.33388981636057,2574.691151919866
20.30591926499983,12.868,2.1702838063439063,200.33388981636057,2577.896494156928
20.31600216700099,12.852,2.003338898163606,200.33388981636057,2574.691151919866
20.32607788400128,12.868,2.003338898163606,200.33388981636057,2577.896494156928
20.336159934000534,12.86,2.003338898163606,200.33388981636057,2576.2938230383966
20.346241651001037,12.872,2.003338898163606,200.33388981636057,2578.697829716193
20.35632346100101,12.86,2.003338898163606,183.63939899833053,2361.6026711185305
20.3663997700005,12.872,2.003338898163606,200.33388981636057,2578.697829716193
20.376477802001318,12.852,2.003338898163606,200.33388981636057,2574.691151919866
20.38655450100123,12.872,2.003338898163606,200.33388981636057,2578.697829716193
20.39663490300154,12.848,2.003338898163606,200.33388981636057,2573.889816360601
20.40671173100054,12.872,2.003338898163606,200.33388981636057,2578.697829716193
20.416785966001044,12.848,2.003338898163606,200.33388981636057,2573.889816360601
20.426863886999854,12.876,1.8363939899833053,217.02838063439066,2794.457429048414
20.436941363001097,12.856,2.003338898163606,200.33388981636057,2575.4924874791313
20.447018062001007,12.872,2.003338898163606,200.33388981636057,2578.697829716193
20.457118890000856,12.856,2.003338898163606,200.33388981636057,2575.4924874791313
20.467205162000027,12.868,2.003338898163606,200.33388981636057,2577.896494156928
20.477287675001207,12.864,2.003338898163606,200.33388981636057,2577.0951585976627
20.48736937400099,12.868,2.003338898163606,200.33388981636057,2577.896494156928
20.497451720000754,12.86,2.003338898163606,200.33388981636057,2576.2938230383966
20.50753495600111,12.864,2.1702838063439063,217.02838063439066,2791.8530884808015
20.51761545000045,12.856,2.1702838063439063,200.33388981636057,2575.4924874791313
20.52770070400038,12.868,2.003338898163606,200.33388981636057,2577.896494156928
20.537782236000567,12.86,2.003338898163606,200.33388981636057,2576.2938230383966
20.54786556399995,12.864,2.003338898163606,200.33388981636057,2577.0951585976627
20.558016372000566,12.86,2.003338898163606,200.33388981636057,2576.2938230383966
20.56809486700149,12.868,2.003338898163606,200.33388981636057,2577.896494156928
20.578172047000407,12.86,2.003338898163606,200.33388981636057,2576.2938230383966
20.588250337999852,12.868,2.003338898163606,200.33388981636057,2577.896494156928
20.59832746200118,12.856,2.003338898163606,200.33388981636057,2575.4924874791313
20.608405345999927,12.868,2.003338898163606,200.33388981636057,2577.896494156928
20.61848221100081,12.848,2.003338898163606,200.33388981636057,2573.889816360601
20.628560058001312,12.868,2.003338898163606,200.33388981636057,2577.896494156928
20.63863634900008,12.852,2.003338898163606,200.33388981636057,2574.691151919866
20.648713825001323,12.868,2.003338898163606,200.33388981636057,2577.896494156928
20.65879870900062,12.86,2.003338898163606,200.33388981636057,2576.2938230383966
20.668880852001166,12.864,2.003338898163606,200.33388981636057,2577.0951585976627
20.67896258700057,12.864,2.003338898163606,200.33388981636057,2577.0951585976627
20.68904415600082,12.864,2.003338898163606,200.33388981636057,2577.0951585976627
20.699125002000073,12.864,2.003338898163606,200.33388981636057,2577.0951585976627
20.70920653400026,12.86,2.003338898163606,200.33388981636057,2576.2938230383966
20.719288010001037,12.864,2.003338898163606,200.33388981636057,2577.0951585976627
20.729367449001074,12.864,2.003338898163606,200.33388981636057,2577.0951585976627
20.739476481001475,12.86,2.003338898163606,200.33388981636057,2576.2938230383966
20.749558475001322,12.864,2.003338898163606,200.33388981636057,2577.0951585976627
20.75964043300155,12.856,2.003338898163606,200.33388981636057,2575.4924874791313
20.769717391000086,12.864,2.1702838063439063,200.33388981636057,2577.0951585976627
20.779801219001456,12.86,2.1702838063439063,200.33388981636057,2576.2938230383966
20.789881546999823,12.864,2.003338898163606,200.33388981636057,2577.0951585976627
20.799964929999987,12.856,2.003338898163606,200.33388981636057,2575.4924874791313
20.810045962000004,12.86,2.003338898163606,200.33388981636057,2576.2938230383966
20.820128661000126,12.86,2.003338898163606,200.33388981636057,2576.2938230383966
20.830208729001242,12.864,2.003338898163606,200.33388981636057,2577.0951585976627
20.840289724001195,12.864,2.003338898163606,200.33388981636057,2577.0951585976627
20.850371034001,12.868,2.003338898163606,200.33388981636057,2577.896494156928
20.86046317600085,12.856,2.003338898163606,217.02838063439066,2790.116861435726
20.870543801000167,12.864,2.003338898163606,200.33388981636057,2577.0951585976627
20.88062553600139,12.86,2.003338898163606,217.02838063439066,2790.9849749582636
20.890706642001533,12.864,2.003338898163606,200.33388981636057,2577.0951585976627
20.90078747000007,12.864,2.003338898163606,200.33388981636057,2577.0951585976627
20.910869057001037,12.86,2.1702838063439063,200.33388981636057,2576.2938230383966
20.920948756000143,12.868,2.003338898163606,200.33388981636057,2577.896494156928
20.931029362000118,12.86,2.003338898163606,200.33388981636057,2576.2938230383966
20.941110634001234,12.868,2.003338898163606,200.33388981636057,2577.896494156928
20.951191887999812,12.86,2.003338898163606,200.33388981636057,2576.2938230383966
20.961273105000146,12.86,2.003338898163606,200.33388981636057,2576.2938230383966
20.971354507000797,12.86,2.003338898163606,200.33388981636057,2576.2938230383966
20.981435446001342,12.856,2.003338898163606,200.33388981636057,2575.4924874791313
20.991518145001464,12.86,2.1702838063439063,200.33388981636057,2576.2938230383966
21.00159882400112,12.86,2.003338898163606,217.02838063439066,2790.9849749582636
21.011681429999953,12.86,2.003338898163606,200.33388981636057,2576.2938230383966
21.02176218400018,12.86,2.003338898163606,200.33388981636057,2576.2938230383966
21.031844531000388,12.86,2.003338898163606,200.33388981636057,2576.2938230383966
21.041925174000426,12.868,2.1702838063439063,200.33388981636057,2577.896494156928
21.05200700200112,12.86,2.003338898163606,200.33388981636057,2576.2938230383966
21.062111663000906,12.872,2.003338898163606,217.02838063439066,2793.5893155258764
21.072193583000626,12.86,2.003338898163606,200.33388981636057,2576.2938230383966
21.082275134000156,12.864,2.003338898163606,200.33388981636057,2577.0951585976627
21.09235596200051,12.86,2.1702838063439063,217.02838063439066,2790.9849749582636
21.102436993000083,12.864,2.003338898163606,200.33388981636057,2577.0951585976627
21.112517581001157,12.852,2.003338898163606,200.33388981636057,2574.691151919866
21.122598261001258,12.868,2.003338898163606,200.33388981636057,2577.896494156928
21.132678866000788,12.852,2.1702838063439063,200.33388981636057,2574.691151919866
21.142759509000825,12.872,2.003338898163606,217.02838063439066,2793.5893155258764
21.15284050400078,12.856,2.003338898163606,200.33388981636057,2575.4924874791313
21.16294448000008,12.872,2.003338898163606,200.33388981636057,2578.697829716193
21.17302454899982,12.856,2.003338898163606,200.33388981636057,2575.4924874791313
21.18310552500043,12.864,2.003338898163606,200.33388981636057,2577.0951585976627
21.193187594000847,12.856,2.003338898163606,200.33388981636057,2575.4924874791313
21.20326801400006,12.868,2.1702838063439063,200.33388981636057,2577.896494156928
21.21335121300035,12.856,2.003338898163606,200.33388981636057,2575.4924874791313
21.223430689000452,12.864,2.003338898163606,200.33388981636057,2577.0951585976627
21.23351205400104,12.856,2.003338898163606,200.33388981636057,2575.4924874791313
21.243592771001204,12.868,2.003338898163606,200.33388981636057,2577.896494156928
21.253674395000417,12.856,2.003338898163606,200.33388981636057,2575.4924874791313
21.26384249900002,12.872,2.003338898163606,200.33388981636057,2578.697829716193
21.273919568000565,12.856,2.003338898163606,200.33388981636057,2575.4924874791313
21.283992841001236,12.868,2.003338898163606,200.33388981636057,2577.896494156928
21.294069132000004,12.856,2.003338898163606,200.33388981636057,2575.4924874791313
21.304148496999915,12.868,2.1702838063439063,217.02838063439066,2792.721202003339
21.314220992000628,12.852,2.003338898163606,200.33388981636057,2574.691151919866
21.32429730200056,12.872,2.003338898163606,200.33388981636057,2578.697829716193
21.334374314999877,12.848,2.003338898163606,200.33388981636057,2573.889816360601
21.344452032000845,12.872,2.003338898163606,200.33388981636057,2578.697829716193
21.354528582000057,12.852,2.003338898163606,200.33388981636057,2574.691151919866
21.3646149289998,12.876,2.003338898163606,217.02838063439066,2794.457429048414
21.37469612700079,12.852,2.003338898163606,200.33388981636057,2574.691151919866
21.384777066001334,12.876,2.003338898163606,200.33388981636057,2579.4991652754584
21.394866339000146,12.852,2.003338898163606,200.33388981636057,2574.691151919866
21.404948630000945,12.876,2.003338898163606,200.33388981636057,2579.4991652754584
21.415029661000517,12.856,2.003338898163606,200.33388981636057,2575.4924874791313
21.425110971000322,12.864,2.003338898163606,217.02838063439066,2791.8530884808015
21.43519283600108,12.856,2.003338898163606,217.02838063439066,2790.116861435726
21.445268108000164,12.868,2.003338898163606,200.33388981636057,2577.896494156928
21.455377342999782,12.856,2.003338898163606,200.33388981636057,2575.4924874791313
21.465546318000634,12.872,2.003338898163606,200.33388981636057,2578.697829716193
21.475632479001433,12.852,2.003338898163606,200.33388981636057,2574.691151919866
21.485710271001153,12.876,2.003338898163606,200.33388981636057,2579.4991652754584
21.495788764999816,12.852,2.1702838063439063,200.33388981636057,2574.691151919866
21.505866482000783,12.872,2.003338898163606,200.33388981636057,2578.697829716193
21.51594690300044,12.848,2.003338898163606,200.33388981636057,2573.889816360601
21.526023916001577,12.872,2.003338898163606,200.33388981636057,2578.697829716193
21.536101911000515,12.848,2.003338898163606,200.33388981636057,2573.889816360601
21.546178239001165,12.872,2.003338898163606,200.33388981636057,2578.697829716193
21.55625625200082,12.852,2.003338898163606,200.33388981636057,2574.691151919866
21.566386135000357,12.876,2.003338898163606,200.33388981636057,2579.4991652754584
21.576467704000606,12.852,2.003338898163606,200.33388981636057,2574.691151919866
21.586548625000432,12.876,2.003338898163606,200.33388981636057,2579.4991652754584
21.59662910100087,12.852,2.003338898163606,200.33388981636057,2574.691151919866
21.60670996600129,12.876,2.003338898163606,200.33388981636057,2579.4991652754584
21.616791312000714,12.852,2.003338898163606,200.33388981636057,2574.691151919866
21.62687264000124,12.876,2.003338898163606,200.33388981636057,2579.4991652754584
21.63695374600138,12.852,2.003338898163606,200.33388981636057,2574.691151919866
21.64703361100146,12.868,2.003338898163606,200.33388981636057,2577.896494156928
21.657114790999913,12.852,2.003338898163606,200.33388981636057,2574.691151919866
21.66720667500158,12.872,2.003338898163606,200.33388981636057,2578.697829716193
21.67728433600132,12.852,2.003338898163606,200.33388981636057,2574.691151919866
21.687360498001,12.876,2.003338898163606,200.33388981636057,2579.4991652754584
21.697437288999936,12.852,2.003338898163606,200.33388981636057,2574.691151919866
21.707515895001052,12.88,2.003338898163606,200.33388981636057,2580.300500834724
21.717592259999947,12.848,2.003338898163606,200.33388981636057,2573.889816360601
21.72766884700104,12.876,2.003338898163606,217.02838063439066,2794.457429048414
21.73774474899983,12.844,2.003338898163606,217.02838063439066,2787.5125208681134
21.747822485000142,12.872,2.003338898163606,200.33388981636057,2578.697829716193
21.75789940499999,12.852,2.1702838063439063,200.33388981636057,2574.691151919866
21.767985678001423,12.872,2.003338898163606,200.33388981636057,2578.697829716193
21.778066154000044,12.852,2.003338898163606,217.02838063439066,2789.2487479131887
21.78817324100055,12.876,2.003338898163606,200.33388981636057,2579.4991652754584
21.798249532001137,12.852,2.003338898163606,200.33388981636057,2574.691151919866
21.8083302490013,12.88,2.003338898163606,200.33388981636057,2580.300500834724
21.81841102100043,12.848,2.1702838063439063,200.33388981636057,2573.889816360601
21.828492127000573,12.876,2.003338898163606,200.33388981636057,2579.4991652754584
21.83857186300156,12.848,2.1702838063439063,200.33388981636057,2573.889816360601
21.84865191300014,12.88,2.003338898163606,200.33388981636057,2580.300500834724
21.85873138900024,12.852,2.003338898163606,200.33388981636057,2574.691151919866
21.86882240200066,12.872,2.003338898163606,200.33388981636057,2578.697829716193
21.878901175001374,12.852,2.003338898163606,200.33388981636057,2574.691151919866
21.888977669999804,12.876,2.003338898163606,200.33388981636057,2579.4991652754584
21.899053738001385,12.848,2.003338898163606,200.33388981636057,2573.889816360601
21.90913019600157,12.88,2.003338898163606,200.33388981636057,2580.300500834724
21.91920437600129,12.848,2.003338898163606,200.33388981636057,2573.889816360601
21.92928079700141,12.88,2.003338898163606,200.33388981636057,2580.300500834724
21.939355014001194,12.844,2.003338898163606,200.33388981636057,2573.088480801335
21.94943178700123,12.876,2.003338898163606,200.33388981636057,2579.4991652754584
21.959461616001136,12.848,2.003338898163606,200.33388981636057,2573.889816360601
21.96954631400149,12.876,2.003338898163606,200.33388981636057,2579.4991652754584
21.979629401001148,12.848,2.003338898163606,200.33388981636057,2573.889816360601
21.989710544001355,12.876,2.003338898163606,200.33388981636057,2579.4991652754584
21.999792909000462,12.848,2.003338898163606,200.33388981636057,2573.889816360601
22.009873033000986,12.88,2.003338898163606,200.33388981636057,2580.300500834724
22.019954973000495,12.848,2.003338898163606,200.33388981636057,2573.889816360601
22.030033523000384,12.872,2.003338898163606,200.33388981636057,2578.697829716193
22.040109962001225,12.844,2.003338898163606,200.33388981636057,2573.088480801335
22.05018703099995,12.876,2.003338898163606,200.33388981636057,2579.4991652754584
22.0602684330006,12.848,2.003338898163606,200.33388981636057,2573.889816360601
22.070355668000047,12.88,2.003338898163606,200.33388981636057,2580.300500834724
22.08043249700131,12.848,2.003338898163606,200.33388981636057,2573.889816360601
22.090508176001094,12.872,2.003338898163606,200.33388981636057,2578.697829716193
22.100585912001407,12.848,2.003338898163606,200.33388981636057,2573.889816360601
22.110661907001486,12.88,2.003338898163606,200.33388981636057,2580.300500834724
22.120739420000973,12.848,2.003338898163606,200.33388981636057,2573.889816360601
22.13081256300029,12.88,2.003338898163606,200.33388981636057,2580.300500834724
22.140889354001047,12.84,2.003338898163606,200.33388981636057,2572.2871452420695
22.150965275001,12.88,2.003338898163606,200.33388981636057,2580.300500834724
22.16104139900017,12.844,2.003338898163606,200.33388981636057,2573.088480801335
22.171116319999783,12.876,2.1702838063439063,200.33388981636057,2579.4991652754584
22.18119431500054,12.844,2.003338898163606,200.33388981636057,2573.088480801335
22.191263921000427,12.876,2.003338898163606,200.33388981636057,2579.4991652754584
22.201341101001162,12.848,2.003338898163606,200.33388981636057,2573.889816360601
22.211422096001115,12.876,2.003338898163606,217.02838063439066,2794.457429048414
22.22150305300056,12.848,2.003338898163606,200.33388981636057,2573.889816360601
22.23158006599988,12.876,2.003338898163606,200.33388981636057,2579.4991652754584
22.24166104300093,12.844,2.003338898163606,200.33388981636057,2573.088480801335
22.251737686001434,12.876,2.003338898163606,200.33388981636057,2579.4991652754584
22.261818606000816,12.844,2.003338898163606,200.33388981636057,2573.088480801335
22.271952785000394,12.876,2.1702838063439063,200.33388981636057,2579.4991652754584
22.28202896500079,12.848,2.003338898163606,200.33388981636057,2573.889816360601
22.292106127000807,12.876,2.003338898163606,200.33388981636057,2579.4991652754584
22.30218267700002,12.848,2.003338898163606,200.33388981636057,2573.889816360601
22.312258468000437,12.876,2.003338898163606,200.33388981636057,2579.4991652754584
22.322334407001108,12.848,2.003338898163606,200.33388981636057,2573.889816360601
22.332412495001336,12.88,2.003338898163606,217.02838063439066,2795.3255425709517
22.342483545000505,12.84,2.1702838063439063,200.33388981636057,2572.2871452420695
22.352561151001282,12.88,2.003338898163606,200.33388981636057,2580.300500834724
22.362636904999817,12.84,2.003338898163606,200.33388981636057,2572.2871452420695
22.372723659000258,12.88,2.003338898163606,200.33388981636057,2580.300500834724
22.382804524000676,12.844,2.003338898163606,200.33388981636057,2573.088480801335
22.392882852000184,12.88,2.003338898163606,200.33388981636057,2580.300500834724
22.402959162000116,12.848,2.003338898163606,200.33388981636057,2573.889816360601
22.41303950800102,12.876,2.003338898163606,200.33388981636057,2579.4991652754584
22.423119392000444,12.852,2.003338898163606,200.33388981636057,2574.691151919866
22.433199535000313,12.872,2.003338898163606,217.02838063439066,2793.5893155258764
22.443280030000096,12.852,2.1702838063439063,200.33388981636057,2574.691151919866
22.453365172001213,12.872,2.003338898163606,200.33388981636057,2578.697829716193
22.463481628999943,12.848,2.003338898163606,200.33388981636057,2573.889816360601
22.473562106000827,12.88,2.003338898163606,200.33388981636057,2580.300500834724
22.483641360000547,12.848,2.003338898163606,217.02838063439066,2788.3806343906513
22.493714947000626,12.876,2.003338898163606,200.33388981636057,2579.4991652754584
22.503792201001488,12.852,2.003338898163606,200.33388981636057,2574.691151919866
22.51386597400051,12.876,2.003338898163606,200.33388981636057,2579.4991652754584
22.52394280200133,12.852,2.003338898163606,200.33388981636057,2574.691151919866
22.534019185000943,12.876,2.003338898163606,200.33388981636057,2579.4991652754584
22.544097477000832,12.844,2.003338898163606,200.33388981636057,2573.088480801335
22.55417317499996,12.88,2.003338898163606,200.33388981636057,2580.300500834724
22.564250559000357,12.84,2.1702838063439063,200.33388981636057,2572.2871452420695
22.574378164001246,12.88,2.003338898163606,200.33388981636057,2580.300500834724
22.5844614180005,12.848,2.003338898163606,200.33388981636057,2573.889816360601
22.594541449001554,12.88,2.003338898163606,200.33388981636057,2580.300500834724
22.6046219810014,12.848,2.003338898163606,200.33388981636057,2573.889816360601
22.614702494000085,12.88,2.1702838063439063,217.02838063439066,2795.3255425709517
22.62478271100008,12.852,2.003338898163606,200.33388981636057,2574.691151919866
22.634863317000054,12.876,2.003338898163606,200.33388981636057,2579.4991652754584
22.64494362700134,12.852,2.003338898163606,200.33388981636057,2574.691151919866
22.655019899000763,12.868,2.003338898163606,200.33388981636057,2577.896494156928
22.665100357000483,12.856,2.003338898163606,183.63939899833053,2360.8681135225374
22.675187111000923,12.876,2.003338898163606,200.33388981636057,2579.4991652754584
22.685260180000114,12.848,2.003338898163606,200.33388981636057,2573.889816360601
22.695336063001378,12.876,2.003338898163606,200.33388981636057,2579.4991652754584
22.70541237300131,12.848,2.003338898163606,200.33388981636057,2573.889816360601
22.715490646000035,12.876,2.003338898163606,200.33388981636057,2579.4991652754584
22.725574474001405,12.852,2.003338898163606,217.02838063439066,2789.2487479131887
22.735647339000934,12.872,2.003338898163606,200.33388981636057,2578.697829716193
22.745723611000358,12.848,2.003338898163606,200.33388981636057,2573.889816360601
22.755801032000818,12.876,2.003338898163606,200.33388981636057,2579.4991652754584
22.765877101001024,12.844,2.003338898163606,200.33388981636057,2573.088480801335
22.7759498180003,12.876,2.003338898163606,200.33388981636057,2579.4991652754584
22.786026572000992,12.844,2.003338898163606,200.33388981636057,2573.088480801335
22.796103419001156,12.876,2.003338898163606,200.33388981636057,2579.4991652754584
22.80618395000056,12.844,2.003338898163606,200.33388981636057,2573.088480801335
22.81626096400032,12.876,2.003338898163606,200.33388981636057,2579.4991652754584
22.826342699001543,12.852,2.003338898163606,200.33388981636057,2574.691151919866
22.836419731000206,12.876,2.003338898163606,200.33388981636057,2579.4991652754584
22.84649587400054,12.852,2.003338898163606,200.33388981636057,2574.691151919866
22.85657342400009,12.868,2.003338898163606,200.33388981636057,2577.896494156928
22.8666539750011,12.856,2.003338898163606,200.33388981636057,2575.4924874791313
22.876744746999975,12.872,2.1702838063439063,200.33388981636057,2578.697829716193
22.886821168000097,12.848,2.003338898163606,200.33388981636057,2573.889816360601
22.89689731100043,12.876,2.003338898163606,200.33388981636057,2579.4991652754584
22.906973805000234,12.852,2.003338898163606,200.33388981636057,2574.691151919866
22.917046967000715,12.876,2.003338898163606,200.33388981636057,2579.4991652754584
22.927119536001555,12.852,2.003338898163606,200.33388981636057,2574.691151919866
22.93719388200043,12.876,2.003338898163606,200.33388981636057,2579.4991652754584
22.947266785000465,12.848,2.003338898163606,200.33388981636057,2573.889816360601
22.957342742000037,12.872,2.1702838063439063,200.33388981636057,2578.697829716193
22.96742008900037,12.852,2.003338898163606,200.33388981636057,2574.691151919866
22.977502917001402,12.876,2.003338898163606,200.33388981636057,2579.4991652754584
22.98758018999979,12.852,2.003338898163606,200.33388981636057,2574.691151919866
22.997657536001498,12.876,2.003338898163606,200.33388981636057,2579.4991652754584
23.007734605000223,12.848,2.003338898163606,200.33388981636057,2573.889816360601
23.017812767000578,12.88,1.8363939899833053,200.33388981636057,2580.300500834724
23.027888854001503,12.848,2.003338898163606,200.33388981636057,2573.889816360601
23.037965663999785,12.872,2.003338898163606,200.33388981636057,2578.697829716193
23.048042621001514,12.856,2.003338898163606,200.33388981636057,2575.4924874791313
23.05811887500022,12.868,2.003338898163606,200.33388981636057,2577.896494156928
23.068199574001483,12.856,2.003338898163606,200.33388981636057,2575.4924874791313
23.078291031000845,12.872,2.003338898163606,200.33388981636057,2578.697829716193
23.0883675820005,12.852,2.003338898163606,200.33388981636057,2574.691151919866
23.09844409500147,12.876,2.003338898163606,200.33388981636057,2579.4991652754584
23.108522386000914,12.852,2.003338898163606,200.33388981636057,2574.691151919866
23.118598029001078,12.876,2.003338898163606,217.02838063439066,2794.457429048414
23.128670783000416,12.852,2.003338898163606,200.33388981636057,2574.691151919866
23.138743537001574,12.872,2.003338898163606,200.33388981636057,2578.697829716193
23.148829180001485,12.852,2.003338898163606,200.33388981636057,2574.691151919866
23.15890880400002,12.872,2.003338898163606,200.33388981636057,2578.697829716193
23.168983020999804,12.852,2.003338898163606,200.33388981636057,2574.691151919866
23.17908684900067,12.872,2.003338898163606,200.33388981636057,2578.697829716193
23.189163585000642,12.848,2.003338898163606,217.02838063439066,2788.3806343906513
23.199237153001377,12.876,2.003338898163606,217.02838063439066,2794.457429048414
23.209314315001393,12.848,2.003338898163606,217.02838063439066,2788.3806343906513
23.219391458000246,12.876,2.003338898163606,200.33388981636057,2579.4991652754584
23.229465248999986,12.852,2.003338898163606,200.33388981636057,2574.691151919866
23.23954139200032,12.876,2.003338898163606,217.02838063439066,2794.457429048414
23.249617887000568,12.856,2.003338898163606,200.33388981636057,2575.4924874791313
23.259696030001578,12.868,2.003338898163606,217.02838063439066,2792.721202003339
23.269773210000494,12.86,2.1702838063439063,200.33388981636057,2576.2938230383966
23.27984831499998,12.868,2.1702838063439063,200.33388981636057,2577.896494156928
23.289929718001076,12.856,2.003338898163606,200.33388981636057,2575.4924874791313
23.300011268000162,12.872,2.003338898163606,200.33388981636057,2578.697829716193
23.31009163300041,12.86,2.003338898163606,200.33388981636057,2576.2938230383966
23.320172905001527,12.872,2.003338898163606,217.02838063439066,2793.5893155258764
23.330249696000465,12.852,2.003338898163606,200.33388981636057,2574.691151919866
23.340332895000756,12.872,2.1702838063439063,200.33388981636057,2578.697829716193
23.350413353000476,12.856,2.003338898163606,200.33388981636057,2575.4924874791313
23.360494958000345,12.9,1.8363939899833053,183.63939899833053,2368.9482470784637
23.370576527000594,12.872,2.003338898163606,183.63939899833053,2363.806343906511
23.380668170000718,12.888,2.003338898163606,183.63939899833053,2366.744574290484
23.390755516000354,12.868,2.003338898163606,183.63939899833053,2363.0717863105174
23.400837344001047,12.888,2.003338898163606,200.33388981636057,2581.903171953255
23.410919358000683,12.868,1.8363939899833053,200.33388981636057,2577.896494156928
23.42100040800142,12.888,2.003338898163606,200.33388981636057,2581.903171953255
23.431082717001118,12.864,2.003338898163606,200.33388981636057,2577.0951585976627
23.44116326800031,12.888,2.003338898163606,200.33388981636057,2581.903171953255
23.451244503001362,12.86,2.003338898163606,200.33388981636057,2576.2938230383966
23.461330479000026,12.884,2.003338898163606,200.33388981636057,2581.1018363939897
23.471412103001057,12.864,2.003338898163606,183.63939899833053,2362.337228714524
23.481580486000894,12.86,2.003338898163606,200.33388981636057,2576.2938230383966
23.491654092000317,12.844,2.003338898163606,200.33388981636057,2573.088480801335
23.50173156800156,12.868,2.003338898163606,217.02838063439066,2792.721202003339
23.511812192000434,12.852,2.003338898163606,200.33388981636057,2574.691151919866
23.521886742000788,12.872,2.003338898163606,200.33388981636057,2578.697829716193
23.531960588999937,12.852,2.003338898163606,200.33388981636057,2574.691151919866
23.54203704700012,12.876,2.003338898163606,200.33388981636057,2579.4991652754584
23.552116412000032,12.848,2.003338898163606,200.33388981636057,2573.889816360601
23.562192462000894,12.876,2.003338898163606,200.33388981636057,2579.4991652754584
23.572270050000952,12.844,2.003338898163606,200.33388981636057,2573.088480801335
23.582407525000235,12.876,2.003338898163606,200.33388981636057,2579.4991652754584
23.592490334000104,12.848,2.003338898163606,200.33388981636057,2573.889816360601
23.602571217999866,12.876,2.003338898163606,200.33388981636057,2579.4991652754584
23.612651082999946,12.852,2.003338898163606,200.33388981636057,2574.691151919866
23.622731541001485,12.872,2.003338898163606,200.33388981636057,2578.697829716193
23.6328113870004,12.852,2.003338898163606,200.33388981636057,2574.691151919866
23.642892253001264,12.876,2.003338898163606,200.33388981636057,2579.4991652754584
23.652972155001407,12.856,2.003338898163606,200.33388981636057,2575.4924874791313
23.66305207500045,12.868,2.003338898163606,200.33388981636057,2577.896494156928
23.673133774000235,12.848,1.8363939899833053,200.33388981636057,2573.889816360601
23.68322302800152,12.872,2.003338898163606,200.33388981636057,2578.697829716193
23.69330055899991,12.852,2.003338898163606,200.33388981636057,2574.691151919866
23.703376090999882,12.872,2.003338898163606,200.33388981636057,2578.697829716193
23.713452030000553,12.852,2.003338898163606,200.33388981636057,2574.691151919866
23.723530044000654,12.868,2.003338898163606,200.33388981636057,2577.896494156928
23.73360409400084,12.856,2.003338898163606,200.33388981636057,2575.4924874791313
23.743676422000135,12.872,2.003338898163606,200.33388981636057,2578.697829716193
23.75374932500017,12.848,2.003338898163606,200.33388981636057,2573.889816360601
23.763828042001478,12.876,2.003338898163606,200.33388981636057,2579.4991652754584
23.773902091999844,12.844,2.003338898163606,200.33388981636057,2573.088480801335
23.783974439000303,12.876,2.003338898163606,200.33388981636057,2579.4991652754584
23.794051156000933,12.848,2.003338898163606,217.02838063439066,2788.3806343906513
23.804134539001097,12.872,2.1702838063439063,200.33388981636057,2578.697829716193
23.814214645000902,12.852,2.003338898163606,200.33388981636057,2574.691151919866
23.82429530599984,12.872,2.003338898163606,200.33388981636057,2578.697829716193
23.834372412000448,12.856,2.003338898163606,200.33388981636057,2575.4924874791313
23.844454814001438,12.872,2.003338898163606,200.33388981636057,2578.697829716193
23.854535161000967,12.856,2.003338898163606,200.33388981636057,2575.4924874791313
23.864615989001322,12.868,2.003338898163606,200.33388981636057,2577.896494156928
23.874696280001444,12.852,2.003338898163606,200.33388981636057,2574.691151919866
23.88477529300144,12.868,2.1702838063439063,200.33388981636057,2577.896494156928
23.89484836200063,12.852,2.1702838063439063,200.33388981636057,2574.691151919866
23.904924209000455,12.872,2.003338898163606,200.33388981636057,2578.697829716193
23.914997777999815,12.856,2.003338898163606,200.33388981636057,2575.4924874791313
23.925070680001227,12.868,2.003338898163606,200.33388981636057,2577.896494156928
23.93514378600048,12.86,2.003338898163606,200.33388981636057,2576.2938230383966
23.945219725001152,12.872,2.003338898163606,200.33388981636057,2578.697829716193
23.95529516500028,12.852,2.003338898163606,200.33388981636057,2574.691151919866
23.965371326001332,12.876,2.1702838063439063,200.33388981636057,2579.4991652754584
23.975462264999805,12.848,2.003338898163606,200.33388981636057,2573.889816360601
23.985550056000648,12.872,2.003338898163606,200.33388981636057,2578.697829716193
23.995633162001468,12.848,2.1702838063439063,200.33388981636057,2573.889816360601
24.005713045000448,12.872,2.003338898163606,200.33388981636057,2578.697829716193
24.01579576200129,12.852,2.003338898163606,200.33388981636057,2574.691151919866
24.025875461000396,12.872,2.003338898163606,200.33388981636057,2578.697829716193
24.035957363001216,12.856,2.003338898163606,217.02838063439066,2790.116861435726
24.04603728300026,12.872,2.003338898163606,200.33388981636057,2578.697829716193
24.05611933399996,12.868,2.003338898163606,183.63939899833053,2363.0717863105174
24.066199180000694,12.9,2.003338898163606,200.33388981636057,2584.3071786310516
24.07627939700069,12.88,1.8363939899833053,200.33388981636057,2580.300500834724
24.08636963200115,12.884,2.003338898163606,183.63939899833053,2366.010016694491
24.096445535000385,12.864,2.003338898163606,200.33388981636057,2577.0951585976627
24.106521474001056,12.888,2.003338898163606,183.63939899833053,2366.744574290484
24.11659496900029,12.864,2.003338898163606,200.33388981636057,2577.0951585976627
24.126667815000474,12.888,2.003338898163606,200.33388981636057,2581.903171953255
24.136740421001377,12.868,2.003338898163606,200.33388981636057,2577.896494156928
24.14681706400006,12.888,2.003338898163606,200.33388981636057,2581.903171953255
24.156895726000585,12.868,2.003338898163606,183.63939899833053,2363.0717863105174
24.166968868999902,12.888,2.003338898163606,200.33388981636057,2581.903171953255
24.177042067000002,12.86,2.003338898163606,200.33388981636057,2576.2938230383966
24.18712121000135,12.892,2.003338898163606,183.63939899833053,2367.4791318864773
24.197195316000943,12.828,2.003338898163606,200.33388981636057,2569.8831385642734
24.20726795900009,12.872,2.003338898163606,200.33388981636057,2578.697829716193
24.21734082400144,12.848,2.003338898163606,200.33388981636057,2573.889816360601
24.227413911999975,12.876,2.003338898163606,200.33388981636057,2579.4991652754584
24.237486684000032,12.852,2.003338898163606,217.02838063439066,2789.2487479131887
24.24755847600136,12.876,2.003338898163606,200.33388981636057,2579.4991652754584
24.257634878000317,12.852,2.003338898163606,200.33388981636057,2574.691151919866
24.267713724000714,12.876,2.1702838063439063,200.33388981636057,2579.4991652754584
24.277786775001005,12.848,2.1702838063439063,200.33388981636057,2573.889816360601
24.287862270000915,12.872,2.003338898163606,217.02838063439066,2793.5893155258764
24.297946431001037,12.848,2.003338898163606,200.33388981636057,2573.889816360601
24.308028518000356,12.876,2.1702838063439063,200.33388981636057,2579.4991652754584
24.3181084200005,12.848,2.003338898163606,200.33388981636057,2573.889816360601
24.32818848900024,12.876,2.003338898163606,200.33388981636057,2579.4991652754584
24.338268780000362,12.852,2.003338898163606,200.33388981636057,2574.691151919866
24.348348867000823,12.872,2.003338898163606,200.33388981636057,2578.697829716193
24.358425344000352,12.852,2.003338898163606,200.33388981636057,2574.691151919866
24.368505653001193,12.872,2.003338898163606,217.02838063439066,2793.5893155258764
24.378585759000998,12.848,2.003338898163606,200.33388981636057,2573.889816360601
24.388675920001333,12.876,2.003338898163606,200.33388981636057,2579.4991652754584
24.39874965600029,12.844,2.003338898163606,200.33388981636057,2573.088480801335
24.40882261400111,12.876,2.003338898163606,200.33388981636057,2579.4991652754584
24.418895016000533,12.848,2.003338898163606,200.33388981636057,2573.889816360601
24.42897036300019,12.876,2.003338898163606,200.33388981636057,2579.4991652754584
24.439046024001073,12.852,2.003338898163606,200.33388981636057,2574.691151919866
24.449118686001384,12.876,2.003338898163606,200.33388981636057,2579.4991652754584
24.45920432800085,12.856,2.003338898163606,200.33388981636057,2575.4924874791313
24.469281379000677,12.872,2.003338898163606,217.02838063439066,2793.5893155258764
24.4793588550001,12.856,2.003338898163606,200.33388981636057,2575.4924874791313
24.48951181099983,12.868,2.1702838063439063,217.02838063439066,2792.721202003339
24.499595380000756,12.856,2.003338898163606,200.33388981636057,2575.4924874791313
24.50967526400018,12.872,2.003338898163606,200.33388981636057,2578.697829716193
24.51975159200083,12.852,2.003338898163606,200.33388981636057,2574.691151919866
24.52983145700091,12.872,2.003338898163606,200.33388981636057,2578.697829716193
24.539914544000567,12.852,2.003338898163606,200.33388981636057,2574.691151919866
24.54999463200147,12.872,2.003338898163606,200.33388981636057,2578.697829716193
24.56007633000081,12.856,2.003338898163606,200.33388981636057,2575.4924874791313
24.5701562510003,12.872,2.003338898163606,200.33388981636057,2578.697829716193
24.5802371710015,12.852,2.003338898163606,217.02838063439066,2789.2487479131887
24.590377997999894,12.872,2.003338898163606,200.33388981636057,2578.697829716193
24.60045478900065,12.852,2.1702838063439063,200.33388981636057,2574.691151919866
24.610530728999947,12.872,2.003338898163606,200.33388981636057,2578.697829716193
24.620608537999942,12.848,2.003338898163606,200.33388981636057,2573.889816360601
24.630685699999958,12.872,2.003338898163606,200.33388981636057,2578.697829716193
24.640760139000122,12.852,2.003338898163606,200.33388981636057,2574.691151919866
24.650837060000413,12.872,2.1702838063439063,200.33388981636057,2578.697829716193
24.660911943001338,12.856,2.1702838063439063,200.33388981636057,2575.4924874791313
24.670987438001248,12.876,2.003338898163606,200.33388981636057,2579.4991652754584
24.68106324800101,12.86,2.003338898163606,200.33388981636057,2576.2938230383966
24.691149168000265,12.868,2.003338898163606,200.33388981636057,2577.896494156928
24.701229293001234,12.86,2.003338898163606,200.33388981636057,2576.2938230383966
24.711309695001546,12.864,2.003338898163606,200.33388981636057,2577.0951585976627
24.721389856000314,12.86,2.003338898163606,200.33388981636057,2576.2938230383966
24.73146701800033,12.872,2.003338898163606,200.33388981636057,2578.697829716193
24.74154325300151,12.856,2.003338898163606,200.33388981636057,2575.4924874791313
24.75162635900051,12.868,2.003338898163606,200.33388981636057,2577.896494156928
24.76170661300057,12.856,2.003338898163606,200.33388981636057,2575.4924874791313
24.77178751500105,12.868,2.003338898163606,200.33388981636057,2577.896494156928
24.781863640000665,12.852,2.003338898163606,200.33388981636057,2574.691151919866
24.791956393000874,12.868,2.003338898163606,200.33388981636057,2577.896494156928
24.80203151800015,12.856,2.003338898163606,217.02838063439066,2790.116861435726
24.812104179000016,12.868,2.003338898163606,200.33388981636057,2577.896494156928
24.822177026000645,12.852,2.003338898163606,200.33388981636057,2574.691151919866
24.832250280000153,12.872,2.003338898163606,200.33388981636057,2578.697829716193
24.842322386000887,12.852,2.003338898163606,200.33388981636057,2574.691151919866
24.85240002899991,12.872,2.003338898163606,200.33388981636057,2578.697829716193
24.862475783000264,12.852,2.003338898163606,200.33388981636057,2574.691151919866
24.872551815000406,12.876,2.003338898163606,200.33388981636057,2579.4991652754584
24.882627606000824,12.856,2.003338898163606,200.33388981636057,2575.4924874791313
24.892712934000883,12.864,2.003338898163606,217.02838063439066,2791.8530884808015
24.90279050299978,12.86,2.003338898163606,200.33388981636057,2576.2938230383966
24.912868294000873,12.86,2.003338898163606,200.33388981636057,2576.2938230383966
24.92294476999996,12.86,2.003338898163606,200.33388981636057,2576.2938230383966
24.933025412999996,12.864,2.1702838063439063,200.33388981636057,2577.0951585976627
24.94310640799995,12.864,2.003338898163606,200.33388981636057,2577.0951585976627
24.95318658799988,12.868,2.003338898163606,217.02838063439066,2792.721202003339
24.963266490000024,12.856,2.003338898163606,217.02838063439066,2790.116861435726
24.97334715100078,12.868,2.003338898163606,200.33388981636057,2577.896494156928
24.983427479000966,12.856,2.003338898163606,200.33388981636057,2575.4924874791313
24.993518566001512,12.868,2.003338898163606,200.33388981636057,2577.896494156928
25.003597561000788,12.856,2.1702838063439063,200.33388981636057,2575.4924874791313
25.01367348200074,12.864,2.003338898163606,200.33388981636057,2577.0951585976627
25.023750662001476,12.86,2.1702838063439063,200.33388981636057,2576.2938230383966
25.033826231001512,12.868,2.003338898163606,200.33388981636057,2577.896494156928
25.04390335500102,12.852,2.003338898163606,200.33388981636057,2574.691151919866
25.053979498001354,12.868,2.1702838063439063,200.33388981636057,2577.896494156928
25.064056993000122,12.856,2.003338898163606,217.02838063439066,2790.116861435726
25.07413250600075,12.868,2.003338898163606,200.33388981636057,2577.896494156928
25.084209742000894,12.86,2.003338898163606,200.33388981636057,2576.2938230383966
25.09432690200083,12.868,1.8363939899833053,200.33388981636057,2577.896494156928
25.1044094530007,12.86,2.003338898163606,200.33388981636057,2576.2938230383966
25.114489909999975,12.864,2.003338898163606,200.33388981636057,2577.0951585976627
25.124567775001196,12.86,2.003338898163606,200.33388981636057,2576.2938230383966
25.13464440000098,12.86,2.003338898163606,200.33388981636057,2576.2938230383966
25.1447248580007,12.864,2.003338898163606,200.33388981636057,2577.0951585976627
25.154804667001372,12.864,2.1702838063439063,200.33388981636057,2577.0951585976627
25.164884273001007,12.864,2.003338898163606,200.33388981636057,2577.0951585976627
25.174964842000918,12.864,2.003338898163606,217.02838063439066,2791.8530884808015
25.185042540000723,12.856,2.003338898163606,200.33388981636057,2575.4924874791313
25.19513018300131,12.868,2.003338898163606,200.33388981636057,2577.896494156928
25.205203122000967,12.856,2.003338898163606,217.02838063439066,2790.116861435726
25.21527600599984,12.864,2.003338898163606,200.33388981636057,2577.0951585976627
25.225349981999898,12.86,2.003338898163606,217.02838063439066,2790.9849749582636
25.23542297700078,12.864,2.003338898163606,200.33388981636057,2577.0951585976627
25.24549573100012,12.864,2.003338898163606,200.33388981636057,2577.0951585976627
25.255573782000283,12.864,2.003338898163606,200.33388981636057,2577.0951585976627
25.265649554001357,12.86,2.003338898163606,217.02838063439066,2790.9849749582636
25.275727067000844,12.864,2.003338898163606,217.02838063439066,2791.8530884808015
25.28580269200029,12.86,2.003338898163606,200.33388981636057,2576.2938230383966
25.295888094000475,12.86,1.8363939899833053,200.33388981636057,2576.2938230383966
25.305974644001253,12.86,2.1702838063439063,200.33388981636057,2576.2938230383966
25.316057694000847,12.86,2.1702838063439063,200.33388981636057,2576.2938230383966
25.326137893000123,12.864,2.003338898163606,200.33388981636057,2577.0951585976627
25.336219128001176,12.86,2.003338898163606,200.33388981636057,2576.2938230383966
25.346296345000155,12.868,2.003338898163606,200.33388981636057,2577.896494156928
25.35637726599998,12.86,2.003338898163606,200.33388981636057,2576.2938230383966
25.366458297999998,12.868,2.003338898163606,200.33388981636057,2577.896494156928
25.376535200000944,12.864,2.1702838063439063,200.33388981636057,2577.0951585976627
25.38661575000151,12.86,2.003338898163606,200.33388981636057,2576.2938230383966
25.396703059001084,12.864,2.003338898163606,217.02838063439066,2791.8530884808015
25.40677586899983,12.856,2.1702838063439063,200.33388981636057,2575.4924874791313
25.416848197000945,12.868,2.003338898163606,200.33388981636057,2577.896494156928
25.426924524999777,12.864,2.003338898163606,200.33388981636057,2577.0951585976627
25.43700031700064,12.864,2.003338898163606,200.33388981636057,2577.0951585976627
25.44707553400076,12.868,2.003338898163606,200.33388981636057,2577.896494156928
25.457161842999994,12.864,2.003338898163606,200.33388981636057,2577.0951585976627
25.467240597001364,12.868,1.8363939899833053,200.33388981636057,2577.896494156928
25.47731475799992,12.864,2.003338898163606,200.33388981636057,2577.0951585976627
25.487391013000888,12.86,2.003338898163606,200.33388981636057,2576.2938230383966
25.49753893200068,12.86,2.003338898163606,200.33388981636057,2576.2938230383966
25.50762242700148,12.864,2.003338898163606,200.33388981636057,2577.0951585976627
25.517721125001117,12.856,2.1702838063439063,200.33388981636057,2575.4924874791313
25.52780091600107,12.864,2.003338898163606,200.33388981636057,2577.0951585976627
25.53793574300107,12.856,2.003338898163606,200.33388981636057,2575.4924874791313
25.54801551499986,12.868,2.003338898163606,200.33388981636057,2577.896494156928
25.558092084000236,12.856,2.003338898163606,200.33388981636057,2575.4924874791313
25.56816904200059,12.872,2.003338898163606,200.33388981636057,2578.697829716193
25.57825142600086,12.856,2.003338898163606,217.02838063439066,2790.116861435726
25.58833301300001,12.872,2.003338898163606,200.33388981636057,2578.697829716193
25.598425211001086,12.86,2.003338898163606,200.33388981636057,2576.2938230383966
25.60850244700123,12.86,2.003338898163606,200.33388981636057,2576.2938230383966
25.61857999700078,12.86,2.003338898163606,200.33388981636057,2576.2938230383966
25.62865365900143,12.86,2.1702838063439063,200.33388981636057,2576.2938230383966
25.638730764001593,12.86,2.1702838063439063,200.33388981636057,2576.2938230383966
25.648804111000572,12.868,2.003338898163606,200.33388981636057,2577.896494156928
25.658881347000715,12.86,2.003338898163606,200.33388981636057,2576.2938230383966
25.668957878000583,12.868,2.003338898163606,200.33388981636057,2577.896494156928
25.67903420699986,12.86,2.003338898163606,200.33388981636057,2576.2938230383966
25.689110609000636,12.872,2.003338898163606,200.33388981636057,2578.697829716193
25.6991964000008,12.86,2.003338898163606,217.02838063439066,2790.9849749582636
25.709277802001452,12.876,2.003338898163606,200.33388981636057,2579.4991652754584
25.719358315000136,12.852,2.003338898163606,200.33388981636057,2574.691151919866
25.729433921000236,12.868,2.003338898163606,200.33388981636057,2577.896494156928
25.739463731000797,12.856,2.1702838063439063,217.02838063439066,2790.116861435726
25.749545393000517,12.868,2.003338898163606,200.33388981636057,2577.896494156928
25.759628610001528,12.856,2.003338898163606,200.33388981636057,2575.4924874791313
25.769709104000867,12.872,2.003338898163606,200.33388981636057,2578.697829716193
25.779785081000227,12.856,2.003338898163606,217.02838063439066,2790.116861435726
25.789862261000962,12.876,2.003338898163606,217.02838063439066,2794.457429048414
25.799955459000557,12.856,2.003338898163606,200.33388981636057,2575.4924874791313
25.810032897999918,12.864,2.003338898163606,200.33388981636057,2577.0951585976627
25.82011124500059,12.856,2.003338898163606,200.33388981636057,2575.4924874791313
25.83018290600012,12.86,2.003338898163606,200.33388981636057,2576.2938230383966
25.84025893800026,12.856,2.003338898163606,200.33388981636057,2575.4924874791313
25.85033576600108,12.868,2.1702838063439063,200.33388981636057,2577.896494156928
25.860414038999807,12.86,2.003338898163606,217.02838063439066,2790.9849749582636
25.870490052000605,12.872,2.003338898163606,200.33388981636057,2578.697829716193
25.880568176000452,12.856,2.003338898163606,200.33388981636057,2575.4924874791313
25.890641579000658,12.872,2.003338898163606,200.33388981636057,2578.697829716193
25.900767275999897,12.856,2.003338898163606,200.33388981636057,2575.4924874791313
25.91084910400059,12.876,2.003338898163606,200.33388981636057,2579.4991652754584
25.92092519200014,12.848,2.003338898163606,200.33388981636057,2573.889816360601
25.93100666800092,12.876,2.1702838063439063,200.33388981636057,2579.4991652754584
25.941087700000935,12.856,2.1702838063439063,200.33388981636057,2575.4924874791313
25.951168102001247,12.868,2.003338898163606,200.33388981636057,2577.896494156928
25.961249541000143,12.852,2.003338898163606,217.02838063439066,2789.2487479131887
25.971329646999948,12.872,2.003338898163606,200.33388981636057,2578.697829716193
25.981411827000557,12.852,2.003338898163606,217.02838063439066,2789.2487479131887
25.991472618001353,12.872,2.003338898163606,217.02838063439066,2793.5893155258764
26.001559150001412,12.852,2.003338898163606,200.33388981636057,2574.691151919866
26.011638552001386,12.868,2.003338898163606,217.02838063439066,2792.721202003339
26.02171501000157,12.856,2.003338898163606,200.33388981636057,2575.4924874791313
26.031793226000445,12.864,2.003338898163606,200.33388981636057,2577.0951585976627
26.041870129000017,12.856,2.003338898163606,200.33388981636057,2575.4924874791313
26.05194788300105,12.868,2.003338898163606,200.33388981636057,2577.896494156928
26.062024063001445,12.856,2.003338898163606,200.33388981636057,2575.4924874791313
26.0721020760011,12.872,2.003338898163606,200.33388981636057,2578.697829716193
26.08217829300156,12.856,2.003338898163606,200.33388981636057,2575.4924874791313
26.092255825000393,12.876,2.003338898163606,200.33388981636057,2579.4991652754584
26.10234002300058,12.852,2.003338898163606,200.33388981636057,2574.691151919866
26.112422685000638,12.876,2.003338898163606,200.33388981636057,2579.4991652754584
26.122503901000528,12.848,2.003338898163606,200.33388981636057,2573.889816360601
26.132579563000036,12.876,2.003338898163606,200.33388981636057,2579.4991652754584
26.142662297999777,12.848,2.003338898163606,200.33388981636057,2573.889816360601
26.15273783000157,12.872,2.003338898163606,200.33388981636057,2578.697829716193
26.16281910300131,12.852,2.003338898163606,200.33388981636057,2574.691151919866
26.172900227000355,12.872,2.003338898163606,200.33388981636057,2578.697829716193
26.182980610999948,12.852,2.1702838063439063,200.33388981636057,2574.691151919866
26.19305616100064,12.876,2.003338898163606,200.33388981636057,2579.4991652754584
26.203143656000975,12.852,2.1702838063439063,200.33388981636057,2574.691151919866
26.213220576000822,12.872,2.003338898163606,200.33388981636057,2578.697829716193
26.22329784900103,12.852,2.003338898163606,200.33388981636057,2574.691151919866
26.233369139999922,12.872,2.1702838063439063,200.33388981636057,2578.697829716193
26.24347009700068,12.852,2.003338898163606,200.33388981636057,2574.691151919866
26.253546740001184,12.872,2.003338898163606,200.33388981636057,2578.697829716193
26.263624772000185,12.852,2.003338898163606,200.33388981636057,2574.691151919866
26.27370135900128,12.872,2.1702838063439063,200.33388981636057,2578.697829716193
26.283778484001232,12.852,2.003338898163606,200.33388981636057,2574.691151919866
26.29385466399981,12.876,2.003338898163606,200.33388981636057,2579.4991652754584
26.303941621001286,12.852,2.003338898163606,200.33388981636057,2574.691151919866
26.314025172001493,12.876,2.003338898163606,200.33388981636057,2579.4991652754584
26.324106314001256,12.844,2.003338898163606,200.33388981636057,2573.088480801335
26.334186883001166,12.88,2.003338898163606,200.33388981636057,2580.300500834724
26.344268156000908,12.84,2.003338898163606,200.33388981636057,2572.2871452420695
26.354349484001432,12.88,2.003338898163606,200.33388981636057,2580.300500834724
26.364430608000475,12.852,2.003338898163606,200.33388981636057,2574.691151919866
26.374511881000217,12.876,2.003338898163606,200.33388981636057,2579.4991652754584
26.384592579001037,12.848,2.003338898163606,200.33388981636057,2573.889816360601
26.39466801800154,12.872,2.003338898163606,200.33388981636057,2578.697829716193
26.404811530001098,12.852,2.003338898163606,200.33388981636057,2574.691151919866
26.41488408100122,12.876,2.003338898163606,217.02838063439066,2794.457429048414
26.424960668000494,12.852,2.003338898163606,200.33388981636057,2574.691151919866
26.43503651500032,12.872,2.003338898163606,200.33388981636057,2578.697829716193
26.445112473000336,12.848,2.003338898163606,200.33388981636057,2573.889816360601
26.4552021340005,12.88,2.003338898163606,200.33388981636057,2580.300500834724
26.465281351000158,12.848,2.003338898163606,200.33388981636057,2573.889816360601
26.475358159999814,12.872,2.003338898163606,200.33388981636057,2578.697829716193
26.485434191999957,12.852,2.003338898163606,200.33388981636057,2574.691151919866
26.495512409001094,12.872,2.1702838063439063,200.33388981636057,2578.697829716193
26.50558858900149,12.848,2.003338898163606,200.33388981636057,2573.889816360601
26.515670232000048,12.876,2.003338898163606,200.33388981636057,2579.4991652754584
26.525751152999874,12.844,2.003338898163606,200.33388981636057,2573.088480801335
26.53583362900099,12.88,2.003338898163606,200.33388981636057,2580.300500834724
26.545914272001028,12.84,2.003338898163606,200.33388981636057,2572.2871452420695
26.55599710000024,12.88,2.003338898163606,200.33388981636057,2580.300500834724
26.56607829800123,12.844,2.003338898163606,200.33388981636057,2573.088480801335
26.576160534001247,12.88,2.003338898163606,200.33388981636057,2580.300500834724
26.586242065000988,12.848,2.003338898163606,200.33388981636057,2573.889816360601
26.596323097001004,12.876,2.003338898163606,200.33388981636057,2579.4991652754584
26.606415758000367,12.852,2.003338898163606,200.33388981636057,2574.691151919866
26.61649653099994,12.876,2.003338898163606,200.33388981636057,2579.4991652754584
26.626577470000484,12.848,2.003338898163606,200.33388981636057,2573.889816360601
26.636658335000902,12.872,2.003338898163606,200.33388981636057,2578.697829716193
26.646739348001574,12.852,2.003338898163606,200.33388981636057,2574.691151919866
26.656820399000935,12.876,2.003338898163606,200.33388981636057,2579.4991652754584
26.666902338,12.848,2.003338898163606,217.02838063439066,2788.3806343906513
26.67698270300025,12.876,2.003338898163606,200.33388981636057,2579.4991652754584
26.687062586001048,12.848,2.003338898163606,200.33388981636057,2573.889816360601
26.69714308100083,12.88,2.003338898163606,200.33388981636057,2580.300500834724
26.70725109400155,12.852,2.003338898163606,217.02838063439066,2789.2487479131887
26.71733179200055,12.876,2.003338898163606,200.33388981636057,2579.4991652754584
26.727411769001264,12.844,2.003338898163606,200.33388981636057,2573.088480801335
26.737491689000308,12.876,2.003338898163606,200.33388981636057,2579.4991652754584
26.747574036000515,12.844,2.1702838063439063,200.33388981636057,2573.088480801335
26.757654938000996,12.88,2.003338898163606,200.33388981636057,2580.300500834724
26.767736007001076,12.844,2.003338898163606,200.33388981636057,2573.088480801335
26.777816057001473,12.88,2.003338898163606,200.33388981636057,2580.300500834724
26.787894922001215,12.844,2.1702838063439063,217.02838063439066,2787.5125208681134
26.79797452800085,12.88,2.003338898163606,217.02838063439066,2795.3255425709517
26.80805559700093,12.848,2.003338898163606,200.33388981636057,2573.889816360601
26.81813459100158,12.876,2.003338898163606,200.33388981636057,2579.4991652754584
26.828214364000814,12.848,2.003338898163606,200.33388981636057,2573.889816360601
26.838294285000302,12.872,2.003338898163606,200.33388981636057,2578.697829716193
26.848373909000657,12.852,2.003338898163606,200.33388981636057,2574.691151919866
26.858454717999848,12.876,2.003338898163606,200.33388981636057,2579.4991652754584
26.8685356950009,12.848,2.003338898163606,200.33388981636057,2573.889816360601
26.87861644900113,12.88,2.003338898163606,200.33388981636057,2580.300500834724
26.8886964430003,12.848,2.003338898163606,217.02838063439066,2788.3806343906513
26.89877723400059,12.88,2.003338898163606,200.33388981636057,2580.300500834724
26.90885210000124,12.848,2.003338898163606,200.33388981636057,2573.889816360601
26.918932186999882,12.88,2.003338898163606,217.02838063439066,2795.3255425709517
26.92901282999992,12.844,2.003338898163606,217.02838063439066,2787.5125208681134
26.93909289900148,12.876,2.003338898163606,200.33388981636057,2579.4991652754584
26.949173838000206,12.844,2.003338898163606,200.33388981636057,2573.088480801335
26.95925416600039,12.88,2.003338898163606,200.33388981636057,2580.300500834724
26.969334475001233,12.848,2.003338898163606,200.33388981636057,2573.889816360601
26.979414748000636,12.88,2.1702838063439063,200.33388981636057,2580.300500834724
26.989496113001223,12.844,2.003338898163606,200.33388981636057,2573.088480801335
26.999578830000246,12.88,2.003338898163606,200.33388981636057,2580.300500834724
27.009669139000835,12.844,2.003338898163606,200.33388981636057,2573.088480801335
27.019751263000217,12.88,2.003338898163606,200.33388981636057,2580.300500834724
27.02983136900002,12.876,2.003338898163606,183.63939899833053,2364.540901502504
27.0399140490008,12.896,2.003338898163606,200.33388981636057,2583.505843071786
27.049994266000795,12.868,2.003338898163606,200.33388981636057,2577.896494156928
27.0600766309999,12.884,2.003338898163606,200.33388981636057,2581.1018363939897
27.07015688499996,12.868,2.003338898163606,200.33388981636057,2577.896494156928
27.080237805999786,12.888,2.003338898163606,200.33388981636057,2581.903171953255
27.090318874999866,12.864,1.8363939899833053,200.33388981636057,2577.0951585976627
27.100399351000306,12.892,2.003338898163606,183.63939899833053,2367.4791318864773
27.11050021600022,12.864,2.003338898163606,200.33388981636057,2577.0951585976627
27.120581821000087,12.896,2.003338898163606,183.63939899833053,2368.2136894824707
27.130661963999955,12.864,2.003338898163606,200.33388981636057,2577.0951585976627
27.140742089000923,12.896,2.003338898163606,200.33388981636057,2583.505843071786
27.15082232399982,12.86,2.003338898163606,200.33388981636057,2576.2938230383966
27.160903485000745,12.86,2.003338898163606,200.33388981636057,2576.2938230383966
27.170984147000127,12.84,2.003338898163606,200.33388981636057,2572.2871452420695
27.18106486400029,12.872,2.003338898163606,200.33388981636057,2578.697829716193
27.19114572900071,12.852,2.003338898163606,200.33388981636057,2574.691151919866
27.201225446000535,12.88,2.003338898163606,200.33388981636057,2580.300500834724
27.211327940000047,12.848,2.003338898163606,200.33388981636057,2573.889816360601
27.22140943500017,12.88,2.003338898163606,200.33388981636057,2580.300500834724
27.2314896150001,12.848,2.003338898163606,200.33388981636057,2573.889816360601
27.2415705350013,12.876,2.003338898163606,200.33388981636057,2579.4991652754584
27.25165171500157,12.848,2.003338898163606,200.33388981636057,2573.889816360601
27.261731377000615,12.868,2.1702838063439063,200.33388981636057,2577.896494156928
27.271813834000568,12.848,2.003338898163606,200.33388981636057,2573.889816360601
27.281893570001557,12.872,2.003338898163606,200.33388981636057,2578.697829716193
27.29197567600022,12.848,2.003338898163606,200.33388981636057,2573.889816360601
27.30205654100064,12.876,2.003338898163606,200.33388981636057,2579.4991652754584
27.312132461000147,12.852,2.003338898163606,217.02838063439066,2789.2487479131887
27.322213493000163,12.88,2.003338898163606,200.33388981636057,2580.300500834724
27.33229017300073,12.848,2.003338898163606,217.02838063439066,2788.3806343906513
27.342371759999878,12.88,2.1702838063439063,200.33388981636057,2580.300500834724
27.352453255,12.844,2.1702838063439063,200.33388981636057,2573.088480801335
27.36253069400118,12.88,2.003338898163606,200.33388981636057,2580.300500834724
27.372611393000625,12.844,2.003338898163606,200.33388981636057,2573.088480801335
27.382691073000387,12.876,2.003338898163606,200.33388981636057,2579.4991652754584
27.392771234000975,12.848,2.003338898163606,200.33388981636057,2573.889816360601
27.402851914001076,12.88,2.003338898163606,200.33388981636057,2580.300500834724
27.412943946001178,12.848,2.003338898163606,200.33388981636057,2573.889816360601
27.423021533000792,12.88,2.003338898163606,200.33388981636057,2580.300500834724
27.433097898001506,12.844,2.003338898163606,200.33388981636057,2573.088480801335
27.443174781999915,12.876,2.003338898163606,217.02838063439066,2794.457429048414
27.45325931300067,12.848,2.003338898163606,183.63939899833053,2359.398998330551
27.463339641000857,12.872,2.1702838063439063,200.33388981636057,2578.697829716193
27.47341667300134,12.848,2.003338898163606,200.33388981636057,2573.889816360601
27.483494056999916,12.872,2.003338898163606,200.33388981636057,2578.697829716193
27.493571107001117,12.848,2.003338898163606,200.33388981636057,2573.889816360601
27.503649509000752,12.876,2.1702838063439063,200.33388981636057,2579.4991652754584
27.513798336000036,12.852,2.003338898163606,200.33388981636057,2574.691151919866
27.52387651600111,12.876,2.003338898163606,200.33388981636057,2579.4991652754584
27.533953252001083,12.848,2.003338898163606,200.33388981636057,2573.889816360601
27.54402789500091,12.88,2.1702838063439063,200.33388981636057,2580.300500834724
27.55410907500118,12.84,2.003338898163606,200.33388981636057,2572.2871452420695
27.564189218001047,12.88,2.003338898163606,200.33388981636057,2580.300500834724
27.574270934001106,12.844,2.1702838063439063,200.33388981636057,2573.088480801335
27.584347633001016,12.88,1.8363939899833053,200.33388981636057,2580.300500834724
27.594428424001308,12.848,2.003338898163606,200.33388981636057,2573.889816360601
27.604510103999928,12.876,2.003338898163606,200.33388981636057,2579.4991652754584
27.6146002280002,12.848,2.003338898163606,200.33388981636057,2573.889816360601
27.62467688900142,12.88,2.003338898163606,200.33388981636057,2580.300500834724
27.6347530510011,12.844,2.003338898163606,200.33388981636057,2573.088480801335
27.6448298610012,12.876,2.003338898163606,200.33388981636057,2579.4991652754584
27.65490657800001,12.844,2.003338898163606,200.33388981636057,2573.088480801335
27.66498290600066,12.876,2.1702838063439063,200.33388981636057,2579.4991652754584
27.67505914100002,12.848,2.003338898163606,200.33388981636057,2573.889816360601
27.68513574700046,12.872,2.003338898163606,200.33388981636057,2578.697829716193
27.69521185300073,12.848,2.003338898163606,200.33388981636057,2573.889816360601
27.705288237000786,12.876,2.003338898163606,200.33388981636057,2579.4991652754584
27.71540332299992,12.848,2.003338898163606,200.33388981636057,2573.889816360601
27.72548409600131,12.876,2.003338898163606,200.33388981636057,2579.4991652754584
27.735558813001262,12.852,2.003338898163606,200.33388981636057,2574.691151919866
27.74563986300018,12.876,2.003338898163606,200.33388981636057,2579.4991652754584
27.755722543000957,12.844,2.1702838063439063,217.02838063439066,2787.5125208681134
27.76580326000112,12.88,2.1702838063439063,200.33388981636057,2580.300500834724
27.775879440001518,12.84,2.003338898163606,200.33388981636057,2572.2871452420695
27.78595576800035,12.88,2.003338898163606,200.33388981636057,2580.300500834724
27.796029819000978,12.848,2.003338898163606,200.33388981636057,2573.889816360601
27.80611003500053,12.876,2.003338898163606,200.33388981636057,2579.4991652754584
27.81618634500046,12.852,2.003338898163606,200.33388981636057,2574.691151919866
27.826263581000603,12.876,2.003338898163606,200.33388981636057,2579.4991652754584
27.836339927000154,12.844,2.003338898163606,200.33388981636057,2573.088480801335
27.846416144000614,12.876,2.003338898163606,200.33388981636057,2579.4991652754584
27.85649193500103,12.844,2.003338898163606,200.33388981636057,2573.088480801335
27.86656852300075,12.872,2.1702838063439063,200.33388981636057,2578.697829716193
27.876646406000873,12.848,2.003338898163606,200.33388981636057,2573.889816360601
27.886722864001058,12.876,2.003338898163606,200.33388981636057,2579.4991652754584
27.896799470001497,12.852,2.1702838063439063,200.33388981636057,2574.691151919866
27.9068757060013,12.876,2.003338898163606,200.33388981636057,2579.4991652754584
27.916960811000536,12.852,2.003338898163606,200.33388981636057,2574.691151919866
27.927042213001187,12.876,2.003338898163606,200.33388981636057,2579.4991652754584
27.93712178200076,12.852,2.003338898163606,200.33388981636057,2574.691151919866
27.947201314000267,12.876,2.003338898163606,200.33388981636057,2579.4991652754584
27.957280067999818,12.844,2.003338898163606,200.33388981636057,2573.088480801335
27.967360600001484,12.876,2.003338898163606,200.33388981636057,2579.4991652754584
27.977441817,12.84,2.1702838063439063,200.33388981636057,2572.2871452420695
27.987524588999804,12.88,2.1702838063439063,183.63939899833053,2365.2754590984973
27.997605047001343,12.844,2.003338898163606,200.33388981636057,2573.088480801335
28.007687227000133,12.88,2.003338898163606,200.33388981636057,2580.300500834724
28.01777761000085,12.848,2.003338898163606,200.33388981636057,2573.889816360601
28.02785990099983,12.876,2.003338898163606,200.33388981636057,2579.4991652754584
28.037939711000945,12.848,2.003338898163606,200.33388981636057,2573.889816360601
28.0480232050013,12.876,2.003338898163606,200.33388981636057,2579.4991652754584
28.058103793000555,12.852,2.003338898163606,200.33388981636057,2574.691151919866
28.068184658000973,12.872,2.1702838063439063,200.33388981636057,2578.697829716193
28.078265838001244,12.856,2.003338898163606,200.33388981636057,2575.4924874791313
28.088346129001366,12.876,2.003338898163606,200.33388981636057,2579.4991652754584
28.098445270999946,12.856,2.003338898163606,217.02838063439066,2790.116861435726
28.108535544000915,12.876,2.003338898163606,200.33388981636057,2579.4991652754584
28.118704037000498,12.848,2.003338898163606,200.33388981636057,2573.889816360601
28.128778106000027,12.88,2.1702838063439063,200.33388981636057,2580.300500834724
28.138855508001143,12.852,2.1702838063439063,200.33388981636057,2574.691151919866
28.14893313200082,12.876,2.1702838063439063,200.33388981636057,2579.4991652754584
28.15901045999999,12.848,2.003338898163606,200.33388981636057,2573.889816360601
28.169087195999964,12.876,2.003338898163606,200.33388981636057,2579.4991652754584
28.17916415400032,12.844,2.003338898163606,200.33388981636057,2573.088480801335
28.189240723000694,12.88,2.003338898163606,200.33388981636057,2580.300500834724
28.199316625001302,12.844,2.003338898163606,200.33388981636057,2573.088480801335
28.20939336000083,12.88,2.003338898163606,200.33388981636057,2580.300500834724
28.219524687001467,12.848,2.003338898163606,200.33388981636057,2573.889816360601
28.229605330001505,12.88,2.003338898163606,200.33388981636057,2580.300500834724
28.239689732001352,12.848,2.003338898163606,200.33388981636057,2573.889816360601
28.249770948999867,12.872,2.003338898163606,217.02838063439066,2793.5893155258764
28.259853851001026,12.852,2.003338898163606,200.33388981636057,2574.691151919866
28.269935587000873,12.868,2.003338898163606,200.33388981636057,2577.896494156928
28.28001808100089,12.856,2.003338898163606,200.33388981636057,2575.4924874791313
28.29009952100023,12.872,2.1702838063439063,200.33388981636057,2578.697829716193
28.300181014999907,12.856,2.003338898163606,200.33388981636057,2575.4924874791313
28.310261843000262,12.876,2.003338898163606,200.33388981636057,2579.4991652754584
28.320352356000512,12.848,2.003338898163606,200.33388981636057,2573.889816360601
28.330429277000803,12.876,2.003338898163606,200.33388981636057,2579.4991652754584
28.340507624001475,12.852,2.003338898163606,200.33388981636057,2574.691151919866
28.350588211000286,12.876,2.003338898163606,200.33388981636057,2579.4991652754584
28.36066639100136,12.848,2.003338898163606,200.33388981636057,2573.889816360601
28.37074321900036,12.876,2.003338898163606,200.33388981636057,2579.4991652754584
28.380820621001476,12.848,2.1702838063439063,200.33388981636057,2573.889816360601
28.39089757900001,12.876,2.003338898163606,200.33388981636057,2579.4991652754584
28.400974000000133,12.848,2.003338898163606,200.33388981636057,2573.889816360601
28.411050346001502,12.876,2.003338898163606,200.33388981636057,2579.4991652754584
28.42118458100049,12.848,2.003338898163606,200.33388981636057,2573.889816360601
28.4312661870008,12.876,2.003338898163606,200.33388981636057,2579.4991652754584
28.441346978001093,12.848,2.003338898163606,200.33388981636057,2573.889816360601
28.45142365799984,12.872,2.003338898163606,200.33388981636057,2578.697829716193
28.461509393000597,12.852,2.003338898163606,200.33388981636057,2574.691151919866
28.47159038800055,12.868,2.003338898163606,200.33388981636057,2577.896494156928
28.48167169699991,12.856,2.003338898163606,200.33388981636057,2575.4924874791313
28.491754229000435,12.868,2.003338898163606,217.02838063439066,2792.721202003339
28.501835187000324,12.86,2.003338898163606,200.33388981636057,2576.2938230383966
28.51191671900051,12.872,2.003338898163606,200.33388981636057,2578.697829716193
28.52207934100079,12.86,2.003338898163606,200.33388981636057,2576.2938230383966
28.532159021000552,12.876,2.003338898163606,200.33388981636057,2579.4991652754584
28.54223573800118,12.852,2.003338898163606,200.33388981636057,2574.691151919866
28.552313752001282,12.872,2.003338898163606,200.33388981636057,2578.697829716193
28.562390413000685,12.848,2.003338898163606,200.33388981636057,2573.889816360601
28.572468667000066,12.876,2.003338898163606,200.33388981636057,2579.4991652754584
28.58254503200078,12.848,2.003338898163606,200.33388981636057,2573.889816360601
28.592623489999824,12.876,2.003338898163606,200.33388981636057,2579.4991652754584
28.60269987399988,12.856,2.1702838063439063,200.33388981636057,2575.4924874791313
28.612773480001124,12.868,2.003338898163606,200.33388981636057,2577.896494156928
28.622857826001564,12.86,2.003338898163606,200.33388981636057,2576.2938230383966
28.632939099001305,12.872,2.003338898163606,217.02838063439066,2793.5893155258764
28.643020297000476,12.86,2.003338898163606,200.33388981636057,2576.2938230383966
28.65310129200043,12.872,2.003338898163606,200.33388981636057,2578.697829716193
28.663182620000953,12.852,2.003338898163606,200.33388981636057,2574.691151919866
28.673263540000335,12.864,2.003338898163606,200.33388981636057,2577.0951585976627
28.683344591001514,12.856,2.003338898163606,200.33388981636057,2575.4924874791313
28.693425660001594,12.864,2.003338898163606,200.33388981636057,2577.0951585976627
28.703506562000257,12.856,2.1702838063439063,217.02838063439066,2790.116861435726
28.713587945001564,12.868,2.003338898163606,200.33388981636057,2577.896494156928
28.723667846999888,12.864,2.003338898163606,200.33388981636057,2577.0951585976627
28.73374774900003,12.868,2.003338898163606,200.33388981636057,2577.896494156928
28.743827355001486,12.86,2.003338898163606,200.33388981636057,2576.2938230383966
28.75390696100112,12.868,2.003338898163606,200.33388981636057,2577.896494156928
28.763986549000037,12.856,2.003338898163606,217.02838063439066,2790.116861435726
28.774066154001048,12.868,2.1702838063439063,200.33388981636057,2577.896494156928
28.78414664900083,12.848,2.003338898163606,200.33388981636057,2573.889816360601
28.794227477001186,12.868,2.003338898163606,200.33388981636057,2577.896494156928
28.804308435001076,12.856,2.003338898163606,217.02838063439066,2790.116861435726
28.814389504001156,12.868,2.003338898163606,200.33388981636057,2577.896494156928
28.824464924000495,12.86,2.003338898163606,200.33388981636057,2576.2938230383966
28.83454551200157,12.868,2.003338898163606,200.33388981636057,2577.896494156928
28.84462654300114,12.864,2.003338898163606,217.02838063439066,2791.8530884808015
28.854707205000523,12.868,2.003338898163606,200.33388981636057,2577.896494156928
28.864787903001343,12.864,2.003338898163606,200.33388981636057,2577.0951585976627
28.874869842000408,12.864,2.003338898163606,200.33388981636057,2577.0951585976627
28.884950763000234,12.86,2.1702838063439063,200.33388981636057,2576.2938230383966
28.895031665000715,12.864,2.003338898163606,200.33388981636057,2577.0951585976627
28.905112308000753,12.856,2.003338898163606,200.33388981636057,2575.4924874791313
28.915193006001573,12.864,2.003338898163606,200.33388981636057,2577.0951585976627
28.925273168000786,12.86,2.003338898163606,200.33388981636057,2576.2938230383966
28.93535279200114,12.864,2.003338898163606,217.02838063439066,2791.8530884808015
28.945432972001072,12.864,2.003338898163606,200.33388981636057,2577.0951585976627
28.9555161520002,12.864,2.1702838063439063,200.33388981636057,2577.0951585976627
28.965597997999794,12.86,2.003338898163606,200.33388981636057,2576.2938230383966
28.975679715000297,12.868,2.003338898163606,200.33388981636057,2577.896494156928
28.98576154300099,12.852,2.003338898163606,200.33388981636057,2574.691151919866
28.99584442700143,12.868,2.003338898163606,200.33388981636057,2577.896494156928
29.00592527400113,12.852,2.003338898163606,200.33388981636057,2574.691151919866
29.016007990001526,12.868,2.003338898163606,217.02838063439066,2792.721202003339
29.026102226000148,12.86,2.003338898163606,200.33388981636057,2576.2938230383966
29.036183813001117,12.868,2.003338898163606,200.33388981636057,2577.896494156928
29.046264956001323,12.86,2.003338898163606,200.33388981636057,2576.2938230383966
29.056345691000388,12.864,2.003338898163606,200.33388981636057,2577.0951585976627
29.06642525999996,12.864,2.003338898163606,217.02838063439066,2791.8530884808015
29.076506014000188,12.86,2.003338898163606,200.33388981636057,2576.2938230383966
29.08658619400012,12.868,2.003338898163606,200.33388981636057,2577.896494156928
29.096667170000728,12.86,2.1702838063439063,200.33388981636057,2576.2938230383966
29.106747795000047,12.86,2.003338898163606,200.33388981636057,2576.2938230383966
29.116828900001565,12.864,2.003338898163606,200.33388981636057,2577.0951585976627
29.12693532100093,12.86,2.003338898163606,200.33388981636057,2576.2938230383966
29.13701542600029,12.864,2.003338898163606,200.33388981636057,2577.0951585976627
29.14709692100041,12.864,2.1702838063439063,200.33388981636057,2577.0951585976627
29.157177712000703,12.864,2.003338898163606,200.33388981636057,2577.0951585976627
29.16725885500091,12.864,2.1702838063439063,200.33388981636057,2577.0951585976627
29.17734025700156,12.86,2.003338898163606,200.33388981636057,2576.2938230383966
29.18742112200016,12.86,2.003338898163606,217.02838063439066,2790.9849749582636
29.19750250600009,12.864,2.003338898163606,217.02838063439066,2791.8530884808015
29.20758316700085,12.856,2.1702838063439063,200.33388981636057,2575.4924874791313
29.21766344000025,12.868,2.1702838063439063,200.33388981636057,2577.896494156928
29.227743620000183,12.856,2.003338898163606,200.33388981636057,2575.4924874791313
29.23782279900115,12.864,2.003338898163606,200.33388981636057,2577.0951585976627
29.24790609000047,12.864,2.003338898163606,200.33388981636057,2577.0951585976627
29.257986622000317,12.864,2.003338898163606,200.33388981636057,2577.0951585976627
29.268068987001243,12.868,2.1702838063439063,217.02838063439066,2792.721202003339
29.27814981499978,12.856,2.003338898163606,200.33388981636057,2575.4924874791313
29.28823036600079,12.868,2.003338898163606,200.33388981636057,2577.896494156928
29.298310083000615,12.856,2.1702838063439063,200.33388981636057,2575.4924874791313
29.308389874000568,12.872,2.003338898163606,200.33388981636057,2578.697829716193
29.318465256999843,12.86,2.003338898163606,200.33388981636057,2576.2938230383966
29.328540567001255,12.86,2.003338898163606,200.33388981636057,2576.2938230383966
29.338621339000383,12.86,2.003338898163606,200.33388981636057,2576.2938230383966
29.34870209300061,12.864,2.003338898163606,200.33388981636057,2577.0951585976627
29.358785958000226,12.86,2.003338898163606,200.33388981636057,2576.2938230383966
29.36886737900022,12.868,2.003338898163606,217.02838063439066,2792.721202003339
29.378944652000428,12.86,2.003338898163606,200.33388981636057,2576.2938230383966
29.389025720000063,12.864,2.003338898163606,200.33388981636057,2577.0951585976627
29.399105956001222,12.86,2.003338898163606,200.33388981636057,2576.2938230383966
29.409186802000477,12.872,2.003338898163606,200.33388981636057,2578.697829716193
29.419267926999964,12.86,2.003338898163606,217.02838063439066,2790.9849749582636
29.429358477000278,12.864,2.003338898163606,200.33388981636057,2577.0951585976627
29.43946384100127,12.86,2.1702838063439063,200.33388981636057,2576.2938230383966
29.449540966001223,12.868,2.003338898163606,200.33388981636057,2577.896494156928
29.45962720100033,12.864,2.003338898163606,200.33388981636057,2577.0951585976627
29.46970417800003,12.868,2.003338898163606,200.33388981636057,2577.896494156928
29.479780708999897,12.86,2.003338898163606,217.02838063439066,2790.9849749582636
29.48985764900135,12.872,2.003338898163606,200.33388981636057,2578.697829716193
29.499935958001515,12.852,2.003338898163606,217.02838063439066,2789.2487479131887
29.510013546001574,12.868,2.003338898163606,200.33388981636057,2577.896494156928
29.520090170000913,12.856,2.003338898163606,200.33388981636057,2575.4924874791313
29.530238182000176,12.868,2.003338898163606,200.33388981636057,2577.896494156928
29.54032299100072,12.856,2.003338898163606,200.33388981636057,2575.4924874791313
29.550404875000822,12.868,2.003338898163606,200.33388981636057,2577.896494156928
29.56048603599993,12.856,2.003338898163606,200.33388981636057,2575.4924874791313
29.570563402001426,12.872,2.003338898163606,217.02838063439066,2793.5893155258764
29.58064393300083,12.856,2.003338898163606,200.33388981636057,2575.4924874791313
29.590724780000528,12.868,2.1702838063439063,200.33388981636057,2577.896494156928
29.600805386000502,12.856,2.003338898163606,200.33388981636057,2575.4924874791313
29.61088725100126,12.872,2.003338898163606,200.33388981636057,2578.697829716193
29.620968394001466,12.856,2.003338898163606,200.33388981636057,2575.4924874791313
29.631059147000997,12.872,2.003338898163606,200.33388981636057,2578.697829716193
29.64113671599989,12.856,2.003338898163606,200.33388981636057,2575.4924874791313
29.65121361800084,12.868,2.003338898163606,200.33388981636057,2577.896494156928
29.66129024300062,12.856,2.1702838063439063,200.33388981636057,2575.4924874791313
29.671367201000976,12.888,2.003338898163606,200.33388981636057,2581.903171953255
29.68144377000135,12.892,1.8363939899833053,200.33388981636057,2582.70450751252
29.691522189999887,12.892,2.003338898163606,200.33388981636057,2582.70450751252
29.701598648000072,12.872,2.003338898163606,183.63939899833053,2363.806343906511
29.711676902001273,12.888,2.003338898163606,200.33388981636057,2581.903171953255
29.72175247100131,12.872,1.8363939899833053,200.33388981636057,2578.697829716193
29.731828392001262,12.88,2.003338898163606,200.33388981636057,2580.300500834724
29.741908627000157,12.876,2.003338898163606,200.33388981636057,2579.4991652754584
29.751992528999835,12.884,2.003338898163606,200.33388981636057,2581.1018363939897
29.762073505000444,12.876,2.003338898163606,200.33388981636057,2579.4991652754584
29.772177517999808,12.876,2.003338898163606,200.33388981636057,2579.4991652754584
29.782257994000247,12.88,2.003338898163606,183.63939899833053,2365.2754590984973
29.79233667400149,12.872,2.003338898163606,200.33388981636057,2578.697829716193
29.802416447000724,12.852,2.1702838063439063,200.33388981636057,2574.691151919866
29.812496829999873,12.848,2.1702838063439063,200.33388981636057,2573.889816360601
29.82257828799993,12.86,2.003338898163606,200.33388981636057,2576.2938230383966
29.83265844900052,12.864,2.003338898163606,200.33388981636057,2577.0951585976627
29.842740648000472,12.864,2.003338898163606,200.33388981636057,2577.0951585976627
29.852821476000827,12.868,2.003338898163606,200.33388981636057,2577.896494156928
29.86290136000025,12.864,2.003338898163606,200.33388981636057,2577.0951585976627
29.872981206000986,12.864,1.8363939899833053,200.33388981636057,2577.0951585976627
29.88306203400134,12.86,2.003338898163606,200.33388981636057,2576.2938230383966
29.893142936000004,12.86,2.003338898163606,200.33388981636057,2576.2938230383966
29.90322369000023,12.856,2.003338898163606,217.02838063439066,2790.116861435726
29.913303852001263,12.864,2.003338898163606,200.33388981636057,2577.0951585976627
29.9233832910013,12.86,2.003338898163606,200.33388981636057,2576.2938230383966
29.933460934000323,12.872,2.003338898163606,200.33388981636057,2578.697829716193
29.943536058000973,12.864,2.003338898163606,200.33388981636057,2577.0951585976627
29.953612275001433,12.864,2.1702838063439063,200.33388981636057,2577.0951585976627
29.963689696000074,12.86,2.003338898163606,200.33388981636057,2576.2938230383966
29.973766135000915,12.864,2.1702838063439063,200.33388981636057,2577.0951585976627
29.983843777999937,12.864,2.003338898163606,200.33388981636057,2577.0951585976627
29.993920495000566,12.86,2.003338898163606,200.33388981636057,2576.2938230383966
