t_s,bus_v,shunt_mv,current_ma,power_mw
0.00034347399923717603,12.884,1.8425460636515907,184.25460636515908,2373.93634840871
0.010409653999886359,12.88,1.8425460636515907,184.25460636515908,2373.199329983249
0.02047214899903338,12.876,1.8425460636515907,184.25460636515908,2372.4623115577883
0.03053308899870899,12.888,2.0100502512562812,184.25460636515908,2374.6733668341703
0.04059386199878645,12.876,2.0100502512562812,201.0050251256281,2588.140703517587
0.05066261699903407,12.888,2.0100502512562812,184.25460636515908,2374.6733668341703
0.060724723000021186,12.868,2.0100502512562812,201.0050251256281,2586.5326633165823
0.07078681100028916,12.884,1.8425460636515907,184.25460636515908,2373.93634840871
0.0808483979999437,12.864,2.0100502512562812,184.25460636515908,2370.2512562814063
0.09090859699972498,12.888,1.8425460636515907,184.25460636515908,2374.6733668341703
0.10096790799980226,12.868,1.8425460636515907,201.0050251256281,2586.5326633165823
0.11103092099983769,12.884,2.0100502512562812,201.0050251256281,2589.7487437185923
0.12109117599902675,12.84,2.0100502512562812,201.0050251256281,2580.9045226130647
0.1311509119987022,12.868,2.0100502512562812,201.0050251256281,2586.5326633165823
0.14122292499996547,12.852,2.0100502512562812,201.0050251256281,2583.3165829145723
0.15128351299972564,12.876,2.0100502512562812,201.0050251256281,2588.140703517587
0.16134508200048003,12.856,2.0100502512562812,201.0050251256281,2584.1206030150747
0.1714060590002191,12.868,2.0100502512562812,201.0050251256281,2586.5326633165823
0.18146688799970434,12.856,2.0100502512562812,201.0050251256281,2584.1206030150747
0.19152736499927414,12.868,2.0100502512562812,184.25460636515908,2370.9882747068673
0.20158824899954197,12.856,2.0100502512562812,201.0050251256281,2584.1206030150747
0.2116484660000424,12.876,2.0100502512562812,201.0050251256281,2588.140703517587
0.22170938700037368,12.856,2.0100502512562812,201.0050251256281,2584.1206030150747
0.23176966000028187,12.872,2.0100502512562812,201.0050251256281,2587.3366834170847
0.24183345199890027,12.856,2.0100502512562812,201.0050251256281,2584.1206030150747
0.2518937989989354,12.876,2.0100502512562812,201.0050251256281,2588.140703517587
0.26195457199901284,12.852,2.0100502512562812,201.0050251256281,2583.3165829145723
0.2720153640002536,12.872,1.8425460636515907,201.0050251256281,2587.3366834170847
0.28207552599997143,12.848,2.0100502512562812,201.0050251256281,2582.51256281407
0.2921358169987798,12.872,2.0100502512562812,201.0050251256281,2587.3366834170847
0.30219658999885723,12.852,2.0100502512562812,201.0050251256281,2583.3165829145723
0.3122568629987654,12.876,2.0100502512562812,201.0050251256281,2588.140703517587
0.32231559899992135,12.852,2.0100502512562812,201.0050251256281,2583.3165829145723
0.33237379799902556,12.876,2.0100502512562812,201.0050251256281,2588.140703517587
0.34243284900003346,12.856,2.0100502512562812,201.0050251256281,2584.1206030150747
0.35249147399918,12.876,2.0100502512562812,201.0050251256281,2588.140703517587
0.3625516169995535,12.856,2.0100502512562812,201.0050251256281,2584.1206030150747
0.37261190899880603,12.864,2.0100502512562812,201.0050251256281,2585.72864321608
0.3826721629993699,12.856,2.0100502512562812,201.0050251256281,2584.1206030150747
0.3927327330002299,12.868,2.0100502512562812,201.0050251256281,2586.5326633165823
0.4027937840000959,12.856,2.0100502512562812,201.0050251256281,2584.1206030150747
0.41285448300004646,12.876,2.0100502512562812,201.0050251256281,2588.140703517587
0.4229155699995317,12.856,2.0100502512562812,184.25460636515908,2368.7772194304853
0.43297645500024373,12.876,2.0100502512562812,201.0050251256281,2588.140703517587
0.44303509800010943,12.856,2.0100502512562812,201.0050251256281,2584.1206030150747
0.45309479699972144,12.876,2.0100502512562812,201.0050251256281,2588.140703517587
0.4631552920000104,12.856,2.0100502512562812,201.0050251256281,2584.1206030150747
0.47321595399989747,12.872,2.0100502512562812,201.0050251256281,2587.3366834170847
0.48327713499929814,12.848,2.0100502512562812,201.0050251256281,2582.51256281407
0.493338426000264,12.872,2.0100502512562812,201.0050251256281,2587.3366834170847
0.5033991439995589,12.852,2.0100502512562812,201.0050251256281,2583.3165829145723
0.5134590460002073,12.876,2.0100502512562812,201.0050251256281,2588.140703517587
0.5235205789995234,12.856,2.0100502512562812,201.0050251256281,2584.1206030150747
0.5335815739999816,12.876,2.0100502512562812,201.0050251256281,2588.140703517587
0.5436417170003551,12.852,2.0100502512562812,201.0050251256281,2583.3165829145723
0.5537024160003057,12.872,2.0100502512562812,201.0050251256281,2587.3366834170847
0.5637610039993888,12.856,2.0100502512562812,201.0050251256281,2584.1206030150747
0.5738214069988317,12.868,2.0100502512562812,201.0050251256281,2586.5326633165823
0.5838819019991206,12.852,2.0100502512562812,201.0050251256281,2583.3165829145723
0.5939410640003189,12.872,2.0100502512562812,201.0050251256281,2587.3366834170847
0.6039995959999942,12.856,2.0100502512562812,201.0050251256281,2584.1206030150747
0.6140612399995007,12.872,2.0100502512562812,201.0050251256281,2587.3366834170847
0.6241218649993243,12.856,2.0100502512562812,201.0050251256281,2584.1206030150747
0.6341833229998883,12.876,2.0100502512562812,201.0050251256281,2588.140703517587
0.6442440769988025,12.852,2.0100502512562812,201.0050251256281,2583.3165829145723
0.6543042020002758,12.872,2.0100502512562812,201.0050251256281,2587.3366834170847
0.66436541999974,12.856,2.0100502512562812,201.0050251256281,2584.1206030150747
0.6744260819996271,12.872,2.0100502512562812,184.25460636515908,2371.725293132328
0.6844862990001275,12.852,2.0100502512562812,201.0050251256281,2583.3165829145723
0.6945463129995915,12.876,2.0100502512562812,201.0050251256281,2588.140703517587
0.7046069009993516,12.852,2.0100502512562812,201.0050251256281,2583.3165829145723
0.7146673589995771,12.876,2.0100502512562812,201.0050251256281,2588.140703517587
0.7247279469993373,12.852,2.0100502512562812,201.0050251256281,2583.3165829145723
0.7347862009992241,12.876,2.0100502512562812,201.0050251256281,2588.140703517587
0.74484493700038,12.852,1.8425460636515907,201.0050251256281,2583.3165829145723
0.754904784998871,12.872,1.8425460636515907,201.0050251256281,2587.3366834170847
0.7649637979993713,12.856,2.0100502512562812,201.0050251256281,2584.1206030150747
0.7750220159996388,12.868,2.0100502512562812,201.0050251256281,2586.5326633165823
0.7850828819991875,12.856,2.0100502512562812,201.0050251256281,2584.1206030150747
0.7951436359999207,12.872,2.0100502512562812,201.0050251256281,2587.3366834170847
0.8052038719997654,12.856,2.0100502512562812,201.0050251256281,2584.1206030150747
0.8152628119987639,12.872,2.0100502512562812,201.0050251256281,2587.3366834170847
0.8253225480002584,12.856,2.0100502512562812,201.0050251256281,2584.1206030150747
0.8353812280001875,12.872,2.0100502512562812,201.0050251256281,2587.3366834170847
0.8454408349989535,12.856,2.0100502512562812,201.0050251256281,2584.1206030150747
0.8555009600004269,12.868,2.0100502512562812,201.0050251256281,2586.5326633165823
0.8655617699987488,12.856,2.0100502512562812,201.0050251256281,2584.1206030150747
0.8756223950003914,12.868,2.0100502512562812,201.0050251256281,2586.5326633165823
0.8856822790003207,12.852,2.0100502512562812,201.0050251256281,2583.3165829145723
0.8957432189999963,12.876,2.0100502512562812,201.0050251256281,2588.140703517587
0.9058032689990796,12.848,2.0100502512562812,201.0050251256281,2582.51256281407
0.9158643390001089,12.876,1.8425460636515907,201.0050251256281,2588.140703517587
0.9259235009994882,12.852,1.8425460636515907,201.0050251256281,2583.3165829145723
0.9359830699995655,12.872,2.0100502512562812,201.0050251256281,2587.3366834170847
0.9460484909996012,12.852,2.0100502512562812,201.0050251256281,2583.3165829145723
0.9561096159995941,12.872,2.0100502512562812,201.0050251256281,2587.3366834170847
0.9661708519997774,12.856,1.8425460636515907,201.0050251256281,2584.1206030150747
0.9762319029996434,12.876,2.0100502512562812,201.0050251256281,2588.140703517587
0.9862915459998476,12.856,2.0100502512562812,184.25460636515908,2368.7772194304853
0.996351596999375,12.872,2.0100502512562812,201.0050251256281,2587.3366834170847
1.0064120739989448,12.856,2.0100502512562812,201.0050251256281,2584.1206030150747
1.0164723649995722,12.868,2.0100502512562812,201.0050251256281,2586.5326633165823
1.0265329899993958,12.852,2.0100502512562812,201.0050251256281,2583.3165829145723
1.0365942819989868,12.868,2.0100502512562812,201.0050251256281,2586.5326633165823
1.046662609998748,12.856,2.0100502512562812,201.0050251256281,2584.1206030150747
1.0567254939996928,12.872,2.0100502512562812,201.0050251256281,2587.3366834170847
1.066786396999305,12.856,2.0100502512562812,201.0050251256281,2584.1206030150747
1.0768473919997632,12.876,2.0100502512562812,201.0050251256281,2588.140703517587
1.0869089989992062,12.856,2.0100502512562812,201.0050251256281,2584.1206030150747
1.096969549998903,12.876,2.177554438860971,201.0050251256281,2588.140703517587
1.1070307859990862,12.848,2.0100502512562812,201.0050251256281,2582.51256281407
1.1170907439991424,12.876,2.0100502512562812,201.0050251256281,2588.140703517587
1.1271506100001716,12.852,2.0100502512562812,201.0050251256281,2583.3165829145723
1.1372237340001448,12.872,1.8425460636515907,201.0050251256281,2587.3366834170847
1.1472844149993762,12.852,2.0100502512562812,201.0050251256281,2583.3165829145723
1.1573449280003842,12.868,1.8425460636515907,184.25460636515908,2370.9882747068673
1.1674047380001866,12.856,2.0100502512562812,201.0050251256281,2584.1206030150747
1.1774649189992488,12.876,2.0100502512562812,201.0050251256281,2588.140703517587
1.187526154999432,12.856,2.0100502512562812,201.0050251256281,2584.1206030150747
1.1975871129998268,12.872,2.0100502512562812,201.0050251256281,2587.3366834170847
1.2076471829986986,12.856,2.0100502512562812,201.0050251256281,2584.1206030150747
1.2177093070004048,12.868,2.0100502512562812,201.0050251256281,2586.5326633165823
1.227769728999192,12.856,2.0100502512562812,201.0050251256281,2584.1206030150747
1.2378303530003905,12.868,2.0100502512562812,201.0050251256281,2586.5326633165823
1.247890959999495,12.856,2.0100502512562812,201.0050251256281,2584.1206030150747
1.2579514739991282,12.868,2.0100502512562812,201.0050251256281,2586.5326633165823
1.2680122099991422,12.856,2.0100502512562812,201.0050251256281,2584.1206030150747
1.2780728159996215,12.876,2.0100502512562812,201.0050251256281,2588.140703517587
1.2881339779996779,12.856,2.0100502512562812,201.0050251256281,2584.1206030150747
1.2981925099993532,12.876,2.0100502512562812,201.0050251256281,2588.140703517587
1.3082532089993038,12.852,2.0100502512562812,201.0050251256281,2583.3165829145723
1.318313722998937,12.872,2.0100502512562812,201.0050251256281,2587.3366834170847
1.3283738850004738,12.848,2.0100502512562812,201.0050251256281,2582.51256281407
1.3384344539990707,12.868,2.0100502512562812,201.0050251256281,2586.5326633165823
1.348495135000121,12.852,2.0100502512562812,201.0050251256281,2583.3165829145723
1.3585554820001562,12.868,1.8425460636515907,184.25460636515908,2370.9882747068673
1.3686153479993663,12.856,2.0100502512562812,201.0050251256281,2584.1206030150747
1.3786758799997187,12.876,2.0100502512562812,201.0050251256281,2588.140703517587
1.3887360600001557,12.856,2.0100502512562812,201.0050251256281,2584.1206030150747
1.3987959449987102,12.872,2.0100502512562812,201.0050251256281,2587.3366834170847
1.4088561619992106,12.856,2.0100502512562812,201.0050251256281,2584.1206030150747
1.4189169540004514,12.868,2.0100502512562812,201.0050251256281,2586.5326633165823
1.428977503999704,12.856,2.0100502512562812,201.0050251256281,2584.1206030150747
1.4390378890002467,12.868,2.0100502512562812,201.0050251256281,2586.5326633165823
1.4490975879998587,12.856,2.0100502512562812,201.0050251256281,2584.1206030150747
1.4591579899988574,12.876,2.0100502512562812,201.0050251256281,2588.140703517587
1.469219485999929,12.856,2.0100502512562812,217.7554438860971,2799.4639865996646
1.4792797589998372,12.876,2.0100502512562812,201.0050251256281,2588.140703517587
1.4893404949998512,12.86,2.0100502512562812,201.0050251256281,2584.924623115577
1.4994011750004574,12.872,2.0100502512562812,201.0050251256281,2587.3366834170847
1.5094615959988005,12.856,2.0100502512562812,201.0050251256281,2584.1206030150747
1.5195221840003796,12.868,2.0100502512562812,201.0050251256281,2586.5326633165823
1.5295829200003936,12.848,2.0100502512562812,201.0050251256281,2582.51256281407
1.5396438230000058,12.868,2.0100502512562812,201.0050251256281,2586.5326633165823
1.5497046879991103,12.856,2.0100502512562812,201.0050251256281,2584.1206030150747
1.5597650540003087,12.876,2.0100502512562812,201.0050251256281,2588.140703517587
1.5698257719996036,12.856,2.0100502512562812,201.0050251256281,2584.1206030150747
1.5798858039997867,12.876,2.0100502512562812,201.0050251256281,2588.140703517587
1.5899459100000968,12.856,2.0100502512562812,201.0050251256281,2584.1206030150747
1.6000065349999204,12.872,2.177554438860971,201.0050251256281,2587.3366834170847
1.6100665679987287,12.856,2.0100502512562812,201.0050251256281,2584.1206030150747
1.6201267479991657,12.864,2.0100502512562812,201.0050251256281,2585.72864321608
1.6301871319992642,12.856,2.0100502512562812,201.0050251256281,2584.1206030150747
1.6402478870004416,12.864,2.0100502512562812,201.0050251256281,2585.72864321608
1.6503084559990384,12.86,2.0100502512562812,201.0050251256281,2584.924623115577
1.6603692110002157,12.872,2.0100502512562812,201.0050251256281,2587.3366834170847
1.6704292979993625,12.856,2.0100502512562812,201.0050251256281,2584.1206030150747
1.6804893859989534,12.872,2.0100502512562812,201.0050251256281,2587.3366834170847
1.6905496409999614,12.856,2.0100502512562812,201.0050251256281,2584.1206030150747
1.7006106360004196,12.872,1.8425460636515907,201.0050251256281,2587.3366834170847
1.7106707799994183,12.86,2.0100502512562812,201.0050251256281,2584.924623115577
1.7207304789990303,12.868,2.0100502512562812,201.0050251256281,2586.5326633165823
1.7307910290001018,12.852,2.0100502512562812,201.0050251256281,2583.3165829145723
1.740851524999016,12.872,2.0100502512562812,201.0050251256281,2587.3366834170847
1.750912038000024,12.856,2.0100502512562812,201.0050251256281,2584.1206030150747
1.7609727369999746,12.872,2.0100502512562812,201.0050251256281,2587.3366834170847
1.7710326590004115,12.856,2.0100502512562812,201.0050251256281,2584.1206030150747
1.7810929320003197,12.872,2.0100502512562812,201.0050251256281,2587.3366834170847
1.7911529639986838,12.856,2.0100502512562812,201.0050251256281,2584.1206030150747
1.801223847998699,12.872,2.0100502512562812,201.0050251256281,2587.3366834170847
1.8112843620001513,12.856,2.0100502512562812,201.0050251256281,2584.1206030150747
1.821344264999425,12.864,2.0100502512562812,201.0050251256281,2585.72864321608
1.8314049259988678,12.856,2.0100502512562812,201.0050251256281,2584.1206030150747
1.8414652550000028,12.868,2.0100502512562812,201.0050251256281,2586.5326633165823
1.8515264540001226,12.856,2.0100502512562812,201.0050251256281,2584.1206030150747
1.8615872640002635,12.872,2.0100502512562812,201.0050251256281,2587.3366834170847
1.8716481849987758,12.856,2.0100502512562812,201.0050251256281,2584.1206030150747
1.8817087179995724,12.872,2.0100502512562812,201.0050251256281,2587.3366834170847
1.8917689350000728,12.856,2.0100502512562812,201.0050251256281,2584.1206030150747
1.9018297080001503,12.868,2.0100502512562812,201.0050251256281,2586.5326633165823
1.911891296000249,12.86,2.0100502512562812,201.0050251256281,2584.924623115577
1.921952272999988,12.868,2.0100502512562812,201.0050251256281,2586.5326633165823
1.9320135269990715,12.856,2.0100502512562812,201.0050251256281,2584.1206030150747
1.9420743560003757,12.872,2.0100502512562812,201.0050251256281,2587.3366834170847
1.9521349810001993,12.852,2.0100502512562812,201.0050251256281,2583.3165829145723
1.9621959579999384,12.876,2.0100502512562812,201.0050251256281,2588.140703517587
1.9722563969990006,12.856,2.0100502512562812,201.0050251256281,2584.1206030150747
1.9823173739987396,12.872,2.0100502512562812,201.0050251256281,2587.3366834170847
1.9923779990003823,12.856,2.0100502512562812,201.0050251256281,2584.1206030150747
2.0024414019990218,12.868,2.0100502512562812,201.0050251256281,2586.5326633165823
2.0125018039998395,12.856,2.0100502512562812,201.0050251256281,2584.1206030150747
2.0225625399998535,12.868,2.0100502512562812,201.0050251256281,2586.5326633165823
2.032623220999085,12.86,2.0100502512562812,201.0050251256281,2584.924623115577
2.042699771000116,12.868,2.0100502512562812,201.0050251256281,2586.5326633165823
2.0527635809994536,12.856,2.0100502512562812,201.0050251256281,2584.1206030150747
2.0628243169994676,12.868,2.0100502512562812,184.25460636515908,2370.9882747068673
2.072885960998974,12.86,2.0100502512562812,201.0050251256281,2584.924623115577
2.082946603999517,12.868,1.8425460636515907,201.0050251256281,2586.5326633165823
2.0930075260002923,12.86,2.0100502512562812,201.0050251256281,2584.924623115577
2.1030681319989526,12.868,2.0100502512562812,201.0050251256281,2586.5326633165823
2.1131291639994743,12.856,1.8425460636515907,201.0050251256281,2584.1206030150747
2.123189697000271,12.868,2.177554438860971,201.0050251256281,2586.5326633165823
2.133251080998889,12.856,2.0100502512562812,201.0050251256281,2584.1206030150747
2.1433114829997066,12.876,2.0100502512562812,201.0050251256281,2588.140703517587
2.153372331000355,12.852,1.8425460636515907,201.0050251256281,2583.3165829145723
2.163433603998783,12.872,2.0100502512562812,201.0050251256281,2587.3366834170847
2.1734943029987335,12.856,2.0100502512562812,201.0050251256281,2584.1206030150747
2.183555649999107,12.868,2.0100502512562812,201.0050251256281,2586.5326633165823
2.193615903999671,12.856,2.0100502512562812,201.0050251256281,2584.1206030150747
2.2036761029994523,12.868,2.0100502512562812,201.0050251256281,2586.5326633165823
2.2137370239997836,12.86,2.0100502512562812,184.25460636515908,2369.514237855946
2.2237978350003687,12.868,2.0100502512562812,201.0050251256281,2586.5326633165823
2.233859070998733,12.856,2.0100502512562812,201.0050251256281,2584.1206030150747
2.243919806998747,12.868,2.0100502512562812,201.0050251256281,2586.5326633165823
2.253980469000453,12.856,1.8425460636515907,201.0050251256281,2584.1206030150747
2.2640415930000017,12.864,2.0100502512562812,201.0050251256281,2585.72864321608
2.2741020519988524,12.856,2.0100502512562812,201.0050251256281,2584.1206030150747
2.284162194999226,12.868,1.8425460636515907,201.0050251256281,2586.5326633165823
2.294223004999367,12.856,2.0100502512562812,201.0050251256281,2584.1206030150747
2.3042834079988097,12.868,1.8425460636515907,201.0050251256281,2586.5326633165823
2.3143470699997124,12.86,2.0100502512562812,201.0050251256281,2584.924623115577
2.3244058059990493,12.872,2.0100502512562812,201.0050251256281,2587.3366834170847
2.334466670999973,12.86,2.0100502512562812,201.0050251256281,2584.924623115577
2.344527425999331,12.872,2.0100502512562812,201.0050251256281,2587.3366834170847
2.354587681000339,12.852,2.0100502512562812,201.0050251256281,2583.3165829145723
2.36464839799919,12.872,2.0100502512562812,201.0050251256281,2587.3366834170847
2.374708355999246,12.848,2.0100502512562812,201.0050251256281,2582.51256281407
2.3847686480003176,12.868,2.0100502512562812,201.0050251256281,2586.5326633165823
2.3948284029993374,12.856,2.0100502512562812,184.25460636515908,2368.7772194304853
2.4048882869992667,12.868,2.0100502512562812,201.0050251256281,2586.5326633165823
2.4149478010003804,12.86,2.0100502512562812,201.0050251256281,2584.924623115577
2.42500842499976,12.876,2.0100502512562812,201.0050251256281,2588.140703517587
2.435067884000091,12.856,2.0100502512562812,201.0050251256281,2584.1206030150747
2.4451279349996184,12.872,2.0100502512562812,201.0050251256281,2587.3366834170847
2.455187837000267,12.86,2.0100502512562812,201.0050251256281,2584.924623115577
2.465247535999879,12.864,1.8425460636515907,201.0050251256281,2585.72864321608
2.4753076059987507,12.856,2.0100502512562812,201.0050251256281,2584.1206030150747
2.4853686379992723,12.864,2.0100502512562812,201.0050251256281,2585.72864321608
2.495429040998715,12.86,2.0100502512562812,201.0050251256281,2584.924623115577
2.505489535999004,12.868,1.8425460636515907,201.0050251256281,2586.5326633165823
2.515550493999399,12.86,2.0100502512562812,201.0050251256281,2584.924623115577
2.525611081999159,12.872,2.0100502512562812,201.0050251256281,2587.3366834170847
2.5356716699989192,12.86,2.0100502512562812,184.25460636515908,2369.514237855946
2.5457322019992716,12.872,2.0100502512562812,184.25460636515908,2371.725293132328
2.5557921979998355,12.852,2.0100502512562812,201.0050251256281,2583.3165829145723
2.565852581999934,12.872,2.0100502512562812,201.0050251256281,2587.3366834170847
2.5759132069997577,12.852,2.0100502512562812,201.0050251256281,2583.3165829145723
2.5859739059997082,12.868,2.0100502512562812,201.0050251256281,2586.5326633165823
2.59603384500042,12.856,2.0100502512562812,184.25460636515908,2368.7772194304853
2.606093451999186,12.868,2.0100502512562812,201.0050251256281,2586.5326633165823
2.6161532619989885,12.86,2.0100502512562812,201.0050251256281,2584.924623115577
2.626213404999362,12.876,1.8425460636515907,201.0050251256281,2588.140703517587
2.636274438000328,12.856,2.0100502512562812,201.0050251256281,2584.1206030150747
2.646334969998861,12.872,2.0100502512562812,201.0050251256281,2587.3366834170847
2.656395705998875,12.856,2.0100502512562812,201.0050251256281,2584.1206030150747
2.6664563119993545,12.864,2.0100502512562812,201.0050251256281,2585.72864321608
2.676516845000151,12.86,2.0100502512562812,201.0050251256281,2584.924623115577
2.686577802998727,12.864,2.0100502512562812,201.0050251256281,2585.72864321608
2.696638391000306,12.86,2.0100502512562812,201.0050251256281,2584.924623115577
2.7066990160001296,12.872,2.0100502512562812,184.25460636515908,2371.725293132328
2.7167596780000167,12.86,2.0100502512562812,201.0050251256281,2584.924623115577
2.7268197100002,12.876,2.0100502512562812,201.0050251256281,2588.140703517587
2.7368797050003195,12.86,2.0100502512562812,201.0050251256281,2584.924623115577
2.746939663999001,12.868,2.0100502512562812,201.0050251256281,2586.5326633165823
2.7569999549996282,12.86,2.0100502512562812,184.25460636515908,2369.514237855946
2.767060172998754,12.872,2.0100502512562812,201.0050251256281,2587.3366834170847
2.7771202419990004,12.852,2.0100502512562812,201.0050251256281,2583.3165829145723
2.7871800339999027,12.868,2.0100502512562812,201.0050251256281,2586.5326633165823
2.797240881000107,12.856,2.0100502512562812,201.0050251256281,2584.1206030150747
2.8073015059999307,12.876,2.0100502512562812,201.0050251256281,2588.140703517587
2.817361463999987,12.856,2.0100502512562812,201.0050251256281,2584.1206030150747
2.8274212929991336,12.876,2.0100502512562812,201.0050251256281,2588.140703517587
2.8374810659988725,12.856,2.0100502512562812,201.0050251256281,2584.1206030150747
2.847541060998992,12.872,2.0100502512562812,201.0050251256281,2587.3366834170847
2.8576012419998733,12.86,1.8425460636515907,201.0050251256281,2584.924623115577
2.867661403999591,12.864,2.0100502512562812,201.0050251256281,2585.72864321608
2.877721250999457,12.86,2.0100502512562812,201.0050251256281,2584.924623115577
2.8877810609992594,12.864,2.0100502512562812,201.0050251256281,2585.72864321608
2.8978423529988504,12.86,2.0100502512562812,201.0050251256281,2584.924623115577
2.9079022179994354,12.872,2.0100502512562812,201.0050251256281,2587.3366834170847
2.917963009998857,12.86,2.0100502512562812,201.0050251256281,2584.924623115577
2.928023745998871,12.872,2.0100502512562812,201.0050251256281,2587.3366834170847
2.938084777999393,12.86,2.0100502512562812,201.0050251256281,2584.924623115577
2.94814543999928,12.872,2.0100502512562812,201.0050251256281,2587.3366834170847
2.9582062129993574,12.86,2.0100502512562812,201.0050251256281,2584.924623115577
2.9682674309988215,12.868,2.0100502512562812,201.0050251256281,2586.5326633165823
2.9783271300002525,12.856,2.0100502512562812,201.0050251256281,2584.1206030150747
2.9883870689991454,12.868,2.0100502512562812,201.0050251256281,2586.5326633165823
2.9984479539998574,12.856,2.0100502512562812,201.0050251256281,2584.1206030150747
3.0085086340004636,12.876,2.0100502512562812,201.0050251256281,2588.140703517587
3.018572351998955,12.856,2.0100502512562812,184.25460636515908,2368.7772194304853
3.0286331429997517,12.872,2.0100502512562812,201.0050251256281,2587.3366834170847
3.0386936199993215,12.856,2.0100502512562812,201.0050251256281,2584.1206030150747
3.0487626340000133,12.872,2.0100502512562812,201.0050251256281,2587.3366834170847
3.0588253699988854,12.86,1.8425460636515907,201.0050251256281,2584.924623115577
3.0688858089997666,12.868,1.8425460636515907,201.0050251256281,2586.5326633165823
3.078946878998977,12.86,1.8425460636515907,201.0050251256281,2584.924623115577
3.0890071889989485,12.868,2.0100502512562812,201.0050251256281,2586.5326633165823
3.0990673689993855,12.86,2.0100502512562812,201.0050251256281,2584.924623115577
3.1091280869986804,12.868,2.0100502512562812,201.0050251256281,2586.5326633165823
3.119188303999181,12.86,2.0100502512562812,201.0050251256281,2584.924623115577
3.1292483919987717,12.868,2.0100502512562812,201.0050251256281,2586.5326633165823
3.1393090909987222,12.86,2.0100502512562812,201.0050251256281,2584.924623115577
3.1493698459998996,12.868,2.0100502512562812,201.0050251256281,2586.5326633165823
3.159430359999533,12.86,2.0100502512562812,201.0050251256281,2584.924623115577
3.1694905219992506,12.868,2.0100502512562812,201.0050251256281,2586.5326633165823
3.1795508319992223,12.856,2.0100502512562812,201.0050251256281,2584.1206030150747
3.189610585999617,12.872,2.0100502512562812,201.0050251256281,2587.3366834170847
3.1996713039989118,12.852,2.0100502512562812,201.0050251256281,2583.3165829145723
3.209731891998672,12.872,2.0100502512562812,201.0050251256281,2587.3366834170847
3.219792460999088,12.86,2.0100502512562812,201.0050251256281,2584.924623115577
3.229853066999567,12.872,2.0100502512562812,184.25460636515908,2371.725293132328
3.239913637000427,12.856,2.0100502512562812,201.0050251256281,2584.1206030150747
3.2499728169987065,12.868,2.0100502512562812,201.0050251256281,2586.5326633165823
3.260033886999736,12.86,2.0100502512562812,201.0050251256281,2584.924623115577
3.2700944190000882,12.868,2.0100502512562812,201.0050251256281,2586.5326633165823
3.280154987998685,12.864,2.0100502512562812,201.0050251256281,2585.72864321608
3.2902159839995875,12.868,2.0100502512562812,201.0050251256281,2586.5326633165823
3.3002766640001937,12.86,2.0100502512562812,184.25460636515908,2369.514237855946
3.3103373819994886,12.864,2.0100502512562812,201.0050251256281,2585.72864321608
3.320397987999968,12.86,2.0100502512562812,201.0050251256281,2584.924623115577
3.3304583539993473,12.868,1.8425460636515907,201.0050251256281,2586.5326633165823
3.3405190339999535,12.86,2.0100502512562812,201.0050251256281,2584.924623115577
3.3505791959996714,12.868,2.0100502512562812,201.0050251256281,2586.5326633165823
3.360639746999368,12.86,2.0100502512562812,201.0050251256281,2584.924623115577
3.3707003719991917,12.868,2.0100502512562812,201.0050251256281,2586.5326633165823
3.3807605339989095,12.86,2.0100502512562812,201.0050251256281,2584.924623115577
3.390820991999135,12.876,1.8425460636515907,201.0050251256281,2588.140703517587
3.4008815249999316,12.856,2.0100502512562812,201.0050251256281,2584.1206030150747
3.4109402049998607,12.872,2.0100502512562812,201.0050251256281,2587.3366834170847
3.4210006260000227,12.86,1.8425460636515907,184.25460636515908,2369.514237855946
3.4310611769997195,12.868,2.0100502512562812,201.0050251256281,2586.5326633165823
3.4411211730002833,12.86,2.0100502512562812,201.0050251256281,2584.924623115577
3.4511809639989224,12.868,2.0100502512562812,201.0050251256281,2586.5326633165823
3.4612415339997824,12.86,2.0100502512562812,201.0050251256281,2584.924623115577
3.47130232499876,12.876,1.8425460636515907,201.0050251256281,2588.140703517587
3.4813630059998104,12.884,1.8425460636515907,184.25460636515908,2373.93634840871
3.4914235010000993,12.9,1.8425460636515907,201.0050251256281,2592.9648241206023
3.5014840889998595,12.88,1.8425460636515907,184.25460636515908,2373.199329983249
3.5115446399995562,12.884,1.8425460636515907,184.25460636515908,2373.93634840871
3.5216051719999086,12.872,1.8425460636515907,201.0050251256281,2587.3366834170847
3.531665129999965,12.884,2.0100502512562812,201.0050251256281,2589.7487437185923
3.5417262179998943,12.868,2.0100502512562812,184.25460636515908,2370.9882747068673
3.551787028000035,12.884,1.8425460636515907,201.0050251256281,2589.7487437185923
3.5618474499988224,12.868,1.8425460636515907,201.0050251256281,2586.5326633165823
3.5719082779996825,12.892,1.8425460636515907,184.25460636515908,2375.410385259631
3.5819687549992523,12.868,1.8425460636515907,184.25460636515908,2370.9882747068673
3.592029305998949,12.892,1.8425460636515907,184.25460636515908,2375.410385259631
3.6020898379993014,12.86,1.8425460636515907,201.0050251256281,2584.924623115577
3.612150073999146,12.864,2.0100502512562812,201.0050251256281,2585.72864321608
3.622210735999033,12.836,2.0100502512562812,201.0050251256281,2580.1005025125623
3.6322707870003796,12.872,2.0100502512562812,201.0050251256281,2587.3366834170847
3.6423306899996533,12.852,2.0100502512562812,201.0050251256281,2583.3165829145723
3.652391648000048,12.876,2.0100502512562812,201.0050251256281,2588.140703517587
3.6624521800004004,12.852,2.0100502512562812,201.0050251256281,2583.3165829145723
3.672512879000351,12.88,1.8425460636515907,201.0050251256281,2588.94472361809
3.682573596999646,12.852,2.0100502512562812,201.0050251256281,2583.3165829145723
3.6926335739990463,12.88,2.0100502512562812,201.0050251256281,2588.94472361809
3.7026940689993353,12.856,2.0100502512562812,201.0050251256281,2584.1206030150747
3.712754637999751,12.872,2.0100502512562812,201.0050251256281,2587.3366834170847
3.722815207998792,12.856,1.8425460636515907,201.0050251256281,2584.1206030150747
3.7328757209998003,12.872,2.0100502512562812,201.0050251256281,2587.3366834170847
3.7429363279989047,12.856,2.0100502512562812,201.0050251256281,2584.1206030150747
3.7529969709994475,12.876,2.0100502512562812,201.0050251256281,2588.140703517587
3.7630553929993766,12.852,2.0100502512562812,201.0050251256281,2583.3165829145723
3.7731154249995598,12.876,2.0100502512562812,201.0050251256281,2588.140703517587
3.7831751800003985,12.852,2.0100502512562812,201.0050251256281,2583.3165829145723
3.7932352119987627,12.876,2.0100502512562812,201.0050251256281,2588.140703517587
3.8032949110001937,12.848,2.0100502512562812,201.0050251256281,2582.51256281407
3.813354776999404,12.876,1.8425460636515907,201.0050251256281,2588.140703517587
3.823414641999989,12.848,2.0100502512562812,201.0050251256281,2582.51256281407
3.8334746379987337,12.876,2.0100502512562812,201.0050251256281,2588.140703517587
3.8435346329988533,12.852,2.0100502512562812,201.0050251256281,2583.3165829145723
3.8535944989998825,12.88,2.0100502512562812,184.25460636515908,2373.199329983249
3.8636548269987543,12.852,2.0100502512562812,201.0050251256281,2583.3165829145723
3.873714729999847,12.876,2.0100502512562812,201.0050251256281,2588.140703517587
3.883774502999586,12.852,2.0100502512562812,184.25460636515908,2368.0402010050243
3.8938344990001497,12.88,2.0100502512562812,201.0050251256281,2588.94472361809
3.9038950859994657,12.852,2.0100502512562812,201.0050251256281,2583.3165829145723
3.91395519300022,12.872,2.0100502512562812,201.0050251256281,2587.3366834170847
3.924014262000128,12.856,2.0100502512562812,201.0050251256281,2584.1206030150747
3.9340758319995075,12.872,2.0100502512562812,201.0050251256281,2587.3366834170847
3.9441359199990984,12.852,2.0100502512562812,201.0050251256281,2583.3165829145723
3.9542143589987973,12.868,2.0100502512562812,201.0050251256281,2586.5326633165823
3.9642948910004634,12.856,2.0100502512562812,201.0050251256281,2584.1206030150747
3.9743754970004375,12.872,2.0100502512562812,201.0050251256281,2587.3366834170847
3.9844553069997346,12.86,2.0100502512562812,201.0050251256281,2584.924623115577
3.994535060999624,12.868,2.0100502512562812,201.0050251256281,2586.5326633165823
4.004616017999069,12.856,2.0100502512562812,201.0050251256281,2584.1206030150747
4.01469668000027,12.872,2.0100502512562812,201.0050251256281,2587.3366834170847
4.024780341000223,12.86,2.0100502512562812,201.0050251256281,2584.924623115577
4.0348615029997745,12.872,2.0100502512562812,201.0050251256281,2587.3366834170847
4.044955311999729,12.88,2.0100502512562812,201.0050251256281,2588.94472361809
4.0550349179993646,12.892,2.0100502512562812,184.25460636515908,2375.410385259631
4.065111097999761,12.872,1.8425460636515907,184.25460636515908,2371.725293132328
4.075187315998846,12.888,2.0100502512562812,184.25460636515908,2374.6733668341703
4.0852656249990105,12.868,2.0100502512562812,201.0050251256281,2586.5326633165823
4.095341139000084,12.888,1.8425460636515907,201.0050251256281,2590.5527638190947
4.105424262999804,12.868,1.8425460636515907,184.25460636515908,2370.9882747068673
4.1155015179992915,12.884,1.8425460636515907,184.25460636515908,2373.93634840871
4.125578160999794,12.864,1.8425460636515907,201.0050251256281,2585.72864321608
4.135653989000275,12.888,1.8425460636515907,184.25460636515908,2374.6733668341703
4.145797297000172,12.864,1.8425460636515907,184.25460636515908,2370.2512562814063
4.155879033000019,12.888,1.8425460636515907,201.0050251256281,2590.5527638190947
4.165960287000416,12.84,2.0100502512562812,201.0050251256281,2580.9045226130647
4.176041558999714,12.864,2.0100502512562812,201.0050251256281,2585.72864321608
4.186123053999836,12.844,1.8425460636515907,201.0050251256281,2581.708542713567
4.196203863999472,12.876,2.0100502512562812,201.0050251256281,2588.140703517587
4.206284451000101,12.848,2.0100502512562812,201.0050251256281,2582.51256281407
4.216365223999674,12.872,2.0100502512562812,201.0050251256281,2587.3366834170847
4.22644505199969,12.848,2.0100502512562812,201.0050251256281,2582.51256281407
4.236524509999072,12.872,2.0100502512562812,201.0050251256281,2587.3366834170847
4.2466151529988565,12.852,2.0100502512562812,201.0050251256281,2583.3165829145723
4.256691869999486,12.876,2.0100502512562812,201.0050251256281,2588.140703517587
4.266768438999861,12.848,2.0100502512562812,201.0050251256281,2582.51256281407
4.276841007998883,12.876,2.0100502512562812,184.25460636515908,2372.4623115577883
4.286917965999237,12.848,2.0100502512562812,201.0050251256281,2582.51256281407
4.296994423999422,12.876,2.0100502512562812,201.0050251256281,2588.140703517587
4.307070455999565,12.852,2.0100502512562812,201.0050251256281,2583.3165829145723
4.317146043998946,12.868,2.0100502512562812,201.0050251256281,2586.5326633165823
4.327222464999068,12.856,2.0100502512562812,201.0050251256281,2584.1206030150747
4.337300384999253,12.868,2.177554438860971,201.0050251256281,2586.5326633165823
4.347383602000264,12.856,2.0100502512562812,201.0050251256281,2584.1206030150747
4.357465578999836,12.868,2.0100502512562812,201.0050251256281,2586.5326633165823
4.367542574000254,12.852,2.0100502512562812,201.0050251256281,2583.3165829145723
4.377624808999826,12.876,2.0100502512562812,201.0050251256281,2588.140703517587
4.387705525999991,12.852,2.0100502512562812,201.0050251256281,2583.3165829145723
4.397787724999944,12.876,2.0100502512562812,201.0050251256281,2588.140703517587
4.407868071999474,12.848,2.0100502512562812,201.0050251256281,2582.51256281407
4.417952899999364,12.872,2.0100502512562812,201.0050251256281,2587.3366834170847
4.428033987000163,12.844,2.0100502512562812,201.0050251256281,2581.708542713567
4.4381150560002425,12.876,2.0100502512562812,201.0050251256281,2588.140703517587
4.4482032359992445,12.852,2.0100502512562812,201.0050251256281,2583.3165829145723
4.458280842000022,12.872,2.0100502512562812,201.0050251256281,2587.3366834170847
4.468357484998705,12.856,2.0100502512562812,201.0050251256281,2584.1206030150747
4.47843636899961,12.876,1.8425460636515907,201.0050251256281,2588.140703517587
4.488511696999922,12.848,2.0100502512562812,201.0050251256281,2582.51256281407
4.498587191999832,12.876,2.0100502512562812,201.0050251256281,2588.140703517587
4.508663890999742,12.848,2.0100502512562812,201.0050251256281,2582.51256281407
4.5187401629991655,12.868,2.0100502512562812,201.0050251256281,2586.5326633165823
4.528816157999245,12.852,2.0100502512562812,201.0050251256281,2583.3165829145723
4.538892450000276,12.864,2.0100502512562812,201.0050251256281,2585.72864321608
4.54897692600025,12.856,2.0100502512562812,201.0050251256281,2584.1206030150747
4.559057475998998,12.872,2.0100502512562812,184.25460636515908,2371.725293132328
4.569138044998908,12.856,2.0100502512562812,201.0050251256281,2584.1206030150747
4.579218650998882,12.872,2.177554438860971,201.0050251256281,2587.3366834170847
4.589298812999914,12.856,2.0100502512562812,201.0050251256281,2584.1206030150747
4.599378326000078,12.872,2.0100502512562812,201.0050251256281,2587.3366834170847
4.6094583769991,12.852,2.0100502512562812,201.0050251256281,2583.3165829145723
4.619538574999751,12.872,2.0100502512562812,201.0050251256281,2587.3366834170847
4.629620625999451,12.844,2.0100502512562812,201.0050251256281,2581.708542713567
4.639699934999953,12.872,2.0100502512562812,201.0050251256281,2587.3366834170847
4.649780170999293,12.848,2.0100502512562812,201.0050251256281,2582.51256281407
4.659860832000049,12.872,2.0100502512562812,201.0050251256281,2587.3366834170847
4.669942104999791,12.856,1.8425460636515907,201.0050251256281,2584.1206030150747
4.680023470000378,12.872,2.0100502512562812,201.0050251256281,2587.3366834170847
4.69010413199976,12.86,2.0100502512562812,201.0050251256281,2584.924623115577
4.7001849970001786,12.868,2.0100502512562812,201.0050251256281,2586.5326633165823
4.710265325000364,12.86,2.0100502512562812,201.0050251256281,2584.924623115577
4.720346135,12.868,2.0100502512562812,201.0050251256281,2586.5326633165823
4.730426815000101,12.852,2.0100502512562812,201.0050251256281,2583.3165829145723
4.7405077169987635,12.868,2.0100502512562812,201.0050251256281,2586.5326633165823
4.750583359998927,12.852,2.0100502512562812,201.0050251256281,2583.3165829145723
4.760664076999092,12.868,2.0100502512562812,201.0050251256281,2586.5326633165823
4.77074420200006,12.856,1.8425460636515907,184.25460636515908,2368.7772194304853
4.7808234189997165,12.868,2.0100502512562812,201.0050251256281,2586.5326633165823
4.790899895999246,12.856,2.0100502512562812,217.7554438860971,2799.4639865996646
4.800975483000002,12.868,2.0100502512562812,201.0050251256281,2586.5326633165823
4.811056366999765,12.86,2.0100502512562812,201.0050251256281,2584.924623115577
4.82113295399904,12.876,2.0100502512562812,201.0050251256281,2588.140703517587
4.8312131719994795,12.884,2.0100502512562812,201.0050251256281,2589.7487437185923
4.841287981000278,12.892,1.8425460636515907,184.25460636515908,2375.410385259631
4.851377883000168,12.864,1.8425460636515907,184.25460636515908,2370.2512562814063
4.86145347099955,12.888,1.8425460636515907,184.25460636515908,2374.6733668341703
4.8715291139997134,12.864,1.8425460636515907,201.0050251256281,2585.72864321608
4.8816041279987985,12.888,2.0100502512562812,201.0050251256281,2590.5527638190947
4.89168115999928,12.868,1.8425460636515907,184.25460636515908,2370.9882747068673
4.90176500599955,12.888,2.0100502512562812,201.0050251256281,2590.5527638190947
4.911845204998826,12.868,1.8425460636515907,184.25460636515908,2370.9882747068673
4.921924958998716,12.88,1.8425460636515907,201.0050251256281,2588.94472361809
4.9320056950000435,12.868,1.8425460636515907,201.0050251256281,2586.5326633165823
4.942086560000462,12.88,1.8425460636515907,184.25460636515908,2373.199329983249
4.9521763140000985,12.84,2.0100502512562812,201.0050251256281,2580.9045226130647
4.962257974999375,12.864,2.0100502512562812,201.0050251256281,2585.72864321608
4.972335414999179,12.844,2.0100502512562812,201.0050251256281,2581.708542713567
4.982415409998794,12.876,2.0100502512562812,201.0050251256281,2588.140703517587
4.992490274999,12.852,2.0100502512562812,201.0050251256281,2583.3165829145723
5.002571065999291,12.876,2.0100502512562812,201.0050251256281,2588.140703517587
5.012652117000471,12.852,2.0100502512562812,201.0050251256281,2583.3165829145723
5.022732536999683,12.872,2.0100502512562812,201.0050251256281,2587.3366834170847
5.0328133839993825,12.848,2.0100502512562812,201.0050251256281,2582.51256281407
5.042912138000247,12.872,2.0100502512562812,184.25460636515908,2371.725293132328
5.053084315999513,12.852,2.0100502512562812,201.0050251256281,2583.3165829145723
5.063156995998725,12.876,2.0100502512562812,201.0050251256281,2588.140703517587
5.073235009998825,12.848,2.0100502512562812,201.0050251256281,2582.51256281407
5.08331170800011,12.876,2.0100502512562812,201.0050251256281,2588.140703517587
5.0933896110000205,12.848,2.0100502512562812,201.0050251256281,2582.51256281407
5.103465791000417,12.876,2.177554438860971,201.0050251256281,2588.140703517587
5.113538229999904,12.852,2.0100502512562812,201.0050251256281,2583.3165829145723
5.123609428999771,12.872,1.8425460636515907,201.0050251256281,2587.3366834170847
5.133687460998772,12.852,2.0100502512562812,201.0050251256281,2583.3165829145723
5.1437637340004585,12.868,2.0100502512562812,201.0050251256281,2586.5326633165823
5.153889356999571,12.856,2.0100502512562812,201.0050251256281,2584.1206030150747
5.163970759000222,12.868,2.0100502512562812,201.0050251256281,2586.5326633165823
5.174051216999942,12.856,2.0100502512562812,201.0050251256281,2584.1206030150747
5.184128286000487,12.872,2.0100502512562812,201.0050251256281,2587.3366834170847
5.194203725999614,12.856,2.0100502512562812,201.0050251256281,2584.1206030150747
5.204278850000264,12.872,2.0100502512562812,201.0050251256281,2587.3366834170847
5.214359863999562,12.852,2.0100502512562812,201.0050251256281,2583.3165829145723
5.224440247999155,12.876,2.0100502512562812,201.0050251256281,2588.140703517587
5.2345205759993405,12.844,2.0100502512562812,201.0050251256281,2581.708542713567
5.244601014999716,12.872,2.0100502512562812,201.0050251256281,2587.3366834170847
5.254691064999861,12.852,2.0100502512562812,201.0050251256281,2583.3165829145723
5.264768375000131,12.872,2.0100502512562812,201.0050251256281,2587.3366834170847
5.274844685000062,12.856,2.0100502512562812,201.0050251256281,2584.1206030150747
5.28492118000031,12.876,2.0100502512562812,201.0050251256281,2588.140703517587
5.2949939709997125,12.852,2.177554438860971,201.0050251256281,2583.3165829145723
5.3050726700003,12.876,2.0100502512562812,201.0050251256281,2588.140703517587
5.315149756999745,12.848,2.0100502512562812,201.0050251256281,2582.51256281407
5.3252279560001625,12.872,2.0100502512562812,201.0050251256281,2587.3366834170847
5.335304950998761,12.852,1.8425460636515907,201.0050251256281,2583.3165829145723
5.345383038000364,12.868,2.0100502512562812,201.0050251256281,2586.5326633165823
5.3554705520000425,12.856,2.0100502512562812,201.0050251256281,2584.1206030150747
5.36555313899953,12.868,2.177554438860971,201.0050251256281,2586.5326633165823
5.375633559999187,12.856,2.177554438860971,201.0050251256281,2584.1206030150747
5.385716406999563,12.868,2.0100502512562812,201.0050251256281,2586.5326633165823
5.395799623998755,12.86,2.0100502512562812,201.0050251256281,2584.924623115577
5.405879156000083,12.872,2.0100502512562812,201.0050251256281,2587.3366834170847
5.41596637299881,12.86,2.0100502512562812,201.0050251256281,2584.924623115577
5.426055218998954,12.872,2.0100502512562812,201.0050251256281,2587.3366834170847
5.436135583999203,12.848,2.0100502512562812,217.7554438860971,2797.7219430485757
5.446213264000107,12.872,2.0100502512562812,201.0050251256281,2587.3366834170847
5.4563012959988555,12.844,2.0100502512562812,201.0050251256281,2581.708542713567
5.466377290998935,12.876,2.0100502512562812,184.25460636515908,2372.4623115577883
5.476452970999162,12.856,2.0100502512562812,184.25460636515908,2368.7772194304853
5.4865327999996225,12.872,2.0100502512562812,201.0050251256281,2587.3366834170847
5.496606405999046,12.86,2.0100502512562812,201.0050251256281,2584.924623115577
5.506682141000056,12.872,2.0100502512562812,201.0050251256281,2587.3366834170847
5.51675754399912,12.86,2.0100502512562812,201.0050251256281,2584.924623115577
5.526833056999749,12.872,2.0100502512562812,201.0050251256281,2587.3366834170847
5.536912792998919,12.856,2.0100502512562812,201.0050251256281,2584.1206030150747
5.5469900839998445,12.864,2.0100502512562812,201.0050251256281,2585.72864321608
5.557077579000179,12.856,2.0100502512562812,201.0050251256281,2584.1206030150747
5.567155573999116,12.868,2.0100502512562812,201.0050251256281,2586.5326633165823
5.577233513000465,12.856,2.0100502512562812,201.0050251256281,2584.1206030150747
5.587314618998789,12.872,2.0100502512562812,201.0050251256281,2587.3366834170847
5.597393058998932,12.86,2.0100502512562812,201.0050251256281,2584.924623115577
5.607466756999202,12.868,2.0100502512562812,201.0050251256281,2586.5326633165823
5.617542975000106,12.86,2.0100502512562812,201.0050251256281,2584.924623115577
5.627622709998832,12.872,2.0100502512562812,201.0050251256281,2587.3366834170847
5.637696093999693,12.852,2.0100502512562812,201.0050251256281,2583.3165829145723
5.647770384999603,12.868,2.0100502512562812,201.0050251256281,2586.5326633165823
5.657868639000299,12.848,2.0100502512562812,201.0050251256281,2582.51256281407
5.6679421339995315,12.872,2.0100502512562812,201.0050251256281,2587.3366834170847
5.678015036999568,12.852,2.0100502512562812,201.0050251256281,2583.3165829145723
5.688090568999542,12.872,2.0100502512562812,201.0050251256281,2587.3366834170847
5.69816950799941,12.86,2.0100502512562812,201.0050251256281,2584.924623115577
5.708245076999447,12.868,1.8425460636515907,201.0050251256281,2586.5326633165823
5.718321905000266,12.864,2.0100502512562812,201.0050251256281,2585.72864321608
5.728397363000113,12.868,2.0100502512562812,201.0050251256281,2586.5326633165823
5.738474284000404,12.864,2.0100502512562812,201.0050251256281,2585.72864321608
5.748549723999531,12.864,2.0100502512562812,201.0050251256281,2585.72864321608
5.758651013999042,12.86,1.8425460636515907,201.0050251256281,2584.924623115577
5.768725582998741,12.868,2.0100502512562812,201.0050251256281,2586.5326633165823
5.7787985790000675,12.856,2.0100502512562812,201.0050251256281,2584.1206030150747
5.7888749619996815,12.868,2.0100502512562812,201.0050251256281,2586.5326633165823
5.798966104999636,12.856,2.0100502512562812,184.25460636515908,2368.7772194304853
5.809041210999567,12.872,1.8425460636515907,201.0050251256281,2587.3366834170847
5.819116724998821,12.86,2.0100502512562812,201.0050251256281,2584.924623115577
5.829193108998879,12.868,2.0100502512562812,201.0050251256281,2586.5326633165823
5.839267956000185,12.86,2.0100502512562812,201.0050251256281,2584.924623115577
5.849344561998805,12.868,2.0100502512562812,201.0050251256281,2586.5326633165823
5.859433981999246,12.856,2.0100502512562812,201.0050251256281,2584.1206030150747
5.869513810999706,12.868,2.0100502512562812,201.0050251256281,2586.5326633165823
5.879587879999235,12.856,1.8425460636515907,201.0050251256281,2584.1206030150747
5.889661781999166,12.868,2.0100502512562812,201.0050251256281,2586.5326633165823
5.899734628999795,12.856,2.0100502512562812,201.0050251256281,2584.1206030150747
5.909814086999177,12.868,2.0100502512562812,201.0050251256281,2586.5326633165823
5.919896489000166,12.86,2.0100502512562812,184.25460636515908,2369.514237855946
5.9299750579994,12.868,1.8425460636515907,201.0050251256281,2586.5326633165823
5.940046682999309,12.86,2.0100502512562812,201.0050251256281,2584.924623115577
5.9501245110004675,12.864,2.0100502512562812,201.0050251256281,2585.72864321608
5.960209228000167,12.864,2.0100502512562812,201.0050251256281,2585.72864321608
5.970287259999168,12.864,2.0100502512562812,201.0050251256281,2585.72864321608
5.980362939999395,12.86,2.0100502512562812,201.0050251256281,2584.924623115577
5.990440397999919,12.864,2.0100502512562812,201.0050251256281,2585.72864321608
6.000522745000126,12.86,2.0100502512562812,201.0050251256281,2584.924623115577
6.0105966289993376,12.868,2.0100502512562812,201.0050251256281,2586.5326633165823
6.020675030998973,12.856,2.0100502512562812,201.0050251256281,2584.1206030150747
6.030748118999327,12.868,2.0100502512562812,201.0050251256281,2586.5326633165823
6.040824910000083,12.86,2.0100502512562812,201.0050251256281,2584.924623115577
6.050906700998894,12.868,2.0100502512562812,184.25460636515908,2370.9882747068673
6.061019769998893,12.856,2.0100502512562812,201.0050251256281,2584.1206030150747
6.07109678300003,12.864,2.0100502512562812,201.0050251256281,2585.72864321608
6.081173221999052,12.86,2.0100502512562812,201.0050251256281,2584.924623115577
6.091249846998835,12.868,2.0100502512562812,201.0050251256281,2586.5326633165823
6.101328026999909,12.856,2.0100502512562812,201.0050251256281,2584.1206030150747
6.111404207000305,12.868,2.0100502512562812,201.0050251256281,2586.5326633165823
6.121481942998798,12.856,2.0100502512562812,201.0050251256281,2584.1206030150747
6.1315576969991525,12.864,2.0100502512562812,201.0050251256281,2585.72864321608
6.141635210999084,12.86,2.0100502512562812,201.0050251256281,2584.924623115577
6.1517111689991,12.868,2.0100502512562812,201.0050251256281,2586.5326633165823
6.161849865999102,12.864,2.0100502512562812,201.0050251256281,2585.72864321608
6.171931490998759,12.864,2.0100502512562812,201.0050251256281,2585.72864321608
6.182012614999621,12.864,2.0100502512562812,201.0050251256281,2585.72864321608
6.192090462000124,12.86,2.0100502512562812,201.0050251256281,2584.924623115577
6.202171290000479,12.868,2.0100502512562812,201.0050251256281,2586.5326633165823
6.212251988999924,12.864,2.0100502512562812,184.25460636515908,2370.2512562814063
6.222332594999898,12.868,2.0100502512562812,201.0050251256281,2586.5326633165823
6.2324092380004,12.868,2.0100502512562812,201.0050251256281,2586.5326633165823
6.242484324999168,12.86,2.0100502512562812,201.0050251256281,2584.924623115577
6.25256459800039,12.864,1.8425460636515907,201.0050251256281,2585.72864321608
6.262656982000408,12.852,2.0100502512562812,201.0050251256281,2583.3165829145723
6.272733735999282,12.868,2.0100502512562812,184.25460636515908,2370.9882747068673
6.282810008999149,12.86,2.0100502512562812,201.0050251256281,2584.924623115577
6.292881651999778,12.864,2.0100502512562812,201.0050251256281,2585.72864321608
6.302958109999963,12.864,1.8425460636515907,201.0050251256281,2585.72864321608
6.3130345119989215,12.864,2.0100502512562812,217.7554438860971,2801.2060301507536
6.323107395999614,12.868,2.0100502512562812,201.0050251256281,2586.5326633165823
6.333183390999693,12.864,2.0100502512562812,201.0050251256281,2585.72864321608
6.34325944199918,12.86,2.0100502512562812,201.0050251256281,2584.924623115577
6.353337344000465,12.86,2.0100502512562812,201.0050251256281,2584.924623115577
6.363420783000038,12.86,2.0100502512562812,184.25460636515908,2369.514237855946
6.373503241000435,12.856,2.0100502512562812,201.0050251256281,2584.1206030150747
6.383583884000473,12.864,2.0100502512562812,201.0050251256281,2585.72864321608
6.393659119999938,12.86,2.0100502512562812,201.0050251256281,2584.924623115577
6.403740189000018,12.864,2.0100502512562812,201.0050251256281,2585.72864321608
6.4138224799989985,12.86,1.8425460636515907,201.0050251256281,2584.924623115577
6.423901844998909,12.868,2.0100502512562812,201.0050251256281,2586.5326633165823
6.433976655000151,12.86,2.0100502512562812,201.0050251256281,2584.924623115577
6.444052038999871,12.868,2.0100502512562812,201.0050251256281,2586.5326633165823
6.454132385999401,12.86,2.0100502512562812,201.0050251256281,2584.924623115577
6.464222102998974,12.864,2.0100502512562812,201.0050251256281,2585.72864321608
6.474302782999075,12.864,2.0100502512562812,184.25460636515908,2370.2512562814063
6.484378481000022,12.86,2.0100502512562812,201.0050251256281,2584.924623115577
6.4944590689992765,12.86,2.0100502512562812,201.0050251256281,2584.924623115577
6.504539211999145,12.86,2.0100502512562812,201.0050251256281,2584.924623115577
6.514620095998907,12.86,2.0100502512562812,201.0050251256281,2584.924623115577
6.52470109099886,12.868,2.0100502512562812,201.0050251256281,2586.5326633165823
6.534781362999638,12.86,2.0100502512562812,201.0050251256281,2584.924623115577
6.544862561999253,12.868,1.8425460636515907,201.0050251256281,2586.5326633165823
6.554943574999925,12.856,2.0100502512562812,201.0050251256281,2584.1206030150747
6.5650350879986945,12.868,2.0100502512562812,201.0050251256281,2586.5326633165823
6.575115009000001,12.852,2.0100502512562812,201.0050251256281,2583.3165829145723
6.58519513399915,12.872,2.0100502512562812,201.0050251256281,2587.3366834170847
6.595275776999188,12.856,2.0100502512562812,201.0050251256281,2584.1206030150747
6.605355511999733,12.86,2.0100502512562812,201.0050251256281,2584.924623115577
6.615434617999199,12.856,2.0100502512562812,201.0050251256281,2584.1206030150747
6.6255166129994905,12.864,2.0100502512562812,184.25460636515908,2370.2512562814063
6.6355972929995914,12.856,2.0100502512562812,201.0050251256281,2584.1206030150747
6.645677639999121,12.868,2.0100502512562812,201.0050251256281,2586.5326633165823
6.655758282999159,12.856,2.0100502512562812,201.0050251256281,2584.1206030150747
6.665865999999369,12.868,2.0100502512562812,201.0050251256281,2586.5326633165823
6.675946401999681,12.856,2.0100502512562812,201.0050251256281,2584.1206030150747
6.686027396999634,12.868,2.0100502512562812,201.0050251256281,2586.5326633165823
6.696108373000243,12.86,2.0100502512562812,201.0050251256281,2584.924623115577
6.706189034999625,12.864,2.0100502512562812,201.0050251256281,2585.72864321608
6.716269955999451,12.86,2.0100502512562812,201.0050251256281,2584.924623115577
6.72635104300025,12.864,2.0100502512562812,201.0050251256281,2585.72864321608
6.736431667999568,12.856,2.0100502512562812,201.0050251256281,2584.1206030150747
6.746511717999965,12.864,2.0100502512562812,201.0050251256281,2585.72864321608
6.7565907499993045,12.852,2.0100502512562812,201.0050251256281,2583.3165829145723
6.766695558999345,12.872,2.0100502512562812,201.0050251256281,2587.3366834170847
6.776775701999213,12.852,2.0100502512562812,201.0050251256281,2583.3165829145723
6.786854660000245,12.872,2.0100502512562812,201.0050251256281,2587.3366834170847
6.796935303000282,12.852,2.0100502512562812,201.0050251256281,2583.3165829145723
6.807016279999516,12.872,2.0100502512562812,201.0050251256281,2587.3366834170847
6.817095755999617,12.856,2.0100502512562812,201.0050251256281,2584.1206030150747
6.827176621000035,12.868,2.0100502512562812,201.0050251256281,2586.5326633165823
6.837251319999268,12.856,2.0100502512562812,201.0050251256281,2584.1206030150747
6.847332314999221,12.868,2.0100502512562812,201.0050251256281,2586.5326633165823
6.857414420999703,12.856,2.0100502512562812,201.0050251256281,2584.1206030150747
6.867494248999719,12.868,2.0100502512562812,201.0050251256281,2586.5326633165823
6.8775742999987415,12.872,2.0100502512562812,201.0050251256281,2587.3366834170847
6.88765346099899,12.896,1.8425460636515907,184.25460636515908,2376.147403685092
6.897735399999874,12.876,1.8425460636515907,201.0050251256281,2588.140703517587
6.9078159509990655,12.884,2.0100502512562812,201.0050251256281,2589.7487437185923
6.917896093998934,12.876,2.0100502512562812,201.0050251256281,2588.140703517587
6.927976143999331,12.884,2.0100502512562812,184.25460636515908,2373.93634840871
6.938056769000468,12.876,2.0100502512562812,184.25460636515908,2372.4623115577883
6.948137375000442,12.872,1.8425460636515907,184.25460636515908,2371.725293132328
6.958217647999845,12.876,1.8425460636515907,201.0050251256281,2588.140703517587
6.96830769799999,12.876,1.8425460636515907,201.0050251256281,2588.140703517587
6.97838878499897,12.872,1.8425460636515907,201.0050251256281,2587.3366834170847
6.988468520999959,12.876,2.0100502512562812,184.25460636515908,2372.4623115577883
6.99854957199932,12.876,2.0100502512562812,201.0050251256281,2588.140703517587
7.008630528998765,12.852,1.8425460636515907,201.0050251256281,2583.3165829145723
7.018710264999754,12.848,2.0100502512562812,201.0050251256281,2582.51256281407
7.0287905749992206,12.86,2.0100502512562812,201.0050251256281,2584.924623115577
7.038871235999977,12.864,1.8425460636515907,201.0050251256281,2585.72864321608
7.048960415999318,12.868,2.0100502512562812,201.0050251256281,2586.5326633165823
7.059042855998996,12.864,2.0100502512562812,201.0050251256281,2585.72864321608
7.069205088999297,12.852,2.0100502512562812,201.0050251256281,2583.3165829145723
7.079285140000138,12.868,2.0100502512562812,201.0050251256281,2586.5326633165823
7.089362967999477,12.852,2.0100502512562812,184.25460636515908,2368.0402010050243
7.099439222000001,12.864,2.0100502512562812,201.0050251256281,2585.72864321608
7.109517068998684,12.86,2.0100502512562812,201.0050251256281,2584.924623115577
7.119593157000054,12.864,2.0100502512562812,201.0050251256281,2585.72864321608
7.129670299998907,12.864,2.0100502512562812,201.0050251256281,2585.72864321608
7.139746794999155,12.864,1.8425460636515907,184.25460636515908,2370.2512562814063
7.14982445699934,12.86,2.0100502512562812,184.25460636515908,2369.514237855946
7.1599002109996945,12.868,2.0100502512562812,201.0050251256281,2586.5326633165823
7.170023111999399,12.86,1.8425460636515907,201.0050251256281,2584.924623115577
7.180103254999267,12.856,2.0100502512562812,201.0050251256281,2584.1206030150747
7.190183990998776,12.86,2.0100502512562812,201.0050251256281,2584.924623115577
7.20026480100023,12.86,2.0100502512562812,201.0050251256281,2584.924623115577
7.210345370000141,12.86,2.0100502512562812,201.0050251256281,2584.924623115577
7.220425550000073,12.864,2.0100502512562812,201.0050251256281,2585.72864321608
7.230506173998947,12.864,2.0100502512562812,184.25460636515908,2370.2512562814063
7.240585984000063,12.864,2.0100502512562812,201.0050251256281,2585.72864321608
7.250664922999931,12.868,2.0100502512562812,217.7554438860971,2802.077051926298
7.260745510999186,12.86,2.0100502512562812,201.0050251256281,2584.924623115577
7.270836523999606,12.864,2.0100502512562812,201.0050251256281,2585.72864321608
7.28090974099905,12.864,2.0100502512562812,201.0050251256281,2585.72864321608
7.2909849579991715,12.856,2.177554438860971,201.0050251256281,2584.1206030150747
7.301061027999822,12.864,2.0100502512562812,201.0050251256281,2585.72864321608
7.311137262999182,12.86,2.0100502512562812,201.0050251256281,2584.924623115577
7.321230609999475,12.864,2.0100502512562812,201.0050251256281,2585.72864321608
7.331306604999554,12.864,2.0100502512562812,201.0050251256281,2585.72864321608
7.341384228999232,12.864,2.0100502512562812,201.0050251256281,2585.72864321608
7.351460649999353,12.868,2.0100502512562812,201.0050251256281,2586.5326633165823
7.361538126999221,12.86,1.8425460636515907,201.0050251256281,2584.924623115577
7.371622196000317,12.872,2.0100502512562812,201.0050251256281,2587.3366834170847
7.381702856999254,12.852,2.0100502512562812,201.0050251256281,2583.3165829145723
7.391783721999673,12.872,2.0100502512562812,201.0050251256281,2587.3366834170847
7.40186606899988,12.856,2.0100502512562812,184.25460636515908,2368.7772194304853
7.41194663799979,12.864,2.0100502512562812,201.0050251256281,2585.72864321608
7.422027836999405,12.856,2.0100502512562812,201.0050251256281,2584.1206030150747
7.432108590999633,12.864,2.0100502512562812,201.0050251256281,2585.72864321608
7.44218851199912,12.86,2.0100502512562812,201.0050251256281,2584.924623115577
7.452268117998756,12.864,2.0100502512562812,201.0050251256281,2585.72864321608
7.462349667999661,12.86,1.8425460636515907,201.0050251256281,2584.924623115577
7.4724427000001015,12.864,2.0100502512562812,201.0050251256281,2585.72864321608
7.4825233800002025,12.86,2.0100502512562812,201.0050251256281,2584.924623115577
7.492604152999775,12.864,2.0100502512562812,201.0050251256281,2585.72864321608
7.502681443998881,12.86,2.0100502512562812,201.0050251256281,2584.924623115577
7.512762291000399,12.872,2.0100502512562812,184.25460636515908,2371.725293132328
7.5228421929987235,12.86,2.177554438860971,201.0050251256281,2584.924623115577
7.532922594999036,12.864,2.0100502512562812,201.0050251256281,2585.72864321608
7.5430033869997715,12.86,2.0100502512562812,201.0050251256281,2584.924623115577
7.553083863000211,12.864,2.0100502512562812,201.0050251256281,2585.72864321608
7.5631641170002695,12.86,2.0100502512562812,201.0050251256281,2584.924623115577
7.573254945000372,12.868,2.0100502512562812,201.0050251256281,2586.5326633165823
7.583335698998781,12.852,2.0100502512562812,217.7554438860971,2798.5929648241204
7.593418102000214,12.872,2.0100502512562812,201.0050251256281,2587.3366834170847
7.603497078000146,12.852,2.0100502512562812,201.0050251256281,2583.3165829145723
7.61357659100031,12.872,2.0100502512562812,201.0050251256281,2587.3366834170847
7.62365573399984,12.852,2.0100502512562812,201.0050251256281,2583.3165829145723
7.633735377999983,12.876,1.8425460636515907,201.0050251256281,2588.140703517587
7.643816169000274,12.856,2.0100502512562812,201.0050251256281,2584.1206030150747
7.653897848998895,12.868,2.0100502512562812,201.0050251256281,2586.5326633165823
7.663978196000244,12.856,2.0100502512562812,201.0050251256281,2584.1206030150747
7.674053523998737,12.868,2.0100502512562812,201.0050251256281,2586.5326633165823
7.684134260000064,12.856,2.0100502512562812,201.0050251256281,2584.1206030150747
7.694214753999404,12.864,2.0100502512562812,201.0050251256281,2585.72864321608
7.704295137998997,12.86,2.0100502512562812,201.0050251256281,2584.924623115577
7.714374985000177,12.872,2.0100502512562812,184.25460636515908,2371.725293132328
7.724455812998713,12.86,2.0100502512562812,201.0050251256281,2584.924623115577
7.734536992998983,12.872,2.0100502512562812,201.0050251256281,2587.3366834170847
7.7446181180002895,12.856,2.0100502512562812,201.0050251256281,2584.1206030150747
7.754700112998762,12.876,2.0100502512562812,201.0050251256281,2588.140703517587
7.764780718998736,12.856,2.0100502512562812,201.0050251256281,2584.1206030150747
7.774856898999133,12.868,2.0100502512562812,201.0050251256281,2586.5326633165823
7.784937708998768,12.852,2.0100502512562812,201.0050251256281,2583.3165829145723
7.795017536998785,12.868,2.0100502512562812,201.0050251256281,2586.5326633165823
7.805097383999964,12.848,2.0100502512562812,201.0050251256281,2582.51256281407
7.815178415999981,12.872,2.0100502512562812,201.0050251256281,2587.3366834170847
7.825258818000293,12.852,2.0100502512562812,201.0050251256281,2583.3165829145723
7.8353392939989135,12.876,2.0100502512562812,201.0050251256281,2588.140703517587
7.845419196999501,12.856,1.8425460636515907,201.0050251256281,2584.1206030150747
7.855496394999136,12.876,2.0100502512562812,217.7554438860971,2803.8190954773863
7.865577352999026,12.856,2.0100502512562812,201.0050251256281,2584.1206030150747
7.87565695900048,12.872,2.0100502512562812,201.0050251256281,2587.3366834170847
7.885736787999122,12.856,2.0100502512562812,201.0050251256281,2584.1206030150747
7.895817356999032,12.864,2.0100502512562812,217.7554438860971,2801.2060301507536
7.905899313998816,12.856,2.0100502512562812,201.0050251256281,2584.1206030150747
7.915980142999615,12.868,2.0100502512562812,201.0050251256281,2586.5326633165823
7.926060081999822,12.852,2.0100502512562812,201.0050251256281,2583.3165829145723
7.936140891999457,12.872,2.0100502512562812,201.0050251256281,2587.3366834170847
7.946221682999749,12.852,2.0100502512562812,201.0050251256281,2583.3165829145723
7.9563015479998285,12.876,2.0100502512562812,217.7554438860971,2803.8190954773863
7.966382264999993,12.852,2.0100502512562812,184.25460636515908,2368.0402010050243
7.976457815999311,12.876,1.8425460636515907,201.0050251256281,2588.140703517587
7.986537069999031,12.848,2.0100502512562812,201.0050251256281,2582.51256281407
7.996617675999005,12.872,1.8425460636515907,201.0050251256281,2587.3366834170847
8.006697134000206,12.848,2.0100502512562812,201.0050251256281,2582.51256281407
8.016773999999714,12.872,2.0100502512562812,201.0050251256281,2587.3366834170847
8.026854493999053,12.852,2.0100502512562812,201.0050251256281,2583.3165829145723
8.036935248999725,12.872,2.0100502512562812,201.0050251256281,2587.3366834170847
8.047027872999024,12.852,2.0100502512562812,201.0050251256281,2583.3165829145723
8.057109867999316,12.876,2.0100502512562812,201.0050251256281,2588.140703517587
8.067190899999332,12.848,2.0100502512562812,201.0050251256281,2582.51256281407
8.077271746000406,12.876,2.0100502512562812,201.0050251256281,2588.140703517587
8.0873492970004,12.852,2.0100502512562812,184.25460636515908,2368.0402010050243
8.097429976998683,12.868,2.0100502512562812,201.0050251256281,2586.5326633165823
8.10751402799906,12.852,2.0100502512562812,217.7554438860971,2798.5929648241204
8.11758804099918,12.868,2.0100502512562812,201.0050251256281,2586.5326633165823
8.127671461999853,12.852,2.0100502512562812,201.0050251256281,2583.3165829145723
8.13774704899879,12.872,2.0100502512562812,201.0050251256281,2587.3366834170847
8.14782071099944,12.852,2.0100502512562812,201.0050251256281,2583.3165829145723
8.15789911399952,12.876,2.0100502512562812,201.0050251256281,2588.140703517587
8.167975422999007,12.852,2.0100502512562812,201.0050251256281,2583.3165829145723
8.178053343999636,12.876,2.0100502512562812,184.25460636515908,2372.4623115577883
8.188129227999525,12.848,1.8425460636515907,201.0050251256281,2582.51256281407
8.1982057969999,12.872,2.0100502512562812,201.0050251256281,2587.3366834170847
8.208278774000064,12.848,2.0100502512562812,201.0050251256281,2582.51256281407
8.21835739800008,12.872,2.0100502512562812,201.0050251256281,2587.3366834170847
8.228433670999948,12.848,2.0100502512562812,201.0050251256281,2582.51256281407
8.23851131399897,12.872,2.0100502512562812,201.0050251256281,2587.3366834170847
8.248587439000403,12.848,2.0100502512562812,201.0050251256281,2582.51256281407
8.258663823000461,12.876,2.0100502512562812,201.0050251256281,2588.140703517587
8.268740039999102,12.852,2.0100502512562812,201.0050251256281,2583.3165829145723
8.27882090499952,12.876,2.0100502512562812,217.7554438860971,2803.8190954773863
8.2889005119996,12.852,2.0100502512562812,201.0050251256281,2583.3165829145723
8.29898932099968,12.876,2.0100502512562812,201.0050251256281,2588.140703517587
8.309066982999866,12.848,2.0100502512562812,201.0050251256281,2582.51256281407
8.319147903999692,12.876,2.0100502512562812,201.0050251256281,2588.140703517587
8.329230397999709,12.852,2.0100502512562812,201.0050251256281,2583.3165829145723
8.339311392999662,12.872,2.0100502512562812,201.0050251256281,2587.3366834170847
8.349393628999678,12.852,2.0100502512562812,201.0050251256281,2583.3165829145723
8.359474382999906,12.872,2.0100502512562812,201.0050251256281,2587.3366834170847
8.369555118999415,12.852,2.0100502512562812,184.25460636515908,2368.0402010050243
8.379633540000214,12.876,2.0100502512562812,201.0050251256281,2588.140703517587
8.38971166400006,12.848,2.0100502512562812,201.0050251256281,2582.51256281407
8.399788066999463,12.88,2.0100502512562812,201.0050251256281,2588.94472361809
8.40986617300041,12.844,2.0100502512562812,184.25460636515908,2366.5661641541033
8.419951296998988,12.88,2.0100502512562812,201.0050251256281,2588.94472361809
8.430030273999364,12.844,2.0100502512562812,201.0050251256281,2581.708542713567
8.440107694999824,12.872,2.177554438860971,201.0050251256281,2587.3366834170847
8.450183707998804,12.848,2.0100502512562812,201.0050251256281,2582.51256281407
8.460260517998904,12.872,2.0100502512562812,201.0050251256281,2587.3366834170847
8.470337456999914,12.852,2.0100502512562812,201.0050251256281,2583.3165829145723
8.480418637000184,12.872,2.177554438860971,201.0050251256281,2587.3366834170847
8.490500076999524,12.848,2.0100502512562812,201.0050251256281,2582.51256281407
8.500579886998821,12.872,2.0100502512562812,201.0050251256281,2587.3366834170847
8.510660103998816,12.848,2.0100502512562812,201.0050251256281,2582.51256281407
8.520740468999065,12.876,2.0100502512562812,201.0050251256281,2588.140703517587
8.53081670499887,12.848,2.0100502512562812,201.0050251256281,2582.51256281407
8.540898088000176,12.876,2.0100502512562812,201.0050251256281,2588.140703517587
8.550977675999093,12.848,2.0100502512562812,201.0050251256281,2582.51256281407
8.561057929999151,12.88,2.0100502512562812,201.0050251256281,2588.94472361809
8.571138739998787,12.848,2.0100502512562812,201.0050251256281,2582.51256281407
8.581235604999165,12.876,2.0100502512562812,201.0050251256281,2588.140703517587
8.591311729000154,12.848,2.0100502512562812,201.0050251256281,2582.51256281407
8.601388335999218,12.876,2.0100502512562812,201.0050251256281,2588.140703517587
8.611463719998937,12.852,2.0100502512562812,201.0050251256281,2583.3165829145723
8.621541122000053,12.884,2.0100502512562812,201.0050251256281,2589.7487437185923
8.63161717299954,12.848,2.0100502512562812,201.0050251256281,2582.51256281407
8.641692500999852,12.88,2.0100502512562812,201.0050251256281,2588.94472361809
8.65176808799879,12.848,2.0100502512562812,201.0050251256281,2582.51256281407
8.661844361000476,12.88,2.0100502512562812,201.0050251256281,2588.94472361809
8.671920818998842,12.852,2.0100502512562812,201.0050251256281,2583.3165829145723
8.682001295999726,12.88,2.0100502512562812,184.25460636515908,2373.199329983249
8.692083215999446,12.852,2.0100502512562812,201.0050251256281,2583.3165829145723
8.702163784999357,12.876,1.8425460636515907,201.0050251256281,2588.140703517587
8.712244113999986,12.852,1.8425460636515907,201.0050251256281,2583.3165829145723
8.722325294000257,12.876,2.0100502512562812,201.0050251256281,2588.140703517587
8.73240652899949,12.852,2.0100502512562812,201.0050251256281,2583.3165829145723
8.742487153998809,12.876,2.0100502512562812,184.25460636515908,2372.4623115577883
8.752569000998847,12.852,2.0100502512562812,201.0050251256281,2583.3165829145723
8.762650550999751,12.88,2.0100502512562812,184.25460636515908,2373.199329983249
8.772730897999281,12.852,2.0100502512562812,201.0050251256281,2583.3165829145723
8.782810855998832,12.88,2.0100502512562812,201.0050251256281,2588.94472361809
8.79289138799868,12.852,2.0100502512562812,201.0050251256281,2583.3165829145723
8.802971271999922,12.876,2.0100502512562812,184.25460636515908,2372.4623115577883
8.813052358998902,12.88,1.8425460636515907,201.0050251256281,2588.94472361809
8.823131909999574,12.9,1.8425460636515907,184.25460636515908,2376.8844221105524
8.833237941000334,12.872,1.8425460636515907,184.25460636515908,2371.725293132328
8.843318917999568,12.892,1.8425460636515907,184.25460636515908,2375.410385259631
8.853400226998929,12.868,2.0100502512562812,184.25460636515908,2370.9882747068673
8.863480815000003,12.892,1.8425460636515907,201.0050251256281,2591.356783919597
8.873562310000125,12.868,1.8425460636515907,184.25460636515908,2370.9882747068673
8.883639581999887,12.892,1.8425460636515907,184.25460636515908,2375.410385259631
8.893719428999248,12.868,1.8425460636515907,184.25460636515908,2370.9882747068673
8.90380029500011,12.888,1.8425460636515907,184.25460636515908,2374.6733668341703
8.913882789000127,12.876,1.8425460636515907,184.25460636515908,2372.4623115577883
8.92396254400046,12.876,2.0100502512562812,184.25460636515908,2372.4623115577883
8.934043593999377,12.852,2.0100502512562812,201.0050251256281,2583.3165829145723
8.94412458899933,12.856,1.8425460636515907,201.0050251256281,2584.1206030150747
8.954205453999748,12.856,1.8425460636515907,201.0050251256281,2584.1206030150747
8.964285170999574,12.872,2.0100502512562812,201.0050251256281,2587.3366834170847
8.974379592000332,12.86,2.0100502512562812,201.0050251256281,2584.924623115577
8.984457771999587,12.876,2.0100502512562812,201.0050251256281,2588.140703517587
8.994533877999856,12.86,2.0100502512562812,201.0050251256281,2584.924623115577
9.004610558999047,12.868,2.0100502512562812,201.0050251256281,2586.5326633165823
9.014686905000417,12.856,2.0100502512562812,201.0050251256281,2584.1206030150747
9.02476341900001,12.868,2.0100502512562812,201.0050251256281,2586.5326633165823
9.034840766000343,12.856,2.0100502512562812,201.0050251256281,2584.1206030150747
9.044928871999218,12.868,1.8425460636515907,201.0050251256281,2586.5326633165823
9.055008367000482,12.856,2.0100502512562812,184.25460636515908,2368.7772194304853
9.065085139000075,12.872,2.0100502512562812,201.0050251256281,2587.3366834170847
9.075163393999901,12.86,1.8425460636515907,201.0050251256281,2584.924623115577
9.085247592000087,12.876,2.0100502512562812,201.0050251256281,2588.140703517587
9.095328531999257,12.86,2.0100502512562812,184.25460636515908,2369.514237855946
9.105409822999718,12.872,2.0100502512562812,217.7554438860971,2802.948073701842
9.115490410000348,12.856,2.0100502512562812,201.0050251256281,2584.1206030150747
9.12557614599973,12.872,1.8425460636515907,184.25460636515908,2371.725293132328
9.135655807998774,12.86,2.0100502512562812,201.0050251256281,2584.924623115577
9.145737228000144,12.864,2.0100502512562812,201.0050251256281,2585.72864321608
9.155818426999758,12.86,2.0100502512562812,201.0050251256281,2584.924623115577
9.165899236999394,12.868,2.0100502512562812,184.25460636515908,2370.9882747068673
9.176062155998807,12.86,2.0100502512562812,201.0050251256281,2584.924623115577
9.186139761999584,12.872,2.0100502512562812,201.0050251256281,2587.3366834170847
9.196216960999664,12.86,1.8425460636515907,201.0050251256281,2584.924623115577
9.206295066998791,12.876,2.0100502512562812,201.0050251256281,2588.140703517587
9.216371505999632,12.86,2.0100502512562812,201.0050251256281,2584.924623115577
9.226448519999394,12.876,2.0100502512562812,201.0050251256281,2588.140703517587
9.236524736999854,12.856,2.0100502512562812,201.0050251256281,2584.1206030150747
9.24660141700042,12.868,2.0100502512562812,201.0050251256281,2586.5326633165823
9.256677968000076,12.86,2.0100502512562812,201.0050251256281,2584.924623115577
9.266753926000092,12.868,2.0100502512562812,201.0050251256281,2586.5326633165823
9.276839975998882,12.86,2.0100502512562812,201.0050251256281,2584.924623115577
9.28692156299985,12.872,1.8425460636515907,201.0050251256281,2587.3366834170847
9.29699924399938,12.86,2.0100502512562812,201.0050251256281,2584.924623115577
9.307079960999545,12.872,2.0100502512562812,201.0050251256281,2587.3366834170847
9.317160548000174,12.86,2.0100502512562812,201.0050251256281,2584.924623115577
9.327241265000339,12.868,2.0100502512562812,184.25460636515908,2370.9882747068673
9.337323796999044,12.86,2.0100502512562812,201.0050251256281,2584.924623115577
9.347404625999843,12.872,2.0100502512562812,201.0050251256281,2587.3366834170847
9.357486564998908,12.86,2.0100502512562812,201.0050251256281,2584.924623115577
9.367566152999643,12.876,2.0100502512562812,201.0050251256281,2588.140703517587
9.37765542499983,12.864,2.0100502512562812,184.25460636515908,2370.2512562814063
9.387736234999466,12.868,2.0100502512562812,201.0050251256281,2586.5326633165823
9.397817211000074,12.86,2.0100502512562812,201.0050251256281,2584.924623115577
9.407898372999625,12.868,2.0100502512562812,201.0050251256281,2586.5326633165823
9.417978719999155,12.856,2.0100502512562812,201.0050251256281,2584.1206030150747
9.428059844000018,12.872,2.0100502512562812,201.0050251256281,2587.3366834170847
9.43814000599923,12.856,2.0100502512562812,201.0050251256281,2584.1206030150747
9.44822035299876,12.876,2.0100502512562812,201.0050251256281,2588.140703517587
9.458301254999242,12.86,2.0100502512562812,201.0050251256281,2584.924623115577
9.468381304999639,12.876,2.0100502512562812,201.0050251256281,2588.140703517587
9.478473151999424,12.86,1.8425460636515907,201.0050251256281,2584.924623115577
9.488547257999016,12.868,2.0100502512562812,201.0050251256281,2586.5326633165823
9.49862401199971,12.864,2.0100502512562812,201.0050251256281,2585.72864321608
9.50870080399909,12.868,2.0100502512562812,184.25460636515908,2370.9882747068673
9.518777094999678,12.864,2.0100502512562812,201.0050251256281,2585.72864321608
9.528852348999862,12.868,1.8425460636515907,201.0050251256281,2586.5326633165823
9.538928695999857,12.868,2.0100502512562812,201.0050251256281,2586.5326633165823
9.54900604300019,12.868,1.8425460636515907,201.0050251256281,2586.5326633165823
9.559082870999191,12.864,2.0100502512562812,201.0050251256281,2585.72864321608
9.569158051999693,12.872,2.0100502512562812,201.0050251256281,2587.3366834170847
9.579242694999266,12.864,1.8425460636515907,201.0050251256281,2585.72864321608
9.589323467000213,12.876,2.0100502512562812,184.25460636515908,2372.4623115577883
9.599402609999743,12.864,2.0100502512562812,201.0050251256281,2585.72864321608
9.609483104999526,12.876,2.0100502512562812,201.0050251256281,2588.140703517587
9.619563562999247,12.86,2.0100502512562812,201.0050251256281,2584.924623115577
9.629643799000405,12.868,2.0100502512562812,201.0050251256281,2586.5326633165823
9.639723201000379,12.856,2.0100502512562812,184.25460636515908,2368.7772194304853
9.649804233000395,12.872,1.8425460636515907,201.0050251256281,2587.3366834170847
9.65988472800018,12.864,2.0100502512562812,201.0050251256281,2585.72864321608
9.669965926999794,12.872,2.0100502512562812,201.0050251256281,2587.3366834170847
9.68005751399869,12.864,2.0100502512562812,201.0050251256281,2585.72864321608
9.690137564999532,12.872,1.8425460636515907,201.0050251256281,2587.3366834170847
9.70021831899976,12.864,2.0100502512562812,184.25460636515908,2370.2512562814063
9.710299202999522,12.876,2.0100502512562812,201.0050251256281,2588.140703517587
9.720380437998756,12.864,2.0100502512562812,201.0050251256281,2585.72864321608
9.73046091499964,12.86,2.0100502512562812,201.0050251256281,2584.924623115577
9.740541409999423,12.864,2.0100502512562812,201.0050251256281,2585.72864321608
9.750621830000455,12.86,2.0100502512562812,184.25460636515908,2369.514237855946
9.760702102999858,12.864,2.0100502512562812,201.0050251256281,2585.72864321608
9.770781764998901,12.864,2.0100502512562812,201.0050251256281,2585.72864321608
9.780887721999534,12.864,2.0100502512562812,201.0050251256281,2585.72864321608
9.790968661000079,12.868,2.0100502512562812,201.0050251256281,2586.5326633165823
9.801048581999567,12.868,2.0100502512562812,201.0050251256281,2586.5326633165823
9.811127670000133,12.872,1.8425460636515907,201.0050251256281,2587.3366834170847
9.82120697999926,12.864,2.0100502512562812,201.0050251256281,2585.72864321608
9.831286900998748,12.872,2.0100502512562812,201.0050251256281,2587.3366834170847
9.84136720999959,12.86,2.0100502512562812,201.0050251256281,2584.924623115577
9.85144642799969,12.864,2.0100502512562812,201.0050251256281,2585.72864321608
9.861527330000172,12.864,2.0100502512562812,201.0050251256281,2585.72864321608
9.8716080840004,12.864,2.0100502512562812,201.0050251256281,2585.72864321608
9.88168924599995,12.864,1.8425460636515907,201.0050251256281,2585.72864321608
9.891769185000157,12.868,1.8425460636515907,201.0050251256281,2586.5326633165823
9.901849050000237,12.864,2.0100502512562812,184.25460636515908,2370.2512562814063
9.911928767998688,12.872,2.0100502512562812,201.0050251256281,2587.3366834170847
9.922010225000122,12.864,2.0100502512562812,201.0050251256281,2585.72864321608
9.932090164998954,12.868,2.0100502512562812,201.0050251256281,2586.5326633165823
9.942171012000472,12.864,2.0100502512562812,201.0050251256281,2585.72864321608
9.952251746999536,12.872,2.0100502512562812,184.25460636515908,2371.725293132328
9.962332502000208,12.868,2.0100502512562812,201.0050251256281,2586.5326633165823
9.972412867000457,12.864,2.0100502512562812,201.0050251256281,2585.72864321608
9.982493342999078,12.868,2.0100502512562812,201.0050251256281,2586.5326633165823
9.992568300998755,12.864,1.8425460636515907,201.0050251256281,2585.72864321608
10.00264462999985,12.868,2.0100502512562812,201.0050251256281,2586.5326633165823
10.012721068998871,12.868,2.0100502512562812,201.0050251256281,2586.5326633165823
10.022797583000283,12.868,2.0100502512562812,201.0050251256281,2586.5326633165823
10.032870577999347,12.872,2.0100502512562812,184.25460636515908,2371.725293132328
10.042960479999238,12.86,2.0100502512562812,201.0050251256281,2584.924623115577
10.053040531000079,12.872,1.8425460636515907,201.0050251256281,2587.3366834170847
10.06311746999927,12.868,2.0100502512562812,201.0050251256281,2586.5326633165823
10.073193853999328,12.864,2.0100502512562812,184.25460636515908,2370.2512562814063
10.083343420999881,12.864,2.0100502512562812,201.0050251256281,2585.72864321608
10.093426637999073,12.864,2.0100502512562812,201.0050251256281,2585.72864321608
10.103506225999809,12.868,2.0100502512562812,201.0050251256281,2586.5326633165823
10.113586980000036,12.864,2.0100502512562812,201.0050251256281,2585.72864321608
10.123667048999778,12.868,2.0100502512562812,201.0050251256281,2586.5326633165823
10.133748191999985,12.86,2.0100502512562812,201.0050251256281,2584.924623115577
10.143829631999324,12.868,1.8425460636515907,184.25460636515908,2370.9882747068673
10.153914848999193,12.864,2.0100502512562812,201.0050251256281,2585.72864321608
10.163996065999527,12.864,2.0100502512562812,201.0050251256281,2585.72864321608
10.174077134999607,12.868,2.0100502512562812,184.25460636515908,2370.9882747068673
10.184235331998934,12.868,2.0100502512562812,201.0050251256281,2586.5326633165823
10.194312141999035,12.864,2.0100502512562812,201.0050251256281,2585.72864321608
10.204389081000045,12.872,2.0100502512562812,201.0050251256281,2587.3366834170847
10.214467723999405,12.864,2.0100502512562812,201.0050251256281,2585.72864321608
10.224543996999273,12.868,2.0100502512562812,201.0050251256281,2586.5326633165823
10.234620528999585,12.864,1.8425460636515907,201.0050251256281,2585.72864321608
10.244696801999453,12.864,2.0100502512562812,201.0050251256281,2585.72864321608
10.254772296999363,12.868,2.0100502512562812,201.0050251256281,2586.5326633165823
10.264848662000077,12.864,2.0100502512562812,201.0050251256281,2585.72864321608
10.27492550900024,12.868,2.0100502512562812,201.0050251256281,2586.5326633165823
10.28501142999994,12.864,2.0100502512562812,201.0050251256281,2585.72864321608
10.295092665999618,12.868,2.0100502512562812,184.25460636515908,2370.9882747068673
10.305173605000164,12.868,2.0100502512562812,201.0050251256281,2586.5326633165823
10.315254989000096,12.868,2.0100502512562812,201.0050251256281,2586.5326633165823
10.32533641000009,12.868,2.0100502512562812,201.0050251256281,2586.5326633165823
10.335417553000298,12.86,2.0100502512562812,201.0050251256281,2584.924623115577
10.345500250999976,12.872,2.0100502512562812,201.0050251256281,2587.3366834170847
10.355579932000182,12.856,2.0100502512562812,201.0050251256281,2584.1206030150747
10.365661703999649,12.868,2.0100502512562812,201.0050251256281,2586.5326633165823
10.375741329000448,12.864,2.0100502512562812,201.0050251256281,2585.72864321608
10.385822250000274,12.868,2.0100502512562812,201.0050251256281,2586.5326633165823
10.395902633999867,12.868,2.0100502512562812,201.0050251256281,2586.5326633165823
10.40598292499999,12.868,1.8425460636515907,201.0050251256281,2586.5326633165823
10.416059678998863,12.868,2.0100502512562812,201.0050251256281,2586.5326633165823
10.426141395999366,12.868,2.0100502512562812,201.0050251256281,2586.5326633165823
10.436222205999002,12.868,2.0100502512562812,201.0050251256281,2586.5326633165823
10.446303533999526,12.864,2.0100502512562812,184.25460636515908,2370.2512562814063
10.45638463999967,12.864,2.0100502512562812,201.0050251256281,2585.72864321608
10.466469191000215,12.864,2.0100502512562812,201.0050251256281,2585.72864321608
10.47655001899875,12.86,2.0100502512562812,201.0050251256281,2584.924623115577
10.486627070000395,12.864,2.0100502512562812,201.0050251256281,2585.72864321608
10.49670402799893,12.864,2.0100502512562812,201.0050251256281,2585.72864321608
10.506780800000342,12.864,2.0100502512562812,201.0050251256281,2585.72864321608
10.516857054999491,12.868,2.0100502512562812,201.0050251256281,2586.5326633165823
10.526933623999867,12.868,1.8425460636515907,201.0050251256281,2586.5326633165823
10.537009933999798,12.864,1.8425460636515907,201.0050251256281,2585.72864321608
10.547086391999983,12.872,2.0100502512562812,217.7554438860971,2802.948073701842
10.557161626999005,12.856,2.0100502512562812,201.0050251256281,2584.1206030150747
10.56723877100012,12.868,2.0100502512562812,201.0050251256281,2586.5326633165823
10.577310746999501,12.86,2.0100502512562812,201.0050251256281,2584.924623115577
10.587394797999877,12.872,2.0100502512562812,201.0050251256281,2587.3366834170847
10.597478532999958,12.864,2.0100502512562812,201.0050251256281,2585.72864321608
10.607558972998959,12.868,2.0100502512562812,201.0050251256281,2586.5326633165823
10.617642375000287,12.868,1.8425460636515907,201.0050251256281,2586.5326633165823
10.627722907000134,12.868,2.0100502512562812,201.0050251256281,2586.5326633165823
10.637804845999199,12.868,2.0100502512562812,201.0050251256281,2586.5326633165823
10.647885303998919,12.864,2.0100502512562812,201.0050251256281,2585.72864321608
10.657967744000416,12.868,2.0100502512562812,201.0050251256281,2586.5326633165823
10.668048330999227,12.864,2.0100502512562812,201.0050251256281,2585.72864321608
10.67812921499899,12.86,2.0100502512562812,201.0050251256281,2584.924623115577
10.688220709998859,12.868,2.0100502512562812,201.0050251256281,2586.5326633165823
10.69830163000006,12.86,2.0100502512562812,201.0050251256281,2584.924623115577
10.708382273998723,12.868,2.0100502512562812,201.0050251256281,2586.5326633165823
10.718461602000389,12.864,2.0100502512562812,201.0050251256281,2585.72864321608
10.728541208000024,12.872,2.0100502512562812,184.25460636515908,2371.725293132328
10.738621980999596,12.86,2.0100502512562812,201.0050251256281,2584.924623115577
10.748703160999867,12.868,2.0100502512562812,201.0050251256281,2586.5326633165823
10.758782933000475,12.86,1.8425460636515907,201.0050251256281,2584.924623115577
10.768862483999328,12.868,2.0100502512562812,201.0050251256281,2586.5326633165823
10.778942183000254,12.864,2.0100502512562812,201.0050251256281,2585.72864321608
10.789043787999617,12.872,1.8425460636515907,201.0050251256281,2587.3366834170847
10.799123634998978,12.86,2.0100502512562812,184.25460636515908,2369.514237855946
10.809203777998846,12.872,2.0100502512562812,201.0050251256281,2587.3366834170847
10.81928436599992,12.86,2.0100502512562812,201.0050251256281,2584.924623115577
10.829365194000275,12.872,2.0100502512562812,184.25460636515908,2371.725293132328
10.839445003999572,12.864,2.0100502512562812,201.0050251256281,2585.72864321608
10.849528814000223,12.864,2.0100502512562812,201.0050251256281,2585.72864321608
10.859609400999034,12.864,2.0100502512562812,201.0050251256281,2585.72864321608
10.86968922899905,12.86,2.0100502512562812,201.0050251256281,2584.924623115577
10.879769205999764,12.864,2.0100502512562812,201.0050251256281,2585.72864321608
10.889848941998935,12.868,2.0100502512562812,201.0050251256281,2586.5326633165823
10.899923769999077,12.864,2.0100502512562812,201.0050251256281,2585.72864321608
10.910005005998755,12.868,2.0100502512562812,201.0050251256281,2586.5326633165823
10.920086000998708,12.86,2.0100502512562812,184.25460636515908,2369.514237855946
10.930160772999443,12.868,2.0100502512562812,201.0050251256281,2586.5326633165823
10.940240379999523,12.86,2.0100502512562812,201.0050251256281,2584.924623115577
10.950321504000385,12.868,2.0100502512562812,184.25460636515908,2370.9882747068673
10.96040259199981,12.856,2.0100502512562812,201.0050251256281,2584.1206030150747
10.97048377200008,12.868,2.0100502512562812,184.25460636515908,2370.9882747068673
10.980564581999715,12.86,2.0100502512562812,201.0050251256281,2584.924623115577
10.990640279998843,12.868,2.0100502512562812,201.0050251256281,2586.5326633165823
11.000721200998669,12.864,2.0100502512562812,201.0050251256281,2585.72864321608
11.010802400000102,12.872,1.8425460636515907,201.0050251256281,2587.3366834170847
11.020883135999611,12.856,2.0100502512562812,201.0050251256281,2584.1206030150747
11.030963944998803,12.872,2.0100502512562812,201.0050251256281,2587.3366834170847
11.041045255000427,12.86,2.0100502512562812,201.0050251256281,2584.924623115577
11.051130879999619,12.864,2.0100502512562812,201.0050251256281,2585.72864321608
11.061241706998771,12.86,2.0100502512562812,201.0050251256281,2584.924623115577
11.071323295000184,12.868,1.8425460636515907,201.0050251256281,2586.5326633165823
11.081406307999714,12.864,2.0100502512562812,201.0050251256281,2585.72864321608
11.09148856200045,12.868,2.0100502512562812,201.0050251256281,2586.5326633165823
11.101565204999133,12.864,2.0100502512562812,201.0050251256281,2585.72864321608
11.111641125999085,12.868,2.0100502512562812,201.0050251256281,2586.5326633165823
11.121718972999588,12.86,1.8425460636515907,201.0050251256281,2584.924623115577
11.131796356999985,12.872,2.0100502512562812,201.0050251256281,2587.3366834170847
11.141871888999958,12.86,1.8425460636515907,201.0050251256281,2584.924623115577
11.151947921000101,12.872,2.0100502512562812,201.0050251256281,2587.3366834170847
11.16202937900016,12.852,1.8425460636515907,184.25460636515908,2368.0402010050243
11.172106244999668,12.876,2.0100502512562812,201.0050251256281,2588.140703517587
11.182183814000382,12.86,2.0100502512562812,201.0050251256281,2584.924623115577
11.192271085999892,12.872,2.0100502512562812,201.0050251256281,2587.3366834170847
11.202353284999845,12.86,2.0100502512562812,201.0050251256281,2584.924623115577
11.212434761999248,12.872,2.0100502512562812,201.0050251256281,2587.3366834170847
11.222515404999285,12.864,2.0100502512562812,201.0050251256281,2585.72864321608
11.232595843999661,12.872,2.0100502512562812,184.25460636515908,2371.725293132328
11.242676727999424,12.864,1.8425460636515907,201.0050251256281,2585.72864321608
11.25275825999961,12.872,2.0100502512562812,201.0050251256281,2587.3366834170847
11.262839162000091,12.856,2.0100502512562812,201.0050251256281,2584.1206030150747
11.272919490000277,12.868,2.0100502512562812,201.0050251256281,2586.5326633165823
11.283000040999468,12.856,2.0100502512562812,201.0050251256281,2584.1206030150747
11.293089942999359,12.868,2.0100502512562812,201.0050251256281,2586.5326633165823
11.303170826999121,12.86,2.0100502512562812,201.0050251256281,2584.924623115577
11.3132547289988,12.872,2.0100502512562812,201.0050251256281,2587.3366834170847
11.323336057999768,12.86,1.8425460636515907,201.0050251256281,2584.924623115577
11.333418755999446,12.872,2.0100502512562812,201.0050251256281,2587.3366834170847
11.343499659000372,12.892,1.8425460636515907,184.25460636515908,2375.410385259631
11.353581986999416,12.896,1.8425460636515907,184.25460636515908,2376.147403685092
11.363662759998988,12.872,1.8425460636515907,184.25460636515908,2371.725293132328
11.373744902999533,12.892,1.8425460636515907,184.25460636515908,2375.410385259631
11.38382604599974,12.86,2.0100502512562812,184.25460636515908,2369.514237855946
11.393931818000056,12.892,1.8425460636515907,184.25460636515908,2375.410385259631
11.404012719998718,12.864,1.8425460636515907,184.25460636515908,2370.2512562814063
11.414093956000215,12.892,2.0100502512562812,184.25460636515908,2375.410385259631
11.424174616999153,12.868,1.8425460636515907,184.25460636515908,2370.9882747068673
11.434255500998916,12.896,1.8425460636515907,184.25460636515908,2376.147403685092
11.444331421998868,12.868,1.8425460636515907,184.25460636515908,2370.9882747068673
11.454412713999773,12.892,1.8425460636515907,201.0050251256281,2591.356783919597
11.464493819999916,12.848,1.8425460636515907,201.0050251256281,2582.51256281407
11.474574591999044,12.86,2.0100502512562812,201.0050251256281,2584.924623115577
11.484655680000287,12.852,2.0100502512562812,201.0050251256281,2583.3165829145723
11.49474539699986,12.876,2.0100502512562812,201.0050251256281,2588.140703517587
11.504822169999898,12.852,1.8425460636515907,201.0050251256281,2583.3165829145723
11.514899091000188,12.88,1.8425460636515907,201.0050251256281,2588.94472361809
11.524975438000183,12.852,2.0100502512562812,201.0050251256281,2583.3165829145723
11.5350485809995,12.88,2.0100502512562812,201.0050251256281,2588.94472361809
11.545123834999686,12.856,2.0100502512562812,201.0050251256281,2584.1206030150747
11.55520068199985,12.88,1.8425460636515907,201.0050251256281,2588.94472361809
11.565278566000416,12.848,2.0100502512562812,201.0050251256281,2582.51256281407
11.575354782999057,12.88,2.0100502512562812,184.25460636515908,2373.199329983249
11.585432333999051,12.844,2.0100502512562812,201.0050251256281,2581.708542713567
11.595550845999242,12.884,1.8425460636515907,184.25460636515908,2373.93634840871
11.605631803999131,12.856,2.0100502512562812,201.0050251256281,2584.1206030150747
11.61571285500031,12.884,2.0100502512562812,201.0050251256281,2589.7487437185923
11.625795497999206,12.848,2.0100502512562812,201.0050251256281,2582.51256281407
11.635876770998948,12.88,2.0100502512562812,201.0050251256281,2588.94472361809
11.645958469000107,12.848,2.0100502512562812,201.0050251256281,2582.51256281407
11.656039538000186,12.876,2.0100502512562812,201.0050251256281,2588.140703517587
11.666120773999864,12.852,2.0100502512562812,201.0050251256281,2583.3165829145723
11.676200527999754,12.876,2.0100502512562812,201.0050251256281,2588.140703517587
11.686280652998903,12.856,2.0100502512562812,201.0050251256281,2584.1206030150747
11.696371572999851,12.876,2.0100502512562812,184.25460636515908,2372.4623115577883
11.706448734999867,12.848,2.0100502512562812,201.0050251256281,2582.51256281407
11.716525100999206,12.88,2.0100502512562812,201.0050251256281,2588.94472361809
11.72660266999992,12.848,1.8425460636515907,201.0050251256281,2582.51256281407
11.736679645999175,12.88,2.0100502512562812,184.25460636515908,2373.199329983249
11.74675599299917,12.848,2.0100502512562812,201.0050251256281,2582.51256281407
11.756831839998995,12.88,2.0100502512562812,201.0050251256281,2588.94472361809
11.76690707600028,12.848,1.8425460636515907,184.25460636515908,2367.303182579564
11.776982829998815,12.88,2.0100502512562812,201.0050251256281,2588.94472361809
11.78705817700029,12.848,2.0100502512562812,184.25460636515908,2367.303182579564
11.797190392999255,12.88,2.0100502512562812,201.0050251256281,2588.94472361809
11.807271072999356,12.852,2.0100502512562812,201.0050251256281,2583.3165829145723
11.817351013000007,12.88,1.8425460636515907,184.25460636515908,2373.199329983249
11.827429859999029,12.856,1.8425460636515907,201.0050251256281,2584.1206030150747
11.83750922499894,12.884,1.8425460636515907,201.0050251256281,2589.7487437185923
11.847588126998744,12.848,2.0100502512562812,201.0050251256281,2582.51256281407
11.857670530000178,12.884,2.0100502512562812,201.0050251256281,2589.7487437185923
11.867750043000342,12.848,2.0100502512562812,201.0050251256281,2582.51256281407
11.877829815999576,12.876,2.0100502512562812,201.0050251256281,2588.140703517587
11.887909867000417,12.852,2.0100502512562812,184.25460636515908,2368.0402010050243
11.897985268999037,12.88,2.0100502512562812,201.0050251256281,2588.94472361809
11.90806659699956,12.856,2.0100502512562812,184.25460636515908,2368.7772194304853
11.918143351998879,12.88,2.0100502512562812,201.0050251256281,2588.94472361809
11.92822416099989,12.852,2.0100502512562812,201.0050251256281,2583.3165829145723
11.938305637999292,12.88,2.0100502512562812,201.0050251256281,2588.94472361809
11.948386688000028,12.856,2.0100502512562812,201.0050251256281,2584.1206030150747
11.958468312999685,12.9,2.0100502512562812,184.25460636515908,2376.8844221105524
11.968547862999912,12.876,1.8425460636515907,184.25460636515908,2372.4623115577883
11.978628191998723,12.904,1.8425460636515907,201.0050251256281,2593.7688442211047
11.988709150000432,12.856,1.8425460636515907,184.25460636515908,2368.7772194304853
11.99878845999956,12.9,1.8425460636515907,184.25460636515908,2376.8844221105524
12.008868824999809,12.864,2.0100502512562812,201.0050251256281,2585.72864321608
12.018949764000354,12.896,2.0100502512562812,201.0050251256281,2592.1608040201
12.029030611000053,12.868,1.8425460636515907,201.0050251256281,2586.5326633165823
12.039111606000006,12.892,1.8425460636515907,184.25460636515908,2375.410385259631
12.049200674999156,12.868,1.8425460636515907,184.25460636515908,2370.9882747068673
12.059282262000124,12.896,1.8425460636515907,184.25460636515908,2376.147403685092
12.069362868998724,12.868,1.8425460636515907,184.25460636515908,2370.9882747068673
12.079443474998698,12.892,1.8425460636515907,201.0050251256281,2591.356783919597
12.089525024999602,12.84,2.0100502512562812,201.0050251256281,2580.9045226130647
12.09967996299929,12.868,2.177554438860971,201.0050251256281,2586.5326633165823
12.109757402000469,12.848,2.0100502512562812,201.0050251256281,2582.51256281407
12.119834267999977,12.876,2.0100502512562812,201.0050251256281,2588.140703517587
12.129910780999126,12.852,2.0100502512562812,201.0050251256281,2583.3165829145723
12.139986349999162,12.876,2.0100502512562812,201.0050251256281,2588.140703517587
12.150064178998946,12.852,2.0100502512562812,201.0050251256281,2583.3165829145723
12.160140840998793,12.88,1.8425460636515907,201.0050251256281,2588.94472361809
12.170221336000395,12.856,2.0100502512562812,184.25460636515908,2368.7772194304853
12.180297848999544,12.884,2.0100502512562812,201.0050251256281,2589.7487437185923
12.190375807000237,12.876,1.8425460636515907,184.25460636515908,2372.4623115577883
12.200462839000465,12.904,2.0100502512562812,184.25460636515908,2377.621440536013
12.210544444998959,12.864,1.8425460636515907,184.25460636515908,2370.2512562814063
12.220625976999145,12.896,1.8425460636515907,184.25460636515908,2376.147403685092
12.230706491000092,12.868,1.8425460636515907,184.25460636515908,2370.9882747068673
12.240786708000087,12.896,1.8425460636515907,201.0050251256281,2592.1608040201
12.250867294998898,12.872,1.8425460636515907,201.0050251256281,2587.3366834170847
12.260947920000035,12.888,1.8425460636515907,201.0050251256281,2590.5527638190947
12.271028506998846,12.872,1.8425460636515907,184.25460636515908,2371.725293132328
12.281109002000449,12.88,1.8425460636515907,184.25460636515908,2373.199329983249
12.291190126999936,12.876,1.8425460636515907,184.25460636515908,2372.4623115577883
12.301270714999191,12.884,1.8425460636515907,184.25460636515908,2373.93634840871
12.311350301999482,12.876,1.8425460636515907,184.25460636515908,2372.4623115577883
12.321434555999076,12.888,1.8425460636515907,201.0050251256281,2590.5527638190947
12.331515624999156,12.876,2.0100502512562812,201.0050251256281,2588.140703517587
12.341597767999701,12.888,1.8425460636515907,184.25460636515908,2374.6733668341703
12.351678412000183,12.88,2.0100502512562812,184.25460636515908,2373.199329983249
12.361760257999777,12.884,2.0100502512562812,184.25460636515908,2373.93634840871
12.37184062400047,12.88,1.8425460636515907,184.25460636515908,2373.199329983249
12.38192413700017,12.876,1.8425460636515907,201.0050251256281,2588.140703517587
12.392005243000312,12.876,2.0100502512562812,201.0050251256281,2588.140703517587
12.402095274999738,12.876,1.8425460636515907,201.0050251256281,2588.140703517587
12.412176306999754,12.88,2.0100502512562812,184.25460636515908,2373.199329983249
12.42225783899994,12.88,1.8425460636515907,184.25460636515908,2373.199329983249
12.43233840799985,12.884,1.8425460636515907,201.0050251256281,2589.7487437185923
12.442419273000269,12.88,1.8425460636515907,184.25460636515908,2373.199329983249
12.452499564999016,12.884,1.8425460636515907,184.25460636515908,2373.93634840871
12.462576337000428,12.88,2.0100502512562812,201.0050251256281,2588.94472361809
12.472657813999831,12.888,1.8425460636515907,201.0050251256281,2590.5527638190947
12.482738530999995,12.872,2.0100502512562812,184.25460636515908,2371.725293132328
12.492819099999906,12.888,1.8425460636515907,184.25460636515908,2374.6733668341703
12.502922297999248,12.864,2.0100502512562812,184.25460636515908,2370.2512562814063
12.51300316400011,12.892,1.8425460636515907,184.25460636515908,2375.410385259631
12.523083807000148,12.868,2.0100502512562812,184.25460636515908,2370.9882747068673
12.53316956100025,12.892,2.0100502512562812,184.25460636515908,2375.410385259631
12.543250110998997,12.872,1.8425460636515907,184.25460636515908,2371.725293132328
12.553332440000304,12.892,2.0100502512562812,184.25460636515908,2375.410385259631
12.563411416000235,12.872,1.8425460636515907,201.0050251256281,2587.3366834170847
12.573493799998687,12.888,1.8425460636515907,184.25460636515908,2374.6733668341703
12.583573961999718,12.872,2.0100502512562812,184.25460636515908,2371.725293132328
12.593654438000158,12.888,2.0100502512562812,184.25460636515908,2374.6733668341703
12.603758154999014,12.872,1.8425460636515907,201.0050251256281,2587.3366834170847
12.613838113000384,12.892,1.8425460636515907,184.25460636515908,2375.410385259631
12.623914644998877,12.864,1.8425460636515907,184.25460636515908,2370.2512562814063
12.633995398999105,12.892,1.8425460636515907,184.25460636515908,2375.410385259631
12.644075374999375,12.864,1.8425460636515907,201.0050251256281,2585.72864321608
12.654155795999031,12.896,2.0100502512562812,184.25460636515908,2376.147403685092
12.664235921,12.868,1.8425460636515907,184.25460636515908,2370.9882747068673
12.674316730999635,12.892,1.8425460636515907,184.25460636515908,2375.410385259631
12.684397373999673,12.864,1.8425460636515907,201.0050251256281,2585.72864321608
12.694476757998927,12.892,1.8425460636515907,184.25460636515908,2375.410385259631
12.704578622999179,12.864,1.8425460636515907,184.25460636515908,2370.2512562814063
12.714659561999724,12.896,1.8425460636515907,184.25460636515908,2376.147403685092
12.724739982999381,12.864,1.8425460636515907,184.25460636515908,2370.2512562814063
12.73482082999908,12.896,1.8425460636515907,184.25460636515908,2376.147403685092
12.744902231999731,12.864,1.8425460636515907,184.25460636515908,2370.2512562814063
12.754982115999155,12.896,1.8425460636515907,184.25460636515908,2376.147403685092
12.765062054999362,12.864,2.0100502512562812,184.25460636515908,2370.2512562814063
12.775141254000118,12.892,2.0100502512562812,201.0050251256281,2591.356783919597
12.785243397000158,12.868,1.8425460636515907,201.0050251256281,2586.5326633165823
12.795323614000154,12.884,1.8425460636515907,184.25460636515908,2373.93634840871
12.805428404999475,12.872,1.8425460636515907,184.25460636515908,2371.725293132328
12.815507602999787,12.888,2.0100502512562812,184.25460636515908,2374.6733668341703
12.825587616998746,12.872,1.8425460636515907,184.25460636515908,2371.725293132328
12.835667260000264,12.888,2.0100502512562812,184.25460636515908,2374.6733668341703
12.845746699998926,12.872,1.8425460636515907,201.0050251256281,2587.3366834170847
12.855826879998858,12.892,1.8425460636515907,201.0050251256281,2591.356783919597
12.865907096998853,12.868,2.0100502512562812,184.25460636515908,2370.9882747068673
12.875986498998827,12.892,1.8425460636515907,201.0050251256281,2591.356783919597
12.88607428999967,12.868,1.8425460636515907,184.25460636515908,2370.9882747068673
12.896156803999475,12.888,1.8425460636515907,184.25460636515908,2374.6733668341703
12.906236872999216,12.868,2.0100502512562812,184.25460636515908,2370.9882747068673
12.916318386000057,12.884,1.8425460636515907,201.0050251256281,2589.7487437185923
12.926407826000286,12.876,1.8425460636515907,201.0050251256281,2588.140703517587
12.936489820998759,12.88,1.8425460636515907,184.25460636515908,2373.199329983249
12.946568260000276,12.876,2.0100502512562812,184.25460636515908,2372.4623115577883
12.956655107000188,12.884,1.8425460636515907,184.25460636515908,2373.93634840871
12.966732953998871,12.88,1.8425460636515907,184.25460636515908,2373.199329983249
12.976814096999078,12.884,1.8425460636515907,201.0050251256281,2589.7487437185923
12.98689498099884,12.88,1.8425460636515907,201.0050251256281,2588.94472361809
12.996975882999322,12.876,2.0100502512562812,201.0050251256281,2588.140703517587
13.007071173999066,12.88,1.8425460636515907,201.0050251256281,2588.94472361809
13.01714631699906,12.868,1.8425460636515907,201.0050251256281,2586.5326633165823
13.027223478999076,12.884,1.8425460636515907,184.25460636515908,2373.93634840871
13.037303454999346,12.872,1.8425460636515907,184.25460636515908,2371.725293132328
13.047394764998899,12.884,1.8425460636515907,184.25460636515908,2373.93634840871
13.05747481599974,12.876,1.8425460636515907,184.25460636515908,2372.4623115577883
13.06755214399891,12.888,1.8425460636515907,201.0050251256281,2590.5527638190947
13.07763076899937,12.876,1.8425460636515907,184.25460636515908,2372.4623115577883
13.087707560000126,12.888,1.8425460636515907,184.25460636515908,2374.6733668341703
13.097785813999508,12.876,2.0100502512562812,201.0050251256281,2588.140703517587
13.107898363999993,12.88,2.0100502512562812,184.25460636515908,2373.199329983249
13.117971599998782,12.868,1.8425460636515907,184.25460636515908,2370.9882747068673
13.128043779999643,12.888,1.8425460636515907,184.25460636515908,2374.6733668341703
13.138120460998834,12.864,1.8425460636515907,201.0050251256281,2585.72864321608
13.148197047999929,12.892,1.8425460636515907,184.25460636515908,2375.410385259631
13.158275413999945,12.864,2.0100502512562812,184.25460636515908,2370.2512562814063
13.168351852998967,12.892,1.8425460636515907,184.25460636515908,2375.410385259631
13.178431551999893,12.868,1.8425460636515907,201.0050251256281,2586.5326633165823
13.188508527999147,12.888,1.8425460636515907,184.25460636515908,2374.6733668341703
13.198586208998677,12.864,1.8425460636515907,184.25460636515908,2370.2512562814063
13.208674202998736,12.892,1.8425460636515907,184.25460636515908,2375.410385259631
13.218755957999747,12.868,1.8425460636515907,201.0050251256281,2586.5326633165823
13.228836415999467,12.892,2.0100502512562812,184.25460636515908,2375.410385259631
13.238917206999758,12.868,1.8425460636515907,184.25460636515908,2370.9882747068673
13.248997646000134,12.896,1.8425460636515907,184.25460636515908,2376.147403685092
13.259077770999284,12.86,1.8425460636515907,184.25460636515908,2369.514237855946
13.269157950999215,12.896,1.8425460636515907,201.0050251256281,2592.1608040201
13.279238908999105,12.86,1.8425460636515907,184.25460636515908,2369.514237855946
13.289321607999227,12.892,1.8425460636515907,201.0050251256281,2591.356783919597
13.299401694999688,12.864,1.8425460636515907,201.0050251256281,2585.72864321608
13.309492985999896,12.892,2.0100502512562812,184.25460636515908,2375.410385259631
13.319573406999552,12.864,1.8425460636515907,184.25460636515908,2370.2512562814063
13.329655383999125,12.888,1.8425460636515907,201.0050251256281,2590.5527638190947
13.339735952999035,12.868,1.8425460636515907,184.25460636515908,2370.9882747068673
13.349818188000427,12.892,2.0100502512562812,184.25460636515908,2375.410385259631
13.359898183000041,12.868,2.0100502512562812,184.25460636515908,2370.9882747068673
13.36997869699917,12.896,1.8425460636515907,184.25460636515908,2376.147403685092
13.380059080998763,12.868,2.0100502512562812,201.0050251256281,2586.5326633165823
13.390143020000323,12.896,1.8425460636515907,201.0050251256281,2592.1608040201
13.400224126000467,12.86,1.8425460636515907,184.25460636515908,2369.514237855946
13.410327546998815,12.896,2.0100502512562812,184.25460636515908,2376.147403685092
13.420409059999656,12.864,1.8425460636515907,184.25460636515908,2370.2512562814063
13.43049003699889,12.896,1.8425460636515907,201.0050251256281,2592.1608040201
13.440571290999287,12.872,1.8425460636515907,201.0050251256281,2587.3366834170847
13.450652637999156,12.888,1.8425460636515907,184.25460636515908,2374.6733668341703
13.460733687999891,12.872,1.8425460636515907,184.25460636515908,2371.725293132328
13.470814719999908,12.888,1.8425460636515907,184.25460636515908,2374.6733668341703
13.480895418999353,12.872,1.8425460636515907,184.25460636515908,2371.725293132328
13.490972821000469,12.888,1.8425460636515907,184.25460636515908,2374.6733668341703
13.501054057000147,12.872,2.0100502512562812,184.25460636515908,2371.725293132328
13.511144070000228,12.884,2.0100502512562812,184.25460636515908,2373.93634840871
13.52124412000012,12.876,2.0100502512562812,184.25460636515908,2372.4623115577883
13.531321356000262,12.88,1.8425460636515907,201.0050251256281,2588.94472361809
13.5413993509992,12.88,1.8425460636515907,184.25460636515908,2373.199329983249
13.551475956999639,12.876,1.8425460636515907,184.25460636515908,2372.4623115577883
13.561553266999908,12.88,1.8425460636515907,184.25460636515908,2373.199329983249
13.571629873000347,12.876,1.8425460636515907,184.25460636515908,2372.4623115577883
13.581708443000025,12.884,2.0100502512562812,184.25460636515908,2373.93634840871
13.591785085998708,12.88,1.8425460636515907,184.25460636515908,2373.199329983249
13.60185713700048,12.88,1.8425460636515907,201.0050251256281,2588.94472361809
13.61193720600022,12.884,1.8425460636515907,184.25460636515908,2373.93634840871
13.622020978000364,12.876,1.8425460636515907,184.25460636515908,2372.4623115577883
13.63210239900036,12.88,1.8425460636515907,201.0050251256281,2588.94472361809
13.642183746000228,12.88,1.8425460636515907,184.25460636515908,2373.199329983249
13.65226381499997,12.88,1.8425460636515907,184.25460636515908,2373.199329983249
13.662339680999139,12.884,1.8425460636515907,184.25460636515908,2373.93634840871
13.672415064998859,12.872,1.8425460636515907,201.0050251256281,2587.3366834170847
13.682492040999932,12.888,2.0100502512562812,184.25460636515908,2374.6733668341703
13.692569314000139,12.872,1.8425460636515907,201.0050251256281,2587.3366834170847
13.702644012999372,12.888,2.0100502512562812,201.0050251256281,2590.5527638190947
13.712725266999769,12.868,1.8425460636515907,184.25460636515908,2370.9882747068673
13.722805798999616,12.892,1.8425460636515907,184.25460636515908,2375.410385259631
13.732883089998722,12.872,2.0100502512562812,184.25460636515908,2371.725293132328
13.74296432600022,12.892,1.8425460636515907,184.25460636515908,2375.410385259631
13.75304476599922,12.868,2.0100502512562812,184.25460636515908,2370.9882747068673
13.763120038000125,12.892,1.8425460636515907,184.25460636515908,2375.410385259631
13.773196848000225,12.872,2.0100502512562812,184.25460636515908,2371.725293132328
13.78327856499891,12.896,1.8425460636515907,184.25460636515908,2376.147403685092
13.79335839399937,12.864,2.0100502512562812,184.25460636515908,2370.2512562814063
13.803437610999026,12.892,1.8425460636515907,184.25460636515908,2375.410385259631
13.813517235999825,12.868,1.8425460636515907,201.0050251256281,2586.5326633165823
13.82359673099927,12.892,1.8425460636515907,184.25460636515908,2375.410385259631
13.833677966000323,12.868,2.0100502512562812,184.25460636515908,2370.9882747068673
13.843756738999218,12.892,1.8425460636515907,201.0050251256281,2591.356783919597
13.853839048999362,12.868,1.8425460636515907,184.25460636515908,2370.9882747068673
13.863919432998955,12.892,1.8425460636515907,184.25460636515908,2375.410385259631
13.874000206000346,12.868,1.8425460636515907,184.25460636515908,2370.9882747068673
13.884081090000109,12.896,2.0100502512562812,184.25460636515908,2376.147403685092
13.894161733000146,12.864,2.0100502512562812,201.0050251256281,2585.72864321608
13.904238432000056,12.9,2.0100502512562812,184.25460636515908,2376.8844221105524
13.914328445000137,12.86,2.0100502512562812,201.0050251256281,2584.924623115577
13.924409792000006,12.896,1.8425460636515907,184.25460636515908,2376.147403685092
13.934491452999282,12.86,1.8425460636515907,201.0050251256281,2584.924623115577
13.944571670999721,12.9,1.8425460636515907,184.25460636515908,2376.8844221105524
13.954653183998744,12.864,1.8425460636515907,184.25460636515908,2370.2512562814063
13.964734511999268,12.896,2.0100502512562812,201.0050251256281,2592.1608040201
13.974815415000194,12.868,1.8425460636515907,184.25460636515908,2370.9882747068673
13.984896373000083,12.892,2.0100502512562812,184.25460636515908,2375.410385259631
13.994977905000269,12.868,1.8425460636515907,184.25460636515908,2370.9882747068673
14.0050542329991,12.892,1.8425460636515907,201.0050251256281,2591.356783919597
14.015158893998887,12.868,1.8425460636515907,201.0050251256281,2586.5326633165823
14.025241723000363,12.888,1.8425460636515907,184.25460636515908,2374.6733668341703
14.03532349499983,12.868,2.0100502512562812,184.25460636515908,2370.9882747068673
14.045418083000186,12.892,1.8425460636515907,201.0050251256281,2591.356783919597
14.055501984999864,12.868,1.8425460636515907,184.25460636515908,2370.9882747068673
14.06558292400041,12.896,1.8425460636515907,184.25460636515908,2376.147403685092
14.075664160000088,12.872,1.8425460636515907,184.25460636515908,2371.725293132328
14.085746173999723,12.888,1.8425460636515907,184.25460636515908,2374.6733668341703
14.095827705999909,12.872,1.8425460636515907,201.0050251256281,2587.3366834170847
14.105907311999545,12.884,1.8425460636515907,201.0050251256281,2589.7487437185923
14.116068248999,12.868,1.8425460636515907,184.25460636515908,2370.9882747068673
14.12614615199891,12.892,2.0100502512562812,184.25460636515908,2375.410385259631
14.136222627999814,12.868,2.0100502512562812,201.0050251256281,2586.5326633165823
14.14630160500019,12.888,1.8425460636515907,201.0050251256281,2590.5527638190947
14.15637782199883,12.876,2.0100502512562812,201.0050251256281,2588.140703517587
14.1664551140002,12.888,1.8425460636515907,184.25460636515908,2374.6733668341703
14.176530459999412,12.88,1.8425460636515907,184.25460636515908,2373.199329983249
14.186609196000063,12.876,1.8425460636515907,184.25460636515908,2372.4623115577883
14.196685209999487,12.88,2.0100502512562812,184.25460636515908,2373.199329983249
14.206761593999545,12.876,2.0100502512562812,201.0050251256281,2588.140703517587
14.21684920000007,12.88,2.0100502512562812,184.25460636515908,2373.199329983249
14.226930028000424,12.872,1.8425460636515907,184.25460636515908,2371.725293132328
14.237010504999489,12.884,1.8425460636515907,184.25460636515908,2373.93634840871
14.24709118499959,12.876,2.0100502512562812,201.0050251256281,2588.140703517587
14.257171197999924,12.884,1.8425460636515907,184.25460636515908,2373.93634840871
14.267250581999178,12.88,2.0100502512562812,184.25460636515908,2373.199329983249
14.277333243999237,12.884,1.8425460636515907,184.25460636515908,2373.93634840871
14.287413590998767,12.88,1.8425460636515907,184.25460636515908,2373.199329983249
14.297495344999334,12.884,1.8425460636515907,184.25460636515908,2373.93634840871
14.30757567299952,12.88,1.8425460636515907,184.25460636515908,2373.199329983249
14.31766700099979,12.884,1.8425460636515907,184.25460636515908,2373.93634840871
14.32774734799932,12.868,1.6750418760469008,201.0050251256281,2586.5326633165823
14.337829231999422,12.884,2.0100502512562812,184.25460636515908,2373.93634840871
14.347909689999142,12.872,1.8425460636515907,184.25460636515908,2371.725293132328
14.357989963000364,12.888,1.8425460636515907,184.25460636515908,2374.6733668341703
14.36807029099873,12.872,1.8425460636515907,184.25460636515908,2371.725293132328
14.378150230999381,12.888,1.8425460636515907,184.25460636515908,2374.6733668341703
14.38823557700016,12.872,1.8425460636515907,184.25460636515908,2371.725293132328
14.398317590999795,12.888,1.8425460636515907,184.25460636515908,2374.6733668341703
14.408398882000256,12.868,1.8425460636515907,184.25460636515908,2370.9882747068673
14.41850239499945,12.892,1.8425460636515907,184.25460636515908,2375.410385259631
14.428583315999276,12.864,2.0100502512562812,184.25460636515908,2370.2512562814063
14.43866403299944,12.896,1.8425460636515907,201.0050251256281,2592.1608040201
14.448744675999478,12.86,2.0100502512562812,184.25460636515908,2369.514237855946
14.45882594899922,12.896,1.8425460636515907,201.0050251256281,2592.1608040201
14.46890650000023,12.864,1.8425460636515907,184.25460636515908,2370.2512562814063
14.478987532000247,12.896,1.8425460636515907,201.0050251256281,2592.1608040201
14.489068748998761,12.868,1.8425460636515907,184.25460636515908,2370.9882747068673
14.499149187999137,12.896,1.8425460636515907,201.0050251256281,2592.1608040201
14.509231443000317,12.868,1.8425460636515907,184.25460636515908,2370.9882747068673
14.519336769999427,12.888,1.8425460636515907,184.25460636515908,2374.6733668341703
14.529419542999676,12.868,1.8425460636515907,201.0050251256281,2586.5326633165823
14.539500333999968,12.888,1.8425460636515907,201.0050251256281,2590.5527638190947
14.549582162999286,12.868,1.8425460636515907,184.25460636515908,2370.9882747068673
14.559662398,12.896,2.0100502512562812,201.0050251256281,2592.1608040201
14.569744522999827,12.864,2.0100502512562812,184.25460636515908,2370.2512562814063
14.579825425000308,12.892,1.8425460636515907,184.25460636515908,2375.410385259631
14.58990779099986,12.864,2.0100502512562812,184.25460636515908,2370.2512562814063
14.599988322999707,12.896,1.8425460636515907,201.0050251256281,2592.1608040201
14.610064280999723,12.872,1.8425460636515907,184.25460636515908,2371.725293132328
14.62015473899919,12.892,1.8425460636515907,184.25460636515908,2375.410385259631
14.630235659000391,12.864,1.8425460636515907,184.25460636515908,2370.2512562814063
14.640316913999413,12.888,1.8425460636515907,184.25460636515908,2374.6733668341703
14.650397815999895,12.868,2.0100502512562812,184.25460636515908,2370.9882747068673
14.660478588999467,12.892,2.0100502512562812,184.25460636515908,2375.410385259631
14.670555639999293,12.868,1.8425460636515907,201.0050251256281,2586.5326633165823
14.680636745999436,12.892,2.0100502512562812,184.25460636515908,2375.410385259631
14.690717388999474,12.868,1.8425460636515907,201.0050251256281,2586.5326633165823
14.700797846999194,12.892,1.8425460636515907,184.25460636515908,2375.410385259631
14.71087887899921,12.872,2.0100502512562812,184.25460636515908,2371.725293132328
14.720981835998828,12.888,1.8425460636515907,184.25460636515908,2374.6733668341703
14.731056849999732,12.876,2.0100502512562812,184.25460636515908,2372.4623115577883
14.74113721499998,12.876,2.0100502512562812,184.25460636515908,2372.4623115577883
14.751218876999701,12.876,1.8425460636515907,184.25460636515908,2372.4623115577883
14.761294631000055,12.88,1.8425460636515907,201.0050251256281,2588.94472361809
14.771373534000304,12.876,2.0100502512562812,184.25460636515908,2372.4623115577883
14.781458473000384,12.884,1.8425460636515907,201.0050251256281,2589.7487437185923
14.791535708998708,12.88,2.0100502512562812,184.25460636515908,2373.199329983249
14.80162025899881,12.884,1.8425460636515907,184.25460636515908,2373.93634840871
14.811707883998679,12.88,1.8425460636515907,201.0050251256281,2588.94472361809
14.82178369400026,12.884,1.8425460636515907,184.25460636515908,2373.93634840871
14.83187024399922,12.876,1.8425460636515907,184.25460636515908,2372.4623115577883
14.841948850000335,12.876,1.8425460636515907,201.0050251256281,2588.140703517587
14.852031123000415,12.88,1.8425460636515907,184.25460636515908,2373.199329983249
14.862112173999776,12.876,1.8425460636515907,201.0050251256281,2588.140703517587
14.872198613000364,12.884,1.8425460636515907,184.25460636515908,2373.93634840871
14.882281312000487,12.876,1.8425460636515907,184.25460636515908,2372.4623115577883
14.892362028998832,12.884,1.8425460636515907,184.25460636515908,2373.93634840871
14.902442319998954,12.876,1.8425460636515907,201.0050251256281,2588.140703517587
14.912523314998907,12.884,2.0100502512562812,184.25460636515908,2373.93634840871
14.922600920999685,12.872,1.8425460636515907,184.25460636515908,2371.725293132328
14.93267473099877,12.888,1.8425460636515907,184.25460636515908,2374.6733668341703
14.942751855998722,12.864,1.8425460636515907,184.25460636515908,2370.2512562814063
14.952825221998864,12.892,1.8425460636515907,201.0050251256281,2591.356783919597
14.962901864999367,12.864,1.8425460636515907,184.25460636515908,2370.2512562814063
14.972978433999742,12.892,1.8425460636515907,184.25460636515908,2375.410385259631
14.983054836999145,12.868,1.8425460636515907,184.25460636515908,2370.9882747068673
14.993131109000387,12.892,1.8425460636515907,184.25460636515908,2375.410385259631
15.003207382000255,12.868,1.8425460636515907,184.25460636515908,2370.9882747068673
15.013285728999108,12.892,1.8425460636515907,184.25460636515908,2375.410385259631
15.023366927998723,12.868,1.8425460636515907,184.25460636515908,2370.9882747068673
15.033447755999077,12.884,1.8425460636515907,201.0050251256281,2589.7487437185923
15.043551380000281,12.868,1.8425460636515907,184.25460636515908,2370.9882747068673
15.053637893999621,12.884,1.8425460636515907,184.25460636515908,2373.93634840871
15.063717758999701,12.868,1.8425460636515907,184.25460636515908,2370.9882747068673
15.073794179999823,12.892,2.0100502512562812,184.25460636515908,2375.410385259631
15.083870360998844,12.864,1.8425460636515907,184.25460636515908,2370.2512562814063
15.093951132999791,12.896,1.8425460636515907,184.25460636515908,2376.147403685092
15.104032053999617,12.864,1.8425460636515907,184.25460636515908,2370.2512562814063
15.114113363999422,12.896,1.8425460636515907,184.25460636515908,2376.147403685092
15.124280838999766,12.864,1.8425460636515907,201.0050251256281,2585.72864321608
15.134357371000078,12.896,1.8425460636515907,184.25460636515908,2376.147403685092
15.14443442099946,12.86,1.8425460636515907,201.0050251256281,2584.924623115577
15.154512712999349,12.892,1.8425460636515907,184.25460636515908,2375.410385259631
15.164589207999597,12.864,1.8425460636515907,184.25460636515908,2370.2512562814063
15.174665869999444,12.896,1.8425460636515907,184.25460636515908,2376.147403685092
15.184742216999439,12.864,1.8425460636515907,184.25460636515908,2370.2512562814063
15.194822248999117,12.896,1.8425460636515907,184.25460636515908,2376.147403685092
15.204899039999873,12.864,1.8425460636515907,184.25460636515908,2370.2512562814063
15.21497459099919,12.896,1.8425460636515907,184.25460636515908,2376.147403685092
15.225060603999736,12.868,1.8425460636515907,201.0050251256281,2586.5326633165823
15.235141506000218,12.892,1.8425460636515907,184.25460636515908,2375.410385259631
15.245237852999708,12.868,1.8425460636515907,184.25460636515908,2370.9882747068673
15.255318569999872,12.884,1.8425460636515907,184.25460636515908,2373.93634840871
15.265398749999804,12.868,1.8425460636515907,184.25460636515908,2370.9882747068673
15.275478393999947,12.884,1.8425460636515907,184.25460636515908,2373.93634840871
15.285560889000408,12.872,1.8425460636515907,184.25460636515908,2371.725293132328
15.29564069799926,12.888,2.0100502512562812,184.25460636515908,2374.6733668341703
15.305724100999214,12.868,1.8425460636515907,184.25460636515908,2370.9882747068673
15.315803502999188,12.888,1.8425460636515907,184.25460636515908,2374.6733668341703
15.325895460999163,12.872,2.0100502512562812,184.25460636515908,2371.725293132328
15.335975955998947,12.892,2.0100502512562812,184.25460636515908,2375.410385259631
15.346056394999323,12.864,1.8425460636515907,201.0050251256281,2585.72864321608
15.356136205000439,12.888,1.8425460636515907,184.25460636515908,2374.6733668341703
15.366216237000117,12.872,2.0100502512562812,184.25460636515908,2371.725293132328
15.376296602998991,12.884,1.8425460636515907,184.25460636515908,2373.93634840871
15.38638050499867,12.876,1.8425460636515907,184.25460636515908,2372.4623115577883
15.396461741000167,12.88,1.8425460636515907,201.0050251256281,2588.94472361809
15.406542810000246,12.876,1.8425460636515907,184.25460636515908,2372.4623115577883
15.416623785999036,12.88,1.8425460636515907,184.25460636515908,2373.199329983249
15.426730170000155,12.876,2.0100502512562812,201.0050251256281,2588.140703517587
15.436811034998755,12.876,2.0100502512562812,184.25460636515908,2372.4623115577883
15.44689125199875,12.88,1.8425460636515907,201.0050251256281,2588.94472361809
15.45697230299993,12.876,2.0100502512562812,201.0050251256281,2588.140703517587
15.467053001999375,12.88,2.0100502512562812,184.25460636515908,2373.199329983249
15.477133070999116,12.876,1.8425460636515907,184.25460636515908,2372.4623115577883
15.487214028999006,12.884,2.0100502512562812,201.0050251256281,2589.7487437185923
15.497296894000101,12.872,1.8425460636515907,184.25460636515908,2371.725293132328
15.507377666999673,12.888,1.8425460636515907,184.25460636515908,2374.6733668341703
15.517460050999944,12.868,1.8425460636515907,184.25460636515908,2370.9882747068673
15.527565488999244,12.888,1.8425460636515907,184.25460636515908,2374.6733668341703
15.537641409999196,12.872,1.8425460636515907,184.25460636515908,2371.725293132328
15.547722516999784,12.88,1.8425460636515907,184.25460636515908,2373.199329983249
15.557802530000117,12.872,1.8425460636515907,184.25460636515908,2371.725293132328
15.567882839999584,12.88,1.8425460636515907,184.25460636515908,2373.199329983249
15.57796437199977,12.876,2.0100502512562812,184.25460636515908,2372.4623115577883
15.588045811000484,12.888,1.8425460636515907,184.25460636515908,2374.6733668341703
15.598126750999654,12.872,1.8425460636515907,184.25460636515908,2371.725293132328
15.60820668999986,12.892,2.0100502512562812,184.25460636515908,2375.410385259631
15.618287610999687,12.864,1.8425460636515907,201.0050251256281,2585.72864321608
15.628379087998837,12.892,1.8425460636515907,184.25460636515908,2375.410385259631
15.638459822999721,12.864,1.8425460636515907,184.25460636515908,2370.2512562814063
15.648536669999885,12.892,1.8425460636515907,184.25460636515908,2375.410385259631
15.658617794999373,12.86,1.8425460636515907,201.0050251256281,2584.924623115577
15.668698993998987,12.896,1.8425460636515907,184.25460636515908,2376.147403685092
15.67877948899877,12.864,2.0100502512562812,201.0050251256281,2585.72864321608
15.688860371999908,12.892,1.8425460636515907,184.25460636515908,2375.410385259631
15.698940959999163,12.868,1.8425460636515907,184.25460636515908,2370.9882747068673
15.709021824999581,12.896,1.8425460636515907,184.25460636515908,2376.147403685092
15.719102208999175,12.868,2.0100502512562812,184.25460636515908,2370.9882747068673
15.729205851999723,12.896,1.8425460636515907,184.25460636515908,2376.147403685092
15.739286902999083,12.864,2.0100502512562812,184.25460636515908,2370.2512562814063
15.749369805000242,12.892,2.0100502512562812,184.25460636515908,2375.410385259631
15.759449485000005,12.864,1.8425460636515907,184.25460636515908,2370.2512562814063
15.769529164999767,12.896,2.0100502512562812,184.25460636515908,2376.147403685092
15.779609883000376,12.864,1.8425460636515907,184.25460636515908,2370.2512562814063
15.789689600000202,12.892,1.8425460636515907,184.25460636515908,2375.410385259631
15.799769205999837,12.868,1.8425460636515907,184.25460636515908,2370.9882747068673
15.809849330998986,12.892,1.8425460636515907,184.25460636515908,2375.410385259631
15.819929158999003,12.868,1.8425460636515907,184.25460636515908,2370.9882747068673
15.830005153999082,12.892,2.0100502512562812,201.0050251256281,2591.356783919597
15.840085259998887,12.864,1.8425460636515907,201.0050251256281,2585.72864321608
15.850165162999474,12.896,2.0100502512562812,184.25460636515908,2376.147403685092
15.860244953999427,12.86,1.8425460636515907,184.25460636515908,2369.514237855946
15.870325541998682,12.896,1.8425460636515907,184.25460636515908,2376.147403685092
15.880406313999629,12.864,1.8425460636515907,184.25460636515908,2370.2512562814063
15.89048697599901,12.896,1.8425460636515907,201.0050251256281,2592.1608040201
15.900569396999344,12.868,2.0100502512562812,184.25460636515908,2370.9882747068673
15.910650984998938,12.888,1.8425460636515907,184.25460636515908,2374.6733668341703
15.920728516999588,12.868,1.8425460636515907,201.0050251256281,2586.5326633165823
15.93080858599933,12.888,1.8425460636515907,184.25460636515908,2374.6733668341703
15.940889932999198,12.872,2.0100502512562812,184.25460636515908,2371.725293132328
15.950971075999405,12.884,2.0100502512562812,201.0050251256281,2589.7487437185923
15.961050922998766,12.876,1.8425460636515907,184.25460636515908,2372.4623115577883
15.971130214000368,12.884,2.0100502512562812,184.25460636515908,2373.93634840871
15.98123874599878,12.872,2.0100502512562812,184.25460636515908,2371.725293132328
15.991320092000024,12.888,1.8425460636515907,201.0050251256281,2590.5527638190947
16.00139542099896,12.876,1.8425460636515907,184.25460636515908,2372.4623115577883
16.011476952999146,12.888,2.0100502512562812,184.25460636515908,2374.6733668341703
16.021559614999205,12.876,1.8425460636515907,184.25460636515908,2372.4623115577883
16.031652128000133,12.876,1.8425460636515907,184.25460636515908,2372.4623115577883
16.041735177999726,12.88,2.0100502512562812,184.25460636515908,2373.199329983249
16.051819655000145,12.876,1.8425460636515907,184.25460636515908,2372.4623115577883
16.061901519999083,12.876,2.0100502512562812,201.0050251256281,2588.140703517587
16.07198266299929,12.88,1.8425460636515907,184.25460636515908,2373.199329983249
16.082064583999454,12.88,1.8425460636515907,184.25460636515908,2373.199329983249
16.09214054199947,12.88,2.0100502512562812,201.0050251256281,2588.94472361809
16.102228925999952,12.88,2.0100502512562812,184.25460636515908,2373.199329983249
16.11230690299999,12.88,2.0100502512562812,167.50418760469006,2157.453936348408
16.12238228699971,12.884,1.8425460636515907,201.0050251256281,2589.7487437185923
16.132542297998953,12.88,2.0100502512562812,184.25460636515908,2373.199329983249
16.142616200999328,12.888,2.0100502512562812,184.25460636515908,2374.6733668341703
16.152689529999407,12.868,1.8425460636515907,184.25460636515908,2370.9882747068673
16.16276284000014,12.888,1.8425460636515907,184.25460636515908,2374.6733668341703
16.17283833500005,12.864,2.0100502512562812,184.25460636515908,2370.2512562814063
16.182914495999285,12.892,1.8425460636515907,184.25460636515908,2375.410385259631
16.19299254699945,12.868,2.0100502512562812,184.25460636515908,2370.9882747068673
16.203068393999274,12.888,1.8425460636515907,184.25460636515908,2374.6733668341703
16.213144536999607,12.872,1.8425460636515907,201.0050251256281,2587.3366834170847
16.223220607000258,12.888,1.8425460636515907,184.25460636515908,2374.6733668341703
16.233307989999957,12.868,1.8425460636515907,184.25460636515908,2370.9882747068673
16.243388225999297,12.892,1.8425460636515907,201.0050251256281,2591.356783919597
16.253470072999335,12.872,1.8425460636515907,201.0050251256281,2587.3366834170847
16.26355008599967,12.888,1.8425460636515907,184.25460636515908,2374.6733668341703
16.273631543999727,12.868,1.8425460636515907,184.25460636515908,2370.9882747068673
16.28371118799987,12.888,2.0100502512562812,184.25460636515908,2374.6733668341703
16.29379308999887,12.868,2.0100502512562812,184.25460636515908,2370.9882747068673
16.30387321499984,12.892,2.0100502512562812,184.25460636515908,2375.410385259631
16.3139546729999,12.868,1.8425460636515907,184.25460636515908,2370.9882747068673
16.324031445999935,12.892,1.8425460636515907,201.0050251256281,2591.356783919597
16.33412149600008,12.868,1.8425460636515907,184.25460636515908,2370.9882747068673
16.34420147200035,12.892,1.8425460636515907,184.25460636515908,2375.410385259631
16.35428207899895,12.864,1.8425460636515907,201.0050251256281,2585.72864321608
16.3643584069996,12.896,1.8425460636515907,184.25460636515908,2376.147403685092
16.374438105998706,12.86,2.0100502512562812,184.25460636515908,2369.514237855946
16.38451771200016,12.896,1.8425460636515907,201.0050251256281,2592.1608040201
16.394599207000283,12.86,1.8425460636515907,184.25460636515908,2369.514237855946
16.40467940599956,12.896,1.8425460636515907,184.25460636515908,2376.147403685092
16.414758918999723,12.864,1.8425460636515907,184.25460636515908,2370.2512562814063
16.424839265999253,12.896,2.0100502512562812,184.25460636515908,2376.147403685092
16.434984407998854,12.868,1.8425460636515907,184.25460636515908,2370.9882747068673
16.445061772999907,12.892,1.8425460636515907,184.25460636515908,2375.410385259631
16.45513758299967,12.868,1.8425460636515907,184.25460636515908,2370.9882747068673
16.465238651999243,12.888,1.8425460636515907,184.25460636515908,2374.6733668341703
16.475314757999513,12.868,1.8425460636515907,184.25460636515908,2370.9882747068673
16.485387364000417,12.888,1.8425460636515907,201.0050251256281,2590.5527638190947
16.495463507999375,12.868,1.8425460636515907,184.25460636515908,2370.9882747068673
16.505541817999983,12.892,1.8425460636515907,184.25460636515908,2375.410385259631
16.515624941999704,12.868,1.8425460636515907,184.25460636515908,2370.9882747068673
16.52570282600027,12.892,1.8425460636515907,184.25460636515908,2375.410385259631
16.535789006000414,12.872,1.8425460636515907,201.0050251256281,2587.3366834170847
16.545872908998717,12.892,1.8425460636515907,184.25460636515908,2375.410385259631
16.5559537930003,12.872,1.8425460636515907,201.0050251256281,2587.3366834170847
16.566034399000273,12.884,2.0100502512562812,184.25460636515908,2373.93634840871
16.576115800999105,12.868,2.0100502512562812,184.25460636515908,2370.9882747068673
16.58619611100039,12.884,1.8425460636515907,201.0050251256281,2589.7487437185923
16.596277032000216,12.872,1.8425460636515907,201.0050251256281,2587.3366834170847
16.606357859998752,12.888,1.8425460636515907,184.25460636515908,2374.6733668341703
16.616439262999847,12.876,2.0100502512562812,184.25460636515908,2372.4623115577883
16.626519516999906,12.888,1.8425460636515907,201.0050251256281,2590.5527638190947
16.63660945599986,12.876,1.8425460636515907,201.0050251256281,2588.140703517587
16.64668665499994,12.88,1.8425460636515907,184.25460636515908,2373.199329983249
16.6567602239993,12.884,1.8425460636515907,184.25460636515908,2373.93634840871
16.666836681999484,12.868,2.0100502512562812,201.0050251256281,2586.5326633165823
16.676913195999077,12.884,1.8425460636515907,184.25460636515908,2373.93634840871
16.6869894499996,12.868,2.0100502512562812,184.25460636515908,2370.9882747068673
16.69706563100044,12.884,1.8425460636515907,184.25460636515908,2373.93634840871
16.70714192199921,12.876,1.8425460636515907,184.25460636515908,2372.4623115577883
16.717231380000158,12.884,1.8425460636515907,201.0050251256281,2589.7487437185923
16.72730691200013,12.876,1.8425460636515907,184.25460636515908,2372.4623115577883
16.737382499999512,12.884,1.8425460636515907,184.25460636515908,2373.93634840871
16.747462679999444,12.876,1.8425460636515907,184.25460636515908,2372.4623115577883
16.757542416000433,12.888,1.8425460636515907,184.25460636515908,2374.6733668341703
16.76762172599956,12.876,2.0100502512562812,184.25460636515908,2372.4623115577883
16.777700942999218,12.88,1.8425460636515907,184.25460636515908,2373.199329983249
16.787780179000038,12.868,2.0100502512562812,184.25460636515908,2370.9882747068673
16.797859914999208,12.888,1.8425460636515907,201.0050251256281,2590.5527638190947
16.807940020999013,12.864,1.8425460636515907,201.0050251256281,2585.72864321608
16.81802045999939,12.888,1.8425460636515907,184.25460636515908,2374.6733668341703
16.828100974000336,12.868,1.8425460636515907,184.25460636515908,2370.9882747068673
16.838206764999995,12.888,1.8425460636515907,184.25460636515908,2374.6733668341703
16.848287556000287,12.872,1.8425460636515907,201.0050251256281,2587.3366834170847
16.858368125000197,12.888,1.8425460636515907,184.25460636515908,2374.6733668341703
16.868448712999452,12.864,2.0100502512562812,184.25460636515908,2370.2512562814063
16.878527688999384,12.892,1.8425460636515907,201.0050251256281,2591.356783919597
16.88860851699974,12.864,1.8425460636515907,201.0050251256281,2585.72864321608
16.898687937999057,12.896,2.0100502512562812,201.0050251256281,2592.1608040201
16.90876858199954,12.86,1.8425460636515907,184.25460636515908,2369.514237855946
16.918848224999238,12.896,1.8425460636515907,184.25460636515908,2376.147403685092
16.928927737999402,12.86,1.8425460636515907,184.25460636515908,2369.514237855946
16.939017863000117,12.896,1.8425460636515907,184.25460636515908,2376.147403685092
16.949099432000367,12.864,1.8425460636515907,201.0050251256281,2585.72864321608
16.95918033399903,12.896,1.8425460636515907,184.25460636515908,2376.147403685092
16.969247719000123,12.864,1.8425460636515907,184.25460636515908,2370.2512562814063
16.979327473000012,12.888,2.0100502512562812,184.25460636515908,2374.6733668341703
16.98941033799929,12.864,1.8425460636515907,184.25460636515908,2370.2512562814063
16.99949077800011,12.892,2.0100502512562812,184.25460636515908,2375.410385259631
17.009572253999067,12.864,1.8425460636515907,201.0050251256281,2585.72864321608
17.01965230499991,12.892,1.8425460636515907,201.0050251256281,2591.356783919597
17.029731688999163,12.864,1.8425460636515907,184.25460636515908,2370.2512562814063
17.03983364600026,12.896,1.8425460636515907,184.25460636515908,2376.147403685092
17.049923399999898,12.864,1.8425460636515907,184.25460636515908,2370.2512562814063
17.060004950999428,12.896,1.8425460636515907,201.0050251256281,2592.1608040201
17.07008220500029,12.864,1.8425460636515907,184.25460636515908,2370.2512562814063
17.080161903999397,12.892,1.8425460636515907,184.25460636515908,2375.410385259631
17.090245176999815,12.86,1.8425460636515907,184.25460636515908,2369.514237855946
17.100325856999916,12.888,1.8425460636515907,184.25460636515908,2374.6733668341703
17.110407018999467,12.864,2.0100502512562812,184.25460636515908,2370.2512562814063
17.12048803200014,12.892,1.8425460636515907,184.25460636515908,2375.410385259631
17.13056991600024,12.868,1.8425460636515907,184.25460636515908,2370.9882747068673
17.140733594998892,12.892,1.8425460636515907,201.0050251256281,2591.356783919597
17.150809904998823,12.868,1.8425460636515907,184.25460636515908,2370.9882747068673
17.16088658499939,12.892,2.0100502512562812,184.25460636515908,2375.410385259631
17.17096372800006,12.872,2.0100502512562812,184.25460636515908,2371.725293132328
17.181040501000098,12.88,2.0100502512562812,184.25460636515908,2373.199329983249
17.191117088999817,12.872,1.8425460636515907,184.25460636515908,2371.725293132328
17.201196509999136,12.88,2.0100502512562812,184.25460636515908,2373.199329983249
17.2112733569993,12.876,1.8425460636515907,184.25460636515908,2372.4623115577883
17.22135170399997,12.88,1.8425460636515907,184.25460636515908,2373.199329983249
17.231428568999036,12.88,1.8425460636515907,184.25460636515908,2373.199329983249
17.241516489999412,12.884,1.8425460636515907,184.25460636515908,2373.93634840871
17.251599059,12.876,1.8425460636515907,201.0050251256281,2588.140703517587
17.261681497999234,12.884,2.0100502512562812,184.25460636515908,2373.93634840871
17.27176230799887,12.876,1.8425460636515907,201.0050251256281,2588.140703517587
17.28184428500026,12.88,2.0100502512562812,201.0050251256281,2588.94472361809
17.291925297999114,12.872,2.0100502512562812,184.25460636515908,2371.725293132328
17.302006015999723,12.884,2.0100502512562812,184.25460636515908,2373.93634840871
17.312086807000014,12.88,2.0100502512562812,184.25460636515908,2373.199329983249
17.322166949999882,12.872,1.8425460636515907,201.0050251256281,2587.3366834170847
17.332246740999835,12.88,1.8425460636515907,184.25460636515908,2373.199329983249
17.34233775499888,12.872,2.0100502512562812,184.25460636515908,2371.725293132328
17.35241865699936,12.88,1.8425460636515907,184.25460636515908,2373.199329983249
17.362498948999928,12.872,1.8425460636515907,184.25460636515908,2371.725293132328
17.372579906999817,12.884,2.0100502512562812,184.25460636515908,2373.93634840871
17.382661345998713,12.872,1.8425460636515907,184.25460636515908,2371.725293132328
17.392749008000465,12.884,1.8425460636515907,184.25460636515908,2373.93634840871
17.402830928000185,12.872,2.0100502512562812,184.25460636515908,2371.725293132328
17.41291262699997,12.888,1.8425460636515907,184.25460636515908,2374.6733668341703
17.422994196000218,12.872,1.8425460636515907,201.0050251256281,2587.3366834170847
17.43307413599905,12.888,2.0100502512562812,184.25460636515908,2374.6733668341703
17.44317977799983,12.864,1.8425460636515907,184.25460636515908,2370.2512562814063
17.453263309998874,12.892,1.8425460636515907,201.0050251256281,2591.356783919597
17.463344453999525,12.864,1.8425460636515907,184.25460636515908,2370.2512562814063
17.473427688999436,12.888,1.8425460636515907,184.25460636515908,2374.6733668341703
17.48350868399939,12.868,1.8425460636515907,184.25460636515908,2370.9882747068673
17.493589697998686,12.884,1.8425460636515907,184.25460636515908,2373.93634840871
17.503669378000268,12.868,1.8425460636515907,201.0050251256281,2586.5326633165823
17.513752131999354,12.888,1.8425460636515907,184.25460636515908,2374.6733668341703
17.523832589999074,12.868,1.8425460636515907,201.0050251256281,2586.5326633165823
17.533913547998964,12.888,1.8425460636515907,201.0050251256281,2590.5527638190947
17.54401726499964,12.868,1.8425460636515907,201.0050251256281,2586.5326633165823
17.554098685999634,12.892,1.8425460636515907,184.25460636515908,2375.410385259631
17.56417988499925,12.864,1.8425460636515907,184.25460636515908,2370.2512562814063
17.574261046000174,12.896,1.8425460636515907,184.25460636515908,2376.147403685092
17.584337689999302,12.86,1.8425460636515907,201.0050251256281,2584.924623115577
17.594418795999445,12.896,1.8425460636515907,201.0050251256281,2592.1608040201
17.60449497599984,12.856,1.8425460636515907,184.25460636515908,2368.7772194304853
17.614575952999076,12.896,1.8425460636515907,184.25460636515908,2376.147403685092
17.624656613999832,12.864,2.0100502512562812,201.0050251256281,2585.72864321608
17.63473681299911,12.892,1.8425460636515907,184.25460636515908,2375.410385259631
17.644826177998766,12.864,2.0100502512562812,184.25460636515908,2370.2512562814063
17.654903081000157,12.896,1.8425460636515907,184.25460636515908,2376.147403685092
17.664980002000448,12.868,1.8425460636515907,201.0050251256281,2586.5326633165823
17.67505664499913,12.868,2.0100502512562812,201.0050251256281,2586.5326633165823
17.685133195998787,12.844,2.0100502512562812,184.25460636515908,2366.5661641541033
17.695209875999353,12.876,2.0100502512562812,201.0050251256281,2588.140703517587
17.70528785299939,12.852,2.0100502512562812,201.0050251256281,2583.3165829145723
17.715363699999216,12.876,2.0100502512562812,201.0050251256281,2588.140703517587
17.725438990999464,12.852,2.0100502512562812,184.25460636515908,2368.0402010050243
17.735514189998867,12.876,1.8425460636515907,201.0050251256281,2588.140703517587
17.745586019000257,12.852,2.0100502512562812,184.25460636515908,2368.0402010050243
17.755666790999385,12.88,2.0100502512562812,201.0050251256281,2588.94472361809
17.765747174998978,12.852,2.0100502512562812,201.0050251256281,2583.3165829145723
17.775826095999946,12.88,1.8425460636515907,201.0050251256281,2588.94472361809
17.785906277000322,12.848,1.8425460636515907,201.0050251256281,2582.51256281407
17.795986900999196,12.884,2.0100502512562812,201.0050251256281,2589.7487437185923
17.806067303999953,12.844,1.8425460636515907,201.0050251256281,2581.708542713567
17.816146428998763,12.884,2.0100502512562812,201.0050251256281,2589.7487437185923
17.826226941999266,12.848,2.0100502512562812,201.0050251256281,2582.51256281407
17.836306678000255,12.884,2.0100502512562812,201.0050251256281,2589.7487437185923
17.84638574699966,12.852,2.0100502512562812,201.0050251256281,2583.3165829145723
17.856466389999696,12.88,1.8425460636515907,201.0050251256281,2588.94472361809
17.866547218998676,12.852,2.0100502512562812,201.0050251256281,2583.3165829145723
17.876628583999263,12.88,2.0100502512562812,201.0050251256281,2588.94472361809
17.88670933799949,12.852,1.8425460636515907,201.0050251256281,2583.3165829145723
17.8967888520001,12.876,2.0100502512562812,184.25460636515908,2372.4623115577883
17.906864902999587,12.852,2.0100502512562812,201.0050251256281,2583.3165829145723
17.916945768000005,12.88,2.0100502512562812,201.0050251256281,2588.94472361809
17.927026503999514,12.848,2.0100502512562812,201.0050251256281,2582.51256281407
17.937106239998684,12.884,2.0100502512562812,201.0050251256281,2589.7487437185923
17.947197456998765,12.852,2.0100502512562812,201.0050251256281,2583.3165829145723
17.957280358999924,12.88,2.0100502512562812,201.0050251256281,2588.94472361809
17.96736107600009,12.852,2.0100502512562812,201.0050251256281,2583.3165829145723
17.977444053,12.88,2.0100502512562812,201.0050251256281,2588.94472361809
17.987524973999825,12.848,2.0100502512562812,201.0050251256281,2582.51256281407
17.997607375998996,12.88,1.8425460636515907,201.0050251256281,2588.94472361809
18.00768857500043,12.848,2.0100502512562812,201.0050251256281,2582.51256281407
18.017771106999135,12.884,2.0100502512562812,201.0050251256281,2589.7487437185923
18.0278518060004,12.848,2.0100502512562812,184.25460636515908,2367.303182579564
18.03793269000016,12.888,2.0100502512562812,201.0050251256281,2590.5527638190947
18.04805379499885,12.848,2.0100502512562812,217.7554438860971,2797.7219430485757
18.058137419999184,12.884,2.0100502512562812,201.0050251256281,2589.7487437185923
18.06821917399975,12.848,1.8425460636515907,201.0050251256281,2582.51256281407
18.0783003359993,12.876,1.8425460636515907,201.0050251256281,2588.140703517587
18.088382163999995,12.852,2.0100502512562812,201.0050251256281,2583.3165829145723
18.098463528998764,12.876,2.0100502512562812,184.25460636515908,2372.4623115577883
18.108545005999986,12.856,2.0100502512562812,201.0050251256281,2584.1206030150747
18.11862601899884,12.876,2.0100502512562812,184.25460636515908,2372.4623115577883
18.128703291999045,12.852,2.0100502512562812,201.0050251256281,2583.3165829145723
18.138779712999167,12.88,2.0100502512562812,201.0050251256281,2588.94472361809
18.148928669999805,12.852,1.8425460636515907,201.0050251256281,2583.3165829145723
18.15900573900035,12.912,2.0100502512562812,184.25460636515908,2379.0954773869344
18.169082252999942,12.88,1.8425460636515907,184.25460636515908,2373.199329983249
18.179158896000445,12.896,1.8425460636515907,184.25460636515908,2376.147403685092
18.189236983998853,12.868,2.0100502512562812,184.25460636515908,2370.9882747068673
18.199313478999102,12.888,1.8425460636515907,184.25460636515908,2374.6733668341703
18.209394491999774,12.864,2.0100502512562812,184.25460636515908,2370.2512562814063
18.21947072799958,12.888,2.0100502512562812,184.25460636515908,2374.6733668341703
18.229548408999108,12.868,1.8425460636515907,184.25460636515908,2370.9882747068673
18.23962466299963,12.892,2.0100502512562812,184.25460636515908,2375.410385259631
18.249711268999818,12.872,1.8425460636515907,184.25460636515908,2371.725293132328
18.259792689999813,12.892,1.8425460636515907,184.25460636515908,2375.410385259631
18.26986713000042,12.872,1.8425460636515907,184.25460636515908,2371.725293132328
18.279948457999126,12.888,1.8425460636515907,201.0050251256281,2590.5527638190947
18.290029526999206,12.876,1.8425460636515907,184.25460636515908,2372.4623115577883
18.30010985499939,12.884,2.0100502512562812,184.25460636515908,2373.93634840871
18.31019109099907,12.876,1.8425460636515907,184.25460636515908,2372.4623115577883
18.320271605000016,12.876,1.8425460636515907,184.25460636515908,2372.4623115577883
18.330352285000117,12.88,1.8425460636515907,184.25460636515908,2373.199329983249
18.34043326199935,12.876,1.8425460636515907,201.0050251256281,2588.140703517587
18.350523200999305,12.88,1.8425460636515907,201.0050251256281,2588.94472361809
18.360604343999512,12.88,1.8425460636515907,184.25460636515908,2373.199329983249
18.370685320998746,12.88,1.8425460636515907,184.25460636515908,2373.199329983249
18.380766092999693,12.884,1.8425460636515907,184.25460636515908,2373.93634840871
18.390850810999837,12.88,1.8425460636515907,184.25460636515908,2373.199329983249
18.400930472000255,12.88,2.0100502512562812,184.25460636515908,2373.199329983249
18.411011041000165,12.876,1.8425460636515907,201.0050251256281,2588.140703517587
18.421091980999336,12.88,2.0100502512562812,184.25460636515908,2373.199329983249
18.431172606000473,12.884,1.8425460636515907,184.25460636515908,2373.93634840871
18.441254785999263,12.876,1.8425460636515907,184.25460636515908,2372.4623115577883
18.45136200199886,12.888,1.8425460636515907,201.0050251256281,2590.5527638190947
18.461444422999193,12.872,1.8425460636515907,184.25460636515908,2371.725293132328
18.471525289000056,12.888,1.8425460636515907,184.25460636515908,2374.6733668341703
18.48160804299914,12.872,1.8425460636515907,184.25460636515908,2371.725293132328
18.491688370999327,12.888,1.8425460636515907,184.25460636515908,2374.6733668341703
18.501771143999576,12.868,1.8425460636515907,184.25460636515908,2370.9882747068673
18.51185180599896,12.888,2.0100502512562812,184.25460636515908,2374.6733668341703
18.521933263999017,12.868,1.8425460636515907,184.25460636515908,2370.9882747068673
18.53201414799878,12.888,1.8425460636515907,184.25460636515908,2374.6733668341703
18.542095568998775,12.872,1.8425460636515907,184.25460636515908,2371.725293132328
18.552201099999365,12.892,2.0100502512562812,184.25460636515908,2375.410385259631
18.562282650998895,12.864,1.8425460636515907,201.0050251256281,2585.72864321608
18.572362220000286,12.896,1.8425460636515907,184.25460636515908,2376.147403685092
18.582443344999774,12.864,1.8425460636515907,184.25460636515908,2370.2512562814063
18.59252333999939,12.892,1.8425460636515907,201.0050251256281,2591.356783919597
18.60260340899913,12.868,1.8425460636515907,184.25460636515908,2370.9882747068673
18.612679440999273,12.864,2.0100502512562812,201.0050251256281,2585.72864321608
18.622760509999353,12.844,2.0100502512562812,201.0050251256281,2581.708542713567
18.632841004999136,12.872,2.0100502512562812,201.0050251256281,2587.3366834170847
18.642921962999026,12.856,2.0100502512562812,184.25460636515908,2368.7772194304853
18.65301260599881,12.876,2.0100502512562812,201.0050251256281,2588.140703517587
18.663093397999546,12.856,2.0100502512562812,184.25460636515908,2368.7772194304853
18.67317433700009,12.884,2.0100502512562812,201.0050251256281,2589.7487437185923
18.68325498000013,12.848,2.0100502512562812,201.0050251256281,2582.51256281407
18.69333541999913,12.88,1.8425460636515907,201.0050251256281,2588.94472361809
18.70341211899904,12.848,2.0100502512562812,201.0050251256281,2582.51256281407
18.71349633600039,12.88,2.0100502512562812,201.0050251256281,2588.94472361809
18.723575497999263,12.848,2.0100502512562812,201.0050251256281,2582.51256281407
18.7336561409993,12.88,2.0100502512562812,201.0050251256281,2588.94472361809
18.743737153999973,12.852,2.0100502512562812,201.0050251256281,2583.3165829145723
18.753842166999675,12.88,1.8425460636515907,184.25460636515908,2373.199329983249
18.763923717999205,12.852,2.0100502512562812,201.0050251256281,2583.3165829145723
18.774005712999497,12.88,2.0100502512562812,201.0050251256281,2588.94472361809
18.784085227000105,12.856,2.0100502512562812,201.0050251256281,2584.1206030150747
18.79416351799955,12.88,2.0100502512562812,201.0050251256281,2588.94472361809
18.804244401999313,12.848,2.0100502512562812,184.25460636515908,2367.303182579564
18.81432532299914,12.876,2.0100502512562812,201.0050251256281,2588.140703517587
18.824406354999155,12.852,2.0100502512562812,201.0050251256281,2583.3165829145723
18.834485997998854,12.88,2.0100502512562812,201.0050251256281,2588.94472361809
18.844565863999378,12.852,2.0100502512562812,201.0050251256281,2583.3165829145723
18.85465548799948,12.876,2.0100502512562812,201.0050251256281,2588.140703517587
18.86473605699939,12.852,2.0100502512562812,201.0050251256281,2583.3165829145723
18.874815441000464,12.876,1.8425460636515907,201.0050251256281,2588.140703517587
18.884896714000206,12.852,2.0100502512562812,201.0050251256281,2583.3165829145723
18.894977875999757,12.88,2.0100502512562812,201.0050251256281,2588.94472361809
18.905057092999414,12.852,2.0100502512562812,201.0050251256281,2583.3165829145723
18.91513738499998,12.884,2.0100502512562812,201.0050251256281,2589.7487437185923
18.925243935000253,12.844,2.0100502512562812,201.0050251256281,2581.708542713567
18.93532476299879,12.884,1.8425460636515907,201.0050251256281,2589.7487437185923
18.945407238999906,12.848,2.0100502512562812,201.0050251256281,2582.51256281407
18.9555107519991,12.88,2.0100502512562812,201.0050251256281,2588.94472361809
18.965593154998714,12.848,2.0100502512562812,201.0050251256281,2582.51256281407
18.975673779999852,12.88,2.0100502512562812,201.0050251256281,2588.94472361809
18.985755923000397,12.852,2.0100502512562812,201.0050251256281,2583.3165829145723
18.995836955000414,12.88,2.0100502512562812,201.0050251256281,2588.94472361809
19.005916801999774,12.852,2.0100502512562812,201.0050251256281,2583.3165829145723
19.01599761199941,12.876,2.0100502512562812,201.0050251256281,2588.140703517587
19.026078347000293,12.852,2.0100502512562812,201.0050251256281,2583.3165829145723
19.036159064999083,12.88,2.0100502512562812,201.0050251256281,2588.94472361809
19.04624881899872,12.848,2.0100502512562812,201.0050251256281,2582.51256281407
19.05636448000041,12.88,2.0100502512562812,184.25460636515908,2373.199329983249
19.066446103999624,12.848,2.0100502512562812,201.0050251256281,2582.51256281407
19.07652691399926,12.88,2.0100502512562812,201.0050251256281,2588.94472361809
19.086609834999763,12.852,2.0100502512562812,201.0050251256281,2583.3165829145723
19.09669036699961,12.88,2.0100502512562812,201.0050251256281,2588.94472361809
19.106771491999098,12.848,2.0100502512562812,201.0050251256281,2582.51256281407
19.116851931999918,12.88,2.0100502512562812,201.0050251256281,2588.94472361809
19.12693244500042,12.848,2.0100502512562812,201.0050251256281,2582.51256281407
19.137012384999252,12.88,2.0100502512562812,201.0050251256281,2588.94472361809
19.147092897999755,12.852,2.0100502512562812,201.0050251256281,2583.3165829145723
19.15720118900026,12.884,2.0100502512562812,201.0050251256281,2589.7487437185923
19.167282979999072,12.848,1.8425460636515907,201.0050251256281,2582.51256281407
19.17736279000019,12.884,2.0100502512562812,201.0050251256281,2589.7487437185923
19.187443711000014,12.848,2.0100502512562812,184.25460636515908,2367.303182579564
19.197526668998762,12.88,2.0100502512562812,201.0050251256281,2588.94472361809
19.2076072939999,12.852,2.0100502512562812,201.0050251256281,2583.3165829145723
19.21768967800017,12.876,2.0100502512562812,201.0050251256281,2588.140703517587
19.227773431999594,12.852,1.8425460636515907,184.25460636515908,2368.0402010050243
19.237856353000097,12.872,2.0100502512562812,201.0050251256281,2587.3366834170847
19.247937385000114,12.852,2.0100502512562812,201.0050251256281,2583.3165829145723
19.25801415800015,12.88,2.0100502512562812,201.0050251256281,2588.94472361809
19.26809098599915,12.848,2.0100502512562812,201.0050251256281,2582.51256281407
19.27816714799883,12.88,2.0100502512562812,184.25460636515908,2373.199329983249
19.28824234700005,12.848,2.0100502512562812,184.25460636515908,2367.303182579564
19.29831761999958,12.88,2.0100502512562812,184.25460636515908,2373.199329983249
19.308392429999003,12.852,2.0100502512562812,201.0050251256281,2583.3165829145723
19.318468739998934,12.88,2.0100502512562812,201.0050251256281,2588.94472361809
19.32854480899914,12.848,1.8425460636515907,201.0050251256281,2582.51256281407
19.338621527000214,12.88,2.0100502512562812,201.0050251256281,2588.94472361809
19.348698374000378,12.852,2.0100502512562812,201.0050251256281,2583.3165829145723
19.35878329499974,12.88,2.0100502512562812,184.25460636515908,2373.199329983249
19.368864549000136,12.852,2.0100502512562812,201.0050251256281,2583.3165829145723
19.378945784999814,12.884,2.0100502512562812,201.0050251256281,2589.7487437185923
19.38902640899869,12.848,2.0100502512562812,201.0050251256281,2582.51256281407
19.399108571000397,12.884,2.0100502512562812,201.0050251256281,2589.7487437185923
19.409192954999526,12.848,2.0100502512562812,201.0050251256281,2582.51256281407
19.419270987000345,12.876,2.0100502512562812,201.0050251256281,2588.140703517587
19.429355092999685,12.848,2.0100502512562812,201.0050251256281,2582.51256281407
19.439437847999216,12.876,2.0100502512562812,201.0050251256281,2588.140703517587
19.449520787000438,12.852,2.0100502512562812,201.0050251256281,2583.3165829145723
19.459616152000308,12.876,2.0100502512562812,184.25460636515908,2372.4623115577883
19.46969885100043,12.852,2.0100502512562812,201.0050251256281,2583.3165829145723
19.479779567998776,12.876,2.0100502512562812,201.0050251256281,2588.140703517587
19.489861747999385,12.852,2.0100502512562812,201.0050251256281,2583.3165829145723
19.499942316999295,12.88,2.0100502512562812,184.25460636515908,2373.199329983249
19.510022737998952,12.848,2.0100502512562812,201.0050251256281,2582.51256281407
19.520104232999074,12.884,2.0100502512562812,201.0050251256281,2589.7487437185923
19.530184784000085,12.84,2.0100502512562812,201.0050251256281,2580.9045226130647
19.540264723998916,12.88,1.8425460636515907,201.0050251256281,2588.94472361809
19.55034560799868,12.848,2.0100502512562812,201.0050251256281,2582.51256281407
19.560561229000086,12.88,2.0100502512562812,201.0050251256281,2588.94472361809
19.570635742999002,12.852,2.0100502512562812,201.0050251256281,2583.3165829145723
19.580712700999356,12.88,2.0100502512562812,201.0050251256281,2588.94472361809
19.590786640999795,12.852,2.0100502512562812,201.0050251256281,2583.3165829145723
19.600860209999155,12.88,2.0100502512562812,201.0050251256281,2588.94472361809
19.61093726099898,12.848,2.0100502512562812,201.0050251256281,2582.51256281407
19.62101308899946,12.88,2.0100502512562812,201.0050251256281,2588.94472361809
19.631086176999816,12.848,2.0100502512562812,201.0050251256281,2582.51256281407
19.641162635,12.876,2.0100502512562812,201.0050251256281,2588.140703517587
19.651238796999678,12.848,2.0100502512562812,184.25460636515908,2367.303182579564
19.66131179199874,12.876,2.0100502512562812,184.25460636515908,2372.4623115577883
19.671393491000345,12.848,1.8425460636515907,201.0050251256281,2582.51256281407
19.681476448999092,12.88,2.0100502512562812,201.0050251256281,2588.94472361809
19.69155709199913,12.852,2.0100502512562812,201.0050251256281,2583.3165829145723
19.701641698000458,12.88,1.8425460636515907,201.0050251256281,2588.94472361809
19.711722396999903,12.848,2.0100502512562812,184.25460636515908,2367.303182579564
19.72180557699903,12.88,1.8425460636515907,201.0050251256281,2588.94472361809
19.731882127998688,12.844,1.8425460636515907,201.0050251256281,2581.708542713567
19.7419641409997,12.884,2.0100502512562812,201.0050251256281,2589.7487437185923
19.752045322000413,12.844,2.0100502512562812,201.0050251256281,2581.708542713567
19.762136149998696,12.884,2.0100502512562812,184.25460636515908,2373.93634840871
19.7722126259996,12.848,2.0100502512562812,201.0050251256281,2582.51256281407
19.782289954999214,12.88,2.0100502512562812,201.0050251256281,2588.94472361809
19.79236326499995,12.852,2.0100502512562812,201.0050251256281,2583.3165829145723
19.802439760000198,12.88,2.0100502512562812,201.0050251256281,2588.94472361809
19.81251588499981,12.848,2.0100502512562812,201.0050251256281,2582.51256281407
19.822589601999425,12.876,2.0100502512562812,201.0050251256281,2588.140703517587
19.832663097999102,12.852,1.8425460636515907,201.0050251256281,2583.3165829145723
19.8427391109999,12.876,2.0100502512562812,201.0050251256281,2588.140703517587
19.852815107000424,12.848,2.0100502512562812,201.0050251256281,2582.51256281407
19.86293619299977,12.88,2.0100502512562812,201.0050251256281,2588.94472361809
19.87301454000044,12.848,2.0100502512562812,201.0050251256281,2582.51256281407
19.883096016999843,12.884,2.0100502512562812,201.0050251256281,2589.7487437185923
19.893176511999627,12.848,2.0100502512562812,201.0050251256281,2582.51256281407
19.903257080999538,12.884,2.0100502512562812,201.0050251256281,2589.7487437185923
19.913338946000295,12.848,2.0100502512562812,201.0050251256281,2582.51256281407
19.923414367998703,12.88,2.0100502512562812,201.0050251256281,2588.94472361809
19.933502658999714,12.844,1.8425460636515907,184.25460636515908,2366.5661641541033
19.9435840240003,12.88,2.0100502512562812,201.0050251256281,2588.94472361809
19.95366696400015,12.848,2.0100502512562812,201.0050251256281,2582.51256281407
19.963756903000103,12.884,2.0100502512562812,201.0050251256281,2589.7487437185923
19.973834545999125,12.848,2.0100502512562812,201.0050251256281,2582.51256281407
19.98391050399914,12.884,2.0100502512562812,201.0050251256281,2589.7487437185923
19.993987906998882,12.844,2.0100502512562812,201.0050251256281,2581.708542713567
20.00406560599913,12.888,2.0100502512562812,201.0050251256281,2590.5527638190947
20.01413884199974,12.852,2.0100502512562812,201.0050251256281,2583.3165829145723
20.0242146519995,12.88,2.0100502512562812,201.0050251256281,2588.94472361809
20.034288888000447,12.852,2.0100502512562812,201.0050251256281,2583.3165829145723
20.044393696998668,12.872,2.0100502512562812,201.0050251256281,2587.3366834170847
20.05447467399972,12.852,1.8425460636515907,201.0050251256281,2583.3165829145723
20.064588649000143,12.876,2.0100502512562812,201.0050251256281,2588.140703517587
20.074665496998932,12.848,2.0100502512562812,201.0050251256281,2582.51256281407
20.084742084000027,12.88,2.0100502512562812,201.0050251256281,2588.94472361809
20.09481954199873,12.848,2.0100502512562812,201.0050251256281,2582.51256281407
20.10490340799879,12.884,2.0100502512562812,184.25460636515908,2373.93634840871
20.114977032999377,12.848,2.0100502512562812,201.0050251256281,2582.51256281407
20.125050082999223,12.88,1.8425460636515907,201.0050251256281,2588.94472361809
20.135126690000106,12.848,2.0100502512562812,201.0050251256281,2582.51256281407
20.145201814999382,12.88,2.0100502512562812,184.25460636515908,2373.199329983249
20.1552747730002,12.848,2.0100502512562812,201.0050251256281,2582.51256281407
20.16532412000015,12.88,2.0100502512562812,201.0050251256281,2588.94472361809
20.175403985998855,12.848,2.0100502512562812,201.0050251256281,2582.51256281407
20.1854899989994,12.88,2.0100502512562812,201.0050251256281,2588.94472361809
20.19558108700039,12.848,2.0100502512562812,184.25460636515908,2367.303182579564
20.20566526699986,12.88,2.0100502512562812,201.0050251256281,2588.94472361809
20.215746854999452,12.852,2.0100502512562812,201.0050251256281,2583.3165829145723
20.225829589999194,12.88,2.0100502512562812,201.0050251256281,2588.94472361809
20.235910584999147,12.848,2.0100502512562812,201.0050251256281,2582.51256281407
20.245995672999925,12.876,1.8425460636515907,201.0050251256281,2588.140703517587
20.25607726099952,12.848,2.0100502512562812,201.0050251256281,2582.51256281407
20.26622447599948,12.88,2.0100502512562812,201.0050251256281,2588.94472361809
20.276298545999452,12.852,2.0100502512562812,184.25460636515908,2368.0402010050243
20.286372466998728,12.88,1.8425460636515907,201.0050251256281,2588.94472361809
20.296454924999125,12.852,2.0100502512562812,201.0050251256281,2583.3165829145723
20.306527975999416,12.88,2.0100502512562812,201.0050251256281,2588.94472361809
20.316600008000023,12.852,2.0100502512562812,184.25460636515908,2368.0402010050243
20.326676706999933,12.884,1.8425460636515907,201.0050251256281,2589.7487437185923
20.336753034998765,12.844,2.0100502512562812,201.0050251256281,2581.708542713567
20.346828937999817,12.884,2.0100502512562812,201.0050251256281,2589.7487437185923
20.35690519200034,12.844,2.0100502512562812,201.0050251256281,2581.708542713567
20.366990872000315,12.88,1.8425460636515907,201.0050251256281,2588.94472361809
20.37706688599974,12.848,2.0100502512562812,201.0050251256281,2582.51256281407
20.387143010999353,12.88,2.0100502512562812,201.0050251256281,2588.94472361809
20.39724087600007,12.852,1.8425460636515907,201.0050251256281,2583.3165829145723
20.40731779700036,12.88,2.0100502512562812,201.0050251256281,2588.94472361809
20.41739643999972,12.852,2.0100502512562812,201.0050251256281,2583.3165829145723
20.42747300999872,12.884,2.0100502512562812,201.0050251256281,2589.7487437185923
20.437551226999858,12.852,2.0100502512562812,201.0050251256281,2583.3165829145723
20.447627925999768,12.88,2.0100502512562812,201.0050251256281,2588.94472361809
20.45770577300027,12.852,1.8425460636515907,184.25460636515908,2368.0402010050243
20.467834414999743,12.88,2.0100502512562812,201.0050251256281,2588.94472361809
20.47791809499904,12.852,2.0100502512562812,201.0050251256281,2583.3165829145723
20.48799886800043,12.884,2.0100502512562812,201.0050251256281,2589.7487437185923
20.49807867799973,12.852,2.0100502512562812,201.0050251256281,2583.3165829145723
20.508159820999936,12.88,2.0100502512562812,184.25460636515908,2373.199329983249
20.518242909000037,12.852,2.0100502512562812,201.0050251256281,2583.3165829145723
20.528318867000053,12.88,1.8425460636515907,201.0050251256281,2588.94472361809
20.538400417999583,12.848,1.8425460636515907,201.0050251256281,2582.51256281407
20.54848180099907,12.88,1.8425460636515907,201.0050251256281,2588.94472361809
20.558558685999742,12.844,2.0100502512562812,201.0050251256281,2581.708542713567
20.568653884000014,12.884,2.0100502512562812,201.0050251256281,2589.7487437185923
20.578729415999987,12.848,1.8425460636515907,201.0050251256281,2582.51256281407
20.588803688999178,12.884,2.0100502512562812,201.0050251256281,2589.7487437185923
20.5988774439993,12.852,2.0100502512562812,201.0050251256281,2583.3165829145723
20.60895469800016,12.88,2.0100502512562812,201.0050251256281,2588.94472361809
20.61903158200039,12.852,2.0100502512562812,201.0050251256281,2583.3165829145723
20.629107799999474,12.88,2.0100502512562812,201.0050251256281,2588.94472361809
20.63918420200025,12.852,2.0100502512562812,201.0050251256281,2583.3165829145723
20.649262381999506,12.876,2.0100502512562812,201.0050251256281,2588.140703517587
20.659335006999754,12.852,2.0100502512562812,201.0050251256281,2583.3165829145723
20.669411372999093,12.88,1.8425460636515907,201.0050251256281,2588.94472361809
20.67949273799968,12.852,2.0100502512562812,184.25460636515908,2368.0402010050243
20.68957571499959,12.88,2.0100502512562812,201.0050251256281,2588.94472361809
20.699658264999016,12.848,2.0100502512562812,201.0050251256281,2582.51256281407
20.709741259999646,12.884,2.0100502512562812,201.0050251256281,2589.7487437185923
20.719822180999472,12.852,2.0100502512562812,201.0050251256281,2583.3165829145723
20.729899214000397,12.88,1.8425460636515907,201.0050251256281,2588.94472361809
20.739980300999378,12.852,2.0100502512562812,201.0050251256281,2583.3165829145723
20.75005670399878,12.876,2.0100502512562812,201.0050251256281,2588.140703517587
20.760137753999516,12.844,2.0100502512562812,201.0050251256281,2581.708542713567
20.77022015699913,12.88,2.0100502512562812,201.0050251256281,2588.94472361809
20.780296614999315,12.848,2.0100502512562812,201.0050251256281,2582.51256281407
20.790369999000177,12.884,1.8425460636515907,201.0050251256281,2589.7487437185923
20.800443345999156,12.848,1.8425460636515907,201.0050251256281,2582.51256281407
20.810519729999214,12.88,1.8425460636515907,201.0050251256281,2588.94472361809
20.82059261500035,12.852,2.0100502512562812,201.0050251256281,2583.3165829145723
20.83066934999988,12.88,2.0100502512562812,201.0050251256281,2588.94472361809
20.840745678999156,12.856,2.0100502512562812,184.25460636515908,2368.7772194304853
20.850821988999087,12.872,1.8425460636515907,201.0050251256281,2587.3366834170847
20.860898187998828,12.852,2.0100502512562812,201.0050251256281,2583.3165829145723
20.87098151600003,12.876,1.8425460636515907,201.0050251256281,2588.140703517587
20.881059456000003,12.852,2.0100502512562812,201.0050251256281,2583.3165829145723
20.891136598998855,12.88,2.0100502512562812,184.25460636515908,2373.199329983249
20.90123829699951,12.852,2.0100502512562812,201.0050251256281,2583.3165829145723
20.911319089000244,12.88,2.0100502512562812,184.25460636515908,2373.199329983249
20.921401694999076,12.852,2.0100502512562812,201.0050251256281,2583.3165829145723
20.931489763999707,12.884,2.0100502512562812,201.0050251256281,2589.7487437185923
20.94157174099928,12.852,2.0100502512562812,201.0050251256281,2583.3165829145723
20.951653123998767,12.884,2.0100502512562812,201.0050251256281,2589.7487437185923
20.96173510100016,12.848,2.0100502512562812,201.0050251256281,2582.51256281407
20.97182178100047,12.88,2.0100502512562812,201.0050251256281,2588.94472361809
20.981899849999536,12.852,2.0100502512562812,201.0050251256281,2583.3165829145723
20.991975308999827,12.88,2.0100502512562812,201.0050251256281,2588.94472361809
21.002052988998912,12.852,2.0100502512562812,184.25460636515908,2368.0402010050243
21.012126298999647,12.884,2.0100502512562812,201.0050251256281,2589.7487437185923
21.022202979000213,12.852,1.8425460636515907,201.0050251256281,2583.3165829145723
21.032279326000207,12.884,2.0100502512562812,184.25460636515908,2373.93634840871
21.042382784000438,12.852,1.8425460636515907,201.0050251256281,2583.3165829145723
21.052465409000433,12.872,2.0100502512562812,201.0050251256281,2587.3366834170847
21.062544069998694,12.852,2.0100502512562812,201.0050251256281,2583.3165829145723
21.072652286999073,12.872,2.0100502512562812,201.0050251256281,2587.3366834170847
21.08272944899909,12.856,2.0100502512562812,201.0050251256281,2584.1206030150747
21.09280636999938,12.876,2.0100502512562812,201.0050251256281,2588.140703517587
21.102883420999206,12.856,2.0100502512562812,184.25460636515908,2368.7772194304853
21.112960730999475,12.876,2.0100502512562812,201.0050251256281,2588.140703517587
21.123038854999322,12.856,2.0100502512562812,201.0050251256281,2584.1206030150747
21.133115479999105,12.88,1.8425460636515907,184.25460636515908,2373.199329983249
21.14319536400035,12.852,2.0100502512562812,201.0050251256281,2583.3165829145723
21.153235120000318,12.88,2.0100502512562812,201.0050251256281,2588.94472361809
21.16331254099896,12.848,2.0100502512562812,201.0050251256281,2582.51256281407
21.17339038799946,12.88,2.0100502512562812,184.25460636515908,2373.199329983249
21.183466753000175,12.852,2.0100502512562812,201.0050251256281,2583.3165829145723
21.193550210999092,12.876,2.0100502512562812,201.0050251256281,2588.140703517587
21.20363154000006,12.852,2.0100502512562812,201.0050251256281,2583.3165829145723
21.213713904999167,12.876,2.0100502512562812,201.0050251256281,2588.140703517587
21.22379478899893,12.856,2.0100502512562812,201.0050251256281,2584.1206030150747
21.233877542999835,12.88,2.0100502512562812,201.0050251256281,2588.94472361809
21.243958482999005,12.856,2.0100502512562812,201.0050251256281,2584.1206030150747
21.254039219000333,12.876,2.0100502512562812,201.0050251256281,2588.140703517587
21.264125288000287,12.852,2.0100502512562812,201.0050251256281,2583.3165829145723
21.27420894900024,12.876,1.8425460636515907,201.0050251256281,2588.140703517587
21.284282332999283,12.856,2.0100502512562812,201.0050251256281,2584.1206030150747
21.294358828999975,12.872,2.0100502512562812,184.25460636515908,2371.725293132328
21.304435841999293,12.856,2.0100502512562812,201.0050251256281,2584.1206030150747
21.314514300000155,12.872,2.0100502512562812,201.0050251256281,2587.3366834170847
21.32459073999962,12.856,2.0100502512562812,201.0050251256281,2584.1206030150747
21.334671216998686,12.876,2.0100502512562812,201.0050251256281,2588.140703517587
21.344747618999463,12.856,2.0100502512562812,201.0050251256281,2584.1206030150747
21.35482366999895,12.88,2.0100502512562812,201.0050251256281,2588.94472361809
21.364899221000087,12.848,1.8425460636515907,201.0050251256281,2582.51256281407
21.374972159999743,12.88,2.0100502512562812,201.0050251256281,2588.94472361809
21.385052432999146,12.848,2.0100502512562812,217.7554438860971,2797.7219430485757
21.395132095000008,12.88,2.0100502512562812,201.0050251256281,2588.94472361809
21.40525069999967,12.852,2.0100502512562812,201.0050251256281,2583.3165829145723
21.415327622000405,12.88,2.0100502512562812,201.0050251256281,2588.94472361809
21.42540441299934,12.856,2.0100502512562812,201.0050251256281,2584.1206030150747
21.43548596399887,12.876,2.0100502512562812,201.0050251256281,2588.140703517587
21.44556864399965,12.856,2.0100502512562812,201.0050251256281,2584.1206030150747
21.455649064999307,12.872,2.0100502512562812,201.0050251256281,2587.3366834170847
21.465731226999196,12.856,2.0100502512562812,201.0050251256281,2584.1206030150747
21.475818924998748,12.872,2.0100502512562812,201.0050251256281,2587.3366834170847
21.48589593900033,12.852,2.0100502512562812,184.25460636515908,2368.0402010050243
21.49596921199918,12.88,2.0100502512562812,201.0050251256281,2588.94472361809
21.506043965999197,12.856,2.0100502512562812,201.0050251256281,2584.1206030150747
21.51611694299936,12.872,2.177554438860971,184.25460636515908,2371.725293132328
21.526189808999334,12.856,2.0100502512562812,201.0050251256281,2584.1206030150747
21.536263007999878,12.872,2.0100502512562812,201.0050251256281,2587.3366834170847
21.546341707000465,12.856,2.0100502512562812,201.0050251256281,2584.1206030150747
21.55641807199936,12.876,2.0100502512562812,184.25460636515908,2372.4623115577883
21.566495678000138,12.856,2.0100502512562812,201.0050251256281,2584.1206030150747
21.576578395999604,12.88,2.0100502512562812,184.25460636515908,2373.199329983249
21.58665448299871,12.848,2.0100502512562812,201.0050251256281,2582.51256281407
21.596733663998748,12.88,2.0100502512562812,201.0050251256281,2588.94472361809
21.606811047999145,12.852,2.0100502512562812,201.0050251256281,2583.3165829145723
21.61688822799988,12.88,1.8425460636515907,184.25460636515908,2373.199329983249
21.626969315999304,12.856,1.8425460636515907,201.0050251256281,2584.1206030150747
21.637049791999743,12.88,2.0100502512562812,201.0050251256281,2588.94472361809
21.647130675999506,12.856,2.0100502512562812,201.0050251256281,2584.1206030150747
21.657207226999162,12.876,1.8425460636515907,201.0050251256281,2588.140703517587
21.66728866700032,12.856,2.0100502512562812,184.25460636515908,2368.7772194304853
21.677381513,12.868,2.0100502512562812,201.0050251256281,2586.5326633165823
21.687460805000228,12.856,2.0100502512562812,201.0050251256281,2584.1206030150747
21.697539466998933,12.876,2.0100502512562812,201.0050251256281,2588.140703517587
21.70761620200028,12.856,2.0100502512562812,201.0050251256281,2584.1206030150747
21.717694308999853,12.88,2.0100502512562812,201.0050251256281,2588.94472361809
21.727772062999065,12.856,2.0100502512562812,201.0050251256281,2584.1206030150747
21.73785142899942,12.872,1.8425460636515907,201.0050251256281,2587.3366834170847
21.74792775700007,12.856,1.8425460636515907,201.0050251256281,2584.1206030150747
21.758005325998965,12.872,2.0100502512562812,201.0050251256281,2587.3366834170847
21.7680814510004,12.852,2.0100502512562812,201.0050251256281,2583.3165829145723
21.778162149999844,12.872,2.0100502512562812,201.0050251256281,2587.3366834170847
21.788244923000093,12.852,2.0100502512562812,184.25460636515908,2368.0402010050243
21.79832512199937,12.872,2.0100502512562812,201.0050251256281,2587.3366834170847
21.808405321000464,12.852,2.0100502512562812,184.25460636515908,2368.0402010050243
21.818486500998915,12.88,2.0100502512562812,201.0050251256281,2588.94472361809
21.82856743999946,12.856,2.0100502512562812,201.0050251256281,2584.1206030150747
21.838643879998926,12.88,2.0100502512562812,201.0050251256281,2588.94472361809
21.848724448998837,12.852,2.0100502512562812,201.0050251256281,2583.3165829145723
21.858805591999044,12.876,2.0100502512562812,201.0050251256281,2588.140703517587
21.868887253998764,12.876,1.8425460636515907,184.25460636515908,2372.4623115577883
21.878978155998993,12.896,1.8425460636515907,184.25460636515908,2376.147403685092
21.88905479999994,12.88,1.8425460636515907,184.25460636515908,2373.199329983249
21.899131424999723,12.884,1.8425460636515907,184.25460636515908,2373.93634840871
21.909204382998723,12.88,2.0100502512562812,184.25460636515908,2373.199329983249
21.919281136999416,12.884,1.8425460636515907,184.25460636515908,2373.93634840871
21.929359428999305,12.88,1.8425460636515907,184.25460636515908,2373.199329983249
21.939436034999744,12.884,1.8425460636515907,184.25460636515908,2373.93634840871
21.94951401199978,12.88,1.8425460636515907,184.25460636515908,2373.199329983249
21.95959030300037,12.88,1.8425460636515907,167.50418760469006,2157.453936348408
21.96966811299899,12.876,1.8425460636515907,184.25460636515908,2372.4623115577883
21.979752997000105,12.876,1.8425460636515907,184.25460636515908,2372.4623115577883
21.989835047999804,12.876,1.8425460636515907,201.0050251256281,2588.140703517587
21.99991607999982,12.848,2.0100502512562812,201.0050251256281,2582.51256281407
22.009996296999816,12.856,2.0100502512562812,201.0050251256281,2584.1206030150747
22.020077069999388,12.86,2.0100502512562812,201.0050251256281,2584.924623115577
22.030157990999214,12.868,2.0100502512562812,201.0050251256281,2586.5326633165823
22.04023930099902,12.864,2.0100502512562812,201.0050251256281,2585.72864321608
22.050325202999375,12.864,2.0100502512562812,201.0050251256281,2585.72864321608
22.06040692100032,12.868,1.8425460636515907,201.0050251256281,2586.5326633165823
22.070488470999408,12.864,2.0100502512562812,184.25460636515908,2370.2512562814063
22.080653778999476,12.86,2.0100502512562812,201.0050251256281,2584.924623115577
22.090730810999958,12.868,2.0100502512562812,201.0050251256281,2586.5326633165823
22.100808010000037,12.856,2.0100502512562812,184.25460636515908,2368.7772194304853
22.110884690999228,12.864,2.0100502512562812,201.0050251256281,2585.72864321608
22.120962408000196,12.86,2.0100502512562812,184.25460636515908,2369.514237855946
22.13104025499888,12.868,2.0100502512562812,201.0050251256281,2586.5326633165823
22.141116583999974,12.864,2.0100502512562812,201.0050251256281,2585.72864321608
22.15119326399872,12.868,2.0100502512562812,201.0050251256281,2586.5326633165823
22.161272351999287,12.864,1.8425460636515907,201.0050251256281,2585.72864321608
22.171348809999472,12.868,2.0100502512562812,201.0050251256281,2586.5326633165823
22.181425045999276,12.864,2.0100502512562812,201.0050251256281,2585.72864321608
22.191505021999546,12.86,2.0100502512562812,201.0050251256281,2584.924623115577
22.20158631400045,12.868,2.0100502512562812,201.0050251256281,2586.5326633165823
22.211666272000002,12.864,2.0100502512562812,201.0050251256281,2585.72864321608
22.221749397000167,12.868,2.0100502512562812,184.25460636515908,2370.9882747068673
22.2318307810001,12.868,2.0100502512562812,201.0050251256281,2586.5326633165823
22.241912126999523,12.86,2.0100502512562812,201.0050251256281,2584.924623115577
22.251993010999286,12.868,2.0100502512562812,201.0050251256281,2586.5326633165823
22.262074451000444,12.86,1.8425460636515907,201.0050251256281,2584.924623115577
22.27215950199934,12.868,2.0100502512562812,184.25460636515908,2370.9882747068673
22.28223673699904,12.86,2.0100502512562812,201.0050251256281,2584.924623115577
22.292313380999985,12.868,2.0100502512562812,201.0050251256281,2586.5326633165823
22.302389319998838,12.864,2.0100502512562812,201.0050251256281,2585.72864321608
22.312465797000186,12.868,2.0100502512562812,184.25460636515908,2370.9882747068673
22.322542977999547,12.86,2.0100502512562812,201.0050251256281,2584.924623115577
22.332618342999922,12.872,2.0100502512562812,184.25460636515908,2371.725293132328
22.342695041999832,12.856,2.0100502512562812,201.0050251256281,2584.1206030150747
22.352771370999108,12.868,2.0100502512562812,201.0050251256281,2586.5326633165823
22.36284779199923,12.86,2.0100502512562812,184.25460636515908,2369.514237855946
22.37292410199916,12.872,2.0100502512562812,201.0050251256281,2587.3366834170847
22.383008873999643,12.864,1.8425460636515907,201.0050251256281,2585.72864321608
22.393098888000168,12.864,2.0100502512562812,201.0050251256281,2585.72864321608
22.403180104998683,12.864,2.0100502512562812,201.0050251256281,2585.72864321608
22.413262914998995,12.864,1.8425460636515907,184.25460636515908,2370.2512562814063
22.423343798998758,12.864,2.0100502512562812,201.0050251256281,2585.72864321608
22.43342518299869,12.868,2.0100502512562812,201.0050251256281,2586.5326633165823
22.443506047999108,12.868,2.0100502512562812,201.0050251256281,2586.5326633165823
22.453588487998786,12.868,2.0100502512562812,201.0050251256281,2586.5326633165823
22.463668649999818,12.86,2.0100502512562812,201.0050251256281,2584.924623115577
22.473751423000067,12.872,1.8425460636515907,201.0050251256281,2587.3366834170847
22.48384093599998,12.856,2.0100502512562812,201.0050251256281,2584.1206030150747
22.49392222700044,12.872,1.8425460636515907,201.0050251256281,2587.3366834170847
22.504003240999737,12.856,1.8425460636515907,201.0050251256281,2584.1206030150747
22.514084495000134,12.872,2.0100502512562812,201.0050251256281,2587.3366834170847
22.524165138998796,12.864,2.0100502512562812,201.0050251256281,2585.72864321608
22.53424613399875,12.868,1.8425460636515907,201.0050251256281,2586.5326633165823
22.544326887998977,12.864,2.0100502512562812,201.0050251256281,2585.72864321608
22.554407827999967,12.868,2.0100502512562812,201.0050251256281,2586.5326633165823
22.56448865600032,12.864,2.0100502512562812,201.0050251256281,2585.72864321608
22.574569465999957,12.872,2.0100502512562812,184.25460636515908,2371.725293132328
22.584679589999723,12.86,2.0100502512562812,201.0050251256281,2584.924623115577
22.594759954999972,12.868,2.0100502512562812,201.0050251256281,2586.5326633165823
22.60483985799874,12.86,1.8425460636515907,201.0050251256281,2584.924623115577
22.61491942700013,12.868,2.177554438860971,201.0050251256281,2586.5326633165823
22.624998921999577,12.86,2.0100502512562812,201.0050251256281,2584.924623115577
22.63507837999896,12.872,2.0100502512562812,201.0050251256281,2587.3366834170847
22.645157634999123,12.864,2.0100502512562812,201.0050251256281,2585.72864321608
22.65523788899918,12.868,2.0100502512562812,184.25460636515908,2370.9882747068673
22.66531801400015,12.864,2.0100502512562812,201.0050251256281,2585.72864321608
22.675399027999447,12.872,2.0100502512562812,201.0050251256281,2587.3366834170847
22.685506521998832,12.86,2.177554438860971,201.0050251256281,2584.924623115577
22.695587443000477,12.872,2.0100502512562812,201.0050251256281,2587.3366834170847
22.70566379000047,12.852,1.8425460636515907,201.0050251256281,2583.3165829145723
22.71574502600015,12.872,2.0100502512562812,184.25460636515908,2371.725293132328
22.725827631998982,12.86,2.0100502512562812,201.0050251256281,2584.924623115577
22.735908515998744,12.872,2.0100502512562812,201.0050251256281,2587.3366834170847
22.745988900000157,12.86,2.0100502512562812,201.0050251256281,2584.924623115577
22.756070024999644,12.872,2.0100502512562812,201.0050251256281,2587.3366834170847
22.766151093999724,12.864,2.0100502512562812,201.0050251256281,2585.72864321608
22.776232051999614,12.868,2.0100502512562812,201.0050251256281,2586.5326633165823
22.786322214000393,12.864,2.0100502512562812,201.0050251256281,2585.72864321608
22.79640246800045,12.868,2.0100502512562812,184.25460636515908,2370.9882747068673
22.806482333999156,12.864,2.0100502512562812,201.0050251256281,2585.72864321608
22.816562161999173,12.872,2.0100502512562812,184.25460636515908,2371.725293132328
22.826642508998702,12.86,2.0100502512562812,184.25460636515908,2369.514237855946
22.836721744999522,12.868,2.0100502512562812,201.0050251256281,2586.5326633165823
22.846802832998947,12.86,2.0100502512562812,201.0050251256281,2584.924623115577
22.856883401998857,12.872,2.0100502512562812,201.0050251256281,2587.3366834170847
22.86696410100012,12.86,2.0100502512562812,201.0050251256281,2584.924623115577
22.87704524400033,12.872,2.0100502512562812,201.0050251256281,2587.3366834170847
22.88713431299948,12.86,2.0100502512562812,201.0050251256281,2584.924623115577
22.89723860400045,12.872,2.0100502512562812,201.0050251256281,2587.3366834170847
22.907318913999916,12.86,1.8425460636515907,201.0050251256281,2584.924623115577
22.917402871999002,12.872,1.8425460636515907,201.0050251256281,2587.3366834170847
22.92748401499921,12.856,1.8425460636515907,201.0050251256281,2584.1206030150747
22.937564603000283,12.876,2.0100502512562812,201.0050251256281,2588.140703517587
22.94764552400011,12.856,1.8425460636515907,201.0050251256281,2584.1206030150747
22.95772714799932,12.872,2.0100502512562812,184.25460636515908,2371.725293132328
22.96780775499974,12.86,2.0100502512562812,201.0050251256281,2584.924623115577
22.977890213000137,12.872,1.8425460636515907,201.0050251256281,2587.3366834170847
22.98797972600005,12.864,2.0100502512562812,184.25460636515908,2370.2512562814063
22.998060683999938,12.868,2.0100502512562812,201.0050251256281,2586.5326633165823
23.008141604999764,12.864,2.0100502512562812,184.25460636515908,2370.2512562814063
23.018223155999294,12.868,2.0100502512562812,201.0050251256281,2586.5326633165823
23.02830398399965,12.864,2.0100502512562812,184.25460636515908,2370.2512562814063
23.038385071999073,12.872,1.8425460636515907,201.0050251256281,2587.3366834170847
23.04847482599871,12.864,2.0100502512562812,201.0050251256281,2585.72864321608
23.058556672998748,12.872,2.0100502512562812,184.25460636515908,2371.725293132328
23.068637741998828,12.856,2.0100502512562812,184.25460636515908,2368.7772194304853
23.078719570999965,12.872,2.0100502512562812,201.0050251256281,2587.3366834170847
23.088884804999907,12.856,2.0100502512562812,201.0050251256281,2584.1206030150747
23.098962615000346,12.876,2.0100502512562812,201.0050251256281,2588.140703517587
23.109039553999537,12.856,2.0100502512562812,184.25460636515908,2368.7772194304853
23.119124011998792,12.872,2.0100502512562812,201.0050251256281,2587.3366834170847
23.129201469999316,12.86,2.0100502512562812,201.0050251256281,2584.924623115577
23.139278279999417,12.872,2.0100502512562812,184.25460636515908,2371.725293132328
23.149352553000426,12.856,2.0100502512562812,201.0050251256281,2584.1206030150747
23.159425788999215,12.876,2.0100502512562812,201.0050251256281,2588.140703517587
23.16950504399938,12.852,2.0100502512562812,201.0050251256281,2583.3165829145723
23.179581649999818,12.876,2.0100502512562812,201.0050251256281,2588.140703517587
23.189655479000066,12.856,2.0100502512562812,201.0050251256281,2584.1206030150747
23.199731769998834,12.872,1.8425460636515907,201.0050251256281,2587.3366834170847
23.209809951000352,12.86,2.0100502512562812,201.0050251256281,2584.924623115577
23.219885463999162,12.868,2.0100502512562812,201.0050251256281,2586.5326633165823
23.229962755998713,12.86,2.0100502512562812,184.25460636515908,2369.514237855946
23.240039066000463,12.868,2.0100502512562812,184.25460636515908,2370.9882747068673
23.250116875999083,12.864,1.8425460636515907,201.0050251256281,2585.72864321608
23.260192575000474,12.872,2.0100502512562812,201.0050251256281,2587.3366834170847
23.270269810998798,12.856,2.0100502512562812,184.25460636515908,2368.7772194304853
23.280345212999237,12.876,2.0100502512562812,201.0050251256281,2588.140703517587
23.290418152999337,12.856,2.0100502512562812,201.0050251256281,2584.1206030150747
23.300498406999395,12.876,2.0100502512562812,201.0050251256281,2588.140703517587
23.31057869899996,12.848,2.0100502512562812,184.25460636515908,2367.303182579564
23.32065943499947,12.876,2.0100502512562812,201.0050251256281,2588.140703517587
23.33073637400048,12.856,2.0100502512562812,201.0050251256281,2584.1206030150747
23.340812054999333,12.876,2.0100502512562812,201.0050251256281,2588.140703517587
23.35089280899956,12.86,2.0100502512562812,201.0050251256281,2584.924623115577
23.360973027,12.872,2.0100502512562812,201.0050251256281,2587.3366834170847
23.37105339200025,12.86,2.0100502512562812,201.0050251256281,2584.924623115577
23.381133275999673,12.876,2.0100502512562812,201.0050251256281,2588.140703517587
23.39121064199935,12.852,2.0100502512562812,201.0050251256281,2583.3165829145723
23.401289117999113,12.872,2.0100502512562812,201.0050251256281,2587.3366834170847
23.41136507599913,12.852,2.0100502512562812,184.25460636515908,2368.0402010050243
23.42144257200016,12.872,2.0100502512562812,201.0050251256281,2587.3366834170847
23.43151827099973,12.856,2.0100502512562812,184.25460636515908,2368.7772194304853
23.441595729000255,12.876,2.0100502512562812,201.0050251256281,2588.140703517587
23.451671667999108,12.86,2.0100502512562812,201.0050251256281,2584.924623115577
23.461748996998722,12.872,2.0100502512562812,201.0050251256281,2587.3366834170847
23.471824584999922,12.86,2.0100502512562812,201.0050251256281,2584.924623115577
23.48190198699922,12.876,2.0100502512562812,184.25460636515908,2372.4623115577883
23.49198712999896,12.852,2.0100502512562812,201.0050251256281,2583.3165829145723
23.502069459000268,12.876,2.0100502512562812,201.0050251256281,2588.140703517587
23.51215036099893,12.848,2.0100502512562812,201.0050251256281,2582.51256281407
23.52223161599977,12.876,2.0100502512562812,201.0050251256281,2588.140703517587
23.532311814999048,12.848,2.0100502512562812,201.0050251256281,2582.51256281407
23.542392512999868,12.876,2.0100502512562812,201.0050251256281,2588.140703517587
23.55247256399889,12.852,1.8425460636515907,184.25460636515908,2368.0402010050243
23.562553095998737,12.876,2.0100502512562812,201.0050251256281,2588.140703517587
23.572634553998796,12.86,2.0100502512562812,201.0050251256281,2584.924623115577
23.58271138300006,12.876,2.0100502512562812,184.25460636515908,2372.4623115577883
23.59279974799938,12.86,2.0100502512562812,201.0050251256281,2584.924623115577
23.602875094999035,12.876,2.0100502512562812,184.25460636515908,2372.4623115577883
23.612948256999516,12.852,2.0100502512562812,201.0050251256281,2583.3165829145723
23.62302477099911,12.872,2.0100502512562812,201.0050251256281,2587.3366834170847
23.633097173998976,12.852,2.0100502512562812,184.25460636515908,2368.0402010050243
23.64317322399984,12.876,2.0100502512562812,201.0050251256281,2588.140703517587
23.653245812000023,12.856,2.0100502512562812,201.0050251256281,2584.1206030150747
23.663319141000102,12.876,2.0100502512562812,201.0050251256281,2588.140703517587
23.67339685799925,12.856,2.0100502512562812,201.0050251256281,2584.1206030150747
23.68347250199986,12.876,2.0100502512562812,201.0050251256281,2588.140703517587
23.693545107998943,12.856,2.0100502512562812,201.0050251256281,2584.1206030150747
23.70362330699936,12.876,2.0100502512562812,201.0050251256281,2588.140703517587
23.713706431999526,12.852,2.0100502512562812,201.0050251256281,2583.3165829145723
23.723786722999648,12.88,2.0100502512562812,201.0050251256281,2588.94472361809
23.73386782899979,12.848,2.0100502512562812,201.0050251256281,2582.51256281407
23.74394834299892,12.88,2.0100502512562812,184.25460636515908,2373.199329983249
23.754029374998936,12.848,2.0100502512562812,184.25460636515908,2367.303182579564
23.7641100919991,12.88,2.0100502512562812,201.0050251256281,2588.94472361809
23.774190494999857,12.852,2.0100502512562812,201.0050251256281,2583.3165829145723
23.78427054599888,12.88,2.0100502512562812,201.0050251256281,2588.94472361809
23.794347114999255,12.856,2.0100502512562812,201.0050251256281,2584.1206030150747
23.804420165999545,12.876,2.0100502512562812,201.0050251256281,2588.140703517587
23.81449745700047,12.86,2.0100502512562812,201.0050251256281,2584.924623115577
23.824570638000296,12.872,2.0100502512562812,201.0050251256281,2587.3366834170847
23.834646539999085,12.852,1.8425460636515907,184.25460636515908,2368.0402010050243
23.844723886999418,12.88,2.0100502512562812,201.0050251256281,2588.94472361809
23.854796678999264,12.852,2.0100502512562812,201.0050251256281,2583.3165829145723
23.86487311899873,12.88,1.8425460636515907,201.0050251256281,2588.94472361809
23.874952058000417,12.852,2.0100502512562812,201.0050251256281,2583.3165829145723
23.885030350000306,12.876,2.0100502512562812,201.0050251256281,2588.140703517587
23.895116288998906,12.856,2.0100502512562812,201.0050251256281,2584.1206030150747
23.90519220999886,12.876,1.8425460636515907,201.0050251256281,2588.140703517587
23.91526859499936,12.848,2.0100502512562812,201.0050251256281,2582.51256281407
23.92534377499942,12.876,1.8425460636515907,184.25460636515908,2372.4623115577883
23.935420547999456,12.848,2.0100502512562812,201.0050251256281,2582.51256281407
23.94549830199867,12.88,2.0100502512562812,201.0050251256281,2588.94472361809
23.955574352999975,12.848,1.8425460636515907,184.25460636515908,2367.303182579564
23.96565201500016,12.88,1.8425460636515907,201.0050251256281,2588.94472361809
23.975727306999033,12.848,2.0100502512562812,201.0050251256281,2582.51256281407
23.985805246000382,12.88,2.0100502512562812,201.0050251256281,2588.94472361809
23.995889538000483,12.852,2.0100502512562812,201.0050251256281,2583.3165829145723
24.00597223600016,12.876,1.8425460636515907,201.0050251256281,2588.140703517587
24.016052175998993,12.856,2.0100502512562812,201.0050251256281,2584.1206030150747
24.026132263999898,12.872,2.0100502512562812,201.0050251256281,2587.3366834170847
24.036212944,12.852,2.0100502512562812,201.0050251256281,2583.3165829145723
24.046303031998832,12.872,2.0100502512562812,201.0050251256281,2587.3366834170847
24.056386008000118,12.852,2.0100502512562812,201.0050251256281,2583.3165829145723
24.066466317999584,12.876,1.8425460636515907,201.0050251256281,2588.140703517587
24.07654746099979,12.852,2.0100502512562812,184.25460636515908,2368.0402010050243
24.086627529999532,12.88,1.8425460636515907,201.0050251256281,2588.94472361809
24.09679161599888,12.852,2.0100502512562812,201.0050251256281,2583.3165829145723
24.1068698149993,12.88,2.0100502512562812,201.0050251256281,2588.94472361809
24.116946754998935,12.848,2.0100502512562812,201.0050251256281,2582.51256281407
24.127022971999395,12.88,2.0100502512562812,201.0050251256281,2588.94472361809
24.137099116000172,12.848,2.0100502512562812,184.25460636515908,2367.303182579564
24.147174054998686,12.88,2.0100502512562812,184.25460636515908,2373.199329983249
24.157240921000266,12.852,2.0100502512562812,184.25460636515908,2368.0402010050243
24.167313324000133,12.88,2.0100502512562812,201.0050251256281,2588.94472361809
24.17739148599867,12.852,2.0100502512562812,201.0050251256281,2583.3165829145723
24.187467350999214,12.88,2.0100502512562812,184.25460636515908,2373.199329983249
24.19755416099906,12.848,2.0100502512562812,201.0050251256281,2582.51256281407
24.20763489700039,12.88,1.8425460636515907,201.0050251256281,2588.94472361809
24.217717465999158,12.848,2.0100502512562812,201.0050251256281,2582.51256281407
24.22779794300004,12.872,2.0100502512562812,201.0050251256281,2587.3366834170847
24.23787991899917,12.852,2.0100502512562812,201.0050251256281,2583.3165829145723
24.247959673999503,12.876,2.0100502512562812,201.0050251256281,2588.140703517587
24.258039835998716,12.852,2.0100502512562812,201.0050251256281,2583.3165829145723
24.26812027499909,12.876,2.0100502512562812,201.0050251256281,2588.140703517587
24.278198399999383,12.856,2.0100502512562812,201.0050251256281,2584.1206030150747
24.288275228998828,12.876,2.0100502512562812,201.0050251256281,2588.140703517587
24.298371000999396,12.856,2.0100502512562812,201.0050251256281,2584.1206030150747
24.30844762599918,12.88,2.0100502512562812,201.0050251256281,2588.94472361809
24.31852554699981,12.848,2.0100502512562812,201.0050251256281,2582.51256281407
24.328601708999486,12.88,1.8425460636515907,201.0050251256281,2588.94472361809
24.338677629999438,12.844,2.0100502512562812,201.0050251256281,2581.708542713567
24.348753680998925,12.88,2.0100502512562812,184.25460636515908,2373.199329983249
24.358829397999216,12.852,2.0100502512562812,201.0050251256281,2583.3165829145723
24.368905153000014,12.88,2.0100502512562812,201.0050251256281,2588.94472361809
24.378981166999438,12.852,2.0100502512562812,201.0050251256281,2583.3165829145723
24.389057458000025,12.88,2.0100502512562812,201.0050251256281,2588.94472361809
24.399142100999597,12.852,2.0100502512562812,184.25460636515908,2368.0402010050243
24.409250169999723,12.88,1.8425460636515907,201.0050251256281,2588.94472361809
24.41933059099938,12.856,2.0100502512562812,201.0050251256281,2584.1206030150747
24.429413215999375,12.872,2.0100502512562812,201.0050251256281,2587.3366834170847
24.43949315499958,12.852,2.0100502512562812,201.0050251256281,2583.3165829145723
24.449575335998816,12.88,2.0100502512562812,201.0050251256281,2588.94472361809
24.459655274999022,12.852,2.0100502512562812,201.0050251256281,2583.3165829145723
24.469737269999314,12.876,2.0100502512562812,201.0050251256281,2588.140703517587
24.47981757999878,12.856,2.0100502512562812,201.0050251256281,2584.1206030150747
24.489899260999664,12.876,2.0100502512562812,184.25460636515908,2372.4623115577883
24.499989828998878,12.856,1.8425460636515907,201.0050251256281,2584.1206030150747
24.510066695000205,12.876,1.8425460636515907,201.0050251256281,2588.140703517587
24.520143190000454,12.852,2.0100502512562812,201.0050251256281,2583.3165829145723
24.53022072299973,12.88,2.0100502512562812,201.0050251256281,2588.94472361809
24.54029634699873,12.844,2.0100502512562812,201.0050251256281,2581.708542713567
24.550373602000036,12.884,2.0100502512562812,201.0050251256281,2589.7487437185923
24.560449578999396,12.848,2.0100502512562812,201.0050251256281,2582.51256281407
24.570526073999645,12.88,2.0100502512562812,201.0050251256281,2588.94472361809
24.580599236000126,12.852,2.0100502512562812,201.0050251256281,2583.3165829145723
24.59067354599938,12.88,2.0100502512562812,201.0050251256281,2588.94472361809
24.60075663399948,12.856,2.0100502512562812,201.0050251256281,2584.1206030150747
24.610834109998905,12.88,2.0100502512562812,201.0050251256281,2588.94472361809
24.6209114760004,12.856,2.0100502512562812,201.0050251256281,2584.1206030150747
24.630988433998937,12.876,2.0100502512562812,201.0050251256281,2588.140703517587
24.641065317999164,12.856,2.0100502512562812,201.0050251256281,2584.1206030150747
24.6511435350003,12.876,2.0100502512562812,184.25460636515908,2372.4623115577883
24.661247011999876,12.848,2.0100502512562812,201.0050251256281,2582.51256281407
24.671323524999025,12.88,2.0100502512562812,201.0050251256281,2588.94472361809
24.68140674300048,12.848,2.0100502512562812,201.0050251256281,2582.51256281407
24.6914872189991,12.884,2.0100502512562812,201.0050251256281,2589.7487437185923
24.70157893599935,12.852,2.0100502512562812,201.0050251256281,2583.3165829145723
24.71165602399924,12.88,1.8425460636515907,201.0050251256281,2588.94472361809
24.721733574999234,12.852,2.0100502512562812,201.0050251256281,2583.3165829145723
24.731809347998933,12.88,2.0100502512562812,201.0050251256281,2588.94472361809
24.741887250000218,12.844,2.0100502512562812,201.0050251256281,2581.708542713567
24.751960005,12.884,2.0100502512562812,184.25460636515908,2373.93634840871
24.76203790799991,12.844,2.0100502512562812,201.0050251256281,2581.708542713567
24.772113940000054,12.884,2.0100502512562812,201.0050251256281,2589.7487437185923
24.782188657000006,12.848,1.8425460636515907,201.0050251256281,2582.51256281407
24.79226263399869,12.884,1.8425460636515907,201.0050251256281,2589.7487437185923
24.802345963000334,12.852,1.8425460636515907,201.0050251256281,2583.3165829145723
24.812423883999145,12.88,1.8425460636515907,201.0050251256281,2588.94472361809
24.822497156999816,12.852,2.0100502512562812,201.0050251256281,2583.3165829145723
24.832573652000065,12.876,2.0100502512562812,201.0050251256281,2588.140703517587
24.842648220999763,12.856,2.0100502512562812,201.0050251256281,2584.1206030150747
24.8527207169991,12.876,1.8425460636515907,201.0050251256281,2588.140703517587
24.86279698999897,12.852,2.0100502512562812,201.0050251256281,2583.3165829145723
24.872873354999683,12.88,2.0100502512562812,201.0050251256281,2588.94472361809
24.882949442999234,12.848,2.0100502512562812,201.0050251256281,2582.51256281407
24.89303023499997,12.896,2.0100502512562812,184.25460636515908,2376.147403685092
24.90311741500045,12.88,1.8425460636515907,184.25460636515908,2373.199329983249
24.913191224999537,12.9,1.8425460636515907,184.25460636515908,2376.8844221105524
24.923267775999193,12.868,1.8425460636515907,184.25460636515908,2370.9882747068673
24.933345622999695,12.892,1.8425460636515907,184.25460636515908,2375.410385259631
24.943420580999373,12.86,1.8425460636515907,184.25460636515908,2369.514237855946
24.953498261000277,12.892,2.0100502512562812,184.25460636515908,2375.410385259631
24.96357455299949,12.864,1.8425460636515907,201.0050251256281,2585.72864321608
24.973651844000415,12.896,1.8425460636515907,184.25460636515908,2376.147403685092
24.983727820999775,12.864,1.8425460636515907,184.25460636515908,2370.2512562814063
24.993802593999135,12.896,1.8425460636515907,184.25460636515908,2376.147403685092
25.00388753399966,12.868,1.8425460636515907,184.25460636515908,2370.9882747068673
25.01397076899957,12.896,2.0100502512562812,201.0050251256281,2592.1608040201
25.024050912999883,12.84,2.0100502512562812,201.0050251256281,2580.9045226130647
25.034131852000428,12.868,2.0100502512562812,201.0050251256281,2586.5326633165823
25.04422549499941,12.852,2.0100502512562812,201.0050251256281,2583.3165829145723
25.054308212998876,12.872,2.0100502512562812,201.0050251256281,2587.3366834170847
25.06438809700012,12.856,2.0100502512562812,201.0050251256281,2584.1206030150747
25.074468721999438,12.876,2.0100502512562812,201.0050251256281,2588.140703517587
25.084549549999792,12.856,1.8425460636515907,201.0050251256281,2584.1206030150747
25.09462958199947,12.88,2.0100502512562812,201.0050251256281,2588.94472361809
25.10479438999937,12.856,2.0100502512562812,201.0050251256281,2584.1206030150747
25.11487097799909,12.88,2.0100502512562812,201.0050251256281,2588.94472361809
25.12494727000012,12.852,2.0100502512562812,201.0050251256281,2583.3165829145723
25.135023356999227,12.884,2.0100502512562812,201.0050251256281,2589.7487437185923
25.145100648998778,12.848,2.0100502512562812,201.0050251256281,2582.51256281407
25.15517375499985,12.876,2.0100502512562812,201.0050251256281,2588.140703517587
25.165250990999994,12.852,2.0100502512562812,201.0050251256281,2583.3165829145723
25.1753266529995,12.876,2.0100502512562812,184.25460636515908,2372.4623115577883
25.18540312999903,12.856,2.0100502512562812,201.0050251256281,2584.1206030150747
25.195476421999047,12.876,2.0100502512562812,184.25460636515908,2372.4623115577883
25.205565341999318,12.852,2.0100502512562812,201.0050251256281,2583.3165829145723
25.21568005900008,12.88,1.8425460636515907,201.0050251256281,2588.94472361809
25.225758664999375,12.852,2.0100502512562812,201.0050251256281,2583.3165829145723
25.235836161000407,12.876,2.0100502512562812,201.0050251256281,2588.140703517587
25.245917210999323,12.852,2.0100502512562812,201.0050251256281,2583.3165829145723
25.255997557998853,12.876,2.0100502512562812,201.0050251256281,2588.140703517587
25.266077905000202,12.852,2.0100502512562812,201.0050251256281,2583.3165829145723
25.27615880799931,12.88,2.0100502512562812,201.0050251256281,2588.94472361809
25.286238913999114,12.856,2.0100502512562812,184.25460636515908,2368.7772194304853
25.296319056998982,12.876,2.0100502512562812,201.0050251256281,2588.140703517587
25.30641116299921,12.856,2.0100502512562812,201.0050251256281,2584.1206030150747
25.316490232999058,12.876,2.0100502512562812,201.0050251256281,2588.140703517587
25.32656704299916,12.86,2.0100502512562812,201.0050251256281,2584.924623115577
25.336643296999682,12.88,2.0100502512562812,201.0050251256281,2588.94472361809
25.34671929199976,12.852,2.0100502512562812,201.0050251256281,2583.3165829145723
25.35679515799893,12.88,2.0100502512562812,184.25460636515908,2373.199329983249
25.366871060999983,12.848,2.0100502512562812,184.25460636515908,2367.303182579564
25.376947184999153,12.876,2.0100502512562812,201.0050251256281,2588.140703517587
25.387022680999507,12.856,2.0100502512562812,201.0050251256281,2584.1206030150747
25.39709761999984,12.876,2.0100502512562812,201.0050251256281,2588.140703517587
25.407183670999075,12.856,1.8425460636515907,201.0050251256281,2584.1206030150747
25.41726673999983,12.876,2.0100502512562812,201.0050251256281,2588.140703517587
25.42734747599934,12.856,2.0100502512562812,184.25460636515908,2368.7772194304853
25.43742822999957,12.876,2.0100502512562812,201.0050251256281,2588.140703517587
25.44750839199878,12.856,2.0100502512562812,201.0050251256281,2584.1206030150747
25.45759077599905,12.876,2.0100502512562812,201.0050251256281,2588.140703517587
25.467671160000464,12.856,2.0100502512562812,201.0050251256281,2584.1206030150747
25.477753322000353,12.88,1.8425460636515907,201.0050251256281,2588.94472361809
25.48783302099946,12.852,2.0100502512562812,217.7554438860971,2798.5929648241204
25.497910312000386,12.88,2.0100502512562812,201.0050251256281,2588.94472361809
25.50800276999871,12.856,2.0100502512562812,201.0050251256281,2584.1206030150747
25.518079802999637,12.876,2.0100502512562812,201.0050251256281,2588.140703517587
25.52815616800035,12.856,2.0100502512562812,201.0050251256281,2584.1206030150747
25.538234662999457,12.876,2.0100502512562812,201.0050251256281,2588.140703517587
25.54831036199903,12.856,1.8425460636515907,184.25460636515908,2368.7772194304853
25.558387506000145,12.88,2.0100502512562812,184.25460636515908,2373.199329983249
25.56846357500035,12.852,2.0100502512562812,201.0050251256281,2583.3165829145723
25.57855860699965,12.88,2.0100502512562812,201.0050251256281,2588.94472361809
25.588631509999686,12.852,2.0100502512562812,201.0050251256281,2583.3165829145723
25.598704857000484,12.88,2.0100502512562812,201.0050251256281,2588.94472361809
25.608824777000336,12.856,2.0100502512562812,201.0050251256281,2584.1206030150747
25.618903919999866,12.884,2.0100502512562812,201.0050251256281,2589.7487437185923
25.628980729999967,12.856,1.8425460636515907,201.0050251256281,2584.1206030150747
25.639057114000025,12.876,2.0100502512562812,201.0050251256281,2588.140703517587
25.649134127999787,12.856,2.0100502512562812,201.0050251256281,2584.1206030150747
25.6592106600001,12.868,2.0100502512562812,201.0050251256281,2586.5326633165823
25.669287321999946,12.856,2.0100502512562812,201.0050251256281,2584.1206030150747
25.679364335999708,12.872,2.0100502512562812,201.0050251256281,2587.3366834170847
25.68944836799892,12.856,2.0100502512562812,217.7554438860971,2799.4639865996646
25.69952871500027,12.876,2.0100502512562812,201.0050251256281,2588.140703517587
25.709621766000055,12.856,2.0100502512562812,201.0050251256281,2584.1206030150747
25.719698167999013,12.88,2.0100502512562812,201.0050251256281,2588.94472361809
25.729776014999516,12.856,2.0100502512562812,201.0050251256281,2584.1206030150747
25.739851565998833,12.876,1.8425460636515907,201.0050251256281,2588.140703517587
25.749929395000436,12.852,1.8425460636515907,201.0050251256281,2583.3165829145723
25.760005316000388,12.872,2.0100502512562812,201.0050251256281,2587.3366834170847
25.770082551998712,12.852,2.0100502512562812,201.0050251256281,2583.3165829145723
25.780155046999425,12.876,2.0100502512562812,201.0050251256281,2588.140703517587
25.79023250499995,12.852,2.0100502512562812,201.0050251256281,2583.3165829145723
25.800305389999266,12.88,2.0100502512562812,201.0050251256281,2588.94472361809
25.81039084799886,12.856,2.0100502512562812,201.0050251256281,2584.1206030150747
25.820472823999808,12.88,2.0100502512562812,201.0050251256281,2588.94472361809
25.83055015299942,12.856,2.0100502512562812,201.0050251256281,2584.1206030150747
25.84062674099914,12.88,2.0100502512562812,201.0050251256281,2588.94472361809
25.85070406900013,12.856,2.0100502512562812,184.25460636515908,2368.7772194304853
25.860781397999745,12.868,2.0100502512562812,201.0050251256281,2586.5326633165823
25.870858152000437,12.86,1.8425460636515907,201.0050251256281,2584.924623115577
25.880939332999333,12.864,2.0100502512562812,201.0050251256281,2585.72864321608
25.891019419999793,12.856,2.0100502512562812,184.25460636515908,2368.7772194304853
25.90109993399892,12.872,2.0100502512562812,201.0050251256281,2587.3366834170847
25.911190077000356,12.856,2.0100502512562812,201.0050251256281,2584.1206030150747
25.921268443000372,12.876,2.0100502512562812,201.0050251256281,2588.140703517587
25.931344548998823,12.856,2.0100502512562812,184.25460636515908,2368.7772194304853
25.941420765999283,12.88,2.0100502512562812,201.0050251256281,2588.94472361809
25.951497168998685,12.856,2.0100502512562812,201.0050251256281,2584.1206030150747
25.961575311999695,12.872,2.0100502512562812,201.0050251256281,2587.3366834170847
25.9716515479995,12.852,2.0100502512562812,201.0050251256281,2583.3165829145723
25.981729191998966,12.872,1.8425460636515907,201.0050251256281,2587.3366834170847
25.991805112998918,12.856,2.0100502512562812,201.0050251256281,2584.1206030150747
26.001882422999188,12.876,1.8425460636515907,201.0050251256281,2588.140703517587
26.011965880999924,12.86,2.0100502512562812,201.0050251256281,2584.924623115577
26.022047968999686,12.876,2.0100502512562812,201.0050251256281,2588.140703517587
26.032128111999555,12.856,2.0100502512562812,201.0050251256281,2584.1206030150747
26.04220964399974,12.876,2.0100502512562812,201.0050251256281,2588.140703517587
26.052294787999926,12.856,2.0100502512562812,201.0050251256281,2584.1206030150747
26.06237491200045,12.872,2.0100502512562812,201.0050251256281,2587.3366834170847
26.072455444998923,12.856,2.0100502512562812,201.0050251256281,2584.1206030150747
26.08253599499949,12.876,2.0100502512562812,201.0050251256281,2588.140703517587
26.09261687899925,12.86,2.0100502512562812,184.25460636515908,2369.514237855946
26.102697633999924,12.868,1.8425460636515907,201.0050251256281,2586.5326633165823
26.112861478999548,12.856,2.0100502512562812,201.0050251256281,2584.1206030150747
26.122938159000114,12.872,2.0100502512562812,201.0050251256281,2587.3366834170847
26.133014413999263,12.864,2.0100502512562812,201.0050251256281,2585.72864321608
26.143089834999046,12.872,2.0100502512562812,201.0050251256281,2587.3366834170847
26.153162607999548,12.86,2.0100502512562812,201.0050251256281,2584.924623115577
26.16323525199914,12.876,2.0100502512562812,201.0050251256281,2588.140703517587
26.173308153998732,12.848,2.0100502512562812,201.0050251256281,2582.51256281407
26.18338238999968,12.876,2.0100502512562812,184.25460636515908,2372.4623115577883
26.193455107999398,12.856,2.0100502512562812,201.0050251256281,2584.1206030150747
26.20352838100007,12.872,2.0100502512562812,201.0050251256281,2587.3366834170847
26.213601784000275,12.856,2.0100502512562812,201.0050251256281,2584.1206030150747
26.223673852999127,12.872,2.0100502512562812,184.25460636515908,2371.725293132328
26.23375157099872,12.856,2.0100502512562812,201.0050251256281,2584.1206030150747
26.24382799199884,12.872,2.0100502512562812,184.25460636515908,2371.725293132328
26.25390607999907,12.86,2.0100502512562812,201.0050251256281,2584.924623115577
26.263982055999804,12.872,2.0100502512562812,201.0050251256281,2587.3366834170847
26.274058532999334,12.888,1.8425460636515907,201.0050251256281,2590.5527638190947
26.284131139000237,12.892,1.8425460636515907,184.25460636515908,2375.410385259631
26.294206763999682,12.88,1.6750418760469008,201.0050251256281,2588.94472361809
26.304282666998915,12.876,1.8425460636515907,184.25460636515908,2372.4623115577883
26.314369681000244,12.88,1.8425460636515907,184.25460636515908,2373.199329983249
26.32445437899878,12.876,1.8425460636515907,184.25460636515908,2372.4623115577883
26.33453187499981,12.88,2.0100502512562812,184.25460636515908,2373.199329983249
26.344608221999806,12.872,1.8425460636515907,184.25460636515908,2371.725293132328
26.354689013000097,12.88,1.8425460636515907,201.0050251256281,2588.94472361809
26.364769026999056,12.88,1.8425460636515907,184.25460636515908,2373.199329983249
26.37484953999956,12.876,1.8425460636515907,184.25460636515908,2372.4623115577883
26.3849297759989,12.88,1.8425460636515907,201.0050251256281,2588.94472361809
26.395010086000184,12.872,2.0100502512562812,184.25460636515908,2371.725293132328
26.40509150700018,12.852,2.0100502512562812,201.0050251256281,2583.3165829145723
26.41517935400043,12.86,2.0100502512562812,184.25460636515908,2369.514237855946
26.425258645998838,12.86,2.0100502512562812,201.0050251256281,2584.924623115577
26.43533458499951,12.868,2.0100502512562812,201.0050251256281,2586.5326633165823
26.445412654999018,12.86,2.0100502512562812,201.0050251256281,2584.924623115577
26.455488945999605,12.868,2.0100502512562812,201.0050251256281,2586.5326633165823
26.46556627499922,12.86,2.0100502512562812,201.0050251256281,2584.924623115577
26.475642417999552,12.872,2.0100502512562812,201.0050251256281,2587.3366834170847
26.4857201169998,12.86,1.8425460636515907,201.0050251256281,2584.924623115577
26.495796834999055,12.868,2.0100502512562812,201.0050251256281,2586.5326633165823
26.505874995998965,12.86,2.0100502512562812,201.0050251256281,2584.924623115577
26.515956768998876,12.868,1.8425460636515907,184.25460636515908,2370.9882747068673
26.526033819998702,12.868,2.0100502512562812,201.0050251256281,2586.5326633165823
26.536114925998845,12.868,2.0100502512562812,184.25460636515908,2370.9882747068673
26.546195347998946,12.864,2.0100502512562812,201.0050251256281,2585.72864321608
26.556275712999195,12.868,1.8425460636515907,201.0050251256281,2586.5326633165823
26.566357059999063,12.856,1.8425460636515907,201.0050251256281,2584.1206030150747
26.57643857400035,12.864,2.0100502512562812,201.0050251256281,2585.72864321608
26.58651527300026,12.86,2.0100502512562812,201.0050251256281,2584.924623115577
26.596591952999006,12.868,2.0100502512562812,201.0050251256281,2586.5326633165823
26.606669744998726,12.864,2.0100502512562812,201.0050251256281,2585.72864321608
26.616747665999355,12.868,2.0100502512562812,201.0050251256281,2586.5326633165823
26.62682119800047,12.868,2.0100502512562812,201.0050251256281,2586.5326633165823
26.636893341999894,12.868,2.0100502512562812,184.25460636515908,2370.9882747068673
26.646965799998725,12.86,2.0100502512562812,201.0050251256281,2584.924623115577
26.657038813998952,12.868,2.0100502512562812,201.0050251256281,2586.5326633165823
26.667110919999686,12.86,2.0100502512562812,201.0050251256281,2584.924623115577
26.677186859998983,12.872,2.0100502512562812,201.0050251256281,2587.3366834170847
26.687263224999697,12.852,2.0100502512562812,201.0050251256281,2583.3165829145723
26.69734127599986,12.872,2.0100502512562812,201.0050251256281,2587.3366834170847
26.707417382998756,12.86,2.0100502512562812,201.0050251256281,2584.924623115577
26.71749395199913,12.868,2.0100502512562812,201.0050251256281,2586.5326633165823
26.727570355000353,12.864,2.0100502512562812,201.0050251256281,2585.72864321608
26.737652682999396,12.868,2.0100502512562812,201.0050251256281,2586.5326633165823
26.74773267799901,12.868,2.0100502512562812,201.0050251256281,2586.5326633165823
26.75781474699943,12.868,2.0100502512562812,201.0050251256281,2586.5326633165823
26.767896556999403,12.864,1.8425460636515907,201.0050251256281,2585.72864321608
26.777977403999103,12.868,1.8425460636515907,201.0050251256281,2586.5326633165823
26.788057973999457,12.856,2.0100502512562812,201.0050251256281,2584.1206030150747
26.79813544999888,12.868,2.0100502512562812,201.0050251256281,2586.5326633165823
26.808211964000293,12.86,2.0100502512562812,201.0050251256281,2584.924623115577
26.818289200000436,12.868,2.0100502512562812,201.0050251256281,2586.5326633165823
26.82836227000007,12.864,1.8425460636515907,184.25460636515908,2370.2512562814063
26.83844119099922,12.868,2.0100502512562812,201.0050251256281,2586.5326633165823
26.848514297000293,12.864,2.0100502512562812,201.0050251256281,2585.72864321608
26.858591236999928,12.872,2.0100502512562812,201.0050251256281,2587.3366834170847
26.86866775099952,12.856,1.8425460636515907,201.0050251256281,2584.1206030150747
26.878743504999875,12.876,1.8425460636515907,201.0050251256281,2588.140703517587
26.88881924099951,12.852,2.0100502512562812,201.0050251256281,2583.3165829145723
26.898894772999483,12.872,2.0100502512562812,201.0050251256281,2587.3366834170847
26.908975102000113,12.856,2.0100502512562812,201.0050251256281,2584.1206030150747
26.919049207999706,12.876,2.0100502512562812,201.0050251256281,2588.140703517587
26.92912240700025,12.86,2.0100502512562812,201.0050251256281,2584.924623115577
26.939198717998806,12.872,2.0100502512562812,201.0050251256281,2587.3366834170847
26.949276952998844,12.864,2.0100502512562812,201.0050251256281,2585.72864321608
26.9593494669989,12.872,2.0100502512562812,201.0050251256281,2587.3366834170847
26.96942220299934,12.856,2.0100502512562812,201.0050251256281,2584.1206030150747
26.979495105999376,12.868,2.0100502512562812,201.0050251256281,2586.5326633165823
26.98957317500026,12.856,2.0100502512562812,201.0050251256281,2584.1206030150747
26.999651504000212,12.868,2.0100502512562812,201.0050251256281,2586.5326633165823
27.00972546199955,12.86,2.0100502512562812,201.0050251256281,2584.924623115577
27.019798661000095,12.868,2.0100502512562812,201.0050251256281,2586.5326633165823
27.029879804998927,12.856,2.0100502512562812,201.0050251256281,2584.1206030150747
27.039960021998922,12.868,2.0100502512562812,201.0050251256281,2586.5326633165823
27.05004379499951,12.86,1.8425460636515907,201.0050251256281,2584.924623115577
27.0601245859998,12.872,2.0100502512562812,201.0050251256281,2587.3366834170847
27.070204969999395,12.864,2.0100502512562812,201.0050251256281,2585.72864321608
27.080284798999855,12.872,2.0100502512562812,201.0050251256281,2587.3366834170847
27.090364719999343,12.86,2.0100502512562812,201.0050251256281,2584.924623115577
27.10044706699955,12.876,2.0100502512562812,201.0050251256281,2588.140703517587
27.110524117999375,12.852,2.0100502512562812,201.0050251256281,2583.3165829145723
27.120606520000365,12.872,2.0100502512562812,201.0050251256281,2587.3366834170847
27.13068042299892,12.856,2.0100502512562812,201.0050251256281,2584.1206030150747
27.14071291899927,12.876,2.0100502512562812,201.0050251256281,2588.140703517587
27.150786506999793,12.86,2.0100502512562812,201.0050251256281,2584.924623115577
27.16086339100002,12.876,2.0100502512562812,201.0050251256281,2588.140703517587
27.170939682999233,12.86,1.8425460636515907,201.0050251256281,2584.924623115577
27.181012752000242,12.872,2.0100502512562812,201.0050251256281,2587.3366834170847
27.191087043998778,12.856,2.0100502512562812,201.0050251256281,2584.1206030150747
27.20116283599964,12.868,2.0100502512562812,201.0050251256281,2586.5326633165823
27.21123914599957,12.856,2.0100502512562812,184.25460636515908,2368.7772194304853
27.22132789999887,12.872,2.0100502512562812,201.0050251256281,2587.3366834170847
27.23140885799876,12.856,2.0100502512562812,201.0050251256281,2584.1206030150747
27.241491500999473,12.872,2.0100502512562812,201.0050251256281,2587.3366834170847
27.251571662998685,12.856,2.0100502512562812,201.0050251256281,2584.1206030150747
27.261654657999316,12.876,2.0100502512562812,201.0050251256281,2588.140703517587
27.271734801999628,12.86,2.177554438860971,201.0050251256281,2584.924623115577
27.281816740998693,12.876,1.8425460636515907,184.25460636515908,2372.4623115577883
27.291897291999703,12.856,2.0100502512562812,201.0050251256281,2584.1206030150747
27.30197841699919,12.872,2.0100502512562812,184.25460636515908,2371.725293132328
27.312055207999947,12.86,2.0100502512562812,201.0050251256281,2584.924623115577
27.32213779599988,12.876,2.0100502512562812,217.7554438860971,2803.8190954773863
27.332213531999514,12.852,1.8425460636515907,201.0050251256281,2583.3165829145723
27.342287305000355,12.876,2.0100502512562812,217.7554438860971,2803.8190954773863
27.352364430000307,12.856,2.0100502512562812,201.0050251256281,2584.1206030150747
27.362443202999202,12.88,2.0100502512562812,201.0050251256281,2588.94472361809
27.372519438999007,12.856,2.0100502512562812,184.25460636515908,2368.7772194304853
27.382595600998684,12.876,2.0100502512562812,201.0050251256281,2588.140703517587
27.392672854999546,12.86,1.8425460636515907,201.0050251256281,2584.924623115577
27.402746498999477,12.868,2.0100502512562812,201.0050251256281,2586.5326633165823
27.412822956999662,12.864,2.0100502512562812,201.0050251256281,2585.72864321608
27.422910451999996,12.872,2.0100502512562812,201.0050251256281,2587.3366834170847
27.43298648400014,12.852,1.8425460636515907,201.0050251256281,2583.3165829145723
27.443062534999626,12.876,2.0100502512562812,201.0050251256281,2588.140703517587
27.45313864200034,12.856,1.8425460636515907,201.0050251256281,2584.1206030150747
27.46321506300046,12.876,2.0100502512562812,184.25460636515908,2372.4623115577883
27.473293298999124,12.856,2.0100502512562812,201.0050251256281,2584.1206030150747
27.483369737999965,12.876,2.0100502512562812,201.0050251256281,2588.140703517587
27.493447622999156,12.856,2.0100502512562812,201.0050251256281,2584.1206030150747
27.503523913999743,12.876,2.0100502512562812,201.0050251256281,2588.140703517587
27.513601372000267,12.852,2.177554438860971,201.0050251256281,2583.3165829145723
27.52377847599928,12.876,2.0100502512562812,201.0050251256281,2588.140703517587
27.53385586100012,12.86,2.0100502512562812,201.0050251256281,2584.924623115577
27.5439371149987,12.876,2.0100502512562812,201.0050251256281,2588.140703517587
27.55401788800009,12.86,2.0100502512562812,201.0050251256281,2584.924623115577
27.56409825300034,12.88,2.0100502512562812,201.0050251256281,2588.94472361809
27.574178970999128,12.852,2.0100502512562812,201.0050251256281,2583.3165829145723
27.584255854999356,12.876,2.0100502512562812,201.0050251256281,2588.140703517587
27.59433329499916,12.852,1.8425460636515907,201.0050251256281,2583.3165829145723
27.60441084499871,12.872,2.0100502512562812,201.0050251256281,2587.3366834170847
27.614492303999214,12.86,2.0100502512562812,201.0050251256281,2584.924623115577
27.624624648999088,12.872,2.0100502512562812,201.0050251256281,2587.3366834170847
27.634697736999442,12.86,2.0100502512562812,201.0050251256281,2584.924623115577
27.64477036199969,12.872,2.0100502512562812,201.0050251256281,2587.3366834170847
27.65484411699981,12.856,2.0100502512562812,201.0050251256281,2584.1206030150747
27.66491735300042,12.88,2.0100502512562812,201.0050251256281,2588.94472361809
27.674993515000097,12.856,2.0100502512562812,184.25460636515908,2368.7772194304853
27.685069584000303,12.88,1.8425460636515907,201.0050251256281,2588.94472361809
27.69514572799926,12.852,2.0100502512562812,201.0050251256281,2583.3165829145723
27.70523757400042,12.876,2.0100502512562812,201.0050251256281,2588.140703517587
27.715313791999506,12.852,2.0100502512562812,184.25460636515908,2368.0402010050243
27.72539995399893,12.88,1.8425460636515907,201.0050251256281,2588.94472361809
27.735477541000364,12.856,2.0100502512562812,201.0050251256281,2584.1206030150747
27.745561813999302,12.876,2.0100502512562812,201.0050251256281,2588.140703517587
27.755641994999678,12.856,2.0100502512562812,201.0050251256281,2584.1206030150747
27.765724044998933,12.876,2.0100502512562812,201.0050251256281,2588.140703517587
27.775804633000007,12.86,2.0100502512562812,201.0050251256281,2584.924623115577
27.785886535999452,12.88,2.0100502512562812,201.0050251256281,2588.94472361809
27.7959630309997,12.856,2.0100502512562812,184.25460636515908,2368.7772194304853
27.806043470998702,12.872,2.0100502512562812,201.0050251256281,2587.3366834170847
27.816120596000474,12.852,2.0100502512562812,201.0050251256281,2583.3165829145723
27.826205090999792,12.876,2.0100502512562812,201.0050251256281,2588.140703517587
27.8362783270004,12.856,2.0100502512562812,201.0050251256281,2584.1206030150747
27.846351729000162,12.876,2.0100502512562812,184.25460636515908,2372.4623115577883
27.85642433599969,12.86,1.8425460636515907,201.0050251256281,2584.924623115577
27.866497701999833,12.876,2.0100502512562812,201.0050251256281,2588.140703517587
27.87657014099932,12.86,2.0100502512562812,201.0050251256281,2584.924623115577
27.886646154998743,12.876,2.0100502512562812,201.0050251256281,2588.140703517587
27.89672229899952,12.856,2.0100502512562812,201.0050251256281,2584.1206030150747
27.9067982939996,12.88,2.0100502512562812,201.0050251256281,2588.94472361809
27.916874233998897,12.848,2.0100502512562812,201.0050251256281,2582.51256281407
27.926998597999045,12.88,2.0100502512562812,201.0050251256281,2588.94472361809
27.937075796999125,12.848,2.0100502512562812,201.0050251256281,2582.51256281407
27.94715225499931,12.88,2.0100502512562812,201.0050251256281,2588.94472361809
27.95723462099886,12.852,2.0100502512562812,201.0050251256281,2583.3165829145723
27.96731181999894,12.876,2.0100502512562812,201.0050251256281,2588.140703517587
27.977396666999994,12.856,2.0100502512562812,201.0050251256281,2584.1206030150747
27.98747156999889,12.876,2.0100502512562812,201.0050251256281,2588.140703517587
27.997553916999095,12.856,1.8425460636515907,201.0050251256281,2584.1206030150747
28.007634707999387,12.872,2.0100502512562812,201.0050251256281,2587.3366834170847
28.017716980999467,12.86,2.0100502512562812,201.0050251256281,2584.924623115577
28.027806105999844,12.876,2.177554438860971,201.0050251256281,2588.140703517587
28.03788422999969,12.852,2.0100502512562812,201.0050251256281,2583.3165829145723
28.04796992899901,12.88,2.0100502512562812,201.0050251256281,2588.94472361809
28.058050220999576,12.856,2.0100502512562812,201.0050251256281,2584.1206030150747
28.06812645699938,12.876,2.0100502512562812,201.0050251256281,2588.140703517587
28.07820398900003,12.856,2.0100502512562812,201.0050251256281,2584.1206030150747
28.088280336000025,12.876,2.0100502512562812,201.0050251256281,2588.140703517587
28.098358424000253,12.856,2.0100502512562812,201.0050251256281,2584.1206030150747
28.10843541899885,12.88,2.0100502512562812,201.0050251256281,2588.94472361809
28.11851178500001,12.848,2.0100502512562812,201.0050251256281,2582.51256281407
28.128661834000013,12.88,2.0100502512562812,201.0050251256281,2588.94472361809
28.13874284799931,12.856,2.0100502512562812,201.0050251256281,2584.1206030150747
28.14882369499901,12.88,2.0100502512562812,201.0050251256281,2588.94472361809
28.158904226998857,12.852,2.0100502512562812,201.0050251256281,2583.3165829145723
28.168984129999444,12.88,1.8425460636515907,201.0050251256281,2588.94472361809
28.179059328998846,12.852,2.0100502512562812,184.25460636515908,2368.0402010050243
28.18914026799939,12.88,2.0100502512562812,201.0050251256281,2588.94472361809
28.19922089299871,12.852,1.8425460636515907,201.0050251256281,2583.3165829145723
28.20930337000027,12.872,2.0100502512562812,201.0050251256281,2587.3366834170847
28.219383050000033,12.856,2.0100502512562812,201.0050251256281,2584.1206030150747
28.22947400799967,12.872,2.0100502512562812,201.0050251256281,2587.3366834170847
28.23955009599922,12.852,2.0100502512562812,201.0050251256281,2583.3165829145723
28.249627498000336,12.876,2.0100502512562812,201.0050251256281,2588.140703517587
28.25970351199976,12.852,2.0100502512562812,201.0050251256281,2583.3165829145723
28.26978113699988,12.88,2.0100502512562812,201.0050251256281,2588.94472361809
28.279856835999453,12.852,2.0100502512562812,201.0050251256281,2583.3165829145723
28.289934368000104,12.88,2.0100502512562812,201.0050251256281,2588.94472361809
28.300010029999612,12.856,2.0100502512562812,201.0050251256281,2584.1206030150747
28.310088025998994,12.88,2.0100502512562812,201.0050251256281,2588.94472361809
28.320163964999665,12.848,2.0100502512562812,201.0050251256281,2582.51256281407
28.33028184899922,12.88,2.0100502512562812,201.0050251256281,2588.94472361809
28.34036180699877,12.852,2.0100502512562812,201.0050251256281,2583.3165829145723
28.35044559800008,12.876,2.0100502512562812,201.0050251256281,2588.140703517587
28.36052696399929,12.856,2.0100502512562812,184.25460636515908,2368.7772194304853
28.37060803299937,12.88,1.8425460636515907,184.25460636515908,2373.199329983249
28.380688027998985,12.852,2.0100502512562812,201.0050251256281,2583.3165829145723
28.390768967999975,12.88,2.0100502512562812,201.0050251256281,2588.94472361809
28.40084940700035,12.852,2.0100502512562812,201.0050251256281,2583.3165829145723
28.410930068999733,12.876,2.0100502512562812,201.0050251256281,2588.140703517587
28.421009620000405,12.852,2.0100502512562812,201.0050251256281,2583.3165829145723
28.43110268899909,12.876,2.0100502512562812,201.0050251256281,2588.140703517587
28.441179646999444,12.856,2.0100502512562812,201.0050251256281,2584.1206030150747
28.451253475999692,12.872,2.0100502512562812,201.0050251256281,2587.3366834170847
28.461332249000407,12.856,2.0100502512562812,201.0050251256281,2584.1206030150747
28.471408614999746,12.88,1.8425460636515907,201.0050251256281,2588.94472361809
28.481486257998768,12.848,2.0100502512562812,201.0050251256281,2582.51256281407
28.49156197499906,12.88,2.0100502512562812,201.0050251256281,2588.94472361809
28.501639562999117,12.852,1.8425460636515907,201.0050251256281,2583.3165829145723
28.511715761998857,12.88,2.0100502512562812,201.0050251256281,2588.94472361809
28.521793571999297,12.848,2.0100502512562812,201.0050251256281,2582.51256281407
28.53187797499959,12.88,1.8425460636515907,201.0050251256281,2588.94472361809
28.541960284999732,12.848,2.0100502512562812,184.25460636515908,2367.303182579564
28.55204103899996,12.88,1.8425460636515907,184.25460636515908,2373.199329983249
28.562121089998982,12.852,1.8425460636515907,184.25460636515908,2368.0402010050243
28.572201992999908,12.88,1.8425460636515907,201.0050251256281,2588.94472361809
28.582279190999543,12.856,1.8425460636515907,201.0050251256281,2584.1206030150747
28.592360483000448,12.876,2.0100502512562812,201.0050251256281,2588.140703517587
28.602436811999723,12.856,2.0100502512562812,201.0050251256281,2584.1206030150747
28.612512362000416,12.876,2.0100502512562812,201.0050251256281,2588.140703517587
28.622589042999607,12.852,2.0100502512562812,201.0050251256281,2583.3165829145723
28.632676741999603,12.872,2.0100502512562812,201.0050251256281,2587.3366834170847
28.642754495998815,12.852,2.0100502512562812,201.0050251256281,2583.3165829145723
28.65283236200048,12.88,2.0100502512562812,201.0050251256281,2588.94472361809
28.662905264000074,12.856,2.0100502512562812,201.0050251256281,2584.1206030150747
28.6729819079992,12.876,2.0100502512562812,201.0050251256281,2588.140703517587
28.68305608799892,12.852,2.0100502512562812,201.0050251256281,2583.3165829145723
28.693128973000057,12.88,1.8425460636515907,201.0050251256281,2588.94472361809
28.703205189998698,12.852,2.0100502512562812,201.0050251256281,2583.3165829145723
28.71328375899975,12.876,2.0100502512562812,184.25460636515908,2372.4623115577883
28.723359792000338,12.848,2.0100502512562812,201.0050251256281,2582.51256281407
28.733446341999297,12.88,2.0100502512562812,201.0050251256281,2588.94472361809
28.743527762999292,12.844,2.0100502512562812,201.0050251256281,2581.708542713567
28.753610370000388,12.88,2.0100502512562812,184.25460636515908,2373.199329983249
28.763690697998754,12.852,2.0100502512562812,201.0050251256281,2583.3165829145723
28.773773081999025,12.88,2.0100502512562812,201.0050251256281,2588.94472361809
28.783853040000395,12.856,1.8425460636515907,201.0050251256281,2584.1206030150747
28.79393157300001,12.88,2.0100502512562812,201.0050251256281,2588.94472361809
28.80400932699922,12.852,2.0100502512562812,201.0050251256281,2583.3165829145723
28.814086062999195,12.88,1.8425460636515907,201.0050251256281,2588.94472361809
28.82416272499904,12.856,2.0100502512562812,201.0050251256281,2584.1206030150747
28.834249108998847,12.876,2.0100502512562812,201.0050251256281,2588.140703517587
28.844323622999582,12.88,1.8425460636515907,184.25460636515908,2373.199329983249
28.854396822000126,12.9,1.8425460636515907,201.0050251256281,2592.9648241206023
28.86447285400027,12.868,1.8425460636515907,184.25460636515908,2370.9882747068673
28.874545257000136,12.896,2.0100502512562812,184.25460636515908,2376.147403685092
28.88461712299977,12.868,1.8425460636515907,184.25460636515908,2370.9882747068673
28.894693080999787,12.892,1.8425460636515907,184.25460636515908,2375.410385259631
28.90476898399902,12.868,1.8425460636515907,184.25460636515908,2370.9882747068673
28.91484475699872,12.896,1.8425460636515907,201.0050251256281,2592.1608040201
28.924921214998903,12.868,1.8425460636515907,201.0050251256281,2586.5326633165823
28.935005839999576,12.896,1.8425460636515907,184.25460636515908,2376.147403685092
28.94508224299898,12.86,2.0100502512562812,184.25460636515908,2369.514237855946
28.95516290500018,12.9,1.8425460636515907,184.25460636515908,2376.8844221105524
28.965242177999244,12.84,2.0100502512562812,201.0050251256281,2580.9045226130647
28.97531846899983,12.872,2.0100502512562812,201.0050251256281,2587.3366834170847
28.98540224200042,12.848,2.0100502512562812,184.25460636515908,2367.303182579564
28.995485051998912,12.888,2.0100502512562812,201.0050251256281,2590.5527638190947
29.0055621399988,12.852,2.0100502512562812,201.0050251256281,2583.3165829145723
29.01563900600013,12.88,2.0100502512562812,184.25460636515908,2373.199329983249
29.02571533399896,12.852,2.0100502512562812,201.0050251256281,2583.3165829145723
29.03580531099942,12.876,2.0100502512562812,201.0050251256281,2588.140703517587
29.045892713000285,12.852,2.0100502512562812,201.0050251256281,2583.3165829145723
29.05597128199952,12.88,2.0100502512562812,201.0050251256281,2588.94472361809
29.066049944000042,12.852,2.0100502512562812,201.0050251256281,2583.3165829145723
29.076126013998874,12.88,2.0100502512562812,184.25460636515908,2373.199329983249
29.086203971999566,12.852,1.8425460636515907,201.0050251256281,2583.3165829145723
29.096279837998736,12.88,2.0100502512562812,201.0050251256281,2588.94472361809
29.106404221000048,12.852,2.0100502512562812,201.0050251256281,2583.3165829145723
29.116484549000234,12.876,2.0100502512562812,201.0050251256281,2588.140703517587
29.12658874800036,12.848,2.0100502512562812,201.0050251256281,2582.51256281407
29.13670764899871,12.876,2.0100502512562812,201.0050251256281,2588.140703517587
29.14678505200027,12.844,2.0100502512562812,201.0050251256281,2581.708542713567
29.15685982499963,12.88,1.8425460636515907,201.0050251256281,2588.94472361809
29.1669371349999,12.848,2.0100502512562812,184.25460636515908,2367.303182579564
29.17701305599985,12.884,2.0100502512562812,201.0050251256281,2589.7487437185923
29.187089884999295,12.848,2.0100502512562812,184.25460636515908,2367.303182579564
29.197163824999734,12.884,2.0100502512562812,201.0050251256281,2589.7487437185923
29.207249652999963,12.852,2.0100502512562812,201.0050251256281,2583.3165829145723
29.21732976000021,12.88,2.0100502512562812,201.0050251256281,2588.94472361809
29.227405718000227,12.852,2.0100502512562812,201.0050251256281,2583.3165829145723
29.237483749999228,12.872,2.0100502512562812,201.0050251256281,2587.3366834170847
29.24756513399916,12.852,2.0100502512562812,201.0050251256281,2583.3165829145723
29.257646648000446,12.872,2.0100502512562812,184.25460636515908,2371.725293132328
29.26772327300023,12.852,2.0100502512562812,201.0050251256281,2583.3165829145723
29.27780832299868,12.876,2.0100502512562812,201.0050251256281,2588.140703517587
29.2878899669995,12.856,2.0100502512562812,201.0050251256281,2584.1206030150747
29.29797092499939,12.88,1.8425460636515907,201.0050251256281,2588.94472361809
29.308060252998985,12.852,2.0100502512562812,201.0050251256281,2583.3165829145723
29.31814167399898,12.884,2.0100502512562812,201.0050251256281,2589.7487437185923
29.328222594998806,12.848,2.0100502512562812,201.0050251256281,2582.51256281407
29.338301108999076,12.884,2.0100502512562812,184.25460636515908,2373.93634840871
29.348378307999155,12.848,1.8425460636515907,201.0050251256281,2582.51256281407
29.358457025999087,12.88,2.0100502512562812,201.0050251256281,2588.94472361809
29.36853590999999,12.852,2.0100502512562812,201.0050251256281,2583.3165829145723
29.37861299799988,12.88,2.0100502512562812,201.0050251256281,2588.94472361809
29.38868656699924,12.852,2.0100502512562812,201.0050251256281,2583.3165829145723
29.398763450999468,12.884,1.8425460636515907,201.0050251256281,2589.7487437185923
29.40883887199925,12.852,1.8425460636515907,201.0050251256281,2583.3165829145723
29.418915922999076,12.884,2.0100502512562812,201.0050251256281,2589.7487437185923
29.42899275200034,12.852,2.0100502512562812,201.0050251256281,2583.3165829145723
29.439070283999172,12.88,2.0100502512562812,184.25460636515908,2373.199329983249
29.44915316799961,12.852,1.8425460636515907,201.0050251256281,2583.3165829145723
29.45923449699876,12.884,2.0100502512562812,217.7554438860971,2805.5611390284753
29.469318232999285,12.856,2.0100502512562812,201.0050251256281,2584.1206030150747
29.47939933899943,12.876,2.0100502512562812,201.0050251256281,2588.140703517587
29.48948233400006,12.852,1.8425460636515907,201.0050251256281,2583.3165829145723
29.499562958999377,12.876,2.0100502512562812,201.0050251256281,2588.140703517587
29.509645639000155,12.856,2.0100502512562812,201.0050251256281,2584.1206030150747
29.51972613399994,12.88,2.0100502512562812,201.0050251256281,2588.94472361809
29.529808795999998,12.856,2.0100502512562812,201.0050251256281,2584.1206030150747
29.539901272999487,12.884,1.8425460636515907,201.0050251256281,2589.7487437185923
29.549981619999016,12.844,2.0100502512562812,201.0050251256281,2581.708542713567
29.560058429999117,12.88,2.0100502512562812,201.0050251256281,2588.94472361809
29.57013162899966,12.852,2.0100502512562812,201.0050251256281,2583.3165829145723
29.58020606900027,12.876,1.8425460636515907,201.0050251256281,2588.140703517587
29.590278785999544,12.852,1.8425460636515907,201.0050251256281,2583.3165829145723
29.600351651999517,12.88,2.177554438860971,184.25460636515908,2373.199329983249
29.610425109998687,12.852,2.0100502512562812,201.0050251256281,2583.3165829145723
29.620499716998893,12.88,2.0100502512562812,201.0050251256281,2588.94472361809
29.63057319299878,12.852,2.0100502512562812,201.0050251256281,2583.3165829145723
29.64066011399882,12.88,2.0100502512562812,201.0050251256281,2588.94472361809
29.6507862010003,12.852,2.0100502512562812,201.0050251256281,2583.3165829145723
29.660863178,12.88,2.0100502512562812,201.0050251256281,2588.94472361809
29.67094132099919,12.852,2.0100502512562812,201.0050251256281,2583.3165829145723
29.68101829799889,12.88,2.0100502512562812,201.0050251256281,2588.94472361809
29.69109977500011,12.856,2.0100502512562812,201.0050251256281,2584.1206030150747
29.70117710299928,12.884,2.0100502512562812,201.0050251256281,2589.7487437185923
29.711258784000165,12.856,1.8425460636515907,184.25460636515908,2368.7772194304853
29.721339685998828,12.876,2.0100502512562812,184.25460636515908,2372.4623115577883
29.731416126000113,12.852,2.0100502512562812,201.0050251256281,2583.3165829145723
29.74151095399975,12.88,2.0100502512562812,201.0050251256281,2588.94472361809
29.751588226999957,12.852,2.0100502512562812,201.0050251256281,2583.3165829145723
29.76166627800012,12.884,2.0100502512562812,201.0050251256281,2589.7487437185923
29.771742328999608,12.848,2.0100502512562812,201.0050251256281,2582.51256281407
29.78181995399973,12.88,2.0100502512562812,201.0050251256281,2588.94472361809
29.79189807900002,12.852,2.0100502512562812,201.0050251256281,2583.3165829145723
29.801971795999634,12.876,2.0100502512562812,201.0050251256281,2588.140703517587
29.812045254999248,12.856,2.0100502512562812,201.0050251256281,2584.1206030150747
29.82212393499867,12.876,2.0100502512562812,201.0050251256281,2588.140703517587
29.83219991199985,12.856,1.8425460636515907,201.0050251256281,2584.1206030150747
29.842278037000142,12.876,2.0100502512562812,201.0050251256281,2588.140703517587
29.852356901999883,12.856,2.0100502512562812,201.0050251256281,2584.1206030150747
29.862434712998947,12.872,2.0100502512562812,201.0050251256281,2587.3366834170847
29.87251118899985,12.856,2.0100502512562812,201.0050251256281,2584.1206030150747
29.882591387999128,12.88,2.0100502512562812,201.0050251256281,2588.94472361809
29.892672939000477,12.856,1.8425460636515907,201.0050251256281,2584.1206030150747
29.902753767999457,12.88,2.0100502512562812,201.0050251256281,2588.94472361809
29.91283450300034,12.852,2.0100502512562812,201.0050251256281,2583.3165829145723
29.922914794999087,12.88,2.0100502512562812,201.0050251256281,2588.94472361809
29.932995698000013,12.856,2.0100502512562812,201.0050251256281,2584.1206030150747
29.94308280400037,12.876,2.0100502512562812,201.0050251256281,2588.140703517587
29.953155817998777,12.852,2.0100502512562812,201.0050251256281,2583.3165829145723
29.96323194300021,12.88,2.0100502512562812,201.0050251256281,2588.94472361809
29.97330838199923,12.848,2.0100502512562812,201.0050251256281,2582.51256281407
29.983385006999015,12.88,1.8425460636515907,201.0050251256281,2588.94472361809
29.993462614000236,12.852,2.0100502512562812,201.0050251256281,2583.3165829145723
