{
  "D": 10000,
  "seed": 1,
  "spatial": {
    "1": 0.9648527524507663,
    "2": 0.881266395946383,
    "3": 0.9436953471974879,
    "4": 0.8544236423865709,
    "5": 0.8736675838173851,
    "mean": 0.9035811443597186
  },
  "spatiotemporal": {
    "1": 1.0,
    "2": 0.9493670886075949,
    "3": 0.9746835443037974,
    "4": 0.95,
    "5": 0.927710843373494,
    "mean": 0.9603522952569772
  }
}