t_s,bus_v,shunt_mv,current_ma,power_mw
0.00034805100040102843,12.852,2.0100502512562817,184.2546063651591,2368.0402010050248
0.010413997000796371,12.88,1.8425460636515911,201.00502512562812,2588.9447236180904
0.02047640499949921,12.852,2.0100502512562817,201.00502512562812,2583.316582914573
0.030538148001141963,12.884,2.0100502512562817,201.00502512562812,2589.748743718593
0.04059805600081745,12.852,2.0100502512562817,184.2546063651591,2368.0402010050248
0.05065800200100057,12.876,2.0100502512562817,201.00502512562812,2588.1407035175876
0.06071726300069713,12.852,1.8425460636515911,184.2546063651591,2368.0402010050248
0.0707764489998226,12.88,2.0100502512562817,184.2546063651591,2373.1993299832493
0.08083498800078814,12.856,1.8425460636515911,201.00502512562812,2584.120603015075
0.09089859999949113,12.88,2.0100502512562817,201.00502512562812,2588.9447236180904
0.10096037900075316,12.856,2.0100502512562817,201.00502512562812,2584.120603015075
0.1110212319999846,12.88,2.0100502512562817,201.00502512562812,2588.9447236180904
0.12108193700078118,12.852,2.0100502512562817,201.00502512562812,2583.316582914573
0.13114275299994915,12.884,2.0100502512562817,201.00502512562812,2589.748743718593
0.1412019950003014,12.848,1.8425460636515911,201.00502512562812,2582.5125628140704
0.15126068199970177,12.884,2.0100502512562817,184.2546063651591,2373.93634840871
0.16132168300100602,12.852,2.0100502512562817,201.00502512562812,2583.316582914573
0.17138242500004708,12.88,2.0100502512562817,201.00502512562812,2588.9447236180904
0.18144303799999761,12.852,2.0100502512562817,201.00502512562812,2583.316582914573
0.19150376099969435,12.88,2.0100502512562817,201.00502512562812,2588.9447236180904
0.20156402199972945,12.852,1.8425460636515911,201.00502512562812,2583.316582914573
0.21164126400071837,12.884,1.8425460636515911,201.00502512562812,2589.748743718593
0.22170565400119813,12.852,2.0100502512562817,201.00502512562812,2583.316582914573
0.2317660810003872,12.884,1.8425460636515911,201.00502512562812,2589.748743718593
0.24182669400033774,12.852,2.0100502512562817,201.00502512562812,2583.316582914573
0.25188767700092285,12.876,2.0100502512562817,184.2546063651591,2372.4623115577883
0.2619472330006829,12.856,2.0100502512562817,201.00502512562812,2584.120603015075
0.27200693800114095,12.876,2.0100502512562817,201.00502512562812,2588.1407035175876
0.2820672550005838,12.856,1.8425460636515911,201.00502512562812,2584.120603015075
0.29212614500102063,12.88,2.0100502512562817,201.00502512562812,2588.9447236180904
0.3021874050009501,12.856,2.0100502512562817,201.00502512562812,2584.120603015075
0.31224692500109086,12.876,2.0100502512562817,201.00502512562812,2588.1407035175876
0.3223076120011683,12.856,2.0100502512562817,201.00502512562812,2584.120603015075
0.33236776100056886,12.88,2.0100502512562817,184.2546063651591,2373.1993299832493
0.3424281700008578,12.856,2.0100502512562817,184.2546063651591,2368.7772194304853
0.35248870800023724,12.88,1.8425460636515911,201.00502512562812,2588.9447236180904
0.36254971000016667,12.852,2.0100502512562817,184.2546063651591,2368.0402010050248
0.3726099699997576,12.88,2.0100502512562817,201.00502512562812,2588.9447236180904
0.3826707490006811,12.852,2.0100502512562817,201.00502512562812,2583.316582914573
0.3927313799995318,12.88,2.0100502512562817,184.2546063651591,2373.1993299832493
0.40279188200111093,12.852,2.0100502512562817,201.00502512562812,2583.316582914573
0.4128524940006173,12.88,2.0100502512562817,201.00502512562812,2588.9447236180904
0.422913124999468,12.852,1.8425460636515911,201.00502512562812,2583.316582914573
0.43297375600013766,12.88,2.0100502512562817,201.00502512562812,2588.9447236180904
0.44303492400104005,12.86,2.0100502512562817,201.00502512562812,2584.9246231155776
0.4530940550012019,12.872,2.0100502512562817,201.00502512562812,2587.336683417085
0.4631554080006026,12.86,2.0100502512562817,201.00502512562812,2584.9246231155776
0.47321574300076463,12.872,2.0100502512562817,201.00502512562812,2587.336683417085
0.48327465200054576,12.856,2.0100502512562817,184.2546063651591,2368.7772194304853
0.4933357080008136,12.876,2.0100502512562817,201.00502512562812,2588.1407035175876
0.5033963580008276,12.856,2.0100502512562817,201.00502512562812,2584.120603015075
0.5134555439999531,12.876,2.0100502512562817,201.00502512562812,2588.1407035175876
0.5235144529997342,12.856,2.0100502512562817,201.00502512562812,2584.120603015075
0.5335752690007212,12.876,2.1775544388609713,201.00502512562812,2588.1407035175876
0.5436358999995718,12.86,2.0100502512562817,201.00502512562812,2584.9246231155776
0.5536949020006432,12.876,2.0100502512562817,201.00502512562812,2588.1407035175876
0.5637556069996208,12.856,2.0100502512562817,201.00502512562812,2584.120603015075
0.5738160889995925,12.876,2.0100502512562817,184.2546063651591,2372.4623115577883
0.5838766280012351,12.852,2.0100502512562817,201.00502512562812,2583.316582914573
0.5939373510009318,12.88,2.0100502512562817,201.00502512562812,2588.9447236180904
0.6039977969994652,12.852,2.0100502512562817,201.00502512562812,2583.316582914573
0.6140566690010019,12.88,2.0100502512562817,201.00502512562812,2588.9447236180904
0.6241154480012483,12.86,2.0100502512562817,201.00502512562812,2584.9246231155776
0.6341746350008179,12.876,1.8425460636515911,184.2546063651591,2372.4623115577883
0.6442335800002184,12.864,2.0100502512562817,201.00502512562812,2585.7286432160804
0.6542941930001689,12.876,2.0100502512562817,201.00502512562812,2588.1407035175876
0.6643544159996964,12.892,1.8425460636515911,184.2546063651591,2375.4103852596313
0.6744152320006833,12.892,2.0100502512562817,184.2546063651591,2375.4103852596313
0.6844741599998088,12.88,1.8425460636515911,184.2546063651591,2373.1993299832493
0.6945331050010282,12.884,2.0100502512562817,184.2546063651591,2373.93634840871
0.7045937920011056,12.876,1.8425460636515911,184.2546063651591,2372.4623115577883
0.7146527380009502,12.88,2.0100502512562817,184.2546063651591,2373.1993299832493
0.7247127760001604,12.884,1.8425460636515911,201.00502512562812,2589.748743718593
0.7347734440008935,12.88,1.8425460636515911,184.2546063651591,2373.1993299832493
0.744834057000844,12.884,2.0100502512562817,184.2546063651591,2373.93634840871
0.7548931510009425,12.88,1.8425460636515911,184.2546063651591,2373.1993299832493
0.7649533929998142,12.88,1.8425460636515911,201.00502512562812,2588.9447236180904
0.775012283000251,12.88,1.8425460636515911,184.2546063651591,2373.1993299832493
0.7850726730011957,12.876,1.8425460636515911,201.00502512562812,2588.1407035175876
0.795133600000554,12.868,2.0100502512562817,201.00502512562812,2586.532663316583
0.8051924539995525,12.86,2.0100502512562817,201.00502512562812,2584.9246231155776
0.8152532700005395,12.86,2.0100502512562817,201.00502512562812,2584.9246231155776
0.8253143080000882,12.872,2.0100502512562817,201.00502512562812,2587.336683417085
0.8353729390000808,12.868,2.0100502512562817,184.2546063651591,2370.9882747068673
0.8454361439999047,12.872,2.0100502512562817,201.00502512562812,2587.336683417085
0.8554970160002995,12.86,2.0100502512562817,201.00502512562812,2584.9246231155776
0.8655575360007788,12.872,1.8425460636515911,201.00502512562812,2587.336683417085
0.8756183890000102,12.86,2.0100502512562817,201.00502512562812,2584.9246231155776
0.8856778160006797,12.868,2.0100502512562817,201.00502512562812,2586.532663316583
0.8957387250011379,12.86,2.0100502512562817,201.00502512562812,2584.9246231155776
0.905799559001025,12.876,2.0100502512562817,201.00502512562812,2588.1407035175876
0.9158609870009968,12.86,1.8425460636515911,201.00502512562812,2584.9246231155776
0.9259223950011801,12.876,2.0100502512562817,201.00502512562812,2588.1407035175876
0.9359835630002635,12.864,2.0100502512562817,201.00502512562812,2585.7286432160804
0.946044100999643,12.876,2.0100502512562817,184.2546063651591,2372.4623115577883
0.9561032510009682,12.86,2.0100502512562817,201.00502512562812,2584.9246231155776
0.9661642520004534,12.872,1.8425460636515911,201.00502512562812,2587.336683417085
0.9762250309995579,12.86,2.0100502512562817,201.00502512562812,2584.9246231155776
0.9862881610006298,12.864,2.0100502512562817,217.75544388609717,2801.206030150754
0.9963485520001996,12.86,1.8425460636515911,201.00502512562812,2584.9246231155776
1.0064092930006154,12.872,2.0100502512562817,184.2546063651591,2371.725293132328
1.0164684610008408,12.86,2.0100502512562817,201.00502512562812,2584.9246231155776
1.0265273700006219,12.876,2.0100502512562817,201.00502512562812,2588.1407035175876
1.0365867410000646,12.86,2.0100502512562817,201.00502512562812,2584.9246231155776
1.046647742999994,12.872,2.0100502512562817,184.2546063651591,2371.725293132328
1.0567068359996483,12.86,2.0100502512562817,201.00502512562812,2584.9246231155776
1.0667656710011215,12.872,2.0100502512562817,201.00502512562812,2587.336683417085
1.0768249129996548,12.86,2.0100502512562817,201.00502512562812,2584.9246231155776
1.0868849880007474,12.88,2.0100502512562817,201.00502512562812,2588.9447236180904
1.0969460449996404,12.852,2.0100502512562817,201.00502512562812,2583.316582914573
1.1070066390002467,12.88,1.8425460636515911,201.00502512562812,2588.9447236180904
1.117067010000028,12.86,2.0100502512562817,201.00502512562812,2584.9246231155776
1.1271275480012264,12.876,2.0100502512562817,201.00502512562812,2588.1407035175876
1.1371885130010924,12.856,1.8425460636515911,201.00502512562812,2584.120603015075
1.147247236000112,12.876,2.0100502512562817,201.00502512562812,2588.1407035175876
1.1573088109998935,12.856,2.0100502512562817,201.00502512562812,2584.120603015075
1.167369590000817,12.876,2.0100502512562817,201.00502512562812,2588.1407035175876
1.1774302020003233,12.856,2.0100502512562817,201.00502512562812,2584.120603015075
1.1874908520003373,12.876,2.0100502512562817,201.00502512562812,2588.1407035175876
1.197551334000309,12.86,2.0100502512562817,201.00502512562812,2584.9246231155776
1.2076126499996462,12.872,2.0100502512562817,201.00502512562812,2587.336683417085
1.2176835219997884,12.86,2.0100502512562817,201.00502512562812,2584.9246231155776
1.2277455229996121,12.876,2.0100502512562817,201.00502512562812,2588.1407035175876
1.2378050980005355,12.86,2.0100502512562817,201.00502512562812,2584.9246231155776
1.2478656370003591,12.872,2.0100502512562817,201.00502512562812,2587.336683417085
1.257926378000775,12.86,2.0100502512562817,184.2546063651591,2369.514237855946
1.2679881200001546,12.88,1.8425460636515911,184.2546063651591,2373.1993299832493
1.2780492700003379,12.86,2.0100502512562817,201.00502512562812,2584.9246231155776
1.2881104749994847,12.88,2.0100502512562817,201.00502512562812,2588.9447236180904
1.2981715309997526,12.852,2.0100502512562817,201.00502512562812,2583.316582914573
1.308231977000105,12.88,2.0100502512562817,201.00502512562812,2588.9447236180904
1.318293125999844,12.848,2.0100502512562817,201.00502512562812,2582.5125628140704
1.3283535720001964,12.876,2.0100502512562817,201.00502512562812,2588.1407035175876
1.3384139990012045,12.852,2.0100502512562817,201.00502512562812,2583.316582914573
1.3484746300000552,12.876,2.0100502512562817,201.00502512562812,2588.1407035175876
1.3585349460008729,12.856,2.0100502512562817,201.00502512562812,2584.120603015075
1.3685959840004216,12.88,1.8425460636515911,184.2546063651591,2373.1993299832493
1.3786569479998434,12.856,2.0100502512562817,201.00502512562812,2584.120603015075
1.3887177830001747,12.88,2.0100502512562817,201.00502512562812,2588.9447236180904
1.3987785429999349,12.856,2.0100502512562817,201.00502512562812,2584.120603015075
1.4088393220008584,12.872,2.0100502512562817,201.00502512562812,2587.336683417085
1.4188995080003224,12.856,2.0100502512562817,201.00502512562812,2584.120603015075
1.4289595099999133,12.876,2.0100502512562817,201.00502512562812,2588.1407035175876
1.4390194549996522,12.856,2.0100502512562817,201.00502512562812,2584.120603015075
1.4490798080005334,12.876,2.0100502512562817,201.00502512562812,2588.1407035175876
1.4591397349995532,12.856,2.0100502512562817,201.00502512562812,2584.120603015075
1.4692001069997787,12.88,2.0100502512562817,184.2546063651591,2373.1993299832493
1.4792609039996023,12.852,1.8425460636515911,184.2546063651591,2368.0402010050248
1.4893218310007796,12.88,2.0100502512562817,184.2546063651591,2373.1993299832493
1.499382592000984,12.848,2.0100502512562817,201.00502512562812,2582.5125628140704
1.5094429260007018,12.88,2.0100502512562817,201.00502512562812,2588.9447236180904
1.519502872000885,12.848,2.0100502512562817,201.00502512562812,2582.5125628140704
1.5295635950005817,12.88,2.0100502512562817,184.2546063651591,2373.1993299832493
1.5396243190007226,12.852,2.0100502512562817,201.00502512562812,2583.316582914573
1.5496842459997424,12.88,2.0100502512562817,201.00502512562812,2588.9447236180904
1.559744154001237,12.852,2.0100502512562817,201.00502512562812,2583.316582914573
1.5698055450011452,12.88,2.0100502512562817,201.00502512562812,2588.9447236180904
1.5798658240000805,12.852,2.0100502512562817,201.00502512562812,2583.316582914573
1.589925731999756,12.88,2.0100502512562817,184.2546063651591,2373.1993299832493
1.5999866040001507,12.852,1.8425460636515911,184.2546063651591,2368.0402010050248
1.6100472529997205,12.872,2.0100502512562817,201.00502512562812,2587.336683417085
1.6201081250001153,12.856,2.0100502512562817,201.00502512562812,2584.120603015075
1.6301688660005311,12.872,2.0100502512562817,201.00502512562812,2587.336683417085
1.6402298680004606,12.856,2.0100502512562817,201.00502512562812,2584.120603015075
1.6502905540000938,12.88,2.0100502512562817,201.00502512562812,2588.9447236180904
1.6603507769996213,12.852,2.0100502512562817,201.00502512562812,2583.316582914573
1.6704115560005448,12.88,1.8425460636515911,184.2546063651591,2373.1993299832493
1.6804720569998608,12.856,1.8425460636515911,201.00502512562812,2584.120603015075
1.6905320400001074,12.88,2.0100502512562817,201.00502512562812,2588.9447236180904
1.7005928750004387,12.856,2.0100502512562817,201.00502512562812,2584.120603015075
1.7106535240000085,12.88,2.0100502512562817,201.00502512562812,2588.9447236180904
1.7207134330001281,12.848,2.0100502512562817,201.00502512562812,2582.5125628140704
1.7307743599994865,12.88,2.0100502512562817,201.00502512562812,2588.9447236180904
1.7408353240007273,12.852,2.0100502512562817,201.00502512562812,2583.316582914573
1.7508954360000644,12.884,1.8425460636515911,201.00502512562812,2589.748743718593
1.760955271000057,12.852,2.0100502512562817,201.00502512562812,2583.316582914573
1.771016234999479,12.884,1.8425460636515911,184.2546063651591,2373.93634840871
1.7810772539996833,12.852,2.0100502512562817,201.00502512562812,2583.316582914573
1.7911381070007337,12.88,2.0100502512562817,201.00502512562812,2588.9447236180904
1.801198942001065,12.852,2.0100502512562817,201.00502512562812,2583.316582914573
1.8112597020008252,12.876,2.0100502512562817,201.00502512562812,2588.1407035175876
1.8213205179999932,12.852,2.0100502512562817,201.00502512562812,2583.316582914573
1.8313812600008532,12.88,2.0100502512562817,201.00502512562812,2588.9447236180904
1.8414420210010576,12.852,2.0100502512562817,201.00502512562812,2583.316582914573
1.8515025770011562,12.884,2.0100502512562817,201.00502512562812,2589.748743718593
1.8615628010011278,12.852,2.0100502512562817,201.00502512562812,2583.316582914573
1.871623394999915,12.88,2.0100502512562817,201.00502512562812,2588.9447236180904
1.8816841549996752,12.852,1.8425460636515911,201.00502512562812,2583.316582914573
1.89174502700007,12.88,2.0100502512562817,201.00502512562812,2588.9447236180904
1.9018057499997667,12.852,2.0100502512562817,201.00502512562812,2583.316582914573
1.9118670850002673,12.88,1.8425460636515911,201.00502512562812,2588.9447236180904
1.9219278450000274,12.848,2.0100502512562817,201.00502512562812,2582.5125628140704
1.9319886610010144,12.884,2.0100502512562817,201.00502512562812,2589.748743718593
1.9420494950009015,12.848,2.0100502512562817,184.2546063651591,2367.3031825795642
1.9521100700003444,12.884,2.0100502512562817,201.00502512562812,2589.748743718593
1.9621709599996393,12.848,2.0100502512562817,201.00502512562812,2582.5125628140704
1.9722311830009858,12.884,2.0100502512562817,201.00502512562812,2589.748743718593
1.9822921659997519,12.852,2.0100502512562817,184.2546063651591,2368.0402010050248
1.9923526479997236,12.884,1.8425460636515911,201.00502512562812,2589.748743718593
2.0024133900005836,12.852,2.0100502512562817,201.00502512562812,2583.316582914573
2.0124742240004707,12.884,2.0100502512562817,201.00502512562812,2589.748743718593
2.0225343180009077,12.852,2.0100502512562817,201.00502512562812,2583.316582914573
2.0325942449999275,12.88,1.8425460636515911,184.2546063651591,2373.1993299832493
2.042654950000724,12.848,2.0100502512562817,201.00502512562812,2582.5125628140704
2.0527151170008437,12.884,2.0100502512562817,201.00502512562812,2589.748743718593
2.0627752670006885,12.852,2.0100502512562817,201.00502512562812,2583.316582914573
2.0728358600008505,12.88,1.8425460636515911,217.75544388609717,2804.6901172529315
2.082896324000103,12.852,2.0100502512562817,201.00502512562812,2583.316582914573
2.0929573249995883,12.884,2.0100502512562817,201.00502512562812,2589.748743718593
2.1030183260008926,12.852,1.8425460636515911,201.00502512562812,2583.316582914573
2.1130793829997856,12.884,2.0100502512562817,201.00502512562812,2589.748743718593
2.1231400510005187,12.844,2.0100502512562817,201.00502512562812,2581.7085427135676
2.1332002920007653,12.888,2.0100502512562817,201.00502512562812,2590.552763819095
2.1432605709997006,12.844,2.0100502512562817,184.2546063651591,2366.5661641541033
2.153320535000603,12.884,2.0100502512562817,201.00502512562812,2589.748743718593
2.1633814990000246,12.852,1.8425460636515911,184.2546063651591,2368.0402010050248
2.1734422219997214,12.88,2.0100502512562817,201.00502512562812,2588.9447236180904
2.183503094000116,12.852,2.0100502512562817,201.00502512562812,2583.316582914573
2.1935638539998763,12.884,1.8425460636515911,184.2546063651591,2373.93634840871
2.203624892001244,12.848,2.0100502512562817,201.00502512562812,2582.5125628140704
2.213695430000371,12.884,2.0100502512562817,184.2546063651591,2373.93634840871
2.2237576719999197,12.852,2.0100502512562817,201.00502512562812,2583.316582914573
2.2338183209994895,12.88,2.0100502512562817,201.00502512562812,2588.9447236180904
2.2438786550010263,12.856,2.0100502512562817,201.00502512562812,2584.120603015075
2.253938896999898,12.88,2.0100502512562817,201.00502512562812,2588.9447236180904
2.263999083001181,12.852,2.0100502512562817,201.00502512562812,2583.316582914573
2.2740592879999895,12.88,2.0100502512562817,201.00502512562812,2588.9447236180904
2.284119752001061,12.852,2.0100502512562817,201.00502512562812,2583.316582914573
2.294180883000081,12.88,2.0100502512562817,201.00502512562812,2588.9447236180904
2.304241068999545,12.852,1.8425460636515911,201.00502512562812,2583.316582914573
2.31430229200123,12.884,2.0100502512562817,201.00502512562812,2589.748743718593
2.3243627379997633,12.848,2.0100502512562817,201.00502512562812,2582.5125628140704
2.334423702001004,12.884,2.0100502512562817,201.00502512562812,2589.748743718593
2.344484425000701,12.852,2.0100502512562817,201.00502512562812,2583.316582914573
2.354544611000165,12.884,2.0100502512562817,201.00502512562812,2589.748743718593
2.3646049079998193,12.848,2.0100502512562817,201.00502512562812,2582.5125628140704
2.374665205999918,12.884,1.8425460636515911,201.00502512562812,2589.748743718593
2.384726039999805,12.852,2.0100502512562817,201.00502512562812,2583.316582914573
2.394786873999692,12.884,2.0100502512562817,201.00502512562812,2589.748743718593
2.4048477460000868,12.852,2.0100502512562817,201.00502512562812,2583.316582914573
2.41490841400082,12.884,2.0100502512562817,201.00502512562812,2589.748743718593
2.4249691180011723,12.852,2.0100502512562817,201.00502512562812,2583.316582914573
2.4350297680011863,12.88,2.0100502512562817,201.00502512562812,2588.9447236180904
2.4450903800006927,12.856,2.0100502512562817,201.00502512562812,2584.120603015075
2.4551506580010027,12.876,2.0100502512562817,201.00502512562812,2588.1407035175876
2.465210771000784,12.856,2.0100502512562817,201.00502512562812,2584.120603015075
2.4752718640011153,12.88,2.0100502512562817,201.00502512562812,2588.9447236180904
2.48533275400041,12.856,1.8425460636515911,201.00502512562812,2584.120603015075
2.4953932000007626,12.88,1.8425460636515911,201.00502512562812,2588.9447236180904
2.5054539970005862,12.852,2.0100502512562817,201.00502512562812,2583.316582914573
2.5155141089999233,12.88,2.0100502512562817,201.00502512562812,2588.9447236180904
2.5255742950012063,12.856,2.0100502512562817,201.00502512562812,2584.120603015075
2.5356351480004378,12.884,2.0100502512562817,201.00502512562812,2589.748743718593
2.545695279000938,12.852,2.0100502512562817,201.00502512562812,2583.316582914573
2.555755613000656,12.88,2.0100502512562817,184.2546063651591,2373.1993299832493
2.565816577000078,12.848,2.0100502512562817,201.00502512562812,2582.5125628140704
2.5758768369996687,12.88,2.0100502512562817,201.00502512562812,2588.9447236180904
2.585937023999577,12.852,2.0100502512562817,201.00502512562812,2583.316582914573
2.5959980620009446,12.884,2.0100502512562817,201.00502512562812,2589.748743718593
2.606058841000049,12.852,2.0100502512562817,201.00502512562812,2583.316582914573
2.616119508000338,12.884,2.0100502512562817,201.00502512562812,2589.748743718593
2.626180232000479,12.856,2.0100502512562817,201.00502512562812,2584.120603015075
2.6362411030004296,12.88,2.0100502512562817,201.00502512562812,2588.9447236180904
2.646301808001226,12.856,2.0100502512562817,201.00502512562812,2584.120603015075
2.6563624940008594,12.876,2.0100502512562817,201.00502512562812,2588.1407035175876
2.6664233100000274,12.856,2.0100502512562817,184.2546063651591,2368.7772194304853
2.676483626000845,12.876,2.0100502512562817,201.00502512562812,2588.1407035175876
2.686543793000965,12.852,2.0100502512562817,184.2546063651591,2368.0402010050248
2.6966038499995193,12.88,2.0100502512562817,201.00502512562812,2588.9447236180904
2.706664962001014,12.852,2.0100502512562817,201.00502512562812,2583.316582914573
2.716725537000457,12.88,2.0100502512562817,201.00502512562812,2588.9447236180904
2.7267863899996883,12.86,2.0100502512562817,201.00502512562812,2584.9246231155776
2.736847280000802,12.88,1.8425460636515911,201.00502512562812,2588.9447236180904
2.746907688000647,12.856,2.0100502512562817,201.00502512562812,2584.120603015075
2.7569678190011473,12.88,2.0100502512562817,201.00502512562812,2588.9447236180904
2.767027746000167,12.848,2.0100502512562817,201.00502512562812,2582.5125628140704
2.7770879510007944,12.88,2.0100502512562817,201.00502512562812,2588.9447236180904
2.787148118000914,12.852,2.0100502512562817,201.00502512562812,2583.316582914573
2.7972080270010338,12.88,1.8425460636515911,201.00502512562812,2588.9447236180904
2.807269176000773,12.856,2.0100502512562817,201.00502512562812,2584.120603015075
2.81732928800011,12.876,2.1775544388609713,201.00502512562812,2588.1407035175876
2.827389567000864,12.86,2.0100502512562817,201.00502512562812,2584.9246231155776
2.83744934599963,12.88,1.8425460636515911,201.00502512562812,2588.9447236180904
2.8475100320010824,12.86,2.0100502512562817,201.00502512562812,2584.9246231155776
2.85757073700006,12.876,2.0100502512562817,201.00502512562812,2588.1407035175876
2.8676315160009835,12.856,2.0100502512562817,201.00502512562812,2584.120603015075
2.877692146001209,12.872,2.0100502512562817,201.00502512562812,2587.336683417085
2.887753036000504,12.856,2.0100502512562817,201.00502512562812,2584.120603015075
2.8978137590002007,12.876,2.0100502512562817,201.00502512562812,2588.1407035175876
2.907874446000278,12.86,2.0100502512562817,201.00502512562812,2584.9246231155776
2.917935261000821,12.876,2.0100502512562817,201.00502512562812,2588.1407035175876
2.927996151000116,12.86,2.0100502512562817,201.00502512562812,2584.9246231155776
2.9380568560009124,12.876,2.0100502512562817,201.00502512562812,2588.1407035175876
2.948117653000736,12.86,1.8425460636515911,201.00502512562812,2584.9246231155776
2.9581778200008557,12.876,1.8425460636515911,184.2546063651591,2372.4623115577883
2.9682385249998333,12.852,2.0100502512562817,201.00502512562812,2583.316582914573
2.9782991179999954,12.876,2.0100502512562817,201.00502512562812,2588.1407035175876
2.98836071200094,12.856,2.0100502512562817,201.00502512562812,2584.120603015075
2.9984220460009965,12.876,2.0100502512562817,201.00502512562812,2588.1407035175876
3.008483065999826,12.86,2.0100502512562817,201.00502512562812,2584.9246231155776
3.018544140000813,12.876,2.0100502512562817,201.00502512562812,2588.1407035175876
3.028604955999981,12.86,2.0100502512562817,201.00502512562812,2584.9246231155776
3.0386652720007987,12.876,2.0100502512562817,201.00502512562812,2588.1407035175876
3.0487252170005377,12.86,2.0100502512562817,201.00502512562812,2584.9246231155776
3.058785440000065,12.876,2.0100502512562817,201.00502512562812,2588.1407035175876
3.068845441001031,12.86,2.0100502512562817,201.00502512562812,2584.9246231155776
3.078906757000368,12.868,1.8425460636515911,201.00502512562812,2586.532663316583
3.088967499001228,12.868,2.0100502512562817,201.00502512562812,2586.532663316583
3.099027685000692,12.872,2.0100502512562817,184.2546063651591,2371.725293132328
3.1090884450004523,12.864,2.0100502512562817,201.00502512562812,2585.7286432160804
3.1191497790005087,12.876,2.0100502512562817,184.2546063651591,2372.4623115577883
3.1292105020002055,12.864,2.0100502512562817,201.00502512562812,2585.7286432160804
3.1392712619999656,12.872,2.0100502512562817,184.2546063651591,2371.725293132328
3.1493321699999797,12.86,1.8425460636515911,184.2546063651591,2369.514237855946
3.15939302300103,12.872,2.0100502512562817,201.00502512562812,2587.336683417085
3.169454246000896,12.856,2.0100502512562817,201.00502512562812,2584.120603015075
3.1795145989999583,12.876,2.0100502512562817,201.00502512562812,2588.1407035175876
3.1895753410008183,12.86,2.0100502512562817,184.2546063651591,2369.514237855946
3.199636471001213,12.876,2.0100502512562817,201.00502512562812,2588.1407035175876
3.2097044530000858,12.864,2.0100502512562817,201.00502512562812,2585.7286432160804
3.219769269000608,12.872,2.0100502512562817,201.00502512562812,2587.336683417085
3.229832250999607,12.864,2.0100502512562817,201.00502512562812,2585.7286432160804
3.2398932150008477,12.872,2.0100502512562817,201.00502512562812,2587.336683417085
3.249953512000502,12.86,2.0100502512562817,201.00502512562812,2584.9246231155776
3.260013754001193,12.876,2.0100502512562817,201.00502512562812,2588.1407035175876
3.270074107000255,12.896,1.8425460636515911,184.2546063651591,2376.147403685092
3.2801344220006285,12.888,2.0100502512562817,184.2546063651591,2374.6733668341703
3.290195683001002,12.888,2.0100502512562817,184.2546063651591,2374.6733668341703
3.300256591001016,12.88,1.8425460636515911,201.00502512562812,2588.9447236180904
3.3103174620009668,12.884,1.8425460636515911,184.2546063651591,2373.93634840871
3.32038868500058,12.88,1.8425460636515911,201.00502512562812,2588.9447236180904
3.330450130000827,12.884,1.8425460636515911,184.2546063651591,2373.93634840871
3.340511020000122,12.88,2.0100502512562817,184.2546063651591,2373.1993299832493
3.3505715030005376,12.884,1.8425460636515911,184.2546063651591,2373.93634840871
3.360632189000171,12.88,1.8425460636515911,184.2546063651591,2373.1993299832493
3.3706923379995715,12.892,2.0100502512562817,184.2546063651591,2375.4103852596313
3.380753208999522,12.876,1.8425460636515911,184.2546063651591,2372.4623115577883
3.390814025000509,12.884,2.0100502512562817,184.2546063651591,2373.93634840871
3.400874840001052,12.844,2.0100502512562817,184.2546063651591,2366.5661641541033
3.4109350819999236,12.864,2.0100502512562817,201.00502512562812,2585.7286432160804
3.4209947859999374,12.86,2.0100502512562817,201.00502512562812,2584.9246231155776
3.4310548060002475,12.872,2.0100502512562817,201.00502512562812,2587.336683417085
3.4411146029997326,12.864,2.0100502512562817,201.00502512562812,2585.7286432160804
3.4511758080006985,12.872,1.8425460636515911,184.2546063651591,2371.725293132328
3.461236512001051,12.86,2.0100502512562817,201.00502512562812,2584.9246231155776
3.471296550000261,12.876,2.0100502512562817,201.00502512562812,2588.1407035175876
3.4813562729996193,12.856,2.0100502512562817,201.00502512562812,2584.120603015075
3.491416126000331,12.876,2.0100502512562817,201.00502512562812,2588.1407035175876
3.5014767940010643,12.852,2.0100502512562817,201.00502512562812,2583.316582914573
3.511537219999809,12.872,2.0100502512562817,201.00502512562812,2587.336683417085
3.5215971100005845,12.856,2.0100502512562817,201.00502512562812,2584.120603015075
3.5316570560007676,12.876,1.8425460636515911,201.00502512562812,2588.1407035175876
3.541717742000401,12.86,2.0100502512562817,201.00502512562812,2584.9246231155776
3.551777390999632,12.88,2.0100502512562817,201.00502512562812,2588.9447236180904
3.561837003000619,12.86,2.0100502512562817,201.00502512562812,2584.9246231155776
3.5718977810010983,12.88,2.0100502512562817,201.00502512562812,2588.9447236180904
3.5819577450001816,12.856,2.0100502512562817,201.00502512562812,2584.120603015075
3.5920178390006186,12.872,2.0100502512562817,184.2546063651591,2371.725293132328
3.6020777280009497,12.86,2.0100502512562817,201.00502512562812,2584.9246231155776
3.6121381370012386,12.872,2.0100502512562817,184.2546063651591,2371.725293132328
3.622198749000745,12.86,1.8425460636515911,201.00502512562812,2584.9246231155776
3.632259583000632,12.876,2.0100502512562817,201.00502512562812,2588.1407035175876
3.6423203430003923,12.856,2.0100502512562817,201.00502512562812,2584.120603015075
3.6523887330004072,12.88,1.8425460636515911,201.00502512562812,2588.9447236180904
3.6624495110008866,12.856,2.0100502512562817,184.2546063651591,2368.7772194304853
3.6725081599997793,12.88,2.0100502512562817,184.2546063651591,2373.1993299832493
3.682568457999878,12.852,1.8425460636515911,184.2546063651591,2368.0402010050248
3.6926286990001245,12.88,2.0100502512562817,201.00502512562812,2588.9447236180904
3.702689552001175,12.852,2.0100502512562817,201.00502512562812,2583.316582914573
3.712750294000216,12.876,1.8425460636515911,201.00502512562812,2588.1407035175876
3.7228110910000396,12.852,2.0100502512562817,184.2546063651591,2368.0402010050248
3.7328719990000536,12.884,2.0100502512562817,201.00502512562812,2589.748743718593
3.7429331109997293,12.856,2.0100502512562817,184.2546063651591,2368.7772194304853
3.7529936299997644,12.88,2.0100502512562817,201.00502512562812,2588.9447236180904
3.7630535759999475,12.856,2.0100502512562817,201.00502512562812,2584.120603015075
3.7731144099998346,12.88,2.0100502512562817,201.00502512562812,2588.9447236180904
3.783174539999891,12.856,2.0100502512562817,201.00502512562812,2584.120603015075
3.793234634000328,12.872,2.0100502512562817,201.00502512562812,2587.336683417085
3.8032945790000667,12.856,2.0100502512562817,184.2546063651591,2368.7772194304853
3.813356153999848,12.872,2.0100502512562817,201.00502512562812,2587.336683417085
3.823416396000539,12.86,2.0100502512562817,201.00502512562812,2584.9246231155776
3.833476267000151,12.88,2.0100502512562817,201.00502512562812,2588.9447236180904
3.8435369720009476,12.852,2.0100502512562817,201.00502512562812,2583.316582914573
3.8535980280012154,12.88,2.0100502512562817,201.00502512562812,2588.9447236180904
3.863658972999474,12.852,2.0100502512562817,201.00502512562812,2583.316582914573
3.873719789000461,12.88,2.0100502512562817,201.00502512562812,2588.9447236180904
3.8837802529997134,12.856,2.0100502512562817,201.00502512562812,2584.120603015075
3.893841049999537,12.88,2.0100502512562817,201.00502512562812,2588.9447236180904
3.903901773001053,12.852,2.0100502512562817,201.00502512562812,2583.316582914573
3.913969700000962,12.876,2.0100502512562817,201.00502512562812,2588.1407035175876
3.9240513120003016,12.852,2.0100502512562817,201.00502512562812,2583.316582914573
3.9341331270006776,12.876,1.8425460636515911,201.00502512562812,2588.1407035175876
3.94421407200025,12.856,2.0100502512562817,201.00502512562812,2584.120603015075
3.954294683000626,12.904,1.8425460636515911,184.2546063651591,2377.621440536013
3.9643753500004095,12.88,1.8425460636515911,184.2546063651591,2373.1993299832493
3.974456129000828,12.892,1.8425460636515911,201.00502512562812,2591.3567839195975
3.9845387220011617,12.872,1.8425460636515911,184.2546063651591,2371.725293132328
3.994622537000396,12.884,2.0100502512562817,201.00502512562812,2589.748743718593
4.004702038000687,12.864,1.8425460636515911,184.2546063651591,2370.2512562814068
4.014794316000916,12.892,1.8425460636515911,184.2546063651591,2375.4103852596313
4.024871001000065,12.864,2.0100502512562817,184.2546063651591,2370.2512562814068
4.0349475759994675,12.892,1.8425460636515911,184.2546063651591,2375.4103852596313
4.04502328000126,12.868,2.0100502512562817,184.2546063651591,2370.9882747068673
4.055099633000282,12.892,1.8425460636515911,184.2546063651591,2375.4103852596313
4.065177929000129,12.868,1.8425460636515911,184.2546063651591,2370.9882747068673
4.075254282000969,12.892,2.0100502512562817,201.00502512562812,2591.3567839195975
4.085332282000309,12.836,2.0100502512562817,201.00502512562812,2580.100502512563
4.095408838000367,12.872,2.0100502512562817,201.00502512562812,2587.336683417085
4.105485172000044,12.84,2.0100502512562817,201.00502512562812,2580.904522613065
4.11556856199968,12.88,1.8425460636515911,201.00502512562812,2588.9447236180904
4.125654487999782,12.844,2.0100502512562817,201.00502512562812,2581.7085427135676
4.135736914000518,12.884,2.0100502512562817,184.2546063651591,2373.93634840871
4.145817193000767,12.844,2.0100502512562817,201.00502512562812,2581.7085427135676
4.155898786000762,12.912,1.8425460636515911,184.2546063651591,2379.0954773869344
4.16597982300118,12.872,1.8425460636515911,184.2546063651591,2371.725293132328
4.176060398000118,12.896,2.0100502512562817,184.2546063651591,2376.147403685092
4.186141083000621,12.868,1.8425460636515911,201.00502512562812,2586.532663316583
4.196221158001208,12.888,1.8425460636515911,201.00502512562812,2590.552763819095
4.206302325001161,12.864,2.0100502512562817,184.2546063651591,2370.2512562814068
4.216433603000041,12.892,1.8425460636515911,184.2546063651591,2375.4103852596313
4.2265168619996984,12.868,1.8425460636515911,184.2546063651591,2370.9882747068673
4.236598196001069,12.896,1.8425460636515911,184.2546063651591,2376.147403685092
4.246678771000006,12.864,2.0100502512562817,201.00502512562812,2585.7286432160804
4.256759919000615,12.896,1.8425460636515911,184.2546063651591,2376.147403685092
4.266841198001202,12.864,1.8425460636515911,184.2546063651591,2370.2512562814068
4.276922994000415,12.896,2.0100502512562817,184.2546063651591,2376.147403685092
4.287003532001108,12.868,2.0100502512562817,184.2546063651591,2370.9882747068673
4.29708508800104,12.888,2.0100502512562817,184.2546063651591,2374.6733668341703
4.30716623599983,12.864,1.8425460636515911,184.2546063651591,2370.2512562814068
4.317246904000058,12.888,2.0100502512562817,184.2546063651591,2374.6733668341703
4.3273279599998205,12.868,1.8425460636515911,201.00502512562812,2586.532663316583
4.33740981200026,12.892,1.8425460636515911,184.2546063651591,2375.4103852596313
4.347490571999515,12.868,1.8425460636515911,184.2546063651591,2370.9882747068673
4.357571980001012,12.892,1.8425460636515911,184.2546063651591,2375.4103852596313
4.367653295001219,12.872,1.8425460636515911,184.2546063651591,2371.725293132328
4.377734831999987,12.892,1.8425460636515911,184.2546063651591,2375.4103852596313
4.387816148000638,12.876,1.8425460636515911,184.2546063651591,2372.4623115577883
4.397897278000528,12.88,1.8425460636515911,201.00502512562812,2588.9447236180904
4.407978056000502,12.876,1.8425460636515911,184.2546063651591,2372.4623115577883
4.418053927000074,12.876,1.8425460636515911,184.2546063651591,2372.4623115577883
4.428135001000555,12.876,1.8425460636515911,201.00502512562812,2588.1407035175876
4.438215983000191,12.88,1.8425460636515911,184.2546063651591,2373.1993299832493
4.448296743001265,12.88,1.8425460636515911,184.2546063651591,2373.1993299832493
4.458377762000964,12.88,2.0100502512562817,201.00502512562812,2588.9447236180904
4.468460817999585,12.88,1.8425460636515911,184.2546063651591,2373.1993299832493
4.478541984999538,12.88,1.8425460636515911,184.2546063651591,2373.1993299832493
4.488624355999491,12.88,1.8425460636515911,184.2546063651591,2373.1993299832493
4.498705542000607,12.884,1.8425460636515911,184.2546063651591,2373.93634840871
4.508787413000391,12.876,1.8425460636515911,184.2546063651591,2372.4623115577883
4.518875894000303,12.876,1.8425460636515911,184.2546063651591,2372.4623115577883
4.528958320999664,12.884,1.8425460636515911,184.2546063651591,2373.93634840871
4.539038988001266,12.872,1.8425460636515911,184.2546063651591,2371.725293132328
4.549119822000648,12.884,1.8425460636515911,184.2546063651591,2373.93634840871
4.559200674000749,12.876,1.8425460636515911,184.2546063651591,2372.4623115577883
4.569281211999623,12.884,2.0100502512562817,184.2546063651591,2373.93634840871
4.579360970999915,12.876,1.8425460636515911,184.2546063651591,2372.4623115577883
4.589441657000862,12.888,1.8425460636515911,184.2546063651591,2374.6733668341703
4.599522324000645,12.872,1.8425460636515911,184.2546063651591,2371.725293132328
4.609603046999837,12.892,1.8425460636515911,184.2546063651591,2375.4103852596313
4.619707788000596,12.872,2.0100502512562817,184.2546063651591,2371.725293132328
4.629788603000634,12.892,1.8425460636515911,184.2546063651591,2375.4103852596313
4.639869492000798,12.864,1.8425460636515911,184.2546063651591,2370.2512562814068
4.649950289000117,12.892,1.8425460636515911,184.2546063651591,2375.4103852596313
4.660031159999562,12.868,1.8425460636515911,184.2546063651591,2370.9882747068673
4.670111679000911,12.892,1.8425460636515911,201.00502512562812,2591.3567839195975
4.680192735000674,12.868,1.8425460636515911,184.2546063651591,2370.9882747068673
4.690272347001155,12.892,1.8425460636515911,201.00502512562812,2591.3567839195975
4.700353217000156,12.868,1.8425460636515911,184.2546063651591,2370.9882747068673
4.710434255001019,12.888,1.8425460636515911,184.2546063651591,2374.6733668341703
4.720542791999833,12.872,1.8425460636515911,184.2546063651591,2371.725293132328
4.730624273999638,12.892,1.8425460636515911,184.2546063651591,2375.4103852596313
4.7407066079995275,12.864,1.675041876046901,184.2546063651591,2370.2512562814068
4.750787738001236,12.892,1.8425460636515911,184.2546063651591,2375.4103852596313
4.760869793999518,12.864,1.8425460636515911,184.2546063651591,2370.2512562814068
4.770950830999936,12.896,1.8425460636515911,184.2546063651591,2376.147403685092
4.781033221001053,12.864,2.0100502512562817,184.2546063651591,2370.2512562814068
4.791112777000308,12.896,2.0100502512562817,201.00502512562812,2592.1608040201004
4.801192888000514,12.864,1.8425460636515911,201.00502512562812,2585.7286432160804
4.81127385200125,12.892,1.8425460636515911,201.00502512562812,2591.3567839195975
4.8213624820000405,12.86,2.0100502512562817,184.2546063651591,2369.514237855946
4.8314428530011355,12.892,1.8425460636515911,184.2546063651591,2375.4103852596313
4.841523557000983,12.868,1.8425460636515911,184.2546063651591,2370.9882747068673
4.851603946000978,12.896,1.8425460636515911,184.2546063651591,2376.147403685092
4.861684428000444,12.864,1.8425460636515911,201.00502512562812,2585.7286432160804
4.871764892001011,12.896,1.8425460636515911,184.2546063651591,2376.147403685092
4.881845355001133,12.868,2.0100502512562817,184.2546063651591,2370.9882747068673
4.891926467000303,12.896,1.8425460636515911,201.00502512562812,2592.1608040201004
4.902007319000404,12.872,2.0100502512562817,184.2546063651591,2371.725293132328
4.912087931001224,12.884,1.8425460636515911,184.2546063651591,2373.93634840871
4.922193207999953,12.872,2.0100502512562817,184.2546063651591,2371.725293132328
4.932274967999547,12.88,2.0100502512562817,184.2546063651591,2373.1993299832493
4.942355691000557,12.872,1.8425460636515911,201.00502512562812,2587.336683417085
4.952437895000912,12.884,1.8425460636515911,184.2546063651591,2373.93634840871
4.9625192470011825,12.872,1.8425460636515911,184.2546063651591,2371.725293132328
4.97260189500048,12.888,2.0100502512562817,201.00502512562812,2590.552763819095
4.982682765999925,12.872,1.8425460636515911,201.00502512562812,2587.336683417085
4.992764636999709,12.892,2.0100502512562817,184.2546063651591,2375.4103852596313
5.002845562999937,12.876,1.8425460636515911,184.2546063651591,2372.4623115577883
5.012928304000525,12.888,1.8425460636515911,184.2546063651591,2374.6733668341703
5.023079877000782,12.872,1.8425460636515911,184.2546063651591,2371.725293132328
5.033159395999974,12.88,2.0100502512562817,184.2546063651591,2373.1993299832493
5.043235508001089,12.876,1.8425460636515911,201.00502512562812,2588.1407035175876
5.053313304000767,12.88,1.8425460636515911,184.2546063651591,2373.1993299832493
5.063390305000212,12.88,2.0100502512562817,184.2546063651591,2373.1993299832493
5.073468398000841,12.88,1.8425460636515911,184.2546063651591,2373.1993299832493
5.083540769001047,12.88,2.0100502512562817,184.2546063651591,2373.1993299832493
5.093618139000682,12.88,1.8425460636515911,184.2546063651591,2373.1993299832493
5.103693936000127,12.884,1.8425460636515911,184.2546063651591,2373.93634840871
5.113769659001264,12.872,1.8425460636515911,184.2546063651591,2371.725293132328
5.1238538440011325,12.884,1.8425460636515911,184.2546063651591,2373.93634840871
5.133934530000261,12.876,2.0100502512562817,184.2546063651591,2372.4623115577883
5.144011362999663,12.884,1.8425460636515911,184.2546063651591,2373.93634840871
5.1540925669996795,12.868,1.8425460636515911,184.2546063651591,2370.9882747068673
5.164173494000352,12.888,1.8425460636515911,184.2546063651591,2374.6733668341703
5.174254383000516,12.872,1.8425460636515911,184.2546063651591,2371.725293132328
5.18433443899994,12.888,1.8425460636515911,184.2546063651591,2374.6733668341703
5.194414032001077,12.872,1.8425460636515911,184.2546063651591,2371.725293132328
5.204495273001157,12.892,2.0100502512562817,184.2546063651591,2375.4103852596313
5.214587051001217,12.872,1.8425460636515911,184.2546063651591,2371.725293132328
5.2246729769995,12.884,2.0100502512562817,184.2546063651591,2373.93634840871
5.234748550999939,12.868,1.8425460636515911,184.2546063651591,2370.9882747068673
5.244826699999976,12.892,2.0100502512562817,184.2546063651591,2375.4103852596313
5.254903459001071,12.864,2.0100502512562817,184.2546063651591,2370.2512562814068
5.264983626000685,12.892,1.8425460636515911,184.2546063651591,2375.4103852596313
5.275060071000553,12.868,2.0100502512562817,184.2546063651591,2370.9882747068673
5.285137885999575,12.892,1.8425460636515911,184.2546063651591,2375.4103852596313
5.295214165000289,12.868,2.0100502512562817,184.2546063651591,2370.9882747068673
5.305292127999564,12.892,2.0100502512562817,201.00502512562812,2591.3567839195975
5.315368813000532,12.864,1.675041876046901,184.2546063651591,2370.2512562814068
5.32549916500102,12.892,1.8425460636515911,184.2546063651591,2375.4103852596313
5.335580312999809,12.864,2.0100502512562817,201.00502512562812,2585.7286432160804
5.345661740000651,12.892,1.8425460636515911,184.2546063651591,2375.4103852596313
5.355742481000561,12.864,2.0100502512562817,201.00502512562812,2585.7286432160804
5.365823776999605,12.896,1.8425460636515911,184.2546063651591,2376.147403685092
5.375905093000256,12.864,1.8425460636515911,201.00502512562812,2585.7286432160804
5.385986426001182,12.9,1.8425460636515911,184.2546063651591,2376.8844221105524
5.396067501000289,12.86,1.8425460636515911,184.2546063651591,2369.514237855946
5.406148149000728,12.896,2.0100502512562817,184.2546063651591,2376.147403685092
5.41622898300011,12.864,2.0100502512562817,184.2546063651591,2370.2512562814068
5.42632148300072,12.888,1.8425460636515911,184.2546063651591,2374.6733668341703
5.436404946000039,12.868,1.8425460636515911,184.2546063651591,2370.9882747068673
5.4464818720007315,12.888,1.8425460636515911,184.2546063651591,2374.6733668341703
5.456560058000832,12.868,1.8425460636515911,184.2546063651591,2370.9882747068673
5.466636281000319,12.892,1.8425460636515911,184.2546063651591,2375.4103852596313
5.476711855000758,12.868,1.8425460636515911,201.00502512562812,2586.532663316583
5.48678700399978,12.896,1.8425460636515911,184.2546063651591,2376.147403685092
5.496864873999584,12.868,1.8425460636515911,184.2546063651591,2370.9882747068673
5.5069412640004884,12.896,1.8425460636515911,184.2546063651591,2376.147403685092
5.5170170230012445,12.864,1.8425460636515911,184.2546063651591,2370.2512562814068
5.527101820000098,12.888,1.8425460636515911,184.2546063651591,2374.6733668341703
5.537184505001278,12.864,2.0100502512562817,184.2546063651591,2370.2512562814068
5.54726545000085,12.884,1.8425460636515911,184.2546063651591,2373.93634840871
5.557342432000951,12.868,1.8425460636515911,184.2546063651591,2370.9882747068673
5.567423692000375,12.888,1.8425460636515911,184.2546063651591,2374.6733668341703
5.577503377000539,12.868,1.8425460636515911,184.2546063651591,2370.9882747068673
5.587584266000704,12.888,2.0100502512562817,184.2546063651591,2374.6733668341703
5.597664970000551,12.872,1.8425460636515911,184.2546063651591,2371.725293132328
5.607745803999933,12.892,1.8425460636515911,184.2546063651591,2375.4103852596313
5.6178265449998435,12.872,1.8425460636515911,201.00502512562812,2587.336683417085
5.6279166559997975,12.88,1.8425460636515911,184.2546063651591,2373.1993299832493
5.637997971000004,12.876,1.8425460636515911,184.2546063651591,2372.4623115577883
5.6480788240005495,12.876,2.0100502512562817,184.2546063651591,2372.4623115577883
5.658160341999974,12.876,1.8425460636515911,201.00502512562812,2588.1407035175876
5.668241508999927,12.876,1.8425460636515911,184.2546063651591,2372.4623115577883
5.678322269001001,12.88,1.8425460636515911,184.2546063651591,2373.1993299832493
5.688406547000341,12.88,1.8425460636515911,184.2546063651591,2373.1993299832493
5.698487473000569,12.88,2.0100502512562817,184.2546063651591,2373.1993299832493
5.708569696000268,12.88,2.0100502512562817,184.2546063651591,2373.1993299832493
5.718650492999586,12.88,1.8425460636515911,184.2546063651591,2373.1993299832493
5.728756288999648,12.88,1.8425460636515911,184.2546063651591,2373.1993299832493
5.73883684500106,12.876,1.8425460636515911,201.00502512562812,2588.1407035175876
5.748918881999998,12.876,1.8425460636515911,184.2546063651591,2372.4623115577883
5.758998142000564,12.88,1.8425460636515911,184.2546063651591,2373.1993299832493
5.769078957000602,12.872,2.0100502512562817,184.2546063651591,2371.725293132328
5.779159716001232,12.884,1.8425460636515911,201.00502512562812,2589.748743718593
5.789240902000529,12.872,1.8425460636515911,184.2546063651591,2371.725293132328
5.79932186500082,12.888,1.8425460636515911,201.00502512562812,2590.552763819095
5.809402699000202,12.872,1.8425460636515911,184.2546063651591,2371.725293132328
5.819483884000874,12.888,1.8425460636515911,184.2546063651591,2374.6733668341703
5.829586032999941,12.868,1.8425460636515911,184.2546063651591,2370.9882747068673
5.8396665880009095,12.888,1.8425460636515911,184.2546063651591,2374.6733668341703
5.849747199999911,12.868,2.0100502512562817,184.2546063651591,2370.9882747068673
5.8598280340011115,12.888,1.8425460636515911,201.00502512562812,2590.552763819095
5.869909312001255,12.872,2.0100502512562817,201.00502512562812,2587.336683417085
5.8799902190003195,12.892,1.8425460636515911,184.2546063651591,2375.4103852596313
5.890071997000632,12.864,1.8425460636515911,184.2546063651591,2370.2512562814068
5.900152850001177,12.892,1.8425460636515911,184.2546063651591,2375.4103852596313
5.9102334800008975,12.864,1.8425460636515911,184.2546063651591,2370.2512562814068
5.920314238999708,12.888,1.8425460636515911,184.2546063651591,2374.6733668341703
5.930417980000129,12.868,1.8425460636515911,184.2546063651591,2370.9882747068673
5.940500869000971,12.888,1.8425460636515911,184.2546063651591,2374.6733668341703
5.950581924000289,12.868,1.8425460636515911,201.00502512562812,2586.532663316583
5.960664573000031,12.888,1.8425460636515911,184.2546063651591,2374.6733668341703
5.970745036000153,12.868,1.8425460636515911,184.2546063651591,2370.9882747068673
5.980826942999556,12.892,1.8425460636515911,184.2546063651591,2375.4103852596313
5.990907388000778,12.864,1.8425460636515911,184.2546063651591,2370.2512562814068
6.000987684999927,12.896,1.8425460636515911,184.2546063651591,2376.147403685092
6.011066926001149,12.86,2.0100502512562817,184.2546063651591,2369.514237855946
6.021148036999875,12.896,1.8425460636515911,184.2546063651591,2376.147403685092
6.031243055000232,12.86,1.8425460636515911,184.2546063651591,2369.514237855946
6.041321130000142,12.892,2.0100502512562817,184.2546063651591,2375.4103852596313
6.051397408000412,12.86,2.0100502512562817,184.2546063651591,2369.514237855946
6.061473963000026,12.892,2.0100502512562817,184.2546063651591,2375.4103852596313
6.071548203999555,12.864,2.0100502512562817,184.2546063651591,2370.2512562814068
6.081624333999571,12.896,1.8425460636515911,184.2546063651591,2376.147403685092
6.091700648999904,12.868,1.8425460636515911,184.2546063651591,2370.9882747068673
6.101777076000872,12.896,2.0100502512562817,201.00502512562812,2592.1608040201004
6.111852816000464,12.868,2.0100502512562817,184.2546063651591,2370.9882747068673
6.121929372000523,12.896,1.8425460636515911,201.00502512562812,2592.1608040201004
6.13201320600092,12.868,1.8425460636515911,184.2546063651591,2370.9882747068673
6.142093521000788,12.888,1.8425460636515911,184.2546063651591,2374.6733668341703
6.152173464999578,12.872,1.8425460636515911,184.2546063651591,2371.725293132328
6.162252910000461,12.884,2.0100502512562817,201.00502512562812,2589.748743718593
6.172329262000858,12.872,2.0100502512562817,201.00502512562812,2587.336683417085
6.182410614001128,12.884,1.8425460636515911,201.00502512562812,2589.748743718593
6.192490929000996,12.872,2.0100502512562817,184.2546063651591,2371.725293132328
6.202570540001034,12.888,1.8425460636515911,201.00502512562812,2590.552763819095
6.212666151999656,12.872,1.8425460636515911,184.2546063651591,2371.725293132328
6.222749337001005,12.892,1.8425460636515911,184.2546063651591,2375.4103852596313
6.232830799999647,12.872,1.8425460636515911,201.00502512562812,2587.336683417085
6.242906282001059,12.888,1.8425460636515911,201.00502512562812,2590.552763819095
6.252982559999509,12.872,2.0100502512562817,184.2546063651591,2371.725293132328
6.263057744999969,12.88,1.8425460636515911,184.2546063651591,2373.1993299832493
6.273134097000366,12.876,1.8425460636515911,184.2546063651591,2372.4623115577883
6.283210968000276,12.88,2.0100502512562817,184.2546063651591,2373.1993299832493
6.293288172000757,12.88,2.0100502512562817,184.2546063651591,2373.1993299832493
6.303365431000202,12.88,1.8425460636515911,184.2546063651591,2373.1993299832493
6.313443654000366,12.88,1.8425460636515911,184.2546063651591,2373.1993299832493
6.323520654001186,12.88,2.0100502512562817,201.00502512562812,2588.9447236180904
6.333648968000489,12.88,2.0100502512562817,184.2546063651591,2373.1993299832493
6.343730394000886,12.876,1.8425460636515911,184.2546063651591,2372.4623115577883
6.353811672001029,12.88,1.8425460636515911,201.00502512562812,2588.9447236180904
6.363892969000517,12.876,1.8425460636515911,184.2546063651591,2372.4623115577883
6.373973838999518,12.884,2.0100502512562817,184.2546063651591,2373.93634840871
6.384054414000275,12.872,2.0100502512562817,184.2546063651591,2371.725293132328
6.394135062000714,12.888,1.8425460636515911,184.2546063651591,2374.6733668341703
6.404216544000519,12.872,1.8425460636515911,184.2546063651591,2371.725293132328
6.414297710000028,12.888,1.8425460636515911,184.2546063651591,2374.6733668341703
6.424408729000788,12.872,1.8425460636515911,184.2546063651591,2371.725293132328
6.434499433000383,12.884,1.8425460636515911,201.00502512562812,2589.748743718593
6.444578044000082,12.876,1.8425460636515911,184.2546063651591,2372.4623115577883
6.454654822000521,12.884,1.8425460636515911,184.2546063651591,2373.93634840871
6.464730841000346,12.872,1.8425460636515911,184.2546063651591,2371.725293132328
6.4748063780007215,12.888,1.8425460636515911,184.2546063651591,2374.6733668341703
6.484882008000568,12.868,1.8425460636515911,201.00502512562812,2586.532663316583
6.494958397001028,12.892,1.8425460636515911,184.2546063651591,2375.4103852596313
6.5050362490001135,12.868,1.8425460636515911,201.00502512562812,2586.532663316583
6.515111452999918,12.892,1.8425460636515911,201.00502512562812,2591.3567839195975
6.525189637999574,12.868,1.8425460636515911,201.00502512562812,2586.532663316583
6.5353140639999765,12.896,2.0100502512562817,184.2546063651591,2376.147403685092
6.545394953000141,12.864,1.8425460636515911,184.2546063651591,2370.2512562814068
6.555474341999798,12.892,1.8425460636515911,201.00502512562812,2591.3567839195975
6.56555480499992,12.868,2.0100502512562817,201.00502512562812,2586.532663316583
6.575635416000296,12.892,2.0100502512562817,184.2546063651591,2375.4103852596313
6.585709934999613,12.868,1.8425460636515911,184.2546063651591,2370.9882747068673
6.595790176001174,12.896,1.8425460636515911,184.2546063651591,2376.147403685092
6.6058713250004075,12.868,1.8425460636515911,184.2546063651591,2370.9882747068673
6.615952453999853,12.896,1.8425460636515911,184.2546063651591,2376.147403685092
6.626033305999954,12.864,1.8425460636515911,201.00502512562812,2585.7286432160804
6.636124268999993,12.892,1.8425460636515911,201.00502512562812,2591.3567839195975
6.646205455001109,12.864,2.0100502512562817,184.2546063651591,2370.2512562814068
6.656286010000258,12.888,2.0100502512562817,201.00502512562812,2590.552763819095
6.666367140000148,12.868,2.0100502512562817,184.2546063651591,2370.9882747068673
6.676448659000016,12.888,1.8425460636515911,184.2546063651591,2374.6733668341703
6.686528529000498,12.868,1.8425460636515911,184.2546063651591,2370.9882747068673
6.696611567000218,12.888,1.8425460636515911,184.2546063651591,2374.6733668341703
6.706692511001165,12.868,1.8425460636515911,184.2546063651591,2370.9882747068673
6.716772511001182,12.892,1.8425460636515911,184.2546063651591,2375.4103852596313
6.726851752000584,12.868,1.8425460636515911,184.2546063651591,2370.9882747068673
6.736956288999863,12.892,1.8425460636515911,201.00502512562812,2591.3567839195975
6.747037696999541,12.864,2.0100502512562817,201.00502512562812,2585.7286432160804
6.75711945600051,12.896,1.8425460636515911,201.00502512562812,2592.1608040201004
6.7672006049997435,12.864,1.8425460636515911,184.2546063651591,2370.2512562814068
6.777281697000944,12.896,1.8425460636515911,184.2546063651591,2376.147403685092
6.787362938001024,12.872,2.0100502512562817,184.2546063651591,2371.725293132328
6.79744392000066,12.888,1.8425460636515911,184.2546063651591,2374.6733668341703
6.807525141999577,12.872,1.8425460636515911,184.2546063651591,2371.725293132328
6.817606994000016,12.888,1.8425460636515911,184.2546063651591,2374.6733668341703
6.827686865000942,12.876,1.8425460636515911,184.2546063651591,2372.4623115577883
6.837790438999946,12.888,1.8425460636515911,201.00502512562812,2590.552763819095
6.847871587000554,12.876,1.8425460636515911,184.2546063651591,2372.4623115577883
6.857952921000106,12.88,1.8425460636515911,201.00502512562812,2588.9447236180904
6.868033662000016,12.876,1.8425460636515911,184.2546063651591,2372.4623115577883
6.87811468000109,12.884,1.8425460636515911,201.00502512562812,2589.748743718593
6.888195773000916,12.88,2.0100502512562817,184.2546063651591,2373.1993299832493
6.898275273000763,12.876,2.0100502512562817,201.00502512562812,2588.1407035175876
6.9083546250003565,12.884,1.8425460636515911,184.2546063651591,2373.93634840871
6.918435699999463,12.876,1.8425460636515911,184.2546063651591,2372.4623115577883
6.928518570000961,12.884,1.8425460636515911,201.00502512562812,2589.748743718593
6.938623255000493,12.876,1.8425460636515911,184.2546063651591,2372.4623115577883
6.9487051619998965,12.88,1.8425460636515911,201.00502512562812,2588.9447236180904
6.958786606999638,12.876,1.8425460636515911,184.2546063651591,2372.4623115577883
6.968869440001072,12.876,1.8425460636515911,184.2546063651591,2372.4623115577883
6.978949735999777,12.88,1.8425460636515911,201.00502512562812,2588.9447236180904
6.989032421999582,12.88,1.8425460636515911,184.2546063651591,2373.1993299832493
6.999111680999704,12.88,2.0100502512562817,201.00502512562812,2588.9447236180904
7.009194292000757,12.888,1.8425460636515911,201.00502512562812,2590.552763819095
7.019275198999821,12.872,2.0100502512562817,184.2546063651591,2371.725293132328
7.029355791999478,12.888,2.0100502512562817,184.2546063651591,2374.6733668341703
7.0394474400000036,12.868,1.8425460636515911,184.2546063651591,2370.9882747068673
7.049531272999957,12.888,1.8425460636515911,184.2546063651591,2374.6733668341703
7.059612180999466,12.864,1.8425460636515911,201.00502512562812,2585.7286432160804
7.0697011619995465,12.892,1.8425460636515911,184.2546063651591,2375.4103852596313
7.079783514000155,12.868,1.8425460636515911,184.2546063651591,2370.9882747068673
7.089865477000785,12.888,1.8425460636515911,184.2546063651591,2374.6733668341703
7.0999470700007805,12.868,2.0100502512562817,184.2546063651591,2370.9882747068673
7.110024495999824,12.892,1.8425460636515911,201.00502512562812,2591.3567839195975
7.120105977001003,12.868,1.8425460636515911,184.2546063651591,2370.9882747068673
7.130181644000913,12.892,1.8425460636515911,184.2546063651591,2375.4103852596313
7.140267976999894,12.864,2.0100502512562817,201.00502512562812,2585.7286432160804
7.150345292000566,12.892,2.0100502512562817,184.2546063651591,2375.4103852596313
7.160423032999461,12.864,1.8425460636515911,184.2546063651591,2370.2512562814068
7.17049919999954,12.888,1.8425460636515911,201.00502512562812,2590.552763819095
7.18057740400036,12.868,1.8425460636515911,184.2546063651591,2370.9882747068673
7.190649459000269,12.892,1.8425460636515911,184.2546063651591,2375.4103852596313
7.200724700000137,12.868,2.0100502512562817,184.2546063651591,2370.9882747068673
7.2108232179998595,12.892,1.8425460636515911,184.2546063651591,2375.4103852596313
7.220908830000553,12.864,1.8425460636515911,184.2546063651591,2370.2512562814068
7.230992885000887,12.896,2.0100502512562817,184.2546063651591,2376.147403685092
7.241073015000438,12.864,1.8425460636515911,184.2546063651591,2370.2512562814068
7.251146885000708,12.896,1.8425460636515911,184.2546063651591,2376.147403685092
7.261219608000829,12.86,2.0100502512562817,184.2546063651591,2369.514237855946
7.271296459999576,12.896,2.0100502512562817,184.2546063651591,2376.147403685092
7.2813742739999725,12.864,1.8425460636515911,184.2546063651591,2370.2512562814068
7.291449997001109,12.892,2.0100502512562817,184.2546063651591,2375.4103852596313
7.301527293000618,12.864,1.8425460636515911,184.2546063651591,2370.2512562814068
7.31160340399947,12.892,1.8425460636515911,184.2546063651591,2375.4103852596313
7.32167966400084,12.868,1.8425460636515911,184.2546063651591,2370.9882747068673
7.331756145000327,12.892,2.0100502512562817,201.00502512562812,2591.3567839195975
7.34183934900102,12.868,1.8425460636515911,184.2546063651591,2370.9882747068673
7.351920867000445,12.892,1.8425460636515911,201.00502512562812,2591.3567839195975
7.362001589999636,12.868,1.8425460636515911,184.2546063651591,2370.9882747068673
7.372082201000012,12.888,1.8425460636515911,201.00502512562812,2590.552763819095
7.3821654050007055,12.868,1.8425460636515911,201.00502512562812,2586.532663316583
7.392246516001251,12.892,2.0100502512562817,184.2546063651591,2375.4103852596313
7.402328238000337,12.872,1.8425460636515911,184.2546063651591,2371.725293132328
7.412410719000036,12.884,1.8425460636515911,184.2546063651591,2373.93634840871
7.42249138599982,12.872,2.0100502512562817,184.2546063651591,2371.725293132328
7.432573404999857,12.884,1.8425460636515911,184.2546063651591,2373.93634840871
7.442665718999706,12.872,1.8425460636515911,201.00502512562812,2587.336683417085
7.452746868000759,12.888,1.8425460636515911,184.2546063651591,2374.6733668341703
7.462824182000986,12.872,1.8425460636515911,184.2546063651591,2371.725293132328
7.472902571000304,12.888,2.0100502512562817,184.2546063651591,2374.6733668341703
7.48297942300087,12.872,2.0100502512562817,184.2546063651591,2371.725293132328
7.49305740499949,12.88,1.8425460636515911,184.2546063651591,2373.1993299832493
7.503134108999802,12.876,1.8425460636515911,184.2546063651591,2372.4623115577883
7.5132101270010025,12.876,2.0100502512562817,184.2546063651591,2372.4623115577883
7.523285609000595,12.88,1.8425460636515911,184.2546063651591,2373.1993299832493
7.533363386999554,12.876,1.8425460636515911,184.2546063651591,2372.4623115577883
7.543440887000543,12.88,1.8425460636515911,201.00502512562812,2588.9447236180904
7.55352353499984,12.876,1.8425460636515911,184.2546063651591,2372.4623115577883
7.563604757000576,12.884,2.0100502512562817,184.2546063651591,2373.93634840871
7.573685961000592,12.872,1.8425460636515911,184.2546063651591,2371.725293132328
7.583766628000376,12.884,1.8425460636515911,184.2546063651591,2373.93634840871
7.593847145999462,12.876,2.0100502512562817,201.00502512562812,2588.1407035175876
7.603928219999943,12.884,1.8425460636515911,184.2546063651591,2373.93634840871
7.614009646000341,12.876,1.8425460636515911,184.2546063651591,2372.4623115577883
7.624090831001013,12.888,1.8425460636515911,184.2546063651591,2374.6733668341703
7.634171813000648,12.868,1.8425460636515911,201.00502512562812,2586.532663316583
7.644253128000855,12.888,1.8425460636515911,184.2546063651591,2374.6733668341703
7.654334220000237,12.868,1.8425460636515911,184.2546063651591,2370.9882747068673
7.664417665000656,12.884,1.8425460636515911,201.00502512562812,2589.748743718593
7.6744991460000165,12.868,1.8425460636515911,184.2546063651591,2370.9882747068673
7.6845798320009635,12.884,2.0100502512562817,184.2546063651591,2373.93634840871
7.694659071999922,12.868,1.8425460636515911,201.00502512562812,2586.532663316583
7.704741665000256,12.888,1.8425460636515911,184.2546063651591,2374.6733668341703
7.71482316500078,12.872,1.8425460636515911,184.2546063651591,2371.725293132328
7.7249057210010506,12.892,1.8425460636515911,184.2546063651591,2375.4103852596313
7.734986628000115,12.872,2.0100502512562817,184.2546063651591,2371.725293132328
7.745068165000703,12.892,2.0100502512562817,184.2546063651591,2375.4103852596313
7.755149054000867,12.864,1.8425460636515911,184.2546063651591,2370.2512562814068
7.765230590999636,12.896,1.8425460636515911,184.2546063651591,2376.147403685092
7.775311461000456,12.856,1.8425460636515911,184.2546063651591,2368.7772194304853
7.785392461000811,12.896,1.8425460636515911,184.2546063651591,2376.147403685092
7.795472683999833,12.864,1.8425460636515911,184.2546063651591,2370.2512562814068
7.805553461999807,12.896,1.8425460636515911,184.2546063651591,2376.147403685092
7.815634221000437,12.864,2.0100502512562817,201.00502512562812,2585.7286432160804
7.825714443000834,12.896,1.8425460636515911,184.2546063651591,2376.147403685092
7.835794369000723,12.868,2.0100502512562817,184.2546063651591,2370.9882747068673
7.845886942999641,12.896,1.8425460636515911,184.2546063651591,2376.147403685092
7.855967331999636,12.864,1.8425460636515911,184.2546063651591,2370.2512562814068
7.866049350001049,12.896,1.8425460636515911,201.00502512562812,2592.1608040201004
7.87613020200115,12.864,1.8425460636515911,201.00502512562812,2585.7286432160804
7.886211295000976,12.892,2.0100502512562817,184.2546063651591,2375.4103852596313
7.896291054001267,12.868,1.8425460636515911,184.2546063651591,2370.9882747068673
7.90637223900012,12.896,2.0100502512562817,184.2546063651591,2376.147403685092
7.9164550170007715,12.868,1.8425460636515911,184.2546063651591,2370.9882747068673
7.9265362759997515,12.892,2.0100502512562817,184.2546063651591,2375.4103852596313
7.936618739000551,12.872,1.8425460636515911,184.2546063651591,2371.725293132328
7.94672277599966,12.892,2.0100502512562817,184.2546063651591,2375.4103852596313
7.9568054789997404,12.868,1.8425460636515911,201.00502512562812,2586.532663316583
7.966886645999693,12.892,2.0100502512562817,184.2546063651591,2375.4103852596313
7.9769691830006195,12.864,1.8425460636515911,184.2546063651591,2370.2512562814068
7.987050589999853,12.896,1.8425460636515911,184.2546063651591,2376.147403685092
7.997130663999997,12.864,2.0100502512562817,184.2546063651591,2370.2512562814068
8.007211071000711,12.896,1.8425460636515911,201.00502512562812,2592.1608040201004
8.01729210800113,12.872,1.8425460636515911,201.00502512562812,2587.336683417085
8.027373255999919,12.888,1.8425460636515911,201.00502512562812,2590.552763819095
8.037454164001247,12.872,1.8425460636515911,184.2546063651591,2371.725293132328
8.047557904001224,12.884,1.8425460636515911,184.2546063651591,2373.93634840871
8.057638663000034,12.876,1.8425460636515911,184.2546063651591,2372.4623115577883
8.067722478001087,12.884,1.8425460636515911,184.2546063651591,2373.93634840871
8.077803774000131,12.876,1.8425460636515911,184.2546063651591,2372.4623115577883
8.08788077400095,12.88,1.8425460636515911,184.2546063651591,2373.1993299832493
8.09796205100065,12.876,1.8425460636515911,184.2546063651591,2372.4623115577883
8.108041718000095,12.888,2.0100502512562817,184.2546063651591,2374.6733668341703
8.118118292000872,12.88,1.8425460636515911,201.00502512562812,2588.9447236180904
8.128199385000698,12.884,1.8425460636515911,184.2546063651591,2373.93634840871
8.138278829001138,12.88,2.0100502512562817,184.2546063651591,2373.1993299832493
8.148368180000034,12.876,1.8425460636515911,184.2546063651591,2372.4623115577883
8.158445699000367,12.884,1.8425460636515911,184.2546063651591,2373.93634840871
8.168524161999812,12.876,1.8425460636515911,201.00502512562812,2588.1407035175876
8.178600588000336,12.88,1.8425460636515911,201.00502512562812,2588.9447236180904
8.188677606000056,12.876,2.0100502512562817,184.2546063651591,2372.4623115577883
8.198753161999775,12.876,2.0100502512562817,184.2546063651591,2372.4623115577883
8.208831494999686,12.88,1.8425460636515911,201.00502512562812,2588.9447236180904
8.218913439000971,12.884,1.8425460636515911,184.2546063651591,2373.93634840871
8.22899143900031,12.872,1.8425460636515911,184.2546063651591,2371.725293132328
8.239068771999882,12.884,2.0100502512562817,184.2546063651591,2373.93634840871
8.249147382999581,12.872,2.0100502512562817,201.00502512562812,2587.336683417085
8.259227643000486,12.888,2.0100502512562817,184.2546063651591,2374.6733668341703
8.269309012999656,12.872,1.8425460636515911,201.00502512562812,2587.336683417085
8.279390068000794,12.888,1.8425460636515911,184.2546063651591,2374.6733668341703
8.289469864001148,12.86,1.8425460636515911,184.2546063651591,2369.514237855946
8.299551031001101,12.892,1.8425460636515911,184.2546063651591,2375.4103852596313
8.309632123000483,12.868,1.8425460636515911,184.2546063651591,2370.9882747068673
8.31971380899995,12.892,1.8425460636515911,184.2546063651591,2375.4103852596313
8.329795716001172,12.868,2.0100502512562817,184.2546063651591,2370.9882747068673
8.339876956000808,12.892,1.8425460636515911,184.2546063651591,2375.4103852596313
8.34995354900093,12.868,1.8425460636515911,184.2546063651591,2370.9882747068673
8.360034993000227,12.892,1.8425460636515911,184.2546063651591,2375.4103852596313
8.370116197000243,12.864,1.8425460636515911,201.00502512562812,2585.7286432160804
8.38019873400117,12.892,1.8425460636515911,184.2546063651591,2375.4103852596313
8.39027971500036,12.864,1.8425460636515911,184.2546063651591,2370.2512562814068
8.400360826000906,12.892,1.8425460636515911,184.2546063651591,2375.4103852596313
8.410441899999569,12.868,1.8425460636515911,184.2546063651591,2370.9882747068673
8.420524863000537,12.892,1.8425460636515911,201.00502512562812,2591.3567839195975
8.430605806999665,12.868,1.8425460636515911,184.2546063651591,2370.9882747068673
8.44068814000093,12.892,1.8425460636515911,184.2546063651591,2375.4103852596313
8.450778362001074,12.868,1.8425460636515911,201.00502512562812,2586.532663316583
8.46086106599978,12.896,1.8425460636515911,184.2546063651591,2376.147403685092
8.470942510000896,12.864,2.0100502512562817,184.2546063651591,2370.2512562814068
8.481025547000172,12.896,1.8425460636515911,184.2546063651591,2376.147403685092
8.49110708400076,12.86,1.8425460636515911,184.2546063651591,2369.514237855946
8.50118823199955,12.896,1.8425460636515911,184.2546063651591,2376.147403685092
8.511268936001215,12.864,1.8425460636515911,184.2546063651591,2370.2512562814068
8.521348880000005,12.896,1.8425460636515911,201.00502512562812,2592.1608040201004
8.531429639000635,12.868,1.8425460636515911,184.2546063651591,2370.9882747068673
8.541510324001138,12.892,1.8425460636515911,201.00502512562812,2591.3567839195975
8.551617082999655,12.868,2.0100502512562817,184.2546063651591,2370.9882747068673
8.561698509000053,12.892,1.8425460636515911,201.00502512562812,2591.3567839195975
8.571779953001169,12.872,1.8425460636515911,201.00502512562812,2587.336683417085
8.581860009000593,12.888,2.0100502512562817,201.00502512562812,2590.552763819095
8.591939285999615,12.868,1.8425460636515911,184.2546063651591,2370.9882747068673
8.602020248999906,12.888,2.0100502512562817,184.2546063651591,2374.6733668341703
8.61210152700005,12.868,1.8425460636515911,184.2546063651591,2370.9882747068673
8.622182416000214,12.892,2.0100502512562817,184.2546063651591,2375.4103852596313
8.632259322999744,12.872,1.8425460636515911,167.50418760469012,2156.1139028475714
8.642340749000141,12.892,1.8425460636515911,184.2546063651591,2375.4103852596313
8.652446656000393,12.872,1.8425460636515911,184.2546063651591,2371.725293132328
8.662528119000854,12.884,1.8425460636515911,184.2546063651591,2373.93634840871
8.672610933001124,12.876,1.8425460636515911,184.2546063651591,2372.4623115577883
8.682690359000844,12.884,1.8425460636515911,201.00502512562812,2589.748743718593
8.692770637000649,12.868,2.0100502512562817,184.2546063651591,2370.9882747068673
8.702851951000412,12.884,1.8425460636515911,184.2546063651591,2373.93634840871
8.712934211000174,12.876,1.8425460636515911,184.2546063651591,2372.4623115577883
8.723015396000847,12.888,1.8425460636515911,184.2546063651591,2374.6733668341703
8.733118673000718,12.876,1.8425460636515911,184.2546063651591,2372.4623115577883
8.743199968999761,12.884,1.8425460636515911,184.2546063651591,2373.93634840871
8.753303969000626,12.88,1.8425460636515911,184.2546063651591,2373.1993299832493
8.76338598700022,12.884,1.8425460636515911,184.2546063651591,2373.93634840871
8.773466950000511,12.884,1.8425460636515911,184.2546063651591,2373.93634840871
8.783548024000993,12.872,1.8425460636515911,184.2546063651591,2371.725293132328
8.793623579000268,12.884,1.8425460636515911,184.2546063651591,2373.93634840871
8.803703505000158,12.868,1.8425460636515911,184.2546063651591,2370.9882747068673
8.81378457900064,12.884,1.8425460636515911,201.00502512562812,2589.748743718593
8.823865411999577,12.876,1.8425460636515911,184.2546063651591,2372.4623115577883
8.83394537499953,12.884,1.8425460636515911,201.00502512562812,2589.748743718593
8.844026152999504,12.876,1.8425460636515911,184.2546063651591,2372.4623115577883
8.854115633999754,12.884,1.8425460636515911,184.2546063651591,2373.93634840871
8.864196930000617,12.872,2.0100502512562817,201.00502512562812,2587.336683417085
8.874278004001098,12.888,1.8425460636515911,201.00502512562812,2590.552763819095
8.884358097000586,12.868,1.8425460636515911,184.2546063651591,2370.9882747068673
8.894438208000793,12.888,1.8425460636515911,184.2546063651591,2374.6733668341703
8.904518503999498,12.868,1.8425460636515911,184.2546063651591,2370.9882747068673
8.914599503999852,12.888,1.8425460636515911,184.2546063651591,2374.6733668341703
8.92468296700099,12.868,2.0100502512562817,184.2546063651591,2370.9882747068673
8.934764281000753,12.892,1.8425460636515911,201.00502512562812,2591.3567839195975
8.944846780999796,12.868,1.8425460636515911,201.00502512562812,2586.532663316583
8.954950761999498,12.888,1.675041876046901,184.2546063651591,2374.6733668341703
8.965032132000488,12.868,1.8425460636515911,184.2546063651591,2370.9882747068673
8.975113169000906,12.892,1.8425460636515911,184.2546063651591,2375.4103852596313
8.985194557000796,12.864,1.8425460636515911,184.2546063651591,2370.2512562814068
8.995275798000876,12.892,1.8425460636515911,184.2546063651591,2375.4103852596313
9.005357464000554,12.86,1.8425460636515911,201.00502512562812,2584.9246231155776
9.01543868599947,12.896,2.0100502512562817,184.2546063651591,2376.147403685092
9.025519722999888,12.86,1.8425460636515911,184.2546063651591,2369.514237855946
9.035600723000243,12.896,1.8425460636515911,201.00502512562812,2592.1608040201004
9.045681833000344,12.864,2.0100502512562817,184.2546063651591,2370.2512562814068
9.055785425000067,12.896,1.8425460636515911,184.2546063651591,2376.147403685092
9.065866314000232,12.864,1.8425460636515911,184.2546063651591,2370.2512562814068
9.075947516999804,12.892,1.8425460636515911,184.2546063651591,2375.4103852596313
9.0860317580009,12.868,1.8425460636515911,201.00502512562812,2586.532663316583
9.096113405999859,12.888,1.8425460636515911,184.2546063651591,2374.6733668341703
9.106194645999494,12.864,1.8425460636515911,184.2546063651591,2370.2512562814068
9.116276646000188,12.892,1.8425460636515911,201.00502512562812,2591.3567839195975
9.126357016000838,12.864,1.8425460636515911,184.2546063651591,2370.2512562814068
9.136436516000686,12.892,1.8425460636515911,184.2546063651591,2375.4103852596313
9.146512182000151,12.868,1.8425460636515911,184.2546063651591,2370.9882747068673
9.156604904001142,12.896,1.8425460636515911,184.2546063651591,2376.147403685092
9.166682496001158,12.868,1.8425460636515911,184.2546063651591,2370.9882747068673
9.176760051999736,12.888,1.8425460636515911,184.2546063651591,2374.6733668341703
9.186836552000386,12.864,1.8425460636515911,201.00502512562812,2585.7286432160804
9.196912274001079,12.888,2.0100502512562817,184.2546063651591,2374.6733668341703
9.206987773000947,12.864,2.0100502512562817,201.00502512562812,2585.7286432160804
9.217072254999948,12.892,1.8425460636515911,184.2546063651591,2375.4103852596313
9.227148920999753,12.864,1.8425460636515911,201.00502512562812,2585.7286432160804
9.23722608800017,12.864,2.0100502512562817,201.00502512562812,2585.7286432160804
9.24730199500118,12.848,2.0100502512562817,201.00502512562812,2582.5125628140704
9.257450234001226,12.876,2.0100502512562817,201.00502512562812,2588.1407035175876
9.26753212299991,12.852,2.0100502512562817,184.2546063651591,2368.0402010050248
9.27761360400109,12.88,1.8425460636515911,201.00502512562812,2588.9447236180904
9.287694918999478,12.856,2.0100502512562817,201.00502512562812,2584.120603015075
9.297776141000213,12.868,2.0100502512562817,201.00502512562812,2586.532663316583
9.307857806999891,12.856,2.0100502512562817,201.00502512562812,2584.120603015075
9.317940233000627,12.868,2.0100502512562817,201.00502512562812,2586.532663316583
9.328021695000643,12.856,1.8425460636515911,184.2546063651591,2368.7772194304853
9.33810289900066,12.876,2.0100502512562817,201.00502512562812,2588.1407035175876
9.348183731999598,12.852,1.8425460636515911,201.00502512562812,2583.316582914573
9.358318693999536,12.876,2.0100502512562817,201.00502512562812,2588.1407035175876
9.368397989999721,12.852,2.0100502512562817,201.00502512562812,2583.316582914573
9.378474805000224,12.872,2.0100502512562817,201.00502512562812,2587.336683417085
9.388553026999944,12.856,2.0100502512562817,201.00502512562812,2584.120603015075
9.398630304000108,12.872,2.0100502512562817,201.00502512562812,2587.336683417085
9.408708156001012,12.852,2.0100502512562817,184.2546063651591,2368.0402010050248
9.418784933001007,12.872,2.0100502512562817,201.00502512562812,2587.336683417085
9.428863044000536,12.856,2.0100502512562817,201.00502512562812,2584.120603015075
9.438939876999939,12.876,2.0100502512562817,201.00502512562812,2588.1407035175876
9.449018135999722,12.852,2.0100502512562817,201.00502512562812,2583.316582914573
9.459103655000945,12.88,2.0100502512562817,201.00502512562812,2588.9447236180904
9.469185727999502,12.884,2.0100502512562817,184.2546063651591,2373.93634840871
9.479266561000259,12.9,1.8425460636515911,184.2546063651591,2376.8844221105524
9.489348191000317,12.876,2.0100502512562817,184.2546063651591,2372.4623115577883
9.499428819999594,12.856,2.0100502512562817,201.00502512562812,2584.120603015075
9.509508987001027,12.852,2.0100502512562817,201.00502512562812,2583.316582914573
9.519588709001255,12.864,2.0100502512562817,201.00502512562812,2585.7286432160804
9.52966994900089,12.86,2.0100502512562817,201.00502512562812,2584.9246231155776
9.539751133999744,12.868,1.8425460636515911,201.00502512562812,2586.532663316583
9.549832504000733,12.86,2.0100502512562817,201.00502512562812,2584.9246231155776
9.559923206999883,12.868,2.0100502512562817,201.00502512562812,2586.532663316583
9.570004114000767,12.86,2.0100502512562817,201.00502512562812,2584.9246231155776
9.580084872999578,12.876,2.0100502512562817,201.00502512562812,2588.1407035175876
9.590164392000588,12.86,1.8425460636515911,201.00502512562812,2584.9246231155776
9.600245650999568,12.876,2.0100502512562817,201.00502512562812,2588.1407035175876
9.610326595000515,12.856,2.0100502512562817,184.2546063651591,2368.7772194304853
9.620409557999665,12.876,2.0100502512562817,184.2546063651591,2372.4623115577883
9.63049079800112,12.856,2.0100502512562817,201.00502512562812,2584.120603015075
9.64057300100103,12.872,2.0100502512562817,201.00502512562812,2587.336683417085
9.650654000999566,12.86,2.0100502512562817,201.00502512562812,2584.9246231155776
9.660733742000957,12.872,2.0100502512562817,201.00502512562812,2587.336683417085
9.6708152780011,12.86,2.0100502512562817,201.00502512562812,2584.9246231155776
9.680896371000927,12.876,2.0100502512562817,201.00502512562812,2588.1407035175876
9.690976388999843,12.86,2.0100502512562817,201.00502512562812,2584.9246231155776
9.701059315000748,12.872,2.0100502512562817,201.00502512562812,2587.336683417085
9.711140870000236,12.86,1.8425460636515911,201.00502512562812,2584.9246231155776
9.721221572999639,12.868,2.0100502512562817,201.00502512562812,2586.532663316583
9.731302832000438,12.86,1.8425460636515911,201.00502512562812,2584.9246231155776
9.741384054001173,12.868,2.0100502512562817,184.2546063651591,2370.9882747068673
9.751465036000809,12.864,2.0100502512562817,201.00502512562812,2585.7286432160804
9.761540794999746,12.868,1.8425460636515911,201.00502512562812,2586.532663316583
9.77162171999953,12.86,2.0100502512562817,201.00502512562812,2584.9246231155776
9.781702850001238,12.872,2.0100502512562817,184.2546063651591,2371.725293132328
9.791784183000345,12.86,1.8425460636515911,201.00502512562812,2584.9246231155776
9.801865385999918,12.876,2.0100502512562817,201.00502512562812,2588.1407035175876
9.811945978999574,12.856,2.0100502512562817,201.00502512562812,2584.120603015075
9.822026849000395,12.876,2.0100502512562817,201.00502512562812,2588.1407035175876
9.832107034000728,12.856,2.0100502512562817,201.00502512562812,2584.120603015075
9.842187663000004,12.876,2.0100502512562817,184.2546063651591,2372.4623115577883
9.852268255001036,12.86,1.8425460636515911,184.2546063651591,2369.514237855946
9.86234397699991,12.868,2.0100502512562817,184.2546063651591,2370.9882747068673
9.872427403000984,12.864,1.8425460636515911,201.00502512562812,2585.7286432160804
9.882508366001275,12.872,2.0100502512562817,201.00502512562812,2587.336683417085
9.892590939000002,12.86,2.0100502512562817,201.00502512562812,2584.9246231155776
9.902671124000335,12.872,1.8425460636515911,201.00502512562812,2587.336683417085
9.91275647600014,12.864,2.0100502512562817,201.00502512562812,2585.7286432160804
9.922836863999692,12.868,2.0100502512562817,201.00502512562812,2586.532663316583
9.932919030999983,12.86,2.0100502512562817,201.00502512562812,2584.9246231155776
9.943000066999957,12.876,2.0100502512562817,201.00502512562812,2588.1407035175876
9.953080659000989,12.86,2.0100502512562817,201.00502512562812,2584.9246231155776
9.963155733001258,12.868,2.0100502512562817,201.00502512562812,2586.532663316583
9.973235973000556,12.864,2.0100502512562817,184.2546063651591,2370.2512562814068
9.983316566000212,12.868,2.0100502512562817,201.00502512562812,2586.532663316583
9.993397805999848,12.864,2.0100502512562817,201.00502512562812,2585.7286432160804
10.003478435000943,12.872,2.0100502512562817,201.00502512562812,2587.336683417085
10.01355913900079,12.856,2.0100502512562817,201.00502512562812,2584.120603015075
10.023639953000384,12.872,1.8425460636515911,201.00502512562812,2587.336683417085
10.033720360001098,12.856,2.0100502512562817,201.00502512562812,2584.120603015075
10.043801396999697,12.876,2.0100502512562817,201.00502512562812,2588.1407035175876
10.05388291500094,12.86,2.0100502512562817,201.00502512562812,2584.9246231155776
10.06397313600064,12.876,2.0100502512562817,201.00502512562812,2588.1407035175876
10.074050061999515,12.86,2.0100502512562817,201.00502512562812,2584.9246231155776
10.084130839000863,12.868,2.0100502512562817,201.00502512562812,2586.532663316583
10.094215506000182,12.864,2.0100502512562817,201.00502512562812,2585.7286432160804
10.104296208999585,12.868,2.0100502512562817,201.00502512562812,2586.532663316583
10.114377264000723,12.864,2.0100502512562817,201.00502512562812,2585.7286432160804
10.124460208000528,12.864,1.8425460636515911,201.00502512562812,2585.7286432160804
10.134540725999614,12.864,2.0100502512562817,184.2546063651591,2370.2512562814068
10.144621392000772,12.872,2.0100502512562817,201.00502512562812,2587.336683417085
10.15470272499988,12.864,2.0100502512562817,201.00502512562812,2585.7286432160804
10.164796002000003,12.876,2.0100502512562817,201.00502512562812,2588.1407035175876
10.174872817000505,12.864,2.0100502512562817,201.00502512562812,2585.7286432160804
10.184950965000098,12.864,2.0100502512562817,201.00502512562812,2585.7286432160804
10.195026798000981,12.864,2.0100502512562817,201.00502512562812,2585.7286432160804
10.205103297001187,12.868,1.8425460636515911,201.00502512562812,2586.532663316583
10.215191519000655,12.86,2.0100502512562817,184.2546063651591,2369.514237855946
10.225271667000925,12.872,2.0100502512562817,201.00502512562812,2587.336683417085
10.235349611000856,12.86,2.0100502512562817,201.00502512562812,2584.9246231155776
10.24542546200064,12.872,2.0100502512562817,184.2546063651591,2371.725293132328
10.25550246199964,12.864,2.0100502512562817,201.00502512562812,2585.7286432160804
10.265643683000235,12.872,2.0100502512562817,201.00502512562812,2587.336683417085
10.275725442001203,12.86,2.0100502512562817,201.00502512562812,2584.9246231155776
10.285807071000818,12.876,2.0100502512562817,201.00502512562812,2588.1407035175876
10.29588838500058,12.864,2.0100502512562817,201.00502512562812,2585.7286432160804
10.305969459001062,12.868,2.0100502512562817,201.00502512562812,2586.532663316583
10.316050680999979,12.864,1.8425460636515911,201.00502512562812,2585.7286432160804
10.32612801399955,12.86,2.0100502512562817,217.75544388609717,2800.3350083752093
10.336209032000625,12.864,2.0100502512562817,201.00502512562812,2585.7286432160804
10.346290290999605,12.864,1.8425460636515911,201.00502512562812,2585.7286432160804
10.356372476000615,12.864,2.0100502512562817,201.00502512562812,2585.7286432160804
10.366513770999518,12.868,1.8425460636515911,201.00502512562812,2586.532663316583
10.376590269999724,12.864,2.0100502512562817,201.00502512562812,2585.7286432160804
10.38666734400067,12.872,2.0100502512562817,201.00502512562812,2587.336683417085
10.396745529000327,12.864,2.0100502512562817,201.00502512562812,2585.7286432160804
10.40682188000028,12.868,2.0100502512562817,201.00502512562812,2586.532663316583
10.416900102,12.86,2.0100502512562817,201.00502512562812,2584.9246231155776
10.426976935001221,12.864,2.0100502512562817,201.00502512562812,2585.7286432160804
10.437054694000835,12.86,1.8425460636515911,201.00502512562812,2584.9246231155776
10.44713143500121,12.868,1.8425460636515911,184.2546063651591,2370.9882747068673
10.45720969300055,12.864,2.0100502512562817,201.00502512562812,2585.7286432160804
10.467294007999953,12.872,2.0100502512562817,201.00502512562812,2587.336683417085
10.477375395999843,12.864,2.0100502512562817,201.00502512562812,2585.7286432160804
10.487455896000029,12.872,2.0100502512562817,201.00502512562812,2587.336683417085
10.497537450999516,12.864,2.0100502512562817,201.00502512562812,2585.7286432160804
10.507618932000696,12.872,2.0100502512562817,201.00502512562812,2587.336683417085
10.517698671999824,12.864,1.8425460636515911,201.00502512562812,2585.7286432160804
10.527779727999587,12.868,2.0100502512562817,201.00502512562812,2586.532663316583
10.537861505001274,12.864,2.0100502512562817,201.00502512562812,2585.7286432160804
10.547942412000339,12.86,2.0100502512562817,184.2546063651591,2369.514237855946
10.558023114999742,12.864,2.0100502512562817,201.00502512562812,2585.7286432160804
10.568113633000394,12.864,2.0100502512562817,201.00502512562812,2585.7286432160804
10.578194022000389,12.86,2.0100502512562817,201.00502512562812,2584.9246231155776
10.588273372999538,12.868,2.0100502512562817,201.00502512562812,2586.532663316583
10.598354187999576,12.864,2.0100502512562817,201.00502512562812,2585.7286432160804
10.6084371500001,12.872,2.0100502512562817,201.00502512562812,2587.336683417085
10.618518261000645,12.864,2.0100502512562817,201.00502512562812,2585.7286432160804
10.628599149000365,12.872,1.8425460636515911,201.00502512562812,2587.336683417085
10.638679038000191,12.856,2.0100502512562817,201.00502512562812,2584.120603015075
10.648762093000187,12.864,2.0100502512562817,201.00502512562812,2585.7286432160804
10.658843369999886,12.864,2.0100502512562817,201.00502512562812,2585.7286432160804
10.668923295999775,12.864,2.0100502512562817,201.00502512562812,2585.7286432160804
10.678999683999791,12.864,2.0100502512562817,201.00502512562812,2585.7286432160804
10.689080146999913,12.868,2.0100502512562817,201.00502512562812,2586.532663316583
10.699160850001135,12.864,2.0100502512562817,184.2546063651591,2370.2512562814068
10.7092417570002,12.872,2.0100502512562817,201.00502512562812,2587.336683417085
10.719323183000597,12.86,2.0100502512562817,201.00502512562812,2584.9246231155776
10.729404256000635,12.868,2.0100502512562817,201.00502512562812,2586.532663316583
10.739485236999826,12.864,2.0100502512562817,201.00502512562812,2585.7286432160804
10.749564625999483,12.868,2.0100502512562817,201.00502512562812,2586.532663316583
10.759645755000747,12.864,2.0100502512562817,201.00502512562812,2585.7286432160804
10.769720921000044,12.86,2.0100502512562817,184.2546063651591,2369.514237855946
10.779801810000208,12.868,2.0100502512562817,201.00502512562812,2586.532663316583
10.789882938999654,12.864,2.0100502512562817,184.2546063651591,2370.2512562814068
10.799964124000326,12.868,2.0100502512562817,201.00502512562812,2586.532663316583
10.810045198000807,12.868,1.8425460636515911,184.2546063651591,2370.9882747068673
10.82012553000095,12.868,1.8425460636515911,201.00502512562812,2586.532663316583
10.830204808000417,12.868,2.0100502512562817,184.2546063651591,2370.9882747068673
10.840284363001047,12.86,2.0100502512562817,201.00502512562812,2584.9246231155776
10.850364973999604,12.868,2.0100502512562817,201.00502512562812,2586.532663316583
10.860447936000128,12.86,2.0100502512562817,201.00502512562812,2584.9246231155776
10.870523973000672,12.864,2.0100502512562817,184.2546063651591,2370.2512562814068
10.88060804700035,12.868,2.0100502512562817,184.2546063651591,2370.9882747068673
10.89068882399988,12.86,2.0100502512562817,201.00502512562812,2584.9246231155776
10.900769027000933,12.868,2.0100502512562817,201.00502512562812,2586.532663316583
10.910849768000844,12.864,2.0100502512562817,217.75544388609717,2801.206030150754
10.920932786000776,12.864,2.0100502512562817,184.2546063651591,2370.2512562814068
10.931013692001216,12.864,2.0100502512562817,201.00502512562812,2585.7286432160804
10.941117692000262,12.868,2.0100502512562817,184.2546063651591,2370.9882747068673
10.951198561000638,12.864,2.0100502512562817,201.00502512562812,2585.7286432160804
10.961279876000845,12.864,2.0100502512562817,184.2546063651591,2370.2512562814068
10.97136961599972,12.868,2.0100502512562817,184.2546063651591,2370.9882747068673
10.981450688999757,12.868,1.8425460636515911,201.00502512562812,2586.532663316583
10.991531596000641,12.864,1.8425460636515911,201.00502512562812,2585.7286432160804
11.001612391999515,12.868,2.0100502512562817,201.00502512562812,2586.532663316583
11.01169353899968,12.86,2.0100502512562817,201.00502512562812,2584.9246231155776
11.021775039000204,12.864,2.0100502512562817,201.00502512562812,2585.7286432160804
11.031856649000474,12.864,1.8425460636515911,184.2546063651591,2370.2512562814068
11.041936964000342,12.86,2.0100502512562817,201.00502512562812,2584.9246231155776
11.052017740999872,12.868,2.0100502512562817,201.00502512562812,2586.532663316583
11.062098850999973,12.86,2.0100502512562817,201.00502512562812,2584.9246231155776
11.072201758001029,12.868,2.0100502512562817,201.00502512562812,2586.532663316583
11.082282072000453,12.864,2.0100502512562817,201.00502512562812,2585.7286432160804
11.092366498000047,12.868,2.0100502512562817,201.00502512562812,2586.532663316583
11.102449460000571,12.864,2.0100502512562817,201.00502512562812,2585.7286432160804
11.112530107000566,12.86,2.0100502512562817,201.00502512562812,2584.9246231155776
11.122611365999546,12.868,2.0100502512562817,201.00502512562812,2586.532663316583
11.132691013999647,12.856,2.0100502512562817,201.00502512562812,2584.120603015075
11.142771013001038,12.868,2.0100502512562817,201.00502512562812,2586.532663316583
11.152851771999849,12.86,2.0100502512562817,201.00502512562812,2584.9246231155776
11.162932233999527,12.868,1.8425460636515911,201.00502512562812,2586.532663316583
11.173024604000602,12.864,2.0100502512562817,201.00502512562812,2585.7286432160804
11.18310152900085,12.864,2.0100502512562817,201.00502512562812,2585.7286432160804
11.193172917999618,12.86,2.0100502512562817,201.00502512562812,2584.9246231155776
11.203249694999613,12.868,2.0100502512562817,201.00502512562812,2586.532663316583
11.213338269000815,12.86,2.0100502512562817,201.00502512562812,2584.9246231155776
11.223418823999964,12.868,2.0100502512562817,201.00502512562812,2586.532663316583
11.233497490000445,12.86,1.8425460636515911,201.00502512562812,2584.9246231155776
11.243573507999827,12.86,2.0100502512562817,201.00502512562812,2584.9246231155776
11.253652841000076,12.864,2.0100502512562817,201.00502512562812,2585.7286432160804
11.263729432999753,12.864,2.0100502512562817,201.00502512562812,2585.7286432160804
11.273881819999588,12.868,2.0100502512562817,201.00502512562812,2586.532663316583
11.283963079000387,12.864,2.0100502512562817,201.00502512562812,2585.7286432160804
11.29404522600089,12.868,2.0100502512562817,201.00502512562812,2586.532663316583
11.304126892000568,12.864,2.0100502512562817,201.00502512562812,2585.7286432160804
11.31420868799978,12.868,2.0100502512562817,201.00502512562812,2586.532663316583
11.324290390999522,12.868,2.0100502512562817,201.00502512562812,2586.532663316583
11.334371668999665,12.86,2.0100502512562817,201.00502512562812,2584.9246231155776
11.344453982999767,12.868,2.0100502512562817,201.00502512562812,2586.532663316583
11.35453539000082,12.852,2.0100502512562817,201.00502512562812,2583.316582914573
11.364618925999821,12.868,2.0100502512562817,184.2546063651591,2370.9882747068673
11.374756703000457,12.86,2.0100502512562817,201.00502512562812,2584.9246231155776
11.384834165000939,12.868,2.0100502512562817,201.00502512562812,2586.532663316583
11.394911239000066,12.864,2.0100502512562817,201.00502512562812,2585.7286432160804
11.40498934900097,12.868,2.0100502512562817,201.00502512562812,2586.532663316583
11.415066071000183,12.868,2.0100502512562817,201.00502512562812,2586.532663316583
11.42514375599967,12.868,2.0100502512562817,201.00502512562812,2586.532663316583
11.435220254999876,12.86,2.0100502512562817,201.00502512562812,2584.9246231155776
11.445298439999533,12.868,2.0100502512562817,201.00502512562812,2586.532663316583
11.455375124000057,12.86,2.0100502512562817,201.00502512562812,2584.9246231155776
11.465452902000834,12.868,2.0100502512562817,201.00502512562812,2586.532663316583
11.475536531001126,12.864,2.0100502512562817,201.00502512562812,2585.7286432160804
11.48561736299962,12.868,2.0100502512562817,184.2546063651591,2370.9882747068673
11.495698696000545,12.864,1.8425460636515911,201.00502512562812,2585.7286432160804
11.505780176999906,12.868,2.0100502512562817,201.00502512562812,2586.532663316583
11.515860417001022,12.868,1.8425460636515911,201.00502512562812,2586.532663316583
11.525941546000467,12.868,2.0100502512562817,201.00502512562812,2586.532663316583
11.536023378999744,12.86,2.0100502512562817,184.2546063651591,2369.514237855946
11.546104508001008,12.868,1.8425460636515911,201.00502512562812,2586.532663316583
11.556185563000327,12.86,2.0100502512562817,201.00502512562812,2584.9246231155776
11.56626696999956,12.868,2.0100502512562817,201.00502512562812,2586.532663316583
11.576348414000677,12.856,2.0100502512562817,201.00502512562812,2584.120603015075
11.586429080000016,12.868,2.0100502512562817,201.00502512562812,2586.532663316583
11.596512338999673,12.86,2.0100502512562817,184.2546063651591,2369.514237855946
11.606592857000578,12.872,2.0100502512562817,184.2546063651591,2371.725293132328
11.616675449000468,12.864,2.0100502512562817,201.00502512562812,2585.7286432160804
11.626756318999469,12.868,2.0100502512562817,201.00502512562812,2586.532663316583
11.636837391999507,12.868,2.0100502512562817,201.00502512562812,2586.532663316583
11.646918484000707,12.864,2.0100502512562817,201.00502512562812,2585.7286432160804
11.657000557999709,12.868,2.0100502512562817,201.00502512562812,2586.532663316583
11.66708103900055,12.864,2.0100502512562817,201.00502512562812,2585.7286432160804
11.677161760000672,12.86,2.0100502512562817,201.00502512562812,2584.9246231155776
11.687241851999715,12.868,2.0100502512562817,184.2546063651591,2370.9882747068673
11.697321796000324,12.86,2.0100502512562817,201.00502512562812,2584.9246231155776
11.707396535999578,12.868,2.0100502512562817,201.00502512562812,2586.532663316583
11.71747738799968,12.86,2.0100502512562817,201.00502512562812,2584.9246231155776
11.727557923999484,12.868,2.0100502512562817,201.00502512562812,2586.532663316583
11.737639164000939,12.864,2.0100502512562817,201.00502512562812,2585.7286432160804
11.74772073799977,12.868,2.0100502512562817,201.00502512562812,2586.532663316583
11.75780201499947,12.86,2.0100502512562817,201.00502512562812,2584.9246231155776
11.767883144000734,12.868,2.0100502512562817,201.00502512562812,2586.532663316583
11.77797429200109,12.864,2.0100502512562817,201.00502512562812,2585.7286432160804
11.788055106000684,12.872,2.0100502512562817,201.00502512562812,2587.336683417085
11.7981363279996,12.86,2.0100502512562817,201.00502512562812,2584.9246231155776
11.808216900999469,12.868,2.0100502512562817,201.00502512562812,2586.532663316583
11.818297530000564,12.86,2.0100502512562817,201.00502512562812,2584.9246231155776
11.828405289001239,12.872,1.8425460636515911,201.00502512562812,2587.336683417085
11.838486009999542,12.864,2.0100502512562817,184.2546063651591,2370.2512562814068
11.848568510000405,12.868,2.0100502512562817,201.00502512562812,2586.532663316583
11.858649472000252,12.864,2.0100502512562817,201.00502512562812,2585.7286432160804
11.868732434000776,12.864,2.0100502512562817,201.00502512562812,2585.7286432160804
11.878838710999844,12.868,2.0100502512562817,201.00502512562812,2586.532663316583
11.888919007000368,12.868,2.0100502512562817,201.00502512562812,2586.532663316583
11.898999229000765,12.868,1.8425460636515911,201.00502512562812,2586.532663316583
11.909079709999787,12.872,2.0100502512562817,201.00502512562812,2587.336683417085
11.919160819999888,12.86,2.0100502512562817,201.00502512562812,2584.9246231155776
11.929241597001237,12.872,2.0100502512562817,201.00502512562812,2587.336683417085
11.939322430000175,12.86,2.0100502512562817,201.00502512562812,2584.9246231155776
11.949403132999578,12.868,2.0100502512562817,201.00502512562812,2586.532663316583
11.959484205999615,12.856,2.0100502512562817,201.00502512562812,2584.120603015075
11.969565593999505,12.872,2.0100502512562817,201.00502512562812,2587.336683417085
11.979671389999567,12.86,1.8425460636515911,201.00502512562812,2584.9246231155776
11.98975292599971,12.868,1.8425460636515911,201.00502512562812,2586.532663316583
11.999834350999663,12.864,2.0100502512562817,201.00502512562812,2585.7286432160804
12.009914887999912,12.872,2.0100502512562817,201.00502512562812,2587.336683417085
12.019994776001113,12.856,2.0100502512562817,201.00502512562812,2584.120603015075
12.030076053000812,12.872,2.0100502512562817,201.00502512562812,2587.336683417085
12.040155423001124,12.856,2.0100502512562817,184.2546063651591,2368.7772194304853
12.050236107001183,12.868,2.0100502512562817,201.00502512562812,2586.532663316583
12.060316810000586,12.86,2.0100502512562817,201.00502512562812,2584.9246231155776
12.07039784600056,12.868,2.0100502512562817,201.00502512562812,2586.532663316583
12.080479530999582,12.864,2.0100502512562817,201.00502512562812,2585.7286432160804
12.09056069700091,12.868,2.0100502512562817,201.00502512562812,2586.532663316583
12.100642917999721,12.864,2.0100502512562817,201.00502512562812,2585.7286432160804
12.110722991999864,12.872,2.0100502512562817,201.00502512562812,2587.336683417085
12.120798398000261,12.864,2.0100502512562817,201.00502512562812,2585.7286432160804
12.130879750000531,12.872,2.0100502512562817,201.00502512562812,2587.336683417085
12.140960063999955,12.856,2.0100502512562817,201.00502512562812,2584.120603015075
12.151040062999527,12.9,1.8425460636515911,201.00502512562812,2592.9648241206028
12.161120803000813,12.876,1.8425460636515911,184.2546063651591,2372.4623115577883
12.171201469000152,12.892,1.8425460636515911,184.2546063651591,2375.4103852596313
12.181293597999684,12.868,1.8425460636515911,184.2546063651591,2370.9882747068673
12.191370042000926,12.888,1.8425460636515911,184.2546063651591,2374.6733668341703
12.201445967000836,12.872,1.8425460636515911,184.2546063651591,2371.725293132328
12.211537392000537,12.892,1.8425460636515911,184.2546063651591,2375.4103852596313
12.221617928000342,12.868,2.0100502512562817,184.2546063651591,2370.9882747068673
12.231695354001204,12.892,1.8425460636515911,184.2546063651591,2375.4103852596313
12.241773260000627,12.864,1.8425460636515911,201.00502512562812,2585.7286432160804
12.251850074000686,12.888,1.8425460636515911,184.2546063651591,2374.6733668341703
12.26192711099975,12.868,1.8425460636515911,201.00502512562812,2586.532663316583
12.272004684000422,12.888,2.0100502512562817,184.2546063651591,2374.6733668341703
12.282153535001271,12.84,2.0100502512562817,201.00502512562812,2580.904522613065
12.292235201000949,12.872,1.8425460636515911,201.00502512562812,2587.336683417085
12.302316569999675,12.852,2.0100502512562817,201.00502512562812,2583.316582914573
12.312452531999952,12.88,2.0100502512562817,201.00502512562812,2588.9447236180904
12.322534642000392,12.856,2.0100502512562817,201.00502512562812,2584.120603015075
12.332615290000831,12.876,2.0100502512562817,201.00502512562812,2588.1407035175876
12.342696306999642,12.856,1.8425460636515911,201.00502512562812,2584.120603015075
12.352778696000314,12.876,2.0100502512562817,201.00502512562812,2588.1407035175876
12.362859361999654,12.848,2.0100502512562817,201.00502512562812,2582.5125628140704
12.372939046001193,12.88,2.0100502512562817,201.00502512562812,2588.9447236180904
12.38308202600092,12.844,1.8425460636515911,201.00502512562812,2581.7085427135676
12.393160507001085,12.88,2.0100502512562817,201.00502512562812,2588.9447236180904
12.403237914000783,12.852,2.0100502512562817,201.00502512562812,2583.316582914573
12.413316505000694,12.88,2.0100502512562817,201.00502512562812,2588.9447236180904
12.423392783000963,12.856,2.0100502512562817,201.00502512562812,2584.120603015075
12.433469060000789,12.88,2.0100502512562817,201.00502512562812,2588.9447236180904
12.443545615000403,12.856,2.0100502512562817,201.00502512562812,2584.120603015075
12.453623188001075,12.88,2.0100502512562817,201.00502512562812,2588.9447236180904
12.463700149999568,12.852,2.0100502512562817,201.00502512562812,2583.316582914573
12.473776687000282,12.872,2.0100502512562817,201.00502512562812,2587.336683417085
12.483861370999875,12.852,2.0100502512562817,201.00502512562812,2583.316582914573
12.493941556000209,12.88,2.0100502512562817,201.00502512562812,2588.9447236180904
12.504021406999527,12.852,2.0100502512562817,201.00502512562812,2583.316582914573
12.514101795000897,12.876,2.0100502512562817,201.00502512562812,2588.1407035175876
12.524182664999898,12.856,2.0100502512562817,201.00502512562812,2584.120603015075
12.534263497000211,12.88,2.0100502512562817,201.00502512562812,2588.9447236180904
12.544344793001073,12.856,2.0100502512562817,201.00502512562812,2584.120603015075
12.554425829001048,12.876,2.0100502512562817,184.2546063651591,2372.4623115577883
12.564509273001022,12.848,2.0100502512562817,201.00502512562812,2582.5125628140704
12.574590013000488,12.88,1.8425460636515911,201.00502512562812,2588.9447236180904
12.584669752999616,12.852,2.0100502512562817,201.00502512562812,2583.316582914573
12.594749548999971,12.88,2.0100502512562817,201.00502512562812,2588.9447236180904
12.604832011000326,12.848,2.0100502512562817,201.00502512562812,2582.5125628140704
12.614913010000237,12.88,2.0100502512562817,201.00502512562812,2588.9447236180904
12.624993602001268,12.848,2.0100502512562817,201.00502512562812,2582.5125628140704
12.635073397999804,12.88,2.0100502512562817,201.00502512562812,2588.9447236180904
12.645153804000074,12.852,2.0100502512562817,201.00502512562812,2583.316582914573
12.655233859000873,12.88,1.8425460636515911,201.00502512562812,2588.9447236180904
12.66531337699962,12.856,2.0100502512562817,201.00502512562812,2584.120603015075
12.675394395000694,12.872,2.0100502512562817,201.00502512562812,2587.336683417085
12.685475172000224,12.856,2.0100502512562817,201.00502512562812,2584.120603015075
12.695556153001235,12.876,2.0100502512562817,201.00502512562812,2588.1407035175876
12.705637319000743,12.856,2.0100502512562817,184.2546063651591,2368.7772194304853
12.715718096000273,12.88,2.0100502512562817,201.00502512562812,2588.9447236180904
12.725795113999993,12.848,2.0100502512562817,201.00502512562812,2582.5125628140704
12.735875760999988,12.88,2.0100502512562817,201.00502512562812,2588.9447236180904
12.745957037999688,12.852,1.8425460636515911,201.00502512562812,2583.316582914573
12.756038075000106,12.88,2.0100502512562817,201.00502512562812,2588.9447236180904
12.766119036999953,12.848,2.0100502512562817,201.00502512562812,2582.5125628140704
12.776199758000075,12.88,2.0100502512562817,201.00502512562812,2588.9447236180904
12.78628949800077,12.848,2.0100502512562817,184.2546063651591,2367.3031825795642
12.796371219999855,12.876,2.0100502512562817,201.00502512562812,2588.1407035175876
12.806452681999872,12.852,2.0100502512562817,201.00502512562812,2583.316582914573
12.816534421999677,12.896,1.8425460636515911,201.00502512562812,2592.1608040201004
12.826614957999482,12.876,1.8425460636515911,184.2546063651591,2372.4623115577883
12.836699124000006,12.904,2.0100502512562817,201.00502512562812,2593.768844221105
12.846779900999536,12.864,1.8425460636515911,184.2546063651591,2370.2512562814068
12.856861308000589,12.896,1.8425460636515911,201.00502512562812,2592.1608040201004
12.86694228899978,12.864,1.8425460636515911,184.2546063651591,2370.2512562814068
12.87702427000113,12.888,1.8425460636515911,184.2546063651591,2374.6733668341703
12.887132750000092,12.868,1.8425460636515911,184.2546063651591,2370.9882747068673
12.897212768000827,12.888,2.0100502512562817,184.2546063651591,2374.6733668341703
12.907292359999701,12.868,1.8425460636515911,184.2546063651591,2370.9882747068673
12.917371859000923,12.892,2.0100502512562817,184.2546063651591,2375.4103852596313
12.92745269199986,12.868,1.8425460636515911,184.2546063651591,2370.9882747068673
12.93753308000123,12.896,2.0100502512562817,201.00502512562812,2592.1608040201004
12.947614059999978,12.844,2.0100502512562817,201.00502512562812,2581.7085427135676
12.957694836999508,12.876,2.0100502512562817,201.00502512562812,2588.1407035175876
12.967776207000497,12.84,2.0100502512562817,184.2546063651591,2365.8291457286427
12.977857187001064,12.884,2.0100502512562817,201.00502512562812,2589.748743718593
12.987964001000364,12.844,2.0100502512562817,201.00502512562812,2581.7085427135676
12.99804546300038,12.88,2.0100502512562817,201.00502512562812,2588.9447236180904
13.008126943999741,12.852,2.0100502512562817,201.00502512562812,2583.316582914573
13.01820811000107,12.88,1.8425460636515911,201.00502512562812,2588.9447236180904
13.02828923800007,12.852,2.0100502512562817,201.00502512562812,2583.316582914573
13.038370182001017,12.88,2.0100502512562817,184.2546063651591,2373.1993299832493
13.048453274001076,12.852,2.0100502512562817,201.00502512562812,2583.316582914573
13.058533884001008,12.88,2.0100502512562817,201.00502512562812,2588.9447236180904
13.068614920000982,12.852,1.8425460636515911,201.00502512562812,2583.316582914573
13.07869525299975,12.88,2.0100502512562817,217.75544388609717,2804.6901172529315
13.088792010999896,12.852,2.0100502512562817,201.00502512562812,2583.316582914573
13.098869380000906,12.876,2.0100502512562817,201.00502512562812,2588.1407035175876
13.108945083000435,12.856,2.0100502512562817,201.00502512562812,2584.120603015075
13.119020897000155,12.876,2.0100502512562817,184.2546063651591,2372.4623115577883
13.129098248000446,12.852,2.0100502512562817,201.00502512562812,2583.316582914573
13.139173654999468,12.88,1.8425460636515911,201.00502512562812,2588.9447236180904
13.149250802000097,12.856,2.0100502512562817,201.00502512562812,2584.120603015075
13.159327542000028,12.884,2.0100502512562817,201.00502512562812,2589.748743718593
13.169405578000806,12.848,2.0100502512562817,201.00502512562812,2582.5125628140704
13.179482281000674,12.884,2.0100502512562817,184.2546063651591,2373.93634840871
13.189567114000965,12.848,2.0100502512562817,201.00502512562812,2582.5125628140704
13.199647687000834,12.884,2.0100502512562817,201.00502512562812,2589.748743718593
13.209731390001252,12.848,2.0100502512562817,201.00502512562812,2582.5125628140704
13.219817111001248,12.88,2.0100502512562817,201.00502512562812,2588.9447236180904
13.229898683999636,12.852,2.0100502512562817,184.2546063651591,2368.0402010050248
13.239976275999652,12.88,2.0100502512562817,201.00502512562812,2588.9447236180904
13.250058405001255,12.856,2.0100502512562817,201.00502512562812,2584.120603015075
13.260139293000975,12.88,2.0100502512562817,201.00502512562812,2588.9447236180904
13.270220700000209,12.852,2.0100502512562817,201.00502512562812,2583.316582914573
13.280302458000733,12.876,2.0100502512562817,201.00502512562812,2588.1407035175876
13.290462807999575,12.852,2.0100502512562817,201.00502512562812,2583.316582914573
13.30054234400086,12.88,2.0100502512562817,201.00502512562812,2588.9447236180904
13.310619436000707,12.852,1.8425460636515911,201.00502512562812,2583.316582914573
13.32069723099994,12.876,1.8425460636515911,201.00502512562812,2588.1407035175876
13.33077445300114,12.856,2.0100502512562817,201.00502512562812,2584.120603015075
13.340851840999676,12.876,1.8425460636515911,201.00502512562812,2588.1407035175876
13.350928914000178,12.852,2.0100502512562817,201.00502512562812,2583.316582914573
13.361006950000956,12.876,2.0100502512562817,184.2546063651591,2372.4623115577883
13.371082839001247,12.86,2.0100502512562817,201.00502512562812,2584.9246231155776
13.381160893000924,12.88,2.0100502512562817,201.00502512562812,2588.9447236180904
13.391246948000116,12.844,2.0100502512562817,201.00502512562812,2581.7085427135676
13.40132433600047,12.88,2.0100502512562817,201.00502512562812,2588.9447236180904
13.411406002000149,12.848,2.0100502512562817,201.00502512562812,2582.5125628140704
13.421486871000525,12.884,2.0100502512562817,184.2546063651591,2373.93634840871
13.431568388999949,12.856,1.8425460636515911,184.2546063651591,2368.7772194304853
13.441649555001277,12.884,2.0100502512562817,201.00502512562812,2589.748743718593
13.451730517001124,12.856,2.0100502512562817,201.00502512562812,2584.120603015075
13.46181125700059,12.88,2.0100502512562817,201.00502512562812,2588.9447236180904
13.47189192299993,12.856,2.0100502512562817,201.00502512562812,2584.120603015075
13.481973181000285,12.876,2.0100502512562817,201.00502512562812,2588.1407035175876
13.492062217001148,12.856,2.0100502512562817,201.00502512562812,2584.120603015075
13.502143531000911,12.876,2.0100502512562817,201.00502512562812,2588.1407035175876
13.512223511999764,12.852,2.0100502512562817,201.00502512562812,2583.316582914573
13.522303826001007,12.88,1.8425460636515911,201.00502512562812,2588.9447236180904
13.53240876900054,12.852,2.0100502512562817,201.00502512562812,2583.316582914573
13.542489268000281,12.88,2.0100502512562817,201.00502512562812,2588.9447236180904
13.552569544999642,12.852,2.0100502512562817,184.2546063651591,2368.0402010050248
13.562649859000885,12.884,1.8425460636515911,184.2546063651591,2373.93634840871
13.57273232100124,12.852,2.0100502512562817,201.00502512562812,2583.316582914573
13.582812561000537,12.876,2.0100502512562817,184.2546063651591,2372.4623115577883
13.592921375000515,12.852,2.0100502512562817,201.00502512562812,2583.316582914573
13.603002596000806,12.88,2.0100502512562817,201.00502512562812,2588.9447236180904
13.613082706000569,12.852,2.0100502512562817,201.00502512562812,2583.316582914573
13.623163835000014,12.88,2.0100502512562817,201.00502512562812,2588.9447236180904
13.633243927000876,12.852,2.0100502512562817,201.00502512562812,2583.316582914573
13.643324000000575,12.884,2.0100502512562817,201.00502512562812,2589.748743718593
13.653405369999746,12.852,1.8425460636515911,201.00502512562812,2583.316582914573
13.66348653500063,12.884,2.0100502512562817,201.00502512562812,2589.748743718593
13.673567441999694,12.856,2.0100502512562817,201.00502512562812,2584.120603015075
13.683647386000303,12.872,2.0100502512562817,201.00502512562812,2587.336683417085
13.693750329000977,12.856,2.0100502512562817,201.00502512562812,2584.120603015075
13.70383214300091,12.868,2.0100502512562817,184.2546063651591,2370.9882747068673
13.7139131240001,12.856,2.0100502512562817,201.00502512562812,2584.120603015075
13.723993270999927,12.876,2.0100502512562817,201.00502512562812,2588.1407035175876
13.734074547999626,12.856,2.0100502512562817,201.00502512562812,2584.120603015075
13.744156120999833,12.88,2.0100502512562817,201.00502512562812,2588.9447236180904
13.754237360999468,12.852,1.8425460636515911,201.00502512562812,2583.316582914573
13.764318249001008,12.88,2.0100502512562817,201.00502512562812,2588.9447236180904
13.774399415000516,12.852,2.0100502512562817,201.00502512562812,2583.316582914573
13.784481783999581,12.884,2.0100502512562817,201.00502512562812,2589.748743718593
13.79458404199977,12.848,2.0100502512562817,201.00502512562812,2582.5125628140704
13.80466672700095,12.876,1.8425460636515911,201.00502512562812,2588.1407035175876
13.81474785499995,12.852,2.0100502512562817,201.00502512562812,2583.316582914573
13.82482861400058,12.876,2.0100502512562817,201.00502512562812,2588.1407035175876
13.834909854000216,12.852,2.0100502512562817,201.00502512562812,2583.316582914573
13.844991944999492,12.88,2.0100502512562817,201.00502512562812,2588.9447236180904
13.85507287099972,12.852,1.8425460636515911,201.00502512562812,2583.316582914573
13.865153647000625,12.88,2.0100502512562817,201.00502512562812,2588.9447236180904
13.875234295001064,12.852,2.0100502512562817,184.2546063651591,2368.0402010050248
13.885315626999727,12.876,2.0100502512562817,201.00502512562812,2588.1407035175876
13.89540516300076,12.856,2.0100502512562817,201.00502512562812,2584.120603015075
13.905486569999994,12.88,2.0100502512562817,201.00502512562812,2588.9447236180904
13.915562643000158,12.856,2.0100502512562817,201.00502512562812,2584.120603015075
13.925643308999497,12.872,2.0100502512562817,184.2546063651591,2371.725293132328
13.935723900000085,12.856,2.0100502512562817,201.00502512562812,2584.120603015075
13.945805048000693,12.876,2.0100502512562817,201.00502512562812,2588.1407035175876
13.955886269000985,12.856,2.0100502512562817,201.00502512562812,2584.120603015075
13.965967490001276,12.88,2.0100502512562817,201.00502512562812,2588.9447236180904
13.976048193000679,12.856,2.0100502512562817,201.00502512562812,2584.120603015075
13.986129118000463,12.88,1.8425460636515911,184.2546063651591,2373.1993299832493
13.996218487000078,12.848,2.0100502512562817,201.00502512562812,2582.5125628140704
14.006299430000581,12.88,2.0100502512562817,184.2546063651591,2373.1993299832493
14.016404298999987,12.852,2.0100502512562817,201.00502512562812,2583.316582914573
14.026486484000998,12.876,1.8425460636515911,201.00502512562812,2588.1407035175876
14.036569390000295,12.856,2.0100502512562817,201.00502512562812,2584.120603015075
14.046650203999889,12.876,2.0100502512562817,201.00502512562812,2588.1407035175876
14.0567324069998,12.856,2.0100502512562817,201.00502512562812,2584.120603015075
14.066812146000302,12.876,2.0100502512562817,201.00502512562812,2588.1407035175876
14.07689197900072,12.856,2.0100502512562817,201.00502512562812,2584.120603015075
14.086976922000758,12.876,2.0100502512562817,201.00502512562812,2588.1407035175876
14.097058327999548,12.856,2.0100502512562817,201.00502512562812,2584.120603015075
14.10713432800003,12.876,2.0100502512562817,201.00502512562812,2588.1407035175876
14.11721364100049,12.856,1.8425460636515911,201.00502512562812,2584.120603015075
14.12729027000023,12.872,2.1775544388609713,201.00502512562812,2587.336683417085
14.137366324999675,12.86,2.0100502512562817,201.00502512562812,2584.9246231155776
14.147443046000262,12.872,2.0100502512562817,201.00502512562812,2587.336683417085
14.157520601000215,12.856,1.8425460636515911,201.00502512562812,2584.120603015075
14.16759772899968,12.876,2.0100502512562817,201.00502512562812,2588.1407035175876
14.17767537600048,12.892,1.8425460636515911,184.2546063651591,2375.4103852596313
14.187751708999713,12.896,1.8425460636515911,201.00502512562812,2592.1608040201004
14.197835986000428,12.872,1.8425460636515911,184.2546063651591,2371.725293132328
14.207917539999471,12.892,2.0100502512562817,184.2546063651591,2375.4103852596313
14.218004558000757,12.872,1.8425460636515911,184.2546063651591,2371.725293132328
14.228086408000308,12.892,2.0100502512562817,184.2546063651591,2375.4103852596313
14.238167870000325,12.876,1.8425460636515911,201.00502512562812,2588.1407035175876
14.248248035999495,12.88,1.8425460636515911,184.2546063651591,2373.1993299832493
14.25832868299949,12.88,1.8425460636515911,184.2546063651591,2373.1993299832493
14.26841331200012,12.88,1.8425460636515911,201.00502512562812,2588.9447236180904
14.278495607000877,12.88,1.8425460636515911,201.00502512562812,2588.9447236180904
14.288578736001,12.88,2.0100502512562817,201.00502512562812,2588.9447236180904
14.298736826000095,12.856,1.8425460636515911,201.00502512562812,2584.120603015075
14.308815196000069,12.848,2.0100502512562817,201.00502512562812,2582.5125628140704
14.318892121000317,12.86,2.0100502512562817,201.00502512562812,2584.9246231155776
14.328970249000122,12.868,2.0100502512562817,201.00502512562812,2586.532663316583
14.339046877999863,12.864,2.0100502512562817,201.00502512562812,2585.7286432160804
14.34912480300045,12.86,2.0100502512562817,201.00502512562812,2584.9246231155776
14.359198858001037,12.868,2.0100502512562817,201.00502512562812,2586.532663316583
14.369277431000228,12.86,1.8425460636515911,201.00502512562812,2584.9246231155776
14.379354467000667,12.868,2.0100502512562817,201.00502512562812,2586.532663316583
14.389432336000027,12.864,2.0100502512562817,201.00502512562812,2585.7286432160804
14.399517095000192,12.864,2.0100502512562817,201.00502512562812,2585.7286432160804
14.40959889000078,12.864,2.0100502512562817,201.00502512562812,2585.7286432160804
14.41968040699976,12.864,2.0100502512562817,184.2546063651591,2370.2512562814068
14.429761703000622,12.868,2.0100502512562817,201.00502512562812,2586.532663316583
14.439843424001083,12.864,2.0100502512562817,184.2546063651591,2370.2512562814068
14.44992438600093,12.868,2.0100502512562817,201.00502512562812,2586.532663316583
14.460005218001243,12.864,2.0100502512562817,201.00502512562812,2585.7286432160804
14.470085588000074,12.868,2.0100502512562817,184.2546063651591,2370.9882747068673
14.480166586999985,12.868,2.0100502512562817,201.00502512562812,2586.532663316583
14.490247604000615,12.86,2.0100502512562817,201.00502512562812,2584.9246231155776
14.500336159000653,12.868,2.0100502512562817,201.00502512562812,2586.532663316583
14.510415954000564,12.856,1.8425460636515911,201.00502512562812,2584.120603015075
14.52049587900001,12.868,2.0100502512562817,201.00502512562812,2586.532663316583
14.53057528499994,12.864,2.0100502512562817,201.00502512562812,2585.7286432160804
14.540657636000105,12.868,2.0100502512562817,201.00502512562812,2586.532663316583
14.550738468000418,12.864,1.8425460636515911,201.00502512562812,2585.7286432160804
14.560821208000561,12.864,2.0100502512562817,201.00502512562812,2585.7286432160804
14.570902429000853,12.868,2.0100502512562817,201.00502512562812,2586.532663316583
14.580982854000467,12.868,2.0100502512562817,201.00502512562812,2586.532663316583
14.591062150000653,12.872,2.0100502512562817,201.00502512562812,2587.336683417085
14.601137314999505,12.864,2.0100502512562817,201.00502512562812,2585.7286432160804
14.611218129000918,12.86,1.8425460636515911,201.00502512562812,2584.9246231155776
14.621299424999961,12.864,2.0100502512562817,201.00502512562812,2585.7286432160804
14.631379886999639,12.864,2.0100502512562817,201.00502512562812,2585.7286432160804
14.641460441000163,12.868,2.0100502512562817,201.00502512562812,2586.532663316583
14.651542069999778,12.868,2.0100502512562817,201.00502512562812,2586.532663316583
14.661622939000154,12.864,2.0100502512562817,201.00502512562812,2585.7286432160804
14.671703752999747,12.868,2.0100502512562817,201.00502512562812,2586.532663316583
14.68178467799953,12.868,2.0100502512562817,201.00502512562812,2586.532663316583
14.691864492000605,12.864,2.0100502512562817,184.2546063651591,2370.2512562814068
14.701953953999691,12.872,2.0100502512562817,201.00502512562812,2587.336683417085
14.71203547100049,12.856,2.0100502512562817,201.00502512562812,2584.120603015075
14.722117118000824,12.868,2.0100502512562817,184.2546063651591,2370.9882747068673
14.732198024999889,12.856,2.0100502512562817,201.00502512562812,2584.120603015075
14.74227935700037,12.872,1.8425460636515911,201.00502512562812,2587.336683417085
14.752360115000556,12.86,2.0100502512562817,201.00502512562812,2584.9246231155776
14.76244126200072,12.868,2.0100502512562817,184.2546063651591,2370.9882747068673
14.772523391000504,12.864,2.0100502512562817,201.00502512562812,2585.7286432160804
14.782603112000288,12.864,2.0100502512562817,201.00502512562812,2585.7286432160804
14.792686056000093,12.868,2.0100502512562817,184.2546063651591,2370.9882747068673
14.802792295000472,12.864,2.0100502512562817,201.00502512562812,2585.7286432160804
14.812873146000129,12.868,2.0100502512562817,184.2546063651591,2370.9882747068673
14.822953515000336,12.864,2.0100502512562817,201.00502512562812,2585.7286432160804
14.833033774000796,12.86,2.0100502512562817,201.00502512562812,2584.9246231155776
14.843114680001236,12.868,2.0100502512562817,201.00502512562812,2586.532663316583
14.853195789999518,12.86,2.0100502512562817,201.00502512562812,2584.9246231155776
14.863276289001078,12.868,2.0100502512562817,184.2546063651591,2370.9882747068673
14.873357472999487,12.864,2.0100502512562817,201.00502512562812,2585.7286432160804
14.883438676000878,12.868,2.0100502512562817,184.2546063651591,2370.9882747068673
14.893519138000556,12.864,2.0100502512562817,201.00502512562812,2585.7286432160804
14.903624081000089,12.868,2.0100502512562817,201.00502512562812,2586.532663316583
14.913704005999534,12.86,2.0100502512562817,201.00502512562812,2584.9246231155776
14.923784022999826,12.872,2.0100502512562817,201.00502512562812,2587.336683417085
14.933865467000942,12.856,2.0100502512562817,184.2546063651591,2368.7772194304853
14.943946466000853,12.872,2.0100502512562817,201.00502512562812,2587.336683417085
14.954027298001165,12.856,2.0100502512562817,201.00502512562812,2584.120603015075
14.964108703999955,12.872,2.0100502512562817,201.00502512562812,2587.336683417085
14.97418957300033,12.86,2.0100502512562817,201.00502512562812,2584.9246231155776
14.984270998000284,12.872,2.0100502512562817,201.00502512562812,2587.336683417085
14.994352015000914,12.864,1.8425460636515911,201.00502512562812,2585.7286432160804
15.00445616199977,12.868,2.0100502512562817,201.00502512562812,2586.532663316583
15.014537568000378,12.868,2.0100502512562817,201.00502512562812,2586.532663316583
15.024620623000374,12.864,2.0100502512562817,201.00502512562812,2585.7286432160804
15.034701881000728,12.864,2.0100502512562817,201.00502512562812,2585.7286432160804
15.044784675999836,12.868,2.0100502512562817,201.00502512562812,2586.532663316583
15.054865823,12.86,2.0100502512562817,201.00502512562812,2584.9246231155776
15.064948100000038,12.872,2.0100502512562817,201.00502512562812,2587.336683417085
15.075029358000393,12.86,2.0100502512562817,201.00502512562812,2584.9246231155776
15.085113893999733,12.868,2.0100502512562817,201.00502512562812,2586.532663316583
15.09519557800013,12.86,2.0100502512562817,201.00502512562812,2584.9246231155776
15.105285132000063,12.868,2.0100502512562817,201.00502512562812,2586.532663316583
15.115362186999846,12.86,2.0100502512562817,201.00502512562812,2584.9246231155776
15.125440556001195,12.872,1.8425460636515911,201.00502512562812,2587.336683417085
15.135516499000005,12.852,2.0100502512562817,201.00502512562812,2583.316582914573
15.145595702000719,12.872,1.8425460636515911,201.00502512562812,2587.336683417085
15.155672164000862,12.856,2.0100502512562817,184.2546063651591,2368.7772194304853
15.165748606999841,12.872,2.0100502512562817,201.00502512562812,2587.336683417085
15.17582516100083,12.86,2.0100502512562817,201.00502512562812,2584.9246231155776
15.185901734001163,12.872,2.0100502512562817,184.2546063651591,2371.725293132328
15.195977696001137,12.864,2.0100502512562817,201.00502512562812,2585.7286432160804
15.206064325000625,12.872,1.8425460636515911,201.00502512562812,2587.336683417085
15.216157767999903,12.86,2.0100502512562817,201.00502512562812,2584.9246231155776
15.22624015600013,12.868,2.0100502512562817,201.00502512562812,2586.532663316583
15.236321840000528,12.864,2.0100502512562817,184.2546063651591,2370.2512562814068
15.246402635000777,12.868,2.0100502512562817,201.00502512562812,2586.532663316583
15.256485040999905,12.864,2.0100502512562817,184.2546063651591,2370.2512562814068
15.266565521000302,12.872,2.0100502512562817,201.00502512562812,2587.336683417085
15.276648483000827,12.86,2.0100502512562817,201.00502512562812,2584.9246231155776
15.286725371001012,12.872,2.0100502512562817,201.00502512562812,2587.336683417085
15.296809147999738,12.86,2.0100502512562817,201.00502512562812,2584.9246231155776
15.306889942999987,12.872,2.0100502512562817,201.00502512562812,2587.336683417085
15.316965627000172,12.856,2.0100502512562817,201.00502512562812,2584.120603015075
15.327042181001161,12.872,2.0100502512562817,201.00502512562812,2587.336683417085
15.337120291000247,12.86,2.0100502512562817,201.00502512562812,2584.9246231155776
15.347196642000199,12.872,2.0100502512562817,201.00502512562812,2587.336683417085
15.35727377100011,12.864,2.0100502512562817,201.00502512562812,2585.7286432160804
15.367350120999618,12.872,2.0100502512562817,184.2546063651591,2371.725293132328
15.37742788000105,12.856,2.0100502512562817,184.2546063651591,2368.7772194304853
15.38750034199984,12.876,2.0100502512562817,201.00502512562812,2588.1407035175876
15.39757841500068,12.856,2.0100502512562817,201.00502512562812,2584.120603015075
15.407662432000507,12.872,2.0100502512562817,184.2546063651591,2371.725293132328
15.41774407900084,12.86,2.0100502512562817,201.00502512562812,2584.9246231155776
15.427825152000878,12.868,2.0100502512562817,201.00502512562812,2586.532663316583
15.437905799000873,12.86,2.0100502512562817,201.00502512562812,2584.9246231155776
15.44798240900127,12.868,2.0100502512562817,201.00502512562812,2586.532663316583
15.45806370399987,12.864,2.0100502512562817,201.00502512562812,2585.7286432160804
15.468144499000118,12.872,2.0100502512562817,201.00502512562812,2587.336683417085
15.478225627999564,12.864,2.0100502512562817,201.00502512562812,2585.7286432160804
15.488306311999622,12.872,2.0100502512562817,201.00502512562812,2587.336683417085
15.4983870140004,12.856,2.0100502512562817,201.00502512562812,2584.120603015075
15.508468050000374,12.876,2.0100502512562817,201.00502512562812,2588.1407035175876
15.51854806800111,12.852,2.0100502512562817,201.00502512562812,2583.316582914573
15.528630974000407,12.872,2.0100502512562817,201.00502512562812,2587.336683417085
15.538711602001058,12.852,2.0100502512562817,201.00502512562812,2583.316582914573
15.548793805000969,12.872,2.0100502512562817,201.00502512562812,2587.336683417085
15.558874858999843,12.86,2.0100502512562817,201.00502512562812,2584.9246231155776
15.568957247000071,12.876,1.8425460636515911,201.00502512562812,2588.1407035175876
15.579037301000426,12.864,2.0100502512562817,201.00502512562812,2585.7286432160804
15.589118541000062,12.876,2.0100502512562817,201.00502512562812,2588.1407035175876
15.599199391999719,12.864,2.0100502512562817,201.00502512562812,2585.7286432160804
15.609290316000624,12.876,1.8425460636515911,201.00502512562812,2588.1407035175876
15.61937166700045,12.856,2.0100502512562817,184.2546063651591,2368.7772194304853
15.629452870000023,12.868,2.0100502512562817,201.00502512562812,2586.532663316583
15.63953346100061,12.856,2.0100502512562817,201.00502512562812,2584.120603015075
15.649614312000267,12.872,2.0100502512562817,201.00502512562812,2587.336683417085
15.65969503300039,12.86,2.0100502512562817,201.00502512562812,2584.9246231155776
15.669776013000956,12.872,2.0100502512562817,201.00502512562812,2587.336683417085
15.679857549001099,12.864,1.8425460636515911,201.00502512562812,2585.7286432160804
15.68993845499972,12.868,2.0100502512562817,184.2546063651591,2370.9882747068673
15.700019677000455,12.864,2.0100502512562817,184.2546063651591,2370.2512562814068
15.710122767999565,12.876,2.0100502512562817,201.00502512562812,2588.1407035175876
15.720204396000554,12.86,2.0100502512562817,201.00502512562812,2584.9246231155776
15.730285562000063,12.872,2.0100502512562817,184.2546063651591,2371.725293132328
15.740366857000481,12.848,2.0100502512562817,201.00502512562812,2582.5125628140704
15.750448337001217,12.876,2.0100502512562817,201.00502512562812,2588.1407035175876
15.76053096600117,12.856,2.0100502512562817,201.00502512562812,2584.120603015075
15.770612538999558,12.876,2.0100502512562817,184.2546063651591,2372.4623115577883
15.780694834000315,12.86,2.0100502512562817,201.00502512562812,2584.9246231155776
15.790776018000543,12.876,2.0100502512562817,201.00502512562812,2588.1407035175876
15.800857182999607,12.86,2.0100502512562817,201.00502512562812,2584.9246231155776
15.810960663000515,12.872,1.8425460636515911,201.00502512562812,2587.336683417085
15.82104190300015,12.86,2.0100502512562817,201.00502512562812,2584.9246231155776
15.83112158699987,12.868,2.0100502512562817,201.00502512562812,2586.532663316583
15.84120319700014,12.856,2.0100502512562817,201.00502512562812,2584.120603015075
15.851284510999903,12.872,2.0100502512562817,201.00502512562812,2587.336683417085
15.861365824001041,12.856,2.0100502512562817,201.00502512562812,2584.120603015075
15.871446823000952,12.872,2.0100502512562817,184.2546063651591,2371.725293132328
15.881528026000524,12.856,2.0100502512562817,201.00502512562812,2584.120603015075
15.891609153999525,12.9,1.8425460636515911,184.2546063651591,2376.8844221105524
15.901689448999605,12.884,1.8425460636515911,201.00502512562812,2589.748743718593
15.911795096000787,12.892,1.8425460636515911,184.2546063651591,2375.4103852596313
15.921875965001163,12.868,1.8425460636515911,201.00502512562812,2586.532663316583
15.931956685999467,12.892,1.8425460636515911,184.2546063651591,2375.4103852596313
15.942037463000815,12.864,1.8425460636515911,201.00502512562812,2585.7286432160804
15.95211885000026,12.896,1.8425460636515911,184.2546063651591,2376.147403685092
15.962199256000531,12.86,1.8425460636515911,184.2546063651591,2369.514237855946
15.972279847999744,12.896,1.8425460636515911,184.2546063651591,2376.147403685092
15.982360754000183,12.864,1.8425460636515911,184.2546063651591,2370.2512562814068
15.992443344999629,12.896,2.0100502512562817,201.00502512562812,2592.1608040201004
16.00252428800013,12.868,2.0100502512562817,184.2546063651591,2370.9882747068673
16.012604990999534,12.896,2.0100502512562817,184.2546063651591,2376.147403685092
16.022684692999974,12.84,1.8425460636515911,184.2546063651591,2365.8291457286427
16.032767192000392,12.864,2.0100502512562817,201.00502512562812,2585.7286432160804
16.042847487000472,12.852,2.0100502512562817,201.00502512562812,2583.316582914573
16.05292978200123,12.876,2.0100502512562817,201.00502512562812,2588.1407035175876
16.06301046599947,12.856,1.8425460636515911,201.00502512562812,2584.120603015075
16.07309039000029,12.88,2.0100502512562817,184.2546063651591,2373.1993299832493
16.083174833000157,12.848,1.8425460636515911,201.00502512562812,2582.5125628140704
16.093253869001273,12.88,2.0100502512562817,184.2546063651591,2373.1993299832493
16.103331756999978,12.848,2.0100502512562817,184.2546063651591,2367.3031825795642
16.11344012600057,12.876,2.0100502512562817,201.00502512562812,2588.1407035175876
16.123520995000945,12.852,2.0100502512562817,201.00502512562812,2583.316582914573
16.13360193799963,12.876,2.0100502512562817,201.00502512562812,2588.1407035175876
16.143681900000956,12.848,2.0100502512562817,201.00502512562812,2582.5125628140704
16.153761880001184,12.88,2.0100502512562817,201.00502512562812,2588.9447236180904
16.1638421380012,12.852,2.0100502512562817,201.00502512562812,2583.316582914573
16.173922469999525,12.88,2.0100502512562817,201.00502512562812,2588.9447236180904
16.183998931999668,12.844,2.0100502512562817,201.00502512562812,2581.7085427135676
16.194079597000382,12.884,2.0100502512562817,201.00502512562812,2589.748743718593
16.204160318000504,12.844,2.0100502512562817,201.00502512562812,2581.7085427135676
16.214356852000492,12.88,2.0100502512562817,201.00502512562812,2588.9447236180904
16.224451183999918,12.848,2.0100502512562817,201.00502512562812,2582.5125628140704
16.23452886800078,12.88,1.8425460636515911,201.00502512562812,2588.9447236180904
16.244605384999886,12.852,2.0100502512562817,201.00502512562812,2583.316582914573
16.254682699000114,12.872,2.0100502512562817,201.00502512562812,2587.336683417085
16.26476014200125,12.852,2.0100502512562817,201.00502512562812,2583.316582914573
16.274836308000886,12.876,2.0100502512562817,184.2546063651591,2372.4623115577883
16.284911991000627,12.848,2.0100502512562817,201.00502512562812,2582.5125628140704
16.294988490000833,12.88,2.0100502512562817,201.00502512562812,2588.9447236180904
16.305065747999834,12.848,2.0100502512562817,201.00502512562812,2582.5125628140704
16.315198357000554,12.884,1.8425460636515911,201.00502512562812,2589.748743718593
16.32528041200021,12.848,2.0100502512562817,201.00502512562812,2582.5125628140704
16.335362484000143,12.88,2.0100502512562817,201.00502512562812,2588.9447236180904
16.34544281700073,12.844,2.0100502512562817,201.00502512562812,2581.7085427135676
16.35552455600009,12.88,2.0100502512562817,184.2546063651591,2373.1993299832493
16.365605295000933,12.848,2.0100502512562817,201.00502512562812,2582.5125628140704
16.375685961000272,12.88,2.0100502512562817,201.00502512562812,2588.9447236180904
16.38576705200103,12.852,2.0100502512562817,184.2546063651591,2368.0402010050248
16.395847642999797,12.88,2.0100502512562817,201.00502512562812,2588.9447236180904
16.405923919999623,12.852,2.0100502512562817,201.00502512562812,2583.316582914573
16.41601338200053,12.88,2.0100502512562817,201.00502512562812,2588.9447236180904
16.426088788000925,12.848,2.0100502512562817,184.2546063651591,2367.3031825795642
16.43616537900016,12.876,2.0100502512562817,184.2546063651591,2372.4623115577883
16.44624135900085,12.848,2.0100502512562817,201.00502512562812,2582.5125628140704
16.456317653999577,12.872,2.0100502512562817,184.2546063651591,2371.725293132328
16.466393689999677,12.852,2.0100502512562817,201.00502512562812,2583.316582914573
16.476469930001258,12.876,2.0100502512562817,184.2546063651591,2372.4623115577883
16.486546484000428,12.856,2.0100502512562817,201.00502512562812,2584.120603015075
16.496624224000698,12.876,2.0100502512562817,201.00502512562812,2588.1407035175876
16.506700629999614,12.848,2.0100502512562817,201.00502512562812,2582.5125628140704
16.51677714700054,12.884,1.8425460636515911,201.00502512562812,2589.748743718593
16.526858072000323,12.848,2.0100502512562817,201.00502512562812,2582.5125628140704
16.53694149600051,12.884,1.8425460636515911,201.00502512562812,2589.748743718593
16.54702232800082,12.844,2.0100502512562817,201.00502512562812,2581.7085427135676
16.55710321600054,12.88,2.0100502512562817,201.00502512562812,2588.9447236180904
16.567184474000896,12.848,2.0100502512562817,201.00502512562812,2582.5125628140704
16.57726421299958,12.884,2.0100502512562817,201.00502512562812,2589.748743718593
16.587343805000273,12.852,2.0100502512562817,201.00502512562812,2583.316582914573
16.597424600000522,12.88,2.0100502512562817,201.00502512562812,2588.9447236180904
16.607505617001152,12.856,2.0100502512562817,201.00502512562812,2584.120603015075
16.61759700500079,12.88,2.0100502512562817,201.00502512562812,2588.9447236180904
16.6276778370011,12.852,2.0100502512562817,201.00502512562812,2583.316582914573
16.637757798000166,12.876,2.0100502512562817,201.00502512562812,2588.1407035175876
16.64783883400014,12.848,2.0100502512562817,201.00502512562812,2582.5125628140704
16.657918591999987,12.876,2.0100502512562817,201.00502512562812,2588.1407035175876
16.66799833100049,12.848,2.0100502512562817,201.00502512562812,2582.5125628140704
16.67807971900038,12.88,2.0100502512562817,201.00502512562812,2588.9447236180904
16.688160051000523,12.852,2.0100502512562817,201.00502512562812,2583.316582914573
16.69824053100092,12.88,2.0100502512562817,201.00502512562812,2588.9447236180904
16.708322030001,12.852,1.8425460636515911,201.00502512562812,2583.316582914573
16.718428047000998,12.88,2.0100502512562817,201.00502512562812,2588.9447236180904
16.728508509000676,12.856,2.0100502512562817,201.00502512562812,2584.120603015075
16.73858989600012,12.884,2.0100502512562817,201.00502512562812,2589.748743718593
16.74867241300126,12.848,2.0100502512562817,201.00502512562812,2582.5125628140704
16.758753375001106,12.884,1.8425460636515911,201.00502512562812,2589.748743718593
16.76883641099994,12.84,2.0100502512562817,201.00502512562812,2580.904522613065
16.77891713200006,12.884,2.0100502512562817,201.00502512562812,2589.748743718593
16.788998686000923,12.844,2.0100502512562817,201.00502512562812,2581.7085427135676
16.79907855500096,12.884,2.0100502512562817,201.00502512562812,2589.748743718593
16.80915857200125,12.848,2.0100502512562817,201.00502512562812,2582.5125628140704
16.819263552000848,12.88,2.0100502512562817,201.00502512562812,2588.9447236180904
16.829344181000124,12.856,1.8425460636515911,201.00502512562812,2584.120603015075
16.839424605001113,12.88,2.0100502512562817,201.00502512562812,2588.9447236180904
16.8495049739995,12.852,2.0100502512562817,201.00502512562812,2583.316582914573
16.859585603000596,12.884,2.0100502512562817,201.00502512562812,2589.748743718593
16.869666415999745,12.852,2.0100502512562817,184.2546063651591,2368.0402010050248
16.87974654500067,12.888,2.0100502512562817,184.2546063651591,2374.6733668341703
16.889827099001195,12.852,2.0100502512562817,201.00502512562812,2583.316582914573
16.899907078999604,12.884,2.0100502512562817,201.00502512562812,2589.748743718593
16.909987967001143,12.888,1.8425460636515911,184.2546063651591,2374.6733668341703
16.920093501999872,12.9,1.8425460636515911,184.2546063651591,2376.8844221105524
16.930173519000164,12.868,1.675041876046901,184.2546063651591,2370.9882747068673
16.940254129000095,12.892,1.8425460636515911,184.2546063651591,2375.4103852596313
16.950334257000577,12.864,2.0100502512562817,184.2546063651591,2370.2512562814068
16.960416441001144,12.892,1.8425460636515911,201.00502512562812,2591.3567839195975
16.970497031999912,12.864,2.0100502512562817,184.2546063651591,2370.2512562814068
16.980577567999717,12.892,1.8425460636515911,184.2546063651591,2375.4103852596313
16.990658066000833,12.868,1.8425460636515911,184.2546063651591,2370.9882747068673
17.00074002800102,12.896,1.8425460636515911,184.2546063651591,2376.147403685092
17.010820266999872,12.868,1.8425460636515911,184.2546063651591,2370.9882747068673
17.020919636001054,12.896,1.8425460636515911,184.2546063651591,2376.147403685092
17.031000597000457,12.844,2.0100502512562817,201.00502512562812,2581.7085427135676
17.041081355000642,12.864,2.0100502512562817,201.00502512562812,2585.7286432160804
17.05116131700015,12.852,2.0100502512562817,201.00502512562812,2583.316582914573
17.061242204001246,12.868,2.0100502512562817,201.00502512562812,2586.532663316583
17.071329610000248,12.86,2.0100502512562817,201.00502512562812,2584.9246231155776
17.08140890499999,12.872,2.0100502512562817,201.00502512562812,2587.336683417085
17.091490681001233,12.856,2.0100502512562817,201.00502512562812,2584.120603015075
17.101570975999493,12.88,1.8425460636515911,201.00502512562812,2588.9447236180904
17.11165064099987,12.852,2.0100502512562817,201.00502512562812,2583.316582914573
17.121739918000458,12.88,2.0100502512562817,201.00502512562812,2588.9447236180904
17.13181723100024,12.856,2.0100502512562817,201.00502512562812,2584.120603015075
17.141893821999474,12.872,2.0100502512562817,201.00502512562812,2587.336683417085
17.15197011700002,12.852,2.0100502512562817,201.00502512562812,2583.316582914573
17.162046894000014,12.876,2.0100502512562817,201.00502512562812,2588.1407035175876
17.172123706999628,12.852,2.0100502512562817,201.00502512562812,2583.316582914573
17.18220005799958,12.876,2.0100502512562817,201.00502512562812,2588.1407035175876
17.19227635199968,12.852,2.0100502512562817,201.00502512562812,2583.316582914573
17.20235259200126,12.88,2.0100502512562817,201.00502512562812,2588.9447236180904
17.21244271999967,12.852,2.0100502512562817,184.2546063651591,2368.0402010050248
17.22259619900069,12.88,2.0100502512562817,201.00502512562812,2588.9447236180904
17.232678475000284,12.852,2.0100502512562817,201.00502512562812,2583.316582914573
17.24275943700013,12.88,2.0100502512562817,201.00502512562812,2588.9447236180904
17.25284112100053,12.852,2.0100502512562817,184.2546063651591,2368.0402010050248
17.26292143399951,12.876,2.0100502512562817,201.00502512562812,2588.1407035175876
17.27300287700018,12.856,2.0100502512562817,201.00502512562812,2584.120603015075
17.283085839000705,12.872,1.8425460636515911,201.00502512562812,2587.336683417085
17.29316733700034,12.856,1.8425460636515911,184.2546063651591,2368.7772194304853
17.30324863200076,12.872,2.0100502512562817,201.00502512562812,2587.336683417085
17.313329796999824,12.856,2.0100502512562817,201.00502512562812,2584.120603015075
17.323438703000647,12.876,2.0100502512562817,201.00502512562812,2588.1407035175876
17.333516368000346,12.856,2.0100502512562817,201.00502512562812,2584.120603015075
17.34359753300123,12.88,2.0100502512562817,201.00502512562812,2588.9447236180904
17.353679384001225,12.848,1.8425460636515911,201.00502512562812,2582.5125628140704
17.363760623000417,12.88,2.0100502512562817,184.2546063651591,2373.1993299832493
17.373840899001152,12.848,2.0100502512562817,201.00502512562812,2582.5125628140704
17.38392115700117,12.88,2.0100502512562817,184.2546063651591,2373.1993299832493
17.39400186000057,12.852,2.0100502512562817,217.75544388609717,2798.592964824121
17.404082543000186,12.876,2.0100502512562817,201.00502512562812,2588.1407035175876
17.414163634000943,12.856,1.8425460636515911,201.00502512562812,2584.120603015075
17.424256280999543,12.876,2.0100502512562817,201.00502512562812,2588.1407035175876
17.43432915000085,12.852,2.0100502512562817,201.00502512562812,2583.316582914573
17.44440800099983,12.88,1.8425460636515911,201.00502512562812,2588.9447236180904
17.454485055000987,12.852,2.0100502512562817,201.00502512562812,2583.316582914573
17.464562183000453,12.876,2.0100502512562817,201.00502512562812,2588.1407035175876
17.474637608000194,12.856,2.0100502512562817,201.00502512562812,2584.120603015075
17.484716032000506,12.872,2.0100502512562817,184.2546063651591,2371.725293132328
17.49478917899978,12.856,2.0100502512562817,201.00502512562812,2584.120603015075
17.50486563999948,12.872,2.0100502512562817,184.2546063651591,2371.725293132328
17.514941602001272,12.856,2.0100502512562817,201.00502512562812,2584.120603015075
17.525017582000146,12.876,2.0100502512562817,201.00502512562812,2588.1407035175876
17.535098766000374,12.86,2.0100502512562817,201.00502512562812,2584.9246231155776
17.54517930200018,12.904,1.8425460636515911,184.2546063651591,2377.621440536013
17.555260430001,12.88,1.8425460636515911,201.00502512562812,2588.9447236180904
17.565341298999556,12.892,2.0100502512562817,184.2546063651591,2375.4103852596313
17.575423242000397,12.864,2.0100502512562817,184.2546063651591,2370.2512562814068
17.585503166001217,12.892,2.0100502512562817,201.00502512562812,2591.3567839195975
17.59558336900045,12.872,2.0100502512562817,184.2546063651591,2371.725293132328
17.60566451500017,12.892,2.0100502512562817,184.2546063651591,2375.4103852596313
17.61574601400025,12.876,1.8425460636515911,201.00502512562812,2588.1407035175876
17.625821511999675,12.88,1.8425460636515911,184.2546063651591,2373.1993299832493
17.635901678000664,12.88,1.8425460636515911,184.2546063651591,2373.1993299832493
17.645981417001167,12.88,1.8425460636515911,201.00502512562812,2588.9447236180904
17.65606115599985,12.876,1.8425460636515911,184.2546063651591,2372.4623115577883
17.666140859000734,12.852,2.0100502512562817,201.00502512562812,2583.316582914573
17.676221783000074,12.852,2.0100502512562817,201.00502512562812,2583.316582914573
17.686301355999603,12.864,2.0100502512562817,201.00502512562812,2585.7286432160804
17.696410984000977,12.86,2.0100502512562817,184.2546063651591,2369.514237855946
17.706492482000613,12.872,2.0100502512562817,201.00502512562812,2587.336683417085
17.716576017999614,12.864,2.0100502512562817,201.00502512562812,2585.7286432160804
17.72666633100016,12.864,2.1775544388609713,184.2546063651591,2370.2512562814068
17.736749218000114,12.864,2.0100502512562817,217.75544388609717,2801.206030150754
17.746829920999517,12.864,2.0100502512562817,201.00502512562812,2585.7286432160804
17.756909216001077,12.86,1.8425460636515911,201.00502512562812,2584.9246231155776
17.766990436000924,12.868,1.8425460636515911,201.00502512562812,2586.532663316583
17.77707289800128,12.856,2.0100502512562817,201.00502512562812,2584.120603015075
17.78715391500009,12.872,2.0100502512562817,201.00502512562812,2587.336683417085
17.797233784000127,12.86,2.0100502512562817,184.2546063651591,2369.514237855946
17.807315375001053,12.872,2.0100502512562817,201.00502512562812,2587.336683417085
17.817396558999462,12.86,2.0100502512562817,201.00502512562812,2584.9246231155776
17.82748426100079,12.872,2.0100502512562817,201.00502512562812,2587.336683417085
17.83756596300009,12.864,1.8425460636515911,201.00502512562812,2585.7286432160804
17.847642888000337,12.864,2.0100502512562817,201.00502512562812,2585.7286432160804
17.857724163999592,12.864,2.0100502512562817,201.00502512562812,2585.7286432160804
17.86780464399999,12.86,1.8425460636515911,201.00502512562812,2584.9246231155776
17.877885679999963,12.864,2.0100502512562817,201.00502512562812,2585.7286432160804
17.887966178999704,12.864,2.0100502512562817,201.00502512562812,2585.7286432160804
17.898046510001222,12.864,2.0100502512562817,201.00502512562812,2585.7286432160804
17.90812787899995,12.868,2.0100502512562817,201.00502512562812,2586.532663316583
17.918209155999648,12.864,1.8425460636515911,201.00502512562812,2585.7286432160804
17.928313672000513,12.872,2.0100502512562817,201.00502512562812,2587.336683417085
17.938394486000107,12.864,2.0100502512562817,201.00502512562812,2585.7286432160804
17.94847726199987,12.872,2.0100502512562817,201.00502512562812,2587.336683417085
17.958557981999547,12.864,2.0100502512562817,201.00502512562812,2585.7286432160804
17.968639591999818,12.864,2.0100502512562817,201.00502512562812,2585.7286432160804
17.97872016400106,12.856,2.0100502512562817,201.00502512562812,2584.120603015075
17.988802625999597,12.864,2.0100502512562817,201.00502512562812,2585.7286432160804
17.99888390200067,12.86,2.0100502512562817,201.00502512562812,2584.9246231155776
18.008966493000116,12.868,2.0100502512562817,201.00502512562812,2586.532663316583
18.019046621000598,12.864,2.0100502512562817,201.00502512562812,2585.7286432160804
18.02912276800089,12.872,2.0100502512562817,201.00502512562812,2587.336683417085
18.039203747999636,12.86,2.0100502512562817,201.00502512562812,2584.9246231155776
18.049285061000774,12.872,2.0100502512562817,201.00502512562812,2587.336683417085
18.059366411000155,12.864,2.0100502512562817,201.00502512562812,2585.7286432160804
18.069443354001123,12.86,2.0100502512562817,201.00502512562812,2584.9246231155776
18.07952820399987,12.864,2.0100502512562817,184.2546063651591,2370.2512562814068
18.08960951700101,12.856,1.8425460636515911,201.00502512562812,2584.120603015075
18.099690701001236,12.864,2.0100502512562817,201.00502512562812,2585.7286432160804
18.10977060699952,12.864,2.0100502512562817,201.00502512562812,2585.7286432160804
18.119852087000254,12.864,2.0100502512562817,201.00502512562812,2585.7286432160804
18.129942474000927,12.872,2.0100502512562817,201.00502512562812,2587.336683417085
18.14001956500033,12.864,1.8425460636515911,184.2546063651591,2370.2512562814068
18.150096415000007,12.872,2.0100502512562817,201.00502512562812,2587.336683417085
18.160173303000192,12.868,2.0100502512562817,201.00502512562812,2586.532663316583
18.17024998600027,12.864,1.8425460636515911,201.00502512562812,2585.7286432160804
18.18032659600067,12.86,2.0100502512562817,201.00502512562812,2584.9246231155776
18.19040324300113,12.864,1.8425460636515911,184.2546063651591,2370.2512562814068
18.200482000000193,12.86,2.0100502512562817,201.00502512562812,2584.9246231155776
18.210578850001184,12.868,2.0100502512562817,201.00502512562812,2586.532663316583
18.220660553000926,12.864,2.0100502512562817,184.2546063651591,2370.2512562814068
18.23073769900111,12.868,2.0100502512562817,201.00502512562812,2586.532663316583
18.24081766100062,12.864,2.0100502512562817,184.2546063651591,2370.2512562814068
18.250899566000953,12.872,2.0100502512562817,201.00502512562812,2587.336683417085
18.2609806950004,12.864,2.0100502512562817,201.00502512562812,2585.7286432160804
18.271061711000584,12.868,2.0100502512562817,201.00502512562812,2586.532663316583
18.281142932000876,12.864,2.0100502512562817,201.00502512562812,2585.7286432160804
18.291223412001273,12.856,2.0100502512562817,201.00502512562812,2584.120603015075
18.301304947000972,12.868,2.0100502512562817,201.00502512562812,2586.532663316583
18.3113861310012,12.86,2.0100502512562817,201.00502512562812,2584.9246231155776
18.32146825900054,12.864,2.0100502512562817,201.00502512562812,2585.7286432160804
18.331580424001004,12.864,2.0100502512562817,201.00502512562812,2585.7286432160804
18.34166031099994,12.864,1.8425460636515911,201.00502512562812,2585.7286432160804
18.351741291000508,12.868,2.0100502512562817,201.00502512562812,2586.532663316583
18.361819308000122,12.864,2.0100502512562817,201.00502512562812,2585.7286432160804
18.37190073199963,12.872,2.0100502512562817,201.00502512562812,2587.336683417085
18.381981378999626,12.86,2.0100502512562817,201.00502512562812,2584.9246231155776
18.39206221099994,12.872,2.0100502512562817,201.00502512562812,2587.336683417085
18.40214296799968,12.864,2.0100502512562817,201.00502512562812,2585.7286432160804
18.41222307800126,12.864,2.0100502512562817,201.00502512562812,2585.7286432160804
18.422304132000136,12.864,2.0100502512562817,201.00502512562812,2585.7286432160804
18.43239716700009,12.864,2.0100502512562817,201.00502512562812,2585.7286432160804
18.442474351000783,12.864,2.0100502512562817,201.00502512562812,2585.7286432160804
18.452552164000736,12.868,2.0100502512562817,201.00502512562812,2586.532663316583
18.462628532999588,12.864,2.0100502512562817,201.00502512562812,2585.7286432160804
18.472704365000027,12.864,2.0100502512562817,201.00502512562812,2585.7286432160804
18.482779789001142,12.864,2.0100502512562817,201.00502512562812,2585.7286432160804
18.4928553990012,12.86,2.1775544388609713,184.2546063651591,2369.514237855946
18.502931693999926,12.868,1.8425460636515911,201.00502512562812,2586.532663316583
18.513008137000725,12.86,2.0100502512562817,201.00502512562812,2584.9246231155776
18.52308009800072,12.868,2.0100502512562817,184.2546063651591,2370.9882747068673
18.533165208000355,12.86,2.0100502512562817,201.00502512562812,2584.9246231155776
18.54324792800071,12.868,2.0100502512562817,201.00502512562812,2586.532663316583
18.553328908001276,12.864,2.0100502512562817,201.00502512562812,2585.7286432160804
18.563409796000997,12.864,2.0100502512562817,201.00502512562812,2585.7286432160804
18.573490405000484,12.868,2.0100502512562817,201.00502512562812,2586.532663316583
18.583571348000987,12.86,2.0100502512562817,201.00502512562812,2584.9246231155776
18.593652253999608,12.868,2.0100502512562817,184.2546063651591,2370.9882747068673
18.603733899999497,12.86,2.1775544388609713,201.00502512562812,2584.9246231155776
18.613815157999852,12.872,2.0100502512562817,201.00502512562812,2587.336683417085
18.623895897000693,12.864,2.0100502512562817,201.00502512562812,2585.7286432160804
18.633985136000774,12.864,1.8425460636515911,184.2546063651591,2370.2512562814068
18.64406541199969,12.864,2.0100502512562817,201.00502512562812,2585.7286432160804
18.654145522001272,12.864,2.0100502512562817,201.00502512562812,2585.7286432160804
18.66422639099983,12.868,2.0100502512562817,201.00502512562812,2586.532663316583
18.674307815001157,12.868,2.0100502512562817,201.00502512562812,2586.532663316583
18.684406165000837,12.868,2.0100502512562817,201.00502512562812,2586.532663316583
18.694486071000938,12.864,2.0100502512562817,201.00502512562812,2585.7286432160804
18.704568680999728,12.864,2.0100502512562817,184.2546063651591,2370.2512562814068
18.71465003100093,12.868,2.0100502512562817,201.00502512562812,2586.532663316583
18.724732826000036,12.864,2.0100502512562817,201.00502512562812,2585.7286432160804
18.734837657000753,12.868,2.0100502512562817,201.00502512562812,2586.532663316583
18.74491865500022,12.868,2.0100502512562817,184.2546063651591,2370.9882747068673
18.754998358001103,12.86,2.0100502512562817,201.00502512562812,2584.9246231155776
18.765079097000125,12.868,2.0100502512562817,184.2546063651591,2370.9882747068673
18.77515976200084,12.864,2.0100502512562817,201.00502512562812,2585.7286432160804
18.785241057001258,12.856,2.0100502512562817,201.00502512562812,2584.120603015075
18.795320740000534,12.864,2.0100502512562817,201.00502512562812,2585.7286432160804
18.80540133100112,12.856,2.0100502512562817,201.00502512562812,2584.120603015075
18.81548168200061,12.868,2.0100502512562817,201.00502512562812,2586.532663316583
18.825561920999462,12.856,2.0100502512562817,201.00502512562812,2584.120603015075
18.835669197000243,12.868,2.0100502512562817,201.00502512562812,2586.532663316583
18.84575008399952,12.86,2.0100502512562817,201.00502512562812,2584.9246231155776
18.855831360000593,12.872,2.0100502512562817,201.00502512562812,2587.336683417085
18.865912081000715,12.86,2.0100502512562817,184.2546063651591,2369.514237855946
18.87599396800033,12.86,2.0100502512562817,201.00502512562812,2584.9246231155776
18.886074928999733,12.864,2.0100502512562817,201.00502512562812,2585.7286432160804
18.89615578000121,12.856,2.0100502512562817,201.00502512562812,2584.120603015075
18.906236759999956,12.86,2.0100502512562817,201.00502512562812,2584.9246231155776
18.91631773900008,12.864,2.0100502512562817,201.00502512562812,2585.7286432160804
18.926398756000708,12.864,2.0100502512562817,201.00502512562812,2585.7286432160804
18.936505290999776,12.868,2.0100502512562817,201.00502512562812,2586.532663316583
18.946585290001167,12.86,2.0100502512562817,201.00502512562812,2584.9246231155776
18.95666532500036,12.872,1.8425460636515911,184.2546063651591,2371.725293132328
18.966746526999486,12.86,2.0100502512562817,201.00502512562812,2584.9246231155776
18.97682902499946,12.864,2.0100502512562817,201.00502512562812,2585.7286432160804
18.98690972700024,12.856,2.0100502512562817,201.00502512562812,2584.120603015075
18.996992262000276,12.864,2.0100502512562817,201.00502512562812,2585.7286432160804
19.007073149999997,12.856,2.1775544388609713,201.00502512562812,2584.120603015075
19.01715483299995,12.868,2.1775544388609713,201.00502512562812,2586.532663316583
19.027236091000304,12.856,2.0100502512562817,201.00502512562812,2584.120603015075
19.037325458999476,12.868,1.8425460636515911,201.00502512562812,2586.532663316583
19.047406772000613,12.86,2.0100502512562817,201.00502512562812,2584.9246231155776
19.057488308000757,12.868,2.0100502512562817,201.00502512562812,2586.532663316583
19.067569232000096,12.852,2.0100502512562817,201.00502512562812,2583.316582914573
19.077655303999563,12.868,2.0100502512562817,201.00502512562812,2586.532663316583
19.08773721000034,12.86,2.0100502512562817,201.00502512562812,2584.9246231155776
19.09781365300114,12.86,2.0100502512562817,201.00502512562812,2584.9246231155776
19.107894003000183,12.86,2.0100502512562817,201.00502512562812,2584.9246231155776
19.11797511199984,12.864,2.0100502512562817,201.00502512562812,2585.7286432160804
19.128055888000745,12.86,2.0100502512562817,201.00502512562812,2584.9246231155776
19.138145922999684,12.868,2.0100502512562817,201.00502512562812,2586.532663316583
19.148223292000694,12.856,2.0100502512562817,201.00502512562812,2584.120603015075
19.158299976001217,12.872,2.0100502512562817,217.75544388609717,2802.9480737018425
19.168403177000073,12.856,2.0100502512562817,201.00502512562812,2584.120603015075
19.178480250000575,12.868,2.0100502512562817,201.00502512562812,2586.532663316583
19.188558415000443,12.852,2.0100502512562817,201.00502512562812,2583.316582914573
19.198635024000396,12.864,2.0100502512562817,184.2546063651591,2370.2512562814068
19.208713689000433,12.852,2.0100502512562817,201.00502512562812,2583.316582914573
19.21879537300083,12.864,2.0100502512562817,201.00502512562812,2585.7286432160804
19.228873408001164,12.856,2.0100502512562817,201.00502512562812,2584.120603015075
19.239025349999793,12.872,2.0100502512562817,201.00502512562812,2587.336683417085
19.249109274000148,12.852,1.8425460636515911,201.00502512562812,2583.316582914573
19.259189976000926,12.872,2.0100502512562817,201.00502512562812,2587.336683417085
19.269271548000688,12.856,2.0100502512562817,201.00502512562812,2584.120603015075
19.27935267599969,12.876,2.0100502512562817,201.00502512562812,2588.1407035175876
19.28943358200013,12.852,2.0100502512562817,201.00502512562812,2583.316582914573
19.299514412999997,12.868,2.0100502512562817,201.00502512562812,2586.532663316583
19.3095967270001,12.856,1.8425460636515911,201.00502512562812,2584.120603015075
19.319678003001172,12.872,2.0100502512562817,201.00502512562812,2587.336683417085
19.329758964000575,12.856,2.0100502512562817,201.00502512562812,2584.120603015075
19.33988825800043,12.868,2.0100502512562817,201.00502512562812,2586.532663316583
19.34996497800057,12.856,2.0100502512562817,201.00502512562812,2584.120603015075
19.360043161999783,12.868,2.0100502512562817,201.00502512562812,2586.532663316583
19.37012029000107,12.856,2.0100502512562817,201.00502512562812,2584.120603015075
19.380197233000217,12.872,2.0100502512562817,201.00502512562812,2587.336683417085
19.39027393499964,12.852,2.0100502512562817,201.00502512562812,2583.316582914573
19.40035061799972,12.876,2.0100502512562817,201.00502512562812,2588.1407035175876
19.41042715399999,12.848,2.0100502512562817,201.00502512562812,2582.5125628140704
19.420505337000577,12.872,2.0100502512562817,201.00502512562812,2587.336683417085
19.4305820210011,12.852,2.0100502512562817,201.00502512562812,2583.316582914573
19.44066853699951,12.868,2.0100502512562817,201.00502512562812,2586.532663316583
19.45074914700126,12.852,2.0100502512562817,184.2546063651591,2368.0402010050248
19.46082897800079,12.868,2.0100502512562817,201.00502512562812,2586.532663316583
19.470910254000046,12.852,2.0100502512562817,201.00502512562812,2583.316582914573
19.480984808000358,12.872,2.0100502512562817,201.00502512562812,2587.336683417085
19.491065510001135,12.852,2.0100502512562817,201.00502512562812,2583.316582914573
19.50114654600111,12.868,2.0100502512562817,201.00502512562812,2586.532663316583
19.5112267479999,12.852,2.0100502512562817,184.2546063651591,2368.0402010050248
19.521306726999683,12.872,2.0100502512562817,201.00502512562812,2587.336683417085
19.531387336999614,12.852,1.8425460636515911,201.00502512562812,2583.316582914573
19.541474539000774,12.876,2.0100502512562817,201.00502512562812,2588.1407035175876
19.551555833000748,12.852,1.8425460636515911,201.00502512562812,2583.316582914573
19.561637312999665,12.868,2.0100502512562817,184.2546063651591,2370.9882747068673
19.571717718999935,12.852,2.0100502512562817,201.00502512562812,2583.316582914573
19.581797865001136,12.872,2.0100502512562817,201.00502512562812,2587.336683417085
19.591877844999544,12.848,2.0100502512562817,184.2546063651591,2367.3031825795642
19.601958880000893,12.876,2.0100502512562817,184.2546063651591,2372.4623115577883
19.612039490000825,12.844,2.0100502512562817,201.00502512562812,2581.7085427135676
19.622120099000313,12.876,2.0100502512562817,184.2546063651591,2372.4623115577883
19.632201116000942,12.848,2.0100502512562817,201.00502512562812,2582.5125628140704
19.64228940999965,12.876,2.0100502512562817,201.00502512562812,2588.1407035175876
19.652370279000024,12.848,2.0100502512562817,201.00502512562812,2582.5125628140704
19.66245166599947,12.872,2.0100502512562817,201.00502512562812,2587.336683417085
19.672533331000523,12.848,2.0100502512562817,201.00502512562812,2582.5125628140704
19.682613515000412,12.872,2.0100502512562817,201.00502512562812,2587.336683417085
19.692694290999498,12.852,2.0100502512562817,201.00502512562812,2583.316582914573
19.7027756410007,12.868,2.0100502512562817,184.2546063651591,2370.9882747068673
19.712858545999552,12.852,2.0100502512562817,201.00502512562812,2583.316582914573
19.72293780400105,12.872,2.0100502512562817,201.00502512562812,2587.336683417085
19.73302106200026,12.848,2.0100502512562817,201.00502512562812,2582.5125628140704
19.743128485000852,12.876,2.0100502512562817,201.00502512562812,2588.1407035175876
19.75320983600068,12.848,2.0100502512562817,201.00502512562812,2582.5125628140704
19.7632909820004,12.876,2.0100502512562817,201.00502512562812,2588.1407035175876
19.773372053999992,12.852,2.0100502512562817,201.00502512562812,2583.316582914573
19.783452830000897,12.872,1.8425460636515911,201.00502512562812,2587.336683417085
19.793533366000702,12.848,2.0100502512562817,201.00502512562812,2582.5125628140704
19.80361380800059,12.872,2.0100502512562817,201.00502512562812,2587.336683417085
19.81369510300101,12.848,2.0100502512562817,217.75544388609717,2797.7219430485766
19.823776897999778,12.876,2.0100502512562817,201.00502512562812,2588.1407035175876
19.83385856300083,12.848,2.0100502512562817,201.00502512562812,2582.5125628140704
19.843963561001146,12.876,2.0100502512562817,201.00502512562812,2588.1407035175876
19.854044892001184,12.848,2.0100502512562817,201.00502512562812,2582.5125628140704
19.864125834999868,12.88,2.0100502512562817,201.00502512562812,2588.9447236180904
19.874207037000815,12.848,2.0100502512562817,201.00502512562812,2582.5125628140704
19.884288053999626,12.88,2.0100502512562817,184.2546063651591,2373.1993299832493
19.894365662999917,12.852,2.0100502512562817,184.2546063651591,2368.0402010050248
19.90444992099947,12.868,2.0100502512562817,201.00502512562812,2586.532663316583
19.914530456000648,12.852,2.0100502512562817,201.00502512562812,2583.316582914573
19.924613047000094,12.868,2.0100502512562817,201.00502512562812,2586.532663316583
19.93469395200009,12.852,2.0100502512562817,201.00502512562812,2583.316582914573
19.944784580000487,12.876,2.0100502512562817,201.00502512562812,2588.1407035175876
19.954865577999954,12.852,2.0100502512562817,201.00502512562812,2583.316582914573
19.964947538999695,12.876,2.0100502512562817,201.00502512562812,2588.1407035175876
19.97502809300022,12.848,2.0100502512562817,201.00502512562812,2582.5125628140704
19.985108701999707,12.88,2.0100502512562817,201.00502512562812,2588.9447236180904
19.99518955200074,12.852,2.0100502512562817,201.00502512562812,2583.316582914573
20.00527058700027,12.876,2.0100502512562817,201.00502512562812,2588.1407035175876
20.015351993000877,12.844,2.0100502512562817,201.00502512562812,2581.7085427135676
20.02543247200083,12.872,2.0100502512562817,201.00502512562812,2587.336683417085
20.03551204500036,12.848,2.0100502512562817,201.00502512562812,2582.5125628140704
20.04561652400116,12.876,2.0100502512562817,201.00502512562812,2588.1407035175876
20.055696318000628,12.848,1.8425460636515911,201.00502512562812,2582.5125628140704
20.065777002000686,12.876,2.0100502512562817,201.00502512562812,2588.1407035175876
20.075860463000936,12.848,2.0100502512562817,201.00502512562812,2582.5125628140704
20.085937146001015,12.88,2.0100502512562817,201.00502512562812,2588.9447236180904
20.096018570000524,12.848,2.0100502512562817,201.00502512562812,2582.5125628140704
20.106099587001154,12.876,2.0100502512562817,184.2546063651591,2372.4623115577883
20.116180770000938,12.848,2.0100502512562817,201.00502512562812,2582.5125628140704
20.126261823999812,12.868,2.0100502512562817,201.00502512562812,2586.532663316583
20.136342191999574,12.852,2.0100502512562817,201.00502512562812,2583.316582914573
20.146432319999803,12.872,2.0100502512562817,201.00502512562812,2587.336683417085
20.156511188999502,12.852,2.0100502512562817,201.00502512562812,2583.316582914573
20.166587502000766,12.876,2.0100502512562817,184.2546063651591,2372.4623115577883
20.176665795999725,12.848,2.0100502512562817,201.00502512562812,2582.5125628140704
20.186742146001052,12.88,2.0100502512562817,201.00502512562812,2588.9447236180904
20.196819533000962,12.848,2.0100502512562817,201.00502512562812,2582.5125628140704
20.20689636499992,12.876,2.0100502512562817,184.2546063651591,2372.4623115577883
20.216983881000488,12.844,2.0100502512562817,201.00502512562812,2581.7085427135676
20.227061379000588,12.876,1.8425460636515911,201.00502512562812,2588.1407035175876
20.23713945199961,12.844,2.1775544388609713,201.00502512562812,2581.7085427135676
20.24729083800048,12.876,1.8425460636515911,201.00502512562812,2588.1407035175876
20.257374040000286,12.848,2.0100502512562817,201.00502512562812,2582.5125628140704
20.267455537999922,12.876,2.0100502512562817,201.00502512562812,2588.1407035175876
20.277536814000996,12.848,2.0100502512562817,201.00502512562812,2582.5125628140704
20.28761766400021,12.876,2.0100502512562817,201.00502512562812,2588.1407035175876
20.29769851400124,12.848,2.0100502512562817,201.00502512562812,2582.5125628140704
20.307780197001193,12.876,2.0100502512562817,201.00502512562812,2588.1407035175876
20.317861602999983,12.844,2.0100502512562817,201.00502512562812,2581.7085427135676
20.327942378000444,12.876,2.0100502512562817,201.00502512562812,2588.1407035175876
20.338024820999635,12.844,2.0100502512562817,201.00502512562812,2581.7085427135676
20.348172633001013,12.876,2.0100502512562817,201.00502512562812,2588.1407035175876
20.358250113000395,12.852,2.0100502512562817,201.00502512562812,2583.316582914573
20.368326685000284,12.876,2.0100502512562817,184.2546063651591,2372.4623115577883
20.378403165001146,12.852,2.0100502512562817,201.00502512562812,2583.316582914573
20.388481384999977,12.876,2.0100502512562817,201.00502512562812,2588.1407035175876
20.39855897599955,12.848,2.0100502512562817,201.00502512562812,2582.5125628140704
20.408630215000812,12.88,2.0100502512562817,201.00502512562812,2588.9447236180904
20.4187067870007,12.84,2.0100502512562817,201.00502512562812,2580.904522613065
20.428782934000992,12.88,2.0100502512562817,201.00502512562812,2588.9447236180904
20.438859358000627,12.844,2.0100502512562817,201.00502512562812,2581.7085427135676
20.44894502200077,12.88,2.0100502512562817,201.00502512562812,2588.9447236180904
20.459026890999667,12.844,1.8425460636515911,201.00502512562812,2581.7085427135676
20.469108130000677,12.88,2.0100502512562817,201.00502512562812,2588.9447236180904
20.4791891090008,12.848,2.0100502512562817,201.00502512562812,2582.5125628140704
20.48927012599961,12.876,2.0100502512562817,201.00502512562812,2588.1407035175876
20.49935138299952,12.848,2.0100502512562817,201.00502512562812,2582.5125628140704
20.509431714999664,12.876,2.0100502512562817,201.00502512562812,2588.1407035175876
20.51951189800093,12.852,2.0100502512562817,201.00502512562812,2583.316582914573
20.52959395200014,12.872,2.0100502512562817,201.00502512562812,2587.336683417085
20.539674949999608,12.844,2.0100502512562817,201.00502512562812,2581.7085427135676
20.549764929999583,12.876,2.0100502512562817,201.00502512562812,2588.1407035175876
20.55984350200015,12.848,2.0100502512562817,201.00502512562812,2582.5125628140704
20.569916055999784,12.876,2.0100502512562817,184.2546063651591,2372.4623115577883
20.579991276001238,12.848,2.0100502512562817,201.00502512562812,2582.5125628140704
20.590065200000026,12.876,2.0100502512562817,201.00502512562812,2588.1407035175876
20.60014227300053,12.852,2.0100502512562817,201.00502512562812,2583.316582914573
20.61021834500025,12.88,2.0100502512562817,201.00502512562812,2588.9447236180904
20.620294694999757,12.844,2.0100502512562817,201.00502512562812,2581.7085427135676
20.630368619000365,12.88,2.0100502512562817,201.00502512562812,2588.9447236180904
20.640404562000185,12.84,2.0100502512562817,201.00502512562812,2580.904522613065
20.650487838000117,12.88,2.0100502512562817,201.00502512562812,2588.9447236180904
20.660564521000197,12.844,2.0100502512562817,201.00502512562812,2581.7085427135676
20.670646001000932,12.88,2.0100502512562817,201.00502512562812,2588.9447236180904
20.680725203001202,12.848,2.0100502512562817,201.00502512562812,2582.5125628140704
20.690801479000584,12.876,2.0100502512562817,201.00502512562812,2588.1407035175876
20.70087773600062,12.848,2.0100502512562817,201.00502512562812,2582.5125628140704
20.71095893799975,12.876,2.0100502512562817,201.00502512562812,2588.1407035175876
20.721041750999575,12.872,2.0100502512562817,184.2546063651591,2371.725293132328
20.731122453000353,12.9,1.8425460636515911,201.00502512562812,2592.9648241206028
20.74120315500113,12.868,2.0100502512562817,184.2546063651591,2370.9882747068673
20.75129270800062,12.892,2.0100502512562817,184.2546063651591,2375.4103852596313
20.761369502999514,12.864,2.0100502512562817,184.2546063651591,2370.2512562814068
20.771445557000334,12.892,1.8425460636515911,184.2546063651591,2375.4103852596313
20.781523166000625,12.864,1.8425460636515911,184.2546063651591,2370.2512562814068
20.791595812001106,12.888,1.8425460636515911,201.00502512562812,2590.552763819095
20.801672532999874,12.864,2.0100502512562817,201.00502512562812,2585.7286432160804
20.811749104999762,12.888,1.8425460636515911,201.00502512562812,2590.552763819095
20.821823659000074,12.86,2.0100502512562817,201.00502512562812,2584.9246231155776
20.831895971999984,12.892,2.0100502512562817,184.2546063651591,2375.4103852596313
20.84197200699964,12.86,1.8425460636515911,184.2546063651591,2369.514237855946
20.852090894000867,12.864,2.0100502512562817,201.00502512562812,2585.7286432160804
20.862177169999995,12.836,2.0100502512562817,201.00502512562812,2580.100502512563
20.872256112001196,12.876,2.0100502512562817,201.00502512562812,2588.1407035175876
20.88233331400079,12.844,2.0100502512562817,184.2546063651591,2366.5661641541033
20.892408904999684,12.88,2.0100502512562817,201.00502512562812,2588.9447236180904
20.9024855509997,12.848,2.0100502512562817,201.00502512562812,2582.5125628140704
20.912570604999928,12.876,2.0100502512562817,201.00502512562812,2588.1407035175876
20.922650603000875,12.848,2.0100502512562817,201.00502512562812,2582.5125628140704
20.9327346379996,12.868,2.0100502512562817,201.00502512562812,2586.532663316583
20.942814727999576,12.848,2.0100502512562817,201.00502512562812,2582.5125628140704
20.952907319000587,12.872,2.0100502512562817,184.2546063651591,2371.725293132328
20.962984058000075,12.848,1.8425460636515911,201.00502512562812,2582.5125628140704
20.973063462999562,12.876,2.1775544388609713,201.00502512562812,2588.1407035175876
20.983139165000466,12.848,1.8425460636515911,201.00502512562812,2582.5125628140704
20.993216441000186,12.88,2.0100502512562817,201.00502512562812,2588.9447236180904
21.003292198000054,12.848,2.0100502512562817,201.00502512562812,2582.5125628140704
21.01336993699988,12.876,2.0100502512562817,201.00502512562812,2588.1407035175876
21.023446860999684,12.844,2.0100502512562817,201.00502512562812,2581.7085427135676
21.033520210999995,12.876,2.0100502512562817,201.00502512562812,2588.1407035175876
21.0436038200005,12.84,2.0100502512562817,201.00502512562812,2580.904522613065
21.053687483999965,12.876,2.1775544388609713,184.2546063651591,2372.4623115577883
21.0637651119996,12.848,2.0100502512562817,201.00502512562812,2582.5125628140704
21.073850351000146,12.876,2.0100502512562817,201.00502512562812,2588.1407035175876
21.083930793000036,12.844,1.8425460636515911,201.00502512562812,2581.7085427135676
21.094011884000793,12.88,2.0100502512562817,184.2546063651591,2373.1993299832493
21.10408912300045,12.844,2.0100502512562817,201.00502512562812,2581.7085427135676
21.11416441700021,12.88,2.0100502512562817,201.00502512562812,2588.9447236180904
21.124244804001137,12.848,2.0100502512562817,201.00502512562812,2582.5125628140704
21.134324987000582,12.872,2.0100502512562817,201.00502512562812,2587.336683417085
21.144407744001,12.848,2.0100502512562817,201.00502512562812,2582.5125628140704
21.15449787200123,12.868,2.0100502512562817,201.00502512562812,2586.532663316583
21.16457649900076,12.848,2.0100502512562817,201.00502512562812,2582.5125628140704
21.174652404999506,12.876,2.0100502512562817,201.00502512562812,2588.1407035175876
21.184729587999755,12.848,2.0100502512562817,201.00502512562812,2582.5125628140704
21.19480584499979,12.88,2.0100502512562817,201.00502512562812,2588.9447236180904
21.204883529000654,12.848,2.0100502512562817,201.00502512562812,2582.5125628140704
21.21498330400027,12.88,2.0100502512562817,184.2546063651591,2373.1993299832493
21.22506471000088,12.848,2.0100502512562817,201.00502512562812,2582.5125628140704
21.235142485000324,12.88,2.0100502512562817,201.00502512562812,2588.9447236180904
21.245220187000086,12.84,2.0100502512562817,201.00502512562812,2580.904522613065
21.255375184000513,12.876,2.0100502512562817,201.00502512562812,2588.1407035175876
21.265457793000678,12.848,2.0100502512562817,201.00502512562812,2582.5125628140704
21.27553547699972,12.876,2.0100502512562817,201.00502512562812,2588.1407035175876
21.28561693700067,12.848,2.0100502512562817,201.00502512562812,2582.5125628140704
21.295697861000008,12.88,2.0100502512562817,201.00502512562812,2588.9447236180904
21.305778452000595,12.852,2.0100502512562817,201.00502512562812,2583.316582914573
21.315859598000316,12.88,2.0100502512562817,201.00502512562812,2588.9447236180904
21.325941447999867,12.844,2.0100502512562817,184.2546063651591,2366.5661641541033
21.33601853900109,12.876,2.0100502512562817,201.00502512562812,2588.1407035175876
21.34609720300068,12.844,2.0100502512562817,201.00502512562812,2581.7085427135676
21.35623375599971,12.876,2.0100502512562817,201.00502512562812,2588.1407035175876
21.366305736000868,12.848,2.0100502512562817,201.00502512562812,2582.5125628140704
21.37640514099985,12.876,2.0100502512562817,201.00502512562812,2588.1407035175876
21.386483713000416,12.852,1.8425460636515911,201.00502512562812,2583.316582914573
21.39656306300094,12.876,2.0100502512562817,201.00502512562812,2588.1407035175876
21.40664007899977,12.844,2.0100502512562817,201.00502512562812,2581.7085427135676
21.416718189000676,12.88,2.0100502512562817,201.00502512562812,2588.9447236180904
21.42679413100086,12.844,2.0100502512562817,201.00502512562812,2581.7085427135676
21.436871111000073,12.88,2.0100502512562817,201.00502512562812,2588.9447236180904
21.446943646000364,12.84,2.0100502512562817,201.00502512562812,2580.904522613065
21.457016348000252,12.88,2.0100502512562817,201.00502512562812,2588.9447236180904
21.467092160000902,12.844,2.0100502512562817,201.00502512562812,2581.7085427135676
21.477174269999523,12.88,2.0100502512562817,184.2546063651591,2373.1993299832493
21.48725561900028,12.848,2.0100502512562817,201.00502512562812,2582.5125628140704
21.497335969001142,12.876,2.0100502512562817,184.2546063651591,2372.4623115577883
21.507415801001116,12.852,2.0100502512562817,201.00502512562812,2583.316582914573
21.51749141000073,12.876,1.8425460636515911,201.00502512562812,2588.1407035175876
21.527568352001254,12.852,2.0100502512562817,201.00502512562812,2583.316582914573
21.537649257999874,12.872,2.0100502512562817,201.00502512562812,2587.336683417085
21.547729810999954,12.844,2.0100502512562817,201.00502512562812,2581.7085427135676
21.557820604999506,12.872,2.1775544388609713,201.00502512562812,2587.336683417085
21.567897603001256,12.848,2.0100502512562817,201.00502512562812,2582.5125628140704
21.57797026800108,12.872,2.0100502512562817,201.00502512562812,2587.336683417085
21.588041618000716,12.848,2.0100502512562817,201.00502512562812,2582.5125628140704
21.598113727000964,12.872,2.0100502512562817,184.2546063651591,2371.725293132328
21.608190558999922,12.852,2.0100502512562817,201.00502512562812,2583.316582914573
21.61826681599996,12.876,2.0100502512562817,201.00502512562812,2588.1407035175876
21.6283424989997,12.848,2.0100502512562817,201.00502512562812,2582.5125628140704
21.638418349000858,12.88,2.0100502512562817,201.00502512562812,2588.9447236180904
21.6484952360006,12.84,2.0100502512562817,201.00502512562812,2580.904522613065
21.658580270999664,12.88,2.0100502512562817,201.00502512562812,2588.9447236180904
21.668662640000548,12.84,2.0100502512562817,201.00502512562812,2580.904522613065
21.678742063000755,12.912,1.8425460636515911,184.2546063651591,2379.0954773869344
21.688821784000538,12.868,2.0100502512562817,201.00502512562812,2586.532663316583
21.698902689000533,12.896,2.0100502512562817,184.2546063651591,2376.147403685092
21.708983149999767,12.864,1.8425460636515911,184.2546063651591,2370.2512562814068
21.71906350000063,12.892,1.8425460636515911,201.00502512562812,2591.3567839195975
21.729144812999948,12.864,2.0100502512562817,184.2546063651591,2370.2512562814068
21.73922566300098,12.892,2.0100502512562817,201.00502512562812,2591.3567839195975
21.749306494000848,12.86,1.8425460636515911,184.2546063651591,2369.514237855946
21.759396417999596,12.888,2.0100502512562817,184.2546063651591,2374.6733668341703
21.76947771199957,12.86,1.8425460636515911,184.2546063651591,2369.514237855946
21.779559025000708,12.892,2.0100502512562817,201.00502512562812,2591.3567839195975
21.7896390599999,12.86,2.0100502512562817,201.00502512562812,2584.9246231155776
21.79971837300036,12.872,2.0100502512562817,201.00502512562812,2587.336683417085
21.80979901899991,12.836,2.1775544388609713,201.00502512562812,2580.100502512563
21.819878702001006,12.872,2.0100502512562817,201.00502512562812,2587.336683417085
21.829958959000578,12.848,2.0100502512562817,201.00502512562812,2582.5125628140704
21.84003947600104,12.876,2.0100502512562817,201.00502512562812,2588.1407035175876
21.850120641000103,12.844,2.0100502512562817,201.00502512562812,2581.7085427135676
21.860225841999636,12.88,1.8425460636515911,201.00502512562812,2588.9447236180904
21.870306229000562,12.84,2.0100502512562817,201.00502512562812,2580.904522613065
21.880408208000517,12.88,2.0100502512562817,201.00502512562812,2588.9447236180904
21.890488891000132,12.84,2.0100502512562817,201.00502512562812,2580.904522613065
21.900571666999895,12.88,2.0100502512562817,201.00502512562812,2588.9447236180904
21.910651369000334,12.844,1.8425460636515911,201.00502512562812,2581.7085427135676
21.920735884999885,12.884,2.0100502512562817,201.00502512562812,2589.748743718593
21.930816198000684,12.848,2.0100502512562817,201.00502512562812,2582.5125628140704
21.940898603001187,12.876,2.0100502512562817,201.00502512562812,2588.1407035175876
21.95097897100095,12.848,2.0100502512562817,201.00502512562812,2582.5125628140704
21.961084857999595,12.872,2.0100502512562817,201.00502512562812,2587.336683417085
21.971166022000034,12.848,2.0100502512562817,217.75544388609717,2797.7219430485766
21.98124603799988,12.876,2.0100502512562817,184.2546063651591,2372.4623115577883
21.991326036000828,12.848,2.0100502512562817,201.00502512562812,2582.5125628140704
22.00140555300095,12.88,2.0100502512562817,201.00502512562812,2588.9447236180904
22.011486662000607,12.844,2.0100502512562817,201.00502512562812,2581.7085427135676
22.0215677340002,12.88,2.0100502512562817,201.00502512562812,2588.9447236180904
22.031647620000513,12.848,2.0100502512562817,201.00502512562812,2582.5125628140704
22.041728137000973,12.88,2.0100502512562817,201.00502512562812,2588.9447236180904
22.05180935700082,12.844,2.0100502512562817,201.00502512562812,2581.7085427135676
22.061913780000395,12.88,2.0100502512562817,201.00502512562812,2588.9447236180904
22.071993797000687,12.844,2.0100502512562817,201.00502512562812,2581.7085427135676
22.082075850001274,12.88,2.0100502512562817,201.00502512562812,2588.9447236180904
22.092155977999937,12.848,2.0100502512562817,201.00502512562812,2582.5125628140704
22.102236587001244,12.88,2.0100502512562817,201.00502512562812,2588.9447236180904
22.11231588100054,12.844,2.0100502512562817,201.00502512562812,2581.7085427135676
22.122396656001,12.884,2.0100502512562817,201.00502512562812,2589.748743718593
22.132479228001102,12.844,2.0100502512562817,201.00502512562812,2581.7085427135676
22.142558966999786,12.876,2.0100502512562817,201.00502512562812,2588.1407035175876
22.152638704999845,12.848,2.0100502512562817,201.00502512562812,2582.5125628140704
22.16273024000111,12.876,2.0100502512562817,201.00502512562812,2588.1407035175876
22.172808479001105,12.848,2.0100502512562817,201.00502512562812,2582.5125628140704
22.182884755000487,12.876,2.0100502512562817,201.00502512562812,2588.1407035175876
22.192962178000016,12.848,2.0100502512562817,217.75544388609717,2797.7219430485766
22.203038510000624,12.88,1.8425460636515911,201.00502512562812,2588.9447236180904
22.21313724799984,12.844,2.0100502512562817,201.00502512562812,2581.7085427135676
22.223217135000596,12.88,2.0100502512562817,201.00502512562812,2588.9447236180904
22.233297799000866,12.844,2.0100502512562817,184.2546063651591,2366.5661641541033
22.24337592700067,12.88,2.0100502512562817,201.00502512562812,2588.9447236180904
22.253453277000517,12.844,2.0100502512562817,201.00502512562812,2581.7085427135676
22.26356418100113,12.876,2.0100502512562817,201.00502512562812,2588.1407035175876
22.273642420001124,12.844,2.0100502512562817,201.00502512562812,2581.7085427135676
22.2837192700008,12.876,2.0100502512562817,201.00502512562812,2588.1407035175876
22.293795990000945,12.848,2.0100502512562817,201.00502512562812,2582.5125628140704
22.303872340000453,12.88,2.0100502512562817,201.00502512562812,2588.9447236180904
22.313947930000722,12.844,2.1775544388609713,201.00502512562812,2581.7085427135676
22.32402378000006,12.88,1.8425460636515911,201.00502512562812,2588.9447236180904
22.334100592999675,12.844,2.0100502512562817,201.00502512562812,2581.7085427135676
22.344176905000495,12.88,2.0100502512562817,201.00502512562812,2588.9447236180904
22.354253569999855,12.848,2.0100502512562817,201.00502512562812,2582.5125628140704
22.364339363999534,12.876,2.0100502512562817,201.00502512562812,2588.1407035175876
22.3744218060001,12.848,2.0100502512562817,201.00502512562812,2582.5125628140704
22.38450465599999,12.876,2.0100502512562817,201.00502512562812,2588.1407035175876
22.394594245999542,12.852,2.0100502512562817,201.00502512562812,2583.316582914573
22.404676004000066,12.876,2.0100502512562817,201.00502512562812,2588.1407035175876
22.414755241999956,12.852,2.0100502512562817,201.00502512562812,2583.316582914573
22.424837480999486,12.876,2.0100502512562817,201.00502512562812,2588.1407035175876
22.43491777500094,12.852,2.0100502512562817,201.00502512562812,2583.316582914573
22.445000273000915,12.88,2.0100502512562817,201.00502512562812,2588.9447236180904
22.455076993001057,12.844,2.0100502512562817,201.00502512562812,2581.7085427135676
22.465154360999804,12.88,2.0100502512562817,201.00502512562812,2588.9447236180904
22.47523187800107,12.844,2.0100502512562817,201.00502512562812,2581.7085427135676
22.485310283000217,12.88,2.0100502512562817,201.00502512562812,2588.9447236180904
22.495385836000423,12.848,2.0100502512562817,201.00502512562812,2582.5125628140704
22.50546257499991,12.876,2.0100502512562817,201.00502512562812,2588.1407035175876
22.515538277000815,12.852,2.0100502512562817,201.00502512562812,2583.316582914573
22.525613293000788,12.876,2.0100502512562817,201.00502512562812,2588.1407035175876
22.535688105999725,12.848,2.0100502512562817,201.00502512562812,2582.5125628140704
22.545765307000693,12.88,2.0100502512562817,184.2546063651591,2373.1993299832493
22.555837861000327,12.844,2.0100502512562817,201.00502512562812,2581.7085427135676
22.565921413999604,12.872,2.0100502512562817,201.00502512562812,2587.336683417085
22.576002579000487,12.848,2.0100502512562817,201.00502512562812,2582.5125628140704
22.586083076999785,12.876,2.0100502512562817,201.00502512562812,2588.1407035175876
22.596163629999864,12.852,2.0100502512562817,201.00502512562812,2583.316582914573
22.606243997999627,12.876,2.0100502512562817,201.00502512562812,2588.1407035175876
22.616320254999664,12.852,2.0100502512562817,201.00502512562812,2583.316582914573
22.62640134600042,12.872,1.8425460636515911,201.00502512562812,2587.336683417085
22.63648450999972,12.852,2.0100502512562817,201.00502512562812,2583.316582914573
22.64656491599999,12.876,2.0100502512562817,201.00502512562812,2588.1407035175876
22.656645005999962,12.848,2.0100502512562817,201.00502512562812,2582.5125628140704
22.66673504100072,12.876,2.0100502512562817,184.2546063651591,2372.4623115577883
22.676815890999933,12.844,2.0100502512562817,201.00502512562812,2581.7085427135676
22.686895426000774,12.88,2.0100502512562817,201.00502512562812,2588.9447236180904
22.696977849000177,12.848,2.0100502512562817,201.00502512562812,2582.5125628140704
22.70705860599992,12.876,2.0100502512562817,201.00502512562812,2588.1407035175876
22.717139401000168,12.852,2.0100502512562817,201.00502512562812,2583.316582914573
22.7272202690001,12.876,2.0100502512562817,201.00502512562812,2588.1407035175876
22.737301081000624,12.852,2.0100502512562817,201.00502512562812,2583.316582914573
22.747380783001063,12.872,1.8425460636515911,201.00502512562812,2587.336683417085
22.757461373001206,12.852,2.0100502512562817,184.2546063651591,2368.0402010050248
22.767567463999512,12.872,2.0100502512562817,201.00502512562812,2587.336683417085
22.77764840599957,12.848,2.0100502512562817,184.2546063651591,2367.3031825795642
22.78773025600094,12.872,2.0100502512562817,184.2546063651591,2371.725293132328
22.797810328000196,12.848,2.0100502512562817,201.00502512562812,2582.5125628140704
22.807890955000403,12.876,1.8425460636515911,201.00502512562812,2588.1407035175876
22.817970805001096,12.852,2.0100502512562817,201.00502512562812,2583.316582914573
22.828049877000012,12.876,2.0100502512562817,184.2546063651591,2372.4623115577883
22.83813070799988,12.852,2.0100502512562817,184.2546063651591,2368.0402010050248
22.848211612999876,12.872,2.0100502512562817,201.00502512562812,2587.336683417085
22.858292352000717,12.848,2.0100502512562817,201.00502512562812,2582.5125628140704
22.86844936700072,12.872,2.0100502512562817,201.00502512562812,2587.336683417085
22.878531328000463,12.848,2.0100502512562817,201.00502512562812,2582.5125628140704
22.88861408500088,12.876,2.0100502512562817,201.00502512562812,2588.1407035175876
22.8986953980002,12.848,2.0100502512562817,201.00502512562812,2582.5125628140704
22.908777820999603,12.876,1.8425460636515911,201.00502512562812,2588.1407035175876
22.91885731900038,12.844,2.0100502512562817,201.00502512562812,2581.7085427135676
22.928937224000038,12.876,2.0100502512562817,201.00502512562812,2588.1407035175876
22.939018148001196,12.852,2.0100502512562817,201.00502512562812,2583.316582914573
22.949100072000874,12.876,2.0100502512562817,201.00502512562812,2588.1407035175876
22.959180531999664,12.852,2.0100502512562817,201.00502512562812,2583.316582914573
22.969257640999786,12.868,2.0100502512562817,201.00502512562812,2586.532663316583
22.979338971999823,12.852,2.0100502512562817,201.00502512562812,2583.316582914573
22.9894196919995,12.864,2.0100502512562817,201.00502512562812,2585.7286432160804
22.999501079000765,12.856,2.0100502512562817,201.00502512562812,2584.120603015075
23.009582169001078,12.872,1.8425460636515911,201.00502512562812,2587.336683417085
23.019663000000946,12.848,2.0100502512562817,201.00502512562812,2582.5125628140704
23.02974296100001,12.872,2.0100502512562817,201.00502512562812,2587.336683417085
23.039823958999477,12.852,2.0100502512562817,201.00502512562812,2583.316582914573
23.049904771,12.876,2.0100502512562817,201.00502512562812,2588.1407035175876
23.05998591699972,12.852,2.0100502512562817,201.00502512562812,2583.316582914573
23.070138654000402,12.872,2.0100502512562817,201.00502512562812,2587.336683417085
23.080215633999615,12.848,2.1775544388609713,201.00502512562812,2582.5125628140704
23.090292001999842,12.872,2.0100502512562817,201.00502512562812,2587.336683417085
23.100364240001,12.856,2.1775544388609713,201.00502512562812,2584.120603015075
23.110439756999767,12.876,2.0100502512562817,201.00502512562812,2588.1407035175876
23.120515439999508,12.848,2.0100502512562817,201.00502512562812,2582.5125628140704
23.130590937000306,12.876,2.0100502512562817,201.00502512562812,2588.1407035175876
23.14066884299973,12.848,2.0100502512562817,201.00502512562812,2582.5125628140704
23.150745414000994,12.872,2.0100502512562817,201.00502512562812,2587.336683417085
23.16082317099972,12.856,2.0100502512562817,201.00502512562812,2584.120603015075
23.170908465001048,12.872,2.0100502512562817,201.00502512562812,2587.336683417085
23.18098738899971,12.856,2.0100502512562817,201.00502512562812,2584.120603015075
23.191068793999875,12.864,2.0100502512562817,201.00502512562812,2585.7286432160804
23.20114929200099,12.86,2.0100502512562817,201.00502512562812,2584.9246231155776
23.211261197000567,12.868,2.0100502512562817,184.2546063651591,2370.9882747068673
23.221345805000965,12.86,2.0100502512562817,201.00502512562812,2584.9246231155776
23.231426395999733,12.868,2.0100502512562817,201.00502512562812,2586.532663316583
23.241507448999982,12.852,2.0100502512562817,201.00502512562812,2583.316582914573
23.25158878000002,12.872,2.0100502512562817,201.00502512562812,2587.336683417085
23.261670073999994,12.852,1.8425460636515911,201.00502512562812,2583.316582914573
23.271837811000296,12.872,2.0100502512562817,201.00502512562812,2587.336683417085
23.28191440199953,12.848,2.0100502512562817,184.2546063651591,2367.3031825795642
23.291991881000286,12.872,2.0100502512562817,201.00502512562812,2587.336683417085
23.302068564000365,12.856,2.0100502512562817,201.00502512562812,2584.120603015075
23.312145691001206,12.872,1.8425460636515911,201.00502512562812,2587.336683417085
23.32222222600103,12.86,2.0100502512562817,201.00502512562812,2584.9246231155776
23.33229890900111,12.872,2.0100502512562817,201.00502512562812,2587.336683417085
23.342375722000725,12.852,2.0100502512562817,201.00502512562812,2583.316582914573
23.352454071000466,12.872,2.0100502512562817,201.00502512562812,2587.336683417085
23.362529717000143,12.852,2.0100502512562817,184.2546063651591,2368.0402010050248
23.37260849300037,12.864,2.0100502512562817,201.00502512562812,2585.7286432160804
23.382690176000324,12.852,1.8425460636515911,201.00502512562812,2583.316582914573
23.392770284001017,12.864,2.1775544388609713,201.00502512562812,2585.7286432160804
23.402851189001012,12.856,2.0100502512562817,201.00502512562812,2584.120603015075
23.4129342060005,12.868,2.0100502512562817,201.00502512562812,2586.532663316583
23.42301525900075,12.86,2.1775544388609713,201.00502512562812,2584.9246231155776
23.43309579400011,12.868,2.0100502512562817,201.00502512562812,2586.532663316583
23.443176643000697,12.864,2.0100502512562817,201.00502512562812,2585.7286432160804
23.453256529999635,12.868,2.0100502512562817,201.00502512562812,2586.532663316583
23.46333723099997,12.86,2.0100502512562817,201.00502512562812,2584.9246231155776
23.473417433000577,12.868,2.0100502512562817,201.00502512562812,2586.532663316583
23.483494616000826,12.852,2.0100502512562817,201.00502512562812,2583.316582914573
23.493575484000758,12.868,2.0100502512562817,201.00502512562812,2586.532663316583
23.50365685200086,12.852,2.0100502512562817,201.00502512562812,2583.316582914573
23.513736942000833,12.868,2.0100502512562817,201.00502512562812,2586.532663316583
23.523816884000553,12.86,2.0100502512562817,201.00502512562812,2584.9246231155776
23.533898067000337,12.868,2.0100502512562817,201.00502512562812,2586.532663316583
23.543979009000395,12.86,2.0100502512562817,201.00502512562812,2584.9246231155776
23.55405998900096,12.864,2.0100502512562817,201.00502512562812,2585.7286432160804
23.56414104200121,12.864,1.8425460636515911,201.00502512562812,2585.7286432160804
23.57422889100053,12.864,2.0100502512562817,201.00502512562812,2585.7286432160804
23.584310240999912,12.856,2.0100502512562817,201.00502512562812,2584.120603015075
23.594391868000457,12.86,2.0100502512562817,201.00502512562812,2584.9246231155776
23.6044750330002,12.856,2.0100502512562817,201.00502512562812,2584.120603015075
23.614555882000786,12.864,2.0100502512562817,201.00502512562812,2585.7286432160804
23.6246381760011,12.86,2.0100502512562817,201.00502512562812,2584.9246231155776
23.634718952000185,12.864,2.0100502512562817,201.00502512562812,2585.7286432160804
23.644800338001005,12.864,2.0100502512562817,201.00502512562812,2585.7286432160804
23.65488041000026,12.864,2.0100502512562817,201.00502512562812,2585.7286432160804
23.664963536999494,12.864,2.0100502512562817,201.00502512562812,2585.7286432160804
23.67505359000097,12.864,2.0100502512562817,201.00502512562812,2585.7286432160804
23.685134032999485,12.856,2.0100502512562817,201.00502512562812,2584.120603015075
23.695213992999925,12.868,2.0100502512562817,201.00502512562812,2586.532663316583
23.70529488000102,12.852,2.0100502512562817,184.2546063651591,2368.0402010050248
23.71537613700093,12.868,2.0100502512562817,201.00502512562812,2586.532663316583
23.725457374999678,12.856,2.0100502512562817,201.00502512562812,2584.120603015075
23.73553863199959,12.864,2.0100502512562817,201.00502512562812,2585.7286432160804
23.745619241000895,12.86,2.0100502512562817,201.00502512562812,2584.9246231155776
23.75570025700108,12.868,2.0100502512562817,201.00502512562812,2586.532663316583
23.76578097700076,12.864,2.0100502512562817,201.00502512562812,2585.7286432160804
23.77588562300116,12.864,1.8425460636515911,201.00502512562812,2585.7286432160804
23.78596650899999,12.864,2.0100502512562817,201.00502512562812,2585.7286432160804
23.796046192001086,12.86,2.0100502512562817,201.00502512562812,2584.9246231155776
23.806127283000023,12.868,2.0100502512562817,184.2546063651591,2370.9882747068673
23.81620781700076,12.86,2.0100502512562817,201.00502512562812,2584.9246231155776
23.826287777999823,12.86,2.0100502512562817,201.00502512562812,2584.9246231155776
23.836367517000326,12.864,2.0100502512562817,184.2546063651591,2370.2512562814068
23.846448661999602,12.86,2.0100502512562817,201.00502512562812,2584.9246231155776
23.856531493000148,12.864,2.0100502512562817,201.00502512562812,2585.7286432160804
23.86661102800099,12.864,2.0100502512562817,201.00502512562812,2585.7286432160804
23.87671793300069,12.86,2.0100502512562817,201.00502512562812,2584.9246231155776
23.886799207999502,12.864,1.8425460636515911,201.00502512562812,2585.7286432160804
23.89688163200117,12.864,2.0100502512562817,201.00502512562812,2585.7286432160804
23.906962019000275,12.864,2.0100502512562817,201.00502512562812,2585.7286432160804
23.917044793999594,12.864,2.0100502512562817,201.00502512562812,2585.7286432160804
23.92712579200088,12.86,2.0100502512562817,201.00502512562812,2584.9246231155776
23.93720667799971,12.864,2.0100502512562817,201.00502512562812,2585.7286432160804
23.947287676000997,12.86,2.0100502512562817,201.00502512562812,2584.9246231155776
23.957368635999956,12.864,2.0100502512562817,201.00502512562812,2585.7286432160804
23.96744941200086,12.86,2.0100502512562817,201.00502512562812,2584.9246231155776
23.977554463999695,12.856,2.0100502512562817,201.00502512562812,2584.120603015075
23.987636036001277,12.868,2.0100502512562817,201.00502512562812,2586.532663316583
23.997717256001124,12.856,2.0100502512562817,201.00502512562812,2584.120603015075
24.007798753000316,12.868,2.0100502512562817,201.00502512562812,2586.532663316583
24.017879306000395,12.86,2.0100502512562817,201.00502512562812,2584.9246231155776
24.02795915600109,12.868,2.0100502512562817,201.00502512562812,2586.532663316583
24.03803981999954,12.86,2.0100502512562817,201.00502512562812,2584.9246231155776
24.04812046600091,12.86,2.0100502512562817,201.00502512562812,2584.9246231155776
24.058201297000778,12.864,2.0100502512562817,201.00502512562812,2585.7286432160804
24.06828520199997,12.864,2.0100502512562817,201.00502512562812,2585.7286432160804
24.0783778469995,12.86,2.0100502512562817,201.00502512562812,2584.9246231155776
24.08845197499977,12.864,2.0100502512562817,201.00502512562812,2585.7286432160804
24.09852862000116,12.864,2.0100502512562817,201.00502512562812,2585.7286432160804
24.108604229000775,12.864,2.0100502512562817,201.00502512562812,2585.7286432160804
24.118680579000284,12.864,2.0100502512562817,201.00502512562812,2585.7286432160804
24.12875855800121,12.86,2.0100502512562817,201.00502512562812,2584.9246231155776
24.138835314999596,12.864,2.0100502512562817,201.00502512562812,2585.7286432160804
24.148913053000797,12.864,2.0100502512562817,201.00502512562812,2585.7286432160804
24.159003902001132,12.864,2.0100502512562817,201.00502512562812,2585.7286432160804
24.169084437000492,12.864,2.0100502512562817,201.00502512562812,2585.7286432160804
24.179172545000256,12.86,2.0100502512562817,201.00502512562812,2584.9246231155776
24.189256339001076,12.868,2.0100502512562817,201.00502512562812,2586.532663316583
24.199337448000733,12.856,2.0100502512562817,201.00502512562812,2584.120603015075
24.20943346400054,12.868,2.1775544388609713,184.2546063651591,2370.9882747068673
24.219519960999605,12.856,2.0100502512562817,201.00502512562812,2584.120603015075
24.22960279200015,12.872,2.0100502512562817,201.00502512562812,2587.336683417085
24.239684808000675,12.856,2.0100502512562817,201.00502512562812,2584.120603015075
24.249765972001114,12.872,2.0100502512562817,201.00502512562812,2587.336683417085
24.259847007000644,12.86,2.0100502512562817,201.00502512562812,2584.9246231155776
24.269929690000936,12.864,2.0100502512562817,201.00502512562812,2585.7286432160804
24.280049668001084,12.86,2.0100502512562817,201.00502512562812,2584.9246231155776
24.29012985100053,12.864,2.0100502512562817,201.00502512562812,2585.7286432160804
24.300210663001053,12.86,2.0100502512562817,201.00502512562812,2584.9246231155776
24.310291809000773,12.86,2.0100502512562817,201.00502512562812,2584.9246231155776
24.320373566000853,12.856,2.0100502512562817,201.00502512562812,2584.120603015075
24.3304548039996,12.868,2.0100502512562817,201.00502512562812,2586.532663316583
24.340537209000104,12.86,2.0100502512562817,201.00502512562812,2584.9246231155776
24.350618077000036,12.872,2.0100502512562817,201.00502512562812,2587.336683417085
24.36070007499984,12.86,2.0100502512562817,201.00502512562812,2584.9246231155776
24.37078096100049,12.872,2.0100502512562817,201.00502512562812,2587.336683417085
24.380862588001037,12.86,1.8425460636515911,201.00502512562812,2584.9246231155776
24.390943030000926,12.864,2.0100502512562817,201.00502512562812,2585.7286432160804
24.401023176000308,12.852,2.0100502512562817,201.00502512562812,2583.316582914573
24.411102303000007,12.864,2.0100502512562817,201.00502512562812,2585.7286432160804
24.4211821709996,12.852,2.0100502512562817,201.00502512562812,2583.316582914573
24.431262039001012,12.872,2.0100502512562817,201.00502512562812,2587.336683417085
24.441343315000267,12.856,1.8425460636515911,201.00502512562812,2584.120603015075
24.451424848999523,12.872,2.1775544388609713,201.00502512562812,2587.336683417085
24.461505995001062,12.852,2.0100502512562817,201.00502512562812,2583.316582914573
24.471586917999957,12.876,2.0100502512562817,201.00502512562812,2588.1407035175876
24.481680416000017,12.856,2.0100502512562817,201.00502512562812,2584.120603015075
24.491761209999822,12.868,2.0100502512562817,201.00502512562812,2586.532663316583
24.501838337000663,12.856,1.8425460636515911,201.00502512562812,2584.120603015075
24.511917612000616,12.864,2.0100502512562817,217.75544388609717,2801.206030150754
24.521998721000273,12.856,2.0100502512562817,201.00502512562812,2584.120603015075
24.532079644999612,12.868,2.0100502512562817,201.00502512562812,2586.532663316583
24.542160475000856,12.856,2.0100502512562817,201.00502512562812,2584.120603015075
24.55224136200013,12.872,2.0100502512562817,184.2546063651591,2371.725293132328
24.562321396000698,12.856,2.0100502512562817,184.2546063651591,2368.7772194304853
24.572404042000926,12.872,2.0100502512562817,201.00502512562812,2587.336683417085
24.582491279999886,12.852,2.0100502512562817,201.00502512562812,2583.316582914573
24.59256831499988,12.872,2.0100502512562817,201.00502512562812,2587.336683417085
24.60264520199962,12.852,2.0100502512562817,201.00502512562812,2583.316582914573
24.61272818100042,12.872,2.0100502512562817,201.00502512562812,2587.336683417085
24.62280834500052,12.852,2.0100502512562817,201.00502512562812,2583.316582914573
24.63288513900079,12.868,2.0100502512562817,201.00502512562812,2586.532663316583
24.642961913999898,12.852,2.0100502512562817,201.00502512562812,2583.316582914573
24.653038837999702,12.872,2.0100502512562817,201.00502512562812,2587.336683417085
24.663115168999866,12.852,2.0100502512562817,201.00502512562812,2583.316582914573
24.673196333000305,12.876,2.0100502512562817,201.00502512562812,2588.1407035175876
24.683285979001084,12.852,2.0100502512562817,201.00502512562812,2583.316582914573
24.693365827999514,12.872,2.0100502512562817,201.00502512562812,2587.336683417085
24.703447103000144,12.852,2.0100502512562817,201.00502512562812,2583.316582914573
24.71352811900033,12.872,2.0100502512562817,201.00502512562812,2587.336683417085
24.723609079999733,12.852,2.0100502512562817,201.00502512562812,2583.316582914573
24.733689947999665,12.868,2.0100502512562817,201.00502512562812,2586.532663316583
24.74377074199947,12.856,2.0100502512562817,201.00502512562812,2584.120603015075
24.753851831999782,12.868,2.0100502512562817,201.00502512562812,2586.532663316583
24.763932107000073,12.852,2.0100502512562817,201.00502512562812,2583.316582914573
24.774013031001232,12.872,2.0100502512562817,201.00502512562812,2587.336683417085
24.784117934999813,12.852,2.0100502512562817,184.2546063651591,2368.0402010050248
24.79419815500114,12.876,2.0100502512562817,201.00502512562812,2588.1407035175876
24.804277690000163,12.848,2.0100502512562817,201.00502512562812,2582.5125628140704
24.81435870600035,12.876,2.0100502512562817,201.00502512562812,2588.1407035175876
24.824439314999836,12.844,2.0100502512562817,184.2546063651591,2366.5661641541033
24.834520275000614,12.872,1.8425460636515911,201.00502512562812,2587.336683417085
24.844603143001223,12.852,2.0100502512562817,201.00502512562812,2583.316582914573
24.854684678000922,12.872,2.0100502512562817,201.00502512562812,2587.336683417085
24.864766046001023,12.852,2.0100502512562817,201.00502512562812,2583.316582914573
24.874846839000384,12.876,2.0100502512562817,201.00502512562812,2588.1407035175876
24.88495500300087,12.852,2.0100502512562817,201.00502512562812,2583.316582914573
24.89503596400027,12.876,2.0100502512562817,201.00502512562812,2588.1407035175876
24.90511657299976,12.848,2.0100502512562817,201.00502512562812,2582.5125628140704
24.915197199999966,12.872,2.0100502512562817,201.00502512562812,2587.336683417085
24.92527871600032,12.848,2.0100502512562817,201.00502512562812,2582.5125628140704
24.93536028699964,12.876,2.0100502512562817,201.00502512562812,2588.1407035175876
24.945441470001242,12.852,2.0100502512562817,201.00502512562812,2583.316582914573
24.955522763000772,12.872,1.8425460636515911,201.00502512562812,2587.336683417085
24.96560370500083,12.852,2.0100502512562817,201.00502512562812,2583.316582914573
24.975684573000763,12.872,2.0100502512562817,201.00502512562812,2587.336683417085
24.985773848000463,12.852,2.0100502512562817,184.2546063651591,2368.0402010050248
24.995851290001156,12.876,2.0100502512562817,201.00502512562812,2588.1407035175876
25.00592821400096,12.848,2.1775544388609713,201.00502512562812,2582.5125628140704
25.01600160000089,12.88,2.0100502512562817,201.00502512562812,2588.9447236180904
25.026077448999786,12.844,2.0100502512562817,201.00502512562812,2581.7085427135676
25.036153131999527,12.872,2.0100502512562817,201.00502512562812,2587.336683417085
25.046229833000325,12.852,2.0100502512562817,201.00502512562812,2583.316582914573
25.05630610800108,12.872,2.0100502512562817,201.00502512562812,2587.336683417085
25.066386291000526,12.852,2.0100502512562817,184.2546063651591,2368.0402010050248
25.076464603000204,12.872,2.0100502512562817,201.00502512562812,2587.336683417085
25.086550174999502,12.852,2.0100502512562817,201.00502512562812,2583.316582914573
25.09663224600081,12.876,2.0100502512562817,217.75544388609717,2803.8190954773872
25.106711984000867,12.852,2.0100502512562817,201.00502512562812,2583.316582914573
25.116794241001116,12.872,2.0100502512562817,201.00502512562812,2587.336683417085
25.12687531300071,12.852,2.0100502512562817,201.00502512562812,2583.316582914573
25.136957884000367,12.876,2.0100502512562817,184.2546063651591,2372.4623115577883
25.147038548000637,12.848,2.0100502512562817,201.00502512562812,2582.5125628140704
25.15711941600057,12.876,2.0100502512562817,201.00502512562812,2588.1407035175876
25.16720030200122,12.884,1.8425460636515911,184.2546063651591,2373.93634840871
25.17727609600115,12.892,2.0100502512562817,201.00502512562812,2591.3567839195975
25.187366092999582,12.872,2.0100502512562817,201.00502512562812,2587.336683417085
25.197446571999535,12.884,2.0100502512562817,184.2546063651591,2373.93634840871
25.207527885000673,12.864,1.8425460636515911,201.00502512562812,2585.7286432160804
25.217613271001028,12.884,1.8425460636515911,184.2546063651591,2373.93634840871
25.227694416000304,12.864,2.0100502512562817,201.00502512562812,2585.7286432160804
25.237776432000828,12.888,1.8425460636515911,201.00502512562812,2590.552763819095
25.247857485001077,12.868,1.8425460636515911,184.2546063651591,2370.9882747068673
25.25793977899957,12.888,2.0100502512562817,184.2546063651591,2374.6733668341703
25.268020591000095,12.872,1.8425460636515911,201.00502512562812,2587.336683417085
25.278101736999815,12.888,1.8425460636515911,184.2546063651591,2374.6733668341703
25.28826427000058,12.872,2.0100502512562817,201.00502512562812,2587.336683417085
25.298342545000196,12.852,2.0100502512562817,201.00502512562812,2583.316582914573
25.308421060999535,12.852,2.0100502512562817,201.00502512562812,2583.316582914573
25.318498743999953,12.864,2.0100502512562817,201.00502512562812,2585.7286432160804
25.328577001000667,12.86,2.0100502512562817,201.00502512562812,2584.9246231155776
25.338653183000133,12.868,2.0100502512562817,201.00502512562812,2586.532663316583
25.348730959000022,12.856,2.0100502512562817,201.00502512562812,2584.120603015075
25.358807012000398,12.872,2.0100502512562817,201.00502512562812,2587.336683417085
25.368886305999695,12.856,2.0100502512562817,201.00502512562812,2584.120603015075
25.378963635999753,12.868,2.0100502512562817,201.00502512562812,2586.532663316583
25.389051707999897,12.856,1.8425460636515911,201.00502512562812,2584.120603015075
25.399132649999956,12.876,2.0100502512562817,201.00502512562812,2588.1407035175876
25.409212814000057,12.852,2.0100502512562817,201.00502512562812,2583.316582914573
25.41929290400003,12.868,2.0100502512562817,201.00502512562812,2586.532663316583
25.429373605000364,12.848,2.0100502512562817,201.00502512562812,2582.5125628140704
25.439451250000275,12.872,2.0100502512562817,201.00502512562812,2587.336683417085
25.449528451999868,12.852,2.0100502512562817,201.00502512562812,2583.316582914573
25.45960954200018,12.872,2.0100502512562817,201.00502512562812,2587.336683417085
25.46969022400117,12.852,2.0100502512562817,201.00502512562812,2583.316582914573
25.479770722000467,12.876,2.0100502512562817,201.00502512562812,2588.1407035175876
25.48985855200044,12.852,2.0100502512562817,201.00502512562812,2583.316582914573
25.499932550001176,12.868,2.0100502512562817,201.00502512562812,2586.532663316583
25.510006770000473,12.856,2.0100502512562817,201.00502512562812,2584.120603015075
25.520080063000933,12.868,2.0100502512562817,201.00502512562812,2586.532663316583
25.530156172000716,12.888,1.8425460636515911,201.00502512562812,2590.552763819095
25.540232318000562,12.884,1.8425460636515911,184.2546063651591,2373.93634840871
25.550309223001022,12.88,1.8425460636515911,201.00502512562812,2588.9447236180904
25.560399146001146,12.884,1.8425460636515911,184.2546063651591,2373.93634840871
25.570475569000337,12.876,1.8425460636515911,184.2546063651591,2372.4623115577883
25.580548621999696,12.884,1.8425460636515911,201.00502512562812,2589.748743718593
25.59066871200048,12.876,2.0100502512562817,184.2546063651591,2372.4623115577883
25.600745912999628,12.884,1.8425460636515911,201.00502512562812,2589.748743718593
25.610822003000067,12.88,1.8425460636515911,184.2546063651591,2373.1993299832493
25.620904112000062,12.884,2.0100502512562817,184.2546063651591,2373.93634840871
25.630982905000565,12.872,1.8425460636515911,201.00502512562812,2587.336683417085
25.641059866000433,12.876,1.8425460636515911,184.2546063651591,2372.4623115577883
25.651137437000216,12.876,1.8425460636515911,184.2546063651591,2372.4623115577883
25.661213897999914,12.876,1.8425460636515911,201.00502512562812,2588.1407035175876
25.671294450999994,12.876,1.8425460636515911,184.2546063651591,2372.4623115577883
25.68137220800054,12.88,2.0100502512562817,184.2546063651591,2373.1993299832493
25.69145664899952,12.876,1.8425460636515911,184.2546063651591,2372.4623115577883
25.701533516999916,12.876,2.0100502512562817,184.2546063651591,2372.4623115577883
25.71160764399974,12.88,2.0100502512562817,201.00502512562812,2588.9447236180904
25.72168058600073,12.872,2.0100502512562817,201.00502512562812,2587.336683417085
25.731756917000894,12.884,2.0100502512562817,184.2546063651591,2373.93634840871
25.741832896001142,12.864,1.8425460636515911,184.2546063651591,2370.2512562814068
25.75190904200099,12.884,2.0100502512562817,184.2546063651591,2373.93634840871
25.76198533600109,12.868,2.0100502512562817,184.2546063651591,2370.9882747068673
25.772061388999646,12.888,2.0100502512562817,201.00502512562812,2590.552763819095
25.782137219001015,12.872,2.0100502512562817,201.00502512562812,2587.336683417085
25.792217272000926,12.884,1.8425460636515911,201.00502512562812,2589.748743718593
25.802299029001006,12.872,2.0100502512562817,184.2546063651591,2371.725293132328
25.81240089700077,12.884,2.0100502512562817,201.00502512562812,2589.748743718593
25.822477764000723,12.872,2.0100502512562817,184.2546063651591,2371.725293132328
25.83255876200019,12.88,1.8425460636515911,184.2546063651591,2373.1993299832493
25.842638870000883,12.872,1.8425460636515911,184.2546063651591,2371.725293132328
25.852721368000857,12.888,1.8425460636515911,184.2546063651591,2374.6733668341703
25.86280853199969,12.864,1.8425460636515911,184.2546063651591,2370.2512562814068
25.872891863000405,12.888,1.8425460636515911,201.00502512562812,2590.552763819095
25.882972471001267,12.864,2.0100502512562817,201.00502512562812,2585.7286432160804
25.893054431000564,12.888,1.8425460636515911,184.2546063651591,2374.6733668341703
25.90312733599967,12.868,1.8425460636515911,184.2546063651591,2370.9882747068673
25.913207001000046,12.888,1.8425460636515911,184.2546063651591,2374.6733668341703
25.923283293999702,12.86,1.8425460636515911,184.2546063651591,2369.514237855946
25.933360921000713,12.892,1.8425460636515911,184.2546063651591,2375.4103852596313
25.943436919000305,12.86,2.0100502512562817,184.2546063651591,2369.514237855946
25.953514638000343,12.892,2.0100502512562817,201.00502512562812,2591.3567839195975
25.963590765000845,12.86,1.8425460636515911,201.00502512562812,2584.9246231155776
25.97367076199953,12.892,1.8425460636515911,201.00502512562812,2591.3567839195975
25.983746814999904,12.86,2.0100502512562817,184.2546063651591,2369.514237855946
25.993819776000237,12.892,2.0100502512562817,184.2546063651591,2375.4103852596313
26.003901051000867,12.864,2.0100502512562817,201.00502512562812,2585.7286432160804
26.01398188100029,12.892,1.8425460636515911,184.2546063651591,2375.4103852596313
26.024063823000688,12.864,2.0100502512562817,184.2546063651591,2370.2512562814068
26.03414074600005,12.884,2.0100502512562817,201.00502512562812,2589.748743718593
26.04422304000036,12.864,2.0100502512562817,201.00502512562812,2585.7286432160804
26.054303684999468,12.888,2.0100502512562817,184.2546063651591,2374.6733668341703
26.064408682001158,12.864,2.0100502512562817,201.00502512562812,2585.7286432160804
26.074494754000625,12.896,1.8425460636515911,184.2546063651591,2376.147403685092
26.08457823200115,12.86,2.0100502512562817,184.2546063651591,2369.514237855946
26.094671840000956,12.896,2.0100502512562817,184.2546063651591,2376.147403685092
26.10474524500023,12.86,2.0100502512562817,201.00502512562812,2584.9246231155776
26.114822724000987,12.892,2.0100502512562817,184.2546063651591,2375.4103852596313
26.124901147000855,12.86,2.0100502512562817,201.00502512562812,2584.9246231155776
26.13497736700083,12.892,1.8425460636515911,184.2546063651591,2375.4103852596313
26.14505490100055,12.86,1.8425460636515911,184.2546063651591,2369.514237855946
26.155131269000776,12.892,2.0100502512562817,184.2546063651591,2375.4103852596313
26.165208914000686,12.864,2.0100502512562817,184.2546063651591,2370.2512562814068
26.175284967001062,12.896,2.0100502512562817,184.2546063651591,2376.147403685092
26.18536231700091,12.864,2.0100502512562817,184.2546063651591,2370.2512562814068
26.195446517000164,12.892,2.0100502512562817,184.2546063651591,2375.4103852596313
26.20552790399961,12.864,2.0100502512562817,184.2546063651591,2370.2512562814068
26.2156227710002,12.896,2.0100502512562817,201.00502512562812,2592.1608040201004
26.22570630500013,12.868,1.8425460636515911,184.2546063651591,2370.9882747068673
26.23578772899964,12.888,1.8425460636515911,201.00502512562812,2590.552763819095
26.2458687440012,12.868,1.8425460636515911,184.2546063651591,2370.9882747068673
26.255949759999567,12.88,2.0100502512562817,184.2546063651591,2373.1993299832493
26.266031238999858,12.872,2.0100502512562817,184.2546063651591,2371.725293132328
26.27611212500051,12.884,1.8425460636515911,201.00502512562812,2589.748743718593
26.286193141000695,12.868,1.8425460636515911,184.2546063651591,2370.9882747068673
26.296311711999806,12.884,1.8425460636515911,201.00502512562812,2589.748743718593
26.30639291300031,12.872,1.8425460636515911,201.00502512562812,2587.336683417085
26.31647622499986,12.892,1.8425460636515911,184.2546063651591,2375.4103852596313
26.32655716699992,12.868,1.8425460636515911,184.2546063651591,2370.9882747068673
26.33663988599983,12.888,2.0100502512562817,184.2546063651591,2374.6733668341703
26.346720420000565,12.868,1.8425460636515911,201.00502512562812,2586.532663316583
26.35680252900056,12.88,1.8425460636515911,201.00502512562812,2588.9447236180904
26.36688287800098,12.872,2.0100502512562817,184.2546063651591,2371.725293132328
26.37696585699996,12.88,1.8425460636515911,201.00502512562812,2588.9447236180904
26.387047206000716,12.872,2.0100502512562817,201.00502512562812,2587.336683417085
26.397121924999738,12.88,1.8425460636515911,201.00502512562812,2588.9447236180904
26.407202829999733,12.872,1.8425460636515911,201.00502512562812,2587.336683417085
26.417284031000236,12.884,1.8425460636515911,184.2546063651591,2373.93634840871
26.42736512100055,12.876,2.0100502512562817,184.2546063651591,2372.4623115577883
26.437445563000438,12.876,1.8425460636515911,201.00502512562812,2588.1407035175876
26.447526301000835,12.876,1.8425460636515911,184.2546063651591,2372.4623115577883
26.457608594000703,12.88,2.0100502512562817,201.00502512562812,2588.9447236180904
26.46768959200017,12.876,1.8425460636515911,184.2546063651591,2372.4623115577883
26.477770793000673,12.872,2.0100502512562817,201.00502512562812,2587.336683417085
26.487851586000033,12.88,2.0100502512562817,184.2546063651591,2373.1993299832493
26.49794163899969,12.872,1.8425460636515911,184.2546063651591,2371.725293132328
26.50802271000066,12.88,1.8425460636515911,201.00502512562812,2588.9447236180904
26.5181026700011,12.876,2.0100502512562817,184.2546063651591,2372.4623115577883
26.528183742000692,12.88,1.8425460636515911,184.2546063651591,2373.1993299832493
26.538264849999905,12.876,2.0100502512562817,201.00502512562812,2588.1407035175876
26.548345995999625,12.876,2.0100502512562817,201.00502512562812,2588.1407035175876
26.55842791900068,12.876,2.0100502512562817,201.00502512562812,2588.1407035175876
26.568512212001224,12.88,2.0100502512562817,184.2546063651591,2373.1993299832493
26.57859344999997,12.876,1.8425460636515911,201.00502512562812,2588.1407035175876
26.588674151000305,12.884,1.8425460636515911,184.2546063651591,2373.93634840871
26.598762797000745,12.868,2.0100502512562817,184.2546063651591,2370.9882747068673
26.608843979000085,12.884,2.0100502512562817,201.00502512562812,2589.748743718593
26.61892406900006,12.868,1.8425460636515911,201.00502512562812,2586.532663316583
26.629007400000773,12.884,1.8425460636515911,201.00502512562812,2589.748743718593
26.63908734100005,12.864,1.8425460636515911,184.2546063651591,2370.2512562814068
26.64916861600068,12.884,1.8425460636515911,184.2546063651591,2373.93634840871
26.65924844700021,12.86,2.0100502512562817,201.00502512562812,2584.9246231155776
26.669329685000775,12.884,1.8425460636515911,201.00502512562812,2589.748743718593
26.67941088600128,12.864,1.8425460636515911,184.2546063651591,2370.2512562814068
26.689491123999687,12.888,1.8425460636515911,201.00502512562812,2590.552763819095
26.69959482500053,12.864,1.8425460636515911,184.2546063651591,2370.2512562814068
26.709672285000124,12.888,1.8425460636515911,184.2546063651591,2374.6733668341703
26.719752986000458,12.86,2.0100502512562817,201.00502512562812,2584.9246231155776
26.72983429800115,12.888,1.8425460636515911,201.00502512562812,2590.552763819095
26.739915721000216,12.864,1.8425460636515911,184.2546063651591,2370.2512562814068
26.74999668199962,12.884,2.0100502512562817,201.00502512562812,2589.748743718593
26.76007756800027,12.868,1.8425460636515911,201.00502512562812,2586.532663316583
26.770158417000857,12.884,2.0100502512562817,201.00502512562812,2589.748743718593
26.780239248000726,12.868,2.0100502512562817,184.2546063651591,2370.9882747068673
26.79031926300013,12.888,2.0100502512562817,184.2546063651591,2374.6733668341703
26.80044492700108,12.864,1.8425460636515911,201.00502512562812,2585.7286432160804
26.810526757000844,12.888,2.0100502512562817,184.2546063651591,2374.6733668341703
26.82060301400088,12.86,1.8425460636515911,184.2546063651591,2369.514237855946
26.83067760400081,12.892,2.0100502512562817,184.2546063651591,2375.4103852596313
26.840760249000596,12.86,2.0100502512562817,201.00502512562812,2584.9246231155776
26.850840691000485,12.896,1.8425460636515911,184.2546063651591,2376.147403685092
26.86092313300105,12.856,1.8425460636515911,184.2546063651591,2368.7772194304853
26.871003907999693,12.888,1.8425460636515911,184.2546063651591,2374.6733668341703
26.88108394200026,12.86,2.0100502512562817,201.00502512562812,2584.9246231155776
26.89116458799981,12.888,2.0100502512562817,184.2546063651591,2374.6733668341703
26.901239400000122,12.86,1.8425460636515911,184.2546063651591,2369.514237855946
26.911316564001027,12.892,1.8425460636515911,201.00502512562812,2591.3567839195975
26.92139385700102,12.86,1.8425460636515911,201.00502512562812,2584.9246231155776
26.93147024300015,12.896,2.0100502512562817,184.2546063651591,2376.147403685092
26.94154575900029,12.86,2.0100502512562817,184.2546063651591,2369.514237855946
26.95162207100111,12.888,1.8425460636515911,201.00502512562812,2590.552763819095
26.96169888300028,12.864,2.0100502512562817,184.2546063651591,2370.2512562814068
26.9717751950011,12.884,1.8425460636515911,201.00502512562812,2589.748743718593
26.981851655000355,12.868,2.0100502512562817,201.00502512562812,2586.532663316583
26.991928060000646,12.888,1.8425460636515911,184.2546063651591,2374.6733668341703
27.002001798000492,12.868,1.8425460636515911,201.00502512562812,2586.532663316583
27.012082794999515,12.888,1.8425460636515911,184.2546063651591,2374.6733668341703
27.02216320000116,12.868,1.8425460636515911,201.00502512562812,2586.532663316583
27.032239493000816,12.892,1.8425460636515911,184.2546063651591,2375.4103852596313
27.04232060100003,12.864,2.0100502512562817,184.2546063651591,2370.2512562814068
27.052403099000003,12.892,1.8425460636515911,201.00502512562812,2591.3567839195975
27.062480337001034,12.856,1.8425460636515911,184.2546063651591,2368.7772194304853
27.072568648000015,12.892,1.8425460636515911,184.2546063651591,2375.4103852596313
27.082652533999862,12.864,2.0100502512562817,184.2546063651591,2370.2512562814068
27.09273456899973,12.884,2.0100502512562817,184.2546063651591,2373.93634840871
27.10280969500127,12.864,2.0100502512562817,184.2546063651591,2370.2512562814068
27.11288406300082,12.884,1.8425460636515911,184.2546063651591,2373.93634840871
27.122960634000265,12.872,2.0100502512562817,184.2546063651591,2371.725293132328
27.133038668000154,12.884,2.0100502512562817,201.00502512562812,2589.748743718593
27.143113795000318,12.872,1.8425460636515911,184.2546063651591,2371.725293132328
27.15319040400027,12.884,2.0100502512562817,201.00502512562812,2589.748743718593
27.163265438000963,12.872,2.0100502512562817,184.2546063651591,2371.725293132328
27.173342194000725,12.872,1.8425460636515911,201.00502512562812,2587.336683417085
27.183417710000867,12.872,1.8425460636515911,184.2546063651591,2371.725293132328
27.193494373999783,12.876,2.0100502512562817,184.2546063651591,2372.4623115577883
27.20357827800035,12.876,2.0100502512562817,201.00502512562812,2588.1407035175876
27.21368436800003,12.876,2.0100502512562817,201.00502512562812,2588.1407035175876
27.223769254000217,12.876,1.8425460636515911,201.00502512562812,2588.1407035175876
27.23385015799977,12.876,1.8425460636515911,184.2546063651591,2372.4623115577883
27.24393011900065,12.876,1.8425460636515911,184.2546063651591,2372.4623115577883
27.25401146799959,12.88,1.8425460636515911,201.00502512562812,2588.9447236180904
27.26409276100094,12.872,1.8425460636515911,201.00502512562812,2587.336683417085
27.27417385100125,12.88,1.8425460636515911,184.2546063651591,2373.1993299832493
27.28425079199951,12.876,2.0100502512562817,201.00502512562812,2588.1407035175876
27.294331826000416,12.88,2.0100502512562817,201.00502512562812,2588.9447236180904
27.304496673999893,12.876,1.8425460636515911,184.2546063651591,2372.4623115577883
27.31457537499955,12.872,1.8425460636515911,184.2546063651591,2371.725293132328
27.324654371999713,12.88,2.0100502512562817,184.2546063651591,2373.1993299832493
27.334730777000004,12.872,2.0100502512562817,201.00502512562812,2587.336683417085
27.34480914500091,12.88,1.8425460636515911,184.2546063651591,2373.1993299832493
27.35488558600082,12.872,1.8425460636515911,201.00502512562812,2587.336683417085
27.364968379999482,12.88,1.8425460636515911,184.2546063651591,2373.1993299832493
27.37504521000119,12.868,2.0100502512562817,201.00502512562812,2586.532663316583
27.385123096000825,12.884,1.8425460636515911,184.2546063651591,2373.93634840871
27.395197592999466,12.872,2.0100502512562817,201.00502512562812,2587.336683417085
27.40528616499978,12.884,2.0100502512562817,201.00502512562812,2589.748743718593
27.41536794000058,12.872,2.0100502512562817,184.2546063651591,2371.725293132328
27.425448714000595,12.888,1.8425460636515911,201.00502512562812,2590.552763819095
27.4355293410008,12.864,1.8425460636515911,201.00502512562812,2585.7286432160804
27.44561056100065,12.888,1.8425460636515911,184.2546063651591,2374.6733668341703
27.455690521001088,12.864,2.0100502512562817,184.2546063651591,2370.2512562814068
27.465771332999793,12.88,2.0100502512562817,201.00502512562812,2588.9447236180904
27.475853108000592,12.868,2.0100502512562817,201.00502512562812,2586.532663316583
27.48593286399955,12.884,2.0100502512562817,184.2546063651591,2373.93634840871
27.49600906500018,12.868,1.8425460636515911,184.2546063651591,2370.9882747068673
27.506095284001276,12.884,2.0100502512562817,184.2546063651591,2373.93634840871
27.516168317999472,12.868,1.8425460636515911,184.2546063651591,2370.9882747068673
27.52624153800025,12.888,1.8425460636515911,184.2546063651591,2374.6733668341703
27.536313775999588,12.864,1.8425460636515911,184.2546063651591,2370.2512562814068
27.54638636600066,12.892,2.0100502512562817,201.00502512562812,2591.3567839195975
27.556459011000698,12.86,1.8425460636515911,184.2546063651591,2369.514237855946
27.566534601000967,12.892,2.0100502512562817,184.2546063651591,2375.4103852596313
27.576606616999925,12.856,1.8425460636515911,201.00502512562812,2584.120603015075
27.586679576999813,12.888,1.8425460636515911,184.2546063651591,2374.6733668341703
27.59675644500021,12.864,2.0100502512562817,184.2546063651591,2370.2512562814068
27.606837682000332,12.892,2.0100502512562817,201.00502512562812,2591.3567839195975
27.616915106000306,12.864,1.8425460636515911,201.00502512562812,2585.7286432160804
27.626995806000195,12.892,1.8425460636515911,201.00502512562812,2591.3567839195975
27.637078100000508,12.868,1.8425460636515911,184.2546063651591,2370.9882747068673
27.64715948599951,12.892,1.8425460636515911,201.00502512562812,2591.3567839195975
27.65723585300111,12.86,2.0100502512562817,201.00502512562812,2584.9246231155776
27.667317479999838,12.888,1.8425460636515911,184.2546063651591,2374.6733668341703
27.67739593999977,12.86,1.8425460636515911,184.2546063651591,2369.514237855946
27.687472715000695,12.892,1.8425460636515911,184.2546063651591,2375.4103852596313
27.697553657000753,12.864,1.8425460636515911,201.00502512562812,2585.7286432160804
27.7076426170006,12.888,2.0100502512562817,201.00502512562812,2590.552763819095
27.717719076999856,12.864,2.0100502512562817,184.2546063651591,2370.2512562814068
27.72779513000023,12.888,2.0100502512562817,184.2546063651591,2374.6733668341703
27.737867034000374,12.868,2.0100502512562817,184.2546063651591,2370.9882747068673
27.747943031999966,12.892,2.0100502512562817,201.00502512562812,2591.3567839195975
27.7580185099996,12.864,1.8425460636515911,201.00502512562812,2585.7286432160804
27.76809448899985,12.892,1.8425460636515911,201.00502512562812,2591.3567839195975
27.778170116000183,12.86,1.8425460636515911,201.00502512562812,2584.9246231155776
27.788247075999607,12.892,1.8425460636515911,184.2546063651591,2375.4103852596313
27.79832018399975,12.864,1.8425460636515911,201.00502512562812,2585.7286432160804
27.80840551500114,12.888,2.0100502512562817,184.2546063651591,2374.6733668341703
27.818484290000924,12.864,2.0100502512562817,184.2546063651591,2370.2512562814068
27.828560287000073,12.884,1.8425460636515911,184.2546063651591,2373.93634840871
27.838640562000364,12.868,1.8425460636515911,184.2546063651591,2370.9882747068673
27.848723873999916,12.884,1.8425460636515911,201.00502512562812,2589.748743718593
27.85880420400099,12.868,1.8425460636515911,201.00502512562812,2586.532663316583
27.868892386999505,12.88,1.8425460636515911,201.00502512562812,2588.9447236180904
27.87897495800098,12.868,2.0100502512562817,184.2546063651591,2370.9882747068673
27.88905856600104,12.884,1.8425460636515911,184.2546063651591,2373.93634840871
27.899139285000274,12.868,1.8425460636515911,184.2546063651591,2370.9882747068673
27.90921470899957,12.888,2.0100502512562817,201.00502512562812,2590.552763819095
27.919295556999714,12.868,1.8425460636515911,184.2546063651591,2370.9882747068673
27.929376443000365,12.88,1.8425460636515911,201.00502512562812,2588.9447236180904
27.939457311000297,12.872,2.0100502512562817,201.00502512562812,2587.336683417085
27.94953862300099,12.88,2.0100502512562817,201.00502512562812,2588.9447236180904
27.95961991600052,12.872,1.8425460636515911,184.2546063651591,2371.725293132328
27.96970087599948,12.88,1.8425460636515911,201.00502512562812,2588.9447236180904
27.979781928001103,12.868,1.8425460636515911,201.00502512562812,2586.532663316583
27.989862850999998,12.884,1.8425460636515911,201.00502512562812,2589.748743718593
27.99994410799991,12.868,1.8425460636515911,201.00502512562812,2586.532663316583
28.01002014200094,12.88,1.8425460636515911,184.2546063651591,2373.1993299832493
28.02010145300119,12.872,1.8425460636515911,184.2546063651591,2371.725293132328
28.03018128400072,12.88,1.8425460636515911,201.00502512562812,2588.9447236180904
28.040261780999572,12.876,1.8425460636515911,201.00502512562812,2588.1407035175876
28.050342906999504,12.872,2.0100502512562817,184.2546063651591,2371.725293132328
28.06042555299973,12.88,2.0100502512562817,201.00502512562812,2588.9447236180904
28.070505900999706,12.868,1.8425460636515911,184.2546063651591,2370.9882747068673
28.08058850999987,12.88,1.8425460636515911,184.2546063651591,2373.1993299832493
28.09066758100016,12.868,1.8425460636515911,201.00502512562812,2586.532663316583
28.100749207000263,12.88,1.8425460636515911,184.2546063651591,2373.1993299832493
28.110838259999582,12.876,1.8425460636515911,201.00502512562812,2588.1407035175876
28.120916535001015,12.884,1.8425460636515911,184.2546063651591,2373.93634840871
28.130992976000925,12.868,1.8425460636515911,184.2546063651591,2370.9882747068673
28.141070955000032,12.884,1.8425460636515911,184.2546063651591,2373.93634840871
28.151147747999858,12.868,1.8425460636515911,184.2546063651591,2370.9882747068673
28.161225633999493,12.884,2.0100502512562817,184.2546063651591,2373.93634840871
28.171302057000503,12.868,1.8425460636515911,184.2546063651591,2370.9882747068673
28.181380406000244,12.88,1.8425460636515911,201.00502512562812,2588.9447236180904
28.191456550999646,12.872,1.8425460636515911,184.2546063651591,2371.725293132328
28.201532344000952,12.88,2.0100502512562817,184.2546063651591,2373.1993299832493
28.211645008001142,12.872,2.0100502512562817,184.2546063651591,2371.725293132328
28.221728671000164,12.884,1.8425460636515911,184.2546063651591,2373.93634840871
28.231809113000054,12.868,2.0100502512562817,184.2546063651591,2370.9882747068673
28.24188916499952,12.884,2.0100502512562817,184.2546063651591,2373.93634840871
28.251969476999875,12.872,2.0100502512562817,184.2546063651591,2371.725293132328
28.26204664100078,12.888,1.8425460636515911,184.2546063651591,2374.6733668341703
28.272135175000585,12.864,1.8425460636515911,184.2546063651591,2370.2512562814068
28.282213042000876,12.888,2.0100502512562817,184.2546063651591,2374.6733668341703
28.29229324300104,12.856,1.8425460636515911,184.2546063651591,2368.7772194304853
28.302374462000444,12.888,1.8425460636515911,201.00502512562812,2590.552763819095
28.312529550999898,12.86,2.0100502512562817,184.2546063651591,2369.514237855946
28.322606603000168,12.888,1.8425460636515911,201.00502512562812,2590.552763819095
28.332684619001157,12.864,1.8425460636515911,184.2546063651591,2370.2512562814068
28.342760060000728,12.888,2.0100502512562817,184.2546063651591,2374.6733668341703
28.352837612999792,12.864,1.8425460636515911,184.2546063651591,2370.2512562814068
28.362913314000252,12.892,2.0100502512562817,184.2546063651591,2375.4103852596313
28.372992292001072,12.86,1.8425460636515911,201.00502512562812,2584.9246231155776
28.38306797400037,12.884,1.8425460636515911,184.2546063651591,2373.93634840871
28.39314571199975,12.86,1.8425460636515911,184.2546063651591,2369.514237855946
28.40322174600078,12.888,1.8425460636515911,184.2546063651591,2374.6733668341703
28.413309947000016,12.86,1.8425460636515911,201.00502512562812,2584.9246231155776
28.423390592000942,12.892,1.8425460636515911,201.00502512562812,2591.3567839195975
28.433471274000112,12.86,2.0100502512562817,201.00502512562812,2584.9246231155776
28.443552086000636,12.892,1.8425460636515911,184.2546063651591,2375.4103852596313
28.453632750000907,12.864,2.0100502512562817,201.00502512562812,2585.7286432160804
28.46371274699959,12.888,1.8425460636515911,184.2546063651591,2374.6733668341703
28.473793577000833,12.856,2.0100502512562817,184.2546063651591,2368.7772194304853
28.483874167000977,12.892,1.8425460636515911,184.2546063651591,2375.4103852596313
28.493951681999533,12.856,1.8425460636515911,201.00502512562812,2584.120603015075
28.5040278460001,12.892,1.8425460636515911,184.2546063651591,2375.4103852596313
28.514115101999778,12.856,1.8425460636515911,201.00502512562812,2584.120603015075
28.524188635999963,12.892,2.0100502512562817,184.2546063651591,2375.4103852596313
28.534264837000592,12.86,1.8425460636515911,184.2546063651591,2369.514237855946
28.544340464000925,12.888,1.8425460636515911,184.2546063651591,2374.6733668341703
28.554416461000073,12.864,1.8425460636515911,184.2546063651591,2370.2512562814068
28.56449451300068,12.888,2.0100502512562817,201.00502512562812,2590.552763819095
28.574570418000803,12.864,2.0100502512562817,201.00502512562812,2585.7286432160804
28.58464317400103,12.884,1.8425460636515911,184.2546063651591,2373.93634840871
28.594717079000475,12.864,1.8425460636515911,201.00502512562812,2585.7286432160804
28.604789650000384,12.888,2.0100502512562817,184.2546063651591,2374.6733668341703
28.614869814000485,12.864,1.8425460636515911,184.2546063651591,2370.2512562814068
28.62494577399957,12.888,2.0100502512562817,184.2546063651591,2374.6733668341703
28.635026863001258,12.864,2.0100502512562817,184.2546063651591,2370.2512562814068
28.64510786000028,12.888,1.8425460636515911,184.2546063651591,2374.6733668341703
28.655185134999556,12.868,1.8425460636515911,201.00502512562812,2586.532663316583
28.66526639100084,12.884,1.8425460636515911,184.2546063651591,2373.93634840871
28.675347165999483,12.868,2.0100502512562817,201.00502512562812,2586.532663316583
28.68542447800064,12.88,1.8425460636515911,184.2546063651591,2373.1993299832493
28.695501363999938,12.86,1.8425460636515911,184.2546063651591,2369.514237855946
28.705581898000673,12.884,1.8425460636515911,201.00502512562812,2589.748743718593
28.71567137599959,12.864,1.8425460636515911,184.2546063651591,2370.2512562814068
28.72574774399982,12.884,2.0100502512562817,184.2546063651591,2373.93634840871
28.735823963001167,12.868,1.8425460636515911,184.2546063651591,2370.9882747068673
28.745899774999998,12.876,2.0100502512562817,201.00502512562812,2588.1407035175876
28.755977771999824,12.876,1.8425460636515911,201.00502512562812,2588.1407035175876
28.766050640000685,12.876,1.8425460636515911,184.2546063651591,2372.4623115577883
28.77612760000011,12.872,1.8425460636515911,201.00502512562812,2587.336683417085
28.786204670999723,12.876,1.8425460636515911,201.00502512562812,2588.1407035175876
28.79627764900033,12.876,1.8425460636515911,201.00502512562812,2588.1407035175876
28.806354608999754,12.872,1.8425460636515911,184.2546063651591,2371.725293132328
28.81641475499964,12.876,1.8425460636515911,184.2546063651591,2372.4623115577883
28.826491604000694,12.876,2.0100502512562817,184.2546063651591,2372.4623115577883
28.836574101000224,12.876,1.8425460636515911,184.2546063651591,2372.4623115577883
28.846654467999542,12.88,2.0100502512562817,184.2546063651591,2373.1993299832493
28.856736558000193,12.88,1.8425460636515911,184.2546063651591,2373.1993299832493
28.86682394300078,12.876,2.0100502512562817,184.2546063651591,2372.4623115577883
28.876907162999487,12.88,1.8425460636515911,201.00502512562812,2588.9447236180904
28.886987808000413,12.868,1.8425460636515911,184.2546063651591,2370.9882747068673
28.8970698789999,12.876,2.0100502512562817,201.00502512562812,2588.1407035175876
28.907150154000192,12.872,1.8425460636515911,184.2546063651591,2371.725293132328
28.91722648399991,12.88,2.0100502512562817,201.00502512562812,2588.9447236180904
28.927303665999716,12.872,1.8425460636515911,201.00502512562812,2587.336683417085
28.93738234800003,12.88,2.0100502512562817,201.00502512562812,2588.9447236180904
28.947458623000784,12.876,1.8425460636515911,184.2546063651591,2372.4623115577883
28.95753635999972,12.884,2.0100502512562817,184.2546063651591,2373.93634840871
28.967612468999505,12.864,1.8425460636515911,184.2546063651591,2370.2512562814068
28.97768937299952,12.884,1.8425460636515911,184.2546063651591,2373.93634840871
28.987765461999516,12.864,1.8425460636515911,184.2546063651591,2370.2512562814068
28.997841459000483,12.888,2.0100502512562817,201.00502512562812,2590.552763819095
29.007917197001007,12.86,2.0100502512562817,184.2546063651591,2369.514237855946
29.01800126800117,12.888,2.0100502512562817,184.2546063651591,2374.6733668341703
29.028079265000997,12.864,1.8425460636515911,184.2546063651591,2370.2512562814068
29.03815579900038,12.888,2.0100502512562817,184.2546063651591,2374.6733668341703
29.048238055000184,12.868,1.8425460636515911,201.00502512562812,2586.532663316583
29.05831534800018,12.888,2.0100502512562817,201.00502512562812,2590.552763819095
29.06840717799969,12.868,2.0100502512562817,184.2546063651591,2370.9882747068673
29.078487638000297,12.888,2.0100502512562817,201.00502512562812,2590.552763819095
29.088569282999742,12.868,1.8425460636515911,184.2546063651591,2370.9882747068673
29.098650445999738,12.888,1.8425460636515911,184.2546063651591,2374.6733668341703
29.10872788800043,12.864,1.8425460636515911,184.2546063651591,2370.2512562814068
29.118816866000998,12.888,2.0100502512562817,184.2546063651591,2374.6733668341703
29.128895678000845,12.864,2.0100502512562817,184.2546063651591,2370.2512562814068
29.138971823000247,12.892,1.8425460636515911,184.2546063651591,2375.4103852596313
29.14904930100056,12.864,1.8425460636515911,201.00502512562812,2585.7286432160804
29.159125039001083,12.888,1.8425460636515911,184.2546063651591,2374.6733668341703
29.169202795001183,12.864,2.0100502512562817,184.2546063651591,2370.2512562814068
29.179278514000544,12.892,1.8425460636515911,184.2546063651591,2375.4103852596313
29.18935549300113,12.86,1.8425460636515911,184.2546063651591,2369.514237855946
29.19942878599977,12.896,2.0100502512562817,184.2546063651591,2376.147403685092
29.209529968000425,12.852,2.0100502512562817,184.2546063651591,2368.0402010050248
29.21964739000032,12.896,1.8425460636515911,201.00502512562812,2592.1608040201004
29.229731776000335,12.856,1.8425460636515911,184.2546063651591,2368.7772194304853
29.23980968000069,12.896,1.8425460636515911,201.00502512562812,2592.1608040201004
29.249886806001086,12.86,1.8425460636515911,201.00502512562812,2584.9246231155776
29.259964803000912,12.888,2.0100502512562817,201.00502512562812,2590.552763819095
29.27004141100042,12.86,2.0100502512562817,184.2546063651591,2369.514237855946
29.28011953799978,12.892,1.8425460636515911,201.00502512562812,2591.3567839195975
29.290195589999712,12.864,1.8425460636515911,184.2546063651591,2370.2512562814068
29.30027184699975,12.888,1.8425460636515911,184.2546063651591,2374.6733668341703
29.310348566001267,12.86,2.0100502512562817,201.00502512562812,2584.9246231155776
29.320493784000064,12.888,2.0100502512562817,184.2546063651591,2374.6733668341703
29.330575947000398,12.864,2.0100502512562817,201.00502512562812,2585.7286432160804
29.340658926001197,12.888,2.0100502512562817,184.2546063651591,2374.6733668341703
29.35073964500043,12.86,1.8425460636515911,184.2546063651591,2369.514237855946
29.36082182700011,12.892,2.0100502512562817,201.00502512562812,2591.3567839195975
29.37090234199968,12.864,2.0100502512562817,201.00502512562812,2585.7286432160804
29.380985171999782,12.888,2.0100502512562817,184.2546063651591,2374.6733668341703
29.391065761999926,12.864,1.8425460636515911,201.00502512562812,2585.7286432160804
29.401146518001042,12.888,1.8425460636515911,201.00502512562812,2590.552763819095
29.41122716300015,12.86,1.8425460636515911,184.2546063651591,2369.514237855946
29.42131606700059,12.888,2.0100502512562817,184.2546063651591,2374.6733668341703
29.431392786000288,12.86,2.0100502512562817,184.2546063651591,2369.514237855946
29.441470302001107,12.892,1.8425460636515911,201.00502512562812,2591.3567839195975
29.45154666900089,12.864,2.0100502512562817,201.00502512562812,2585.7286432160804
29.46162472099968,12.892,1.8425460636515911,201.00502512562812,2591.3567839195975
29.471700848000182,12.868,1.8425460636515911,184.2546063651591,2370.9882747068673
29.481777418999627,12.884,1.8425460636515911,184.2546063651591,2373.93634840871
29.49185354600013,12.868,1.8425460636515911,201.00502512562812,2586.532663316583
29.501928968000357,12.88,1.8425460636515911,184.2546063651591,2373.1993299832493
29.512004280000838,12.868,2.0100502512562817,184.2546063651591,2370.9882747068673
29.522124462000647,12.876,1.8425460636515911,184.2546063651591,2372.4623115577883
29.53220569900077,12.868,1.8425460636515911,184.2546063651591,2370.9882747068673
29.542287010999644,12.88,1.8425460636515911,201.00502512562812,2588.9447236180904
29.55236787800095,12.872,1.8425460636515911,201.00502512562812,2587.336683417085
29.562448745000438,12.884,1.8425460636515911,201.00502512562812,2589.748743718593
29.5725319459998,12.872,1.8425460636515911,184.2546063651591,2371.725293132328
29.58261146100085,12.884,1.8425460636515911,201.00502512562812,2589.748743718593
29.592694588000086,12.872,1.8425460636515911,201.00502512562812,2587.336683417085
29.602774455001054,12.884,1.8425460636515911,184.2546063651591,2373.93634840871
29.61285708200012,12.868,1.8425460636515911,201.00502512562812,2586.532663316583
29.622943207999924,12.876,2.0100502512562817,201.00502512562812,2588.1407035175876
29.632987502000105,12.876,1.8425460636515911,201.00502512562812,2588.1407035175876
29.64306053600012,12.876,2.0100502512562817,184.2546063651591,2372.4623115577883
29.653133920999608,12.876,2.0100502512562817,184.2546063651591,2372.4623115577883
29.66320680700119,12.876,1.8425460636515911,201.00502512562812,2588.1407035175876
29.67327969300095,12.876,2.0100502512562817,184.2546063651591,2372.4623115577883
29.68335650500012,12.876,1.8425460636515911,184.2546063651591,2372.4623115577883
29.693433817001278,12.88,1.8425460636515911,201.00502512562812,2588.9447236180904
29.70351196199954,12.872,1.8425460636515911,201.00502512562812,2587.336683417085
29.713590291999935,12.88,2.0100502512562817,184.2546063651591,2373.1993299832493
29.723670678000417,12.864,1.8425460636515911,184.2546063651591,2370.2512562814068
29.73375180400035,12.884,2.0100502512562817,201.00502512562812,2589.748743718593
29.74383298599969,12.868,1.8425460636515911,184.2546063651591,2370.9882747068673
29.753913779000868,12.88,1.8425460636515911,201.00502512562812,2588.9447236180904
29.76399394300097,12.868,1.8425460636515911,201.00502512562812,2586.532663316583
29.774074884000584,12.884,2.0100502512562817,201.00502512562812,2589.748743718593
29.784152010999605,12.872,1.8425460636515911,184.2546063651591,2371.725293132328
29.79422941499979,12.884,1.8425460636515911,184.2546063651591,2373.93634840871
29.804305968000335,12.872,2.0100502512562817,184.2546063651591,2371.725293132328
29.81438735300071,12.88,2.0100502512562817,201.00502512562812,2588.9447236180904
29.824479498000073,12.864,1.8425460636515911,201.00502512562812,2585.7286432160804
29.834555958001147,12.884,2.0100502512562817,184.2546063651591,2373.93634840871
29.844633492000867,12.864,1.8425460636515911,184.2546063651591,2370.2512562814068
29.85470995200012,12.888,1.8425460636515911,201.00502512562812,2590.552763819095
29.864794708000773,12.864,1.8425460636515911,201.00502512562812,2585.7286432160804
29.87487072300064,12.888,1.8425460636515911,201.00502512562812,2590.552763819095
29.884948294000424,12.868,1.8425460636515911,184.2546063651591,2370.9882747068673
29.89502412500042,12.888,1.8425460636515911,184.2546063651591,2374.6733668341703
29.905097196000497,12.86,1.8425460636515911,201.00502512562812,2584.9246231155776
29.91517372999988,12.888,1.8425460636515911,201.00502512562812,2590.552763819095
29.925299206999625,12.86,1.8425460636515911,184.2546063651591,2369.514237855946
29.935379667000234,12.892,1.8425460636515911,184.2546063651591,2375.4103852596313
29.945460238001033,12.86,1.8425460636515911,201.00502512562812,2584.9246231155776
29.955541196999548,12.892,1.8425460636515911,201.00502512562812,2591.3567839195975
29.965621434999775,12.856,2.0100502512562817,184.2546063651591,2368.7772194304853
29.97570167199956,12.892,1.8425460636515911,184.2546063651591,2375.4103852596313
29.98578216900023,12.86,1.8425460636515911,184.2546063651591,2369.514237855946
29.995862703000967,12.892,1.8425460636515911,201.00502512562812,2591.3567839195975
