t_s,bus_v,shunt_mv,current_ma,power_mw
0.0003314180012239376,12.848,2.0168067226890756,201.68067226890753,2591.1932773109243
0.01039619000039238,12.88,2.0168067226890756,201.68067226890753,2597.6470588235293
0.020458500001041102,12.852,2.0168067226890756,201.68067226890753,2591.9999999999995
0.030519253999955254,12.88,2.0168067226890756,201.68067226890753,2597.6470588235293
0.0405798780011537,12.852,2.0168067226890756,201.68067226890753,2591.9999999999995
0.05064066900013131,12.88,1.848739495798319,201.68067226890753,2597.6470588235293
0.060701534001054824,12.844,2.0168067226890756,201.68067226890753,2590.386554621848
0.07076217600115342,12.884,2.0168067226890756,201.68067226890753,2598.4537815126046
0.08082354100042721,12.844,2.0168067226890756,201.68067226890753,2590.386554621848
0.09088461000101233,12.884,2.0168067226890756,184.8739495798319,2381.9159663865544
0.1009452530015551,12.844,2.0168067226890756,201.68067226890753,2590.386554621848
0.11100619200078654,12.884,2.0168067226890756,184.8739495798319,2381.9159663865544
0.12106694600151968,12.852,2.0168067226890756,201.68067226890753,2591.9999999999995
0.13112749600077223,12.88,2.0168067226890756,184.8739495798319,2381.176470588235
0.14118804600002477,12.852,2.0168067226890756,201.68067226890753,2591.9999999999995
0.15124867000122322,12.876,2.0168067226890756,201.68067226890753,2596.840336134453
0.16130862800127943,12.852,2.0168067226890756,201.68067226890753,2591.9999999999995
0.17136856700017233,12.88,2.0168067226890756,201.68067226890753,2597.6470588235293
0.18142958000134968,12.848,2.0168067226890756,201.68067226890753,2591.1932773109243
0.19149022300007346,12.88,2.0168067226890756,201.68067226890753,2597.6470588235293
0.20155108800099697,12.848,2.0168067226890756,201.68067226890753,2591.1932773109243
0.21161186000063026,12.88,2.0168067226890756,201.68067226890753,2597.6470588235293
0.22167263300070772,12.852,2.0168067226890756,201.68067226890753,2591.9999999999995
0.23173316500106012,12.88,1.848739495798319,201.68067226890753,2597.6470588235293
0.2417935480007145,12.856,2.0168067226890756,184.8739495798319,2376.739495798319
0.25185443200098234,12.884,2.0168067226890756,201.68067226890753,2598.4537815126046
0.2619145190001291,12.848,1.848739495798319,201.68067226890753,2591.1932773109243
0.271975180001391,12.884,1.848739495798319,184.8739495798319,2381.9159663865544
0.28203582300011476,12.844,2.0168067226890756,201.68067226890753,2590.386554621848
0.2920965580015036,12.884,2.0168067226890756,201.68067226890753,2598.4537815126046
0.3021571640001639,12.848,2.0168067226890756,201.68067226890753,2591.1932773109243
0.3122170840015315,12.88,2.0168067226890756,201.68067226890753,2597.6470588235293
0.32227735700143967,12.852,2.0168067226890756,184.8739495798319,2375.9999999999995
0.33233740700052294,12.88,2.0168067226890756,201.68067226890753,2597.6470588235293
0.3423976610010868,12.852,2.0168067226890756,201.68067226890753,2591.9999999999995
0.3524584330007201,12.88,1.848739495798319,201.68067226890753,2597.6470588235293
0.3625190390011994,12.848,2.0168067226890756,201.68067226890753,2591.1932773109243
0.3725796450016787,12.876,2.0168067226890756,184.8739495798319,2380.4369747899154
0.38264823200006504,12.852,2.0168067226890756,184.8739495798319,2375.9999999999995
0.39271078199999465,12.876,2.0168067226890756,201.68067226890753,2596.840336134453
0.40277164700091816,12.856,1.848739495798319,201.68067226890753,2592.8067226890753
0.41283256800124946,12.876,2.0168067226890756,201.68067226890753,2596.840336134453
0.4228933960002905,12.856,2.0168067226890756,201.68067226890753,2592.8067226890753
0.43295392700019875,12.88,2.0168067226890756,201.68067226890753,2597.6470588235293
0.44301842200002284,12.856,2.1848739495798317,201.68067226890753,2592.8067226890753
0.45307934199990996,12.88,1.848739495798319,201.68067226890753,2597.6470588235293
0.46313987400026235,12.852,2.0168067226890756,201.68067226890753,2591.9999999999995
0.47320064600171463,12.88,2.0168067226890756,201.68067226890753,2597.6470588235293
0.4832593450009881,12.844,2.0168067226890756,201.68067226890753,2590.386554621848
0.493320321000283,12.88,2.0168067226890756,201.68067226890753,2597.6470588235293
0.5033810929999163,12.848,2.0168067226890756,201.68067226890753,2591.1932773109243
0.5134418470006494,12.88,1.848739495798319,201.68067226890753,2597.6470588235293
0.5235026750015095,12.852,2.0168067226890756,184.8739495798319,2375.9999999999995
0.5335633550002967,12.88,1.848739495798319,201.68067226890753,2597.6470588235293
0.54362484900048,12.852,1.848739495798319,201.68067226890753,2591.9999999999995
0.5536857140014035,12.88,2.0168067226890756,201.68067226890753,2597.6470588235293
0.5637456170006772,12.852,2.0168067226890756,201.68067226890753,2591.9999999999995
0.5738066480007546,12.88,2.0168067226890756,201.68067226890753,2597.6470588235293
0.583867254001234,12.848,2.0168067226890756,201.68067226890753,2591.1932773109243
0.5939279340000212,12.872,2.0168067226890756,201.68067226890753,2596.033613445378
0.6039886140006274,12.856,2.0168067226890756,201.68067226890753,2592.8067226890753
0.6140492190006626,12.876,2.0168067226890756,201.68067226890753,2596.840336134453
0.6241093070002535,12.856,2.0168067226890756,201.68067226890753,2592.8067226890753
0.6341691900015576,12.876,2.0168067226890756,201.68067226890753,2596.840336134453
0.644227740000133,12.856,2.0168067226890756,201.68067226890753,2592.8067226890753
0.6542883280017122,12.876,2.0168067226890756,184.8739495798319,2380.4369747899154
0.6643490810001822,12.852,2.0168067226890756,201.68067226890753,2591.9999999999995
0.6744097060000058,12.876,2.0168067226890756,201.68067226890753,2596.840336134453
0.6844699040011619,12.848,2.0168067226890756,201.68067226890753,2591.1932773109243
0.694530102000499,12.88,2.0168067226890756,184.8739495798319,2381.176470588235
0.7045900970006187,12.848,2.0168067226890756,201.68067226890753,2591.1932773109243
0.7146504060001462,12.88,2.0168067226890756,201.68067226890753,2597.6470588235293
0.7247105120004562,12.852,1.848739495798319,201.68067226890753,2591.9999999999995
0.7347713220005971,12.88,2.0168067226890756,201.68067226890753,2597.6470588235293
0.7448320200001035,12.852,2.0168067226890756,201.68067226890753,2591.9999999999995
0.754892644001302,12.88,2.0168067226890756,201.68067226890753,2597.6470588235293
0.7649532870000257,12.852,2.0168067226890756,201.68067226890753,2591.9999999999995
0.775013967000632,12.876,2.0168067226890756,201.68067226890753,2596.840336134453
0.7850743130002229,12.86,2.0168067226890756,201.68067226890753,2593.6134453781506
0.7951341230000253,12.872,2.0168067226890756,201.68067226890753,2596.033613445378
0.8051942470010545,12.856,2.0168067226890756,201.68067226890753,2592.8067226890753
0.8152541490017029,12.872,2.0168067226890756,201.68067226890753,2596.033613445378
0.8253146990009554,12.856,2.0168067226890756,184.8739495798319,2376.739495798319
0.8353755460011598,12.872,2.0168067226890756,201.68067226890753,2596.033613445378
0.8454361140011315,12.852,2.0168067226890756,201.68067226890753,2591.9999999999995
0.8554967200016108,12.872,2.0168067226890756,201.68067226890753,2596.033613445378
0.8655572150000808,12.852,2.0168067226890756,184.8739495798319,2375.9999999999995
0.875617745999989,12.876,1.848739495798319,201.68067226890753,2596.840336134453
0.8856784080016951,12.86,1.848739495798319,201.68067226890753,2593.6134453781506
0.8957391990006727,12.876,2.0168067226890756,201.68067226890753,2596.840336134453
0.9057998410007713,12.852,2.0168067226890756,201.68067226890753,2591.9999999999995
0.915860484001314,12.876,2.0168067226890756,184.8739495798319,2380.4369747899154
0.9259207750001224,12.856,2.0168067226890756,184.8739495798319,2376.739495798319
0.9359805660005804,12.876,2.0168067226890756,201.68067226890753,2596.840336134453
0.9460402830009116,12.852,2.0168067226890756,201.68067226890753,2591.9999999999995
0.9561000920002698,12.876,2.0168067226890756,184.8739495798319,2380.4369747899154
0.9661609940012568,12.852,2.0168067226890756,201.68067226890753,2591.9999999999995
0.9762216369999805,12.876,2.0168067226890756,201.68067226890753,2596.840336134453
0.9862839470006293,12.86,2.0168067226890756,201.68067226890753,2593.6134453781506
0.996344034001595,12.868,2.0168067226890756,201.68067226890753,2595.226890756302
1.0064047690011648,12.86,1.848739495798319,201.68067226890753,2593.6134453781506
1.0164655600001424,12.868,2.0168067226890756,201.68067226890753,2595.226890756302
1.0265261290005583,12.86,2.0168067226890756,201.68067226890753,2593.6134453781506
1.0365866980009741,12.872,2.0168067226890756,201.68067226890753,2596.033613445378
1.0466473770011362,12.856,2.0168067226890756,201.68067226890753,2592.8067226890753
1.0567078900003253,12.872,2.1848739495798317,201.68067226890753,2596.033613445378
1.0667688670000643,12.856,1.848739495798319,201.68067226890753,2592.8067226890753
1.0768295830002899,12.872,1.848739495798319,201.68067226890753,2596.033613445378
1.0868904480012134,12.864,2.0168067226890756,201.68067226890753,2594.4201680672268
1.096951239000191,12.872,2.0168067226890756,201.68067226890753,2596.033613445378
1.1070118450006703,12.856,2.0168067226890756,201.68067226890753,2592.8067226890753
1.1170725250012765,12.872,2.0168067226890756,201.68067226890753,2596.033613445378
1.1271331680000003,12.856,1.848739495798319,201.68067226890753,2592.8067226890753
1.1371935330007545,12.872,2.0168067226890756,201.68067226890753,2596.033613445378
1.1472542870014877,12.856,2.0168067226890756,201.68067226890753,2592.8067226890753
1.157314429001417,12.872,2.0168067226890756,201.68067226890753,2596.033613445378
1.167374609000035,12.856,2.0168067226890756,201.68067226890753,2592.8067226890753
1.177435270999922,12.872,2.0168067226890756,201.68067226890753,2596.033613445378
1.1874958759999572,12.864,2.0168067226890756,201.68067226890753,2594.4201680672268
1.1975564820004365,12.868,2.0168067226890756,201.68067226890753,2595.226890756302
1.2076166620008735,12.86,2.0168067226890756,201.68067226890753,2593.6134453781506
1.2176772310012893,12.864,2.0168067226890756,201.68067226890753,2594.4201680672268
1.2277379100014514,12.86,2.0168067226890756,201.68067226890753,2593.6134453781506
1.2377985900002386,12.868,2.0168067226890756,201.68067226890753,2595.226890756302
1.2478590290011198,12.876,1.848739495798319,184.8739495798319,2380.4369747899154
1.2579188200015778,12.896,1.848739495798319,201.68067226890753,2600.873949579832
1.2679797040000267,12.88,2.0168067226890756,201.68067226890753,2597.6470588235293
1.2780399580005906,12.88,1.848739495798319,184.8739495798319,2381.176470588235
1.2880997669999488,12.884,1.848739495798319,184.8739495798319,2381.9159663865544
1.2981610210008512,12.88,1.848739495798319,184.8739495798319,2381.176470588235
1.3082216080001672,12.88,1.848739495798319,184.8739495798319,2381.176470588235
1.3182822700000543,12.876,1.848739495798319,184.8739495798319,2380.4369747899154
1.3283432640000683,12.876,2.0168067226890756,201.68067226890753,2596.840336134453
1.3384039630000188,12.876,1.848739495798319,184.8739495798319,2380.4369747899154
1.3484645309999905,12.88,1.848739495798319,184.8739495798319,2381.176470588235
1.3585247300015908,12.876,1.848739495798319,184.8739495798319,2380.4369747899154
1.368585817001076,12.888,1.848739495798319,184.8739495798319,2382.6554621848736
1.3786596630015993,12.844,2.0168067226890756,201.68067226890753,2590.386554621848
1.3887225100006617,12.864,2.0168067226890756,184.8739495798319,2378.2184873949577
1.3987832450002315,12.856,2.0168067226890756,201.68067226890753,2592.8067226890753
1.4088433690012607,12.872,2.0168067226890756,201.68067226890753,2596.033613445378
1.418903642001169,12.856,2.0168067226890756,201.68067226890753,2592.8067226890753
1.4289642100011406,12.872,2.0168067226890756,201.68067226890753,2596.033613445378
1.4390243720008584,12.852,2.0168067226890756,184.8739495798319,2375.9999999999995
1.4490856070005975,12.868,2.0168067226890756,201.68067226890753,2595.226890756302
1.459146230999977,12.856,2.0168067226890756,201.68067226890753,2592.8067226890753
1.4692068560016196,12.876,2.0168067226890756,184.8739495798319,2380.4369747899154
1.4792677020013798,12.856,2.0168067226890756,201.68067226890753,2592.8067226890753
1.489328382000167,12.876,2.0168067226890756,201.68067226890753,2596.840336134453
1.4993890990008367,12.86,2.0168067226890756,201.68067226890753,2593.6134453781506
1.5094499270016968,12.872,2.0168067226890756,201.68067226890753,2596.033613445378
1.5195104950016685,12.856,2.0168067226890756,201.68067226890753,2592.8067226890753
1.5295711570015555,12.864,2.0168067226890756,201.68067226890753,2594.4201680672268
1.5396318740004062,12.856,2.0168067226890756,201.68067226890753,2592.8067226890753
1.5496931460002088,12.868,2.0168067226890756,201.68067226890753,2595.226890756302
1.5597533630007092,12.86,2.0168067226890756,201.68067226890753,2593.6134453781506
1.5698131170011038,12.876,2.0168067226890756,201.68067226890753,2596.840336134453
1.579872926000462,12.86,1.848739495798319,184.8739495798319,2377.478991596638
1.5899335320009413,12.876,2.0168067226890756,201.68067226890753,2596.840336134453
1.5999941380014207,12.856,2.0168067226890756,201.68067226890753,2592.8067226890753
1.6100546140005463,12.876,2.0168067226890756,201.68067226890753,2596.840336134453
1.6201148489999468,12.856,1.848739495798319,201.68067226890753,2592.8067226890753
1.6301756220000243,12.872,2.0168067226890756,201.68067226890753,2596.033613445378
1.64023643100154,12.848,2.0168067226890756,201.68067226890753,2591.1932773109243
1.6502964630017232,12.872,2.0168067226890756,201.68067226890753,2596.033613445378
1.6603562170002988,12.856,2.0168067226890756,201.68067226890753,2592.8067226890753
1.6704160820008838,12.876,1.848739495798319,201.68067226890753,2596.840336134453
1.6804761880011938,12.856,2.0168067226890756,201.68067226890753,2592.8067226890753
1.6905362010002136,12.876,2.0168067226890756,201.68067226890753,2596.840336134453
1.700597214001391,12.856,2.0168067226890756,201.68067226890753,2592.8067226890753
1.7106574310000724,12.876,2.0168067226890756,201.68067226890753,2596.840336134453
1.7207174630002555,12.856,2.0168067226890756,201.68067226890753,2592.8067226890753
1.7307778650010732,12.868,2.0168067226890756,201.68067226890753,2595.226890756302
1.7408378410000296,12.856,2.0168067226890756,201.68067226890753,2592.8067226890753
1.7508988910012704,12.868,2.0168067226890756,201.68067226890753,2595.226890756302
1.7609594230016228,12.856,2.0168067226890756,201.68067226890753,2592.8067226890753
1.771020028001658,12.876,1.848739495798319,201.68067226890753,2596.840336134453
1.7810801160012488,12.856,2.0168067226890756,201.68067226890753,2592.8067226890753
1.7911398880005436,12.876,2.0168067226890756,201.68067226890753,2596.840336134453
1.801200197000071,12.856,2.0168067226890756,201.68067226890753,2592.8067226890753
1.811260043999937,12.876,2.0168067226890756,201.68067226890753,2596.840336134453
1.8213206130003528,12.852,2.0168067226890756,201.68067226890753,2591.9999999999995
1.8313811810003244,12.876,1.848739495798319,201.68067226890753,2596.840336134453
1.8414417690000846,12.848,2.0168067226890756,201.68067226890753,2591.1932773109243
1.8515023190011561,12.88,1.848739495798319,184.8739495798319,2381.176470588235
1.861562888001572,12.848,2.0168067226890756,201.68067226890753,2591.1932773109243
1.8716234930016071,12.876,2.0168067226890756,201.68067226890753,2596.840336134453
1.8816840060007962,12.852,2.0168067226890756,201.68067226890753,2591.9999999999995
1.8917447050007468,12.88,2.0168067226890756,201.68067226890753,2597.6470588235293
1.9018055330016068,12.852,2.0168067226890756,201.68067226890753,2591.9999999999995
1.9118661940010497,12.876,2.0168067226890756,201.68067226890753,2596.840336134453
1.921926800001529,12.856,1.848739495798319,201.68067226890753,2592.8067226890753
1.9319872760006547,12.868,2.0168067226890756,201.68067226890753,2595.226890756302
1.942046937001578,12.852,2.0168067226890756,201.68067226890753,2591.9999999999995
1.9521067650002806,12.872,2.0168067226890756,201.68067226890753,2596.033613445378
1.9621675190010137,12.856,2.0168067226890756,201.68067226890753,2592.8067226890753
1.972227643000224,12.876,2.0168067226890756,201.68067226890753,2596.840336134453
1.9822883230008301,12.852,2.0168067226890756,201.68067226890753,2591.9999999999995
1.9923491700010345,12.876,1.848739495798319,201.68067226890753,2596.840336134453
2.0024090530005196,12.852,1.848739495798319,201.68067226890753,2591.9999999999995
2.01246975200047,12.876,2.0168067226890756,201.68067226890753,2596.840336134453
2.0225298940003995,12.856,2.0168067226890756,201.68067226890753,2592.8067226890753
2.0325904820001597,12.876,2.0168067226890756,201.68067226890753,2596.840336134453
2.042651106001358,12.848,2.0168067226890756,201.68067226890753,2591.1932773109243
2.052711619000547,12.88,2.0168067226890756,201.68067226890753,2597.6470588235293
2.0627723730012804,12.848,1.848739495798319,201.68067226890753,2591.1932773109243
2.07283310800085,12.88,2.0168067226890756,201.68067226890753,2597.6470588235293
2.0828942880016257,12.852,1.848739495798319,201.68067226890753,2591.9999999999995
2.0929548010008148,12.876,2.0168067226890756,184.8739495798319,2380.4369747899154
2.1030154260006384,12.852,2.0168067226890756,201.68067226890753,2591.9999999999995
2.113076143001308,12.876,2.0168067226890756,201.68067226890753,2596.840336134453
2.12313682200147,12.852,2.0168067226890756,201.68067226890753,2591.9999999999995
2.1331971130002785,12.872,2.0168067226890756,201.68067226890753,2596.033613445378
2.1432577930008847,12.852,1.848739495798319,201.68067226890753,2591.9999999999995
2.1533182140010467,12.872,2.0168067226890756,201.68067226890753,2596.033613445378
2.1633780420015682,12.852,2.0168067226890756,201.68067226890753,2591.9999999999995
2.173437814000863,12.876,2.0168067226890756,184.8739495798319,2380.4369747899154
2.183498550000877,12.852,2.0168067226890756,201.68067226890753,2591.9999999999995
2.1935591740002565,12.876,2.0168067226890756,201.68067226890753,2596.840336134453
2.2036198540008627,12.852,2.0168067226890756,201.68067226890753,2591.9999999999995
2.2136806630005594,12.876,2.0168067226890756,201.68067226890753,2596.840336134453
2.223741306001102,12.852,2.0168067226890756,201.68067226890753,2591.9999999999995
2.2338019120015815,12.876,2.0168067226890756,184.8739495798319,2380.4369747899154
2.24386183200113,12.848,1.848739495798319,201.68067226890753,2591.1932773109243
2.2539220490016305,12.88,2.0168067226890756,201.68067226890753,2597.6470588235293
2.2639823220015387,12.844,2.0168067226890756,201.68067226890753,2590.386554621848
2.2740429090008547,12.88,2.0168067226890756,201.68067226890753,2597.6470588235293
2.2841034590001073,12.848,2.0168067226890756,201.68067226890753,2591.1932773109243
2.294164176000777,12.88,2.0168067226890756,201.68067226890753,2597.6470588235293
2.3042248190013197,12.848,2.0168067226890756,184.8739495798319,2375.2605042016803
2.3142854620000435,12.876,2.0168067226890756,201.68067226890753,2596.840336134453
2.3243460490011785,12.852,2.0168067226890756,201.68067226890753,2591.9999999999995
2.334406210000452,12.88,2.0168067226890756,201.68067226890753,2597.6470588235293
2.344466853000995,12.852,2.0168067226890756,201.68067226890753,2591.9999999999995
2.354527440000311,12.876,2.0168067226890756,201.68067226890753,2596.840336134453
2.3645880830008537,12.852,2.0168067226890756,201.68067226890753,2591.9999999999995
2.3746485780011426,12.876,2.0168067226890756,201.68067226890753,2596.840336134453
2.384716146001665,12.848,2.0168067226890756,201.68067226890753,2591.1932773109243
2.3947779000009177,12.876,2.0168067226890756,201.68067226890753,2596.840336134453
2.404838969001503,12.852,1.848739495798319,201.68067226890753,2591.9999999999995
2.4148996860003535,12.876,2.0168067226890756,201.68067226890753,2596.840336134453
2.4249604400010867,12.848,2.0168067226890756,201.68067226890753,2591.1932773109243
2.4350208420000854,12.88,2.0168067226890756,201.68067226890753,2597.6470588235293
2.4450808920009877,12.848,2.0168067226890756,201.68067226890753,2591.1932773109243
2.455142071999944,12.884,2.0168067226890756,201.68067226890753,2598.4537815126046
2.4652028440013964,12.844,2.0168067226890756,184.8739495798319,2374.5210084033606
2.4752635060012835,12.88,2.0168067226890756,201.68067226890753,2597.6470588235293
2.485323889000938,12.844,2.0168067226890756,201.68067226890753,2590.386554621848
2.495384236000973,12.88,2.0168067226890756,201.68067226890753,2597.6470588235293
2.5054453410011774,12.848,2.0168067226890756,201.68067226890753,2591.1932773109243
2.5155060770011914,12.88,2.0168067226890756,201.68067226890753,2597.6470588235293
2.5255667380006344,12.848,2.0168067226890756,201.68067226890753,2591.1932773109243
2.535626640001283,12.884,2.0168067226890756,184.8739495798319,2381.9159663865544
2.5456876160005777,12.848,2.0168067226890756,201.68067226890753,2591.1932773109243
2.5557477780002955,12.88,2.0168067226890756,201.68067226890753,2597.6470588235293
2.5658076430008805,12.848,2.0168067226890756,201.68067226890753,2591.1932773109243
2.5758683230014867,12.876,2.0168067226890756,201.68067226890753,2596.840336134453
2.5859288170013315,12.848,2.0168067226890756,201.68067226890753,2591.1932773109243
2.5959893120016204,12.88,2.0168067226890756,201.68067226890753,2597.6470588235293
2.6060498070000904,12.848,2.0168067226890756,201.68067226890753,2591.1932773109243
2.6161094490016694,12.88,2.0168067226890756,201.68067226890753,2597.6470588235293
2.6261681110008794,12.848,2.0168067226890756,201.68067226890753,2591.1932773109243
2.63622832800138,12.88,1.848739495798319,201.68067226890753,2597.6470588235293
2.6462881000006746,12.848,2.0168067226890756,201.68067226890753,2591.1932773109243
2.656348947000879,12.88,2.0168067226890756,201.68067226890753,2597.6470588235293
2.6664092560004065,12.844,2.0168067226890756,201.68067226890753,2590.386554621848
2.6764689730007376,12.884,2.0168067226890756,201.68067226890753,2598.4537815126046
2.6865289680008573,12.844,2.0168067226890756,201.68067226890753,2590.386554621848
2.696588666000025,12.88,2.0168067226890756,201.68067226890753,2597.6470588235293
2.7066487900010543,12.848,2.0168067226890756,201.68067226890753,2591.1932773109243
2.716708452000603,12.88,2.0168067226890756,201.68067226890753,2597.6470588235293
2.7267682800011244,12.848,2.0168067226890756,201.68067226890753,2591.1932773109243
2.736828052000419,12.88,2.0168067226890756,201.68067226890753,2597.6470588235293
2.7468879360003484,12.848,2.0168067226890756,201.68067226890753,2591.1932773109243
2.756948634001674,12.884,2.0168067226890756,184.8739495798319,2381.9159663865544
2.7670094069999323,12.848,2.0168067226890756,201.68067226890753,2591.1932773109243
2.777069957001004,12.88,2.0168067226890756,201.68067226890753,2597.6470588235293
2.787129600001208,12.852,2.0168067226890756,201.68067226890753,2591.9999999999995
2.7971896680010104,12.876,2.0168067226890756,184.8739495798319,2380.4369747899154
2.807249422001405,12.852,2.0168067226890756,201.68067226890753,2591.9999999999995
2.817310176000319,12.88,2.0168067226890756,201.68067226890753,2597.6470588235293
2.8273708000015176,12.848,2.0168067226890756,201.68067226890753,2591.1932773109243
2.8374312949999876,12.88,2.0168067226890756,201.68067226890753,2597.6470588235293
2.8474913820009533,12.848,2.0168067226890756,201.68067226890753,2591.1932773109243
2.857552007000777,12.884,2.0168067226890756,184.8739495798319,2381.9159663865544
2.86761266800022,12.844,2.0168067226890756,201.68067226890753,2590.386554621848
2.877673663000678,12.88,2.0168067226890756,201.68067226890753,2597.6470588235293
2.8877336390014534,12.848,2.0168067226890756,201.68067226890753,2591.1932773109243
2.897793319001721,12.88,2.0168067226890756,201.68067226890753,2597.6470588235293
2.907853980001164,12.848,2.0168067226890756,201.68067226890753,2591.1932773109243
2.9179147520007973,12.88,2.0168067226890756,201.68067226890753,2597.6470588235293
2.927975303000494,12.848,2.0168067226890756,201.68067226890753,2591.1932773109243
2.938035427001523,12.884,2.0168067226890756,201.68067226890753,2598.4537815126046
2.9480952360008814,12.848,2.0168067226890756,184.8739495798319,2375.2605042016803
2.9581550830007473,12.884,2.0168067226890756,201.68067226890753,2598.4537815126046
2.9682148179999785,12.852,2.0168067226890756,184.8739495798319,2375.9999999999995
2.97827718300141,12.876,2.0168067226890756,184.8739495798319,2380.4369747899154
2.9883378820013604,12.852,2.0168067226890756,201.68067226890753,2591.9999999999995
2.9983985430008033,12.876,2.0168067226890756,201.68067226890753,2596.840336134453
3.008459186001346,12.852,2.0168067226890756,184.8739495798319,2375.9999999999995
3.01851945800081,12.88,2.0168067226890756,201.68067226890753,2597.6470588235293
3.028579397001522,12.852,2.0168067226890756,201.68067226890753,2591.9999999999995
3.0386391330011975,12.88,2.0168067226890756,201.68067226890753,2597.6470588235293
3.048699035000027,12.848,2.0168067226890756,184.8739495798319,2375.2605042016803
3.058759696001289,12.88,2.0168067226890756,201.68067226890753,2597.6470588235293
3.06881989500107,12.852,2.0168067226890756,201.68067226890753,2591.9999999999995
3.0788796480010205,12.88,2.0168067226890756,201.68067226890753,2597.6470588235293
3.0889402170014364,12.848,2.0168067226890756,201.68067226890753,2591.1932773109243
3.0990007300006255,12.9,1.848739495798319,184.8739495798319,2384.873949579832
3.109061447001295,12.88,1.848739495798319,184.8739495798319,2381.176470588235
3.1191221090011823,12.9,1.848739495798319,184.8739495798319,2384.873949579832
3.129182677001154,12.868,1.848739495798319,184.8739495798319,2378.957983193277
3.1392433940000046,12.892,1.848739495798319,184.8739495798319,2383.394957983193
3.1493040370005474,12.868,1.848739495798319,184.8739495798319,2378.957983193277
3.1593647910012805,12.892,1.848739495798319,184.8739495798319,2383.394957983193
3.1694253600016964,12.872,1.848739495798319,201.68067226890753,2596.033613445378
3.1794858730008855,12.888,1.848739495798319,201.68067226890753,2599.2605042016803
3.189546590001555,12.872,1.848739495798319,201.68067226890753,2596.033613445378
3.199607233000279,12.88,1.848739495798319,184.8739495798319,2381.176470588235
3.209667024000737,12.872,1.848739495798319,184.8739495798319,2379.697478991596
3.2197275000016816,12.884,1.848739495798319,184.8739495798319,2381.9159663865544
3.229787402000511,12.844,2.1848739495798317,184.8739495798319,2374.5210084033606
3.2398479340008635,12.86,1.848739495798319,184.8739495798319,2377.478991596638
3.249907762001385,12.852,2.0168067226890756,201.68067226890753,2591.9999999999995
3.2599675900000875,12.872,2.0168067226890756,184.8739495798319,2379.697478991596
3.2700275290007994,12.864,2.0168067226890756,184.8739495798319,2378.2184873949577
3.280087116001596,12.872,2.0168067226890756,201.68067226890753,2596.033613445378
3.290146981000362,12.856,2.0168067226890756,201.68067226890753,2592.8067226890753
3.3002076420016238,12.872,2.0168067226890756,201.68067226890753,2596.033613445378
3.3102683410015743,12.856,2.0168067226890756,201.68067226890753,2592.8067226890753
3.3203289280008903,12.872,2.0168067226890756,201.68067226890753,2596.033613445378
3.3303896080014965,12.856,2.0168067226890756,184.8739495798319,2376.739495798319
3.340450232000876,12.872,2.0168067226890756,201.68067226890753,2596.033613445378
3.3505107830005727,12.86,2.0168067226890756,201.68067226890753,2593.6134453781506
3.3605713700017077,12.872,2.0168067226890756,201.68067226890753,2596.033613445378
3.370631013000093,12.864,2.0168067226890756,184.8739495798319,2378.2184873949577
3.380701563000912,12.872,2.0168067226890756,201.68067226890753,2596.033613445378
3.390767353001138,12.864,2.0168067226890756,201.68067226890753,2594.4201680672268
3.4008281440001156,12.868,2.0168067226890756,201.68067226890753,2595.226890756302
3.410888435000743,12.864,2.0168067226890756,201.68067226890753,2594.4201680672268
3.420948930001032,12.864,2.0168067226890756,201.68067226890753,2594.4201680672268
3.431009221001659,12.86,2.0168067226890756,201.68067226890753,2593.6134453781506
3.4410697710009117,12.868,2.0168067226890756,201.68067226890753,2595.226890756302
3.4511300070007564,12.868,1.848739495798319,184.8739495798319,2378.957983193277
3.461190409001574,12.868,2.0168067226890756,201.68067226890753,2595.226890756302
3.4712511630004883,12.868,2.0168067226890756,201.68067226890753,2595.226890756302
3.481311898000058,12.872,1.848739495798319,201.68067226890753,2596.033613445378
3.4913721709999663,12.864,2.0168067226890756,201.68067226890753,2594.4201680672268
3.501432332001059,12.868,2.0168067226890756,201.68067226890753,2595.226890756302
3.511492456000269,12.856,2.0168067226890756,201.68067226890753,2592.8067226890753
3.5215531180001562,12.868,2.0168067226890756,201.68067226890753,2595.226890756302
3.5316137050012912,12.86,2.0168067226890756,201.68067226890753,2593.6134453781506
3.541674274001707,12.868,2.0168067226890756,201.68067226890753,2595.226890756302
3.5517348789999232,12.864,2.0168067226890756,201.68067226890753,2594.4201680672268
3.561795430001439,12.868,2.0168067226890756,184.8739495798319,2378.957983193277
3.5718552760008606,12.868,2.0168067226890756,201.68067226890753,2595.226890756302
3.5819160860010015,12.868,2.0168067226890756,201.68067226890753,2595.226890756302
3.5919768210005714,12.868,2.0168067226890756,201.68067226890753,2595.226890756302
3.6020369450016005,12.864,2.0168067226890756,201.68067226890753,2594.4201680672268
3.61209684700043,12.864,2.0168067226890756,201.68067226890753,2594.4201680672268
3.622156620000169,12.86,2.0168067226890756,201.68067226890753,2593.6134453781506
3.6322167070011346,12.864,2.0168067226890756,201.68067226890753,2594.4201680672268
3.6422766460000275,12.864,2.0168067226890756,201.68067226890753,2594.4201680672268
3.652335048000168,12.868,2.0168067226890756,201.68067226890753,2595.226890756302
3.662395672999992,12.864,2.0168067226890756,184.8739495798319,2378.2184873949577
3.6724554270003864,12.868,2.0168067226890756,201.68067226890753,2595.226890756302
3.682515440001225,12.864,2.0168067226890756,201.68067226890753,2594.4201680672268
3.6925765089999913,12.868,2.0168067226890756,184.8739495798319,2378.957983193277
3.702637059001063,12.864,2.0168067226890756,201.68067226890753,2594.4201680672268
3.7126972760015633,12.86,1.848739495798319,201.68067226890753,2593.6134453781506
3.7227572520005197,12.864,2.0168067226890756,201.68067226890753,2594.4201680672268
3.7328175060010835,12.864,2.0168067226890756,184.8739495798319,2378.2184873949577
3.742877167000188,12.864,2.0168067226890756,201.68067226890753,2594.4201680672268
3.7529383100009,12.868,2.0168067226890756,201.68067226890753,2595.226890756302
3.7629989530014427,12.864,2.0168067226890756,201.68067226890753,2594.4201680672268
3.773059707000357,12.868,2.0168067226890756,201.68067226890753,2595.226890756302
3.7831199420015764,12.864,2.0168067226890756,201.68067226890753,2594.4201680672268
3.793179937001696,12.868,2.0168067226890756,201.68067226890753,2595.226890756302
3.803240598001139,12.864,2.0168067226890756,201.68067226890753,2594.4201680672268
3.8133011300014914,12.868,2.0168067226890756,201.68067226890753,2595.226890756302
3.823361198999919,12.86,2.0168067226890756,201.68067226890753,2593.6134453781506
3.8334208420001232,12.864,2.0168067226890756,201.68067226890753,2594.4201680672268
3.8434806700006447,12.86,2.0168067226890756,201.68067226890753,2593.6134453781506
3.853541442000278,12.868,2.0168067226890756,201.68067226890753,2595.226890756302
3.863602011000694,12.864,2.0168067226890756,201.68067226890753,2594.4201680672268
3.87366259800001,12.872,1.848739495798319,201.68067226890753,2596.033613445378
3.8837232220012083,12.864,2.0168067226890756,201.68067226890753,2594.4201680672268
3.89378355000008,12.868,2.1848739495798317,201.68067226890753,2595.226890756302
3.9038441750017228,12.864,2.0168067226890756,201.68067226890753,2594.4201680672268
3.913910521001526,12.86,2.0168067226890756,201.68067226890753,2593.6134453781506
3.923993626000083,12.864,2.0168067226890756,184.8739495798319,2378.2184873949577
3.9340749720013264,12.86,2.0168067226890756,201.68067226890753,2593.6134453781506
3.944155152001258,12.864,2.0168067226890756,184.8739495798319,2378.2184873949577
3.95423559000119,12.864,1.848739495798319,201.68067226890753,2594.4201680672268
3.9643164920016716,12.868,2.0168067226890756,201.68067226890753,2595.226890756302
3.974396820000038,12.864,2.0168067226890756,184.8739495798319,2378.2184873949577
3.9844804060012393,12.872,2.0168067226890756,201.68067226890753,2596.033613445378
3.9945611040002404,12.864,2.0168067226890756,201.68067226890753,2594.4201680672268
4.004641969000659,12.864,2.0168067226890756,201.68067226890753,2594.4201680672268
4.0147354070013535,12.864,2.0168067226890756,184.8739495798319,2378.2184873949577
4.024812235000354,12.856,2.0168067226890756,201.68067226890753,2592.8067226890753
4.034888711001258,12.864,2.0168067226890756,201.68067226890753,2594.4201680672268
4.0449656680011685,12.86,2.0168067226890756,201.68067226890753,2593.6134453781506
4.0550417360009305,12.868,2.0168067226890756,201.68067226890753,2595.226890756302
4.065114564000396,12.864,2.0168067226890756,201.68067226890753,2594.4201680672268
4.075190373001533,12.864,1.848739495798319,201.68067226890753,2594.4201680672268
4.085268090000682,12.868,2.0168067226890756,201.68067226890753,2595.226890756302
4.095344436000232,12.864,2.0168067226890756,201.68067226890753,2594.4201680672268
4.1054221710001,12.868,2.1848739495798317,201.68067226890753,2595.226890756302
4.11550735000128,12.86,2.0168067226890756,201.68067226890753,2593.6134453781506
4.12559014100043,12.868,2.0168067226890756,201.68067226890753,2595.226890756302
4.135671357000319,12.86,2.0168067226890756,201.68067226890753,2593.6134453781506
4.14575338800023,12.864,2.0168067226890756,201.68067226890753,2594.4201680672268
4.155834216000585,12.864,2.0168067226890756,201.68067226890753,2594.4201680672268
4.165916895000919,12.86,2.0168067226890756,201.68067226890753,2593.6134453781506
4.175997279000512,12.864,2.0168067226890756,201.68067226890753,2594.4201680672268
4.186077846999979,12.864,2.0168067226890756,201.68067226890753,2594.4201680672268
4.196158823000587,12.864,2.0168067226890756,201.68067226890753,2594.4201680672268
4.20623887200054,12.864,2.0168067226890756,201.68067226890753,2594.4201680672268
4.216328459000579,12.864,2.0168067226890756,201.68067226890753,2594.4201680672268
4.226409342001716,12.864,2.0168067226890756,201.68067226890753,2594.4201680672268
4.236490707000485,12.864,2.0168067226890756,201.68067226890753,2594.4201680672268
4.246571516001495,12.864,2.0168067226890756,201.68067226890753,2594.4201680672268
4.256651862000581,12.868,1.848739495798319,184.8739495798319,2378.957983193277
4.266732986001443,12.86,2.0168067226890756,201.68067226890753,2593.6134453781506
4.2768135350015655,12.864,2.0168067226890756,201.68067226890753,2594.4201680672268
4.286894585000482,12.86,2.0168067226890756,201.68067226890753,2593.6134453781506
4.296975098000985,12.864,2.0168067226890756,201.68067226890753,2594.4201680672268
4.307054777000303,12.864,1.848739495798319,201.68067226890753,2594.4201680672268
4.317143957001463,12.86,2.0168067226890756,201.68067226890753,2593.6134453781506
4.3272251920006966,12.868,2.0168067226890756,201.68067226890753,2595.226890756302
4.337308093001411,12.856,2.0168067226890756,201.68067226890753,2592.8067226890753
4.3473890500008565,12.868,2.0168067226890756,201.68067226890753,2595.226890756302
4.357471322000492,12.86,2.0168067226890756,201.68067226890753,2593.6134453781506
4.367550798000593,12.868,2.0168067226890756,201.68067226890753,2595.226890756302
4.377630144001159,12.864,2.0168067226890756,201.68067226890753,2594.4201680672268
4.3877146750000975,12.86,2.0168067226890756,201.68067226890753,2593.6134453781506
4.397796947001552,12.868,2.0168067226890756,201.68067226890753,2595.226890756302
4.407877423000173,12.856,2.0168067226890756,201.68067226890753,2592.8067226890753
4.4179541770008655,12.864,2.0168067226890756,201.68067226890753,2594.4201680672268
4.42803198600086,12.856,2.0168067226890756,201.68067226890753,2592.8067226890753
4.438116258001173,12.864,2.0168067226890756,201.68067226890753,2594.4201680672268
4.448191900000893,12.864,2.0168067226890756,201.68067226890753,2594.4201680672268
4.458267949999936,12.864,1.848739495798319,201.68067226890753,2594.4201680672268
4.468344333001369,12.86,2.0168067226890756,201.68067226890753,2593.6134453781506
4.4784226050014695,12.868,2.0168067226890756,184.8739495798319,2378.957983193277
4.4884988220001105,12.86,1.848739495798319,201.68067226890753,2593.6134453781506
4.498575594001522,12.868,2.0168067226890756,201.68067226890753,2595.226890756302
4.508651996000481,12.86,2.0168067226890756,201.68067226890753,2593.6134453781506
4.518784989000778,12.86,2.0168067226890756,201.68067226890753,2593.6134453781506
4.528866539001683,12.86,2.0168067226890756,201.68067226890753,2593.6134453781506
4.538947644001382,12.864,2.0168067226890756,201.68067226890753,2594.4201680672268
4.549028157000066,12.864,2.0168067226890756,201.68067226890753,2594.4201680672268
4.55910779900114,12.864,2.0168067226890756,201.68067226890753,2594.4201680672268
4.56918705300086,12.864,2.0168067226890756,201.68067226890753,2594.4201680672268
4.579263380001066,12.864,2.0168067226890756,201.68067226890753,2594.4201680672268
4.589346393000596,12.868,2.0168067226890756,201.68067226890753,2595.226890756302
4.599427054001353,12.864,2.0168067226890756,201.68067226890753,2594.4201680672268
4.609507641000164,12.864,1.848739495798319,201.68067226890753,2594.4201680672268
4.619596561000435,12.864,2.0168067226890756,201.68067226890753,2594.4201680672268
4.629672425000535,12.856,2.0168067226890756,201.68067226890753,2592.8067226890753
4.639747753000847,12.864,1.848739495798319,201.68067226890753,2594.4201680672268
4.649825340000461,12.86,2.0168067226890756,201.68067226890753,2593.6134453781506
4.659901797000202,12.868,2.0168067226890756,201.68067226890753,2595.226890756302
4.669976791999943,12.864,2.0168067226890756,201.68067226890753,2594.4201680672268
4.680051712000932,12.868,1.848739495798319,201.68067226890753,2595.226890756302
4.690130854000017,12.864,2.0168067226890756,201.68067226890753,2594.4201680672268
4.700207219000731,12.868,2.0168067226890756,201.68067226890753,2595.226890756302
4.710283436001191,12.86,2.0168067226890756,201.68067226890753,2593.6134453781506
4.720367319001525,12.864,2.0168067226890756,201.68067226890753,2594.4201680672268
4.730447757001457,12.86,2.0168067226890756,201.68067226890753,2593.6134453781506
4.740523715001473,12.86,2.0168067226890756,201.68067226890753,2593.6134453781506
4.750604042001214,12.86,2.0168067226890756,201.68067226890753,2593.6134453781506
4.760684648001188,12.864,1.848739495798319,201.68067226890753,2594.4201680672268
4.770765123001183,12.86,2.0168067226890756,201.68067226890753,2593.6134453781506
4.7808455800004594,12.864,2.0168067226890756,201.68067226890753,2594.4201680672268
4.790925352001068,12.864,2.0168067226890756,201.68067226890753,2594.4201680672268
4.801006032001169,12.864,2.0168067226890756,201.68067226890753,2594.4201680672268
4.811086748000889,12.864,1.848739495798319,201.68067226890753,2594.4201680672268
4.821175650000441,12.864,1.848739495798319,201.68067226890753,2594.4201680672268
4.831256774001304,12.86,2.0168067226890756,201.68067226890753,2593.6134453781506
4.841339027001595,12.868,2.0168067226890756,201.68067226890753,2595.226890756302
4.851419521000935,12.856,2.0168067226890756,184.8739495798319,2376.739495798319
4.861501719000444,12.868,2.0168067226890756,201.68067226890753,2595.226890756302
4.871582084000693,12.856,2.0168067226890756,201.68067226890753,2592.8067226890753
4.88166093000109,12.868,2.0168067226890756,201.68067226890753,2595.226890756302
4.891740146000302,12.86,2.0168067226890756,201.68067226890753,2593.6134453781506
4.901822122001249,12.868,2.0168067226890756,201.68067226890753,2595.226890756302
4.911901783001667,12.86,1.848739495798319,201.68067226890753,2593.6134453781506
4.921977500000139,12.864,2.0168067226890756,201.68067226890753,2594.4201680672268
4.932057716001509,12.864,2.0168067226890756,201.68067226890753,2594.4201680672268
4.942137229001673,12.86,2.0168067226890756,201.68067226890753,2593.6134453781506
4.952216797000801,12.864,2.0168067226890756,201.68067226890753,2594.4201680672268
4.962295921000987,12.868,2.0168067226890756,201.68067226890753,2595.226890756302
4.97237534100168,12.856,2.0168067226890756,201.68067226890753,2592.8067226890753
4.982454984001379,12.864,2.0168067226890756,201.68067226890753,2594.4201680672268
4.992538774000423,12.86,2.0168067226890756,201.68067226890753,2593.6134453781506
5.002619565000714,12.868,2.0168067226890756,201.68067226890753,2595.226890756302
5.012700948000202,12.86,2.0168067226890756,201.68067226890753,2593.6134453781506
5.022793960000854,12.868,2.0168067226890756,184.8739495798319,2378.957983193277
5.0328704550011025,12.856,2.0168067226890756,201.68067226890753,2592.8067226890753
5.042946671001118,12.868,1.848739495798319,201.68067226890753,2595.226890756302
5.053023017000669,12.86,2.0168067226890756,201.68067226890753,2593.6134453781506
5.063099252000029,12.868,2.0168067226890756,201.68067226890753,2595.226890756302
5.073175358000299,12.856,2.0168067226890756,201.68067226890753,2592.8067226890753
5.0832507600007375,12.868,1.848739495798319,201.68067226890753,2595.226890756302
5.093326235000859,12.856,2.0168067226890756,201.68067226890753,2592.8067226890753
5.103401563001171,12.872,1.848739495798319,201.68067226890753,2596.033613445378
5.113477780001631,12.86,2.0168067226890756,201.68067226890753,2593.6134453781506
5.123599162001483,12.872,2.0168067226890756,201.68067226890753,2596.033613445378
5.13367910100169,12.86,2.0168067226890756,184.8739495798319,2377.478991596638
5.143759612999929,12.864,2.0168067226890756,201.68067226890753,2594.4201680672268
5.153841719000411,12.864,2.0168067226890756,201.68067226890753,2594.4201680672268
5.163921695000681,12.864,2.0168067226890756,184.8739495798319,2378.2184873949577
5.1740019300013955,12.864,1.848739495798319,201.68067226890753,2594.4201680672268
5.184081553001306,12.868,2.0168067226890756,201.68067226890753,2595.226890756302
5.194161807001365,12.864,2.1848739495798317,201.68067226890753,2594.4201680672268
5.204241616000218,12.868,2.0168067226890756,201.68067226890753,2595.226890756302
5.21432190700034,12.86,2.0168067226890756,201.68067226890753,2593.6134453781506
5.224412882000252,12.872,2.0168067226890756,201.68067226890753,2596.033613445378
5.234493432000818,12.852,2.0168067226890756,201.68067226890753,2591.9999999999995
5.244572204001088,12.872,2.0168067226890756,201.68067226890753,2596.033613445378
5.254654069000026,12.856,2.0168067226890756,184.8739495798319,2376.739495798319
5.264734378000867,12.872,2.0168067226890756,184.8739495798319,2379.697478991596
5.274813890000587,12.86,2.0168067226890756,201.68067226890753,2593.6134453781506
5.284893237001597,12.868,2.0168067226890756,201.68067226890753,2595.226890756302
5.294972657000471,12.864,2.0168067226890756,201.68067226890753,2594.4201680672268
5.305051855000784,12.872,1.848739495798319,201.68067226890753,2596.033613445378
5.315131033999933,12.864,2.0168067226890756,201.68067226890753,2594.4201680672268
5.325220954000542,12.872,2.0168067226890756,201.68067226890753,2596.033613445378
5.335301763001553,12.856,1.848739495798319,201.68067226890753,2592.8067226890753
5.345384146001379,12.864,2.0168067226890756,184.8739495798319,2378.2184873949577
5.355465048000042,12.856,2.0168067226890756,201.68067226890753,2592.8067226890753
5.365546487000756,12.868,2.0168067226890756,184.8739495798319,2378.957983193277
5.375626592000117,12.86,2.0168067226890756,201.68067226890753,2593.6134453781506
5.385711975000959,12.868,2.0168067226890756,201.68067226890753,2595.226890756302
5.395792636001715,12.864,1.848739495798319,201.68067226890753,2594.4201680672268
5.405875038000886,12.868,2.0168067226890756,201.68067226890753,2595.226890756302
5.4159555320002255,12.864,1.848739495798319,184.8739495798319,2378.2184873949577
5.426034156000242,12.872,2.0168067226890756,184.8739495798319,2379.697478991596
5.436111483000786,12.852,2.0168067226890756,201.68067226890753,2591.9999999999995
5.446188922000147,12.872,2.0168067226890756,201.68067226890753,2596.033613445378
5.456265546001305,12.848,2.0168067226890756,201.68067226890753,2591.1932773109243
5.466342577001342,12.872,2.0168067226890756,201.68067226890753,2596.033613445378
5.4764179610010615,12.856,2.0168067226890756,201.68067226890753,2592.8067226890753
5.486493659000189,12.872,2.0168067226890756,201.68067226890753,2596.033613445378
5.496568746000776,12.86,2.0168067226890756,201.68067226890753,2593.6134453781506
5.5066445550000935,12.872,2.0168067226890756,201.68067226890753,2596.033613445378
5.516721234000215,12.864,2.0168067226890756,201.68067226890753,2594.4201680672268
5.526807080001163,12.872,2.0168067226890756,201.68067226890753,2596.033613445378
5.536888167000143,12.864,2.0168067226890756,201.68067226890753,2594.4201680672268
5.54696881000018,12.864,2.0168067226890756,201.68067226890753,2594.4201680672268
5.557048545000725,12.856,2.0168067226890756,184.8739495798319,2376.739495798319
5.567128020000382,12.868,2.0168067226890756,201.68067226890753,2595.226890756302
5.577208200000314,12.856,1.848739495798319,201.68067226890753,2592.8067226890753
5.5872891760009225,12.872,2.0168067226890756,201.68067226890753,2596.033613445378
5.597371411000495,12.856,2.0168067226890756,184.8739495798319,2376.739495798319
5.607454108001548,12.872,2.0168067226890756,201.68067226890753,2596.033613445378
5.617532732001564,12.86,2.0168067226890756,201.68067226890753,2593.6134453781506
5.627628226000525,12.872,1.848739495798319,201.68067226890753,2596.033613445378
5.637708091000604,12.86,2.0168067226890756,201.68067226890753,2593.6134453781506
5.64778853000098,12.872,1.848739495798319,201.68067226890753,2596.033613445378
5.657870876000743,12.856,2.0168067226890756,201.68067226890753,2592.8067226890753
5.66795166600059,12.872,2.0168067226890756,201.68067226890753,2596.033613445378
5.678032809000797,12.852,1.848739495798319,201.68067226890753,2591.9999999999995
5.688112470001215,12.872,2.0168067226890756,201.68067226890753,2596.033613445378
5.698188057000152,12.852,2.0168067226890756,201.68067226890753,2591.9999999999995
5.70826712500093,12.872,2.0168067226890756,201.68067226890753,2596.033613445378
5.718346952000502,12.856,2.0168067226890756,201.68067226890753,2592.8067226890753
5.728426910000053,12.872,2.0168067226890756,201.68067226890753,2596.033613445378
5.738506237001275,12.86,2.0168067226890756,201.68067226890753,2593.6134453781506
5.748585695000656,12.864,2.0168067226890756,201.68067226890753,2594.4201680672268
5.758662448000905,12.86,2.0168067226890756,201.68067226890753,2593.6134453781506
5.768746016001387,12.868,2.0168067226890756,201.68067226890753,2595.226890756302
5.778831973000706,12.864,2.0168067226890756,201.68067226890753,2594.4201680672268
5.788909505001357,12.872,2.0168067226890756,201.68067226890753,2596.033613445378
5.798991555000612,12.856,2.0168067226890756,184.8739495798319,2376.739495798319
5.809072604000903,12.872,2.0168067226890756,201.68067226890753,2596.033613445378
5.819153062000623,12.856,2.0168067226890756,201.68067226890753,2592.8067226890753
5.8293059430016,12.872,2.0168067226890756,201.68067226890753,2596.033613445378
5.839385160001257,12.852,2.0168067226890756,201.68067226890753,2591.9999999999995
5.849464617000194,12.872,2.0168067226890756,201.68067226890753,2596.033613445378
5.859543704000316,12.852,2.0168067226890756,201.68067226890753,2591.9999999999995
5.869623124001009,12.872,2.0168067226890756,201.68067226890753,2596.033613445378
5.87970334000056,12.86,2.0168067226890756,201.68067226890753,2593.6134453781506
5.889783464001084,12.872,2.0168067226890756,201.68067226890753,2596.033613445378
5.899862144000508,12.86,1.848739495798319,201.68067226890753,2593.6134453781506
5.909941934000017,12.872,2.0168067226890756,201.68067226890753,2596.033613445378
5.920021910000287,12.852,2.0168067226890756,201.68067226890753,2591.9999999999995
5.930111960000431,12.872,2.0168067226890756,201.68067226890753,2596.033613445378
5.940192028001547,12.852,2.0168067226890756,201.68067226890753,2591.9999999999995
5.950272504000168,12.868,1.848739495798319,201.68067226890753,2595.226890756302
5.960352830999909,12.856,2.0168067226890756,201.68067226890753,2592.8067226890753
5.970433084999968,12.868,2.0168067226890756,201.68067226890753,2595.226890756302
5.980512338001063,12.86,1.848739495798319,201.68067226890753,2593.6134453781506
5.990592055000889,12.868,2.0168067226890756,201.68067226890753,2595.226890756302
6.000675790000969,12.86,2.0168067226890756,201.68067226890753,2593.6134453781506
6.0107564509999065,12.872,2.0168067226890756,201.68067226890753,2596.033613445378
6.020837445001234,12.86,2.0168067226890756,201.68067226890753,2593.6134453781506
6.030988012000307,12.872,2.0168067226890756,201.68067226890753,2596.033613445378
6.041064562001338,12.856,2.0168067226890756,201.68067226890753,2592.8067226890753
6.051140723000572,12.872,2.0168067226890756,201.68067226890753,2596.033613445378
6.061216606000016,12.848,2.0168067226890756,201.68067226890753,2591.1932773109243
6.071292878001259,12.876,2.0168067226890756,201.68067226890753,2596.840336134453
6.081367965000027,12.852,2.0168067226890756,201.68067226890753,2591.9999999999995
6.091442700000698,12.876,1.848739495798319,184.8739495798319,2380.4369747899154
6.10151802800101,12.86,2.0168067226890756,201.68067226890753,2593.6134453781506
6.111590170001364,12.872,2.0168067226890756,184.8739495798319,2379.697478991596
6.121667035000428,12.86,2.0168067226890756,201.68067226890753,2593.6134453781506
6.1317508070005715,12.876,2.0168067226890756,201.68067226890753,2596.840336134453
6.141833672001667,12.86,1.848739495798319,201.68067226890753,2593.6134453781506
6.151914110001599,12.868,2.0168067226890756,201.68067226890753,2595.226890756302
6.161994734000473,12.852,2.0168067226890756,201.68067226890753,2591.9999999999995
6.17207550600142,12.872,2.0168067226890756,201.68067226890753,2596.033613445378
6.182155649001288,12.852,2.0168067226890756,201.68067226890753,2591.9999999999995
6.192236180000691,12.872,1.848739495798319,201.68067226890753,2596.033613445378
6.202317025999946,12.856,2.0168067226890756,201.68067226890753,2592.8067226890753
6.212397576000512,12.872,2.0168067226890756,201.68067226890753,2596.033613445378
6.222478106999915,12.86,2.0168067226890756,201.68067226890753,2593.6134453781506
6.2325683790004405,12.872,2.0168067226890756,201.68067226890753,2596.033613445378
6.242644466001366,12.86,2.0168067226890756,201.68067226890753,2593.6134453781506
6.252725053000177,12.872,2.0168067226890756,201.68067226890753,2596.033613445378
6.2628048620008485,12.856,2.0168067226890756,201.68067226890753,2592.8067226890753
6.272884208001415,12.876,2.0168067226890756,201.68067226890753,2596.840336134453
6.282965221000268,12.848,2.0168067226890756,201.68067226890753,2591.1932773109243
6.29304636300003,12.872,2.0168067226890756,201.68067226890753,2596.033613445378
6.3031253020017175,12.852,2.0168067226890756,201.68067226890753,2591.9999999999995
6.313205704000211,12.872,2.0168067226890756,201.68067226890753,2596.033613445378
6.323286161001306,12.856,2.0168067226890756,201.68067226890753,2592.8067226890753
6.333378192000964,12.872,2.0168067226890756,201.68067226890753,2596.033613445378
6.343458612000177,12.86,2.0168067226890756,201.68067226890753,2593.6134453781506
6.353540755000722,12.868,2.0168067226890756,201.68067226890753,2595.226890756302
6.3636210820004635,12.86,2.0168067226890756,201.68067226890753,2593.6134453781506
6.373702910001157,12.868,2.0168067226890756,201.68067226890753,2595.226890756302
6.383794441000646,12.86,2.0168067226890756,201.68067226890753,2593.6134453781506
6.3938767870004085,12.872,2.0168067226890756,201.68067226890753,2596.033613445378
6.4039580400003615,12.852,2.0168067226890756,201.68067226890753,2591.9999999999995
6.414039868001055,12.872,2.0168067226890756,201.68067226890753,2596.033613445378
6.424120751000373,12.852,2.0168067226890756,201.68067226890753,2591.9999999999995
6.434286225001415,12.872,2.0168067226890756,201.68067226890753,2596.033613445378
6.444363219001389,12.856,2.0168067226890756,201.68067226890753,2592.8067226890753
6.454440973000601,12.872,2.0168067226890756,201.68067226890753,2596.033613445378
6.464516930000173,12.852,1.848739495798319,201.68067226890753,2591.9999999999995
6.474593758000992,12.872,2.0168067226890756,201.68067226890753,2596.033613445378
6.484670419000395,12.856,2.0168067226890756,218.48739495798318,2808.873949579832
6.494746784001109,12.876,2.0168067226890756,201.68067226890753,2596.840336134453
6.504822871000215,12.848,1.848739495798319,201.68067226890753,2591.1932773109243
6.514898938999977,12.876,2.0168067226890756,201.68067226890753,2596.840336134453
6.524974100000691,12.848,2.0168067226890756,201.68067226890753,2591.1932773109243
6.535057353999946,12.876,2.0168067226890756,201.68067226890753,2596.840336134453
6.54513821799992,12.852,1.848739495798319,201.68067226890753,2591.9999999999995
6.555218250001417,12.868,2.0168067226890756,201.68067226890753,2595.226890756302
6.565297299001031,12.856,2.0168067226890756,201.68067226890753,2592.8067226890753
6.575377405000836,12.868,2.0168067226890756,201.68067226890753,2595.226890756302
6.585459343001276,12.856,2.0168067226890756,201.68067226890753,2592.8067226890753
6.595539764000932,12.872,2.0168067226890756,201.68067226890753,2596.033613445378
6.605622017001224,12.86,2.0168067226890756,201.68067226890753,2593.6134453781506
6.6157017150017055,12.872,1.848739495798319,201.68067226890753,2596.033613445378
6.6257765800000925,12.86,2.0168067226890756,201.68067226890753,2593.6134453781506
6.6358650180009136,12.876,1.848739495798319,201.68067226890753,2596.840336134453
6.645947439001247,12.852,2.0168067226890756,218.48739495798318,2808.0
6.656028025001433,12.876,1.848739495798319,201.68067226890753,2596.840336134453
6.666108335000899,12.844,2.0168067226890756,201.68067226890753,2590.386554621848
6.676188236000598,12.876,2.0168067226890756,201.68067226890753,2596.840336134453
6.686267119001059,12.852,1.848739495798319,201.68067226890753,2591.9999999999995
6.696347779999996,12.872,2.0168067226890756,201.68067226890753,2596.033613445378
6.706428238001536,12.856,1.848739495798319,201.68067226890753,2592.8067226890753
6.716507473000092,12.876,2.0168067226890756,201.68067226890753,2596.840336134453
6.726588559000447,12.86,2.0168067226890756,201.68067226890753,2593.6134453781506
6.736677887000042,12.876,2.0168067226890756,201.68067226890753,2596.840336134453
6.746758307001073,12.86,2.0168067226890756,184.8739495798319,2377.478991596638
6.756838042001618,12.872,2.0168067226890756,201.68067226890753,2596.033613445378
6.76691824000045,12.852,2.0168067226890756,201.68067226890753,2591.9999999999995
6.776999105000868,12.868,2.0168067226890756,201.68067226890753,2595.226890756302
6.787074988000313,12.852,2.0168067226890756,201.68067226890753,2591.9999999999995
6.797154538000541,12.872,2.0168067226890756,201.68067226890753,2596.033613445378
6.8072355880012765,12.856,1.848739495798319,201.68067226890753,2592.8067226890753
6.817315600001166,12.872,2.0168067226890756,184.8739495798319,2379.697478991596
6.827396058000886,12.856,1.848739495798319,201.68067226890753,2592.8067226890753
6.8374894770004175,12.872,2.0168067226890756,184.8739495798319,2379.697478991596
6.847570120000455,12.856,2.0168067226890756,201.68067226890753,2592.8067226890753
6.857651651000197,12.876,2.0168067226890756,201.68067226890753,2596.840336134453
6.86773238600108,12.852,2.0168067226890756,201.68067226890753,2591.9999999999995
6.8778139730002295,12.876,2.0168067226890756,201.68067226890753,2596.840336134453
6.887893986000563,12.84,2.0168067226890756,201.68067226890753,2589.579831932773
6.8979751100014255,12.876,1.848739495798319,184.8739495798319,2380.4369747899154
6.908055456000511,12.848,2.0168067226890756,201.68067226890753,2591.1932773109243
6.918135969001014,12.876,2.0168067226890756,201.68067226890753,2596.840336134453
6.928216037000311,12.852,2.0168067226890756,201.68067226890753,2591.9999999999995
6.938323068001409,12.876,2.0168067226890756,201.68067226890753,2596.840336134453
6.948403803000474,12.856,2.0168067226890756,184.8739495798319,2376.739495798319
6.958483945001717,12.872,2.0168067226890756,201.68067226890753,2596.033613445378
6.968563958000232,12.856,2.0168067226890756,201.68067226890753,2592.8067226890753
6.978643934000502,12.868,2.0168067226890756,184.8739495798319,2378.957983193277
6.98872322400166,12.86,2.0168067226890756,184.8739495798319,2377.478991596638
6.998803607000809,12.872,1.848739495798319,184.8739495798319,2379.697478991596
7.00888721299998,12.852,2.0168067226890756,201.68067226890753,2591.9999999999995
7.0189682630007155,12.876,1.848739495798319,201.68067226890753,2596.840336134453
7.02904912700069,12.852,2.0168067226890756,201.68067226890753,2591.9999999999995
7.039200842000355,12.876,2.0168067226890756,201.68067226890753,2596.840336134453
7.0492787070015765,12.856,2.0168067226890756,184.8739495798319,2376.739495798319
7.059354923001592,12.872,1.848739495798319,201.68067226890753,2596.033613445378
7.069432047001101,12.852,2.0168067226890756,201.68067226890753,2591.9999999999995
7.079507912001645,12.876,1.848739495798319,201.68067226890753,2596.840336134453
7.089583592000054,12.844,2.0168067226890756,201.68067226890753,2590.386554621848
7.099658734001423,12.876,2.0168067226890756,201.68067226890753,2596.840336134453
7.109737691000191,12.848,2.0168067226890756,184.8739495798319,2375.2605042016803
7.1198138520012435,12.876,2.0168067226890756,201.68067226890753,2596.840336134453
7.12989114300035,12.848,2.0168067226890756,201.68067226890753,2591.1932773109243
7.13997586000005,12.876,2.0168067226890756,201.68067226890753,2596.840336134453
7.15005861300051,12.852,2.0168067226890756,184.8739495798319,2375.9999999999995
7.160139533001711,12.872,2.0168067226890756,184.8739495798319,2379.697478991596
7.170220453001093,12.856,2.0168067226890756,201.68067226890753,2592.8067226890753
7.180300114001511,12.868,2.0168067226890756,201.68067226890753,2595.226890756302
7.190380794001612,12.856,2.0168067226890756,201.68067226890753,2592.8067226890753
7.200461436001206,12.872,2.0168067226890756,201.68067226890753,2596.033613445378
7.210541079000905,12.856,2.0168067226890756,201.68067226890753,2592.8067226890753
7.220622110000477,12.876,2.0168067226890756,201.68067226890753,2596.840336134453
7.230702345001191,12.852,2.0168067226890756,201.68067226890753,2591.9999999999995
7.240807413001676,12.876,2.0168067226890756,201.68067226890753,2596.840336134453
7.250889740000275,12.852,2.0168067226890756,184.8739495798319,2375.9999999999995
7.260967142001391,12.876,2.0168067226890756,201.68067226890753,2596.840336134453
7.27104739600145,12.848,2.0168067226890756,201.68067226890753,2591.1932773109243
7.281127946000197,12.876,2.0168067226890756,201.68067226890753,2596.840336134453
7.291208495000319,12.848,2.0168067226890756,201.68067226890753,2591.1932773109243
7.301291064000907,12.876,1.848739495798319,201.68067226890753,2596.840336134453
7.311371780000627,12.852,2.0168067226890756,201.68067226890753,2591.9999999999995
7.3214536260002205,12.872,2.0168067226890756,201.68067226890753,2596.033613445378
7.331533694999962,12.856,2.0168067226890756,201.68067226890753,2592.8067226890753
7.34162522600127,12.876,1.848739495798319,201.68067226890753,2596.840336134453
7.351701479001349,12.852,2.0168067226890756,201.68067226890753,2591.9999999999995
7.361779177001154,12.876,2.0168067226890756,201.68067226890753,2596.840336134453
7.371854616001656,12.848,2.0168067226890756,201.68067226890753,2591.1932773109243
7.3819592950003425,12.868,2.0168067226890756,201.68067226890753,2595.226890756302
7.392035790000591,12.852,2.0168067226890756,201.68067226890753,2591.9999999999995
7.402113432000988,12.872,2.0168067226890756,201.68067226890753,2596.033613445378
7.4121905750016595,12.856,2.0168067226890756,201.68067226890753,2592.8067226890753
7.422268828000597,12.872,2.0168067226890756,201.68067226890753,2596.033613445378
7.432344471000761,12.856,2.0168067226890756,201.68067226890753,2592.8067226890753
7.442453816000125,12.876,2.0168067226890756,201.68067226890753,2596.840336134453
7.452530496000691,12.852,2.0168067226890756,201.68067226890753,2591.9999999999995
7.462607823001235,12.876,2.0168067226890756,201.68067226890753,2596.840336134453
7.472683799000151,12.852,2.0168067226890756,201.68067226890753,2591.9999999999995
7.4827605340015,12.876,2.0168067226890756,201.68067226890753,2596.840336134453
7.492837158000839,12.844,2.0168067226890756,201.68067226890753,2590.386554621848
7.502913244999945,12.876,2.0168067226890756,201.68067226890753,2596.840336134453
7.512988684000447,12.852,2.0168067226890756,201.68067226890753,2591.9999999999995
7.523065290000886,12.876,2.0168067226890756,201.68067226890753,2596.840336134453
7.533141321000585,12.864,2.0168067226890756,201.68067226890753,2594.4201680672268
7.543225982000877,12.88,1.848739495798319,201.68067226890753,2597.6470588235293
7.553308235001168,12.852,2.0168067226890756,201.68067226890753,2591.9999999999995
7.563388341000973,12.88,1.848739495798319,184.8739495798319,2381.176470588235
7.573471335001159,12.868,1.848739495798319,201.68067226890753,2595.226890756302
7.583552403000795,12.876,1.848739495798319,184.8739495798319,2380.4369747899154
7.593635287001234,12.848,2.0168067226890756,184.8739495798319,2375.2605042016803
7.60371624400068,12.884,2.0168067226890756,184.8739495798319,2381.9159663865544
7.613795757000844,12.86,2.0168067226890756,184.8739495798319,2377.478991596638
7.623875177001537,12.868,2.0168067226890756,201.68067226890753,2595.226890756302
7.633955838000475,12.848,2.0168067226890756,184.8739495798319,2375.2605042016803
7.644045573000767,12.876,2.0168067226890756,201.68067226890753,2596.840336134453
7.654131382001651,12.856,2.0168067226890756,201.68067226890753,2592.8067226890753
7.664213024001583,12.876,1.848739495798319,201.68067226890753,2596.840336134453
7.674294481001198,12.852,2.0168067226890756,201.68067226890753,2591.9999999999995
7.68437608700151,12.876,2.0168067226890756,184.8739495798319,2380.4369747899154
7.694454025000596,12.848,2.0168067226890756,201.68067226890753,2591.1932773109243
7.704535520000718,12.884,2.0168067226890756,201.68067226890753,2598.4537815126046
7.714615921000586,12.852,2.0168067226890756,201.68067226890753,2591.9999999999995
7.724697453000772,12.88,2.0168067226890756,201.68067226890753,2597.6470588235293
7.734778058000302,12.852,2.0168067226890756,201.68067226890753,2591.9999999999995
7.7448674220013345,12.88,2.0168067226890756,184.8739495798319,2381.176470588235
7.754945028000293,12.856,1.848739495798319,201.68067226890753,2592.8067226890753
7.765021967001303,12.872,2.0168067226890756,201.68067226890753,2596.033613445378
7.775098202000663,12.852,2.0168067226890756,201.68067226890753,2591.9999999999995
7.785174770000594,12.872,2.0168067226890756,184.8739495798319,2379.697478991596
7.795251487001224,12.856,2.0168067226890756,184.8739495798319,2376.739495798319
7.805329628999971,12.872,2.0168067226890756,201.68067226890753,2596.033613445378
7.815406642001108,12.852,2.0168067226890756,201.68067226890753,2591.9999999999995
7.825485414001378,12.876,2.0168067226890756,201.68067226890753,2596.840336134453
7.835561409001457,12.848,2.0168067226890756,201.68067226890753,2591.1932773109243
7.845645940000395,12.88,2.0168067226890756,201.68067226890753,2597.6470588235293
7.855725953000729,12.848,1.848739495798319,201.68067226890753,2591.1932773109243
7.865808614000343,12.876,2.0168067226890756,201.68067226890753,2596.840336134453
7.875888608001333,12.852,2.0168067226890756,201.68067226890753,2591.9999999999995
7.885969509999995,12.88,2.0168067226890756,201.68067226890753,2597.6470588235293
7.896050004001154,12.848,2.0168067226890756,201.68067226890753,2591.1932773109243
7.906130257000768,12.876,2.0168067226890756,201.68067226890753,2596.840336134453
7.916210492001483,12.852,2.0168067226890756,201.68067226890753,2591.9999999999995
7.926291264000611,12.876,2.0168067226890756,201.68067226890753,2596.840336134453
7.936372129001029,12.852,2.0168067226890756,201.68067226890753,2591.9999999999995
7.9464645120006026,12.88,2.0168067226890756,184.8739495798319,2381.176470588235
7.956544821001444,12.848,2.0168067226890756,201.68067226890753,2591.1932773109243
7.966625778000889,12.88,2.0168067226890756,201.68067226890753,2597.6470588235293
7.976706217001265,12.852,2.0168067226890756,201.68067226890753,2591.9999999999995
7.986786767000012,12.872,2.0168067226890756,201.68067226890753,2596.033613445378
7.996866391000367,12.852,1.848739495798319,201.68067226890753,2591.9999999999995
8.006946959001652,12.872,2.0168067226890756,201.68067226890753,2596.033613445378
8.017030009001246,12.876,2.0168067226890756,184.8739495798319,2380.4369747899154
8.02711063300012,12.9,2.0168067226890756,184.8739495798319,2384.873949579832
8.037190664001173,12.876,1.848739495798319,184.8739495798319,2380.4369747899154
8.04729860200132,12.892,1.848739495798319,184.8739495798319,2383.394957983193
8.05738183700123,12.868,1.848739495798319,201.68067226890753,2595.226890756302
8.067460887001289,12.896,1.848739495798319,184.8739495798319,2384.1344537815125
8.077540400001453,12.864,2.0168067226890756,201.68067226890753,2594.4201680672268
8.087620320000497,12.896,2.0168067226890756,184.8739495798319,2384.1344537815125
8.097702222001317,12.856,2.0168067226890756,184.8739495798319,2376.739495798319
8.107782679000593,12.896,1.848739495798319,201.68067226890753,2600.873949579832
8.117865081001582,12.86,1.848739495798319,184.8739495798319,2377.478991596638
8.127945575000922,12.892,1.848739495798319,184.8739495798319,2383.394957983193
8.138026755001192,12.864,1.848739495798319,201.68067226890753,2594.4201680672268
8.148130878000302,12.864,2.0168067226890756,201.68067226890753,2594.4201680672268
8.158210150000741,12.84,1.848739495798319,201.68067226890753,2589.579831932773
8.168289552000715,12.876,2.0168067226890756,201.68067226890753,2596.840336134453
8.178370824000012,12.848,2.0168067226890756,201.68067226890753,2591.1932773109243
8.188452003001657,12.876,2.0168067226890756,201.68067226890753,2596.840336134453
8.19853120100015,12.848,2.0168067226890756,201.68067226890753,2591.1932773109243
8.208611344000019,12.876,2.0168067226890756,201.68067226890753,2596.840336134453
8.218691338001008,12.848,2.0168067226890756,201.68067226890753,2591.1932773109243
8.2287721470002,12.88,1.848739495798319,201.68067226890753,2597.6470588235293
8.238851993000935,12.848,2.0168067226890756,201.68067226890753,2591.1932773109243
8.24896200600051,12.876,2.0168067226890756,201.68067226890753,2596.840336134453
8.259039500000654,12.844,2.0168067226890756,201.68067226890753,2590.386554621848
8.269119698001305,12.876,2.0168067226890756,201.68067226890753,2596.840336134453
8.279200563001723,12.852,2.0168067226890756,201.68067226890753,2591.9999999999995
8.289280483000766,12.88,1.848739495798319,201.68067226890753,2597.6470588235293
8.299360681001417,12.844,2.0168067226890756,201.68067226890753,2590.386554621848
8.309440304999953,12.88,2.0168067226890756,201.68067226890753,2597.6470588235293
8.319519114000286,12.84,2.1848739495798317,201.68067226890753,2589.579831932773
8.329601385999922,12.88,2.0168067226890756,201.68067226890753,2597.6470588235293
8.339680584000234,12.844,2.0168067226890756,201.68067226890753,2590.386554621848
8.349760578001224,12.88,2.0168067226890756,201.68067226890753,2597.6470588235293
8.359839480001028,12.848,2.0168067226890756,184.8739495798319,2375.2605042016803
8.369921548001003,12.88,2.0168067226890756,184.8739495798319,2381.176470588235
8.380017690000386,12.848,1.848739495798319,201.68067226890753,2591.1932773109243
8.390102111001397,12.876,1.848739495798319,201.68067226890753,2596.840336134453
8.400182975001371,12.852,1.848739495798319,201.68067226890753,2591.9999999999995
8.41026434000014,12.872,2.0168067226890756,201.68067226890753,2596.033613445378
8.420345056001679,12.848,2.0168067226890756,201.68067226890753,2591.1932773109243
8.430425180000384,12.88,2.0168067226890756,201.68067226890753,2597.6470588235293
8.440504971000337,12.848,2.0168067226890756,201.68067226890753,2591.1932773109243
8.450583317000564,12.88,2.0168067226890756,201.68067226890753,2597.6470588235293
8.460656089000622,12.852,2.0168067226890756,201.68067226890753,2591.9999999999995
8.470732565001526,12.876,2.0168067226890756,201.68067226890753,2596.840336134453
8.48080870800004,12.852,2.0168067226890756,201.68067226890753,2591.9999999999995
8.49088614700122,12.876,2.0168067226890756,201.68067226890753,2596.840336134453
8.50096260400096,12.844,2.0168067226890756,201.68067226890753,2590.386554621848
8.51103863500066,12.876,2.0168067226890756,201.68067226890753,2596.840336134453
8.521110834000865,12.844,2.0168067226890756,184.8739495798319,2374.5210084033606
8.531186902000627,12.88,2.0168067226890756,201.68067226890753,2597.6470588235293
8.541264415000114,12.848,2.0168067226890756,201.68067226890753,2591.1932773109243
8.551350113000808,12.884,2.0168067226890756,201.68067226890753,2598.4537815126046
8.561425237001458,12.844,2.0168067226890756,201.68067226890753,2590.386554621848
8.571506509000756,12.88,2.0168067226890756,201.68067226890753,2597.6470588235293
8.581586948001132,12.848,2.0168067226890756,201.68067226890753,2591.1932773109243
8.591667312000936,12.88,2.0168067226890756,201.68067226890753,2597.6470588235293
8.601749270001164,12.852,2.0168067226890756,201.68067226890753,2591.9999999999995
8.611824320001688,12.872,2.0168067226890756,184.8739495798319,2379.697478991596
8.621903906001535,12.852,2.0168067226890756,201.68067226890753,2591.9999999999995
8.63197964200117,12.876,2.0168067226890756,201.68067226890753,2596.840336134453
8.642059377001715,12.852,2.0168067226890756,201.68067226890753,2591.9999999999995
8.652149408000696,12.88,2.0168067226890756,201.68067226890753,2597.6470588235293
8.662230124000416,12.852,1.848739495798319,201.68067226890753,2591.9999999999995
8.672306322001532,12.88,2.0168067226890756,201.68067226890753,2597.6470588235293
8.68238746499992,12.848,2.0168067226890756,201.68067226890753,2591.1932773109243
8.692467515000317,12.88,2.0168067226890756,201.68067226890753,2597.6470588235293
8.702548564000608,12.844,2.0168067226890756,201.68067226890753,2590.386554621848
8.712629299001492,12.876,2.0168067226890756,201.68067226890753,2596.840336134453
8.722710016001656,12.844,2.0168067226890756,201.68067226890753,2590.386554621848
8.732790344000023,12.876,2.0168067226890756,201.68067226890753,2596.840336134453
8.742870856000081,12.848,2.0168067226890756,201.68067226890753,2591.1932773109243
8.752961202000733,12.88,2.0168067226890756,201.68067226890753,2597.6470588235293
8.76304234500094,12.848,2.0168067226890756,184.8739495798319,2375.2605042016803
8.773123117000068,12.88,2.0168067226890756,201.68067226890753,2597.6470588235293
8.783203111001058,12.848,2.0168067226890756,201.68067226890753,2591.1932773109243
8.793285605001074,12.88,2.0168067226890756,201.68067226890753,2597.6470588235293
8.80336591500054,12.848,2.0168067226890756,201.68067226890753,2591.1932773109243
8.813448094000705,12.876,2.0168067226890756,201.68067226890753,2596.840336134453
8.82352844000161,12.848,2.0168067226890756,201.68067226890753,2591.1932773109243
8.833604416000526,12.872,1.848739495798319,201.68067226890753,2596.033613445378
8.843685299001663,12.852,2.0168067226890756,201.68067226890753,2591.9999999999995
8.853776423000454,12.872,2.0168067226890756,201.68067226890753,2596.033613445378
8.863856601999942,12.852,2.0168067226890756,184.8739495798319,2375.9999999999995
8.87393694900129,12.876,2.0168067226890756,201.68067226890753,2596.840336134453
8.884017609001603,12.852,2.0168067226890756,201.68067226890753,2591.9999999999995
8.894097993001196,12.88,1.848739495798319,201.68067226890753,2597.6470588235293
8.90417780200005,12.844,1.848739495798319,201.68067226890753,2590.386554621848
8.914258074000827,12.88,2.0168067226890756,184.8739495798319,2381.176470588235
8.924338550001266,12.84,2.0168067226890756,201.68067226890753,2589.579831932773
8.934419340001114,12.88,2.0168067226890756,201.68067226890753,2597.6470588235293
8.944499760000326,12.848,2.0168067226890756,201.68067226890753,2591.1932773109243
8.954602273001,12.876,2.0168067226890756,201.68067226890753,2596.840336134453
8.964682304000235,12.848,2.0168067226890756,201.68067226890753,2591.1932773109243
8.974761613000737,12.876,2.0168067226890756,201.68067226890753,2596.840336134453
8.984841571000288,12.848,1.848739495798319,201.68067226890753,2591.1932773109243
8.994922361000135,12.88,2.0168067226890756,184.8739495798319,2381.176470588235
9.00500320700121,12.848,2.0168067226890756,201.68067226890753,2591.1932773109243
9.015083646001585,12.876,2.0168067226890756,201.68067226890753,2596.840336134453
9.025164029000734,12.848,2.0168067226890756,201.68067226890753,2591.1932773109243
9.03524750500037,12.88,2.0168067226890756,201.68067226890753,2597.6470588235293
9.045330128999922,12.848,2.0168067226890756,201.68067226890753,2591.1932773109243
9.055481714000052,12.88,2.0168067226890756,201.68067226890753,2597.6470588235293
9.0655596530014,12.852,2.0168067226890756,201.68067226890753,2591.9999999999995
9.07563649900112,12.876,2.0168067226890756,184.8739495798319,2380.4369747899154
9.085714345001179,12.852,2.0168067226890756,201.68067226890753,2591.9999999999995
9.095791136000116,12.876,2.0168067226890756,201.68067226890753,2596.840336134453
9.105867779000619,12.848,2.0168067226890756,201.68067226890753,2591.1932773109243
9.115943884000444,12.88,2.0168067226890756,201.68067226890753,2597.6470588235293
9.12602119300027,12.844,1.848739495798319,201.68067226890753,2590.386554621848
9.136097169001005,12.884,2.0168067226890756,201.68067226890753,2598.4537815126046
9.146174164001422,12.844,2.0168067226890756,201.68067226890753,2590.386554621848
9.156257361000826,12.884,2.0168067226890756,201.68067226890753,2598.4537815126046
9.166341930000272,12.848,2.0168067226890756,201.68067226890753,2591.1932773109243
9.176421257001493,12.884,2.0168067226890756,201.68067226890753,2598.4537815126046
9.186502493001171,12.848,2.0168067226890756,184.8739495798319,2375.2605042016803
9.196583450000617,12.88,2.0168067226890756,201.68067226890753,2597.6470588235293
9.206663796001521,12.852,2.0168067226890756,201.68067226890753,2591.9999999999995
9.216743809000036,12.872,2.1848739495798317,201.68067226890753,2596.033613445378
9.22682406200147,12.852,2.0168067226890756,201.68067226890753,2591.9999999999995
9.236904223000238,12.872,2.0168067226890756,201.68067226890753,2596.033613445378
9.246984958001121,12.852,2.0168067226890756,201.68067226890753,2591.9999999999995
9.257075434001308,12.88,2.0168067226890756,201.68067226890753,2597.6470588235293
9.26715309500105,12.848,2.0168067226890756,184.8739495798319,2375.2605042016803
9.277229534000071,12.88,2.0168067226890756,201.68067226890753,2597.6470588235293
9.287304991001292,12.852,1.848739495798319,201.68067226890753,2591.9999999999995
9.297382893000758,12.876,2.0168067226890756,201.68067226890753,2596.840336134453
9.307458554001641,12.852,2.0168067226890756,201.68067226890753,2591.9999999999995
9.31753364100041,12.876,2.0168067226890756,201.68067226890753,2596.840336134453
9.327608673000213,12.844,2.0168067226890756,201.68067226890753,2590.386554621848
9.337686111000949,12.88,2.0168067226890756,201.68067226890753,2597.6470588235293
9.347762791001514,12.848,2.0168067226890756,184.8739495798319,2375.2605042016803
9.357851007000136,12.88,2.0168067226890756,201.68067226890753,2597.6470588235293
9.367930539001463,12.848,2.0168067226890756,201.68067226890753,2591.1932773109243
9.37801253300131,12.88,2.0168067226890756,201.68067226890753,2597.6470588235293
9.388097546001518,12.844,2.0168067226890756,201.68067226890753,2590.386554621848
9.398177429000498,12.88,2.0168067226890756,201.68067226890753,2597.6470588235293
9.408257886001593,12.848,2.0168067226890756,201.68067226890753,2591.1932773109243
9.418339232001017,12.876,2.0168067226890756,201.68067226890753,2596.840336134453
9.42842074500004,12.848,2.0168067226890756,201.68067226890753,2591.1932773109243
9.438500147000013,12.872,2.0168067226890756,201.68067226890753,2596.033613445378
9.448579308000262,12.852,2.0168067226890756,201.68067226890753,2591.9999999999995
9.458740949001367,12.876,2.0168067226890756,201.68067226890753,2596.840336134453
9.468818498000473,12.852,2.0168067226890756,201.68067226890753,2591.9999999999995
9.47889490000125,12.88,2.0168067226890756,201.68067226890753,2597.6470588235293
9.488971043001584,12.852,2.0168067226890756,201.68067226890753,2591.9999999999995
9.499047296001663,12.88,2.0168067226890756,201.68067226890753,2597.6470588235293
9.50912192100077,12.848,2.0168067226890756,201.68067226890753,2591.1932773109243
9.51919739600089,12.884,2.0168067226890756,201.68067226890753,2598.4537815126046
9.529275539000082,12.844,2.0168067226890756,201.68067226890753,2590.386554621848
9.539350645000013,12.88,2.0168067226890756,201.68067226890753,2597.6470588235293
9.549427212999944,12.852,2.0168067226890756,201.68067226890753,2591.9999999999995
9.55951142900085,12.876,2.0168067226890756,201.68067226890753,2596.840336134453
9.569596294000803,12.852,2.0168067226890756,184.8739495798319,2375.9999999999995
9.57967686200027,12.876,2.0168067226890756,201.68067226890753,2596.840336134453
9.589758857000561,12.848,2.0168067226890756,184.8739495798319,2375.2605042016803
9.599839666001571,12.88,2.0168067226890756,201.68067226890753,2597.6470588235293
9.609920308001165,12.848,2.0168067226890756,184.8739495798319,2375.2605042016803
9.619999488000758,12.88,1.848739495798319,218.48739495798318,2814.1176470588234
9.630079260001366,12.844,2.0168067226890756,201.68067226890753,2590.386554621848
9.640158810001594,12.872,2.0168067226890756,201.68067226890753,2596.033613445378
9.650239137001336,12.848,2.0168067226890756,201.68067226890753,2591.1932773109243
9.66032846500093,12.88,2.0168067226890756,201.68067226890753,2597.6470588235293
9.670409367001412,12.848,1.848739495798319,201.68067226890753,2591.1932773109243
9.680489713000497,12.872,2.0168067226890756,201.68067226890753,2596.033613445378
9.690571300001466,12.848,2.0168067226890756,201.68067226890753,2591.1932773109243
9.700646979001249,12.876,2.0168067226890756,201.68067226890753,2596.840336134453
9.710727011000927,12.844,2.0168067226890756,201.68067226890753,2590.386554621848
9.720807579000393,12.88,2.0168067226890756,201.68067226890753,2597.6470588235293
9.730887610001446,12.84,2.0168067226890756,201.68067226890753,2589.579831932773
9.740967345000172,12.88,2.0168067226890756,201.68067226890753,2597.6470588235293
9.751047450999977,12.84,2.0168067226890756,201.68067226890753,2589.579831932773
9.761138408000988,12.88,2.0168067226890756,201.68067226890753,2597.6470588235293
9.771219532000032,12.844,2.0168067226890756,201.68067226890753,2590.386554621848
9.78130235900062,12.88,1.848739495798319,184.8739495798319,2381.176470588235
9.791378780000741,12.848,2.0168067226890756,184.8739495798319,2375.2605042016803
9.801462291999997,12.876,2.0168067226890756,201.68067226890753,2596.840336134453
9.811542546000055,12.848,2.0168067226890756,201.68067226890753,2591.1932773109243
9.821624781001447,12.872,2.0168067226890756,201.68067226890753,2596.033613445378
9.83170529400013,12.848,2.0168067226890756,201.68067226890753,2591.1932773109243
9.841787510000358,12.872,2.0168067226890756,184.8739495798319,2379.697478991596
9.851867838000544,12.844,2.0168067226890756,184.8739495798319,2374.5210084033606
9.86194451800111,12.88,2.0168067226890756,201.68067226890753,2597.6470588235293
9.872025697000936,12.844,1.848739495798319,201.68067226890753,2590.386554621848
9.88210580300074,12.88,2.0168067226890756,201.68067226890753,2597.6470588235293
9.892186167000546,12.844,2.0168067226890756,201.68067226890753,2590.386554621848
9.902266754001175,12.876,2.0168067226890756,201.68067226890753,2596.840336134453
9.912347193001551,12.848,2.1848739495798317,201.68067226890753,2591.1932773109243
9.92242768700089,12.876,2.0168067226890756,201.68067226890753,2596.840336134453
9.932507904000886,12.84,2.0168067226890756,201.68067226890753,2589.579831932773
9.942588287000035,12.876,2.0168067226890756,201.68067226890753,2596.840336134453
9.952669281001363,12.844,2.0168067226890756,184.8739495798319,2374.5210084033606
9.962750016000427,12.88,2.0168067226890756,201.68067226890753,2597.6470588235293
9.972829437001565,12.84,2.0168067226890756,201.68067226890753,2589.579831932773
9.982909838001433,12.88,2.0168067226890756,184.8739495798319,2381.176470588235
9.992990610000561,12.844,2.0168067226890756,218.48739495798318,2806.252100840336
10.003069605001656,12.88,2.0168067226890756,201.68067226890753,2597.6470588235293
10.01314843200089,12.848,2.1848739495798317,201.68067226890753,2591.1932773109243
10.023228464000567,12.876,2.0168067226890756,201.68067226890753,2596.840336134453
10.03331236500162,12.848,2.0168067226890756,201.68067226890753,2591.1932773109243
10.043395934000728,12.872,2.0168067226890756,201.68067226890753,2596.033613445378
10.053478539000935,12.848,2.0168067226890756,184.8739495798319,2375.2605042016803
10.063568941000995,12.876,2.0168067226890756,201.68067226890753,2596.840336134453
10.073647102000905,12.844,2.0168067226890756,201.68067226890753,2590.386554621848
10.083723022000413,12.88,2.0168067226890756,201.68067226890753,2597.6470588235293
10.09380016400064,12.844,2.0168067226890756,184.8739495798319,2374.5210084033606
10.10387554800036,12.88,2.0168067226890756,201.68067226890753,2597.6470588235293
10.113953024001603,12.844,2.0168067226890756,201.68067226890753,2590.386554621848
10.124029055001301,12.876,2.0168067226890756,201.68067226890753,2596.840336134453
10.134107179001148,12.84,2.0168067226890756,201.68067226890753,2589.579831932773
10.144183248001355,12.876,2.0168067226890756,201.68067226890753,2596.840336134453
10.15425803800099,12.844,2.0168067226890756,201.68067226890753,2590.386554621848
10.16433982900162,12.88,2.0168067226890756,201.68067226890753,2597.6470588235293
10.17442063800081,12.848,2.0168067226890756,201.68067226890753,2591.1932773109243
10.184500670000489,12.876,2.0168067226890756,201.68067226890753,2596.840336134453
10.194580405001034,12.844,2.0168067226890756,201.68067226890753,2590.386554621848
10.204661232000944,12.88,2.0168067226890756,201.68067226890753,2597.6470588235293
10.214741819001574,12.84,2.0168067226890756,201.68067226890753,2589.579831932773
10.224821906000216,12.876,2.0168067226890756,201.68067226890753,2596.840336134453
10.23490312300055,12.844,2.0168067226890756,201.68067226890753,2590.386554621848
10.244979728000544,12.868,2.0168067226890756,201.68067226890753,2595.226890756302
10.255060334000518,12.848,2.0168067226890756,201.68067226890753,2591.1932773109243
10.265149920000113,12.872,2.0168067226890756,201.68067226890753,2596.033613445378
10.275227081001503,12.848,2.0168067226890756,201.68067226890753,2591.1932773109243
10.285306224001033,12.876,2.0168067226890756,201.68067226890753,2596.840336134453
10.295381903000816,12.844,1.848739495798319,201.68067226890753,2590.386554621848
10.305459676001192,12.876,2.0168067226890756,184.8739495798319,2380.4369747899154
10.315535559000637,12.844,2.0168067226890756,201.68067226890753,2590.386554621848
10.325612979000653,12.88,2.0168067226890756,201.68067226890753,2597.6470588235293
10.335688992001451,12.84,2.0168067226890756,201.68067226890753,2589.579831932773
10.345766246000494,12.876,2.0168067226890756,201.68067226890753,2596.840336134453
10.355842240000129,12.84,2.0168067226890756,201.68067226890753,2589.579831932773
10.36592801200095,12.876,2.0168067226890756,201.68067226890753,2596.840336134453
10.376008747000014,12.848,1.848739495798319,201.68067226890753,2591.1932773109243
10.386093760000222,12.876,2.0168067226890756,201.68067226890753,2596.840336134453
10.396174884001084,12.868,2.0168067226890756,201.68067226890753,2595.226890756302
10.406255527001122,12.904,2.0168067226890756,184.8739495798319,2385.613445378151
10.41633579900008,12.868,1.848739495798319,184.8739495798319,2378.957983193277
10.426416793001408,12.896,1.848739495798319,201.68067226890753,2600.873949579832
10.436497121001594,12.86,1.848739495798319,184.8739495798319,2377.478991596638
10.446577819000595,12.888,1.848739495798319,201.68067226890753,2599.2605042016803
10.456658943001457,12.86,2.0168067226890756,184.8739495798319,2377.478991596638
10.466821935000553,12.892,2.0168067226890756,184.8739495798319,2383.394957983193
10.476898689001246,12.864,1.848739495798319,201.68067226890753,2594.4201680672268
10.486975239000458,12.888,1.848739495798319,201.68067226890753,2599.2605042016803
10.497051881000516,12.864,1.848739495798319,184.8739495798319,2378.2184873949577
10.50712813500104,12.888,1.848739495798319,184.8739495798319,2382.6554621848736
10.517204536999998,12.864,1.848739495798319,184.8739495798319,2378.2184873949577
10.52728019800088,12.864,2.0168067226890756,201.68067226890753,2594.4201680672268
10.537357748000431,12.84,2.0168067226890756,201.68067226890753,2589.579831932773
10.547434020001674,12.876,2.0168067226890756,201.68067226890753,2596.840336134453
10.55750890300078,12.84,2.0168067226890756,201.68067226890753,2589.579831932773
10.56759302700084,12.88,2.0168067226890756,201.68067226890753,2597.6470588235293
10.577673281000898,12.84,2.0168067226890756,201.68067226890753,2589.579831932773
10.587752683000872,12.88,2.0168067226890756,201.68067226890753,2597.6470588235293
10.597832158000529,12.844,2.0168067226890756,201.68067226890753,2590.386554621848
10.607912486000714,12.88,2.0168067226890756,201.68067226890753,2597.6470588235293
10.617991591001555,12.844,2.0168067226890756,201.68067226890753,2590.386554621848
10.628071660001297,12.872,2.0168067226890756,201.68067226890753,2596.033613445378
10.63815117300146,12.84,2.0168067226890756,201.68067226890753,2589.579831932773
10.648231352000948,12.872,2.0168067226890756,201.68067226890753,2596.033613445378
10.658312198000203,12.848,2.0168067226890756,201.68067226890753,2591.1932773109243
10.668402341001638,12.876,2.0168067226890756,201.68067226890753,2596.840336134453
10.678482928000449,12.844,2.0168067226890756,201.68067226890753,2590.386554621848
10.688563033001628,12.876,2.0168067226890756,201.68067226890753,2596.840336134453
10.6986438240001,12.84,2.0168067226890756,201.68067226890753,2589.579831932773
10.708723448000455,12.88,2.0168067226890756,184.8739495798319,2381.176470588235
10.718800127000577,12.844,2.0168067226890756,201.68067226890753,2590.386554621848
10.728880825001397,12.876,2.0168067226890756,201.68067226890753,2596.840336134453
10.738960560000123,12.844,2.0168067226890756,201.68067226890753,2590.386554621848
10.749039666001408,12.876,1.848739495798319,201.68067226890753,2596.840336134453
10.759119494001425,12.84,2.0168067226890756,201.68067226890753,2589.579831932773
10.769207284000004,12.876,2.0168067226890756,201.68067226890753,2596.840336134453
10.779284223001014,12.84,2.0168067226890756,201.68067226890753,2589.579831932773
10.789362421000988,12.88,2.0168067226890756,201.68067226890753,2597.6470588235293
10.799438230000305,12.844,2.0168067226890756,201.68067226890753,2590.386554621848
10.809513799000342,12.88,2.0168067226890756,201.68067226890753,2597.6470588235293
10.819589256001564,12.844,2.0168067226890756,201.68067226890753,2590.386554621848
10.829666825000459,12.876,2.0168067226890756,201.68067226890753,2596.840336134453
10.83974289300022,12.844,2.0168067226890756,184.8739495798319,2374.5210084033606
10.849821091000194,12.868,2.0168067226890756,201.68067226890753,2595.226890756302
10.859897437001564,12.848,2.0168067226890756,201.68067226890753,2591.1932773109243
10.869974376000755,12.872,2.0168067226890756,201.68067226890753,2596.033613445378
10.880051222000475,12.848,2.0168067226890756,201.68067226890753,2591.1932773109243
10.890132624001126,12.876,2.0168067226890756,201.68067226890753,2596.840336134453
10.900213674000042,12.844,2.0168067226890756,201.68067226890753,2590.386554621848
10.910294242001328,12.88,2.0168067226890756,201.68067226890753,2597.6470588235293
10.920373570001175,12.84,2.0168067226890756,201.68067226890753,2589.579831932773
10.930454083001678,12.88,2.0168067226890756,201.68067226890753,2597.6470588235293
10.940534818000742,12.844,2.0168067226890756,201.68067226890753,2590.386554621848
10.950615053001457,12.88,2.0168067226890756,201.68067226890753,2597.6470588235293
10.960695807001684,12.84,2.1848739495798317,184.8739495798319,2373.7815126050414
10.970785727000475,12.876,2.0168067226890756,201.68067226890753,2596.840336134453
10.980866869000238,12.848,2.0168067226890756,184.8739495798319,2375.2605042016803
10.990946345000339,12.876,2.0168067226890756,184.8739495798319,2380.4369747899154
11.001026784000715,12.848,2.0168067226890756,201.68067226890753,2591.1932773109243
11.011106574000223,12.88,2.0168067226890756,201.68067226890753,2597.6470588235293
11.021186550000493,12.84,2.0168067226890756,201.68067226890753,2589.579831932773
11.031267304000721,12.88,2.0168067226890756,201.68067226890753,2597.6470588235293
11.041350187000717,12.844,2.0168067226890756,201.68067226890753,2590.386554621848
11.051433515000099,12.872,1.848739495798319,201.68067226890753,2596.033613445378
11.061516027000835,12.844,2.0168067226890756,201.68067226890753,2590.386554621848
11.071659705001366,12.876,2.0168067226890756,201.68067226890753,2596.840336134453
11.08173886700024,12.848,2.0168067226890756,201.68067226890753,2591.1932773109243
11.091815157000383,12.872,2.0168067226890756,201.68067226890753,2596.033613445378
11.101891726000758,12.848,2.0168067226890756,201.68067226890753,2591.1932773109243
11.111967702001493,12.876,2.0168067226890756,201.68067226890753,2596.840336134453
11.122045103000346,12.844,2.0168067226890756,201.68067226890753,2590.386554621848
11.13212074600051,12.876,2.0168067226890756,218.48739495798318,2813.243697478991
11.14219598100135,12.844,2.0168067226890756,201.68067226890753,2590.386554621848
11.152271661001578,12.876,2.0168067226890756,184.8739495798319,2380.4369747899154
11.162347340999986,12.84,2.0168067226890756,184.8739495798319,2373.7815126050414
11.172430816000997,12.876,2.1848739495798317,201.68067226890753,2596.840336134453
11.182510681001077,12.844,2.0168067226890756,201.68067226890753,2590.386554621848
11.192590305001431,12.876,2.0168067226890756,201.68067226890753,2596.840336134453
11.202671281000221,12.848,2.0168067226890756,201.68067226890753,2591.1932773109243
11.21275186800085,12.876,2.0168067226890756,201.68067226890753,2596.840336134453
11.22283234400129,12.848,2.0168067226890756,201.68067226890753,2591.1932773109243
11.232908727000904,12.876,2.0168067226890756,201.68067226890753,2596.840336134453
11.242989035999926,12.852,2.0168067226890756,201.68067226890753,2591.9999999999995
11.253069438000239,12.872,2.0168067226890756,201.68067226890753,2596.033613445378
11.26315024700125,12.844,2.0168067226890756,201.68067226890753,2590.386554621848
11.273261648000698,12.868,2.0168067226890756,201.68067226890753,2595.226890756302
11.283338105000439,12.848,2.0168067226890756,201.68067226890753,2591.1932773109243
11.29341380400001,12.872,2.0168067226890756,201.68067226890753,2596.033613445378
11.303490002001126,12.848,2.0168067226890756,184.8739495798319,2375.2605042016803
11.313567811001121,12.872,2.0168067226890756,201.68067226890753,2596.033613445378
11.323643916000947,12.852,2.0168067226890756,201.68067226890753,2591.9999999999995
11.33372148500166,12.872,2.0168067226890756,201.68067226890753,2596.033613445378
11.343798053001592,12.848,2.0168067226890756,201.68067226890753,2591.1932773109243
11.353875585000424,12.876,1.848739495798319,201.68067226890753,2596.840336134453
11.363951579000059,12.844,2.0168067226890756,201.68067226890753,2590.386554621848
11.374036703000456,12.876,2.0168067226890756,201.68067226890753,2596.840336134453
11.38412725300077,12.84,2.0168067226890756,201.68067226890753,2589.579831932773
11.39420530300049,12.872,2.0168067226890756,201.68067226890753,2596.033613445378
11.404286482000316,12.844,2.0168067226890756,184.8739495798319,2374.5210084033606
11.414367291001327,12.876,2.0168067226890756,201.68067226890753,2596.840336134453
11.424447341001724,12.848,2.0168067226890756,201.68067226890753,2591.1932773109243
11.434528317000513,12.872,2.0168067226890756,201.68067226890753,2596.033613445378
11.444609108000805,12.852,2.0168067226890756,201.68067226890753,2591.9999999999995
11.454688602001625,12.872,2.0168067226890756,201.68067226890753,2596.033613445378
11.464769189000435,12.852,2.0168067226890756,201.68067226890753,2591.9999999999995
11.474932330000229,12.868,2.0168067226890756,201.68067226890753,2595.226890756302
11.485009250000076,12.848,2.0168067226890756,201.68067226890753,2591.1932773109243
11.495085411001128,12.872,2.0168067226890756,201.68067226890753,2596.033613445378
11.50516173899996,12.848,2.0168067226890756,201.68067226890753,2591.1932773109243
11.515237530000377,12.872,2.0168067226890756,201.68067226890753,2596.033613445378
11.525313246000223,12.848,2.0168067226890756,201.68067226890753,2591.1932773109243
11.535387945001276,12.872,2.0168067226890756,201.68067226890753,2596.033613445378
11.545465272000001,12.852,2.0168067226890756,201.68067226890753,2591.9999999999995
11.555541063000419,12.872,2.0168067226890756,201.68067226890753,2596.033613445378
11.565616224001133,12.844,2.0168067226890756,201.68067226890753,2590.386554621848
11.575701069999923,12.872,2.0168067226890756,201.68067226890753,2596.033613445378
11.5857837500007,12.848,2.0168067226890756,201.68067226890753,2591.1932773109243
11.595863726000971,12.872,2.0168067226890756,201.68067226890753,2596.033613445378
11.605944164000903,12.852,2.0168067226890756,201.68067226890753,2591.9999999999995
11.6160239740002,12.872,2.0168067226890756,201.68067226890753,2596.033613445378
11.626103968001189,12.848,2.0168067226890756,201.68067226890753,2591.1932773109243
11.636183536000317,12.876,2.0168067226890756,201.68067226890753,2596.840336134453
11.646264012000756,12.848,2.0168067226890756,201.68067226890753,2591.1932773109243
11.656344303000878,12.868,2.0168067226890756,201.68067226890753,2595.226890756302
11.666424167000514,12.852,2.0168067226890756,201.68067226890753,2591.9999999999995
11.676514180000595,12.868,2.0168067226890756,201.68067226890753,2595.226890756302
11.686594823000632,12.852,2.0168067226890756,201.68067226890753,2591.9999999999995
11.696676058001685,12.868,2.0168067226890756,201.68067226890753,2595.226890756302
11.706756163001046,12.856,2.0168067226890756,201.68067226890753,2592.8067226890753
11.716836454001168,12.872,2.0168067226890756,201.68067226890753,2596.033613445378
11.726916022000296,12.856,2.0168067226890756,201.68067226890753,2592.8067226890753
11.736995664999995,12.876,2.0168067226890756,201.68067226890753,2596.840336134453
11.747070400000666,12.848,2.0168067226890756,201.68067226890753,2591.1932773109243
11.757151005000196,12.876,2.0168067226890756,201.68067226890753,2596.840336134453
11.76723172200036,12.844,2.0168067226890756,201.68067226890753,2590.386554621848
11.77732323500095,12.872,2.0168067226890756,201.68067226890753,2596.033613445378
11.787404192000395,12.848,2.1848739495798317,201.68067226890753,2591.1932773109243
11.797486649000348,12.872,2.0168067226890756,201.68067226890753,2596.033613445378
11.807566958001189,12.852,2.0168067226890756,201.68067226890753,2591.9999999999995
11.817648916001417,12.872,2.0168067226890756,201.68067226890753,2596.033613445378
11.827728910000587,12.856,2.0168067226890756,201.68067226890753,2592.8067226890753
11.837810589000583,12.872,1.848739495798319,201.68067226890753,2596.033613445378
11.847890121000091,12.86,2.0168067226890756,201.68067226890753,2593.6134453781506
11.857971411000108,12.872,2.0168067226890756,201.68067226890753,2596.033613445378
11.868051387000378,12.848,2.0168067226890756,201.68067226890753,2591.1932773109243
11.878155214000799,12.864,2.0168067226890756,201.68067226890753,2594.4201680672268
11.888235764001365,12.852,2.0168067226890756,201.68067226890753,2591.9999999999995
11.898317277000388,12.868,2.0168067226890756,201.68067226890753,2595.226890756302
11.90839269800017,12.852,2.0168067226890756,201.68067226890753,2591.9999999999995
11.918472766001287,12.868,2.0168067226890756,201.68067226890753,2595.226890756302
11.928552742001557,12.856,2.0168067226890756,201.68067226890753,2592.8067226890753
11.93863255100041,12.868,2.0168067226890756,201.68067226890753,2595.226890756302
11.94871180500013,12.856,2.0168067226890756,201.68067226890753,2592.8067226890753
11.958792669000104,12.872,2.0168067226890756,201.68067226890753,2596.033613445378
11.9688728860001,12.852,2.0168067226890756,201.68067226890753,2591.9999999999995
11.97896241700073,12.872,2.0168067226890756,201.68067226890753,2596.033613445378
11.989043467001466,12.844,2.0168067226890756,201.68067226890753,2590.386554621848
11.999123628000234,12.872,2.0168067226890756,201.68067226890753,2596.033613445378
12.009203511001033,12.852,2.0168067226890756,201.68067226890753,2591.9999999999995
12.019284228001197,12.872,2.0168067226890756,201.68067226890753,2596.033613445378
12.029364907000854,12.856,2.0168067226890756,201.68067226890753,2592.8067226890753
12.039443865000067,12.868,2.0168067226890756,201.68067226890753,2595.226890756302
12.049529266001628,12.86,2.0168067226890756,201.68067226890753,2593.6134453781506
12.059609816000375,12.868,2.0168067226890756,201.68067226890753,2595.226890756302
12.069691699000032,12.86,2.0168067226890756,201.68067226890753,2593.6134453781506
12.079797934000453,12.864,2.1848739495798317,201.68067226890753,2594.4201680672268
12.089880243000152,12.852,2.0168067226890756,218.48739495798318,2808.0
12.099960182000359,12.868,2.0168067226890756,201.68067226890753,2595.226890756302
12.110040084000502,12.852,2.0168067226890756,201.68067226890753,2591.9999999999995
12.120120300000053,12.868,2.0168067226890756,201.68067226890753,2595.226890756302
12.130200498000704,12.856,2.0168067226890756,201.68067226890753,2592.8067226890753
12.140280900001017,12.868,2.0168067226890756,201.68067226890753,2595.226890756302
12.150360468000144,12.856,2.1848739495798317,201.68067226890753,2592.8067226890753
12.160440241001197,12.868,2.0168067226890756,201.68067226890753,2595.226890756302
12.170519216000685,12.856,2.0168067226890756,201.68067226890753,2592.8067226890753
12.180621136001719,12.868,2.0168067226890756,201.68067226890753,2595.226890756302
12.19070131600165,12.856,2.1848739495798317,201.68067226890753,2592.8067226890753
12.200781736000863,12.868,2.0168067226890756,201.68067226890753,2595.226890756302
12.21086069300145,12.852,2.0168067226890756,201.68067226890753,2591.9999999999995
12.220940577000874,12.868,2.0168067226890756,201.68067226890753,2595.226890756302
12.231021441000848,12.852,1.848739495798319,201.68067226890753,2591.9999999999995
12.241101954001351,12.868,2.0168067226890756,201.68067226890753,2595.226890756302
12.251181967001685,12.856,2.0168067226890756,201.68067226890753,2592.8067226890753
12.261269832000835,12.868,2.0168067226890756,201.68067226890753,2595.226890756302
12.271348863001549,12.86,2.0168067226890756,201.68067226890753,2593.6134453781506
12.281441042001461,12.86,2.0168067226890756,201.68067226890753,2593.6134453781506
12.291521518000081,12.86,2.0168067226890756,201.68067226890753,2593.6134453781506
12.301603994001198,12.86,2.0168067226890756,201.68067226890753,2593.6134453781506
12.311683433001235,12.864,2.0168067226890756,201.68067226890753,2594.4201680672268
12.321762909001336,12.868,2.0168067226890756,201.68067226890753,2595.226890756302
12.331843459000083,12.856,2.0168067226890756,201.68067226890753,2592.8067226890753
12.341925323000396,12.868,2.0168067226890756,201.68067226890753,2595.226890756302
12.352005966000434,12.856,2.0168067226890756,201.68067226890753,2592.8067226890753
12.362086516001,12.868,1.848739495798319,201.68067226890753,2595.226890756302
12.372167769000953,12.856,2.0168067226890756,201.68067226890753,2592.8067226890753
12.38229700300144,12.868,2.0168067226890756,201.68067226890753,2595.226890756302
12.392379775001245,12.856,2.0168067226890756,201.68067226890753,2592.8067226890753
12.40246099200158,12.868,2.0168067226890756,201.68067226890753,2595.226890756302
12.412541727000644,12.86,2.1848739495798317,201.68067226890753,2593.6134453781506
12.422623221000322,12.864,2.0168067226890756,201.68067226890753,2594.4201680672268
12.432703882001078,12.86,2.0168067226890756,201.68067226890753,2593.6134453781506
12.44277980300103,12.864,2.0168067226890756,201.68067226890753,2594.4201680672268
12.45285533400056,12.856,2.0168067226890756,201.68067226890753,2592.8067226890753
12.462935255000048,12.868,2.0168067226890756,201.68067226890753,2595.226890756302
12.473015934001523,12.856,2.0168067226890756,201.68067226890753,2592.8067226890753
12.483177167001486,12.86,2.0168067226890756,201.68067226890753,2593.6134453781506
12.493255810000846,12.86,2.0168067226890756,201.68067226890753,2593.6134453781506
12.503331934000016,12.86,2.0168067226890756,201.68067226890753,2593.6134453781506
12.513409854000201,12.86,2.0168067226890756,201.68067226890753,2593.6134453781506
12.52348573800009,12.864,2.0168067226890756,201.68067226890753,2594.4201680672268
12.533563454000614,12.864,2.0168067226890756,201.68067226890753,2594.4201680672268
12.543639912000799,12.864,2.0168067226890756,201.68067226890753,2594.4201680672268
12.553711332000603,12.86,2.0168067226890756,201.68067226890753,2593.6134453781506
12.563783307999984,12.864,2.0168067226890756,201.68067226890753,2594.4201680672268
12.57386093200148,12.856,2.0168067226890756,201.68067226890753,2592.8067226890753
12.583945482001582,12.864,2.0168067226890756,201.68067226890753,2594.4201680672268
12.594028310000795,12.848,2.0168067226890756,201.68067226890753,2591.1932773109243
12.604108786001234,12.864,2.0168067226890756,201.68067226890753,2594.4201680672268
12.614185632000954,12.856,2.0168067226890756,201.68067226890753,2592.8067226890753
12.624261960001604,12.864,2.0168067226890756,201.68067226890753,2594.4201680672268
12.634338249999928,12.86,2.0168067226890756,201.68067226890753,2593.6134453781506
12.64441720800096,12.864,2.0168067226890756,201.68067226890753,2594.4201680672268
12.654497591000109,12.86,2.0168067226890756,201.68067226890753,2593.6134453781506
12.664578252000865,12.864,2.0168067226890756,201.68067226890753,2594.4201680672268
12.674658820000332,12.864,2.0168067226890756,201.68067226890753,2594.4201680672268
12.684747611001512,12.86,2.0168067226890756,201.68067226890753,2593.6134453781506
12.694828457000767,12.856,2.0168067226890756,201.68067226890753,2592.8067226890753
12.704908637000699,12.86,2.0168067226890756,201.68067226890753,2593.6134453781506
12.714988816000186,12.856,2.0168067226890756,201.68067226890753,2592.8067226890753
12.725069033000182,12.864,2.0168067226890756,201.68067226890753,2594.4201680672268
12.735145731001467,12.86,2.0168067226890756,201.68067226890753,2593.6134453781506
12.745222170000488,12.86,2.0168067226890756,201.68067226890753,2593.6134453781506
12.755301590001181,12.892,2.0168067226890756,201.68067226890753,2600.0672268907556
12.765384066000479,12.884,2.0168067226890756,184.8739495798319,2381.9159663865544
12.77546730100039,12.88,2.0168067226890756,201.68067226890753,2597.6470588235293
12.785582017000706,12.88,2.0168067226890756,201.68067226890753,2597.6470588235293
12.795663604001675,12.868,2.0168067226890756,184.8739495798319,2378.957983193277
12.80574869100019,12.88,2.0168067226890756,201.68067226890753,2597.6470588235293
12.81582687000082,12.864,2.0168067226890756,201.68067226890753,2594.4201680672268
12.82591143800164,12.88,2.0168067226890756,184.8739495798319,2381.176470588235
12.83599252500062,12.868,1.848739495798319,201.68067226890753,2595.226890756302
12.846074149001652,12.88,1.848739495798319,184.8739495798319,2381.176470588235
12.856158181000865,12.868,1.848739495798319,201.68067226890753,2595.226890756302
12.866235286001029,12.884,1.848739495798319,184.8739495798319,2381.9159663865544
12.87631620600041,12.868,2.0168067226890756,201.68067226890753,2595.226890756302
12.886407164000047,12.852,2.0168067226890756,218.48739495798318,2808.0
12.896484343000338,12.852,2.0168067226890756,201.68067226890753,2591.9999999999995
12.90656148600101,12.864,2.0168067226890756,201.68067226890753,2594.4201680672268
12.916637943000751,12.852,1.848739495798319,201.68067226890753,2591.9999999999995
12.92671151200011,12.868,2.0168067226890756,218.48739495798318,2811.4957983193276
12.93679209900074,12.852,2.0168067226890756,201.68067226890753,2591.9999999999995
12.946865704001539,12.868,2.0168067226890756,201.68067226890753,2595.226890756302
12.95693877300073,12.852,2.0168067226890756,218.48739495798318,2808.0
12.967012508001062,12.872,2.0168067226890756,201.68067226890753,2596.033613445378
12.977085373000591,12.856,2.0168067226890756,201.68067226890753,2592.8067226890753
12.98717183000008,12.868,2.1848739495798317,184.8739495798319,2378.957983193277
12.997250528000222,12.852,2.0168067226890756,201.68067226890753,2591.9999999999995
13.007328523000979,12.868,2.0168067226890756,201.68067226890753,2595.226890756302
13.017401202001565,12.848,2.0168067226890756,201.68067226890753,2591.1932773109243
13.027477882000312,12.868,2.0168067226890756,201.68067226890753,2595.226890756302
13.037555673001407,12.848,2.0168067226890756,201.68067226890753,2591.1932773109243
13.047633556001529,12.868,2.0168067226890756,201.68067226890753,2595.226890756302
13.057711569001185,12.848,2.0168067226890756,201.68067226890753,2591.1932773109243
13.067788582000503,12.868,2.0168067226890756,201.68067226890753,2595.226890756302
13.077862280000772,12.856,2.0168067226890756,201.68067226890753,2592.8067226890753
13.087992440001472,12.868,2.0168067226890756,201.68067226890753,2595.226890756302
13.098073157001636,12.856,2.0168067226890756,201.68067226890753,2592.8067226890753
13.108154818000912,12.86,2.0168067226890756,201.68067226890753,2593.6134453781506
13.118235627000104,12.86,2.0168067226890756,201.68067226890753,2593.6134453781506
13.128316547001305,12.86,2.0168067226890756,201.68067226890753,2593.6134453781506
13.13839689300039,12.86,2.0168067226890756,201.68067226890753,2593.6134453781506
13.148484573001042,12.864,2.0168067226890756,201.68067226890753,2594.4201680672268
13.158561678001206,12.86,2.0168067226890756,201.68067226890753,2593.6134453781506
13.168643525001244,12.868,2.0168067226890756,201.68067226890753,2595.226890756302
13.17872431500109,12.856,2.0168067226890756,201.68067226890753,2592.8067226890753
13.188810939000177,12.868,2.0168067226890756,201.68067226890753,2595.226890756302
13.198887971000659,12.852,2.0168067226890756,201.68067226890753,2591.9999999999995
13.208970650000992,12.868,1.848739495798319,201.68067226890753,2595.226890756302
13.219044552000923,12.856,2.0168067226890756,184.8739495798319,2376.739495798319
13.229122194999945,12.864,2.0168067226890756,201.68067226890753,2594.4201680672268
13.239198559000215,12.86,2.0168067226890756,201.68067226890753,2593.6134453781506
13.249281739001162,12.864,2.0168067226890756,201.68067226890753,2594.4201680672268
13.259356067001136,12.856,2.0168067226890756,184.8739495798319,2376.739495798319
13.269429820000369,12.864,2.0168067226890756,201.68067226890753,2594.4201680672268
13.279505926000638,12.856,2.0168067226890756,201.68067226890753,2592.8067226890753
13.289583643001606,12.864,2.0168067226890756,201.68067226890753,2594.4201680672268
13.299660452001262,12.856,2.0168067226890756,201.68067226890753,2592.8067226890753
13.309739076001279,12.864,2.0168067226890756,201.68067226890753,2594.4201680672268
13.319816182000068,12.864,2.0168067226890756,184.8739495798319,2378.2184873949577
13.329894528000295,12.892,1.848739495798319,184.8739495798319,2383.394957983193
13.339970837001601,12.88,1.848739495798319,184.8739495798319,2381.176470588235
13.350048702001004,12.88,1.848739495798319,184.8739495798319,2381.176470588235
13.360125159000745,12.872,1.848739495798319,184.8739495798319,2379.697478991596
13.370202672000232,12.884,2.0168067226890756,201.68067226890753,2598.4537815126046
13.38030440700095,12.868,2.0168067226890756,184.8739495798319,2378.957983193277
13.390415271000165,12.884,1.848739495798319,201.68067226890753,2598.4537815126046
13.40049926500069,12.86,1.848739495798319,184.8739495798319,2377.478991596638
13.410577870999987,12.888,2.0168067226890756,201.68067226890753,2599.2605042016803
13.42065545800142,12.856,1.848739495798319,201.68067226890753,2592.8067226890753
13.43073230400114,12.888,2.0168067226890756,184.8739495798319,2382.6554621848736
13.440808780000225,12.864,2.0168067226890756,184.8739495798319,2378.2184873949577
13.450886126000114,12.888,2.0168067226890756,201.68067226890753,2599.2605042016803
13.460963676001484,12.836,2.0168067226890756,201.68067226890753,2588.773109243697
13.471040689000802,12.868,2.0168067226890756,201.68067226890753,2595.226890756302
13.481117425000775,12.856,2.0168067226890756,201.68067226890753,2592.8067226890753
13.491190678001658,12.876,2.0168067226890756,201.68067226890753,2596.840336134453
13.501274136000575,12.86,2.0168067226890756,201.68067226890753,2593.6134453781506
13.511354240999935,12.868,2.0168067226890756,201.68067226890753,2595.226890756302
13.521437421000883,12.848,2.0168067226890756,201.68067226890753,2591.1932773109243
13.531518489000518,12.868,2.1848739495798317,201.68067226890753,2595.226890756302
13.541601131000789,12.848,2.0168067226890756,201.68067226890753,2591.1932773109243
13.551682218001588,12.872,2.0168067226890756,201.68067226890753,2596.033613445378
13.561761972001477,12.852,2.0168067226890756,201.68067226890753,2591.9999999999995
13.571843022000394,12.872,2.0168067226890756,201.68067226890753,2596.033613445378
13.581926387001658,12.856,2.0168067226890756,201.68067226890753,2592.8067226890753
13.59201834400119,12.872,2.0168067226890756,201.68067226890753,2596.033613445378
13.60209976400074,12.852,2.0168067226890756,201.68067226890753,2591.9999999999995
13.612181166001392,12.872,2.0168067226890756,201.68067226890753,2596.033613445378
13.622262253000372,12.852,1.848739495798319,184.8739495798319,2375.9999999999995
13.6323420430017,12.872,2.0168067226890756,218.48739495798318,2812.3697478991594
13.642422075001377,12.848,2.0168067226890756,201.68067226890753,2591.1932773109243
13.652502069000548,12.872,2.0168067226890756,201.68067226890753,2596.033613445378
13.662583601000733,12.852,2.0168067226890756,201.68067226890753,2591.9999999999995
13.672664835999967,12.872,2.0168067226890756,201.68067226890753,2596.033613445378
13.682746125999984,12.852,2.0168067226890756,201.68067226890753,2591.9999999999995
13.692851916001018,12.868,2.0168067226890756,201.68067226890753,2595.226890756302
13.702934244000062,12.86,2.0168067226890756,201.68067226890753,2593.6134453781506
13.713015701001495,12.864,2.0168067226890756,201.68067226890753,2594.4201680672268
13.723095844001364,12.86,2.0168067226890756,201.68067226890753,2593.6134453781506
13.733176246001676,12.864,2.0168067226890756,201.68067226890753,2594.4201680672268
13.743256481000572,12.86,2.0168067226890756,201.68067226890753,2593.6134453781506
13.753340660001413,12.868,2.0168067226890756,201.68067226890753,2595.226890756302
13.76342130300145,12.852,2.0168067226890756,201.68067226890753,2591.9999999999995
13.773503760001404,12.868,2.1848739495798317,201.68067226890753,2595.226890756302
13.783584662000067,12.852,2.0168067226890756,201.68067226890753,2591.9999999999995
13.793660527000611,12.868,2.0168067226890756,201.68067226890753,2595.226890756302
13.803742447000332,12.852,2.0168067226890756,201.68067226890753,2591.9999999999995
13.813822849000644,12.868,2.0168067226890756,201.68067226890753,2595.226890756302
13.82390391700028,12.852,2.0168067226890756,201.68067226890753,2591.9999999999995
13.833985523000592,12.896,2.0168067226890756,201.68067226890753,2600.873949579832
13.844066184001349,12.88,1.848739495798319,184.8739495798319,2381.176470588235
13.854146715000752,12.888,1.848739495798319,201.68067226890753,2599.2605042016803
13.864227321000726,12.872,2.0168067226890756,184.8739495798319,2379.697478991596
13.874308389000362,12.888,2.0168067226890756,184.8739495798319,2382.6554621848736
13.884389494000061,12.86,1.848739495798319,184.8739495798319,2377.478991596638
13.894470507000733,12.888,1.848739495798319,184.8739495798319,2382.6554621848736
13.904550946001109,12.864,2.0168067226890756,201.68067226890753,2594.4201680672268
13.914631403000385,12.884,2.0168067226890756,201.68067226890753,2598.4537815126046
13.924712268000803,12.864,1.848739495798319,201.68067226890753,2594.4201680672268
13.934793188000185,12.88,1.848739495798319,184.8739495798319,2381.176470588235
13.944872998001301,12.868,1.848739495798319,184.8739495798319,2378.957983193277
13.954952511001466,12.884,2.0168067226890756,184.8739495798319,2381.9159663865544
13.96503337500144,12.836,2.0168067226890756,201.68067226890753,2588.773109243697
13.975112499001625,12.864,2.0168067226890756,201.68067226890753,2594.4201680672268
13.985192975000245,12.852,2.0168067226890756,201.68067226890753,2591.9999999999995
13.995283803000348,12.876,2.0168067226890756,201.68067226890753,2596.840336134453
14.005367001000195,12.848,2.0168067226890756,201.68067226890753,2591.1932773109243
14.015446828001586,12.876,2.0168067226890756,201.68067226890753,2596.840336134453
14.025525915001708,12.84,2.0168067226890756,201.68067226890753,2589.579831932773
14.035605725001005,12.876,1.848739495798319,201.68067226890753,2596.840336134453
14.045688904001508,12.848,2.0168067226890756,201.68067226890753,2591.1932773109243
14.055769398000848,12.872,2.0168067226890756,201.68067226890753,2596.033613445378
14.065851762999955,12.852,2.0168067226890756,184.8739495798319,2375.9999999999995
14.07593259100031,12.868,2.0168067226890756,201.68067226890753,2595.226890756302
14.08601390000149,12.856,2.0168067226890756,201.68067226890753,2592.8067226890753
14.0961192090017,12.876,2.0168067226890756,201.68067226890753,2596.840336134453
14.106200685000658,12.856,2.0168067226890756,201.68067226890753,2592.8067226890753
14.116280975000336,12.872,2.0168067226890756,201.68067226890753,2596.033613445378
14.126362488001178,12.848,2.0168067226890756,201.68067226890753,2591.1932773109243
14.136443427001723,12.872,2.0168067226890756,201.68067226890753,2596.033613445378
14.146523940000407,12.848,2.0168067226890756,201.68067226890753,2591.1932773109243
14.156604471001629,12.872,2.0168067226890756,201.68067226890753,2596.033613445378
14.16668515099991,12.852,2.0168067226890756,201.68067226890753,2591.9999999999995
14.17676584900073,12.872,2.0168067226890756,201.68067226890753,2596.033613445378
14.18684632500117,12.856,1.848739495798319,201.68067226890753,2592.8067226890753
14.196949411001697,12.872,2.0168067226890756,201.68067226890753,2596.033613445378
14.207029498000338,12.852,2.0168067226890756,201.68067226890753,2591.9999999999995
14.217111048001243,12.872,1.848739495798319,201.68067226890753,2596.033613445378
14.227191061001577,12.844,2.0168067226890756,184.8739495798319,2374.5210084033606
14.237273703000028,12.876,2.0168067226890756,201.68067226890753,2596.840336134453
14.247354031000214,12.844,2.0168067226890756,218.48739495798318,2806.252100840336
14.25743397000042,12.872,2.0168067226890756,201.68067226890753,2596.033613445378
14.267513150000013,12.848,2.0168067226890756,201.68067226890753,2591.1932773109243
14.277596125000855,12.872,2.0168067226890756,201.68067226890753,2596.033613445378
14.287676527001167,12.852,2.0168067226890756,201.68067226890753,2591.9999999999995
14.297768132000783,12.872,2.0168067226890756,201.68067226890753,2596.033613445378
14.307842331001666,12.856,2.0168067226890756,201.68067226890753,2592.8067226890753
14.3179247700009,12.864,2.0168067226890756,201.68067226890753,2594.4201680672268
14.328004634000536,12.86,2.0168067226890756,201.68067226890753,2593.6134453781506
14.33808557300108,12.864,2.0168067226890756,201.68067226890753,2594.4201680672268
14.348166253001182,12.848,1.848739495798319,184.8739495798319,2375.2605042016803
14.35824691400012,12.872,2.0168067226890756,201.68067226890753,2596.033613445378
14.368327556001532,12.848,2.0168067226890756,201.68067226890753,2591.1932773109243
14.378410939001697,12.872,2.0168067226890756,201.68067226890753,2596.033613445378
14.388498193000487,12.852,2.1848739495798317,201.68067226890753,2591.9999999999995
14.398672852001255,12.868,2.0168067226890756,201.68067226890753,2595.226890756302
14.408750828000848,12.856,2.0168067226890756,201.68067226890753,2592.8067226890753
14.418829137001012,12.872,2.0168067226890756,201.68067226890753,2596.033613445378
14.428906502000245,12.852,2.0168067226890756,218.48739495798318,2808.0
14.438983219000875,12.868,2.0168067226890756,201.68067226890753,2595.226890756302
14.449060102000658,12.848,2.1848739495798317,201.68067226890753,2591.1932773109243
14.459136800000124,12.872,2.0168067226890756,201.68067226890753,2596.033613445378
14.46921359100088,12.848,2.0168067226890756,201.68067226890753,2591.1932773109243
14.479289974000494,12.872,2.0168067226890756,184.8739495798319,2379.697478991596
14.489368746000764,12.852,2.0168067226890756,218.48739495798318,2808.0
14.499490425001568,12.872,2.0168067226890756,201.68067226890753,2596.033613445378
14.50957254900095,12.852,2.0168067226890756,201.68067226890753,2591.9999999999995
14.519654099000036,12.864,2.0168067226890756,201.68067226890753,2594.4201680672268
14.529737315000602,12.856,2.0168067226890756,201.68067226890753,2592.8067226890753
14.539818143000957,12.864,2.0168067226890756,201.68067226890753,2594.4201680672268
14.549900508000064,12.86,2.0168067226890756,201.68067226890753,2593.6134453781506
14.559980280000673,12.864,2.0168067226890756,201.68067226890753,2594.4201680672268
14.570061089001683,12.86,2.0168067226890756,201.68067226890753,2593.6134453781506
14.580142380000325,12.868,2.0168067226890756,201.68067226890753,2595.226890756302
14.590222541000912,12.86,2.0168067226890756,201.68067226890753,2593.6134453781506
14.600313517001268,12.868,2.0168067226890756,201.68067226890753,2595.226890756302
14.610395307001454,12.852,2.0168067226890756,201.68067226890753,2591.9999999999995
14.62047663500016,12.868,2.0168067226890756,201.68067226890753,2595.226890756302
14.630557481001233,12.852,2.0168067226890756,201.68067226890753,2591.9999999999995
14.640638235001461,12.868,1.848739495798319,201.68067226890753,2595.226890756302
14.650718840000991,12.856,2.0168067226890756,201.68067226890753,2592.8067226890753
14.660799761000817,12.868,2.0168067226890756,201.68067226890753,2595.226890756302
14.670879903000241,12.86,2.0168067226890756,201.68067226890753,2593.6134453781506
14.680960842000786,12.864,2.0168067226890756,201.68067226890753,2594.4201680672268
14.691042133001247,12.856,2.0168067226890756,201.68067226890753,2592.8067226890753
14.701144403999933,12.868,2.0168067226890756,201.68067226890753,2595.226890756302
14.711224602000584,12.86,2.0168067226890756,201.68067226890753,2593.6134453781506
14.721306189001552,12.864,2.0168067226890756,201.68067226890753,2594.4201680672268
14.731386462000955,12.856,2.0168067226890756,184.8739495798319,2376.739495798319
14.741466641000443,12.86,2.0168067226890756,201.68067226890753,2593.6134453781506
14.751548043001094,12.856,2.0168067226890756,201.68067226890753,2592.8067226890753
14.76163090800037,12.864,2.0168067226890756,201.68067226890753,2594.4201680672268
14.77171199500117,12.86,1.848739495798319,201.68067226890753,2593.6134453781506
14.78179474800163,12.864,2.0168067226890756,201.68067226890753,2594.4201680672268
14.791875576000166,12.86,2.0168067226890756,184.8739495798319,2377.478991596638
14.801951200000985,12.864,2.0168067226890756,201.68067226890753,2594.4201680672268
14.8120326570006,12.86,2.0168067226890756,218.48739495798318,2809.7478991596636
14.822115355000278,12.864,2.0168067226890756,201.68067226890753,2594.4201680672268
14.832196387000295,12.856,2.0168067226890756,201.68067226890753,2592.8067226890753
14.842277159001242,12.868,2.0168067226890756,201.68067226890753,2595.226890756302
14.852357505000327,12.852,2.0168067226890756,201.68067226890753,2591.9999999999995
14.862438222000492,12.868,2.0168067226890756,201.68067226890753,2595.226890756302
14.872518327001671,12.852,2.0168067226890756,201.68067226890753,2591.9999999999995
14.882598248001159,12.864,2.0168067226890756,201.68067226890753,2594.4201680672268
14.892677723000816,12.856,2.0168067226890756,201.68067226890753,2592.8067226890753
14.902756996001699,12.864,2.0168067226890756,201.68067226890753,2594.4201680672268
14.912832972000615,12.86,2.0168067226890756,201.68067226890753,2593.6134453781506
14.922913836000589,12.864,2.0168067226890756,201.68067226890753,2594.4201680672268
14.932994090000648,12.864,2.0168067226890756,201.68067226890753,2594.4201680672268
14.943074214001172,12.86,2.0168067226890756,201.68067226890753,2593.6134453781506
14.953154245000405,12.856,2.0168067226890756,201.68067226890753,2592.8067226890753
14.963235036000697,12.86,2.0168067226890756,201.68067226890753,2593.6134453781506
14.97331747499993,12.856,2.0168067226890756,201.68067226890753,2592.8067226890753
14.983397710000645,12.864,1.848739495798319,201.68067226890753,2594.4201680672268
14.993479686001592,12.86,2.0168067226890756,201.68067226890753,2593.6134453781506
15.003570013001081,12.864,2.0168067226890756,201.68067226890753,2594.4201680672268
15.013650193001013,12.86,2.0168067226890756,201.68067226890753,2593.6134453781506
15.023729558000923,12.864,2.0168067226890756,201.68067226890753,2594.4201680672268
15.033808662999945,12.856,2.0168067226890756,201.68067226890753,2592.8067226890753
15.04389152800104,12.864,2.0168067226890756,201.68067226890753,2594.4201680672268
15.053972188999978,12.86,2.0168067226890756,201.68067226890753,2593.6134453781506
15.064052313000502,12.864,2.0168067226890756,184.8739495798319,2378.2184873949577
15.074132641000688,12.856,2.0168067226890756,201.68067226890753,2592.8067226890753
15.084211802000937,12.864,2.0168067226890756,201.68067226890753,2594.4201680672268
15.094292148000022,12.856,2.0168067226890756,201.68067226890753,2592.8067226890753
15.104399716001353,12.864,2.0168067226890756,201.68067226890753,2594.4201680672268
15.11447956200027,12.856,2.0168067226890756,201.68067226890753,2592.8067226890753
15.124559575000603,12.856,2.0168067226890756,201.68067226890753,2592.8067226890753
15.134639662001064,12.86,2.0168067226890756,201.68067226890753,2593.6134453781506
15.144720120000784,12.86,2.0168067226890756,201.68067226890753,2593.6134453781506
15.154800169000737,12.864,2.0168067226890756,201.68067226890753,2594.4201680672268
15.164879812000436,12.856,2.0168067226890756,201.68067226890753,2592.8067226890753
15.174958862000494,12.864,2.0168067226890756,184.8739495798319,2378.2184873949577
15.18503846800013,12.86,2.0168067226890756,201.68067226890753,2593.6134453781506
15.195118110001204,12.856,2.0168067226890756,201.68067226890753,2592.8067226890753
15.205228141001498,12.864,2.0168067226890756,201.68067226890753,2594.4201680672268
15.215307987000415,12.856,2.0168067226890756,201.68067226890753,2592.8067226890753
15.225387315000262,12.864,2.0168067226890756,184.8739495798319,2378.2184873949577
15.235461735001081,12.856,2.0168067226890756,201.68067226890753,2592.8067226890753
15.245540637000886,12.86,2.0168067226890756,201.68067226890753,2593.6134453781506
15.255620465000902,12.86,2.0168067226890756,201.68067226890753,2593.6134453781506
15.265708070000983,12.86,2.0168067226890756,201.68067226890753,2593.6134453781506
15.275787657001274,12.864,2.0168067226890756,201.68067226890753,2594.4201680672268
15.285869892000846,12.86,2.0168067226890756,184.8739495798319,2377.478991596638
15.29595016500025,12.868,2.0168067226890756,201.68067226890753,2595.226890756302
15.306024733001323,12.864,1.848739495798319,201.68067226890753,2594.4201680672268
15.316104413001085,12.856,1.848739495798319,201.68067226890753,2592.8067226890753
15.326183333001609,12.86,2.0168067226890756,201.68067226890753,2593.6134453781506
15.33626329100116,12.86,2.0168067226890756,201.68067226890753,2593.6134453781506
15.346343952000097,12.852,2.0168067226890756,201.68067226890753,2591.9999999999995
15.356424668001637,12.864,1.848739495798319,201.68067226890753,2594.4201680672268
15.366505218000384,12.856,2.0168067226890756,201.68067226890753,2592.8067226890753
15.37658554600057,12.868,2.0168067226890756,184.8739495798319,2378.957983193277
15.38667111399991,12.856,2.0168067226890756,201.68067226890753,2592.8067226890753
15.396752831000413,12.868,2.0168067226890756,201.68067226890753,2595.226890756302
15.406918120001137,12.856,2.0168067226890756,201.68067226890753,2592.8067226890753
15.416994762001195,12.86,2.0168067226890756,201.68067226890753,2593.6134453781506
15.427072146001592,12.86,2.0168067226890756,201.68067226890753,2593.6134453781506
15.437147992000973,12.86,2.0168067226890756,201.68067226890753,2593.6134453781506
15.447224357001687,12.856,2.0168067226890756,201.68067226890753,2592.8067226890753
15.457302092001555,12.856,2.0168067226890756,201.68067226890753,2592.8067226890753
15.467378883000492,12.86,2.0168067226890756,201.68067226890753,2593.6134453781506
15.477456988000995,12.864,2.0168067226890756,201.68067226890753,2594.4201680672268
15.487533113000609,12.86,2.0168067226890756,201.68067226890753,2593.6134453781506
15.497610718000942,12.868,2.0168067226890756,201.68067226890753,2595.226890756302
15.507738285999949,12.86,2.0168067226890756,184.8739495798319,2377.478991596638
15.517819169001086,12.868,2.0168067226890756,201.68067226890753,2595.226890756302
15.527898015001483,12.86,2.0168067226890756,201.68067226890753,2593.6134453781506
15.537978121001288,12.872,2.0168067226890756,201.68067226890753,2596.033613445378
15.54805904100067,12.852,2.0168067226890756,201.68067226890753,2591.9999999999995
15.558138832000623,12.864,2.0168067226890756,201.68067226890753,2594.4201680672268
15.568219307000618,12.856,2.0168067226890756,201.68067226890753,2592.8067226890753
15.578300172001036,12.864,2.0168067226890756,201.68067226890753,2594.4201680672268
15.588380926001264,12.856,2.0168067226890756,201.68067226890753,2592.8067226890753
15.598461661000329,12.868,2.0168067226890756,201.68067226890753,2595.226890756302
15.608552748000875,12.856,2.0168067226890756,201.68067226890753,2592.8067226890753
15.618633446001695,12.868,2.0168067226890756,218.48739495798318,2811.4957983193276
15.628713996000442,12.856,1.848739495798319,201.68067226890753,2592.8067226890753
15.638793805001114,12.868,2.0168067226890756,201.68067226890753,2595.226890756302
15.648874114000137,12.856,2.0168067226890756,201.68067226890753,2592.8067226890753
15.65895533100047,12.868,2.0168067226890756,201.68067226890753,2595.226890756302
15.6690359180011,12.856,2.0168067226890756,201.68067226890753,2592.8067226890753
15.679115764000016,12.86,2.0168067226890756,201.68067226890753,2593.6134453781506
15.689194499000223,12.856,2.0168067226890756,201.68067226890753,2592.8067226890753
15.699274920001699,12.864,2.0168067226890756,201.68067226890753,2594.4201680672268
15.709354803000679,12.856,2.0168067226890756,201.68067226890753,2592.8067226890753
15.71943461200135,12.868,2.0168067226890756,201.68067226890753,2595.226890756302
15.729514792001282,12.856,2.0168067226890756,218.48739495798318,2808.873949579832
15.739594157001193,12.872,2.0168067226890756,201.68067226890753,2596.033613445378
15.749673577000067,12.852,2.0168067226890756,201.68067226890753,2591.9999999999995
15.759753849000845,12.872,2.0168067226890756,201.68067226890753,2596.033613445378
15.769835658000375,12.852,2.0168067226890756,201.68067226890753,2591.9999999999995
15.779915597000581,12.876,1.848739495798319,201.68067226890753,2596.840336134453
15.789996147001148,12.852,2.0168067226890756,201.68067226890753,2591.9999999999995
15.800076993000403,12.868,2.0168067226890756,201.68067226890753,2595.226890756302
15.810183950001374,12.856,2.0168067226890756,184.8739495798319,2376.739495798319
15.820264574000248,12.868,2.0168067226890756,201.68067226890753,2595.226890756302
15.830345420001322,12.856,2.0168067226890756,201.68067226890753,2592.8067226890753
15.840422526000111,12.868,2.0168067226890756,201.68067226890753,2595.226890756302
15.850503261000995,12.856,2.0168067226890756,201.68067226890753,2592.8067226890753
15.860583718000271,12.864,2.0168067226890756,201.68067226890753,2594.4201680672268
15.870662731000266,12.852,2.0168067226890756,201.68067226890753,2591.9999999999995
15.880742930001361,12.872,2.0168067226890756,201.68067226890753,2596.033613445378
15.890823591000299,12.852,2.0168067226890756,201.68067226890753,2591.9999999999995
15.900903955000103,12.872,1.848739495798319,201.68067226890753,2596.033613445378
15.910995060999994,12.856,2.0168067226890756,201.68067226890753,2592.8067226890753
15.921071203001702,12.864,2.0168067226890756,201.68067226890753,2594.4201680672268
15.931147624000005,12.856,2.0168067226890756,201.68067226890753,2592.8067226890753
15.941223618001459,12.868,2.0168067226890756,201.68067226890753,2595.226890756302
15.95129942800122,12.852,2.0168067226890756,218.48739495798318,2808.0
15.961377143999925,12.872,2.0168067226890756,201.68067226890753,2596.033613445378
15.971453213000132,12.844,2.0168067226890756,201.68067226890753,2590.386554621848
15.981530948,12.872,1.848739495798319,201.68067226890753,2596.033613445378
15.99160705400027,12.852,2.0168067226890756,201.68067226890753,2591.9999999999995
16.001678993001406,12.868,2.0168067226890756,201.68067226890753,2595.226890756302
16.01176376500007,12.856,2.0168067226890756,201.68067226890753,2592.8067226890753
16.02184490700165,12.872,2.0168067226890756,201.68067226890753,2596.033613445378
16.031924124001307,12.852,2.0168067226890756,201.68067226890753,2591.9999999999995
16.04200747000141,12.872,2.0168067226890756,201.68067226890753,2596.033613445378
16.05208876100005,12.852,2.0168067226890756,201.68067226890753,2591.9999999999995
16.062165255001673,12.864,2.0168067226890756,201.68067226890753,2594.4201680672268
16.072244509001393,12.852,2.0168067226890756,201.68067226890753,2591.9999999999995
16.08232517000033,12.872,2.0168067226890756,201.68067226890753,2596.033613445378
16.092405942001278,12.852,2.0168067226890756,201.68067226890753,2591.9999999999995
16.102486585001316,12.876,2.0168067226890756,201.68067226890753,2596.840336134453
16.112577616000635,12.852,2.0168067226890756,201.68067226890753,2591.9999999999995
16.122652925001603,12.872,2.0168067226890756,201.68067226890753,2596.033613445378
16.13272999400033,12.852,2.0168067226890756,184.8739495798319,2375.9999999999995
16.142809748000218,12.868,1.848739495798319,201.68067226890753,2595.226890756302
16.152886483001566,12.848,2.0168067226890756,201.68067226890753,2591.1932773109243
16.16296266200152,12.868,2.0168067226890756,201.68067226890753,2595.226890756302
16.173040379000668,12.848,2.0168067226890756,201.68067226890753,2591.1932773109243
16.18311420700047,12.876,2.0168067226890756,201.68067226890753,2596.840336134453
16.19319083100163,12.848,2.0168067226890756,201.68067226890753,2591.1932773109243
16.20326606600065,12.876,2.0168067226890756,201.68067226890753,2596.840336134453
16.21333930200126,12.848,2.0168067226890756,201.68067226890753,2591.1932773109243
16.22341564800081,12.876,2.0168067226890756,201.68067226890753,2596.840336134453
16.233489272000952,12.852,2.0168067226890756,184.8739495798319,2375.9999999999995
16.24356239700137,12.868,2.0168067226890756,201.68067226890753,2595.226890756302
16.253640761000497,12.852,2.0168067226890756,201.68067226890753,2591.9999999999995
16.263717274001465,12.868,2.0168067226890756,201.68067226890753,2595.226890756302
16.273797621000995,12.852,2.0168067226890756,201.68067226890753,2591.9999999999995
16.283872467000037,12.868,2.0168067226890756,201.68067226890753,2595.226890756302
16.293949276001513,12.852,2.0168067226890756,201.68067226890753,2591.9999999999995
16.30402445600157,12.872,2.0168067226890756,201.68067226890753,2596.033613445378
16.314114895001694,12.848,2.0168067226890756,201.68067226890753,2591.1932773109243
16.324188408001646,12.876,2.0168067226890756,201.68067226890753,2596.840336134453
16.334261495001556,12.848,2.0168067226890756,201.68067226890753,2591.1932773109243
16.34433856400028,12.872,2.0168067226890756,201.68067226890753,2596.033613445378
16.354410206000466,12.848,2.0168067226890756,201.68067226890753,2591.1932773109243
16.364485793001222,12.868,2.0168067226890756,201.68067226890753,2595.226890756302
16.374562251001407,12.844,2.0168067226890756,201.68067226890753,2590.386554621848
16.38464924500113,12.872,1.848739495798319,201.68067226890753,2596.033613445378
16.3947280170014,12.848,2.0168067226890756,201.68067226890753,2591.1932773109243
16.40480464200118,12.876,2.0168067226890756,201.68067226890753,2596.840336134453
16.414917523999975,12.848,2.0168067226890756,201.68067226890753,2591.1932773109243
16.42499563000092,12.876,2.0168067226890756,201.68067226890753,2596.840336134453
16.43506912400153,12.848,2.0168067226890756,201.68067226890753,2591.1932773109243
16.44515317400146,12.876,2.0168067226890756,201.68067226890753,2596.840336134453
16.45522676100154,12.848,2.0168067226890756,201.68067226890753,2591.1932773109243
16.465305737001472,12.868,2.0168067226890756,201.68067226890753,2595.226890756302
16.47538236100081,12.852,2.0168067226890756,201.68067226890753,2591.9999999999995
16.485460541000066,12.868,2.0168067226890756,201.68067226890753,2595.226890756302
16.49553711000044,12.848,1.848739495798319,201.68067226890753,2591.1932773109243
16.505614771000182,12.872,2.0168067226890756,201.68067226890753,2596.033613445378
16.515762041000926,12.852,2.0168067226890756,201.68067226890753,2591.9999999999995
16.525839591000477,12.872,2.0168067226890756,201.68067226890753,2596.033613445378
16.535916975000873,12.848,2.0168067226890756,201.68067226890753,2591.1932773109243
16.545997709999938,12.876,2.0168067226890756,201.68067226890753,2596.840336134453
16.556075723001413,12.88,1.848739495798319,201.68067226890753,2597.6470588235293
16.566152495001006,12.896,1.848739495798319,184.8739495798319,2384.1344537815125
16.576229101001445,12.86,2.0168067226890756,201.68067226890753,2593.6134453781506
16.586305818000255,12.892,1.848739495798319,184.8739495798319,2383.394957983193
16.59638279400133,12.864,1.848739495798319,184.8739495798319,2378.2184873949577
16.60646323200126,12.884,2.0168067226890756,184.8739495798319,2381.9159663865544
16.616554486001405,12.864,2.0168067226890756,184.8739495798319,2378.2184873949577
16.626631128001463,12.884,1.848739495798319,201.68067226890753,2598.4537815126046
16.636706271001458,12.872,1.848739495798319,201.68067226890753,2596.033613445378
16.646779192000395,12.884,1.848739495798319,184.8739495798319,2381.9159663865544
16.656852056999924,12.872,1.848739495798319,201.68067226890753,2596.033613445378
16.66692795900053,12.88,1.848739495798319,184.8739495798319,2381.176470588235
16.677004416000273,12.868,2.0168067226890756,201.68067226890753,2595.226890756302
16.68708048500048,12.856,2.0168067226890756,184.8739495798319,2376.739495798319
16.69715677500062,12.848,2.0168067226890756,201.68067226890753,2591.1932773109243
16.7072331770014,12.864,2.0168067226890756,201.68067226890753,2594.4201680672268
16.71732006000093,12.856,2.0168067226890756,201.68067226890753,2592.8067226890753
16.72739909200027,12.868,2.0168067226890756,201.68067226890753,2595.226890756302
16.73747530900073,12.852,2.0168067226890756,201.68067226890753,2591.9999999999995
16.74755224799992,12.868,2.0168067226890756,201.68067226890753,2595.226890756302
16.75762909400146,12.852,2.0168067226890756,201.68067226890753,2591.9999999999995
16.767709662000925,12.868,2.0168067226890756,201.68067226890753,2595.226890756302
16.777792378999948,12.848,2.0168067226890756,201.68067226890753,2591.1932773109243
16.78787239200028,12.872,2.0168067226890756,201.68067226890753,2596.033613445378
16.79795275700053,12.848,2.0168067226890756,201.68067226890753,2591.1932773109243
16.808033103001435,12.876,2.0168067226890756,201.68067226890753,2596.840336134453
16.81812378200084,12.852,2.0168067226890756,201.68067226890753,2591.9999999999995
16.82820042500134,12.868,2.0168067226890756,201.68067226890753,2595.226890756302
16.83827804900102,12.852,2.0168067226890756,201.68067226890753,2591.9999999999995
16.848354618001395,12.864,2.0168067226890756,201.68067226890753,2594.4201680672268
16.858432279001136,12.852,2.0168067226890756,201.68067226890753,2591.9999999999995
16.868505792001088,12.864,2.0168067226890756,201.68067226890753,2594.4201680672268
16.878580157001124,12.856,2.0168067226890756,201.68067226890753,2592.8067226890753
16.888653170000907,12.868,2.0168067226890756,201.68067226890753,2595.226890756302
16.89872573899993,12.852,2.0168067226890756,201.68067226890753,2591.9999999999995
16.90880152900172,12.872,2.0168067226890756,201.68067226890753,2596.033613445378
16.918886320001548,12.852,2.0168067226890756,201.68067226890753,2591.9999999999995
16.92896446300074,12.872,2.0168067226890756,201.68067226890753,2596.033613445378
16.939042439000332,12.852,2.0168067226890756,201.68067226890753,2591.9999999999995
16.949119044000327,12.868,2.0168067226890756,201.68067226890753,2595.226890756302
16.95919600200068,12.852,2.0168067226890756,201.68067226890753,2591.9999999999995
16.969267219001267,12.868,2.0168067226890756,201.68067226890753,2595.226890756302
16.979348287000903,12.844,2.0168067226890756,201.68067226890753,2590.386554621848
16.989431115000116,12.872,2.0168067226890756,201.68067226890753,2596.033613445378
16.999511424000957,12.848,2.0168067226890756,201.68067226890753,2591.1932773109243
17.009595937000995,12.872,2.0168067226890756,201.68067226890753,2596.033613445378
17.01968776400099,12.848,2.0168067226890756,201.68067226890753,2591.1932773109243
17.02976038900124,12.876,2.0168067226890756,201.68067226890753,2596.840336134453
17.039839753000706,12.848,2.0168067226890756,201.68067226890753,2591.1932773109243
17.04991826600053,12.868,2.0168067226890756,201.68067226890753,2595.226890756302
17.059994946001098,12.852,2.0168067226890756,201.68067226890753,2591.9999999999995
17.070071441001346,12.868,2.0168067226890756,201.68067226890753,2595.226890756302
17.080147176000537,12.852,2.0168067226890756,201.68067226890753,2591.9999999999995
17.090224744000807,12.864,2.0168067226890756,201.68067226890753,2594.4201680672268
17.100300739000886,12.852,2.0168067226890756,201.68067226890753,2591.9999999999995
17.110378641000352,12.872,2.0168067226890756,201.68067226890753,2596.033613445378
17.120465857000454,12.848,2.0168067226890756,201.68067226890753,2591.1932773109243
17.13054409200049,12.872,2.0168067226890756,201.68067226890753,2596.033613445378
17.14062092000131,12.848,2.0168067226890756,201.68067226890753,2591.1932773109243
17.150701155000206,12.876,2.0168067226890756,201.68067226890753,2596.840336134453
17.160781817001407,12.848,2.0168067226890756,201.68067226890753,2591.1932773109243
17.170862496001064,12.876,2.0168067226890756,201.68067226890753,2596.840336134453
17.180943194000065,12.844,2.0168067226890756,201.68067226890753,2590.386554621848
17.191023967001456,12.872,2.0168067226890756,201.68067226890753,2596.033613445378
17.20110520200069,12.848,2.0168067226890756,201.68067226890753,2591.1932773109243
17.211182511000516,12.872,2.0168067226890756,201.68067226890753,2596.033613445378
17.221283783001127,12.848,2.0168067226890756,201.68067226890753,2591.1932773109243
17.23135646300034,12.876,2.0168067226890756,201.68067226890753,2596.840336134453
17.241434587000185,12.848,2.0168067226890756,201.68067226890753,2591.1932773109243
17.25151047000145,12.876,2.0168067226890756,201.68067226890753,2596.840336134453
17.261588279001444,12.848,2.0168067226890756,201.68067226890753,2591.1932773109243
17.27166545900036,12.872,2.0168067226890756,201.68067226890753,2596.033613445378
17.281740342001285,12.852,2.0168067226890756,201.68067226890753,2591.9999999999995
17.291814615000476,12.864,2.1848739495798317,201.68067226890753,2594.4201680672268
17.30188855400047,12.852,2.0168067226890756,218.48739495798318,2808.0
17.311960974000613,12.868,2.0168067226890756,201.68067226890753,2595.226890756302
17.32203495000067,12.852,2.0168067226890756,218.48739495798318,2808.0
17.3321128890002,12.872,2.0168067226890756,201.68067226890753,2596.033613445378
17.342190476001633,12.852,2.0168067226890756,201.68067226890753,2591.9999999999995
17.3522667490015,12.876,2.0168067226890756,201.68067226890753,2596.840336134453
17.36234783600048,12.848,2.0168067226890756,201.68067226890753,2591.1932773109243
17.372427977999905,12.876,2.0168067226890756,184.8739495798319,2380.4369747899154
17.38251984300041,12.844,2.0168067226890756,201.68067226890753,2590.386554621848
17.39261148500009,12.876,2.0168067226890756,201.68067226890753,2596.840336134453
17.402692924000803,12.844,2.0168067226890756,201.68067226890753,2590.386554621848
17.412774104001073,12.872,2.0168067226890756,201.68067226890753,2596.033613445378
17.422851098001047,12.848,1.848739495798319,201.68067226890753,2591.1932773109243
17.43292879600085,12.872,2.0168067226890756,201.68067226890753,2596.033613445378
17.44300508700144,12.848,2.0168067226890756,201.68067226890753,2591.1932773109243
17.45308152600046,12.876,2.0168067226890756,201.68067226890753,2596.840336134453
17.463158150001618,12.848,2.0168067226890756,201.68067226890753,2591.1932773109243
17.473249848000705,12.876,2.0168067226890756,184.8739495798319,2380.4369747899154
17.483326157000192,12.848,2.0168067226890756,201.68067226890753,2591.1932773109243
17.493404615001054,12.872,2.0168067226890756,201.68067226890753,2596.033613445378
17.503478960999928,12.848,2.0168067226890756,201.68067226890753,2591.1932773109243
17.513551419000578,12.864,2.1848739495798317,201.68067226890753,2594.4201680672268
17.523623988001418,12.852,2.0168067226890756,201.68067226890753,2591.9999999999995
17.533706815000187,12.872,2.0168067226890756,201.68067226890753,2596.033613445378
17.543787069000246,12.852,2.0168067226890756,201.68067226890753,2591.9999999999995
17.553868471000897,12.872,2.0168067226890756,201.68067226890753,2596.033613445378
17.563945058000172,12.852,2.0168067226890756,201.68067226890753,2591.9999999999995
17.574026700000104,12.876,1.848739495798319,201.68067226890753,2596.840336134453
17.584107491000395,12.848,2.0168067226890756,201.68067226890753,2591.1932773109243
17.594187560000137,12.88,2.0168067226890756,201.68067226890753,2597.6470588235293
17.604267925000386,12.84,2.0168067226890756,201.68067226890753,2589.579831932773
17.61434854900108,12.876,2.0168067226890756,201.68067226890753,2596.840336134453
17.624424765001095,12.848,2.0168067226890756,201.68067226890753,2591.1932773109243
17.63450172300145,12.872,2.0168067226890756,201.68067226890753,2596.033613445378
17.644577699000365,12.848,1.848739495798319,201.68067226890753,2591.1932773109243
17.654653249001058,12.872,2.0168067226890756,201.68067226890753,2596.033613445378
17.664728780000587,12.88,2.0168067226890756,201.68067226890753,2597.6470588235293
17.67480501600039,12.896,1.848739495798319,184.8739495798319,2384.1344537815125
17.68488130700098,12.868,1.848739495798319,201.68067226890753,2595.226890756302
17.69495746800021,12.884,1.848739495798319,184.8739495798319,2381.9159663865544
17.705033222000566,12.868,1.848739495798319,184.8739495798319,2378.957983193277
17.715109346001555,12.884,2.0168067226890756,184.8739495798319,2381.9159663865544
17.72518606199992,12.868,2.0168067226890756,201.68067226890753,2595.226890756302
17.735262483000042,12.888,1.848739495798319,201.68067226890753,2599.2605042016803
17.745338089000143,12.868,1.848739495798319,184.8739495798319,2378.957983193277
17.75541582400001,12.88,1.848739495798319,201.68067226890753,2597.6470588235293
17.76549437400172,12.868,2.0168067226890756,184.8739495798319,2378.957983193277
17.775570350000635,12.88,1.848739495798319,201.68067226890753,2597.6470588235293
17.785653418000948,12.86,1.848739495798319,201.68067226890753,2593.6134453781506
17.79573370900107,12.856,2.0168067226890756,201.68067226890753,2592.8067226890753
17.80581624000115,12.844,2.0168067226890756,184.8739495798319,2374.5210084033606
17.815896790001716,12.872,2.0168067226890756,201.68067226890753,2596.033613445378
17.825971266000124,12.852,2.0168067226890756,201.68067226890753,2591.9999999999995
17.83604694600035,12.872,2.0168067226890756,201.68067226890753,2596.033613445378
17.846124830000917,12.852,2.0168067226890756,201.68067226890753,2591.9999999999995
17.856200528000045,12.868,2.1848739495798317,201.68067226890753,2595.226890756302
17.866277596000145,12.856,2.0168067226890756,201.68067226890753,2592.8067226890753
17.876351498000076,12.868,2.0168067226890756,201.68067226890753,2595.226890756302
17.88642430800064,12.852,2.0168067226890756,201.68067226890753,2591.9999999999995
17.896500876000573,12.868,2.0168067226890756,201.68067226890753,2595.226890756302
17.906577815001583,12.856,2.0168067226890756,201.68067226890753,2592.8067226890753
17.916653958000097,12.868,2.0168067226890756,201.68067226890753,2595.226890756302
17.9267344710006,12.852,1.848739495798319,201.68067226890753,2591.9999999999995
17.93681589100015,12.872,2.0168067226890756,201.68067226890753,2596.033613445378
17.94689283000116,12.852,2.0168067226890756,201.68067226890753,2591.9999999999995
17.956973991000268,12.872,2.0168067226890756,201.68067226890753,2596.033613445378
17.967054837999967,12.852,2.0168067226890756,201.68067226890753,2591.9999999999995
17.977135554001507,12.868,2.0168067226890756,201.68067226890753,2595.226890756302
17.98721149300036,12.852,2.0168067226890756,201.68067226890753,2591.9999999999995
17.997262507000414,12.868,2.0168067226890756,201.68067226890753,2595.226890756302
18.007340853000642,12.848,2.0168067226890756,201.68067226890753,2591.1932773109243
18.01741819900053,12.872,2.0168067226890756,201.68067226890753,2596.033613445378
18.027491378999912,12.848,2.0168067226890756,201.68067226890753,2591.1932773109243
18.037563781001154,12.876,2.0168067226890756,201.68067226890753,2596.840336134453
18.04763901700062,12.848,2.0168067226890756,201.68067226890753,2591.1932773109243
18.057717880999917,12.876,2.0168067226890756,201.68067226890753,2596.840336134453
18.067794672000673,12.852,2.0168067226890756,201.68067226890753,2591.9999999999995
18.077872611000203,12.868,2.0168067226890756,201.68067226890753,2595.226890756302
18.087948754000536,12.852,2.0168067226890756,201.68067226890753,2591.9999999999995
18.098025878000044,12.868,2.0168067226890756,201.68067226890753,2595.226890756302
18.10810185400078,12.852,2.0168067226890756,201.68067226890753,2591.9999999999995
18.118175126001006,12.864,2.0168067226890756,201.68067226890753,2594.4201680672268
18.128251195001212,12.852,2.0168067226890756,201.68067226890753,2591.9999999999995
18.138332541000636,12.872,2.0168067226890756,201.68067226890753,2596.033613445378
18.148413332000928,12.852,2.0168067226890756,201.68067226890753,2591.9999999999995
18.158493975000965,12.876,2.0168067226890756,184.8739495798319,2380.4369747899154
18.168574672999966,12.848,2.0168067226890756,201.68067226890753,2591.1932773109243
18.178651926000384,12.876,2.0168067226890756,201.68067226890753,2596.840336134453
18.188728662000358,12.852,2.0168067226890756,201.68067226890753,2591.9999999999995
18.198810230000163,12.876,2.0168067226890756,201.68067226890753,2596.840336134453
18.20885244800047,12.848,2.0168067226890756,201.68067226890753,2591.1932773109243
18.218931257000804,12.868,2.0168067226890756,201.68067226890753,2595.226890756302
18.229004381000777,12.848,2.0168067226890756,201.68067226890753,2591.1932773109243
18.239077320000433,12.876,2.0168067226890756,201.68067226890753,2596.840336134453
18.249154148001253,12.848,2.0168067226890756,201.68067226890753,2591.1932773109243
18.25923034600055,12.876,2.0168067226890756,201.68067226890753,2596.840336134453
18.26930839600027,12.848,2.0168067226890756,184.8739495798319,2375.2605042016803
18.279381502001343,12.876,2.0168067226890756,201.68067226890753,2596.840336134453
18.28945820000081,12.852,2.0168067226890756,201.68067226890753,2591.9999999999995
18.29953478800053,12.872,2.0168067226890756,201.68067226890753,2596.033613445378
18.30961267100065,12.856,2.0168067226890756,201.68067226890753,2592.8067226890753
18.319689851001385,12.864,2.0168067226890756,201.68067226890753,2594.4201680672268
18.32976632700047,12.852,2.0168067226890756,201.68067226890753,2591.9999999999995
18.33984782100015,12.868,2.0168067226890756,218.48739495798318,2811.4957983193276
18.34993103800116,12.852,2.0168067226890756,201.68067226890753,2591.9999999999995
18.360011828001007,12.872,2.0168067226890756,201.68067226890753,2596.033613445378
18.370092638000642,12.852,2.0168067226890756,201.68067226890753,2591.9999999999995
18.38018803900013,12.876,2.0168067226890756,201.68067226890753,2596.840336134453
18.39027540400093,12.848,2.0168067226890756,201.68067226890753,2591.1932773109243
18.40035526900101,12.876,2.0168067226890756,201.68067226890753,2596.840336134453
18.410432745000435,12.844,2.0168067226890756,201.68067226890753,2590.386554621848
18.42051014700155,12.876,2.0168067226890756,201.68067226890753,2596.840336134453
18.430587474000276,12.848,2.0168067226890756,201.68067226890753,2591.1932773109243
18.440663654000673,12.872,2.0168067226890756,201.68067226890753,2596.033613445378
18.450740260001112,12.848,2.0168067226890756,201.68067226890753,2591.1932773109243
18.460816736000197,12.876,2.0168067226890756,201.68067226890753,2596.840336134453
18.4708932120011,12.852,2.0168067226890756,201.68067226890753,2591.9999999999995
18.48096944700046,12.876,2.0168067226890756,201.68067226890753,2596.840336134453
18.491045775001112,12.848,2.0168067226890756,201.68067226890753,2591.1932773109243
18.50112238100155,12.876,1.848739495798319,201.68067226890753,2596.840336134453
18.511198560001503,12.848,2.0168067226890756,201.68067226890753,2591.1932773109243
18.521260000001348,12.868,2.0168067226890756,201.68067226890753,2595.226890756302
18.53133606800111,12.852,2.0168067226890756,201.68067226890753,2591.9999999999995
18.541419007000513,12.872,1.848739495798319,201.68067226890753,2596.033613445378
18.551499927001714,12.852,2.0168067226890756,201.68067226890753,2591.9999999999995
18.56157618100042,12.872,2.0168067226890756,201.68067226890753,2596.033613445378
18.571656657000858,12.852,2.0168067226890756,201.68067226890753,2591.9999999999995
18.581739133000156,12.876,1.848739495798319,201.68067226890753,2596.840336134453
18.591818998000235,12.88,1.848739495798319,184.8739495798319,2381.176470588235
18.601900974001182,12.9,2.0168067226890756,184.8739495798319,2384.873949579832
18.611981283000205,12.868,2.0168067226890756,201.68067226890753,2595.226890756302
18.622061444000792,12.892,1.848739495798319,184.8739495798319,2383.394957983193
18.63213440200161,12.86,2.0168067226890756,184.8739495798319,2377.478991596638
18.642212526001458,12.884,2.0168067226890756,201.68067226890753,2598.4537815126046
18.65228846500031,12.864,2.0168067226890756,201.68067226890753,2594.4201680672268
18.662365662999946,12.884,2.0168067226890756,201.68067226890753,2598.4537815126046
18.67244175000087,12.868,1.848739495798319,184.8739495798319,2378.957983193277
18.68251885600148,12.884,2.0168067226890756,184.8739495798319,2381.9159663865544
18.692594461001136,12.872,2.0168067226890756,184.8739495798319,2379.697478991596
18.702670734001003,12.884,1.848739495798319,201.68067226890753,2598.4537815126046
18.712746969000364,12.868,1.848739495798319,201.68067226890753,2595.226890756302
18.722821297000337,12.852,2.0168067226890756,201.68067226890753,2591.9999999999995
18.73293195700171,12.848,2.0168067226890756,201.68067226890753,2591.1932773109243
18.743009008001536,12.868,2.0168067226890756,201.68067226890753,2595.226890756302
18.75309074300094,12.852,2.0168067226890756,201.68067226890753,2591.9999999999995
18.763171293001506,12.872,2.0168067226890756,201.68067226890753,2596.033613445378
18.773253306000697,12.856,2.0168067226890756,201.68067226890753,2592.8067226890753
18.783333207000396,12.868,2.0168067226890756,201.68067226890753,2595.226890756302
18.79341564600145,12.856,2.0168067226890756,201.68067226890753,2592.8067226890753
18.803493511000852,12.868,2.0168067226890756,201.68067226890753,2595.226890756302
18.8135700060011,12.848,2.0168067226890756,201.68067226890753,2591.1932773109243
18.82365077800023,12.872,2.0168067226890756,218.48739495798318,2812.3697478991594
18.83372742100073,12.844,2.0168067226890756,201.68067226890753,2590.386554621848
18.843803489000493,12.872,2.0168067226890756,201.68067226890753,2596.033613445378
18.853881243001524,12.852,2.0168067226890756,201.68067226890753,2591.9999999999995
18.863958515001286,12.872,2.0168067226890756,201.68067226890753,2596.033613445378
18.87403599100071,12.852,2.0168067226890756,201.68067226890753,2591.9999999999995
18.88411148600062,12.868,2.0168067226890756,201.68067226890753,2595.226890756302
18.89419005400123,12.852,2.0168067226890756,201.68067226890753,2591.9999999999995
18.904266160001498,12.868,1.848739495798319,201.68067226890753,2595.226890756302
18.914338581000266,12.856,2.0168067226890756,201.68067226890753,2592.8067226890753
18.92441213100028,12.864,2.0168067226890756,201.68067226890753,2594.4201680672268
18.934488847000466,12.852,2.0168067226890756,201.68067226890753,2591.9999999999995
18.944565249001244,12.868,2.0168067226890756,201.68067226890753,2595.226890756302
18.954646022000816,12.852,2.0168067226890756,201.68067226890753,2591.9999999999995
18.96472644200003,12.872,2.0168067226890756,184.8739495798319,2379.697478991596
18.974806603000616,12.848,2.0168067226890756,201.68067226890753,2591.1932773109243
18.98488672700114,12.876,2.0168067226890756,201.68067226890753,2596.840336134453
18.994967259000987,12.852,2.0168067226890756,201.68067226890753,2591.9999999999995
19.005047586000728,12.868,2.0168067226890756,201.68067226890753,2595.226890756302
19.015128303000893,12.848,2.0168067226890756,201.68067226890753,2591.1932773109243
19.02520481600004,12.868,2.0168067226890756,201.68067226890753,2595.226890756302
19.035282570001073,12.848,2.0168067226890756,201.68067226890753,2591.1932773109243
19.04536262000147,12.876,2.0168067226890756,201.68067226890753,2596.840336134453
19.055439040001147,12.848,2.0168067226890756,201.68067226890753,2591.1932773109243
19.065516739001396,12.876,2.0168067226890756,201.68067226890753,2596.840336134453
19.075588011000946,12.848,2.0168067226890756,201.68067226890753,2591.1932773109243
19.085661469000115,12.872,2.0168067226890756,201.68067226890753,2596.033613445378
19.095733982001548,12.852,2.0168067226890756,201.68067226890753,2591.9999999999995
19.10581368000021,12.868,2.0168067226890756,201.68067226890753,2595.226890756302
19.11588978600048,12.852,2.0168067226890756,201.68067226890753,2591.9999999999995
19.125967095000306,12.868,2.0168067226890756,201.68067226890753,2595.226890756302
19.136047682000935,12.852,2.0168067226890756,201.68067226890753,2591.9999999999995
19.146127547001015,12.864,2.1848739495798317,201.68067226890753,2594.4201680672268
19.156208449001497,12.852,2.0168067226890756,201.68067226890753,2591.9999999999995
19.166288684000392,12.872,2.0168067226890756,201.68067226890753,2596.033613445378
19.17636549300005,12.852,2.0168067226890756,201.68067226890753,2591.9999999999995
19.186442988000636,12.876,2.0168067226890756,184.8739495798319,2380.4369747899154
19.196519168001032,12.848,2.0168067226890756,201.68067226890753,2591.1932773109243
19.206596495001577,12.876,2.0168067226890756,201.68067226890753,2596.840336134453
19.21667336000064,12.852,2.0168067226890756,201.68067226890753,2591.9999999999995
19.22675046600125,12.872,2.0168067226890756,201.68067226890753,2596.033613445378
19.236823627001286,12.844,2.0168067226890756,201.68067226890753,2590.386554621848
19.246900140000434,12.872,2.0168067226890756,201.68067226890753,2596.033613445378
19.256976413000302,12.848,2.1848739495798317,201.68067226890753,2591.1932773109243
19.267048000001523,12.876,2.0168067226890756,201.68067226890753,2596.840336134453
19.27712375400006,12.848,2.0168067226890756,201.68067226890753,2591.1932773109243
19.287200396000117,12.876,2.0168067226890756,201.68067226890753,2596.840336134453
19.297278539001127,12.848,2.0168067226890756,201.68067226890753,2591.1932773109243
19.30735446000108,12.876,2.0168067226890756,201.68067226890753,2596.840336134453
19.317431176001264,12.848,2.0168067226890756,201.68067226890753,2591.1932773109243
19.327504189001047,12.868,2.0168067226890756,201.68067226890753,2595.226890756302
19.33758496200062,12.852,2.0168067226890756,201.68067226890753,2591.9999999999995
19.347665844999938,12.864,2.0168067226890756,201.68067226890753,2594.4201680672268
19.35774808000133,12.852,1.848739495798319,201.68067226890753,2591.9999999999995
19.36782838900035,12.868,2.0168067226890756,201.68067226890753,2595.226890756302
19.377911513000072,12.852,1.848739495798319,201.68067226890753,2591.9999999999995
19.38799563700013,12.872,2.0168067226890756,184.8739495798319,2379.697478991596
19.398078465001163,12.852,2.0168067226890756,201.68067226890753,2591.9999999999995
19.408159700000397,12.876,2.0168067226890756,201.68067226890753,2596.840336134453
19.418240565000815,12.848,1.848739495798319,201.68067226890753,2591.1932773109243
19.42831609700079,12.88,2.0168067226890756,201.68067226890753,2597.6470588235293
19.438394499000424,12.844,2.0168067226890756,201.68067226890753,2590.386554621848
19.448471141000482,12.872,2.0168067226890756,184.8739495798319,2379.697478991596
19.458547451000413,12.848,2.0168067226890756,184.8739495798319,2375.2605042016803
19.46862407500157,12.872,2.0168067226890756,201.68067226890753,2596.033613445378
19.478699958001016,12.848,2.0168067226890756,201.68067226890753,2591.1932773109243
19.488776379001138,12.876,2.0168067226890756,184.8739495798319,2380.4369747899154
19.49885276200075,12.848,2.0168067226890756,201.68067226890753,2591.1932773109243
19.508930201000112,12.876,2.0168067226890756,201.68067226890753,2596.840336134453
19.519003639999937,12.848,2.0168067226890756,201.68067226890753,2591.1932773109243
19.52908026500154,12.872,2.0168067226890756,201.68067226890753,2596.033613445378
19.539160685000752,12.848,2.0168067226890756,201.68067226890753,2591.1932773109243
19.549270401001195,12.872,2.0168067226890756,201.68067226890753,2596.033613445378
19.559347062000597,12.848,2.0168067226890756,201.68067226890753,2591.1932773109243
19.569427723001354,12.872,2.0168067226890756,201.68067226890753,2596.033613445378
19.57950838400029,12.852,1.848739495798319,201.68067226890753,2591.9999999999995
19.589590397001302,12.872,2.0168067226890756,201.68067226890753,2596.033613445378
19.59967113300081,12.848,2.0168067226890756,201.68067226890753,2591.1932773109243
19.609753423001166,12.872,2.0168067226890756,201.68067226890753,2596.033613445378
19.61983375100135,12.848,2.0168067226890756,201.68067226890753,2591.1932773109243
19.62991593100014,12.876,2.0168067226890756,184.8739495798319,2380.4369747899154
19.63999277700168,12.84,2.0168067226890756,201.68067226890753,2589.579831932773
19.650070975001654,12.88,2.0168067226890756,201.68067226890753,2597.6470588235293
19.660146969999914,12.844,2.0168067226890756,201.68067226890753,2590.386554621848
19.670225335001305,12.876,2.0168067226890756,201.68067226890753,2596.840336134453
19.68030121800075,12.848,2.0168067226890756,201.68067226890753,2591.1932773109243
19.690378676001274,12.876,2.0168067226890756,201.68067226890753,2596.840336134453
19.700454726000316,12.848,2.0168067226890756,201.68067226890753,2591.1932773109243
19.710531979000734,12.876,2.0168067226890756,201.68067226890753,2596.840336134453
19.720609307001723,12.848,2.0168067226890756,184.8739495798319,2375.2605042016803
19.73068295000121,12.876,2.0168067226890756,201.68067226890753,2596.840336134453
19.740763611000148,12.848,2.0168067226890756,201.68067226890753,2591.1932773109243
19.750843958001497,12.872,2.0168067226890756,201.68067226890753,2596.033613445378
19.760926785000265,12.844,2.0168067226890756,218.48739495798318,2806.252100840336
19.771007631999964,12.876,2.0168067226890756,201.68067226890753,2596.840336134453
19.781087830000615,12.848,2.0168067226890756,201.68067226890753,2591.1932773109243
19.79116795400114,12.88,2.0168067226890756,201.68067226890753,2597.6470588235293
19.80125218900139,12.848,2.0168067226890756,201.68067226890753,2591.1932773109243
19.81132946100115,12.876,2.0168067226890756,201.68067226890753,2596.840336134453
19.821410345000913,12.852,2.0168067226890756,201.68067226890753,2591.9999999999995
19.831490709000718,12.876,2.0168067226890756,201.68067226890753,2596.840336134453
19.841568630001348,12.844,2.0168067226890756,201.68067226890753,2590.386554621848
19.851641902001575,12.88,2.0168067226890756,201.68067226890753,2597.6470588235293
19.861719712000195,12.84,2.0168067226890756,201.68067226890753,2589.579831932773
19.871793854001226,12.88,2.0168067226890756,201.68067226890753,2597.6470588235293
19.881866701000035,12.844,2.0168067226890756,201.68067226890753,2590.386554621848
19.891942862001088,12.876,1.848739495798319,184.8739495798319,2380.4369747899154
19.902020560000892,12.848,2.0168067226890756,201.68067226890753,2591.1932773109243
19.91209644400078,12.876,2.0168067226890756,201.68067226890753,2596.840336134453
19.922173827000734,12.848,2.0168067226890756,184.8739495798319,2375.2605042016803
19.932249933001003,12.876,2.0168067226890756,201.68067226890753,2596.840336134453
19.94232850100161,12.848,2.0168067226890756,201.68067226890753,2591.1932773109243
19.952405477000866,12.872,2.0168067226890756,201.68067226890753,2596.033613445378
19.962486120000904,12.848,2.0168067226890756,201.68067226890753,2591.1932773109243
19.9725663370009,12.876,2.0168067226890756,201.68067226890753,2596.840336134453
19.982647071999963,12.844,2.0168067226890756,201.68067226890753,2590.386554621848
19.992727659000593,12.88,2.0168067226890756,201.68067226890753,2597.6470588235293
20.0028086350012,12.844,2.0168067226890756,218.48739495798318,2806.252100840336
20.012891037000372,12.88,2.0168067226890756,201.68067226890753,2597.6470588235293
20.022969642001044,12.848,2.0168067226890756,201.68067226890753,2591.1932773109243
20.033046563001335,12.876,2.0168067226890756,201.68067226890753,2596.840336134453
20.043125150001288,12.844,1.848739495798319,201.68067226890753,2590.386554621848
20.053201126000204,12.876,1.848739495798319,201.68067226890753,2596.840336134453
20.063277398001446,12.844,2.0168067226890756,201.68067226890753,2590.386554621848
20.073355115000595,12.88,2.0168067226890756,201.68067226890753,2597.6470588235293
20.08343098000114,12.84,2.0168067226890756,201.68067226890753,2589.579831932773
20.093509160000394,12.884,2.0168067226890756,201.68067226890753,2598.4537815126046
20.10358243200062,12.844,2.0168067226890756,201.68067226890753,2590.386554621848
20.113658890000806,12.88,2.0168067226890756,201.68067226890753,2597.6470588235293
20.12373505100004,12.848,2.0168067226890756,201.68067226890753,2591.1932773109243
20.1338216560016,12.876,2.0168067226890756,201.68067226890753,2596.840336134453
20.143902688001617,12.848,2.0168067226890756,201.68067226890753,2591.1932773109243
20.15398371900119,12.872,2.0168067226890756,201.68067226890753,2596.033613445378
20.16406075100167,12.848,2.0168067226890756,201.68067226890753,2591.1932773109243
20.174140986000566,12.872,2.0168067226890756,201.68067226890753,2596.033613445378
20.184223258000202,12.848,1.848739495798319,201.68067226890753,2591.1932773109243
20.194300660001318,12.908,1.848739495798319,184.8739495798319,2386.3529411764703
20.204377562000445,12.872,1.848739495798319,184.8739495798319,2379.697478991596
20.214454816001307,12.896,1.848739495798319,184.8739495798319,2384.1344537815125
20.22453169900109,12.86,1.848739495798319,201.68067226890753,2593.6134453781506
20.2346189710006,12.896,1.848739495798319,184.8739495798319,2384.1344537815125
20.24469170700104,12.864,1.848739495798319,184.8739495798319,2378.2184873949577
20.254764461000377,12.888,1.848739495798319,201.68067226890753,2599.2605042016803
20.264841048001472,12.86,2.0168067226890756,201.68067226890753,2593.6134453781506
20.274914172001445,12.888,2.0168067226890756,201.68067226890753,2599.2605042016803
20.28498722200129,12.864,2.0168067226890756,184.8739495798319,2378.2184873949577
20.295064569001624,12.892,1.848739495798319,201.68067226890753,2600.0672268907556
20.305137471001217,12.864,1.848739495798319,184.8739495798319,2378.2184873949577
20.315214188000027,12.892,2.0168067226890756,201.68067226890753,2600.0672268907556
20.325259016000928,12.836,2.0168067226890756,201.68067226890753,2588.773109243697
20.335344011000416,12.868,2.0168067226890756,201.68067226890753,2595.226890756302
20.34542463500111,12.848,1.848739495798319,201.68067226890753,2591.1932773109243
20.355505907000406,12.872,2.0168067226890756,201.68067226890753,2596.033613445378
20.365587920001417,12.852,2.0168067226890756,201.68067226890753,2591.9999999999995
20.37566784000046,12.868,2.0168067226890756,201.68067226890753,2595.226890756302
20.385758427000837,12.852,2.0168067226890756,201.68067226890753,2591.9999999999995
20.39584814400041,12.872,2.0168067226890756,201.68067226890753,2596.033613445378
20.405931249000787,12.848,2.0168067226890756,201.68067226890753,2591.1932773109243
20.416012558000148,12.876,2.1848739495798317,201.68067226890753,2596.840336134453
20.426093034000587,12.848,2.0168067226890756,201.68067226890753,2591.1932773109243
20.43625919400074,12.876,2.0168067226890756,184.8739495798319,2380.4369747899154
20.446336003000397,12.848,2.0168067226890756,201.68067226890753,2591.1932773109243
20.45641083100054,12.88,2.0168067226890756,201.68067226890753,2597.6470588235293
20.466490881000936,12.844,2.0168067226890756,201.68067226890753,2590.386554621848
20.47657482000068,12.876,2.0168067226890756,201.68067226890753,2596.840336134453
20.486653148000187,12.848,2.0168067226890756,201.68067226890753,2591.1932773109243
20.4967299380005,12.876,2.0168067226890756,201.68067226890753,2596.840336134453
20.506807229001424,12.848,2.0168067226890756,201.68067226890753,2591.1932773109243
20.516883335001694,12.876,2.0168067226890756,201.68067226890753,2596.840336134453
20.526960218001477,12.852,2.0168067226890756,201.68067226890753,2591.9999999999995
20.537101397001607,12.876,2.0168067226890756,184.8739495798319,2380.4369747899154
20.547183373000735,12.848,2.0168067226890756,201.68067226890753,2591.1932773109243
20.55726870000035,12.872,2.0168067226890756,201.68067226890753,2596.033613445378
20.567349732000366,12.848,2.0168067226890756,201.68067226890753,2591.1932773109243
20.57743383700108,12.872,2.1848739495798317,201.68067226890753,2596.033613445378
20.587512961001266,12.848,2.0168067226890756,201.68067226890753,2591.1932773109243
20.597594863000268,12.876,2.0168067226890756,201.68067226890753,2596.840336134453
20.60767635800039,12.848,2.0168067226890756,201.68067226890753,2591.1932773109243
20.61775911100085,12.872,2.0168067226890756,201.68067226890753,2596.033613445378
20.627839773000233,12.848,2.0168067226890756,201.68067226890753,2591.1932773109243
20.637917100000777,12.876,2.0168067226890756,201.68067226890753,2596.840336134453
20.647993669001153,12.848,2.0168067226890756,201.68067226890753,2591.1932773109243
20.658074589000535,12.88,2.0168067226890756,201.68067226890753,2597.6470588235293
20.66815580600087,12.844,2.0168067226890756,201.68067226890753,2590.386554621848
20.678236540999933,12.88,2.0168067226890756,201.68067226890753,2597.6470588235293
20.688317146999907,12.844,2.0168067226890756,201.68067226890753,2590.386554621848
20.69839766000041,12.88,2.0168067226890756,201.68067226890753,2597.6470588235293
20.708478210000976,12.844,2.0168067226890756,201.68067226890753,2590.386554621848
20.71855629700076,12.88,2.0168067226890756,201.68067226890753,2597.6470588235293
20.728633532000458,12.848,2.0168067226890756,201.68067226890753,2591.1932773109243
20.73872049000056,12.876,2.0168067226890756,201.68067226890753,2596.840336134453
20.748797799000386,12.848,2.0168067226890756,201.68067226890753,2591.1932773109243
20.75887112700002,12.872,2.0168067226890756,201.68067226890753,2596.033613445378
20.768943899000078,12.848,2.0168067226890756,201.68067226890753,2591.1932773109243
20.779019986001003,12.872,2.0168067226890756,201.68067226890753,2596.033613445378
20.78909627700159,12.848,2.0168067226890756,201.68067226890753,2591.1932773109243
20.79917267900055,12.876,2.0168067226890756,184.8739495798319,2380.4369747899154
20.809250785001495,12.844,2.0168067226890756,201.68067226890753,2590.386554621848
20.819328020001194,12.88,1.848739495798319,201.68067226890753,2597.6470588235293
20.829400645001442,12.848,2.0168067226890756,201.68067226890753,2591.1932773109243
20.839486250000846,12.876,2.0168067226890756,201.68067226890753,2596.840336134453
20.849569578000228,12.848,1.848739495798319,201.68067226890753,2591.1932773109243
20.859650239000985,12.876,2.0168067226890756,201.68067226890753,2596.840336134453
20.869732956000007,12.844,2.0168067226890756,201.68067226890753,2590.386554621848
20.87981337600104,12.876,2.1848739495798317,201.68067226890753,2596.840336134453
20.889895556001647,12.844,2.0168067226890756,201.68067226890753,2590.386554621848
20.899975809001262,12.88,2.0168067226890756,201.68067226890753,2597.6470588235293
20.910056600001553,12.844,2.0168067226890756,201.68067226890753,2590.386554621848
20.92013411300104,12.88,2.0168067226890756,201.68067226890753,2597.6470588235293
20.93021529300131,12.844,2.0168067226890756,184.8739495798319,2374.5210084033606
20.940303528001095,12.88,2.0168067226890756,201.68067226890753,2597.6470588235293
20.95037698500164,12.848,2.0168067226890756,201.68067226890753,2591.1932773109243
20.960450591001063,12.876,2.0168067226890756,201.68067226890753,2596.840336134453
20.970523438001692,12.848,2.0168067226890756,201.68067226890753,2591.1932773109243
20.980601636001666,12.868,2.0168067226890756,201.68067226890753,2595.226890756302
20.99067827900035,12.848,1.848739495798319,201.68067226890753,2591.1932773109243
21.000753977001295,12.876,2.1848739495798317,201.68067226890753,2596.840336134453
21.01083156400091,12.844,2.0168067226890756,201.68067226890753,2590.386554621848
21.020908762000545,12.88,2.0168067226890756,201.68067226890753,2597.6470588235293
21.03098220100037,12.844,2.0168067226890756,201.68067226890753,2590.386554621848
21.041066677000344,12.88,1.848739495798319,201.68067226890753,2597.6470588235293
21.051143801001672,12.844,2.0168067226890756,201.68067226890753,2590.386554621848
21.061215685000207,12.876,1.848739495798319,201.68067226890753,2596.840336134453
21.071292753000307,12.844,2.0168067226890756,201.68067226890753,2590.386554621848
21.081371859001592,12.876,2.0168067226890756,201.68067226890753,2596.840336134453
21.091447965000043,12.844,2.0168067226890756,201.68067226890753,2590.386554621848
21.10151920000135,12.876,2.0168067226890756,201.68067226890753,2596.840336134453
21.111595102000138,12.844,2.0168067226890756,201.68067226890753,2590.386554621848
21.121666301000005,12.88,2.0168067226890756,201.68067226890753,2597.6470588235293
21.131744054000592,12.844,2.0168067226890756,201.68067226890753,2590.386554621848
21.14182225300101,12.88,2.0168067226890756,201.68067226890753,2597.6470588235293
21.151902913999947,12.844,2.0168067226890756,184.8739495798319,2374.5210084033606
21.16198392700062,12.876,2.0168067226890756,201.68067226890753,2596.840336134453
21.17206451400125,12.844,2.0168067226890756,201.68067226890753,2590.386554621848
21.182145360000504,12.872,2.0168067226890756,201.68067226890753,2596.033613445378
21.19222276200162,12.848,2.0168067226890756,201.68067226890753,2591.1932773109243
21.20230179400096,12.876,2.0168067226890756,201.68067226890753,2596.840336134453
21.212378659000024,12.848,2.0168067226890756,201.68067226890753,2591.1932773109243
21.222456746001626,12.876,2.0168067226890756,201.68067226890753,2596.840336134453
21.2325335000005,12.848,2.0168067226890756,201.68067226890753,2591.1932773109243
21.24262434600132,12.88,2.0168067226890756,201.68067226890753,2597.6470588235293
21.252701600000364,12.844,2.0168067226890756,201.68067226890753,2590.386554621848
21.262777779000317,12.88,2.0168067226890756,201.68067226890753,2597.6470588235293
21.272853626000142,12.84,2.0168067226890756,201.68067226890753,2589.579831932773
21.282925860999967,12.88,2.0168067226890756,201.68067226890753,2597.6470588235293
21.293003522001527,12.84,2.0168067226890756,201.68067226890753,2589.579831932773
21.303076332000273,12.876,2.0168067226890756,201.68067226890753,2596.840336134453
21.313153215000057,12.848,2.0168067226890756,201.68067226890753,2591.1932773109243
21.323226247001003,12.876,2.0168067226890756,201.68067226890753,2596.840336134453
21.333260131001225,12.844,2.0168067226890756,201.68067226890753,2590.386554621848
21.343343903999994,12.88,2.0168067226890756,201.68067226890753,2597.6470588235293
21.35342712000056,12.848,2.0168067226890756,201.68067226890753,2591.1932773109243
21.363507652000408,12.88,2.0168067226890756,184.8739495798319,2381.176470588235
21.37358999800017,12.872,2.0168067226890756,201.68067226890753,2596.033613445378
21.38368145500135,12.896,1.848739495798319,201.68067226890753,2600.873949579832
21.393772820001686,12.864,1.848739495798319,184.8739495798319,2378.2184873949577
21.40385514800073,12.892,1.848739495798319,184.8739495798319,2383.394957983193
21.413938235000387,12.864,1.848739495798319,201.68067226890753,2594.4201680672268
21.42401874800089,12.888,2.0168067226890756,184.8739495798319,2382.6554621848736
21.434099150001202,12.864,1.848739495798319,184.8739495798319,2378.2184873949577
21.444260161000784,12.888,1.848739495798319,184.8739495798319,2382.6554621848736
21.45433697000044,12.864,1.848739495798319,184.8739495798319,2378.2184873949577
21.464413317000435,12.892,1.848739495798319,184.8739495798319,2383.394957983193
21.474485200000345,12.864,2.0168067226890756,201.68067226890753,2594.4201680672268
21.484562195000763,12.892,1.848739495798319,201.68067226890753,2600.0672268907556
21.494638874000884,12.856,2.0168067226890756,184.8739495798319,2376.739495798319
21.50471592500071,12.864,2.0168067226890756,201.68067226890753,2594.4201680672268
21.51478873400083,12.836,2.0168067226890756,201.68067226890753,2588.773109243697
21.524861729001714,12.872,2.0168067226890756,201.68067226890753,2596.033613445378
21.534937853000883,12.848,2.0168067226890756,201.68067226890753,2591.1932773109243
21.545025218001683,12.876,2.0168067226890756,201.68067226890753,2596.840336134453
21.555104194001615,12.848,2.0168067226890756,201.68067226890753,2591.1932773109243
21.565181077001398,12.872,2.0168067226890756,201.68067226890753,2596.033613445378
21.57526188600059,12.848,2.0168067226890756,184.8739495798319,2375.2605042016803
21.5853384180009,12.872,2.0168067226890756,201.68067226890753,2596.033613445378
21.595419135001066,12.848,2.0168067226890756,201.68067226890753,2591.1932773109243
21.605501851001463,12.876,2.0168067226890756,201.68067226890753,2596.840336134453
21.615582679,12.844,2.0168067226890756,201.68067226890753,2590.386554621848
21.625665100000333,12.876,2.0168067226890756,201.68067226890753,2596.840336134453
21.63574566800162,12.844,2.0168067226890756,201.68067226890753,2590.386554621848
21.64583823600151,12.88,2.0168067226890756,201.68067226890753,2597.6470588235293
21.655914749000658,12.848,2.0168067226890756,201.68067226890753,2591.1932773109243
21.6659923920015,12.872,2.0168067226890756,201.68067226890753,2596.033613445378
21.676068739001494,12.844,2.0168067226890756,201.68067226890753,2590.386554621848
21.68614686300134,12.876,2.0168067226890756,201.68067226890753,2596.840336134453
21.69622267200066,12.844,2.0168067226890756,201.68067226890753,2590.386554621848
21.706299907000357,12.88,2.0168067226890756,201.68067226890753,2597.6470588235293
21.71637329100122,12.844,2.0168067226890756,201.68067226890753,2590.386554621848
21.726445823000176,12.88,2.0168067226890756,201.68067226890753,2597.6470588235293
21.73652259500159,12.844,1.848739495798319,201.68067226890753,2590.386554621848
21.74664849600049,12.88,2.0168067226890756,201.68067226890753,2597.6470588235293
21.75673039800131,12.844,2.0168067226890756,201.68067226890753,2590.386554621848
21.76680722600031,12.88,1.848739495798319,201.68067226890753,2597.6470588235293
21.776887794001595,12.848,2.0168067226890756,201.68067226890753,2591.1932773109243
21.786968437001633,12.868,2.0168067226890756,201.68067226890753,2595.226890756302
21.797049542001332,12.848,2.0168067226890756,201.68067226890753,2591.1932773109243
21.807129944001645,12.868,2.0168067226890756,201.68067226890753,2595.226890756302
21.81721047600149,12.848,2.0168067226890756,201.68067226890753,2591.1932773109243
21.82729113700043,12.876,2.0168067226890756,201.68067226890753,2596.840336134453
21.83737424300125,12.844,2.0168067226890756,201.68067226890753,2590.386554621848
21.84746447800171,12.876,2.0168067226890756,201.68067226890753,2596.840336134453
21.8575432130001,12.844,2.0168067226890756,201.68067226890753,2590.386554621848
21.86761931900037,12.88,2.0168067226890756,201.68067226890753,2597.6470588235293
21.87769660900085,12.844,2.0168067226890756,201.68067226890753,2590.386554621848
21.887772734000464,12.876,2.0168067226890756,201.68067226890753,2596.840336134453
21.897851006000565,12.84,2.0168067226890756,201.68067226890753,2589.579831932773
21.90792707500077,12.876,2.0168067226890756,201.68067226890753,2596.840336134453
21.918004884000766,12.844,2.0168067226890756,201.68067226890753,2590.386554621848
21.928081045,12.876,2.0168067226890756,201.68067226890753,2596.840336134453
21.938158743001622,12.84,2.0168067226890756,201.68067226890753,2589.579831932773
21.948273793001135,12.88,2.0168067226890756,201.68067226890753,2597.6470588235293
21.95835534300022,12.844,2.0168067226890756,201.68067226890753,2590.386554621848
21.968432708001274,12.88,2.0168067226890756,201.68067226890753,2597.6470588235293
21.978514406000613,12.844,2.0168067226890756,201.68067226890753,2590.386554621848
21.988590956001644,12.872,2.0168067226890756,201.68067226890753,2596.033613445378
21.99867189500037,12.848,1.848739495798319,184.8739495798319,2375.2605042016803
22.00875216700115,12.876,2.0168067226890756,184.8739495798319,2380.4369747899154
22.018833699001334,12.848,2.0168067226890756,201.68067226890753,2591.1932773109243
22.028910988999996,12.872,2.0168067226890756,201.68067226890753,2596.033613445378
22.038991947001705,12.848,2.0168067226890756,201.68067226890753,2591.1932773109243
22.049086237000665,12.876,2.0168067226890756,201.68067226890753,2596.840336134453
22.0591622130014,12.844,2.0168067226890756,201.68067226890753,2590.386554621848
22.069258856001397,12.876,2.0168067226890756,201.68067226890753,2596.840336134453
22.079331832001117,12.844,2.1848739495798317,201.68067226890753,2590.386554621848
22.089409882000837,12.88,2.0168067226890756,201.68067226890753,2597.6470588235293
22.099485784001445,12.84,2.0168067226890756,201.68067226890753,2589.579831932773
22.109563019001143,12.876,2.0168067226890756,201.68067226890753,2596.840336134453
22.119639014001223,12.848,2.1848739495798317,201.68067226890753,2591.1932773109243
22.12971636000111,12.876,2.0168067226890756,201.68067226890753,2596.840336134453
22.139792503001445,12.848,2.0168067226890756,201.68067226890753,2591.1932773109243
22.149876016001144,12.876,2.0168067226890756,201.68067226890753,2596.840336134453
22.15995647300042,12.848,2.0168067226890756,201.68067226890753,2591.1932773109243
22.17003593100162,12.876,1.848739495798319,201.68067226890753,2596.840336134453
22.180115944000136,12.852,2.0168067226890756,201.68067226890753,2591.9999999999995
22.190193716000067,12.872,2.0168067226890756,201.68067226890753,2596.033613445378
22.200271748000887,12.844,2.0168067226890756,201.68067226890753,2590.386554621848
22.210348668000734,12.872,2.0168067226890756,201.68067226890753,2596.033613445378
22.22042705200147,12.844,2.0168067226890756,201.68067226890753,2590.386554621848
22.230503546001273,12.876,2.0168067226890756,184.8739495798319,2380.4369747899154
22.240580282001247,12.848,2.0168067226890756,201.68067226890753,2591.1932773109243
22.250671220001095,12.876,2.0168067226890756,201.68067226890753,2596.840336134453
22.26074766000056,12.852,2.0168067226890756,201.68067226890753,2591.9999999999995
22.270820728001127,12.876,2.0168067226890756,201.68067226890753,2596.840336134453
22.280896278,12.848,2.0168067226890756,201.68067226890753,2591.1932773109243
22.290974162000566,12.876,2.0168067226890756,201.68067226890753,2596.840336134453
22.301047453000137,12.84,2.0168067226890756,201.68067226890753,2589.579831932773
22.31112024400136,12.88,2.0168067226890756,201.68067226890753,2597.6470588235293
22.321194072001163,12.84,2.0168067226890756,201.68067226890753,2589.579831932773
22.331266974000755,12.88,2.0168067226890756,201.68067226890753,2597.6470588235293
22.341339765000157,12.848,2.0168067226890756,201.68067226890753,2591.1932773109243
22.35142090699992,12.876,2.0168067226890756,184.8739495798319,2380.4369747899154
22.361503365000317,12.848,2.0168067226890756,201.68067226890753,2591.1932773109243
22.37158348900084,12.876,2.0168067226890756,201.68067226890753,2596.840336134453
22.38167463100035,12.848,2.0168067226890756,201.68067226890753,2591.1932773109243
22.39175701500062,12.876,2.0168067226890756,201.68067226890753,2596.840336134453
22.401840991000427,12.852,2.0168067226890756,201.68067226890753,2591.9999999999995
22.41192211500129,12.872,2.0168067226890756,184.8739495798319,2379.697478991596
22.42200314600086,12.848,2.0168067226890756,201.68067226890753,2591.1932773109243
22.432084178000878,12.876,2.0168067226890756,201.68067226890753,2596.840336134453
22.44216498700007,12.844,2.0168067226890756,201.68067226890753,2590.386554621848
22.45232636900073,12.876,2.0168067226890756,201.68067226890753,2596.840336134453
22.462403382000048,12.852,2.0168067226890756,201.68067226890753,2591.9999999999995
22.47248065400163,12.876,2.0168067226890756,201.68067226890753,2596.840336134453
22.482558389001497,12.852,2.0168067226890756,201.68067226890753,2591.9999999999995
22.492634662001365,12.876,2.0168067226890756,201.68067226890753,2596.840336134453
22.50271267500102,12.848,2.0168067226890756,201.68067226890753,2591.1932773109243
22.512786725001206,12.876,2.0168067226890756,201.68067226890753,2596.840336134453
22.522859960999995,12.84,2.1848739495798317,201.68067226890753,2589.579831932773
22.53293567700166,12.876,2.0168067226890756,201.68067226890753,2596.840336134453
22.543011802001274,12.844,2.0168067226890756,201.68067226890753,2590.386554621848
22.553097852000064,12.876,2.0168067226890756,184.8739495798319,2380.4369747899154
22.563175439001498,12.844,2.0168067226890756,201.68067226890753,2590.386554621848
22.573258841001007,12.876,1.848739495798319,201.68067226890753,2596.840336134453
22.583336613000938,12.848,2.0168067226890756,201.68067226890753,2591.1932773109243
22.5934138850007,12.872,2.0168067226890756,201.68067226890753,2596.033613445378
22.603489972001626,12.852,2.0168067226890756,201.68067226890753,2591.9999999999995
22.61357207800029,12.868,2.0168067226890756,201.68067226890753,2595.226890756302
22.623652091000622,12.852,2.0168067226890756,201.68067226890753,2591.9999999999995
22.633734048000406,12.872,2.0168067226890756,201.68067226890753,2596.033613445378
22.643813579999915,12.852,2.0168067226890756,201.68067226890753,2591.9999999999995
22.653904426000736,12.876,2.0168067226890756,201.68067226890753,2596.840336134453
22.663980236000498,12.848,2.0168067226890756,184.8739495798319,2375.2605042016803
22.67405700800009,12.876,1.848739495798319,201.68067226890753,2596.840336134453
22.684131280000656,12.852,2.0168067226890756,201.68067226890753,2591.9999999999995
22.69420409000122,12.876,2.0168067226890756,201.68067226890753,2596.840336134453
22.704280566000307,12.848,2.0168067226890756,201.68067226890753,2591.1932773109243
22.71435806000045,12.876,2.0168067226890756,201.68067226890753,2596.840336134453
22.724432517999958,12.848,2.1848739495798317,201.68067226890753,2591.1932773109243
22.734508902000016,12.876,2.0168067226890756,201.68067226890753,2596.840336134453
22.74458582200168,12.848,2.0168067226890756,201.68067226890753,2591.1932773109243
22.754706408000857,12.876,2.0168067226890756,184.8739495798319,2380.4369747899154
22.764786606001508,12.852,2.0168067226890756,201.68067226890753,2591.9999999999995
22.77486617500108,12.876,2.0168067226890756,201.68067226890753,2596.840336134453
22.784946132000186,12.848,2.0168067226890756,201.68067226890753,2591.1932773109243
22.795025849000012,12.876,2.0168067226890756,201.68067226890753,2596.840336134453
22.80510578800022,12.848,2.0168067226890756,201.68067226890753,2591.1932773109243
22.815186283000003,12.868,2.0168067226890756,201.68067226890753,2595.226890756302
22.825268962000337,12.852,2.1848739495798317,201.68067226890753,2591.9999999999995
22.835349494000184,12.872,2.0168067226890756,201.68067226890753,2596.033613445378
22.84542639600113,12.856,2.0168067226890756,184.8739495798319,2376.739495798319
22.855516779000027,12.868,2.0168067226890756,201.68067226890753,2595.226890756302
22.865594200000487,12.852,2.0168067226890756,201.68067226890753,2591.9999999999995
22.875670453000566,12.872,2.0168067226890756,201.68067226890753,2596.033613445378
22.885747596001238,12.852,2.0168067226890756,201.68067226890753,2591.9999999999995
22.895820924000873,12.876,2.0168067226890756,201.68067226890753,2596.840336134453
22.905898011000318,12.844,2.0168067226890756,201.68067226890753,2590.386554621848
22.91597415400065,12.876,2.0168067226890756,201.68067226890753,2596.840336134453
22.92605229700166,12.844,2.0168067226890756,201.68067226890753,2590.386554621848
22.93612931000098,12.876,2.0168067226890756,201.68067226890753,2596.840336134453
22.946201582000867,12.848,2.0168067226890756,201.68067226890753,2591.1932773109243
22.956331131001207,12.872,2.0168067226890756,201.68067226890753,2596.033613445378
22.966412681000293,12.852,2.1848739495798317,201.68067226890753,2591.9999999999995
22.97649334200105,12.872,2.0168067226890756,201.68067226890753,2596.033613445378
22.986573726000643,12.856,2.0168067226890756,201.68067226890753,2592.8067226890753
22.99665427600121,12.876,2.0168067226890756,218.48739495798318,2813.243697478991
23.00673082600042,12.848,2.0168067226890756,184.8739495798319,2375.2605042016803
23.01681091300088,12.868,2.0168067226890756,201.68067226890753,2595.226890756302
23.026887834001172,12.848,2.0168067226890756,201.68067226890753,2591.1932773109243
23.036964310000258,12.872,2.0168067226890756,201.68067226890753,2596.033613445378
23.047050062999915,12.852,2.0168067226890756,218.48739495798318,2808.0
23.05719476000013,12.872,2.0168067226890756,201.68067226890753,2596.033613445378
23.067271866000738,12.852,2.0168067226890756,201.68067226890753,2591.9999999999995
23.077349712000796,12.868,2.0168067226890756,201.68067226890753,2595.226890756302
23.087425670000812,12.856,2.0168067226890756,201.68067226890753,2592.8067226890753
23.097503090000828,12.872,2.0168067226890756,201.68067226890753,2596.033613445378
23.10757536300116,12.852,2.0168067226890756,201.68067226890753,2591.9999999999995
23.117653172001155,12.876,2.0168067226890756,201.68067226890753,2596.840336134453
23.127728945000854,12.844,2.0168067226890756,201.68067226890753,2590.386554621848
23.137806124001145,12.904,1.848739495798319,184.8739495798319,2385.613445378151
23.14788339700135,12.872,1.848739495798319,184.8739495798319,2379.697478991596
23.157969502000924,12.892,1.848739495798319,184.8739495798319,2383.394957983193
23.16804620000039,12.864,1.848739495798319,201.68067226890753,2594.4201680672268
23.178126825001527,12.888,2.0168067226890756,184.8739495798319,2382.6554621848736
23.18820493000021,12.864,2.0168067226890756,184.8739495798319,2378.2184873949577
23.198285258000396,12.888,1.848739495798319,184.8739495798319,2382.6554621848736
23.208362753000984,12.868,2.0168067226890756,184.8739495798319,2378.957983193277
23.21844087700083,12.884,2.0168067226890756,201.68067226890753,2598.4537815126046
23.228517778999958,12.864,1.848739495798319,201.68067226890753,2594.4201680672268
23.238594255000862,12.888,2.0168067226890756,184.8739495798319,2382.6554621848736
23.24867126800018,12.86,2.0168067226890756,184.8739495798319,2377.478991596638
23.2587634850006,12.892,1.848739495798319,201.68067226890753,2600.0672268907556
23.268835072,12.832,2.0168067226890756,201.68067226890753,2587.9663865546217
23.278911437000716,12.868,2.0168067226890756,201.68067226890753,2595.226890756302
23.288987969001028,12.848,2.0168067226890756,218.48739495798318,2807.126050420168
23.299062778000007,12.876,2.0168067226890756,201.68067226890753,2596.840336134453
23.30913869899996,12.852,2.0168067226890756,201.68067226890753,2591.9999999999995
23.31921669300027,12.876,2.0168067226890756,201.68067226890753,2596.840336134453
23.32925770700058,12.844,2.0168067226890756,201.68067226890753,2590.386554621848
23.339334183001483,12.88,1.848739495798319,201.68067226890753,2597.6470588235293
23.349412363000738,12.844,2.0168067226890756,201.68067226890753,2590.386554621848
23.35949763500139,12.88,2.0168067226890756,201.68067226890753,2597.6470588235293
23.369580352000412,12.844,2.0168067226890756,201.68067226890753,2590.386554621848
23.37968269800149,12.876,2.0168067226890756,201.68067226890753,2596.840336134453
23.389770655001485,12.848,2.0168067226890756,201.68067226890753,2591.1932773109243
23.39985446400169,12.876,2.0168067226890756,201.68067226890753,2596.840336134453
23.40993573600099,12.852,2.0168067226890756,201.68067226890753,2591.9999999999995
23.420016453001153,12.872,2.0168067226890756,201.68067226890753,2596.033613445378
23.43009374400026,12.852,2.0168067226890756,201.68067226890753,2591.9999999999995
23.440175998000996,12.868,2.1848739495798317,201.68067226890753,2595.226890756302
23.450255177000145,12.852,2.0168067226890756,201.68067226890753,2591.9999999999995
23.46041293000053,12.872,2.0168067226890756,201.68067226890753,2596.033613445378
23.470485832000122,12.848,2.0168067226890756,201.68067226890753,2591.1932773109243
23.480559400000857,12.876,2.0168067226890756,201.68067226890753,2596.840336134453
23.490634062000026,12.844,2.0168067226890756,201.68067226890753,2590.386554621848
23.500707316001353,12.872,2.0168067226890756,201.68067226890753,2596.033613445378
23.510782347000713,12.848,2.0168067226890756,201.68067226890753,2591.1932773109243
23.520854953001617,12.876,2.0168067226890756,201.68067226890753,2596.840336134453
23.5309291700014,12.844,2.0168067226890756,201.68067226890753,2590.386554621848
23.54100192400074,12.872,2.0168067226890756,201.68067226890753,2596.033613445378
23.551077900001474,12.848,2.0168067226890756,201.68067226890753,2591.1932773109243
23.561159802000475,12.876,2.0168067226890756,201.68067226890753,2596.840336134453
23.571236297000723,12.848,2.0168067226890756,201.68067226890753,2591.1932773109243
23.58131016200059,12.876,2.0168067226890756,201.68067226890753,2596.840336134453
23.5913836560012,12.844,2.0168067226890756,201.68067226890753,2590.386554621848
23.6014566140002,12.876,2.0168067226890756,201.68067226890753,2596.840336134453
23.61152958999992,12.848,2.0168067226890756,201.68067226890753,2591.1932773109243
23.621608696001203,12.876,2.0168067226890756,201.68067226890753,2596.840336134453
23.631684820000373,12.852,2.0168067226890756,201.68067226890753,2591.9999999999995
23.641762389001087,12.868,2.1848739495798317,184.8739495798319,2378.957983193277
23.65183823500047,12.852,2.0168067226890756,201.68067226890753,2591.9999999999995
23.661962562000554,12.872,2.0168067226890756,201.68067226890753,2596.033613445378
23.672042464000697,12.852,2.0168067226890756,201.68067226890753,2591.9999999999995
23.682121958001517,12.872,2.0168067226890756,201.68067226890753,2596.033613445378
23.69220204500016,12.852,2.0168067226890756,218.48739495798318,2808.0
23.702281355001105,12.872,2.0168067226890756,201.68067226890753,2596.033613445378
23.71236170100019,12.848,2.0168067226890756,201.68067226890753,2591.1932773109243
23.722439492001286,12.876,2.0168067226890756,201.68067226890753,2596.840336134453
23.732515876001344,12.844,2.0168067226890756,201.68067226890753,2590.386554621848
23.74259616600102,12.876,2.0168067226890756,201.68067226890753,2596.840336134453
23.752676568001334,12.844,2.0168067226890756,184.8739495798319,2374.5210084033606
23.76276772900019,12.876,1.848739495798319,201.68067226890753,2596.840336134453
23.772843520000606,12.852,2.0168067226890756,201.68067226890753,2591.9999999999995
23.782920422001553,12.872,2.0168067226890756,201.68067226890753,2596.033613445378
23.792996454001695,12.852,2.0168067226890756,201.68067226890753,2591.9999999999995
23.80307220800023,12.872,2.0168067226890756,201.68067226890753,2596.033613445378
23.81314794300124,12.848,2.0168067226890756,201.68067226890753,2591.1932773109243
23.823224012001447,12.872,2.0168067226890756,201.68067226890753,2596.033613445378
23.833303377001357,12.848,2.0168067226890756,201.68067226890753,2591.1932773109243
23.843379167999956,12.868,2.0168067226890756,201.68067226890753,2595.226890756302
23.85345516200141,12.848,2.0168067226890756,201.68067226890753,2591.1932773109243
23.863579434000712,12.872,2.0168067226890756,201.68067226890753,2596.033613445378
23.87365596500058,12.848,2.0168067226890756,201.68067226890753,2591.1932773109243
23.883732201000385,12.872,2.0168067226890756,201.68067226890753,2596.033613445378
23.893813658,12.852,2.0168067226890756,201.68067226890753,2591.9999999999995
23.903893930000777,12.868,2.0168067226890756,201.68067226890753,2595.226890756302
23.91397399900052,12.856,2.0168067226890756,201.68067226890753,2592.8067226890753
23.92405419700117,12.872,2.0168067226890756,201.68067226890753,2596.033613445378
23.934130895000635,12.852,2.0168067226890756,201.68067226890753,2591.9999999999995
23.94421383400004,12.876,2.0168067226890756,201.68067226890753,2596.840336134453
23.95429521799997,12.84,2.0168067226890756,201.68067226890753,2589.579831932773
23.964387379000982,12.876,2.0168067226890756,201.68067226890753,2596.840336134453
23.974464540000554,12.848,2.0168067226890756,201.68067226890753,2591.1932773109243
23.984540794001077,12.872,2.0168067226890756,201.68067226890753,2596.033613445378
23.994617251000818,12.852,2.0168067226890756,201.68067226890753,2591.9999999999995
24.004693968001448,12.872,2.0168067226890756,201.68067226890753,2596.033613445378
24.014770925999983,12.856,2.0168067226890756,201.68067226890753,2592.8067226890753
24.024843606001014,12.872,2.0168067226890756,201.68067226890753,2596.033613445378
24.034915637001177,12.848,2.0168067226890756,201.68067226890753,2591.1932773109243
24.044992095001362,12.868,2.0168067226890756,201.68067226890753,2595.226890756302
24.05507066300015,12.848,2.0168067226890756,184.8739495798319,2375.2605042016803
24.06515647300148,12.872,2.0168067226890756,201.68067226890753,2596.033613445378
24.075232652001432,12.848,2.0168067226890756,201.68067226890753,2591.1932773109243
24.085311443001046,12.872,2.0168067226890756,201.68067226890753,2596.033613445378
24.095387123001274,12.852,2.0168067226890756,184.8739495798319,2375.9999999999995
24.105464766000296,12.896,2.0168067226890756,184.8739495798319,2384.1344537815125
24.11554085300122,12.88,1.848739495798319,184.8739495798319,2381.176470588235
24.12561816300149,12.888,2.0168067226890756,184.8739495798319,2382.6554621848736
24.135695639000915,12.86,2.0168067226890756,184.8739495798319,2377.478991596638
24.14577150400146,12.888,1.848739495798319,184.8739495798319,2382.6554621848736
24.155845869001496,12.856,2.0168067226890756,184.8739495798319,2376.739495798319
24.165919752000264,12.892,2.0168067226890756,184.8739495798319,2383.394957983193
24.176000598999963,12.856,2.0168067226890756,201.68067226890753,2592.8067226890753
24.18607905600038,12.892,1.848739495798319,184.8739495798319,2383.394957983193
24.19615786600116,12.86,1.848739495798319,184.8739495798319,2377.478991596638
24.20626311900014,12.892,2.0168067226890756,201.68067226890753,2600.0672268907556
24.216346465000242,12.864,1.848739495798319,201.68067226890753,2594.4201680672268
24.226428293000936,12.888,1.848739495798319,201.68067226890753,2599.2605042016803
24.236508973001037,12.836,2.0168067226890756,201.68067226890753,2588.773109243697
24.246590189000926,12.864,2.0168067226890756,201.68067226890753,2594.4201680672268
24.256667906000075,12.852,2.0168067226890756,201.68067226890753,2591.9999999999995
24.266760123000495,12.872,2.0168067226890756,201.68067226890753,2596.033613445378
24.276836802000616,12.848,2.0168067226890756,201.68067226890753,2591.1932773109243
24.286913241001457,12.876,2.0168067226890756,201.68067226890753,2596.840336134453
24.296989829001177,12.848,2.0168067226890756,201.68067226890753,2591.1932773109243
24.307066564000706,12.876,2.0168067226890756,201.68067226890753,2596.840336134453
24.31714272499994,12.848,2.0168067226890756,184.8739495798319,2375.2605042016803
24.32722016400112,12.876,2.0168067226890756,201.68067226890753,2596.840336134453
24.33729941800084,12.844,2.0168067226890756,201.68067226890753,2590.386554621848
24.347376098001405,12.872,2.0168067226890756,201.68067226890753,2596.033613445378
24.3574539070014,12.844,2.0168067226890756,201.68067226890753,2590.386554621848
24.367538920001607,12.876,2.0168067226890756,201.68067226890753,2596.840336134453
24.377621989000545,12.852,2.0168067226890756,201.68067226890753,2591.9999999999995
24.38770713100166,12.876,2.0168067226890756,201.68067226890753,2596.840336134453
24.397794533000706,12.852,2.0168067226890756,201.68067226890753,2591.9999999999995
24.407877250001548,12.876,2.0168067226890756,201.68067226890753,2596.840336134453
24.417959448001056,12.848,2.0168067226890756,201.68067226890753,2591.1932773109243
24.428039091000755,12.876,2.0168067226890756,201.68067226890753,2596.840336134453
24.438122604000455,12.848,2.0168067226890756,201.68067226890753,2591.1932773109243
24.448200080001698,12.868,2.0168067226890756,201.68067226890753,2595.226890756302
24.458281852001164,12.852,2.0168067226890756,201.68067226890753,2591.9999999999995
24.468449530000726,12.876,2.0168067226890756,201.68067226890753,2596.840336134453
24.4785260990011,12.852,2.0168067226890756,201.68067226890753,2591.9999999999995
24.488602463999996,12.872,2.0168067226890756,201.68067226890753,2596.033613445378
24.498678292000477,12.852,2.0168067226890756,201.68067226890753,2591.9999999999995
24.508754545000556,12.876,2.0168067226890756,184.8739495798319,2380.4369747899154
24.518830836001143,12.848,2.0168067226890756,201.68067226890753,2591.1932773109243
24.528906313000334,12.876,2.0168067226890756,201.68067226890753,2596.840336134453
24.538982455000223,12.844,2.0168067226890756,201.68067226890753,2590.386554621848
24.54905437600064,12.876,2.0168067226890756,201.68067226890753,2596.840336134453
24.559130074001587,12.844,2.0168067226890756,201.68067226890753,2590.386554621848
24.56921371700082,12.876,2.0168067226890756,201.68067226890753,2596.840336134453
24.57929611899999,12.848,2.0168067226890756,201.68067226890753,2591.1932773109243
24.589373391001573,12.872,2.0168067226890756,201.68067226890753,2596.033613445378
24.59945366300053,12.852,2.0168067226890756,201.68067226890753,2591.9999999999995
24.609530214000188,12.872,2.0168067226890756,201.68067226890753,2596.033613445378
24.619610560001092,12.856,2.0168067226890756,201.68067226890753,2592.8067226890753
24.629692387999967,12.876,2.0168067226890756,201.68067226890753,2596.840336134453
24.63977241900102,12.856,2.0168067226890756,201.68067226890753,2592.8067226890753
24.649854247001713,12.872,2.0168067226890756,201.68067226890753,2596.033613445378
24.659931483000037,12.848,2.0168067226890756,201.68067226890753,2591.1932773109243
24.670011273001364,12.876,2.0168067226890756,201.68067226890753,2596.840336134453
24.680087268001444,12.852,2.0168067226890756,201.68067226890753,2591.9999999999995
24.69016476300021,12.872,2.0168067226890756,201.68067226890753,2596.033613445378
24.700243739000143,12.852,2.0168067226890756,184.8739495798319,2375.9999999999995
24.710320918000434,12.868,2.0168067226890756,184.8739495798319,2378.957983193277
24.720399857000302,12.852,2.0168067226890756,201.68067226890753,2591.9999999999995
24.730473760000677,12.872,2.0168067226890756,201.68067226890753,2596.033613445378
24.740546106000693,12.848,2.0168067226890756,201.68067226890753,2591.1932773109243
24.750619082000412,12.876,2.0168067226890756,201.68067226890753,2596.840336134453
24.76069574400026,12.844,2.0168067226890756,201.68067226890753,2590.386554621848
24.770782682000572,12.876,2.0168067226890756,201.68067226890753,2596.840336134453
24.780858807000186,12.848,2.0168067226890756,201.68067226890753,2591.1932773109243
24.790932190000603,12.876,2.0168067226890756,201.68067226890753,2596.840336134453
24.80100511100136,12.852,2.0168067226890756,201.68067226890753,2591.9999999999995
24.811081587000444,12.872,2.0168067226890756,201.68067226890753,2596.033613445378
24.821158822000143,12.856,2.0168067226890756,201.68067226890753,2592.8067226890753
24.831232039001407,12.872,2.0168067226890756,201.68067226890753,2596.033613445378
24.841310052001063,12.856,2.0168067226890756,201.68067226890753,2592.8067226890753
24.85138610300055,12.868,2.0168067226890756,201.68067226890753,2595.226890756302
24.86146439300137,12.848,2.0168067226890756,201.68067226890753,2591.1932773109243
24.871593739000673,12.868,2.0168067226890756,201.68067226890753,2595.226890756302
24.88167673300086,12.848,2.0168067226890756,201.68067226890753,2591.1932773109243
24.891757098001108,12.872,2.0168067226890756,201.68067226890753,2596.033613445378
24.90183922200049,12.852,2.0168067226890756,201.68067226890753,2591.9999999999995
24.911919846001183,12.9,2.0168067226890756,201.68067226890753,2601.680672268907
24.922000508000565,12.876,2.0168067226890756,184.8739495798319,2380.4369747899154
24.932082206001724,12.892,2.0168067226890756,184.8739495798319,2383.394957983193
24.942158367000957,12.868,2.0168067226890756,201.68067226890753,2595.226890756302
24.952239325000846,12.884,1.848739495798319,184.8739495798319,2381.9159663865544
24.962320134000038,12.86,2.0168067226890756,184.8739495798319,2377.478991596638
24.972409943000457,12.888,1.848739495798319,184.8739495798319,2382.6554621848736
24.982485752001594,12.86,1.848739495798319,184.8739495798319,2377.478991596638
24.992562340001314,12.892,2.0168067226890756,184.8739495798319,2383.394957983193
25.00263863100008,12.86,2.0168067226890756,201.68067226890753,2593.6134453781506
25.01271525500124,12.892,1.848739495798319,184.8739495798319,2383.394957983193
25.022789824000938,12.864,1.848739495798319,201.68067226890753,2594.4201680672268
25.03286335500161,12.892,2.0168067226890756,201.68067226890753,2600.0672268907556
25.042935887000567,12.836,2.0168067226890756,201.68067226890753,2588.773109243697
25.053012678001323,12.868,2.0168067226890756,201.68067226890753,2595.226890756302
25.063092098000197,12.852,2.0168067226890756,218.48739495798318,2808.0
25.07317757400051,12.868,2.0168067226890756,184.8739495798319,2378.957983193277
25.08325843900093,12.852,2.0168067226890756,201.68067226890753,2591.9999999999995
25.093339878001643,12.872,2.0168067226890756,201.68067226890753,2596.033613445378
25.10341816900109,12.852,2.0168067226890756,201.68067226890753,2591.9999999999995
25.113500756000576,12.876,2.0168067226890756,201.68067226890753,2596.840336134453
25.123581195000952,12.848,2.0168067226890756,201.68067226890753,2591.1932773109243
25.133662616000947,12.876,2.0168067226890756,201.68067226890753,2596.840336134453
25.14374275800037,12.848,2.0168067226890756,201.68067226890753,2591.1932773109243
25.15381886400064,12.876,2.0168067226890756,201.68067226890753,2596.840336134453
25.16389961800087,12.844,2.0168067226890756,201.68067226890753,2590.386554621848
25.173976205000145,12.876,2.0168067226890756,201.68067226890753,2596.840336134453
25.18405305200031,12.848,2.0168067226890756,201.68067226890753,2591.1932773109243
25.194126509000853,12.876,2.0168067226890756,201.68067226890753,2596.840336134453
25.204200004000086,12.844,2.0168067226890756,201.68067226890753,2590.386554621848
25.21427294300156,12.876,2.0168067226890756,201.68067226890753,2596.840336134453
25.22434601200075,12.848,2.0168067226890756,201.68067226890753,2591.1932773109243
25.234420766000767,12.876,2.0168067226890756,201.68067226890753,2596.840336134453
25.244494131000465,12.852,2.0168067226890756,218.48739495798318,2808.0
25.25456807000046,12.88,2.0168067226890756,201.68067226890753,2597.6470588235293
25.264640991001215,12.852,2.0168067226890756,201.68067226890753,2591.9999999999995
25.274725504001253,12.868,2.0168067226890756,201.68067226890753,2595.226890756302
25.284797035001247,12.852,2.0168067226890756,201.68067226890753,2591.9999999999995
25.29487354900084,12.872,2.0168067226890756,218.48739495798318,2812.3697478991594
25.304950043000645,12.848,2.0168067226890756,184.8739495798319,2375.2605042016803
25.31502520400136,12.872,2.0168067226890756,201.68067226890753,2596.033613445378
25.3250989950011,12.848,2.0168067226890756,201.68067226890753,2591.1932773109243
25.3351719350012,12.876,2.0168067226890756,201.68067226890753,2596.840336134453
25.345253114001025,12.848,2.0168067226890756,218.48739495798318,2807.126050420168
25.35532559100102,12.876,1.848739495798319,201.68067226890753,2596.840336134453
25.3654040850015,12.848,2.0168067226890756,201.68067226890753,2591.1932773109243
25.37548667200099,12.876,2.0168067226890756,201.68067226890753,2596.840336134453
25.38557657400088,12.848,2.0168067226890756,201.68067226890753,2591.1932773109243
25.395665457001087,12.872,1.848739495798319,201.68067226890753,2596.033613445378
25.405747822000194,12.852,1.848739495798319,201.68067226890753,2591.9999999999995
25.415828428000168,12.872,2.0168067226890756,201.68067226890753,2596.033613445378
25.425910496000142,12.852,2.0168067226890756,201.68067226890753,2591.9999999999995
25.43599123200147,12.876,2.0168067226890756,201.68067226890753,2596.840336134453
25.44607326300138,12.848,2.0168067226890756,201.68067226890753,2591.1932773109243
25.45615411000108,12.872,2.0168067226890756,201.68067226890753,2596.033613445378
25.46623443700082,12.848,2.0168067226890756,201.68067226890753,2591.1932773109243
25.47639344900017,12.872,2.0168067226890756,184.8739495798319,2379.697478991596
25.486469553999996,12.848,2.0168067226890756,201.68067226890753,2591.1932773109243
25.49654601200018,12.872,2.0168067226890756,201.68067226890753,2596.033613445378
25.506622581000556,12.852,2.0168067226890756,201.68067226890753,2591.9999999999995
25.516698909001207,12.872,2.0168067226890756,201.68067226890753,2596.033613445378
25.52677497700097,12.852,2.0168067226890756,201.68067226890753,2591.9999999999995
25.53685119400143,12.872,2.0168067226890756,201.68067226890753,2596.033613445378
25.546927948000302,12.852,2.0168067226890756,201.68067226890753,2591.9999999999995
25.557004202000826,12.876,2.0168067226890756,201.68067226890753,2596.840336134453
25.567076789000566,12.844,2.0168067226890756,218.48739495798318,2806.252100840336
25.577162562000012,12.876,2.0168067226890756,201.68067226890753,2596.840336134453
25.58723959300005,12.84,2.0168067226890756,201.68067226890753,2589.579831932773
25.59731944000123,12.876,2.0168067226890756,201.68067226890753,2596.840336134453
25.607400397000674,12.848,2.0168067226890756,201.68067226890753,2591.1932773109243
25.61747668800126,12.872,2.0168067226890756,201.68067226890753,2596.033613445378
25.62755777500024,12.852,2.0168067226890756,201.68067226890753,2591.9999999999995
25.637635566001336,12.872,2.0168067226890756,201.68067226890753,2596.033613445378
25.6477124130015,12.856,2.0168067226890756,201.68067226890753,2592.8067226890753
25.657788833001177,12.876,2.0168067226890756,201.68067226890753,2596.840336134453
25.667871476000073,12.856,2.0168067226890756,201.68067226890753,2592.8067226890753
25.677948193000702,12.868,2.0168067226890756,218.48739495798318,2811.4957983193276
25.688025021001522,12.848,2.0168067226890756,201.68067226890753,2591.1932773109243
25.69810305200008,12.872,2.0168067226890756,201.68067226890753,2596.033613445378
25.708179139001004,12.852,2.0168067226890756,201.68067226890753,2591.9999999999995
25.718256690001,12.872,2.0168067226890756,184.8739495798319,2379.697478991596
25.728329573001247,12.856,2.0168067226890756,201.68067226890753,2592.8067226890753
25.73840592000124,12.868,2.0168067226890756,201.68067226890753,2595.226890756302
25.748482155000602,12.856,2.0168067226890756,201.68067226890753,2592.8067226890753
25.758558187000745,12.872,2.0168067226890756,201.68067226890753,2596.033613445378
25.76863477400002,12.852,2.0168067226890756,201.68067226890753,2591.9999999999995
25.778719361000185,12.876,2.0168067226890756,201.68067226890753,2596.840336134453
25.788799985000878,12.852,2.0168067226890756,201.68067226890753,2591.9999999999995
25.79888038700119,12.872,2.0168067226890756,201.68067226890753,2596.033613445378
25.80896136299998,12.848,2.0168067226890756,201.68067226890753,2591.1932773109243
25.819041673001266,12.872,2.0168067226890756,201.68067226890753,2596.033613445378
25.82912209300048,12.848,2.0168067226890756,201.68067226890753,2591.1932773109243
25.83920288400077,12.872,2.0168067226890756,201.68067226890753,2596.033613445378
25.849285267000596,12.852,2.0168067226890756,184.8739495798319,2375.9999999999995
25.859365725000316,12.872,2.0168067226890756,201.68067226890753,2596.033613445378
25.869448867000756,12.856,2.0168067226890756,201.68067226890753,2592.8067226890753
25.879538214001514,12.864,2.0168067226890756,184.8739495798319,2378.2184873949577
25.88961683800153,12.852,2.0168067226890756,201.68067226890753,2591.9999999999995
25.899693240000488,12.868,2.0168067226890756,201.68067226890753,2595.226890756302
25.909769327001413,12.852,1.848739495798319,201.68067226890753,2591.9999999999995
25.919846748000055,12.868,2.0168067226890756,201.68067226890753,2595.226890756302
25.929925187001572,12.852,2.0168067226890756,201.68067226890753,2591.9999999999995
25.940001644001313,12.868,2.1848739495798317,201.68067226890753,2595.226890756302
25.950079472000652,12.856,2.0168067226890756,201.68067226890753,2592.8067226890753
25.96015624500069,12.872,2.0168067226890756,201.68067226890753,2596.033613445378
25.97023381300096,12.856,2.0168067226890756,201.68067226890753,2592.8067226890753
25.980320641001526,12.868,2.0168067226890756,201.68067226890753,2595.226890756302
25.99040330200114,12.852,2.0168067226890756,201.68067226890753,2591.9999999999995
26.000484630001665,12.868,2.0168067226890756,201.68067226890753,2595.226890756302
26.010565199001576,12.86,2.0168067226890756,201.68067226890753,2593.6134453781506
26.020646786000725,12.872,2.0168067226890756,201.68067226890753,2596.033613445378
26.030728002000615,12.852,2.0168067226890756,201.68067226890753,2591.9999999999995
26.04081351500099,12.872,2.0168067226890756,201.68067226890753,2596.033613445378
26.05089464000048,12.852,2.0168067226890756,201.68067226890753,2591.9999999999995
26.060975801001405,12.868,2.0168067226890756,201.68067226890753,2595.226890756302
26.07106001700049,12.856,2.0168067226890756,201.68067226890753,2592.8067226890753
26.08114897500127,12.86,1.848739495798319,201.68067226890753,2593.6134453781506
26.09122641400063,12.86,2.0168067226890756,201.68067226890753,2593.6134453781506
26.101303483001175,12.86,2.0168067226890756,201.68067226890753,2593.6134453781506
26.11138045900043,12.86,2.0168067226890756,201.68067226890753,2593.6134453781506
26.121458768000593,12.864,2.0168067226890756,201.68067226890753,2594.4201680672268
26.131535391999932,12.852,2.0168067226890756,201.68067226890753,2591.9999999999995
26.141613405001408,12.868,2.0168067226890756,201.68067226890753,2595.226890756302
26.151695881000705,12.852,2.0168067226890756,201.68067226890753,2591.9999999999995
26.161772061001102,12.868,2.0168067226890756,201.68067226890753,2595.226890756302
26.171848388999933,12.856,2.0168067226890756,201.68067226890753,2592.8067226890753
26.181934328000352,12.872,2.0168067226890756,201.68067226890753,2596.033613445378
26.19201487800092,12.852,2.0168067226890756,201.68067226890753,2591.9999999999995
26.20209496500138,12.868,2.0168067226890756,201.68067226890753,2595.226890756302
26.212175349000972,12.86,2.0168067226890756,201.68067226890753,2593.6134453781506
26.222256455001116,12.868,2.0168067226890756,201.68067226890753,2595.226890756302
26.232335745000455,12.86,2.0168067226890756,201.68067226890753,2593.6134453781506
26.242411666000407,12.864,2.0168067226890756,201.68067226890753,2594.4201680672268
26.252491716000804,12.86,2.0168067226890756,201.68067226890753,2593.6134453781506
26.262572896001075,12.864,2.0168067226890756,201.68067226890753,2594.4201680672268
26.272653483001704,12.856,2.0168067226890756,201.68067226890753,2592.8067226890753
26.282744811000157,12.86,1.848739495798319,201.68067226890753,2593.6134453781506
26.2928210830014,12.856,2.0168067226890756,201.68067226890753,2592.8067226890753
26.302897374000167,12.864,2.0168067226890756,184.8739495798319,2378.2184873949577
26.3129736840001,12.86,2.0168067226890756,201.68067226890753,2593.6134453781506
26.32304975200168,12.864,2.0168067226890756,201.68067226890753,2594.4201680672268
26.333125914001357,12.864,2.0168067226890756,201.68067226890753,2594.4201680672268
26.34320157500042,12.864,2.0168067226890756,201.68067226890753,2594.4201680672268
26.353277347001494,12.86,2.0168067226890756,201.68067226890753,2593.6134453781506
26.36335369400149,12.864,2.0168067226890756,201.68067226890753,2594.4201680672268
26.373431559000892,12.856,2.0168067226890756,201.68067226890753,2592.8067226890753
26.383606551000412,12.864,2.0168067226890756,201.68067226890753,2594.4201680672268
26.393689563999942,12.852,2.0168067226890756,201.68067226890753,2591.9999999999995
26.40376811400165,12.868,2.0168067226890756,201.68067226890753,2595.226890756302
26.41385342400099,12.852,2.0168067226890756,201.68067226890753,2591.9999999999995
26.42393451099997,12.864,2.0168067226890756,201.68067226890753,2594.4201680672268
26.43401580200043,12.86,2.0168067226890756,201.68067226890753,2593.6134453781506
26.444097444000363,12.864,1.848739495798319,201.68067226890753,2594.4201680672268
26.4541768650015,12.86,2.0168067226890756,201.68067226890753,2593.6134453781506
26.46425310000086,12.864,2.0168067226890756,201.68067226890753,2594.4201680672268
26.47433548400113,12.864,2.0168067226890756,201.68067226890753,2594.4201680672268
26.484482292000393,12.86,2.0168067226890756,201.68067226890753,2593.6134453781506
26.494560731000092,12.856,2.0168067226890756,201.68067226890753,2592.8067226890753
26.50463752200085,12.86,2.0168067226890756,201.68067226890753,2593.6134453781506
26.514714423999976,12.86,2.0168067226890756,201.68067226890753,2593.6134453781506
26.524791085001198,12.864,2.0168067226890756,201.68067226890753,2594.4201680672268
26.53486813500058,12.86,2.0168067226890756,201.68067226890753,2593.6134453781506
26.544945037001526,12.864,2.0168067226890756,201.68067226890753,2594.4201680672268
26.55502199500006,12.864,2.0168067226890756,201.68067226890753,2594.4201680672268
26.56509873000141,12.86,2.1848739495798317,201.68067226890753,2593.6134453781506
26.57517504000134,12.864,2.0168067226890756,201.68067226890753,2594.4201680672268
26.585263349001252,12.864,2.0168067226890756,201.68067226890753,2594.4201680672268
26.595351047000804,12.86,2.0168067226890756,201.68067226890753,2593.6134453781506
26.605436393001582,12.864,1.848739495798319,201.68067226890753,2594.4201680672268
26.61551794300067,12.864,2.0168067226890756,201.68067226890753,2594.4201680672268
26.625600512001256,12.864,2.0168067226890756,218.48739495798318,2810.621848739496
26.6356814690007,12.856,2.0168067226890756,184.8739495798319,2376.739495798319
26.64576474200112,12.864,2.0168067226890756,201.68067226890753,2594.4201680672268
26.6558456440016,12.856,2.0168067226890756,184.8739495798319,2376.739495798319
26.665928157000963,12.864,2.0168067226890756,201.68067226890753,2594.4201680672268
26.676009503000387,12.864,2.0168067226890756,201.68067226890753,2594.4201680672268
26.686085794000974,12.864,2.0168067226890756,201.68067226890753,2594.4201680672268
26.696167992000483,12.868,2.0168067226890756,201.68067226890753,2595.226890756302
26.706245653000224,12.856,2.1848739495798317,201.68067226890753,2592.8067226890753
26.716321352001614,12.868,1.848739495798319,201.68067226890753,2595.226890756302
26.726398087001144,12.86,2.0168067226890756,201.68067226890753,2593.6134453781506
26.736475063000398,12.864,2.0168067226890756,201.68067226890753,2594.4201680672268
26.746552262000478,12.86,2.0168067226890756,201.68067226890753,2593.6134453781506
26.75663440400058,12.86,2.0168067226890756,201.68067226890753,2593.6134453781506
26.766711029000362,12.86,2.0168067226890756,201.68067226890753,2593.6134453781506
26.776787374999913,12.864,2.0168067226890756,201.68067226890753,2594.4201680672268
26.78686061100052,12.864,2.0168067226890756,201.68067226890753,2594.4201680672268
26.7969421050002,12.86,2.0168067226890756,201.68067226890753,2593.6134453781506
26.80702371100051,12.864,2.0168067226890756,201.68067226890753,2594.4201680672268
26.817104335001204,12.868,2.0168067226890756,201.68067226890753,2595.226890756302
26.827185959000417,12.86,2.0168067226890756,218.48739495798318,2809.7478991596636
26.837269250001555,12.868,2.0168067226890756,201.68067226890753,2595.226890756302
26.847350930000175,12.86,2.0168067226890756,201.68067226890753,2593.6134453781506
26.857433998000488,12.872,2.0168067226890756,201.68067226890753,2596.033613445378
26.86751551100133,12.86,2.0168067226890756,201.68067226890753,2593.6134453781506
26.877598061000754,12.864,2.0168067226890756,201.68067226890753,2594.4201680672268
26.887690926001596,12.856,2.0168067226890756,201.68067226890753,2592.8067226890753
26.89777399400009,12.864,2.0168067226890756,201.68067226890753,2594.4201680672268
26.907855211000424,12.852,2.0168067226890756,201.68067226890753,2591.9999999999995
26.917936095000186,12.868,2.0168067226890756,201.68067226890753,2595.226890756302
26.928017589001684,12.856,2.0168067226890756,201.68067226890753,2592.8067226890753
26.938099065000642,12.872,2.0168067226890756,201.68067226890753,2596.033613445378
26.948180115001378,12.856,2.0168067226890756,201.68067226890753,2592.8067226890753
26.95826127700093,12.872,2.0168067226890756,201.68067226890753,2596.033613445378
26.968342567000946,12.86,2.0168067226890756,201.68067226890753,2593.6134453781506
26.978423803000624,12.864,2.0168067226890756,201.68067226890753,2594.4201680672268
26.98852750000151,12.86,2.0168067226890756,201.68067226890753,2593.6134453781506
26.99860895800157,12.86,2.0168067226890756,201.68067226890753,2593.6134453781506
27.0086903600004,12.856,2.0168067226890756,201.68067226890753,2592.8067226890753
27.018771428000036,12.86,2.0168067226890756,201.68067226890753,2593.6134453781506
27.0288521450002,12.856,2.0168067226890756,201.68067226890753,2592.8067226890753
27.038933084000746,12.868,2.0168067226890756,184.8739495798319,2378.957983193277
27.049014060001355,12.86,2.0168067226890756,201.68067226890753,2593.6134453781506
27.059094944001117,12.872,1.848739495798319,201.68067226890753,2596.033613445378
27.06917940099993,12.856,2.0168067226890756,201.68067226890753,2592.8067226890753
27.07926102500096,12.876,2.0168067226890756,201.68067226890753,2596.840336134453
27.08940788900145,12.856,2.0168067226890756,201.68067226890753,2592.8067226890753
27.09948434600119,12.864,2.0168067226890756,201.68067226890753,2594.4201680672268
27.109560526001587,12.852,2.0168067226890756,201.68067226890753,2591.9999999999995
27.11963716900027,12.868,2.0168067226890756,201.68067226890753,2595.226890756302
27.129715127000964,12.852,2.0168067226890756,201.68067226890753,2591.9999999999995
27.13979182500043,12.868,2.0168067226890756,201.68067226890753,2595.226890756302
27.149868894000974,12.856,2.0168067226890756,201.68067226890753,2592.8067226890753
27.159944685001392,12.872,2.0168067226890756,218.48739495798318,2812.3697478991594
27.17002264200164,12.856,2.0168067226890756,201.68067226890753,2592.8067226890753
27.180100063000282,12.872,2.0168067226890756,201.68067226890753,2596.033613445378
27.19018529800087,12.856,1.848739495798319,201.68067226890753,2592.8067226890753
27.200265459001457,12.868,2.0168067226890756,201.68067226890753,2595.226890756302
27.210345806000987,12.856,2.0168067226890756,218.48739495798318,2808.873949579832
27.220426763000432,12.86,2.0168067226890756,201.68067226890753,2593.6134453781506
27.23050701700049,12.856,2.0168067226890756,201.68067226890753,2592.8067226890753
27.240586734000317,12.864,2.0168067226890756,201.68067226890753,2594.4201680672268
27.2506676360008,12.856,2.0168067226890756,201.68067226890753,2592.8067226890753
27.26074783400145,12.868,2.0168067226890756,201.68067226890753,2595.226890756302
27.27082840300136,12.856,1.848739495798319,201.68067226890753,2592.8067226890753
27.28090982300091,12.872,2.0168067226890756,184.8739495798319,2379.697478991596
27.291000040000654,12.856,2.0168067226890756,201.68067226890753,2592.8067226890753
27.30108010799995,12.872,2.0168067226890756,201.68067226890753,2596.033613445378
27.31115680700168,12.848,2.0168067226890756,201.68067226890753,2591.1932773109243
27.321233098000448,12.868,2.0168067226890756,201.68067226890753,2595.226890756302
27.331309518000126,12.852,2.0168067226890756,201.68067226890753,2591.9999999999995
27.34138862400141,12.868,2.0168067226890756,201.68067226890753,2595.226890756302
27.35146241500115,12.852,2.0168067226890756,184.8739495798319,2375.9999999999995
27.36154155800068,12.868,2.0168067226890756,201.68067226890753,2595.226890756302
27.37161797800036,12.856,2.0168067226890756,201.68067226890753,2592.8067226890753
27.381708991000778,12.872,2.0168067226890756,201.68067226890753,2596.033613445378
27.391828540999995,12.852,2.0168067226890756,201.68067226890753,2591.9999999999995
27.401908257001196,12.872,2.0168067226890756,201.68067226890753,2596.033613445378
27.411985252001614,12.852,2.0168067226890756,201.68067226890753,2591.9999999999995
27.422063710000657,12.868,2.0168067226890756,201.68067226890753,2595.226890756302
27.432140112001434,12.856,2.0168067226890756,201.68067226890753,2592.8067226890753
27.442218384001535,12.864,2.0168067226890756,201.68067226890753,2594.4201680672268
27.452298693000557,12.856,2.0168067226890756,184.8739495798319,2376.739495798319
27.462372447000234,12.868,2.0168067226890756,201.68067226890753,2595.226890756302
27.47244951600078,12.856,2.0168067226890756,201.68067226890753,2592.8067226890753
27.48252806600067,12.872,2.0168067226890756,201.68067226890753,2596.033613445378
27.492628412001068,12.856,2.0168067226890756,201.68067226890753,2592.8067226890753
27.502705296001295,12.872,2.0168067226890756,201.68067226890753,2596.033613445378
27.512778550000803,12.848,2.0168067226890756,201.68067226890753,2591.1932773109243
27.522854804001327,12.876,2.0168067226890756,184.8739495798319,2380.4369747899154
27.53293129800113,12.844,2.0168067226890756,201.68067226890753,2590.386554621848
27.543007941001633,12.872,2.0168067226890756,201.68067226890753,2596.033613445378
27.55308432500169,12.848,2.0168067226890756,201.68067226890753,2591.1932773109243
27.563160301000607,12.868,2.0168067226890756,201.68067226890753,2595.226890756302
27.573263462001705,12.852,2.0168067226890756,201.68067226890753,2591.9999999999995
27.583339308001086,12.872,2.0168067226890756,201.68067226890753,2596.033613445378
27.593419173001166,12.852,1.848739495798319,201.68067226890753,2591.9999999999995
27.603492946000188,12.872,1.848739495798319,201.68067226890753,2596.033613445378
27.61356618100035,12.852,2.0168067226890756,201.68067226890753,2591.9999999999995
27.62364278700079,12.868,2.0168067226890756,201.68067226890753,2595.226890756302
27.63372043000163,12.852,2.0168067226890756,201.68067226890753,2591.9999999999995
27.64379320200169,12.872,2.0168067226890756,201.68067226890753,2596.033613445378
27.653873086001113,12.852,2.0168067226890756,201.68067226890753,2591.9999999999995
27.663946043001488,12.868,1.848739495798319,201.68067226890753,2595.226890756302
27.674028464000003,12.852,2.0168067226890756,201.68067226890753,2591.9999999999995
27.68410569900152,12.872,2.0168067226890756,201.68067226890753,2596.033613445378
27.694193805000396,12.852,2.0168067226890756,201.68067226890753,2591.9999999999995
27.70426979900003,12.868,2.0168067226890756,201.68067226890753,2595.226890756302
27.714347035000173,12.848,2.0168067226890756,201.68067226890753,2591.1932773109243
27.72442306600169,12.876,2.0168067226890756,184.8739495798319,2380.4369747899154
27.734499691001474,12.844,2.0168067226890756,201.68067226890753,2590.386554621848
27.744576241000686,12.876,2.0168067226890756,201.68067226890753,2596.840336134453
27.754652532001273,12.848,2.0168067226890756,201.68067226890753,2591.1932773109243
27.764729453001564,12.876,2.0168067226890756,201.68067226890753,2596.840336134453
27.774806114000967,12.848,2.0168067226890756,201.68067226890753,2591.1932773109243
27.78487873800077,12.872,2.0168067226890756,201.68067226890753,2596.033613445378
27.79502197200054,12.852,2.0168067226890756,184.8739495798319,2375.9999999999995
27.805104578001192,12.872,2.0168067226890756,218.48739495798318,2812.3697478991594
27.815184906001377,12.852,2.0168067226890756,201.68067226890753,2591.9999999999995
27.825266900001225,12.864,2.0168067226890756,201.68067226890753,2594.4201680672268
27.83534732100088,12.852,2.0168067226890756,201.68067226890753,2591.9999999999995
27.845429982000496,12.868,2.0168067226890756,201.68067226890753,2595.226890756302
27.855517032001444,12.852,2.0168067226890756,201.68067226890753,2591.9999999999995
27.86559373000091,12.876,2.0168067226890756,201.68067226890753,2596.840336134453
27.875679947001117,12.848,2.0168067226890756,201.68067226890753,2591.1932773109243
27.885762330000944,12.876,2.0168067226890756,201.68067226890753,2596.840336134453
27.895855306000158,12.848,2.0168067226890756,201.68067226890753,2591.1932773109243
27.905931041001168,12.876,2.0168067226890756,201.68067226890753,2596.840336134453
27.91600624000057,12.848,1.848739495798319,201.68067226890753,2591.1932773109243
27.926084216000163,12.872,2.0168067226890756,201.68067226890753,2596.033613445378
27.936161303001427,12.848,2.1848739495798317,201.68067226890753,2591.1932773109243
27.946236594001675,12.876,2.0168067226890756,201.68067226890753,2596.840336134453
27.956312922000507,12.848,2.0168067226890756,201.68067226890753,2591.1932773109243
27.966391065001517,12.876,2.0168067226890756,201.68067226890753,2596.840336134453
27.97646743000041,12.848,2.0168067226890756,201.68067226890753,2591.1932773109243
27.98654366500159,12.88,2.0168067226890756,201.68067226890753,2597.6470588235293
27.996628215001692,12.848,2.0168067226890756,201.68067226890753,2591.1932773109243
28.00670985800025,12.876,2.0168067226890756,201.68067226890753,2596.840336134453
28.01679033400069,12.848,2.0168067226890756,201.68067226890753,2591.1932773109243
28.026871699001276,12.872,2.0168067226890756,201.68067226890753,2596.033613445378
28.036952471000404,12.848,2.0168067226890756,201.68067226890753,2591.1932773109243
28.047033577000548,12.868,2.0168067226890756,201.68067226890753,2595.226890756302
28.057114942001135,12.852,2.0168067226890756,201.68067226890753,2591.9999999999995
28.067197029000454,12.872,1.848739495798319,201.68067226890753,2596.033613445378
28.077281172001676,12.848,2.1848739495798317,201.68067226890753,2591.1932773109243
28.08736238900019,12.876,2.0168067226890756,201.68067226890753,2596.840336134453
28.09744258700084,12.848,1.848739495798319,201.68067226890753,2591.1932773109243
28.107517341000857,12.88,2.0168067226890756,184.8739495798319,2381.176470588235
28.11759540999992,12.844,2.0168067226890756,201.68067226890753,2590.386554621848
28.12766851500055,12.876,2.0168067226890756,201.68067226890753,2596.840336134453
28.137747121001667,12.84,2.0168067226890756,201.68067226890753,2589.579831932773
28.147824060000858,12.872,2.0168067226890756,201.68067226890753,2596.033613445378
28.15790042500157,12.848,2.0168067226890756,201.68067226890753,2591.1932773109243
28.167976161001206,12.872,2.0168067226890756,201.68067226890753,2596.033613445378
28.17805408100139,12.848,2.0168067226890756,201.68067226890753,2591.1932773109243
28.18813002100069,12.876,2.0168067226890756,201.68067226890753,2596.840336134453
28.19821420000153,12.848,2.0168067226890756,184.8739495798319,2375.2605042016803
28.20829671300089,12.876,2.0168067226890756,201.68067226890753,2596.840336134453
28.21837794900057,12.848,1.848739495798319,218.48739495798318,2807.126050420168
28.22845816500012,12.872,2.0168067226890756,201.68067226890753,2596.033613445378
28.238538160001553,12.844,2.0168067226890756,201.68067226890753,2590.386554621848
28.2486187100003,12.876,2.0168067226890756,201.68067226890753,2596.840336134453
28.25869459400019,12.848,2.0168067226890756,184.8739495798319,2375.2605042016803
28.26877479200084,12.876,2.0168067226890756,201.68067226890753,2596.840336134453
28.27885647200128,12.848,2.0168067226890756,201.68067226890753,2591.1932773109243
28.28893359600079,12.872,2.0168067226890756,201.68067226890753,2596.033613445378
28.299023294001017,12.848,2.0168067226890756,201.68067226890753,2591.1932773109243
28.309099863001393,12.876,2.1848739495798317,201.68067226890753,2596.840336134453
28.319175765000182,12.848,2.0168067226890756,201.68067226890753,2591.1932773109243
28.32925166700079,12.88,2.0168067226890756,201.68067226890753,2597.6470588235293
28.339327736000996,12.84,2.0168067226890756,201.68067226890753,2589.579831932773
28.349405193001076,12.88,2.0168067226890756,201.68067226890753,2597.6470588235293
28.359481466000943,12.848,2.0168067226890756,218.48739495798318,2807.126050420168
28.36955896100153,12.876,2.0168067226890756,201.68067226890753,2596.840336134453
28.37966286200026,12.848,2.0168067226890756,201.68067226890753,2591.1932773109243
28.38974243100165,12.876,2.0168067226890756,201.68067226890753,2596.840336134453
28.399894053000025,12.848,2.0168067226890756,201.68067226890753,2591.1932773109243
28.40997801100093,12.876,2.0168067226890756,201.68067226890753,2596.840336134453
28.420059246000164,12.848,2.0168067226890756,201.68067226890753,2591.1932773109243
28.43014001800111,12.872,2.0168067226890756,218.48739495798318,2812.3697478991594
28.4402329020013,12.848,2.0168067226890756,201.68067226890753,2591.1932773109243
28.450314063000405,12.876,2.0168067226890756,201.68067226890753,2596.840336134453
28.460394113000802,12.848,2.0168067226890756,201.68067226890753,2591.1932773109243
28.470474089001073,12.88,2.0168067226890756,201.68067226890753,2597.6470588235293
28.48055545400166,12.844,2.0168067226890756,201.68067226890753,2590.386554621848
28.49063724500047,12.88,2.0168067226890756,201.68067226890753,2597.6470588235293
28.500784275000115,12.844,2.0168067226890756,201.68067226890753,2590.386554621848
28.510862344000998,12.876,2.0168067226890756,201.68067226890753,2596.840336134453
28.520939375001035,12.848,2.0168067226890756,201.68067226890753,2591.1932773109243
28.5310162220012,12.876,2.0168067226890756,201.68067226890753,2596.840336134453
28.54109306800092,12.844,2.0168067226890756,201.68067226890753,2590.386554621848
28.551169748001485,12.88,2.1848739495798317,201.68067226890753,2597.6470588235293
28.56124824300059,12.844,2.0168067226890756,201.68067226890753,2590.386554621848
28.571324608001305,12.88,1.848739495798319,201.68067226890753,2597.6470588235293
28.58140130600077,12.844,2.0168067226890756,201.68067226890753,2590.386554621848
28.591477060001125,12.88,2.0168067226890756,201.68067226890753,2597.6470588235293
28.601554980999936,12.844,2.0168067226890756,201.68067226890753,2590.386554621848
28.611635013001433,12.88,2.0168067226890756,201.68067226890753,2597.6470588235293
28.621715044000666,12.844,2.1848739495798317,201.68067226890753,2590.386554621848
28.63179603900062,12.872,2.0168067226890756,201.68067226890753,2596.033613445378
28.64187157000015,12.848,2.0168067226890756,201.68067226890753,2591.1932773109243
28.65195275000042,12.868,2.0168067226890756,201.68067226890753,2595.226890756302
28.662032911001006,12.852,2.0168067226890756,201.68067226890753,2591.9999999999995
28.672112647000176,12.876,2.0168067226890756,201.68067226890753,2596.840336134453
28.68219349300125,12.848,2.0168067226890756,201.68067226890753,2591.1932773109243
28.692274042999998,12.88,2.0168067226890756,201.68067226890753,2597.6470588235293
28.702349427001536,12.844,2.0168067226890756,201.68067226890753,2590.386554621848
28.712430903000495,12.88,2.0168067226890756,201.68067226890753,2597.6470588235293
28.722512046000702,12.844,2.0168067226890756,201.68067226890753,2590.386554621848
28.732593577000443,12.88,2.0168067226890756,201.68067226890753,2597.6470588235293
28.74267444200086,12.84,2.0168067226890756,201.68067226890753,2589.579831932773
28.75275449200126,12.876,1.848739495798319,201.68067226890753,2596.840336134453
28.762835580000683,12.848,2.0168067226890756,184.8739495798319,2375.2605042016803
28.772915610999917,12.876,2.0168067226890756,201.68067226890753,2596.840336134453
28.782996050000293,12.848,2.0168067226890756,201.68067226890753,2591.1932773109243
28.79307639700164,12.88,2.0168067226890756,201.68067226890753,2597.6470588235293
28.803166965000855,12.848,1.848739495798319,201.68067226890753,2591.1932773109243
28.813249978000385,12.88,2.0168067226890756,201.68067226890753,2597.6470588235293
28.823330436000106,12.844,2.0168067226890756,184.8739495798319,2374.5210084033606
28.833413282000038,12.876,2.0168067226890756,201.68067226890753,2596.840336134453
28.84349438800018,12.844,2.0168067226890756,184.8739495798319,2374.5210084033606
28.853576864001298,12.876,2.0168067226890756,201.68067226890753,2596.840336134453
28.8636575620003,12.848,2.0168067226890756,201.68067226890753,2591.1932773109243
28.873740259999977,12.876,2.0168067226890756,201.68067226890753,2596.840336134453
28.883820588000162,12.852,2.0168067226890756,201.68067226890753,2591.9999999999995
28.893903324000348,12.872,2.0168067226890756,201.68067226890753,2596.033613445378
28.904006632001256,12.852,2.0168067226890756,201.68067226890753,2591.9999999999995
28.91408723800123,12.88,2.0168067226890756,201.68067226890753,2597.6470588235293
28.924168362000273,12.852,2.0168067226890756,201.68067226890753,2591.9999999999995
28.934249320000163,12.88,1.848739495798319,201.68067226890753,2597.6470588235293
28.944328740000856,12.84,2.0168067226890756,201.68067226890753,2589.579831932773
28.95441034600117,12.88,2.0168067226890756,201.68067226890753,2597.6470588235293
28.96449134100112,12.844,2.0168067226890756,201.68067226890753,2590.386554621848
28.974572372000694,12.88,2.0168067226890756,201.68067226890753,2597.6470588235293
28.984653108000202,12.876,1.848739495798319,201.68067226890753,2596.840336134453
28.994732639001086,12.904,2.0168067226890756,184.8739495798319,2385.613445378151
29.004837281001528,12.868,2.0168067226890756,201.68067226890753,2595.226890756302
29.01491886900112,12.892,1.848739495798319,184.8739495798319,2383.394957983193
29.024999437000588,12.864,1.848739495798319,201.68067226890753,2594.4201680672268
29.035080376001133,12.888,2.0168067226890756,201.68067226890753,2599.2605042016803
29.045161149000705,12.864,2.0168067226890756,201.68067226890753,2594.4201680672268
29.055238495000594,12.884,2.0168067226890756,184.8739495798319,2381.9159663865544
29.0653200450015,12.86,2.0168067226890756,201.68067226890753,2593.6134453781506
29.07540365100067,12.892,1.848739495798319,184.8739495798319,2383.394957983193
29.08548362700094,12.864,2.0168067226890756,201.68067226890753,2594.4201680672268
29.09556321400123,12.892,2.0168067226890756,184.8739495798319,2383.394957983193
29.105643653001607,12.864,2.0168067226890756,184.8739495798319,2378.2184873949577
29.115719037001327,12.856,2.0168067226890756,201.68067226890753,2592.8067226890753
29.12579710600039,12.844,2.0168067226890756,201.68067226890753,2590.386554621848
29.13587373000155,12.876,2.0168067226890756,201.68067226890753,2596.840336134453
29.145951336000508,12.848,2.0168067226890756,201.68067226890753,2591.1932773109243
29.156022553001094,12.88,2.0168067226890756,201.68067226890753,2597.6470588235293
29.16609852900001,12.84,2.0168067226890756,201.68067226890753,2589.579831932773
29.17617352400157,12.88,2.0168067226890756,201.68067226890753,2597.6470588235293
29.186251166000147,12.844,2.0168067226890756,201.68067226890753,2590.386554621848
29.19632636500137,12.876,2.0168067226890756,201.68067226890753,2596.840336134453
29.206454951001433,12.848,2.0168067226890756,201.68067226890753,2591.1932773109243
29.21653731600054,12.88,2.0168067226890756,201.68067226890753,2597.6470588235293
29.226617866001106,12.848,2.0168067226890756,201.68067226890753,2591.1932773109243
29.236698046001038,12.88,2.0168067226890756,201.68067226890753,2597.6470588235293
29.24677509600042,12.852,2.0168067226890756,201.68067226890753,2591.9999999999995
29.256856257001346,12.868,2.0168067226890756,201.68067226890753,2595.226890756302
29.266937233000135,12.848,2.0168067226890756,184.8739495798319,2375.2605042016803
29.277018358001442,12.876,2.0168067226890756,201.68067226890753,2596.840336134453
29.287099426001078,12.848,2.0168067226890756,201.68067226890753,2591.1932773109243
29.29718004999995,12.88,1.848739495798319,201.68067226890753,2597.6470588235293
29.30727052600014,12.844,2.0168067226890756,201.68067226890753,2590.386554621848
29.31734816900098,12.876,2.0168067226890756,201.68067226890753,2596.840336134453
29.327424071001587,12.848,2.0168067226890756,201.68067226890753,2591.1932773109243
29.337499844001286,12.876,2.0168067226890756,201.68067226890753,2596.840336134453
29.347575450001386,12.844,2.0168067226890756,201.68067226890753,2590.386554621848
29.357650833000662,12.876,2.0168067226890756,201.68067226890753,2596.840336134453
29.367726976000995,12.844,2.0168067226890756,201.68067226890753,2590.386554621848
29.377804711000863,12.88,2.0168067226890756,201.68067226890753,2597.6470588235293
29.387885002000985,12.844,2.0168067226890756,201.68067226890753,2590.386554621848
29.39796207100153,12.88,2.0168067226890756,201.68067226890753,2597.6470588235293
29.40810867500113,12.844,2.0168067226890756,201.68067226890753,2590.386554621848
29.418191892000323,12.88,2.0168067226890756,201.68067226890753,2597.6470588235293
29.428272887000276,12.844,2.0168067226890756,201.68067226890753,2590.386554621848
29.43835412200133,12.876,1.848739495798319,201.68067226890753,2596.840336134453
29.448435598000287,12.844,2.0168067226890756,201.68067226890753,2590.386554621848
29.458515333000832,12.872,2.0168067226890756,201.68067226890753,2596.033613445378
29.468596291000722,12.848,2.0168067226890756,201.68067226890753,2591.1932773109243
29.4786777670015,12.876,2.1848739495798317,201.68067226890753,2596.840336134453
29.48875868700088,12.848,2.0168067226890756,201.68067226890753,2591.1932773109243
29.49883981200037,12.876,2.0168067226890756,201.68067226890753,2596.840336134453
29.508975249000287,12.848,2.0168067226890756,201.68067226890753,2591.1932773109243
29.519052022000324,12.88,1.848739495798319,201.68067226890753,2597.6470588235293
29.529129387001376,12.844,2.0168067226890756,201.68067226890753,2590.386554621848
29.539205715000207,12.88,2.0168067226890756,201.68067226890753,2597.6470588235293
29.549283821001154,12.84,2.0168067226890756,201.68067226890753,2589.579831932773
29.55936013000064,12.88,2.0168067226890756,201.68067226890753,2597.6470588235293
29.569438106000234,12.844,2.0168067226890756,201.68067226890753,2590.386554621848
29.57951439700082,12.88,1.848739495798319,201.68067226890753,2597.6470588235293
29.589590151001175,12.848,2.0168067226890756,201.68067226890753,2591.1932773109243
29.59966659100064,12.876,2.0168067226890756,201.68067226890753,2596.840336134453
29.60974273300053,12.848,2.0168067226890756,201.68067226890753,2591.1932773109243
29.619822302000102,12.88,2.1848739495798317,201.68067226890753,2597.6470588235293
29.62990526000067,12.852,2.0168067226890756,201.68067226890753,2591.9999999999995
29.63998484700096,12.88,2.0168067226890756,201.68067226890753,2597.6470588235293
29.650065767000342,12.844,2.0168067226890756,201.68067226890753,2590.386554621848
29.660147058000803,12.872,2.0168067226890756,201.68067226890753,2596.033613445378
29.67022851600086,12.844,2.0168067226890756,201.68067226890753,2590.386554621848
29.680309029001364,12.876,2.0168067226890756,201.68067226890753,2596.840336134453
29.690389820001656,12.848,2.0168067226890756,201.68067226890753,2591.1932773109243
29.70047064800019,12.876,2.0168067226890756,201.68067226890753,2596.840336134453
29.710550550000335,12.848,2.0168067226890756,201.68067226890753,2591.1932773109243
29.720630304000224,12.876,2.0168067226890756,201.68067226890753,2596.840336134453
29.730711445999987,12.848,2.0168067226890756,201.68067226890753,2591.1932773109243
29.74079207000068,12.876,2.0168067226890756,201.68067226890753,2596.840336134453
29.750872843000252,12.844,2.0168067226890756,201.68067226890753,2590.386554621848
29.76095283700124,12.88,2.0168067226890756,201.68067226890753,2597.6470588235293
29.771033036000517,12.836,2.0168067226890756,201.68067226890753,2588.773109243697
29.781112679000216,12.88,2.0168067226890756,201.68067226890753,2597.6470588235293
29.791193155000656,12.844,2.0168067226890756,201.68067226890753,2590.386554621848
29.801275760000863,12.88,2.0168067226890756,201.68067226890753,2597.6470588235293
29.81135110700052,12.848,2.0168067226890756,201.68067226890753,2591.1932773109243
29.821434157000112,12.876,2.0168067226890756,201.68067226890753,2596.840336134453
29.831515152000065,12.852,2.0168067226890756,201.68067226890753,2591.9999999999995
29.841597128001013,12.876,2.0168067226890756,201.68067226890753,2596.840336134453
29.851677937000204,12.852,2.0168067226890756,201.68067226890753,2591.9999999999995
29.861759950001215,12.872,2.0168067226890756,201.68067226890753,2596.033613445378
29.87184007399992,12.852,2.0168067226890756,201.68067226890753,2591.9999999999995
29.881922421000127,12.876,2.0168067226890756,201.68067226890753,2596.840336134453
29.892002749000312,12.848,2.0168067226890756,201.68067226890753,2591.1932773109243
29.902083373001005,12.876,2.0168067226890756,184.8739495798319,2380.4369747899154
29.91215933100102,12.848,2.0168067226890756,201.68067226890753,2591.1932773109243
29.922240084000805,12.876,2.0168067226890756,201.68067226890753,2596.840336134453
29.932320709000123,12.848,2.0168067226890756,201.68067226890753,2591.1932773109243
29.94240055500086,12.876,2.0168067226890756,201.68067226890753,2596.840336134453
29.95248095700117,12.848,2.0168067226890756,201.68067226890753,2591.1932773109243
29.96256160000121,12.872,2.0168067226890756,201.68067226890753,2596.033613445378
29.97264250200169,12.848,2.0168067226890756,201.68067226890753,2591.1932773109243
29.982722848000776,12.876,2.0168067226890756,201.68067226890753,2596.840336134453
29.99280300999999,12.844,2.0168067226890756,201.68067226890753,2590.386554621848
