#-----------------------------------------------------------
# Vivado v2024.2 (64-bit)
# SW Build 5239630 on Fri Nov 08 22:34:34 MST 2024
# IP Build 5239520 on Sun Nov 10 16:12:51 MST 2024
# SharedData Build 5239561 on Fri Nov 08 14:39:27 MST 2024
# Start of session at: Sun Sep 13 23:27:27 2026
# Process ID         : 1357510
# Current directory  : /home/bsp-lab/1024-HDC
# Command line       : vivado -mode batch -notrace -source /home/bsp-lab/1024-HDC/scripts/rebuild_baseline_integrated.tcl -log /home/bsp-lab/1024-HDC/results/baseline_rtl/integrated_synth.log -journal /home/bsp-lab/1024-HDC/results/baseline_rtl/integrated_synth.jou
# Log file           : /home/bsp-lab/1024-HDC/results/baseline_rtl/integrated_synth.log
# Journal file       : /home/bsp-lab/1024-HDC/results/baseline_rtl/integrated_synth.jou
# Running On         : bsp-lab-HP-Z640-Workstation
# Platform           : Ubuntu
# Operating System   : Ubuntu 24.04.3 LTS
# Processor Detail   : Intel(R) Xeon(R) CPU E5-2620 v3 @ 2.40GHz
# CPU Frequency      : 2094.573 MHz
# CPU Physical cores : 6
# CPU Logical cores  : 12
# Host memory        : 20871 MB
# Swap memory        : 8589 MB
# Total Virtual      : 29461 MB
# Available Virtual  : 25923 MB
#-----------------------------------------------------------
source /home/bsp-lab/1024-HDC/scripts/rebuild_baseline_integrated.tcl -notrace
Scanning sources...
Finished scanning sources
INFO: [IP_Flow 19-234] Refreshing IP repositories
INFO: [IP_Flow 19-1704] No user IP repositories specified
INFO: [IP_Flow 19-2313] Loaded Vivado IP repository '/cad/Xilinx/Vivado/2024.2/data/ip'.
WARNING: [IP_Flow 19-3664] IP 'design_1_hdc_stream_system_0_0' generated file not found '/home/bsp-lab/Desktop/Final HDC/FInal_HDC/FInal_HDC.gen/sources_1/bd/design_1/ip/design_1_hdc_stream_system_0_0/design_1_hdc_stream_system_0_0.dcp'. Please regenerate to continue.
WARNING: [IP_Flow 19-3664] IP 'design_1_hdc_stream_system_0_0' generated file not found '/home/bsp-lab/Desktop/Final HDC/FInal_HDC/FInal_HDC.gen/sources_1/bd/design_1/ip/design_1_hdc_stream_system_0_0/design_1_hdc_stream_system_0_0_stub.v'. Please regenerate to continue.
WARNING: [IP_Flow 19-3664] IP 'design_1_hdc_stream_system_0_0' generated file not found '/home/bsp-lab/Desktop/Final HDC/FInal_HDC/FInal_HDC.gen/sources_1/bd/design_1/ip/design_1_hdc_stream_system_0_0/design_1_hdc_stream_system_0_0_stub.vhdl'. Please regenerate to continue.
WARNING: [IP_Flow 19-3664] IP 'design_1_hdc_stream_system_0_0' generated file not found '/home/bsp-lab/Desktop/Final HDC/FInal_HDC/FInal_HDC.gen/sources_1/bd/design_1/ip/design_1_hdc_stream_system_0_0/design_1_hdc_stream_system_0_0_sim_netlist.v'. Please regenerate to continue.
WARNING: [IP_Flow 19-3664] IP 'design_1_hdc_stream_system_0_0' generated file not found '/home/bsp-lab/Desktop/Final HDC/FInal_HDC/FInal_HDC.gen/sources_1/bd/design_1/ip/design_1_hdc_stream_system_0_0/design_1_hdc_stream_system_0_0_sim_netlist.vhdl'. Please regenerate to continue.
INFO: [Project 1-5579] Found utility IPs instantiated in one or more block designs which have equivalent inline hdl with improved performance and reduced diskspace. It is recommended to migrate these utility IPs to inline hdl using the command upgrade_project -migrate_to_inline_hdl. The utility IPs may be deprecated in future releases. More information on inline hdl is available in UG994.
open_project: Time (s): cpu = 00:00:14 ; elapsed = 00:00:14 . Memory (MB): peak = 1555.812 ; gain = 93.684 ; free physical = 6564 ; free virtual = 24166
INFO: added pruning_mask.sv to project
INFO: attached mem pre-copy hook to design_1_hdc_stream_system_0_0_synth_1
INFO: resetting HDC OOC + top synth + impl...
INFO: reset design_1_hdc_stream_system_0_0_synth_1
INFO: reset synth_1
INFO: reset impl_1
INFO: === Step 1/3: synthesis ===
[Sun Sep 13 23:27:53 2026] Launched design_1_hdc_stream_system_0_0_synth_1...
Run output will be captured here: /home/bsp-lab/Desktop/Final HDC/FInal_HDC/FInal_HDC.runs/design_1_hdc_stream_system_0_0_synth_1/runme.log
[Sun Sep 13 23:27:53 2026] Launched synth_1...
Run output will be captured here: /home/bsp-lab/Desktop/Final HDC/FInal_HDC/FInal_HDC.runs/synth_1/runme.log
[Sun Sep 13 23:27:53 2026] Waiting for synth_1 to finish...

*** Running vivado
    with args -log design_1_wrapper.vds -m64 -product Vivado -mode batch -messageDb vivado.pb -notrace -source design_1_wrapper.tcl


****** Vivado v2024.2 (64-bit)
  **** SW Build 5239630 on Fri Nov 08 22:34:34 MST 2024
  **** IP Build 5239520 on Sun Nov 10 16:12:51 MST 2024
  **** SharedData Build 5239561 on Fri Nov 08 14:39:27 MST 2024
  **** Start of session at: Sun Sep 13 23:32:00 2026
    ** Copyright 1986-2022 Xilinx, Inc. All Rights Reserved.
    ** Copyright 2022-2024 Advanced Micro Devices, Inc. All Rights Reserved.

source design_1_wrapper.tcl -notrace
create_project: Time (s): cpu = 00:00:11 ; elapsed = 00:00:11 . Memory (MB): peak = 1513.477 ; gain = 109.840 ; free physical = 8223 ; free virtual = 23663
INFO: [IP_Flow 19-234] Refreshing IP repositories
INFO: [IP_Flow 19-1704] No user IP repositories specified
INFO: [IP_Flow 19-2313] Loaded Vivado IP repository '/cad/Xilinx/Vivado/2024.2/data/ip'.
Command: read_checkpoint -auto_incremental -incremental {/home/bsp-lab/Desktop/Final HDC/FInal_HDC/FInal_HDC.srcs/utils_1/imports/synth_1/design_1_wrapper.dcp}
INFO: [Vivado 12-5825] Read reference checkpoint from /home/bsp-lab/Desktop/Final HDC/FInal_HDC/FInal_HDC.srcs/utils_1/imports/synth_1/design_1_wrapper.dcp for incremental synthesis
INFO: [Vivado 12-7989] Please ensure there are no constraint changes
Command: synth_design -top design_1_wrapper -part xc7z020clg484-1
Starting synth_design
Attempting to get a license for feature 'Synthesis' and/or device 'xc7z020'
INFO: [Common 17-349] Got license for feature 'Synthesis' and/or device 'xc7z020'
INFO: [Device 21-403] Loading part xc7z020clg484-1
INFO: [Designutils 20-5440] No compile time benefit to using incremental synthesis; A full resynthesis will be run
INFO: [Designutils 20-4379] Flow is switching to default flow due to incremental criteria not met. If you would like to alter this behaviour and have the flow terminate instead, please set the following parameter config_implementation {autoIncr.Synth.RejectBehavior Terminate}
INFO: [Synth 8-7079] Multithreading enabled for synth_design using a maximum of 7 processes.
INFO: [Synth 8-7078] Launching helper process for spawning children vivado processes
INFO: [Synth 8-7075] Helper process launched with PID 1359833
---------------------------------------------------------------------------------
Starting RTL Elaboration : Time (s): cpu = 00:00:06 ; elapsed = 00:00:06 . Memory (MB): peak = 2227.766 ; gain = 419.797 ; free physical = 7174 ; free virtual = 22614
---------------------------------------------------------------------------------
INFO: [Synth 8-6157] synthesizing module 'design_1_wrapper' [/home/bsp-lab/Desktop/Final HDC/FInal_HDC/FInal_HDC.gen/sources_1/bd/design_1/hdl/design_1_wrapper.v:13]
INFO: [Synth 8-6157] synthesizing module 'design_1' [/home/bsp-lab/Desktop/Final HDC/FInal_HDC/FInal_HDC.gen/sources_1/bd/design_1/synth/design_1.v:13]
INFO: [Synth 8-6157] synthesizing module 'design_1_axi_dma_0_0' [/home/bsp-lab/Desktop/Final HDC/FInal_HDC/FInal_HDC.runs/synth_1/.Xil/Vivado-1359628-bsp-lab-HP-Z640-Workstation/realtime/design_1_axi_dma_0_0_stub.v:6]
INFO: [Synth 8-6155] done synthesizing module 'design_1_axi_dma_0_0' (0#1) [/home/bsp-lab/Desktop/Final HDC/FInal_HDC/FInal_HDC.runs/synth_1/.Xil/Vivado-1359628-bsp-lab-HP-Z640-Workstation/realtime/design_1_axi_dma_0_0_stub.v:6]
WARNING: [Synth 8-7071] port 'mm2s_prmry_reset_out_n' of module 'design_1_axi_dma_0_0' is unconnected for instance 'axi_dma_0' [/home/bsp-lab/Desktop/Final HDC/FInal_HDC/FInal_HDC.gen/sources_1/bd/design_1/synth/design_1.v:292]
WARNING: [Synth 8-7071] port 'm_axis_mm2s_tkeep' of module 'design_1_axi_dma_0_0' is unconnected for instance 'axi_dma_0' [/home/bsp-lab/Desktop/Final HDC/FInal_HDC/FInal_HDC.gen/sources_1/bd/design_1/synth/design_1.v:292]
WARNING: [Synth 8-7071] port 's2mm_prmry_reset_out_n' of module 'design_1_axi_dma_0_0' is unconnected for instance 'axi_dma_0' [/home/bsp-lab/Desktop/Final HDC/FInal_HDC/FInal_HDC.gen/sources_1/bd/design_1/synth/design_1.v:292]
WARNING: [Synth 8-7071] port 'mm2s_introut' of module 'design_1_axi_dma_0_0' is unconnected for instance 'axi_dma_0' [/home/bsp-lab/Desktop/Final HDC/FInal_HDC/FInal_HDC.gen/sources_1/bd/design_1/synth/design_1.v:292]
WARNING: [Synth 8-7071] port 's2mm_introut' of module 'design_1_axi_dma_0_0' is unconnected for instance 'axi_dma_0' [/home/bsp-lab/Desktop/Final HDC/FInal_HDC/FInal_HDC.gen/sources_1/bd/design_1/synth/design_1.v:292]
WARNING: [Synth 8-7071] port 'axi_dma_tstvec' of module 'design_1_axi_dma_0_0' is unconnected for instance 'axi_dma_0' [/home/bsp-lab/Desktop/Final HDC/FInal_HDC/FInal_HDC.gen/sources_1/bd/design_1/synth/design_1.v:292]
WARNING: [Synth 8-7023] instance 'axi_dma_0' of module 'design_1_axi_dma_0_0' has 94 connections declared, but only 88 given [/home/bsp-lab/Desktop/Final HDC/FInal_HDC/FInal_HDC.gen/sources_1/bd/design_1/synth/design_1.v:292]
INFO: [Synth 8-6157] synthesizing module 'design_1_axi_interconnect_0_0' [/home/bsp-lab/Desktop/Final HDC/FInal_HDC/FInal_HDC.gen/sources_1/bd/design_1/synth/design_1.v:786]
INFO: [Synth 8-6157] synthesizing module 'm00_couplers_imp_1CA5Z32' [/home/bsp-lab/Desktop/Final HDC/FInal_HDC/FInal_HDC.gen/sources_1/bd/design_1/synth/design_1.v:1509]
INFO: [Synth 8-6157] synthesizing module 'design_1_axi_interconnect_0_imp_auto_pc_0' [/home/bsp-lab/Desktop/Final HDC/FInal_HDC/FInal_HDC.runs/synth_1/.Xil/Vivado-1359628-bsp-lab-HP-Z640-Workstation/realtime/design_1_axi_interconnect_0_imp_auto_pc_0_stub.v:6]
INFO: [Synth 8-6155] done synthesizing module 'design_1_axi_interconnect_0_imp_auto_pc_0' (0#1) [/home/bsp-lab/Desktop/Final HDC/FInal_HDC/FInal_HDC.runs/synth_1/.Xil/Vivado-1359628-bsp-lab-HP-Z640-Workstation/realtime/design_1_axi_interconnect_0_imp_auto_pc_0_stub.v:6]
WARNING: [Synth 8-7071] port 'm_axi_awprot' of module 'design_1_axi_interconnect_0_imp_auto_pc_0' is unconnected for instance 'auto_pc' [/home/bsp-lab/Desktop/Final HDC/FInal_HDC/FInal_HDC.gen/sources_1/bd/design_1/synth/design_1.v:1690]
WARNING: [Synth 8-7071] port 'm_axi_arprot' of module 'design_1_axi_interconnect_0_imp_auto_pc_0' is unconnected for instance 'auto_pc' [/home/bsp-lab/Desktop/Final HDC/FInal_HDC/FInal_HDC.gen/sources_1/bd/design_1/synth/design_1.v:1690]
WARNING: [Synth 8-7023] instance 'auto_pc' of module 'design_1_axi_interconnect_0_imp_auto_pc_0' has 60 connections declared, but only 58 given [/home/bsp-lab/Desktop/Final HDC/FInal_HDC/FInal_HDC.gen/sources_1/bd/design_1/synth/design_1.v:1690]
INFO: [Synth 8-6155] done synthesizing module 'm00_couplers_imp_1CA5Z32' (0#1) [/home/bsp-lab/Desktop/Final HDC/FInal_HDC/FInal_HDC.gen/sources_1/bd/design_1/synth/design_1.v:1509]
INFO: [Synth 8-6157] synthesizing module 'm01_couplers_imp_I4GRPB' [/home/bsp-lab/Desktop/Final HDC/FInal_HDC/FInal_HDC.gen/sources_1/bd/design_1/synth/design_1.v:1751]
INFO: [Synth 8-6155] done synthesizing module 'm01_couplers_imp_I4GRPB' (0#1) [/home/bsp-lab/Desktop/Final HDC/FInal_HDC/FInal_HDC.gen/sources_1/bd/design_1/synth/design_1.v:1751]
INFO: [Synth 8-6157] synthesizing module 's00_couplers_imp_O7FAN0' [/home/bsp-lab/Desktop/Final HDC/FInal_HDC/FInal_HDC.gen/sources_1/bd/design_1/synth/design_1.v:1998]
INFO: [Synth 8-6157] synthesizing module 'design_1_axi_interconnect_0_imp_auto_pc_1' [/home/bsp-lab/Desktop/Final HDC/FInal_HDC/FInal_HDC.runs/synth_1/.Xil/Vivado-1359628-bsp-lab-HP-Z640-Workstation/realtime/design_1_axi_interconnect_0_imp_auto_pc_1_stub.v:6]
INFO: [Synth 8-6155] done synthesizing module 'design_1_axi_interconnect_0_imp_auto_pc_1' (0#1) [/home/bsp-lab/Desktop/Final HDC/FInal_HDC/FInal_HDC.runs/synth_1/.Xil/Vivado-1359628-bsp-lab-HP-Z640-Workstation/realtime/design_1_axi_interconnect_0_imp_auto_pc_1_stub.v:6]
WARNING: [Synth 8-7071] port 'm_axi_awregion' of module 'design_1_axi_interconnect_0_imp_auto_pc_1' is unconnected for instance 'auto_pc' [/home/bsp-lab/Desktop/Final HDC/FInal_HDC/FInal_HDC.gen/sources_1/bd/design_1/synth/design_1.v:2236]
WARNING: [Synth 8-7071] port 'm_axi_arregion' of module 'design_1_axi_interconnect_0_imp_auto_pc_1' is unconnected for instance 'auto_pc' [/home/bsp-lab/Desktop/Final HDC/FInal_HDC/FInal_HDC.gen/sources_1/bd/design_1/synth/design_1.v:2236]
WARNING: [Synth 8-7023] instance 'auto_pc' of module 'design_1_axi_interconnect_0_imp_auto_pc_1' has 79 connections declared, but only 77 given [/home/bsp-lab/Desktop/Final HDC/FInal_HDC/FInal_HDC.gen/sources_1/bd/design_1/synth/design_1.v:2236]
INFO: [Synth 8-6155] done synthesizing module 's00_couplers_imp_O7FAN0' (0#1) [/home/bsp-lab/Desktop/Final HDC/FInal_HDC/FInal_HDC.gen/sources_1/bd/design_1/synth/design_1.v:1998]
INFO: [Synth 8-6157] synthesizing module 'design_1_axi_interconnect_0_imp_xbar_0' [/home/bsp-lab/Desktop/Final HDC/FInal_HDC/FInal_HDC.runs/synth_1/.Xil/Vivado-1359628-bsp-lab-HP-Z640-Workstation/realtime/design_1_axi_interconnect_0_imp_xbar_0_stub.v:6]
INFO: [Synth 8-6155] done synthesizing module 'design_1_axi_interconnect_0_imp_xbar_0' (0#1) [/home/bsp-lab/Desktop/Final HDC/FInal_HDC/FInal_HDC.runs/synth_1/.Xil/Vivado-1359628-bsp-lab-HP-Z640-Workstation/realtime/design_1_axi_interconnect_0_imp_xbar_0_stub.v:6]
INFO: [Synth 8-6155] done synthesizing module 'design_1_axi_interconnect_0_0' (0#1) [/home/bsp-lab/Desktop/Final HDC/FInal_HDC/FInal_HDC.gen/sources_1/bd/design_1/synth/design_1.v:786]
INFO: [Synth 8-6157] synthesizing module 'design_1_axi_pc_dma_0_0' [/home/bsp-lab/Desktop/Final HDC/FInal_HDC/FInal_HDC.runs/synth_1/.Xil/Vivado-1359628-bsp-lab-HP-Z640-Workstation/realtime/design_1_axi_pc_dma_0_0_stub.v:6]
INFO: [Synth 8-6155] done synthesizing module 'design_1_axi_pc_dma_0_0' (0#1) [/home/bsp-lab/Desktop/Final HDC/FInal_HDC/FInal_HDC.runs/synth_1/.Xil/Vivado-1359628-bsp-lab-HP-Z640-Workstation/realtime/design_1_axi_pc_dma_0_0_stub.v:6]
WARNING: [Synth 8-7071] port 'm_axi_awprot' of module 'design_1_axi_pc_dma_0_0' is unconnected for instance 'axi_pc_dma_0' [/home/bsp-lab/Desktop/Final HDC/FInal_HDC/FInal_HDC.gen/sources_1/bd/design_1/synth/design_1.v:484]
WARNING: [Synth 8-7071] port 'm_axi_wstrb' of module 'design_1_axi_pc_dma_0_0' is unconnected for instance 'axi_pc_dma_0' [/home/bsp-lab/Desktop/Final HDC/FInal_HDC/FInal_HDC.gen/sources_1/bd/design_1/synth/design_1.v:484]
WARNING: [Synth 8-7071] port 'm_axi_arprot' of module 'design_1_axi_pc_dma_0_0' is unconnected for instance 'axi_pc_dma_0' [/home/bsp-lab/Desktop/Final HDC/FInal_HDC/FInal_HDC.gen/sources_1/bd/design_1/synth/design_1.v:484]
WARNING: [Synth 8-7023] instance 'axi_pc_dma_0' of module 'design_1_axi_pc_dma_0_0' has 60 connections declared, but only 57 given [/home/bsp-lab/Desktop/Final HDC/FInal_HDC/FInal_HDC.gen/sources_1/bd/design_1/synth/design_1.v:484]
INFO: [Synth 8-6157] synthesizing module 'design_1_axi_smc_0_0' [/home/bsp-lab/Desktop/Final HDC/FInal_HDC/FInal_HDC.runs/synth_1/.Xil/Vivado-1359628-bsp-lab-HP-Z640-Workstation/realtime/design_1_axi_smc_0_0_stub.v:6]
INFO: [Synth 8-6155] done synthesizing module 'design_1_axi_smc_0_0' (0#1) [/home/bsp-lab/Desktop/Final HDC/FInal_HDC/FInal_HDC.runs/synth_1/.Xil/Vivado-1359628-bsp-lab-HP-Z640-Workstation/realtime/design_1_axi_smc_0_0_stub.v:6]
INFO: [Synth 8-6157] synthesizing module 'design_1_hdc_stream_system_0_0' [/home/bsp-lab/Desktop/Final HDC/FInal_HDC/FInal_HDC.runs/synth_1/.Xil/Vivado-1359628-bsp-lab-HP-Z640-Workstation/realtime/design_1_hdc_stream_system_0_0_stub.v:6]
INFO: [Synth 8-6155] done synthesizing module 'design_1_hdc_stream_system_0_0' (0#1) [/home/bsp-lab/Desktop/Final HDC/FInal_HDC/FInal_HDC.runs/synth_1/.Xil/Vivado-1359628-bsp-lab-HP-Z640-Workstation/realtime/design_1_hdc_stream_system_0_0_stub.v:6]
INFO: [Synth 8-6157] synthesizing module 'design_1_proc_sys_reset_0_0' [/home/bsp-lab/Desktop/Final HDC/FInal_HDC/FInal_HDC.runs/synth_1/.Xil/Vivado-1359628-bsp-lab-HP-Z640-Workstation/realtime/design_1_proc_sys_reset_0_0_stub.v:6]
INFO: [Synth 8-6155] done synthesizing module 'design_1_proc_sys_reset_0_0' (0#1) [/home/bsp-lab/Desktop/Final HDC/FInal_HDC/FInal_HDC.runs/synth_1/.Xil/Vivado-1359628-bsp-lab-HP-Z640-Workstation/realtime/design_1_proc_sys_reset_0_0_stub.v:6]
WARNING: [Synth 8-7071] port 'mb_reset' of module 'design_1_proc_sys_reset_0_0' is unconnected for instance 'proc_sys_reset_0' [/home/bsp-lab/Desktop/Final HDC/FInal_HDC/FInal_HDC.gen/sources_1/bd/design_1/synth/design_1.v:672]
WARNING: [Synth 8-7071] port 'bus_struct_reset' of module 'design_1_proc_sys_reset_0_0' is unconnected for instance 'proc_sys_reset_0' [/home/bsp-lab/Desktop/Final HDC/FInal_HDC/FInal_HDC.gen/sources_1/bd/design_1/synth/design_1.v:672]
WARNING: [Synth 8-7071] port 'peripheral_reset' of module 'design_1_proc_sys_reset_0_0' is unconnected for instance 'proc_sys_reset_0' [/home/bsp-lab/Desktop/Final HDC/FInal_HDC/FInal_HDC.gen/sources_1/bd/design_1/synth/design_1.v:672]
WARNING: [Synth 8-7071] port 'interconnect_aresetn' of module 'design_1_proc_sys_reset_0_0' is unconnected for instance 'proc_sys_reset_0' [/home/bsp-lab/Desktop/Final HDC/FInal_HDC/FInal_HDC.gen/sources_1/bd/design_1/synth/design_1.v:672]
WARNING: [Synth 8-7023] instance 'proc_sys_reset_0' of module 'design_1_proc_sys_reset_0_0' has 10 connections declared, but only 6 given [/home/bsp-lab/Desktop/Final HDC/FInal_HDC/FInal_HDC.gen/sources_1/bd/design_1/synth/design_1.v:672]
INFO: [Synth 8-6157] synthesizing module 'design_1_processing_system7_0_0' [/home/bsp-lab/Desktop/Final HDC/FInal_HDC/FInal_HDC.runs/synth_1/.Xil/Vivado-1359628-bsp-lab-HP-Z640-Workstation/realtime/design_1_processing_system7_0_0_stub.v:6]
INFO: [Synth 8-6155] done synthesizing module 'design_1_processing_system7_0_0' (0#1) [/home/bsp-lab/Desktop/Final HDC/FInal_HDC/FInal_HDC.runs/synth_1/.Xil/Vivado-1359628-bsp-lab-HP-Z640-Workstation/realtime/design_1_processing_system7_0_0_stub.v:6]
WARNING: [Synth 8-7071] port 'ENET0_MDIO_MDC' of module 'design_1_processing_system7_0_0' is unconnected for instance 'processing_system7_0' [/home/bsp-lab/Desktop/Final HDC/FInal_HDC/FInal_HDC.gen/sources_1/bd/design_1/synth/design_1.v:679]
WARNING: [Synth 8-7071] port 'ENET0_MDIO_O' of module 'design_1_processing_system7_0_0' is unconnected for instance 'processing_system7_0' [/home/bsp-lab/Desktop/Final HDC/FInal_HDC/FInal_HDC.gen/sources_1/bd/design_1/synth/design_1.v:679]
WARNING: [Synth 8-7071] port 'ENET0_MDIO_T' of module 'design_1_processing_system7_0_0' is unconnected for instance 'processing_system7_0' [/home/bsp-lab/Desktop/Final HDC/FInal_HDC/FInal_HDC.gen/sources_1/bd/design_1/synth/design_1.v:679]
WARNING: [Synth 8-7071] port 'TTC0_WAVE0_OUT' of module 'design_1_processing_system7_0_0' is unconnected for instance 'processing_system7_0' [/home/bsp-lab/Desktop/Final HDC/FInal_HDC/FInal_HDC.gen/sources_1/bd/design_1/synth/design_1.v:679]
WARNING: [Synth 8-7071] port 'TTC0_WAVE1_OUT' of module 'design_1_processing_system7_0_0' is unconnected for instance 'processing_system7_0' [/home/bsp-lab/Desktop/Final HDC/FInal_HDC/FInal_HDC.gen/sources_1/bd/design_1/synth/design_1.v:679]
WARNING: [Synth 8-7071] port 'TTC0_WAVE2_OUT' of module 'design_1_processing_system7_0_0' is unconnected for instance 'processing_system7_0' [/home/bsp-lab/Desktop/Final HDC/FInal_HDC/FInal_HDC.gen/sources_1/bd/design_1/synth/design_1.v:679]
WARNING: [Synth 8-7071] port 'USB0_PORT_INDCTL' of module 'design_1_processing_system7_0_0' is unconnected for instance 'processing_system7_0' [/home/bsp-lab/Desktop/Final HDC/FInal_HDC/FInal_HDC.gen/sources_1/bd/design_1/synth/design_1.v:679]
WARNING: [Synth 8-7071] port 'USB0_VBUS_PWRSELECT' of module 'design_1_processing_system7_0_0' is unconnected for instance 'processing_system7_0' [/home/bsp-lab/Desktop/Final HDC/FInal_HDC/FInal_HDC.gen/sources_1/bd/design_1/synth/design_1.v:679]
WARNING: [Synth 8-7071] port 'S_AXI_HP0_BID' of module 'design_1_processing_system7_0_0' is unconnected for instance 'processing_system7_0' [/home/bsp-lab/Desktop/Final HDC/FInal_HDC/FInal_HDC.gen/sources_1/bd/design_1/synth/design_1.v:679]
WARNING: [Synth 8-7071] port 'S_AXI_HP0_RID' of module 'design_1_processing_system7_0_0' is unconnected for instance 'processing_system7_0' [/home/bsp-lab/Desktop/Final HDC/FInal_HDC/FInal_HDC.gen/sources_1/bd/design_1/synth/design_1.v:679]
WARNING: [Synth 8-7071] port 'S_AXI_HP0_RCOUNT' of module 'design_1_processing_system7_0_0' is unconnected for instance 'processing_system7_0' [/home/bsp-lab/Desktop/Final HDC/FInal_HDC/FInal_HDC.gen/sources_1/bd/design_1/synth/design_1.v:679]
WARNING: [Synth 8-7071] port 'S_AXI_HP0_WCOUNT' of module 'design_1_processing_system7_0_0' is unconnected for instance 'processing_system7_0' [/home/bsp-lab/Desktop/Final HDC/FInal_HDC/FInal_HDC.gen/sources_1/bd/design_1/synth/design_1.v:679]
WARNING: [Synth 8-7071] port 'S_AXI_HP0_RACOUNT' of module 'design_1_processing_system7_0_0' is unconnected for instance 'processing_system7_0' [/home/bsp-lab/Desktop/Final HDC/FInal_HDC/FInal_HDC.gen/sources_1/bd/design_1/synth/design_1.v:679]
WARNING: [Synth 8-7071] port 'S_AXI_HP0_WACOUNT' of module 'design_1_processing_system7_0_0' is unconnected for instance 'processing_system7_0' [/home/bsp-lab/Desktop/Final HDC/FInal_HDC/FInal_HDC.gen/sources_1/bd/design_1/synth/design_1.v:679]
WARNING: [Synth 8-7023] instance 'processing_system7_0' of module 'design_1_processing_system7_0_0' has 118 connections declared, but only 104 given [/home/bsp-lab/Desktop/Final HDC/FInal_HDC/FInal_HDC.gen/sources_1/bd/design_1/synth/design_1.v:679]
INFO: [Synth 8-6155] done synthesizing module 'design_1' (0#1) [/home/bsp-lab/Desktop/Final HDC/FInal_HDC/FInal_HDC.gen/sources_1/bd/design_1/synth/design_1.v:13]
INFO: [Synth 8-6155] done synthesizing module 'design_1_wrapper' (0#1) [/home/bsp-lab/Desktop/Final HDC/FInal_HDC/FInal_HDC.gen/sources_1/bd/design_1/hdl/design_1_wrapper.v:13]
WARNING: [Synth 8-7129] Port M_ACLK in module s00_couplers_imp_O7FAN0 is either unconnected or has no load
WARNING: [Synth 8-7129] Port M_ARESETN in module s00_couplers_imp_O7FAN0 is either unconnected or has no load
WARNING: [Synth 8-7129] Port M_ACLK in module m01_couplers_imp_I4GRPB is either unconnected or has no load
WARNING: [Synth 8-7129] Port M_ARESETN in module m01_couplers_imp_I4GRPB is either unconnected or has no load
WARNING: [Synth 8-7129] Port S_ACLK in module m01_couplers_imp_I4GRPB is either unconnected or has no load
WARNING: [Synth 8-7129] Port S_ARESETN in module m01_couplers_imp_I4GRPB is either unconnected or has no load
WARNING: [Synth 8-7129] Port M_ACLK in module m00_couplers_imp_1CA5Z32 is either unconnected or has no load
WARNING: [Synth 8-7129] Port M_ARESETN in module m00_couplers_imp_1CA5Z32 is either unconnected or has no load
WARNING: [Synth 8-7129] Port S_AXI_araddr[31] in module m00_couplers_imp_1CA5Z32 is either unconnected or has no load
WARNING: [Synth 8-7129] Port S_AXI_araddr[30] in module m00_couplers_imp_1CA5Z32 is either unconnected or has no load
WARNING: [Synth 8-7129] Port S_AXI_araddr[29] in module m00_couplers_imp_1CA5Z32 is either unconnected or has no load
WARNING: [Synth 8-7129] Port S_AXI_araddr[28] in module m00_couplers_imp_1CA5Z32 is either unconnected or has no load
WARNING: [Synth 8-7129] Port S_AXI_araddr[27] in module m00_couplers_imp_1CA5Z32 is either unconnected or has no load
WARNING: [Synth 8-7129] Port S_AXI_araddr[26] in module m00_couplers_imp_1CA5Z32 is either unconnected or has no load
WARNING: [Synth 8-7129] Port S_AXI_araddr[25] in module m00_couplers_imp_1CA5Z32 is either unconnected or has no load
WARNING: [Synth 8-7129] Port S_AXI_araddr[24] in module m00_couplers_imp_1CA5Z32 is either unconnected or has no load
WARNING: [Synth 8-7129] Port S_AXI_araddr[23] in module m00_couplers_imp_1CA5Z32 is either unconnected or has no load
WARNING: [Synth 8-7129] Port S_AXI_araddr[22] in module m00_couplers_imp_1CA5Z32 is either unconnected or has no load
WARNING: [Synth 8-7129] Port S_AXI_araddr[21] in module m00_couplers_imp_1CA5Z32 is either unconnected or has no load
WARNING: [Synth 8-7129] Port S_AXI_araddr[20] in module m00_couplers_imp_1CA5Z32 is either unconnected or has no load
WARNING: [Synth 8-7129] Port S_AXI_araddr[19] in module m00_couplers_imp_1CA5Z32 is either unconnected or has no load
WARNING: [Synth 8-7129] Port S_AXI_araddr[18] in module m00_couplers_imp_1CA5Z32 is either unconnected or has no load
WARNING: [Synth 8-7129] Port S_AXI_araddr[17] in module m00_couplers_imp_1CA5Z32 is either unconnected or has no load
WARNING: [Synth 8-7129] Port S_AXI_araddr[16] in module m00_couplers_imp_1CA5Z32 is either unconnected or has no load
WARNING: [Synth 8-7129] Port S_AXI_araddr[15] in module m00_couplers_imp_1CA5Z32 is either unconnected or has no load
WARNING: [Synth 8-7129] Port S_AXI_araddr[14] in module m00_couplers_imp_1CA5Z32 is either unconnected or has no load
WARNING: [Synth 8-7129] Port S_AXI_araddr[13] in module m00_couplers_imp_1CA5Z32 is either unconnected or has no load
WARNING: [Synth 8-7129] Port S_AXI_araddr[12] in module m00_couplers_imp_1CA5Z32 is either unconnected or has no load
WARNING: [Synth 8-7129] Port S_AXI_awaddr[31] in module m00_couplers_imp_1CA5Z32 is either unconnected or has no load
WARNING: [Synth 8-7129] Port S_AXI_awaddr[30] in module m00_couplers_imp_1CA5Z32 is either unconnected or has no load
WARNING: [Synth 8-7129] Port S_AXI_awaddr[29] in module m00_couplers_imp_1CA5Z32 is either unconnected or has no load
WARNING: [Synth 8-7129] Port S_AXI_awaddr[28] in module m00_couplers_imp_1CA5Z32 is either unconnected or has no load
WARNING: [Synth 8-7129] Port S_AXI_awaddr[27] in module m00_couplers_imp_1CA5Z32 is either unconnected or has no load
WARNING: [Synth 8-7129] Port S_AXI_awaddr[26] in module m00_couplers_imp_1CA5Z32 is either unconnected or has no load
WARNING: [Synth 8-7129] Port S_AXI_awaddr[25] in module m00_couplers_imp_1CA5Z32 is either unconnected or has no load
WARNING: [Synth 8-7129] Port S_AXI_awaddr[24] in module m00_couplers_imp_1CA5Z32 is either unconnected or has no load
WARNING: [Synth 8-7129] Port S_AXI_awaddr[23] in module m00_couplers_imp_1CA5Z32 is either unconnected or has no load
WARNING: [Synth 8-7129] Port S_AXI_awaddr[22] in module m00_couplers_imp_1CA5Z32 is either unconnected or has no load
WARNING: [Synth 8-7129] Port S_AXI_awaddr[21] in module m00_couplers_imp_1CA5Z32 is either unconnected or has no load
WARNING: [Synth 8-7129] Port S_AXI_awaddr[20] in module m00_couplers_imp_1CA5Z32 is either unconnected or has no load
WARNING: [Synth 8-7129] Port S_AXI_awaddr[19] in module m00_couplers_imp_1CA5Z32 is either unconnected or has no load
WARNING: [Synth 8-7129] Port S_AXI_awaddr[18] in module m00_couplers_imp_1CA5Z32 is either unconnected or has no load
WARNING: [Synth 8-7129] Port S_AXI_awaddr[17] in module m00_couplers_imp_1CA5Z32 is either unconnected or has no load
WARNING: [Synth 8-7129] Port S_AXI_awaddr[16] in module m00_couplers_imp_1CA5Z32 is either unconnected or has no load
WARNING: [Synth 8-7129] Port S_AXI_awaddr[15] in module m00_couplers_imp_1CA5Z32 is either unconnected or has no load
WARNING: [Synth 8-7129] Port S_AXI_awaddr[14] in module m00_couplers_imp_1CA5Z32 is either unconnected or has no load
WARNING: [Synth 8-7129] Port S_AXI_awaddr[13] in module m00_couplers_imp_1CA5Z32 is either unconnected or has no load
WARNING: [Synth 8-7129] Port S_AXI_awaddr[12] in module m00_couplers_imp_1CA5Z32 is either unconnected or has no load
WARNING: [Synth 8-7129] Port M00_ACLK in module design_1_axi_interconnect_0_0 is either unconnected or has no load
WARNING: [Synth 8-7129] Port M00_ARESETN in module design_1_axi_interconnect_0_0 is either unconnected or has no load
WARNING: [Synth 8-7129] Port M01_ACLK in module design_1_axi_interconnect_0_0 is either unconnected or has no load
WARNING: [Synth 8-7129] Port M01_ARESETN in module design_1_axi_interconnect_0_0 is either unconnected or has no load
WARNING: [Synth 8-7129] Port S00_ACLK in module design_1_axi_interconnect_0_0 is either unconnected or has no load
WARNING: [Synth 8-7129] Port S00_ARESETN in module design_1_axi_interconnect_0_0 is either unconnected or has no load
---------------------------------------------------------------------------------
Finished RTL Elaboration : Time (s): cpu = 00:00:08 ; elapsed = 00:00:08 . Memory (MB): peak = 2317.734 ; gain = 509.766 ; free physical = 7151 ; free virtual = 22592
---------------------------------------------------------------------------------
---------------------------------------------------------------------------------
Start Handling Custom Attributes
---------------------------------------------------------------------------------
---------------------------------------------------------------------------------
Finished Handling Custom Attributes : Time (s): cpu = 00:00:08 ; elapsed = 00:00:08 . Memory (MB): peak = 2323.672 ; gain = 515.703 ; free physical = 7151 ; free virtual = 22592
---------------------------------------------------------------------------------
---------------------------------------------------------------------------------
Finished RTL Optimization Phase 1 : Time (s): cpu = 00:00:08 ; elapsed = 00:00:08 . Memory (MB): peak = 2323.672 ; gain = 515.703 ; free physical = 7151 ; free virtual = 22592
---------------------------------------------------------------------------------
Netlist sorting complete. Time (s): cpu = 00:00:00.02 ; elapsed = 00:00:00.01 . Memory (MB): peak = 2327.672 ; gain = 0.000 ; free physical = 7150 ; free virtual = 22591
INFO: [Project 1-570] Preparing netlist for logic optimization

Processing XDC Constraints
Initializing timing engine
Parsing XDC File [/home/bsp-lab/Desktop/Final HDC/FInal_HDC/FInal_HDC.gen/sources_1/bd/design_1/ip/design_1_processing_system7_0_0/design_1_processing_system7_0_0/design_1_processing_system7_0_0_in_context.xdc] for cell 'design_1_i/processing_system7_0'
Finished Parsing XDC File [/home/bsp-lab/Desktop/Final HDC/FInal_HDC/FInal_HDC.gen/sources_1/bd/design_1/ip/design_1_processing_system7_0_0/design_1_processing_system7_0_0/design_1_processing_system7_0_0_in_context.xdc] for cell 'design_1_i/processing_system7_0'
Parsing XDC File [/home/bsp-lab/Desktop/Final HDC/FInal_HDC/FInal_HDC.gen/sources_1/bd/design_1/ip/design_1_axi_interconnect_0_imp_xbar_0/design_1_axi_interconnect_0_imp_xbar_0/design_1_axi_interconnect_0_imp_xbar_0_in_context.xdc] for cell 'design_1_i/axi_interconnect_0/xbar'
Finished Parsing XDC File [/home/bsp-lab/Desktop/Final HDC/FInal_HDC/FInal_HDC.gen/sources_1/bd/design_1/ip/design_1_axi_interconnect_0_imp_xbar_0/design_1_axi_interconnect_0_imp_xbar_0/design_1_axi_interconnect_0_imp_xbar_0_in_context.xdc] for cell 'design_1_i/axi_interconnect_0/xbar'
Parsing XDC File [/home/bsp-lab/Desktop/Final HDC/FInal_HDC/FInal_HDC.gen/sources_1/bd/design_1/ip/design_1_axi_interconnect_0_imp_auto_pc_1/design_1_axi_interconnect_0_imp_auto_pc_1/design_1_axi_interconnect_0_imp_auto_pc_1_in_context.xdc] for cell 'design_1_i/axi_interconnect_0/s00_couplers/auto_pc'
Finished Parsing XDC File [/home/bsp-lab/Desktop/Final HDC/FInal_HDC/FInal_HDC.gen/sources_1/bd/design_1/ip/design_1_axi_interconnect_0_imp_auto_pc_1/design_1_axi_interconnect_0_imp_auto_pc_1/design_1_axi_interconnect_0_imp_auto_pc_1_in_context.xdc] for cell 'design_1_i/axi_interconnect_0/s00_couplers/auto_pc'
Parsing XDC File [/home/bsp-lab/Desktop/Final HDC/FInal_HDC/FInal_HDC.gen/sources_1/bd/design_1/ip/design_1_axi_interconnect_0_imp_auto_pc_0/design_1_axi_interconnect_0_imp_auto_pc_0/design_1_axi_interconnect_0_imp_auto_pc_0_in_context.xdc] for cell 'design_1_i/axi_interconnect_0/m00_couplers/auto_pc'
Finished Parsing XDC File [/home/bsp-lab/Desktop/Final HDC/FInal_HDC/FInal_HDC.gen/sources_1/bd/design_1/ip/design_1_axi_interconnect_0_imp_auto_pc_0/design_1_axi_interconnect_0_imp_auto_pc_0/design_1_axi_interconnect_0_imp_auto_pc_0_in_context.xdc] for cell 'design_1_i/axi_interconnect_0/m00_couplers/auto_pc'
Parsing XDC File [/home/bsp-lab/Desktop/Final HDC/FInal_HDC/FInal_HDC.gen/sources_1/bd/design_1/ip/design_1_proc_sys_reset_0_0/design_1_proc_sys_reset_0_0/design_1_proc_sys_reset_0_0_in_context.xdc] for cell 'design_1_i/proc_sys_reset_0'
Finished Parsing XDC File [/home/bsp-lab/Desktop/Final HDC/FInal_HDC/FInal_HDC.gen/sources_1/bd/design_1/ip/design_1_proc_sys_reset_0_0/design_1_proc_sys_reset_0_0/design_1_proc_sys_reset_0_0_in_context.xdc] for cell 'design_1_i/proc_sys_reset_0'
Parsing XDC File [/home/bsp-lab/Desktop/Final HDC/FInal_HDC/FInal_HDC.gen/sources_1/bd/design_1/ip/design_1_hdc_stream_system_0_0/design_1_hdc_stream_system_0_0/design_1_hdc_stream_system_0_0_in_context.xdc] for cell 'design_1_i/hdc_stream_system_0'
Finished Parsing XDC File [/home/bsp-lab/Desktop/Final HDC/FInal_HDC/FInal_HDC.gen/sources_1/bd/design_1/ip/design_1_hdc_stream_system_0_0/design_1_hdc_stream_system_0_0/design_1_hdc_stream_system_0_0_in_context.xdc] for cell 'design_1_i/hdc_stream_system_0'
Parsing XDC File [/home/bsp-lab/Desktop/Final HDC/FInal_HDC/FInal_HDC.gen/sources_1/bd/design_1/ip/design_1_axi_dma_0_0/design_1_axi_dma_0_0/design_1_axi_dma_0_0_in_context.xdc] for cell 'design_1_i/axi_dma_0'
Finished Parsing XDC File [/home/bsp-lab/Desktop/Final HDC/FInal_HDC/FInal_HDC.gen/sources_1/bd/design_1/ip/design_1_axi_dma_0_0/design_1_axi_dma_0_0/design_1_axi_dma_0_0_in_context.xdc] for cell 'design_1_i/axi_dma_0'
Parsing XDC File [/home/bsp-lab/Desktop/Final HDC/FInal_HDC/FInal_HDC.gen/sources_1/bd/design_1/ip/design_1_axi_smc_0_0/design_1_axi_smc_0_0/design_1_axi_smc_0_0_in_context.xdc] for cell 'design_1_i/axi_smc_0'
Finished Parsing XDC File [/home/bsp-lab/Desktop/Final HDC/FInal_HDC/FInal_HDC.gen/sources_1/bd/design_1/ip/design_1_axi_smc_0_0/design_1_axi_smc_0_0/design_1_axi_smc_0_0_in_context.xdc] for cell 'design_1_i/axi_smc_0'
Parsing XDC File [/home/bsp-lab/Desktop/Final HDC/FInal_HDC/FInal_HDC.gen/sources_1/bd/design_1/ip/design_1_axi_pc_dma_0_0/design_1_axi_pc_dma_0_0/design_1_axi_pc_dma_0_0_in_context.xdc] for cell 'design_1_i/axi_pc_dma_0'
Finished Parsing XDC File [/home/bsp-lab/Desktop/Final HDC/FInal_HDC/FInal_HDC.gen/sources_1/bd/design_1/ip/design_1_axi_pc_dma_0_0/design_1_axi_pc_dma_0_0/design_1_axi_pc_dma_0_0_in_context.xdc] for cell 'design_1_i/axi_pc_dma_0'
Parsing XDC File [/home/bsp-lab/Desktop/Final HDC/FInal_HDC/FInal_HDC.runs/synth_1/dont_touch.xdc]
Finished Parsing XDC File [/home/bsp-lab/Desktop/Final HDC/FInal_HDC/FInal_HDC.runs/synth_1/dont_touch.xdc]
Completed Processing XDC Constraints

Netlist sorting complete. Time (s): cpu = 00:00:00 ; elapsed = 00:00:00 . Memory (MB): peak = 2370.660 ; gain = 0.000 ; free physical = 7155 ; free virtual = 22596
INFO: [Project 1-111] Unisim Transformation Summary:
No Unisim elements were transformed.

Constraint Validation Runtime : Time (s): cpu = 00:00:00 ; elapsed = 00:00:00.01 . Memory (MB): peak = 2370.660 ; gain = 0.000 ; free physical = 7155 ; free virtual = 22596
INFO: [Designutils 20-5440] No compile time benefit to using incremental synthesis; A full resynthesis will be run
INFO: [Designutils 20-4379] Flow is switching to default flow due to incremental criteria not met. If you would like to alter this behaviour and have the flow terminate instead, please set the following parameter config_implementation {autoIncr.Synth.RejectBehavior Terminate}
---------------------------------------------------------------------------------
Finished Constraint Validation : Time (s): cpu = 00:00:16 ; elapsed = 00:00:17 . Memory (MB): peak = 2370.660 ; gain = 562.691 ; free physical = 7207 ; free virtual = 22648
---------------------------------------------------------------------------------
---------------------------------------------------------------------------------
Start Loading Part and Timing Information
---------------------------------------------------------------------------------
Loading part: xc7z020clg484-1
---------------------------------------------------------------------------------
Finished Loading Part and Timing Information : Time (s): cpu = 00:00:16 ; elapsed = 00:00:17 . Memory (MB): peak = 2378.664 ; gain = 570.695 ; free physical = 7207 ; free virtual = 22648
---------------------------------------------------------------------------------
---------------------------------------------------------------------------------
Start Applying 'set_property' XDC Constraints
---------------------------------------------------------------------------------
Applied set_property IO_BUFFER_TYPE = NONE for DDR_addr[0]. (constraint file  {/home/bsp-lab/Desktop/Final HDC/FInal_HDC/FInal_HDC.gen/sources_1/bd/design_1/ip/design_1_processing_system7_0_0/design_1_processing_system7_0_0/design_1_processing_system7_0_0_in_context.xdc}, line 2).
Applied set_property CLOCK_BUFFER_TYPE = NONE for DDR_addr[0]. (constraint file  {/home/bsp-lab/Desktop/Final HDC/FInal_HDC/FInal_HDC.gen/sources_1/bd/design_1/ip/design_1_processing_system7_0_0/design_1_processing_system7_0_0/design_1_processing_system7_0_0_in_context.xdc}, line 3).
Applied set_property IO_BUFFER_TYPE = NONE for DDR_addr[10]. (constraint file  {/home/bsp-lab/Desktop/Final HDC/FInal_HDC/FInal_HDC.gen/sources_1/bd/design_1/ip/design_1_processing_system7_0_0/design_1_processing_system7_0_0/design_1_processing_system7_0_0_in_context.xdc}, line 4).
Applied set_property CLOCK_BUFFER_TYPE = NONE for DDR_addr[10]. (constraint file  {/home/bsp-lab/Desktop/Final HDC/FInal_HDC/FInal_HDC.gen/sources_1/bd/design_1/ip/design_1_processing_system7_0_0/design_1_processing_system7_0_0/design_1_processing_system7_0_0_in_context.xdc}, line 5).
Applied set_property IO_BUFFER_TYPE = NONE for DDR_addr[11]. (constraint file  {/home/bsp-lab/Desktop/Final HDC/FInal_HDC/FInal_HDC.gen/sources_1/bd/design_1/ip/design_1_processing_system7_0_0/design_1_processing_system7_0_0/design_1_processing_system7_0_0_in_context.xdc}, line 6).
Applied set_property CLOCK_BUFFER_TYPE = NONE for DDR_addr[11]. (constraint file  {/home/bsp-lab/Desktop/Final HDC/FInal_HDC/FInal_HDC.gen/sources_1/bd/design_1/ip/design_1_processing_system7_0_0/design_1_processing_system7_0_0/design_1_processing_system7_0_0_in_context.xdc}, line 7).
Applied set_property IO_BUFFER_TYPE = NONE for DDR_addr[12]. (constraint file  {/home/bsp-lab/Desktop/Final HDC/FInal_HDC/FInal_HDC.gen/sources_1/bd/design_1/ip/design_1_processing_system7_0_0/design_1_processing_system7_0_0/design_1_processing_system7_0_0_in_context.xdc}, line 8).
Applied set_property CLOCK_BUFFER_TYPE = NONE for DDR_addr[12]. (constraint file  {/home/bsp-lab/Desktop/Final HDC/FInal_HDC/FInal_HDC.gen/sources_1/bd/design_1/ip/design_1_processing_system7_0_0/design_1_processing_system7_0_0/design_1_processing_system7_0_0_in_context.xdc}, line 9).
Applied set_property IO_BUFFER_TYPE = NONE for DDR_addr[13]. (constraint file  {/home/bsp-lab/Desktop/Final HDC/FInal_HDC/FInal_HDC.gen/sources_1/bd/design_1/ip/design_1_processing_system7_0_0/design_1_processing_system7_0_0/design_1_processing_system7_0_0_in_context.xdc}, line 10).
Applied set_property CLOCK_BUFFER_TYPE = NONE for DDR_addr[13]. (constraint file  {/home/bsp-lab/Desktop/Final HDC/FInal_HDC/FInal_HDC.gen/sources_1/bd/design_1/ip/design_1_processing_system7_0_0/design_1_processing_system7_0_0/design_1_processing_system7_0_0_in_context.xdc}, line 11).
Applied set_property IO_BUFFER_TYPE = NONE for DDR_addr[14]. (constraint file  {/home/bsp-lab/Desktop/Final HDC/FInal_HDC/FInal_HDC.gen/sources_1/bd/design_1/ip/design_1_processing_system7_0_0/design_1_processing_system7_0_0/design_1_processing_system7_0_0_in_context.xdc}, line 12).
Applied set_property CLOCK_BUFFER_TYPE = NONE for DDR_addr[14]. (constraint file  {/home/bsp-lab/Desktop/Final HDC/FInal_HDC/FInal_HDC.gen/sources_1/bd/design_1/ip/design_1_processing_system7_0_0/design_1_processing_system7_0_0/design_1_processing_system7_0_0_in_context.xdc}, line 13).
Applied set_property IO_BUFFER_TYPE = NONE for DDR_addr[1]. (constraint file  {/home/bsp-lab/Desktop/Final HDC/FInal_HDC/FInal_HDC.gen/sources_1/bd/design_1/ip/design_1_processing_system7_0_0/design_1_processing_system7_0_0/design_1_processing_system7_0_0_in_context.xdc}, line 14).
Applied set_property CLOCK_BUFFER_TYPE = NONE for DDR_addr[1]. (constraint file  {/home/bsp-lab/Desktop/Final HDC/FInal_HDC/FInal_HDC.gen/sources_1/bd/design_1/ip/design_1_processing_system7_0_0/design_1_processing_system7_0_0/design_1_processing_system7_0_0_in_context.xdc}, line 15).
Applied set_property IO_BUFFER_TYPE = NONE for DDR_addr[2]. (constraint file  {/home/bsp-lab/Desktop/Final HDC/FInal_HDC/FInal_HDC.gen/sources_1/bd/design_1/ip/design_1_processing_system7_0_0/design_1_processing_system7_0_0/design_1_processing_system7_0_0_in_context.xdc}, line 16).
Applied set_property CLOCK_BUFFER_TYPE = NONE for DDR_addr[2]. (constraint file  {/home/bsp-lab/Desktop/Final HDC/FInal_HDC/FInal_HDC.gen/sources_1/bd/design_1/ip/design_1_processing_system7_0_0/design_1_processing_system7_0_0/design_1_processing_system7_0_0_in_context.xdc}, line 17).
Applied set_property IO_BUFFER_TYPE = NONE for DDR_addr[3]. (constraint file  {/home/bsp-lab/Desktop/Final HDC/FInal_HDC/FInal_HDC.gen/sources_1/bd/design_1/ip/design_1_processing_system7_0_0/design_1_processing_system7_0_0/design_1_processing_system7_0_0_in_context.xdc}, line 18).
Applied set_property CLOCK_BUFFER_TYPE = NONE for DDR_addr[3]. (constraint file  {/home/bsp-lab/Desktop/Final HDC/FInal_HDC/FInal_HDC.gen/sources_1/bd/design_1/ip/design_1_processing_system7_0_0/design_1_processing_system7_0_0/design_1_processing_system7_0_0_in_context.xdc}, line 19).
Applied set_property IO_BUFFER_TYPE = NONE for DDR_addr[4]. (constraint file  {/home/bsp-lab/Desktop/Final HDC/FInal_HDC/FInal_HDC.gen/sources_1/bd/design_1/ip/design_1_processing_system7_0_0/design_1_processing_system7_0_0/design_1_processing_system7_0_0_in_context.xdc}, line 20).
Applied set_property CLOCK_BUFFER_TYPE = NONE for DDR_addr[4]. (constraint file  {/home/bsp-lab/Desktop/Final HDC/FInal_HDC/FInal_HDC.gen/sources_1/bd/design_1/ip/design_1_processing_system7_0_0/design_1_processing_system7_0_0/design_1_processing_system7_0_0_in_context.xdc}, line 21).
Applied set_property IO_BUFFER_TYPE = NONE for DDR_addr[5]. (constraint file  {/home/bsp-lab/Desktop/Final HDC/FInal_HDC/FInal_HDC.gen/sources_1/bd/design_1/ip/design_1_processing_system7_0_0/design_1_processing_system7_0_0/design_1_processing_system7_0_0_in_context.xdc}, line 22).
Applied set_property CLOCK_BUFFER_TYPE = NONE for DDR_addr[5]. (constraint file  {/home/bsp-lab/Desktop/Final HDC/FInal_HDC/FInal_HDC.gen/sources_1/bd/design_1/ip/design_1_processing_system7_0_0/design_1_processing_system7_0_0/design_1_processing_system7_0_0_in_context.xdc}, line 23).
Applied set_property IO_BUFFER_TYPE = NONE for DDR_addr[6]. (constraint file  {/home/bsp-lab/Desktop/Final HDC/FInal_HDC/FInal_HDC.gen/sources_1/bd/design_1/ip/design_1_processing_system7_0_0/design_1_processing_system7_0_0/design_1_processing_system7_0_0_in_context.xdc}, line 24).
Applied set_property CLOCK_BUFFER_TYPE = NONE for DDR_addr[6]. (constraint file  {/home/bsp-lab/Desktop/Final HDC/FInal_HDC/FInal_HDC.gen/sources_1/bd/design_1/ip/design_1_processing_system7_0_0/design_1_processing_system7_0_0/design_1_processing_system7_0_0_in_context.xdc}, line 25).
Applied set_property IO_BUFFER_TYPE = NONE for DDR_addr[7]. (constraint file  {/home/bsp-lab/Desktop/Final HDC/FInal_HDC/FInal_HDC.gen/sources_1/bd/design_1/ip/design_1_processing_system7_0_0/design_1_processing_system7_0_0/design_1_processing_system7_0_0_in_context.xdc}, line 26).
Applied set_property CLOCK_BUFFER_TYPE = NONE for DDR_addr[7]. (constraint file  {/home/bsp-lab/Desktop/Final HDC/FInal_HDC/FInal_HDC.gen/sources_1/bd/design_1/ip/design_1_processing_system7_0_0/design_1_processing_system7_0_0/design_1_processing_system7_0_0_in_context.xdc}, line 27).
Applied set_property IO_BUFFER_TYPE = NONE for DDR_addr[8]. (constraint file  {/home/bsp-lab/Desktop/Final HDC/FInal_HDC/FInal_HDC.gen/sources_1/bd/design_1/ip/design_1_processing_system7_0_0/design_1_processing_system7_0_0/design_1_processing_system7_0_0_in_context.xdc}, line 28).
Applied set_property CLOCK_BUFFER_TYPE = NONE for DDR_addr[8]. (constraint file  {/home/bsp-lab/Desktop/Final HDC/FInal_HDC/FInal_HDC.gen/sources_1/bd/design_1/ip/design_1_processing_system7_0_0/design_1_processing_system7_0_0/design_1_processing_system7_0_0_in_context.xdc}, line 29).
Applied set_property IO_BUFFER_TYPE = NONE for DDR_addr[9]. (constraint file  {/home/bsp-lab/Desktop/Final HDC/FInal_HDC/FInal_HDC.gen/sources_1/bd/design_1/ip/design_1_processing_system7_0_0/design_1_processing_system7_0_0/design_1_processing_system7_0_0_in_context.xdc}, line 30).
Applied set_property CLOCK_BUFFER_TYPE = NONE for DDR_addr[9]. (constraint file  {/home/bsp-lab/Desktop/Final HDC/FInal_HDC/FInal_HDC.gen/sources_1/bd/design_1/ip/design_1_processing_system7_0_0/design_1_processing_system7_0_0/design_1_processing_system7_0_0_in_context.xdc}, line 31).
Applied set_property IO_BUFFER_TYPE = NONE for DDR_ba[0]. (constraint file  {/home/bsp-lab/Desktop/Final HDC/FInal_HDC/FInal_HDC.gen/sources_1/bd/design_1/ip/design_1_processing_system7_0_0/design_1_processing_system7_0_0/design_1_processing_system7_0_0_in_context.xdc}, line 32).
Applied set_property CLOCK_BUFFER_TYPE = NONE for DDR_ba[0]. (constraint file  {/home/bsp-lab/Desktop/Final HDC/FInal_HDC/FInal_HDC.gen/sources_1/bd/design_1/ip/design_1_processing_system7_0_0/design_1_processing_system7_0_0/design_1_processing_system7_0_0_in_context.xdc}, line 33).
Applied set_property IO_BUFFER_TYPE = NONE for DDR_ba[1]. (constraint file  {/home/bsp-lab/Desktop/Final HDC/FInal_HDC/FInal_HDC.gen/sources_1/bd/design_1/ip/design_1_processing_system7_0_0/design_1_processing_system7_0_0/design_1_processing_system7_0_0_in_context.xdc}, line 34).
Applied set_property CLOCK_BUFFER_TYPE = NONE for DDR_ba[1]. (constraint file  {/home/bsp-lab/Desktop/Final HDC/FInal_HDC/FInal_HDC.gen/sources_1/bd/design_1/ip/design_1_processing_system7_0_0/design_1_processing_system7_0_0/design_1_processing_system7_0_0_in_context.xdc}, line 35).
Applied set_property IO_BUFFER_TYPE = NONE for DDR_ba[2]. (constraint file  {/home/bsp-lab/Desktop/Final HDC/FInal_HDC/FInal_HDC.gen/sources_1/bd/design_1/ip/design_1_processing_system7_0_0/design_1_processing_system7_0_0/design_1_processing_system7_0_0_in_context.xdc}, line 36).
Applied set_property CLOCK_BUFFER_TYPE = NONE for DDR_ba[2]. (constraint file  {/home/bsp-lab/Desktop/Final HDC/FInal_HDC/FInal_HDC.gen/sources_1/bd/design_1/ip/design_1_processing_system7_0_0/design_1_processing_system7_0_0/design_1_processing_system7_0_0_in_context.xdc}, line 37).
Applied set_property IO_BUFFER_TYPE = NONE for DDR_cas_n. (constraint file  {/home/bsp-lab/Desktop/Final HDC/FInal_HDC/FInal_HDC.gen/sources_1/bd/design_1/ip/design_1_processing_system7_0_0/design_1_processing_system7_0_0/design_1_processing_system7_0_0_in_context.xdc}, line 38).
Applied set_property CLOCK_BUFFER_TYPE = NONE for DDR_cas_n. (constraint file  {/home/bsp-lab/Desktop/Final HDC/FInal_HDC/FInal_HDC.gen/sources_1/bd/design_1/ip/design_1_processing_system7_0_0/design_1_processing_system7_0_0/design_1_processing_system7_0_0_in_context.xdc}, line 39).
Applied set_property IO_BUFFER_TYPE = NONE for DDR_cke. (constraint file  {/home/bsp-lab/Desktop/Final HDC/FInal_HDC/FInal_HDC.gen/sources_1/bd/design_1/ip/design_1_processing_system7_0_0/design_1_processing_system7_0_0/design_1_processing_system7_0_0_in_context.xdc}, line 40).
Applied set_property CLOCK_BUFFER_TYPE = NONE for DDR_cke. (constraint file  {/home/bsp-lab/Desktop/Final HDC/FInal_HDC/FInal_HDC.gen/sources_1/bd/design_1/ip/design_1_processing_system7_0_0/design_1_processing_system7_0_0/design_1_processing_system7_0_0_in_context.xdc}, line 41).
Applied set_property IO_BUFFER_TYPE = NONE for DDR_cs_n. (constraint file  {/home/bsp-lab/Desktop/Final HDC/FInal_HDC/FInal_HDC.gen/sources_1/bd/design_1/ip/design_1_processing_system7_0_0/design_1_processing_system7_0_0/design_1_processing_system7_0_0_in_context.xdc}, line 42).
Applied set_property CLOCK_BUFFER_TYPE = NONE for DDR_cs_n. (constraint file  {/home/bsp-lab/Desktop/Final HDC/FInal_HDC/FInal_HDC.gen/sources_1/bd/design_1/ip/design_1_processing_system7_0_0/design_1_processing_system7_0_0/design_1_processing_system7_0_0_in_context.xdc}, line 43).
Applied set_property IO_BUFFER_TYPE = NONE for DDR_ck_p. (constraint file  {/home/bsp-lab/Desktop/Final HDC/FInal_HDC/FInal_HDC.gen/sources_1/bd/design_1/ip/design_1_processing_system7_0_0/design_1_processing_system7_0_0/design_1_processing_system7_0_0_in_context.xdc}, line 44).
Applied set_property CLOCK_BUFFER_TYPE = NONE for DDR_ck_p. (constraint file  {/home/bsp-lab/Desktop/Final HDC/FInal_HDC/FInal_HDC.gen/sources_1/bd/design_1/ip/design_1_processing_system7_0_0/design_1_processing_system7_0_0/design_1_processing_system7_0_0_in_context.xdc}, line 45).
Applied set_property IO_BUFFER_TYPE = NONE for DDR_ck_n. (constraint file  {/home/bsp-lab/Desktop/Final HDC/FInal_HDC/FInal_HDC.gen/sources_1/bd/design_1/ip/design_1_processing_system7_0_0/design_1_processing_system7_0_0/design_1_processing_system7_0_0_in_context.xdc}, line 46).
Applied set_property CLOCK_BUFFER_TYPE = NONE for DDR_ck_n. (constraint file  {/home/bsp-lab/Desktop/Final HDC/FInal_HDC/FInal_HDC.gen/sources_1/bd/design_1/ip/design_1_processing_system7_0_0/design_1_processing_system7_0_0/design_1_processing_system7_0_0_in_context.xdc}, line 47).
Applied set_property IO_BUFFER_TYPE = NONE for DDR_dm[0]. (constraint file  {/home/bsp-lab/Desktop/Final HDC/FInal_HDC/FInal_HDC.gen/sources_1/bd/design_1/ip/design_1_processing_system7_0_0/design_1_processing_system7_0_0/design_1_processing_system7_0_0_in_context.xdc}, line 48).
Applied set_property CLOCK_BUFFER_TYPE = NONE for DDR_dm[0]. (constraint file  {/home/bsp-lab/Desktop/Final HDC/FInal_HDC/FInal_HDC.gen/sources_1/bd/design_1/ip/design_1_processing_system7_0_0/design_1_processing_system7_0_0/design_1_processing_system7_0_0_in_context.xdc}, line 49).
Applied set_property IO_BUFFER_TYPE = NONE for DDR_dm[1]. (constraint file  {/home/bsp-lab/Desktop/Final HDC/FInal_HDC/FInal_HDC.gen/sources_1/bd/design_1/ip/design_1_processing_system7_0_0/design_1_processing_system7_0_0/design_1_processing_system7_0_0_in_context.xdc}, line 50).
Applied set_property CLOCK_BUFFER_TYPE = NONE for DDR_dm[1]. (constraint file  {/home/bsp-lab/Desktop/Final HDC/FInal_HDC/FInal_HDC.gen/sources_1/bd/design_1/ip/design_1_processing_system7_0_0/design_1_processing_system7_0_0/design_1_processing_system7_0_0_in_context.xdc}, line 51).
Applied set_property IO_BUFFER_TYPE = NONE for DDR_dm[2]. (constraint file  {/home/bsp-lab/Desktop/Final HDC/FInal_HDC/FInal_HDC.gen/sources_1/bd/design_1/ip/design_1_processing_system7_0_0/design_1_processing_system7_0_0/design_1_processing_system7_0_0_in_context.xdc}, line 52).
Applied set_property CLOCK_BUFFER_TYPE = NONE for DDR_dm[2]. (constraint file  {/home/bsp-lab/Desktop/Final HDC/FInal_HDC/FInal_HDC.gen/sources_1/bd/design_1/ip/design_1_processing_system7_0_0/design_1_processing_system7_0_0/design_1_processing_system7_0_0_in_context.xdc}, line 53).
Applied set_property IO_BUFFER_TYPE = NONE for DDR_dm[3]. (constraint file  {/home/bsp-lab/Desktop/Final HDC/FInal_HDC/FInal_HDC.gen/sources_1/bd/design_1/ip/design_1_processing_system7_0_0/design_1_processing_system7_0_0/design_1_processing_system7_0_0_in_context.xdc}, line 54).
Applied set_property CLOCK_BUFFER_TYPE = NONE for DDR_dm[3]. (constraint file  {/home/bsp-lab/Desktop/Final HDC/FInal_HDC/FInal_HDC.gen/sources_1/bd/design_1/ip/design_1_processing_system7_0_0/design_1_processing_system7_0_0/design_1_processing_system7_0_0_in_context.xdc}, line 55).
Applied set_property IO_BUFFER_TYPE = NONE for DDR_dqs_p[0]. (constraint file  {/home/bsp-lab/Desktop/Final HDC/FInal_HDC/FInal_HDC.gen/sources_1/bd/design_1/ip/design_1_processing_system7_0_0/design_1_processing_system7_0_0/design_1_processing_system7_0_0_in_context.xdc}, line 56).
Applied set_property CLOCK_BUFFER_TYPE = NONE for DDR_dqs_p[0]. (constraint file  {/home/bsp-lab/Desktop/Final HDC/FInal_HDC/FInal_HDC.gen/sources_1/bd/design_1/ip/design_1_processing_system7_0_0/design_1_processing_system7_0_0/design_1_processing_system7_0_0_in_context.xdc}, line 57).
Applied set_property IO_BUFFER_TYPE = NONE for DDR_dqs_p[1]. (constraint file  {/home/bsp-lab/Desktop/Final HDC/FInal_HDC/FInal_HDC.gen/sources_1/bd/design_1/ip/design_1_processing_system7_0_0/design_1_processing_system7_0_0/design_1_processing_system7_0_0_in_context.xdc}, line 58).
Applied set_property CLOCK_BUFFER_TYPE = NONE for DDR_dqs_p[1]. (constraint file  {/home/bsp-lab/Desktop/Final HDC/FInal_HDC/FInal_HDC.gen/sources_1/bd/design_1/ip/design_1_processing_system7_0_0/design_1_processing_system7_0_0/design_1_processing_system7_0_0_in_context.xdc}, line 59).
Applied set_property IO_BUFFER_TYPE = NONE for DDR_dqs_p[2]. (constraint file  {/home/bsp-lab/Desktop/Final HDC/FInal_HDC/FInal_HDC.gen/sources_1/bd/design_1/ip/design_1_processing_system7_0_0/design_1_processing_system7_0_0/design_1_processing_system7_0_0_in_context.xdc}, line 60).
Applied set_property CLOCK_BUFFER_TYPE = NONE for DDR_dqs_p[2]. (constraint file  {/home/bsp-lab/Desktop/Final HDC/FInal_HDC/FInal_HDC.gen/sources_1/bd/design_1/ip/design_1_processing_system7_0_0/design_1_processing_system7_0_0/design_1_processing_system7_0_0_in_context.xdc}, line 61).
Applied set_property IO_BUFFER_TYPE = NONE for DDR_dqs_p[3]. (constraint file  {/home/bsp-lab/Desktop/Final HDC/FInal_HDC/FInal_HDC.gen/sources_1/bd/design_1/ip/design_1_processing_system7_0_0/design_1_processing_system7_0_0/design_1_processing_system7_0_0_in_context.xdc}, line 62).
Applied set_property CLOCK_BUFFER_TYPE = NONE for DDR_dqs_p[3]. (constraint file  {/home/bsp-lab/Desktop/Final HDC/FInal_HDC/FInal_HDC.gen/sources_1/bd/design_1/ip/design_1_processing_system7_0_0/design_1_processing_system7_0_0/design_1_processing_system7_0_0_in_context.xdc}, line 63).
Applied set_property IO_BUFFER_TYPE = NONE for DDR_dqs_n[0]. (constraint file  {/home/bsp-lab/Desktop/Final HDC/FInal_HDC/FInal_HDC.gen/sources_1/bd/design_1/ip/design_1_processing_system7_0_0/design_1_processing_system7_0_0/design_1_processing_system7_0_0_in_context.xdc}, line 64).
Applied set_property CLOCK_BUFFER_TYPE = NONE for DDR_dqs_n[0]. (constraint file  {/home/bsp-lab/Desktop/Final HDC/FInal_HDC/FInal_HDC.gen/sources_1/bd/design_1/ip/design_1_processing_system7_0_0/design_1_processing_system7_0_0/design_1_processing_system7_0_0_in_context.xdc}, line 65).
Applied set_property IO_BUFFER_TYPE = NONE for DDR_dqs_n[1]. (constraint file  {/home/bsp-lab/Desktop/Final HDC/FInal_HDC/FInal_HDC.gen/sources_1/bd/design_1/ip/design_1_processing_system7_0_0/design_1_processing_system7_0_0/design_1_processing_system7_0_0_in_context.xdc}, line 66).
Applied set_property CLOCK_BUFFER_TYPE = NONE for DDR_dqs_n[1]. (constraint file  {/home/bsp-lab/Desktop/Final HDC/FInal_HDC/FInal_HDC.gen/sources_1/bd/design_1/ip/design_1_processing_system7_0_0/design_1_processing_system7_0_0/design_1_processing_system7_0_0_in_context.xdc}, line 67).
Applied set_property IO_BUFFER_TYPE = NONE for DDR_dqs_n[2]. (constraint file  {/home/bsp-lab/Desktop/Final HDC/FInal_HDC/FInal_HDC.gen/sources_1/bd/design_1/ip/design_1_processing_system7_0_0/design_1_processing_system7_0_0/design_1_processing_system7_0_0_in_context.xdc}, line 68).
Applied set_property CLOCK_BUFFER_TYPE = NONE for DDR_dqs_n[2]. (constraint file  {/home/bsp-lab/Desktop/Final HDC/FInal_HDC/FInal_HDC.gen/sources_1/bd/design_1/ip/design_1_processing_system7_0_0/design_1_processing_system7_0_0/design_1_processing_system7_0_0_in_context.xdc}, line 69).
Applied set_property IO_BUFFER_TYPE = NONE for DDR_dqs_n[3]. (constraint file  {/home/bsp-lab/Desktop/Final HDC/FInal_HDC/FInal_HDC.gen/sources_1/bd/design_1/ip/design_1_processing_system7_0_0/design_1_processing_system7_0_0/design_1_processing_system7_0_0_in_context.xdc}, line 70).
Applied set_property CLOCK_BUFFER_TYPE = NONE for DDR_dqs_n[3]. (constraint file  {/home/bsp-lab/Desktop/Final HDC/FInal_HDC/FInal_HDC.gen/sources_1/bd/design_1/ip/design_1_processing_system7_0_0/design_1_processing_system7_0_0/design_1_processing_system7_0_0_in_context.xdc}, line 71).
Applied set_property IO_BUFFER_TYPE = NONE for DDR_dq[0]. (constraint file  {/home/bsp-lab/Desktop/Final HDC/FInal_HDC/FInal_HDC.gen/sources_1/bd/design_1/ip/design_1_processing_system7_0_0/design_1_processing_system7_0_0/design_1_processing_system7_0_0_in_context.xdc}, line 72).
Applied set_property CLOCK_BUFFER_TYPE = NONE for DDR_dq[0]. (constraint file  {/home/bsp-lab/Desktop/Final HDC/FInal_HDC/FInal_HDC.gen/sources_1/bd/design_1/ip/design_1_processing_system7_0_0/design_1_processing_system7_0_0/design_1_processing_system7_0_0_in_context.xdc}, line 73).
Applied set_property IO_BUFFER_TYPE = NONE for DDR_dq[10]. (constraint file  {/home/bsp-lab/Desktop/Final HDC/FInal_HDC/FInal_HDC.gen/sources_1/bd/design_1/ip/design_1_processing_system7_0_0/design_1_processing_system7_0_0/design_1_processing_system7_0_0_in_context.xdc}, line 74).
Applied set_property CLOCK_BUFFER_TYPE = NONE for DDR_dq[10]. (constraint file  {/home/bsp-lab/Desktop/Final HDC/FInal_HDC/FInal_HDC.gen/sources_1/bd/design_1/ip/design_1_processing_system7_0_0/design_1_processing_system7_0_0/design_1_processing_system7_0_0_in_context.xdc}, line 75).
Applied set_property IO_BUFFER_TYPE = NONE for DDR_dq[11]. (constraint file  {/home/bsp-lab/Desktop/Final HDC/FInal_HDC/FInal_HDC.gen/sources_1/bd/design_1/ip/design_1_processing_system7_0_0/design_1_processing_system7_0_0/design_1_processing_system7_0_0_in_context.xdc}, line 76).
Applied set_property CLOCK_BUFFER_TYPE = NONE for DDR_dq[11]. (constraint file  {/home/bsp-lab/Desktop/Final HDC/FInal_HDC/FInal_HDC.gen/sources_1/bd/design_1/ip/design_1_processing_system7_0_0/design_1_processing_system7_0_0/design_1_processing_system7_0_0_in_context.xdc}, line 77).
Applied set_property IO_BUFFER_TYPE = NONE for DDR_dq[12]. (constraint file  {/home/bsp-lab/Desktop/Final HDC/FInal_HDC/FInal_HDC.gen/sources_1/bd/design_1/ip/design_1_processing_system7_0_0/design_1_processing_system7_0_0/design_1_processing_system7_0_0_in_context.xdc}, line 78).
Applied set_property CLOCK_BUFFER_TYPE = NONE for DDR_dq[12]. (constraint file  {/home/bsp-lab/Desktop/Final HDC/FInal_HDC/FInal_HDC.gen/sources_1/bd/design_1/ip/design_1_processing_system7_0_0/design_1_processing_system7_0_0/design_1_processing_system7_0_0_in_context.xdc}, line 79).
Applied set_property IO_BUFFER_TYPE = NONE for DDR_dq[13]. (constraint file  {/home/bsp-lab/Desktop/Final HDC/FInal_HDC/FInal_HDC.gen/sources_1/bd/design_1/ip/design_1_processing_system7_0_0/design_1_processing_system7_0_0/design_1_processing_system7_0_0_in_context.xdc}, line 80).
Applied set_property CLOCK_BUFFER_TYPE = NONE for DDR_dq[13]. (constraint file  {/home/bsp-lab/Desktop/Final HDC/FInal_HDC/FInal_HDC.gen/sources_1/bd/design_1/ip/design_1_processing_system7_0_0/design_1_processing_system7_0_0/design_1_processing_system7_0_0_in_context.xdc}, line 81).
Applied set_property IO_BUFFER_TYPE = NONE for DDR_dq[14]. (constraint file  {/home/bsp-lab/Desktop/Final HDC/FInal_HDC/FInal_HDC.gen/sources_1/bd/design_1/ip/design_1_processing_system7_0_0/design_1_processing_system7_0_0/design_1_processing_system7_0_0_in_context.xdc}, line 82).
Applied set_property CLOCK_BUFFER_TYPE = NONE for DDR_dq[14]. (constraint file  {/home/bsp-lab/Desktop/Final HDC/FInal_HDC/FInal_HDC.gen/sources_1/bd/design_1/ip/design_1_processing_system7_0_0/design_1_processing_system7_0_0/design_1_processing_system7_0_0_in_context.xdc}, line 83).
Applied set_property IO_BUFFER_TYPE = NONE for DDR_dq[15]. (constraint file  {/home/bsp-lab/Desktop/Final HDC/FInal_HDC/FInal_HDC.gen/sources_1/bd/design_1/ip/design_1_processing_system7_0_0/design_1_processing_system7_0_0/design_1_processing_system7_0_0_in_context.xdc}, line 84).
Applied set_property CLOCK_BUFFER_TYPE = NONE for DDR_dq[15]. (constraint file  {/home/bsp-lab/Desktop/Final HDC/FInal_HDC/FInal_HDC.gen/sources_1/bd/design_1/ip/design_1_processing_system7_0_0/design_1_processing_system7_0_0/design_1_processing_system7_0_0_in_context.xdc}, line 85).
Applied set_property IO_BUFFER_TYPE = NONE for DDR_dq[16]. (constraint file  {/home/bsp-lab/Desktop/Final HDC/FInal_HDC/FInal_HDC.gen/sources_1/bd/design_1/ip/design_1_processing_system7_0_0/design_1_processing_system7_0_0/design_1_processing_system7_0_0_in_context.xdc}, line 86).
Applied set_property CLOCK_BUFFER_TYPE = NONE for DDR_dq[16]. (constraint file  {/home/bsp-lab/Desktop/Final HDC/FInal_HDC/FInal_HDC.gen/sources_1/bd/design_1/ip/design_1_processing_system7_0_0/design_1_processing_system7_0_0/design_1_processing_system7_0_0_in_context.xdc}, line 87).
Applied set_property IO_BUFFER_TYPE = NONE for DDR_dq[17]. (constraint file  {/home/bsp-lab/Desktop/Final HDC/FInal_HDC/FInal_HDC.gen/sources_1/bd/design_1/ip/design_1_processing_system7_0_0/design_1_processing_system7_0_0/design_1_processing_system7_0_0_in_context.xdc}, line 88).
Applied set_property CLOCK_BUFFER_TYPE = NONE for DDR_dq[17]. (constraint file  {/home/bsp-lab/Desktop/Final HDC/FInal_HDC/FInal_HDC.gen/sources_1/bd/design_1/ip/design_1_processing_system7_0_0/design_1_processing_system7_0_0/design_1_processing_system7_0_0_in_context.xdc}, line 89).
Applied set_property IO_BUFFER_TYPE = NONE for DDR_dq[18]. (constraint file  {/home/bsp-lab/Desktop/Final HDC/FInal_HDC/FInal_HDC.gen/sources_1/bd/design_1/ip/design_1_processing_system7_0_0/design_1_processing_system7_0_0/design_1_processing_system7_0_0_in_context.xdc}, line 90).
Applied set_property CLOCK_BUFFER_TYPE = NONE for DDR_dq[18]. (constraint file  {/home/bsp-lab/Desktop/Final HDC/FInal_HDC/FInal_HDC.gen/sources_1/bd/design_1/ip/design_1_processing_system7_0_0/design_1_processing_system7_0_0/design_1_processing_system7_0_0_in_context.xdc}, line 91).
Applied set_property IO_BUFFER_TYPE = NONE for DDR_dq[19]. (constraint file  {/home/bsp-lab/Desktop/Final HDC/FInal_HDC/FInal_HDC.gen/sources_1/bd/design_1/ip/design_1_processing_system7_0_0/design_1_processing_system7_0_0/design_1_processing_system7_0_0_in_context.xdc}, line 92).
Applied set_property CLOCK_BUFFER_TYPE = NONE for DDR_dq[19]. (constraint file  {/home/bsp-lab/Desktop/Final HDC/FInal_HDC/FInal_HDC.gen/sources_1/bd/design_1/ip/design_1_processing_system7_0_0/design_1_processing_system7_0_0/design_1_processing_system7_0_0_in_context.xdc}, line 93).
Applied set_property IO_BUFFER_TYPE = NONE for DDR_dq[1]. (constraint file  {/home/bsp-lab/Desktop/Final HDC/FInal_HDC/FInal_HDC.gen/sources_1/bd/design_1/ip/design_1_processing_system7_0_0/design_1_processing_system7_0_0/design_1_processing_system7_0_0_in_context.xdc}, line 94).
Applied set_property CLOCK_BUFFER_TYPE = NONE for DDR_dq[1]. (constraint file  {/home/bsp-lab/Desktop/Final HDC/FInal_HDC/FInal_HDC.gen/sources_1/bd/design_1/ip/design_1_processing_system7_0_0/design_1_processing_system7_0_0/design_1_processing_system7_0_0_in_context.xdc}, line 95).
Applied set_property IO_BUFFER_TYPE = NONE for DDR_dq[20]. (constraint file  {/home/bsp-lab/Desktop/Final HDC/FInal_HDC/FInal_HDC.gen/sources_1/bd/design_1/ip/design_1_processing_system7_0_0/design_1_processing_system7_0_0/design_1_processing_system7_0_0_in_context.xdc}, line 96).
Applied set_property CLOCK_BUFFER_TYPE = NONE for DDR_dq[20]. (constraint file  {/home/bsp-lab/Desktop/Final HDC/FInal_HDC/FInal_HDC.gen/sources_1/bd/design_1/ip/design_1_processing_system7_0_0/design_1_processing_system7_0_0/design_1_processing_system7_0_0_in_context.xdc}, line 97).
Applied set_property IO_BUFFER_TYPE = NONE for DDR_dq[21]. (constraint file  {/home/bsp-lab/Desktop/Final HDC/FInal_HDC/FInal_HDC.gen/sources_1/bd/design_1/ip/design_1_processing_system7_0_0/design_1_processing_system7_0_0/design_1_processing_system7_0_0_in_context.xdc}, line 98).
Applied set_property CLOCK_BUFFER_TYPE = NONE for DDR_dq[21]. (constraint file  {/home/bsp-lab/Desktop/Final HDC/FInal_HDC/FInal_HDC.gen/sources_1/bd/design_1/ip/design_1_processing_system7_0_0/design_1_processing_system7_0_0/design_1_processing_system7_0_0_in_context.xdc}, line 99).
Applied set_property IO_BUFFER_TYPE = NONE for DDR_dq[22]. (constraint file  {/home/bsp-lab/Desktop/Final HDC/FInal_HDC/FInal_HDC.gen/sources_1/bd/design_1/ip/design_1_processing_system7_0_0/design_1_processing_system7_0_0/design_1_processing_system7_0_0_in_context.xdc}, line 100).
Applied set_property CLOCK_BUFFER_TYPE = NONE for DDR_dq[22]. (constraint file  {/home/bsp-lab/Desktop/Final HDC/FInal_HDC/FInal_HDC.gen/sources_1/bd/design_1/ip/design_1_processing_system7_0_0/design_1_processing_system7_0_0/design_1_processing_system7_0_0_in_context.xdc}, line 101).
Applied set_property IO_BUFFER_TYPE = NONE for DDR_dq[23]. (constraint file  {/home/bsp-lab/Desktop/Final HDC/FInal_HDC/FInal_HDC.gen/sources_1/bd/design_1/ip/design_1_processing_system7_0_0/design_1_processing_system7_0_0/design_1_processing_system7_0_0_in_context.xdc}, line 102).
Applied set_property CLOCK_BUFFER_TYPE = NONE for DDR_dq[23]. (constraint file  {/home/bsp-lab/Desktop/Final HDC/FInal_HDC/FInal_HDC.gen/sources_1/bd/design_1/ip/design_1_processing_system7_0_0/design_1_processing_system7_0_0/design_1_processing_system7_0_0_in_context.xdc}, line 103).
Applied set_property IO_BUFFER_TYPE = NONE for DDR_dq[24]. (constraint file  {/home/bsp-lab/Desktop/Final HDC/FInal_HDC/FInal_HDC.gen/sources_1/bd/design_1/ip/design_1_processing_system7_0_0/design_1_processing_system7_0_0/design_1_processing_system7_0_0_in_context.xdc}, line 104).
Applied set_property CLOCK_BUFFER_TYPE = NONE for DDR_dq[24]. (constraint file  {/home/bsp-lab/Desktop/Final HDC/FInal_HDC/FInal_HDC.gen/sources_1/bd/design_1/ip/design_1_processing_system7_0_0/design_1_processing_system7_0_0/design_1_processing_system7_0_0_in_context.xdc}, line 105).
Applied set_property IO_BUFFER_TYPE = NONE for DDR_dq[25]. (constraint file  {/home/bsp-lab/Desktop/Final HDC/FInal_HDC/FInal_HDC.gen/sources_1/bd/design_1/ip/design_1_processing_system7_0_0/design_1_processing_system7_0_0/design_1_processing_system7_0_0_in_context.xdc}, line 106).
Applied set_property CLOCK_BUFFER_TYPE = NONE for DDR_dq[25]. (constraint file  {/home/bsp-lab/Desktop/Final HDC/FInal_HDC/FInal_HDC.gen/sources_1/bd/design_1/ip/design_1_processing_system7_0_0/design_1_processing_system7_0_0/design_1_processing_system7_0_0_in_context.xdc}, line 107).
Applied set_property IO_BUFFER_TYPE = NONE for DDR_dq[26]. (constraint file  {/home/bsp-lab/Desktop/Final HDC/FInal_HDC/FInal_HDC.gen/sources_1/bd/design_1/ip/design_1_processing_system7_0_0/design_1_processing_system7_0_0/design_1_processing_system7_0_0_in_context.xdc}, line 108).
Applied set_property CLOCK_BUFFER_TYPE = NONE for DDR_dq[26]. (constraint file  {/home/bsp-lab/Desktop/Final HDC/FInal_HDC/FInal_HDC.gen/sources_1/bd/design_1/ip/design_1_processing_system7_0_0/design_1_processing_system7_0_0/design_1_processing_system7_0_0_in_context.xdc}, line 109).
Applied set_property IO_BUFFER_TYPE = NONE for DDR_dq[27]. (constraint file  {/home/bsp-lab/Desktop/Final HDC/FInal_HDC/FInal_HDC.gen/sources_1/bd/design_1/ip/design_1_processing_system7_0_0/design_1_processing_system7_0_0/design_1_processing_system7_0_0_in_context.xdc}, line 110).
Applied set_property CLOCK_BUFFER_TYPE = NONE for DDR_dq[27]. (constraint file  {/home/bsp-lab/Desktop/Final HDC/FInal_HDC/FInal_HDC.gen/sources_1/bd/design_1/ip/design_1_processing_system7_0_0/design_1_processing_system7_0_0/design_1_processing_system7_0_0_in_context.xdc}, line 111).
Applied set_property IO_BUFFER_TYPE = NONE for DDR_dq[28]. (constraint file  {/home/bsp-lab/Desktop/Final HDC/FInal_HDC/FInal_HDC.gen/sources_1/bd/design_1/ip/design_1_processing_system7_0_0/design_1_processing_system7_0_0/design_1_processing_system7_0_0_in_context.xdc}, line 112).
Applied set_property CLOCK_BUFFER_TYPE = NONE for DDR_dq[28]. (constraint file  {/home/bsp-lab/Desktop/Final HDC/FInal_HDC/FInal_HDC.gen/sources_1/bd/design_1/ip/design_1_processing_system7_0_0/design_1_processing_system7_0_0/design_1_processing_system7_0_0_in_context.xdc}, line 113).
Applied set_property IO_BUFFER_TYPE = NONE for DDR_dq[29]. (constraint file  {/home/bsp-lab/Desktop/Final HDC/FInal_HDC/FInal_HDC.gen/sources_1/bd/design_1/ip/design_1_processing_system7_0_0/design_1_processing_system7_0_0/design_1_processing_system7_0_0_in_context.xdc}, line 114).
Applied set_property CLOCK_BUFFER_TYPE = NONE for DDR_dq[29]. (constraint file  {/home/bsp-lab/Desktop/Final HDC/FInal_HDC/FInal_HDC.gen/sources_1/bd/design_1/ip/design_1_processing_system7_0_0/design_1_processing_system7_0_0/design_1_processing_system7_0_0_in_context.xdc}, line 115).
Applied set_property IO_BUFFER_TYPE = NONE for DDR_dq[2]. (constraint file  {/home/bsp-lab/Desktop/Final HDC/FInal_HDC/FInal_HDC.gen/sources_1/bd/design_1/ip/design_1_processing_system7_0_0/design_1_processing_system7_0_0/design_1_processing_system7_0_0_in_context.xdc}, line 116).
Applied set_property CLOCK_BUFFER_TYPE = NONE for DDR_dq[2]. (constraint file  {/home/bsp-lab/Desktop/Final HDC/FInal_HDC/FInal_HDC.gen/sources_1/bd/design_1/ip/design_1_processing_system7_0_0/design_1_processing_system7_0_0/design_1_processing_system7_0_0_in_context.xdc}, line 117).
Applied set_property IO_BUFFER_TYPE = NONE for DDR_dq[30]. (constraint file  {/home/bsp-lab/Desktop/Final HDC/FInal_HDC/FInal_HDC.gen/sources_1/bd/design_1/ip/design_1_processing_system7_0_0/design_1_processing_system7_0_0/design_1_processing_system7_0_0_in_context.xdc}, line 118).
Applied set_property CLOCK_BUFFER_TYPE = NONE for DDR_dq[30]. (constraint file  {/home/bsp-lab/Desktop/Final HDC/FInal_HDC/FInal_HDC.gen/sources_1/bd/design_1/ip/design_1_processing_system7_0_0/design_1_processing_system7_0_0/design_1_processing_system7_0_0_in_context.xdc}, line 119).
Applied set_property IO_BUFFER_TYPE = NONE for DDR_dq[31]. (constraint file  {/home/bsp-lab/Desktop/Final HDC/FInal_HDC/FInal_HDC.gen/sources_1/bd/design_1/ip/design_1_processing_system7_0_0/design_1_processing_system7_0_0/design_1_processing_system7_0_0_in_context.xdc}, line 120).
Applied set_property CLOCK_BUFFER_TYPE = NONE for DDR_dq[31]. (constraint file  {/home/bsp-lab/Desktop/Final HDC/FInal_HDC/FInal_HDC.gen/sources_1/bd/design_1/ip/design_1_processing_system7_0_0/design_1_processing_system7_0_0/design_1_processing_system7_0_0_in_context.xdc}, line 121).
Applied set_property IO_BUFFER_TYPE = NONE for DDR_dq[3]. (constraint file  {/home/bsp-lab/Desktop/Final HDC/FInal_HDC/FInal_HDC.gen/sources_1/bd/design_1/ip/design_1_processing_system7_0_0/design_1_processing_system7_0_0/design_1_processing_system7_0_0_in_context.xdc}, line 122).
Applied set_property CLOCK_BUFFER_TYPE = NONE for DDR_dq[3]. (constraint file  {/home/bsp-lab/Desktop/Final HDC/FInal_HDC/FInal_HDC.gen/sources_1/bd/design_1/ip/design_1_processing_system7_0_0/design_1_processing_system7_0_0/design_1_processing_system7_0_0_in_context.xdc}, line 123).
Applied set_property IO_BUFFER_TYPE = NONE for DDR_dq[4]. (constraint file  {/home/bsp-lab/Desktop/Final HDC/FInal_HDC/FInal_HDC.gen/sources_1/bd/design_1/ip/design_1_processing_system7_0_0/design_1_processing_system7_0_0/design_1_processing_system7_0_0_in_context.xdc}, line 124).
Applied set_property CLOCK_BUFFER_TYPE = NONE for DDR_dq[4]. (constraint file  {/home/bsp-lab/Desktop/Final HDC/FInal_HDC/FInal_HDC.gen/sources_1/bd/design_1/ip/design_1_processing_system7_0_0/design_1_processing_system7_0_0/design_1_processing_system7_0_0_in_context.xdc}, line 125).
Applied set_property IO_BUFFER_TYPE = NONE for DDR_dq[5]. (constraint file  {/home/bsp-lab/Desktop/Final HDC/FInal_HDC/FInal_HDC.gen/sources_1/bd/design_1/ip/design_1_processing_system7_0_0/design_1_processing_system7_0_0/design_1_processing_system7_0_0_in_context.xdc}, line 126).
Applied set_property CLOCK_BUFFER_TYPE = NONE for DDR_dq[5]. (constraint file  {/home/bsp-lab/Desktop/Final HDC/FInal_HDC/FInal_HDC.gen/sources_1/bd/design_1/ip/design_1_processing_system7_0_0/design_1_processing_system7_0_0/design_1_processing_system7_0_0_in_context.xdc}, line 127).
Applied set_property IO_BUFFER_TYPE = NONE for DDR_dq[6]. (constraint file  {/home/bsp-lab/Desktop/Final HDC/FInal_HDC/FInal_HDC.gen/sources_1/bd/design_1/ip/design_1_processing_system7_0_0/design_1_processing_system7_0_0/design_1_processing_system7_0_0_in_context.xdc}, line 128).
Applied set_property CLOCK_BUFFER_TYPE = NONE for DDR_dq[6]. (constraint file  {/home/bsp-lab/Desktop/Final HDC/FInal_HDC/FInal_HDC.gen/sources_1/bd/design_1/ip/design_1_processing_system7_0_0/design_1_processing_system7_0_0/design_1_processing_system7_0_0_in_context.xdc}, line 129).
Applied set_property IO_BUFFER_TYPE = NONE for DDR_dq[7]. (constraint file  {/home/bsp-lab/Desktop/Final HDC/FInal_HDC/FInal_HDC.gen/sources_1/bd/design_1/ip/design_1_processing_system7_0_0/design_1_processing_system7_0_0/design_1_processing_system7_0_0_in_context.xdc}, line 130).
Applied set_property CLOCK_BUFFER_TYPE = NONE for DDR_dq[7]. (constraint file  {/home/bsp-lab/Desktop/Final HDC/FInal_HDC/FInal_HDC.gen/sources_1/bd/design_1/ip/design_1_processing_system7_0_0/design_1_processing_system7_0_0/design_1_processing_system7_0_0_in_context.xdc}, line 131).
Applied set_property IO_BUFFER_TYPE = NONE for DDR_dq[8]. (constraint file  {/home/bsp-lab/Desktop/Final HDC/FInal_HDC/FInal_HDC.gen/sources_1/bd/design_1/ip/design_1_processing_system7_0_0/design_1_processing_system7_0_0/design_1_processing_system7_0_0_in_context.xdc}, line 132).
Applied set_property CLOCK_BUFFER_TYPE = NONE for DDR_dq[8]. (constraint file  {/home/bsp-lab/Desktop/Final HDC/FInal_HDC/FInal_HDC.gen/sources_1/bd/design_1/ip/design_1_processing_system7_0_0/design_1_processing_system7_0_0/design_1_processing_system7_0_0_in_context.xdc}, line 133).
Applied set_property IO_BUFFER_TYPE = NONE for DDR_dq[9]. (constraint file  {/home/bsp-lab/Desktop/Final HDC/FInal_HDC/FInal_HDC.gen/sources_1/bd/design_1/ip/design_1_processing_system7_0_0/design_1_processing_system7_0_0/design_1_processing_system7_0_0_in_context.xdc}, line 134).
Applied set_property CLOCK_BUFFER_TYPE = NONE for DDR_dq[9]. (constraint file  {/home/bsp-lab/Desktop/Final HDC/FInal_HDC/FInal_HDC.gen/sources_1/bd/design_1/ip/design_1_processing_system7_0_0/design_1_processing_system7_0_0/design_1_processing_system7_0_0_in_context.xdc}, line 135).
Applied set_property IO_BUFFER_TYPE = NONE for DDR_reset_n. (constraint file  {/home/bsp-lab/Desktop/Final HDC/FInal_HDC/FInal_HDC.gen/sources_1/bd/design_1/ip/design_1_processing_system7_0_0/design_1_processing_system7_0_0/design_1_processing_system7_0_0_in_context.xdc}, line 136).
Applied set_property CLOCK_BUFFER_TYPE = NONE for DDR_reset_n. (constraint file  {/home/bsp-lab/Desktop/Final HDC/FInal_HDC/FInal_HDC.gen/sources_1/bd/design_1/ip/design_1_processing_system7_0_0/design_1_processing_system7_0_0/design_1_processing_system7_0_0_in_context.xdc}, line 137).
Applied set_property IO_BUFFER_TYPE = NONE for DDR_odt. (constraint file  {/home/bsp-lab/Desktop/Final HDC/FInal_HDC/FInal_HDC.gen/sources_1/bd/design_1/ip/design_1_processing_system7_0_0/design_1_processing_system7_0_0/design_1_processing_system7_0_0_in_context.xdc}, line 138).
Applied set_property CLOCK_BUFFER_TYPE = NONE for DDR_odt. (constraint file  {/home/bsp-lab/Desktop/Final HDC/FInal_HDC/FInal_HDC.gen/sources_1/bd/design_1/ip/design_1_processing_system7_0_0/design_1_processing_system7_0_0/design_1_processing_system7_0_0_in_context.xdc}, line 139).
Applied set_property IO_BUFFER_TYPE = NONE for DDR_ras_n. (constraint file  {/home/bsp-lab/Desktop/Final HDC/FInal_HDC/FInal_HDC.gen/sources_1/bd/design_1/ip/design_1_processing_system7_0_0/design_1_processing_system7_0_0/design_1_processing_system7_0_0_in_context.xdc}, line 140).
Applied set_property CLOCK_BUFFER_TYPE = NONE for DDR_ras_n. (constraint file  {/home/bsp-lab/Desktop/Final HDC/FInal_HDC/FInal_HDC.gen/sources_1/bd/design_1/ip/design_1_processing_system7_0_0/design_1_processing_system7_0_0/design_1_processing_system7_0_0_in_context.xdc}, line 141).
Applied set_property IO_BUFFER_TYPE = NONE for FIXED_IO_ddr_vrn. (constraint file  {/home/bsp-lab/Desktop/Final HDC/FInal_HDC/FInal_HDC.gen/sources_1/bd/design_1/ip/design_1_processing_system7_0_0/design_1_processing_system7_0_0/design_1_processing_system7_0_0_in_context.xdc}, line 142).
Applied set_property CLOCK_BUFFER_TYPE = NONE for FIXED_IO_ddr_vrn. (constraint file  {/home/bsp-lab/Desktop/Final HDC/FInal_HDC/FInal_HDC.gen/sources_1/bd/design_1/ip/design_1_processing_system7_0_0/design_1_processing_system7_0_0/design_1_processing_system7_0_0_in_context.xdc}, line 143).
Applied set_property IO_BUFFER_TYPE = NONE for FIXED_IO_ddr_vrp. (constraint file  {/home/bsp-lab/Desktop/Final HDC/FInal_HDC/FInal_HDC.gen/sources_1/bd/design_1/ip/design_1_processing_system7_0_0/design_1_processing_system7_0_0/design_1_processing_system7_0_0_in_context.xdc}, line 144).
Applied set_property CLOCK_BUFFER_TYPE = NONE for FIXED_IO_ddr_vrp. (constraint file  {/home/bsp-lab/Desktop/Final HDC/FInal_HDC/FInal_HDC.gen/sources_1/bd/design_1/ip/design_1_processing_system7_0_0/design_1_processing_system7_0_0/design_1_processing_system7_0_0_in_context.xdc}, line 145).
Applied set_property IO_BUFFER_TYPE = NONE for DDR_we_n. (constraint file  {/home/bsp-lab/Desktop/Final HDC/FInal_HDC/FInal_HDC.gen/sources_1/bd/design_1/ip/design_1_processing_system7_0_0/design_1_processing_system7_0_0/design_1_processing_system7_0_0_in_context.xdc}, line 146).
Applied set_property CLOCK_BUFFER_TYPE = NONE for DDR_we_n. (constraint file  {/home/bsp-lab/Desktop/Final HDC/FInal_HDC/FInal_HDC.gen/sources_1/bd/design_1/ip/design_1_processing_system7_0_0/design_1_processing_system7_0_0/design_1_processing_system7_0_0_in_context.xdc}, line 147).
Applied set_property IO_BUFFER_TYPE = NONE for FIXED_IO_mio[0]. (constraint file  {/home/bsp-lab/Desktop/Final HDC/FInal_HDC/FInal_HDC.gen/sources_1/bd/design_1/ip/design_1_processing_system7_0_0/design_1_processing_system7_0_0/design_1_processing_system7_0_0_in_context.xdc}, line 148).
Applied set_property CLOCK_BUFFER_TYPE = NONE for FIXED_IO_mio[0]. (constraint file  {/home/bsp-lab/Desktop/Final HDC/FInal_HDC/FInal_HDC.gen/sources_1/bd/design_1/ip/design_1_processing_system7_0_0/design_1_processing_system7_0_0/design_1_processing_system7_0_0_in_context.xdc}, line 149).
Applied set_property IO_BUFFER_TYPE = NONE for FIXED_IO_mio[10]. (constraint file  {/home/bsp-lab/Desktop/Final HDC/FInal_HDC/FInal_HDC.gen/sources_1/bd/design_1/ip/design_1_processing_system7_0_0/design_1_processing_system7_0_0/design_1_processing_system7_0_0_in_context.xdc}, line 150).
Applied set_property CLOCK_BUFFER_TYPE = NONE for FIXED_IO_mio[10]. (constraint file  {/home/bsp-lab/Desktop/Final HDC/FInal_HDC/FInal_HDC.gen/sources_1/bd/design_1/ip/design_1_processing_system7_0_0/design_1_processing_system7_0_0/design_1_processing_system7_0_0_in_context.xdc}, line 151).
Applied set_property IO_BUFFER_TYPE = NONE for FIXED_IO_mio[11]. (constraint file  {/home/bsp-lab/Desktop/Final HDC/FInal_HDC/FInal_HDC.gen/sources_1/bd/design_1/ip/design_1_processing_system7_0_0/design_1_processing_system7_0_0/design_1_processing_system7_0_0_in_context.xdc}, line 152).
Applied set_property CLOCK_BUFFER_TYPE = NONE for FIXED_IO_mio[11]. (constraint file  {/home/bsp-lab/Desktop/Final HDC/FInal_HDC/FInal_HDC.gen/sources_1/bd/design_1/ip/design_1_processing_system7_0_0/design_1_processing_system7_0_0/design_1_processing_system7_0_0_in_context.xdc}, line 153).
Applied set_property IO_BUFFER_TYPE = NONE for FIXED_IO_mio[12]. (constraint file  {/home/bsp-lab/Desktop/Final HDC/FInal_HDC/FInal_HDC.gen/sources_1/bd/design_1/ip/design_1_processing_system7_0_0/design_1_processing_system7_0_0/design_1_processing_system7_0_0_in_context.xdc}, line 154).
Applied set_property CLOCK_BUFFER_TYPE = NONE for FIXED_IO_mio[12]. (constraint file  {/home/bsp-lab/Desktop/Final HDC/FInal_HDC/FInal_HDC.gen/sources_1/bd/design_1/ip/design_1_processing_system7_0_0/design_1_processing_system7_0_0/design_1_processing_system7_0_0_in_context.xdc}, line 155).
Applied set_property IO_BUFFER_TYPE = NONE for FIXED_IO_mio[13]. (constraint file  {/home/bsp-lab/Desktop/Final HDC/FInal_HDC/FInal_HDC.gen/sources_1/bd/design_1/ip/design_1_processing_system7_0_0/design_1_processing_system7_0_0/design_1_processing_system7_0_0_in_context.xdc}, line 156).
Applied set_property CLOCK_BUFFER_TYPE = NONE for FIXED_IO_mio[13]. (constraint file  {/home/bsp-lab/Desktop/Final HDC/FInal_HDC/FInal_HDC.gen/sources_1/bd/design_1/ip/design_1_processing_system7_0_0/design_1_processing_system7_0_0/design_1_processing_system7_0_0_in_context.xdc}, line 157).
Applied set_property IO_BUFFER_TYPE = NONE for FIXED_IO_mio[14]. (constraint file  {/home/bsp-lab/Desktop/Final HDC/FInal_HDC/FInal_HDC.gen/sources_1/bd/design_1/ip/design_1_processing_system7_0_0/design_1_processing_system7_0_0/design_1_processing_system7_0_0_in_context.xdc}, line 158).
Applied set_property CLOCK_BUFFER_TYPE = NONE for FIXED_IO_mio[14]. (constraint file  {/home/bsp-lab/Desktop/Final HDC/FInal_HDC/FInal_HDC.gen/sources_1/bd/design_1/ip/design_1_processing_system7_0_0/design_1_processing_system7_0_0/design_1_processing_system7_0_0_in_context.xdc}, line 159).
Applied set_property IO_BUFFER_TYPE = NONE for FIXED_IO_mio[15]. (constraint file  {/home/bsp-lab/Desktop/Final HDC/FInal_HDC/FInal_HDC.gen/sources_1/bd/design_1/ip/design_1_processing_system7_0_0/design_1_processing_system7_0_0/design_1_processing_system7_0_0_in_context.xdc}, line 160).
Applied set_property CLOCK_BUFFER_TYPE = NONE for FIXED_IO_mio[15]. (constraint file  {/home/bsp-lab/Desktop/Final HDC/FInal_HDC/FInal_HDC.gen/sources_1/bd/design_1/ip/design_1_processing_system7_0_0/design_1_processing_system7_0_0/design_1_processing_system7_0_0_in_context.xdc}, line 161).
Applied set_property IO_BUFFER_TYPE = NONE for FIXED_IO_mio[16]. (constraint file  {/home/bsp-lab/Desktop/Final HDC/FInal_HDC/FInal_HDC.gen/sources_1/bd/design_1/ip/design_1_processing_system7_0_0/design_1_processing_system7_0_0/design_1_processing_system7_0_0_in_context.xdc}, line 162).
Applied set_property CLOCK_BUFFER_TYPE = NONE for FIXED_IO_mio[16]. (constraint file  {/home/bsp-lab/Desktop/Final HDC/FInal_HDC/FInal_HDC.gen/sources_1/bd/design_1/ip/design_1_processing_system7_0_0/design_1_processing_system7_0_0/design_1_processing_system7_0_0_in_context.xdc}, line 163).
Applied set_property IO_BUFFER_TYPE = NONE for FIXED_IO_mio[17]. (constraint file  {/home/bsp-lab/Desktop/Final HDC/FInal_HDC/FInal_HDC.gen/sources_1/bd/design_1/ip/design_1_processing_system7_0_0/design_1_processing_system7_0_0/design_1_processing_system7_0_0_in_context.xdc}, line 164).
Applied set_property CLOCK_BUFFER_TYPE = NONE for FIXED_IO_mio[17]. (constraint file  {/home/bsp-lab/Desktop/Final HDC/FInal_HDC/FInal_HDC.gen/sources_1/bd/design_1/ip/design_1_processing_system7_0_0/design_1_processing_system7_0_0/design_1_processing_system7_0_0_in_context.xdc}, line 165).
Applied set_property IO_BUFFER_TYPE = NONE for FIXED_IO_mio[18]. (constraint file  {/home/bsp-lab/Desktop/Final HDC/FInal_HDC/FInal_HDC.gen/sources_1/bd/design_1/ip/design_1_processing_system7_0_0/design_1_processing_system7_0_0/design_1_processing_system7_0_0_in_context.xdc}, line 166).
Applied set_property CLOCK_BUFFER_TYPE = NONE for FIXED_IO_mio[18]. (constraint file  {/home/bsp-lab/Desktop/Final HDC/FInal_HDC/FInal_HDC.gen/sources_1/bd/design_1/ip/design_1_processing_system7_0_0/design_1_processing_system7_0_0/design_1_processing_system7_0_0_in_context.xdc}, line 167).
Applied set_property IO_BUFFER_TYPE = NONE for FIXED_IO_mio[19]. (constraint file  {/home/bsp-lab/Desktop/Final HDC/FInal_HDC/FInal_HDC.gen/sources_1/bd/design_1/ip/design_1_processing_system7_0_0/design_1_processing_system7_0_0/design_1_processing_system7_0_0_in_context.xdc}, line 168).
Applied set_property CLOCK_BUFFER_TYPE = NONE for FIXED_IO_mio[19]. (constraint file  {/home/bsp-lab/Desktop/Final HDC/FInal_HDC/FInal_HDC.gen/sources_1/bd/design_1/ip/design_1_processing_system7_0_0/design_1_processing_system7_0_0/design_1_processing_system7_0_0_in_context.xdc}, line 169).
Applied set_property IO_BUFFER_TYPE = NONE for FIXED_IO_mio[1]. (constraint file  {/home/bsp-lab/Desktop/Final HDC/FInal_HDC/FInal_HDC.gen/sources_1/bd/design_1/ip/design_1_processing_system7_0_0/design_1_processing_system7_0_0/design_1_processing_system7_0_0_in_context.xdc}, line 170).
Applied set_property CLOCK_BUFFER_TYPE = NONE for FIXED_IO_mio[1]. (constraint file  {/home/bsp-lab/Desktop/Final HDC/FInal_HDC/FInal_HDC.gen/sources_1/bd/design_1/ip/design_1_processing_system7_0_0/design_1_processing_system7_0_0/design_1_processing_system7_0_0_in_context.xdc}, line 171).
Applied set_property IO_BUFFER_TYPE = NONE for FIXED_IO_mio[20]. (constraint file  {/home/bsp-lab/Desktop/Final HDC/FInal_HDC/FInal_HDC.gen/sources_1/bd/design_1/ip/design_1_processing_system7_0_0/design_1_processing_system7_0_0/design_1_processing_system7_0_0_in_context.xdc}, line 172).
Applied set_property CLOCK_BUFFER_TYPE = NONE for FIXED_IO_mio[20]. (constraint file  {/home/bsp-lab/Desktop/Final HDC/FInal_HDC/FInal_HDC.gen/sources_1/bd/design_1/ip/design_1_processing_system7_0_0/design_1_processing_system7_0_0/design_1_processing_system7_0_0_in_context.xdc}, line 173).
Applied set_property IO_BUFFER_TYPE = NONE for FIXED_IO_mio[21]. (constraint file  {/home/bsp-lab/Desktop/Final HDC/FInal_HDC/FInal_HDC.gen/sources_1/bd/design_1/ip/design_1_processing_system7_0_0/design_1_processing_system7_0_0/design_1_processing_system7_0_0_in_context.xdc}, line 174).
Applied set_property CLOCK_BUFFER_TYPE = NONE for FIXED_IO_mio[21]. (constraint file  {/home/bsp-lab/Desktop/Final HDC/FInal_HDC/FInal_HDC.gen/sources_1/bd/design_1/ip/design_1_processing_system7_0_0/design_1_processing_system7_0_0/design_1_processing_system7_0_0_in_context.xdc}, line 175).
Applied set_property IO_BUFFER_TYPE = NONE for FIXED_IO_mio[22]. (constraint file  {/home/bsp-lab/Desktop/Final HDC/FInal_HDC/FInal_HDC.gen/sources_1/bd/design_1/ip/design_1_processing_system7_0_0/design_1_processing_system7_0_0/design_1_processing_system7_0_0_in_context.xdc}, line 176).
Applied set_property CLOCK_BUFFER_TYPE = NONE for FIXED_IO_mio[22]. (constraint file  {/home/bsp-lab/Desktop/Final HDC/FInal_HDC/FInal_HDC.gen/sources_1/bd/design_1/ip/design_1_processing_system7_0_0/design_1_processing_system7_0_0/design_1_processing_system7_0_0_in_context.xdc}, line 177).
Applied set_property IO_BUFFER_TYPE = NONE for FIXED_IO_mio[23]. (constraint file  {/home/bsp-lab/Desktop/Final HDC/FInal_HDC/FInal_HDC.gen/sources_1/bd/design_1/ip/design_1_processing_system7_0_0/design_1_processing_system7_0_0/design_1_processing_system7_0_0_in_context.xdc}, line 178).
Applied set_property CLOCK_BUFFER_TYPE = NONE for FIXED_IO_mio[23]. (constraint file  {/home/bsp-lab/Desktop/Final HDC/FInal_HDC/FInal_HDC.gen/sources_1/bd/design_1/ip/design_1_processing_system7_0_0/design_1_processing_system7_0_0/design_1_processing_system7_0_0_in_context.xdc}, line 179).
Applied set_property IO_BUFFER_TYPE = NONE for FIXED_IO_mio[24]. (constraint file  {/home/bsp-lab/Desktop/Final HDC/FInal_HDC/FInal_HDC.gen/sources_1/bd/design_1/ip/design_1_processing_system7_0_0/design_1_processing_system7_0_0/design_1_processing_system7_0_0_in_context.xdc}, line 180).
Applied set_property CLOCK_BUFFER_TYPE = NONE for FIXED_IO_mio[24]. (constraint file  {/home/bsp-lab/Desktop/Final HDC/FInal_HDC/FInal_HDC.gen/sources_1/bd/design_1/ip/design_1_processing_system7_0_0/design_1_processing_system7_0_0/design_1_processing_system7_0_0_in_context.xdc}, line 181).
Applied set_property IO_BUFFER_TYPE = NONE for FIXED_IO_mio[25]. (constraint file  {/home/bsp-lab/Desktop/Final HDC/FInal_HDC/FInal_HDC.gen/sources_1/bd/design_1/ip/design_1_processing_system7_0_0/design_1_processing_system7_0_0/design_1_processing_system7_0_0_in_context.xdc}, line 182).
Applied set_property CLOCK_BUFFER_TYPE = NONE for FIXED_IO_mio[25]. (constraint file  {/home/bsp-lab/Desktop/Final HDC/FInal_HDC/FInal_HDC.gen/sources_1/bd/design_1/ip/design_1_processing_system7_0_0/design_1_processing_system7_0_0/design_1_processing_system7_0_0_in_context.xdc}, line 183).
Applied set_property IO_BUFFER_TYPE = NONE for FIXED_IO_mio[26]. (constraint file  {/home/bsp-lab/Desktop/Final HDC/FInal_HDC/FInal_HDC.gen/sources_1/bd/design_1/ip/design_1_processing_system7_0_0/design_1_processing_system7_0_0/design_1_processing_system7_0_0_in_context.xdc}, line 184).
Applied set_property CLOCK_BUFFER_TYPE = NONE for FIXED_IO_mio[26]. (constraint file  {/home/bsp-lab/Desktop/Final HDC/FInal_HDC/FInal_HDC.gen/sources_1/bd/design_1/ip/design_1_processing_system7_0_0/design_1_processing_system7_0_0/design_1_processing_system7_0_0_in_context.xdc}, line 185).
Applied set_property IO_BUFFER_TYPE = NONE for FIXED_IO_mio[27]. (constraint file  {/home/bsp-lab/Desktop/Final HDC/FInal_HDC/FInal_HDC.gen/sources_1/bd/design_1/ip/design_1_processing_system7_0_0/design_1_processing_system7_0_0/design_1_processing_system7_0_0_in_context.xdc}, line 186).
Applied set_property CLOCK_BUFFER_TYPE = NONE for FIXED_IO_mio[27]. (constraint file  {/home/bsp-lab/Desktop/Final HDC/FInal_HDC/FInal_HDC.gen/sources_1/bd/design_1/ip/design_1_processing_system7_0_0/design_1_processing_system7_0_0/design_1_processing_system7_0_0_in_context.xdc}, line 187).
Applied set_property IO_BUFFER_TYPE = NONE for FIXED_IO_mio[28]. (constraint file  {/home/bsp-lab/Desktop/Final HDC/FInal_HDC/FInal_HDC.gen/sources_1/bd/design_1/ip/design_1_processing_system7_0_0/design_1_processing_system7_0_0/design_1_processing_system7_0_0_in_context.xdc}, line 188).
Applied set_property CLOCK_BUFFER_TYPE = NONE for FIXED_IO_mio[28]. (constraint file  {/home/bsp-lab/Desktop/Final HDC/FInal_HDC/FInal_HDC.gen/sources_1/bd/design_1/ip/design_1_processing_system7_0_0/design_1_processing_system7_0_0/design_1_processing_system7_0_0_in_context.xdc}, line 189).
Applied set_property IO_BUFFER_TYPE = NONE for FIXED_IO_mio[29]. (constraint file  {/home/bsp-lab/Desktop/Final HDC/FInal_HDC/FInal_HDC.gen/sources_1/bd/design_1/ip/design_1_processing_system7_0_0/design_1_processing_system7_0_0/design_1_processing_system7_0_0_in_context.xdc}, line 190).
Applied set_property CLOCK_BUFFER_TYPE = NONE for FIXED_IO_mio[29]. (constraint file  {/home/bsp-lab/Desktop/Final HDC/FInal_HDC/FInal_HDC.gen/sources_1/bd/design_1/ip/design_1_processing_system7_0_0/design_1_processing_system7_0_0/design_1_processing_system7_0_0_in_context.xdc}, line 191).
Applied set_property IO_BUFFER_TYPE = NONE for FIXED_IO_mio[2]. (constraint file  {/home/bsp-lab/Desktop/Final HDC/FInal_HDC/FInal_HDC.gen/sources_1/bd/design_1/ip/design_1_processing_system7_0_0/design_1_processing_system7_0_0/design_1_processing_system7_0_0_in_context.xdc}, line 192).
Applied set_property CLOCK_BUFFER_TYPE = NONE for FIXED_IO_mio[2]. (constraint file  {/home/bsp-lab/Desktop/Final HDC/FInal_HDC/FInal_HDC.gen/sources_1/bd/design_1/ip/design_1_processing_system7_0_0/design_1_processing_system7_0_0/design_1_processing_system7_0_0_in_context.xdc}, line 193).
Applied set_property IO_BUFFER_TYPE = NONE for FIXED_IO_mio[30]. (constraint file  {/home/bsp-lab/Desktop/Final HDC/FInal_HDC/FInal_HDC.gen/sources_1/bd/design_1/ip/design_1_processing_system7_0_0/design_1_processing_system7_0_0/design_1_processing_system7_0_0_in_context.xdc}, line 194).
Applied set_property CLOCK_BUFFER_TYPE = NONE for FIXED_IO_mio[30]. (constraint file  {/home/bsp-lab/Desktop/Final HDC/FInal_HDC/FInal_HDC.gen/sources_1/bd/design_1/ip/design_1_processing_system7_0_0/design_1_processing_system7_0_0/design_1_processing_system7_0_0_in_context.xdc}, line 195).
Applied set_property IO_BUFFER_TYPE = NONE for FIXED_IO_mio[31]. (constraint file  {/home/bsp-lab/Desktop/Final HDC/FInal_HDC/FInal_HDC.gen/sources_1/bd/design_1/ip/design_1_processing_system7_0_0/design_1_processing_system7_0_0/design_1_processing_system7_0_0_in_context.xdc}, line 196).
Applied set_property CLOCK_BUFFER_TYPE = NONE for FIXED_IO_mio[31]. (constraint file  {/home/bsp-lab/Desktop/Final HDC/FInal_HDC/FInal_HDC.gen/sources_1/bd/design_1/ip/design_1_processing_system7_0_0/design_1_processing_system7_0_0/design_1_processing_system7_0_0_in_context.xdc}, line 197).
Applied set_property IO_BUFFER_TYPE = NONE for FIXED_IO_mio[32]. (constraint file  {/home/bsp-lab/Desktop/Final HDC/FInal_HDC/FInal_HDC.gen/sources_1/bd/design_1/ip/design_1_processing_system7_0_0/design_1_processing_system7_0_0/design_1_processing_system7_0_0_in_context.xdc}, line 198).
Applied set_property CLOCK_BUFFER_TYPE = NONE for FIXED_IO_mio[32]. (constraint file  {/home/bsp-lab/Desktop/Final HDC/FInal_HDC/FInal_HDC.gen/sources_1/bd/design_1/ip/design_1_processing_system7_0_0/design_1_processing_system7_0_0/design_1_processing_system7_0_0_in_context.xdc}, line 199).
Applied set_property IO_BUFFER_TYPE = NONE for FIXED_IO_mio[33]. (constraint file  {/home/bsp-lab/Desktop/Final HDC/FInal_HDC/FInal_HDC.gen/sources_1/bd/design_1/ip/design_1_processing_system7_0_0/design_1_processing_system7_0_0/design_1_processing_system7_0_0_in_context.xdc}, line 200).
Applied set_property CLOCK_BUFFER_TYPE = NONE for FIXED_IO_mio[33]. (constraint file  {/home/bsp-lab/Desktop/Final HDC/FInal_HDC/FInal_HDC.gen/sources_1/bd/design_1/ip/design_1_processing_system7_0_0/design_1_processing_system7_0_0/design_1_processing_system7_0_0_in_context.xdc}, line 201).
Applied set_property IO_BUFFER_TYPE = NONE for FIXED_IO_mio[34]. (constraint file  {/home/bsp-lab/Desktop/Final HDC/FInal_HDC/FInal_HDC.gen/sources_1/bd/design_1/ip/design_1_processing_system7_0_0/design_1_processing_system7_0_0/design_1_processing_system7_0_0_in_context.xdc}, line 202).
Applied set_property CLOCK_BUFFER_TYPE = NONE for FIXED_IO_mio[34]. (constraint file  {/home/bsp-lab/Desktop/Final HDC/FInal_HDC/FInal_HDC.gen/sources_1/bd/design_1/ip/design_1_processing_system7_0_0/design_1_processing_system7_0_0/design_1_processing_system7_0_0_in_context.xdc}, line 203).
Applied set_property IO_BUFFER_TYPE = NONE for FIXED_IO_mio[35]. (constraint file  {/home/bsp-lab/Desktop/Final HDC/FInal_HDC/FInal_HDC.gen/sources_1/bd/design_1/ip/design_1_processing_system7_0_0/design_1_processing_system7_0_0/design_1_processing_system7_0_0_in_context.xdc}, line 204).
Applied set_property CLOCK_BUFFER_TYPE = NONE for FIXED_IO_mio[35]. (constraint file  {/home/bsp-lab/Desktop/Final HDC/FInal_HDC/FInal_HDC.gen/sources_1/bd/design_1/ip/design_1_processing_system7_0_0/design_1_processing_system7_0_0/design_1_processing_system7_0_0_in_context.xdc}, line 205).
Applied set_property IO_BUFFER_TYPE = NONE for FIXED_IO_mio[36]. (constraint file  {/home/bsp-lab/Desktop/Final HDC/FInal_HDC/FInal_HDC.gen/sources_1/bd/design_1/ip/design_1_processing_system7_0_0/design_1_processing_system7_0_0/design_1_processing_system7_0_0_in_context.xdc}, line 206).
Applied set_property CLOCK_BUFFER_TYPE = NONE for FIXED_IO_mio[36]. (constraint file  {/home/bsp-lab/Desktop/Final HDC/FInal_HDC/FInal_HDC.gen/sources_1/bd/design_1/ip/design_1_processing_system7_0_0/design_1_processing_system7_0_0/design_1_processing_system7_0_0_in_context.xdc}, line 207).
Applied set_property IO_BUFFER_TYPE = NONE for FIXED_IO_mio[37]. (constraint file  {/home/bsp-lab/Desktop/Final HDC/FInal_HDC/FInal_HDC.gen/sources_1/bd/design_1/ip/design_1_processing_system7_0_0/design_1_processing_system7_0_0/design_1_processing_system7_0_0_in_context.xdc}, line 208).
Applied set_property CLOCK_BUFFER_TYPE = NONE for FIXED_IO_mio[37]. (constraint file  {/home/bsp-lab/Desktop/Final HDC/FInal_HDC/FInal_HDC.gen/sources_1/bd/design_1/ip/design_1_processing_system7_0_0/design_1_processing_system7_0_0/design_1_processing_system7_0_0_in_context.xdc}, line 209).
Applied set_property IO_BUFFER_TYPE = NONE for FIXED_IO_mio[38]. (constraint file  {/home/bsp-lab/Desktop/Final HDC/FInal_HDC/FInal_HDC.gen/sources_1/bd/design_1/ip/design_1_processing_system7_0_0/design_1_processing_system7_0_0/design_1_processing_system7_0_0_in_context.xdc}, line 210).
Applied set_property CLOCK_BUFFER_TYPE = NONE for FIXED_IO_mio[38]. (constraint file  {/home/bsp-lab/Desktop/Final HDC/FInal_HDC/FInal_HDC.gen/sources_1/bd/design_1/ip/design_1_processing_system7_0_0/design_1_processing_system7_0_0/design_1_processing_system7_0_0_in_context.xdc}, line 211).
Applied set_property IO_BUFFER_TYPE = NONE for FIXED_IO_mio[39]. (constraint file  {/home/bsp-lab/Desktop/Final HDC/FInal_HDC/FInal_HDC.gen/sources_1/bd/design_1/ip/design_1_processing_system7_0_0/design_1_processing_system7_0_0/design_1_processing_system7_0_0_in_context.xdc}, line 212).
Applied set_property CLOCK_BUFFER_TYPE = NONE for FIXED_IO_mio[39]. (constraint file  {/home/bsp-lab/Desktop/Final HDC/FInal_HDC/FInal_HDC.gen/sources_1/bd/design_1/ip/design_1_processing_system7_0_0/design_1_processing_system7_0_0/design_1_processing_system7_0_0_in_context.xdc}, line 213).
Applied set_property IO_BUFFER_TYPE = NONE for FIXED_IO_mio[3]. (constraint file  {/home/bsp-lab/Desktop/Final HDC/FInal_HDC/FInal_HDC.gen/sources_1/bd/design_1/ip/design_1_processing_system7_0_0/design_1_processing_system7_0_0/design_1_processing_system7_0_0_in_context.xdc}, line 214).
Applied set_property CLOCK_BUFFER_TYPE = NONE for FIXED_IO_mio[3]. (constraint file  {/home/bsp-lab/Desktop/Final HDC/FInal_HDC/FInal_HDC.gen/sources_1/bd/design_1/ip/design_1_processing_system7_0_0/design_1_processing_system7_0_0/design_1_processing_system7_0_0_in_context.xdc}, line 215).
Applied set_property IO_BUFFER_TYPE = NONE for FIXED_IO_mio[40]. (constraint file  {/home/bsp-lab/Desktop/Final HDC/FInal_HDC/FInal_HDC.gen/sources_1/bd/design_1/ip/design_1_processing_system7_0_0/design_1_processing_system7_0_0/design_1_processing_system7_0_0_in_context.xdc}, line 216).
Applied set_property CLOCK_BUFFER_TYPE = NONE for FIXED_IO_mio[40]. (constraint file  {/home/bsp-lab/Desktop/Final HDC/FInal_HDC/FInal_HDC.gen/sources_1/bd/design_1/ip/design_1_processing_system7_0_0/design_1_processing_system7_0_0/design_1_processing_system7_0_0_in_context.xdc}, line 217).
Applied set_property IO_BUFFER_TYPE = NONE for FIXED_IO_mio[41]. (constraint file  {/home/bsp-lab/Desktop/Final HDC/FInal_HDC/FInal_HDC.gen/sources_1/bd/design_1/ip/design_1_processing_system7_0_0/design_1_processing_system7_0_0/design_1_processing_system7_0_0_in_context.xdc}, line 218).
Applied set_property CLOCK_BUFFER_TYPE = NONE for FIXED_IO_mio[41]. (constraint file  {/home/bsp-lab/Desktop/Final HDC/FInal_HDC/FInal_HDC.gen/sources_1/bd/design_1/ip/design_1_processing_system7_0_0/design_1_processing_system7_0_0/design_1_processing_system7_0_0_in_context.xdc}, line 219).
Applied set_property IO_BUFFER_TYPE = NONE for FIXED_IO_mio[42]. (constraint file  {/home/bsp-lab/Desktop/Final HDC/FInal_HDC/FInal_HDC.gen/sources_1/bd/design_1/ip/design_1_processing_system7_0_0/design_1_processing_system7_0_0/design_1_processing_system7_0_0_in_context.xdc}, line 220).
Applied set_property CLOCK_BUFFER_TYPE = NONE for FIXED_IO_mio[42]. (constraint file  {/home/bsp-lab/Desktop/Final HDC/FInal_HDC/FInal_HDC.gen/sources_1/bd/design_1/ip/design_1_processing_system7_0_0/design_1_processing_system7_0_0/design_1_processing_system7_0_0_in_context.xdc}, line 221).
Applied set_property IO_BUFFER_TYPE = NONE for FIXED_IO_mio[43]. (constraint file  {/home/bsp-lab/Desktop/Final HDC/FInal_HDC/FInal_HDC.gen/sources_1/bd/design_1/ip/design_1_processing_system7_0_0/design_1_processing_system7_0_0/design_1_processing_system7_0_0_in_context.xdc}, line 222).
Applied set_property CLOCK_BUFFER_TYPE = NONE for FIXED_IO_mio[43]. (constraint file  {/home/bsp-lab/Desktop/Final HDC/FInal_HDC/FInal_HDC.gen/sources_1/bd/design_1/ip/design_1_processing_system7_0_0/design_1_processing_system7_0_0/design_1_processing_system7_0_0_in_context.xdc}, line 223).
Applied set_property IO_BUFFER_TYPE = NONE for FIXED_IO_mio[44]. (constraint file  {/home/bsp-lab/Desktop/Final HDC/FInal_HDC/FInal_HDC.gen/sources_1/bd/design_1/ip/design_1_processing_system7_0_0/design_1_processing_system7_0_0/design_1_processing_system7_0_0_in_context.xdc}, line 224).
Applied set_property CLOCK_BUFFER_TYPE = NONE for FIXED_IO_mio[44]. (constraint file  {/home/bsp-lab/Desktop/Final HDC/FInal_HDC/FInal_HDC.gen/sources_1/bd/design_1/ip/design_1_processing_system7_0_0/design_1_processing_system7_0_0/design_1_processing_system7_0_0_in_context.xdc}, line 225).
Applied set_property IO_BUFFER_TYPE = NONE for FIXED_IO_mio[45]. (constraint file  {/home/bsp-lab/Desktop/Final HDC/FInal_HDC/FInal_HDC.gen/sources_1/bd/design_1/ip/design_1_processing_system7_0_0/design_1_processing_system7_0_0/design_1_processing_system7_0_0_in_context.xdc}, line 226).
Applied set_property CLOCK_BUFFER_TYPE = NONE for FIXED_IO_mio[45]. (constraint file  {/home/bsp-lab/Desktop/Final HDC/FInal_HDC/FInal_HDC.gen/sources_1/bd/design_1/ip/design_1_processing_system7_0_0/design_1_processing_system7_0_0/design_1_processing_system7_0_0_in_context.xdc}, line 227).
Applied set_property IO_BUFFER_TYPE = NONE for FIXED_IO_mio[46]. (constraint file  {/home/bsp-lab/Desktop/Final HDC/FInal_HDC/FInal_HDC.gen/sources_1/bd/design_1/ip/design_1_processing_system7_0_0/design_1_processing_system7_0_0/design_1_processing_system7_0_0_in_context.xdc}, line 228).
Applied set_property CLOCK_BUFFER_TYPE = NONE for FIXED_IO_mio[46]. (constraint file  {/home/bsp-lab/Desktop/Final HDC/FInal_HDC/FInal_HDC.gen/sources_1/bd/design_1/ip/design_1_processing_system7_0_0/design_1_processing_system7_0_0/design_1_processing_system7_0_0_in_context.xdc}, line 229).
Applied set_property IO_BUFFER_TYPE = NONE for FIXED_IO_mio[47]. (constraint file  {/home/bsp-lab/Desktop/Final HDC/FInal_HDC/FInal_HDC.gen/sources_1/bd/design_1/ip/design_1_processing_system7_0_0/design_1_processing_system7_0_0/design_1_processing_system7_0_0_in_context.xdc}, line 230).
Applied set_property CLOCK_BUFFER_TYPE = NONE for FIXED_IO_mio[47]. (constraint file  {/home/bsp-lab/Desktop/Final HDC/FInal_HDC/FInal_HDC.gen/sources_1/bd/design_1/ip/design_1_processing_system7_0_0/design_1_processing_system7_0_0/design_1_processing_system7_0_0_in_context.xdc}, line 231).
Applied set_property IO_BUFFER_TYPE = NONE for FIXED_IO_mio[48]. (constraint file  {/home/bsp-lab/Desktop/Final HDC/FInal_HDC/FInal_HDC.gen/sources_1/bd/design_1/ip/design_1_processing_system7_0_0/design_1_processing_system7_0_0/design_1_processing_system7_0_0_in_context.xdc}, line 232).
Applied set_property CLOCK_BUFFER_TYPE = NONE for FIXED_IO_mio[48]. (constraint file  {/home/bsp-lab/Desktop/Final HDC/FInal_HDC/FInal_HDC.gen/sources_1/bd/design_1/ip/design_1_processing_system7_0_0/design_1_processing_system7_0_0/design_1_processing_system7_0_0_in_context.xdc}, line 233).
Applied set_property IO_BUFFER_TYPE = NONE for FIXED_IO_mio[49]. (constraint file  {/home/bsp-lab/Desktop/Final HDC/FInal_HDC/FInal_HDC.gen/sources_1/bd/design_1/ip/design_1_processing_system7_0_0/design_1_processing_system7_0_0/design_1_processing_system7_0_0_in_context.xdc}, line 234).
Applied set_property CLOCK_BUFFER_TYPE = NONE for FIXED_IO_mio[49]. (constraint file  {/home/bsp-lab/Desktop/Final HDC/FInal_HDC/FInal_HDC.gen/sources_1/bd/design_1/ip/design_1_processing_system7_0_0/design_1_processing_system7_0_0/design_1_processing_system7_0_0_in_context.xdc}, line 235).
Applied set_property IO_BUFFER_TYPE = NONE for FIXED_IO_mio[4]. (constraint file  {/home/bsp-lab/Desktop/Final HDC/FInal_HDC/FInal_HDC.gen/sources_1/bd/design_1/ip/design_1_processing_system7_0_0/design_1_processing_system7_0_0/design_1_processing_system7_0_0_in_context.xdc}, line 236).
Applied set_property CLOCK_BUFFER_TYPE = NONE for FIXED_IO_mio[4]. (constraint file  {/home/bsp-lab/Desktop/Final HDC/FInal_HDC/FInal_HDC.gen/sources_1/bd/design_1/ip/design_1_processing_system7_0_0/design_1_processing_system7_0_0/design_1_processing_system7_0_0_in_context.xdc}, line 237).
Applied set_property IO_BUFFER_TYPE = NONE for FIXED_IO_mio[50]. (constraint file  {/home/bsp-lab/Desktop/Final HDC/FInal_HDC/FInal_HDC.gen/sources_1/bd/design_1/ip/design_1_processing_system7_0_0/design_1_processing_system7_0_0/design_1_processing_system7_0_0_in_context.xdc}, line 238).
Applied set_property CLOCK_BUFFER_TYPE = NONE for FIXED_IO_mio[50]. (constraint file  {/home/bsp-lab/Desktop/Final HDC/FInal_HDC/FInal_HDC.gen/sources_1/bd/design_1/ip/design_1_processing_system7_0_0/design_1_processing_system7_0_0/design_1_processing_system7_0_0_in_context.xdc}, line 239).
Applied set_property IO_BUFFER_TYPE = NONE for FIXED_IO_mio[51]. (constraint file  {/home/bsp-lab/Desktop/Final HDC/FInal_HDC/FInal_HDC.gen/sources_1/bd/design_1/ip/design_1_processing_system7_0_0/design_1_processing_system7_0_0/design_1_processing_system7_0_0_in_context.xdc}, line 240).
Applied set_property CLOCK_BUFFER_TYPE = NONE for FIXED_IO_mio[51]. (constraint file  {/home/bsp-lab/Desktop/Final HDC/FInal_HDC/FInal_HDC.gen/sources_1/bd/design_1/ip/design_1_processing_system7_0_0/design_1_processing_system7_0_0/design_1_processing_system7_0_0_in_context.xdc}, line 241).
Applied set_property IO_BUFFER_TYPE = NONE for FIXED_IO_mio[52]. (constraint file  {/home/bsp-lab/Desktop/Final HDC/FInal_HDC/FInal_HDC.gen/sources_1/bd/design_1/ip/design_1_processing_system7_0_0/design_1_processing_system7_0_0/design_1_processing_system7_0_0_in_context.xdc}, line 242).
Applied set_property CLOCK_BUFFER_TYPE = NONE for FIXED_IO_mio[52]. (constraint file  {/home/bsp-lab/Desktop/Final HDC/FInal_HDC/FInal_HDC.gen/sources_1/bd/design_1/ip/design_1_processing_system7_0_0/design_1_processing_system7_0_0/design_1_processing_system7_0_0_in_context.xdc}, line 243).
Applied set_property IO_BUFFER_TYPE = NONE for FIXED_IO_mio[53]. (constraint file  {/home/bsp-lab/Desktop/Final HDC/FInal_HDC/FInal_HDC.gen/sources_1/bd/design_1/ip/design_1_processing_system7_0_0/design_1_processing_system7_0_0/design_1_processing_system7_0_0_in_context.xdc}, line 244).
Applied set_property CLOCK_BUFFER_TYPE = NONE for FIXED_IO_mio[53]. (constraint file  {/home/bsp-lab/Desktop/Final HDC/FInal_HDC/FInal_HDC.gen/sources_1/bd/design_1/ip/design_1_processing_system7_0_0/design_1_processing_system7_0_0/design_1_processing_system7_0_0_in_context.xdc}, line 245).
Applied set_property IO_BUFFER_TYPE = NONE for FIXED_IO_mio[5]. (constraint file  {/home/bsp-lab/Desktop/Final HDC/FInal_HDC/FInal_HDC.gen/sources_1/bd/design_1/ip/design_1_processing_system7_0_0/design_1_processing_system7_0_0/design_1_processing_system7_0_0_in_context.xdc}, line 246).
Applied set_property CLOCK_BUFFER_TYPE = NONE for FIXED_IO_mio[5]. (constraint file  {/home/bsp-lab/Desktop/Final HDC/FInal_HDC/FInal_HDC.gen/sources_1/bd/design_1/ip/design_1_processing_system7_0_0/design_1_processing_system7_0_0/design_1_processing_system7_0_0_in_context.xdc}, line 247).
Applied set_property IO_BUFFER_TYPE = NONE for FIXED_IO_mio[6]. (constraint file  {/home/bsp-lab/Desktop/Final HDC/FInal_HDC/FInal_HDC.gen/sources_1/bd/design_1/ip/design_1_processing_system7_0_0/design_1_processing_system7_0_0/design_1_processing_system7_0_0_in_context.xdc}, line 248).
Applied set_property CLOCK_BUFFER_TYPE = NONE for FIXED_IO_mio[6]. (constraint file  {/home/bsp-lab/Desktop/Final HDC/FInal_HDC/FInal_HDC.gen/sources_1/bd/design_1/ip/design_1_processing_system7_0_0/design_1_processing_system7_0_0/design_1_processing_system7_0_0_in_context.xdc}, line 249).
Applied set_property IO_BUFFER_TYPE = NONE for FIXED_IO_mio[7]. (constraint file  {/home/bsp-lab/Desktop/Final HDC/FInal_HDC/FInal_HDC.gen/sources_1/bd/design_1/ip/design_1_processing_system7_0_0/design_1_processing_system7_0_0/design_1_processing_system7_0_0_in_context.xdc}, line 250).
Applied set_property CLOCK_BUFFER_TYPE = NONE for FIXED_IO_mio[7]. (constraint file  {/home/bsp-lab/Desktop/Final HDC/FInal_HDC/FInal_HDC.gen/sources_1/bd/design_1/ip/design_1_processing_system7_0_0/design_1_processing_system7_0_0/design_1_processing_system7_0_0_in_context.xdc}, line 251).
Applied set_property IO_BUFFER_TYPE = NONE for FIXED_IO_mio[8]. (constraint file  {/home/bsp-lab/Desktop/Final HDC/FInal_HDC/FInal_HDC.gen/sources_1/bd/design_1/ip/design_1_processing_system7_0_0/design_1_processing_system7_0_0/design_1_processing_system7_0_0_in_context.xdc}, line 252).
Applied set_property CLOCK_BUFFER_TYPE = NONE for FIXED_IO_mio[8]. (constraint file  {/home/bsp-lab/Desktop/Final HDC/FInal_HDC/FInal_HDC.gen/sources_1/bd/design_1/ip/design_1_processing_system7_0_0/design_1_processing_system7_0_0/design_1_processing_system7_0_0_in_context.xdc}, line 253).
Applied set_property IO_BUFFER_TYPE = NONE for FIXED_IO_mio[9]. (constraint file  {/home/bsp-lab/Desktop/Final HDC/FInal_HDC/FInal_HDC.gen/sources_1/bd/design_1/ip/design_1_processing_system7_0_0/design_1_processing_system7_0_0/design_1_processing_system7_0_0_in_context.xdc}, line 254).
Applied set_property CLOCK_BUFFER_TYPE = NONE for FIXED_IO_mio[9]. (constraint file  {/home/bsp-lab/Desktop/Final HDC/FInal_HDC/FInal_HDC.gen/sources_1/bd/design_1/ip/design_1_processing_system7_0_0/design_1_processing_system7_0_0/design_1_processing_system7_0_0_in_context.xdc}, line 255).
Applied set_property IO_BUFFER_TYPE = NONE for FIXED_IO_ps_clk. (constraint file  {/home/bsp-lab/Desktop/Final HDC/FInal_HDC/FInal_HDC.gen/sources_1/bd/design_1/ip/design_1_processing_system7_0_0/design_1_processing_system7_0_0/design_1_processing_system7_0_0_in_context.xdc}, line 256).
Applied set_property CLOCK_BUFFER_TYPE = NONE for FIXED_IO_ps_clk. (constraint file  {/home/bsp-lab/Desktop/Final HDC/FInal_HDC/FInal_HDC.gen/sources_1/bd/design_1/ip/design_1_processing_system7_0_0/design_1_processing_system7_0_0/design_1_processing_system7_0_0_in_context.xdc}, line 257).
Applied set_property IO_BUFFER_TYPE = NONE for FIXED_IO_ps_porb. (constraint file  {/home/bsp-lab/Desktop/Final HDC/FInal_HDC/FInal_HDC.gen/sources_1/bd/design_1/ip/design_1_processing_system7_0_0/design_1_processing_system7_0_0/design_1_processing_system7_0_0_in_context.xdc}, line 258).
Applied set_property CLOCK_BUFFER_TYPE = NONE for FIXED_IO_ps_porb. (constraint file  {/home/bsp-lab/Desktop/Final HDC/FInal_HDC/FInal_HDC.gen/sources_1/bd/design_1/ip/design_1_processing_system7_0_0/design_1_processing_system7_0_0/design_1_processing_system7_0_0_in_context.xdc}, line 259).
Applied set_property IO_BUFFER_TYPE = NONE for FIXED_IO_ps_srstb. (constraint file  {/home/bsp-lab/Desktop/Final HDC/FInal_HDC/FInal_HDC.gen/sources_1/bd/design_1/ip/design_1_processing_system7_0_0/design_1_processing_system7_0_0/design_1_processing_system7_0_0_in_context.xdc}, line 260).
Applied set_property CLOCK_BUFFER_TYPE = NONE for FIXED_IO_ps_srstb. (constraint file  {/home/bsp-lab/Desktop/Final HDC/FInal_HDC/FInal_HDC.gen/sources_1/bd/design_1/ip/design_1_processing_system7_0_0/design_1_processing_system7_0_0/design_1_processing_system7_0_0_in_context.xdc}, line 261).
Applied set_property KEEP_HIERARCHY = SOFT for design_1_i. (constraint file  auto generated constraint).
Applied set_property KEEP_HIERARCHY = SOFT for design_1_i/processing_system7_0. (constraint file  auto generated constraint).
Applied set_property KEEP_HIERARCHY = SOFT for design_1_i/axi_interconnect_0/xbar. (constraint file  auto generated constraint).
Applied set_property KEEP_HIERARCHY = SOFT for design_1_i/axi_interconnect_0/s00_couplers/auto_pc. (constraint file  auto generated constraint).
Applied set_property KEEP_HIERARCHY = SOFT for design_1_i/axi_interconnect_0/m00_couplers/auto_pc. (constraint file  auto generated constraint).
Applied set_property KEEP_HIERARCHY = SOFT for design_1_i/axi_interconnect_0. (constraint file  auto generated constraint).
Applied set_property KEEP_HIERARCHY = SOFT for design_1_i/proc_sys_reset_0. (constraint file  auto generated constraint).
Applied set_property KEEP_HIERARCHY = SOFT for design_1_i/hdc_stream_system_0. (constraint file  auto generated constraint).
Applied set_property KEEP_HIERARCHY = SOFT for design_1_i/axi_dma_0. (constraint file  auto generated constraint).
Applied set_property KEEP_HIERARCHY = SOFT for design_1_i/axi_smc_0. (constraint file  auto generated constraint).
Applied set_property KEEP_HIERARCHY = SOFT for design_1_i/axi_pc_dma_0. (constraint file  auto generated constraint).
---------------------------------------------------------------------------------
Finished applying 'set_property' XDC Constraints : Time (s): cpu = 00:00:17 ; elapsed = 00:00:17 . Memory (MB): peak = 2378.664 ; gain = 570.695 ; free physical = 7207 ; free virtual = 22648
---------------------------------------------------------------------------------
---------------------------------------------------------------------------------
Finished RTL Optimization Phase 2 : Time (s): cpu = 00:00:17 ; elapsed = 00:00:17 . Memory (MB): peak = 2378.664 ; gain = 570.695 ; free physical = 7206 ; free virtual = 22649
---------------------------------------------------------------------------------
---------------------------------------------------------------------------------
Start RTL Component Statistics 
---------------------------------------------------------------------------------
Detailed RTL Component Info : 
---------------------------------------------------------------------------------
Finished RTL Component Statistics 
---------------------------------------------------------------------------------
---------------------------------------------------------------------------------
Start Part Resource Summary
---------------------------------------------------------------------------------
Part Resources:
DSPs: 220 (col length:60)
BRAMs: 280 (col length: RAMB18 60 RAMB36 30)
---------------------------------------------------------------------------------
Finished Part Resource Summary
---------------------------------------------------------------------------------
---------------------------------------------------------------------------------
Start Cross Boundary and Area Optimization
---------------------------------------------------------------------------------
WARNING: [Synth 8-7080] Parallel synthesis criteria is not met
WARNING: [Synth 8-7129] Port M00_ACLK in module design_1_axi_interconnect_0_0 is either unconnected or has no load
WARNING: [Synth 8-7129] Port M00_ARESETN in module design_1_axi_interconnect_0_0 is either unconnected or has no load
WARNING: [Synth 8-7129] Port M01_ACLK in module design_1_axi_interconnect_0_0 is either unconnected or has no load
WARNING: [Synth 8-7129] Port M01_ARESETN in module design_1_axi_interconnect_0_0 is either unconnected or has no load
WARNING: [Synth 8-7129] Port S00_ACLK in module design_1_axi_interconnect_0_0 is either unconnected or has no load
WARNING: [Synth 8-7129] Port S00_ARESETN in module design_1_axi_interconnect_0_0 is either unconnected or has no load
---------------------------------------------------------------------------------
Finished Cross Boundary and Area Optimization : Time (s): cpu = 00:00:19 ; elapsed = 00:00:19 . Memory (MB): peak = 2378.664 ; gain = 570.695 ; free physical = 7208 ; free virtual = 22655
---------------------------------------------------------------------------------
---------------------------------------------------------------------------------
Start Applying XDC Timing Constraints
---------------------------------------------------------------------------------
---------------------------------------------------------------------------------
Finished Applying XDC Timing Constraints : Time (s): cpu = 00:00:27 ; elapsed = 00:00:27 . Memory (MB): peak = 2462.664 ; gain = 654.695 ; free physical = 7104 ; free virtual = 22552
---------------------------------------------------------------------------------
---------------------------------------------------------------------------------
Start Timing Optimization
---------------------------------------------------------------------------------
---------------------------------------------------------------------------------
Finished Timing Optimization : Time (s): cpu = 00:00:27 ; elapsed = 00:00:27 . Memory (MB): peak = 2462.664 ; gain = 654.695 ; free physical = 7104 ; free virtual = 22552
---------------------------------------------------------------------------------
---------------------------------------------------------------------------------
Start Technology Mapping
---------------------------------------------------------------------------------
---------------------------------------------------------------------------------
Finished Technology Mapping : Time (s): cpu = 00:00:27 ; elapsed = 00:00:27 . Memory (MB): peak = 2473.680 ; gain = 665.711 ; free physical = 7093 ; free virtual = 22541
---------------------------------------------------------------------------------
---------------------------------------------------------------------------------
Start IO Insertion
---------------------------------------------------------------------------------
---------------------------------------------------------------------------------
Start Flattening Before IO Insertion
---------------------------------------------------------------------------------
---------------------------------------------------------------------------------
Finished Flattening Before IO Insertion
---------------------------------------------------------------------------------
---------------------------------------------------------------------------------
Start Final Netlist Cleanup
---------------------------------------------------------------------------------
---------------------------------------------------------------------------------
Finished Final Netlist Cleanup
---------------------------------------------------------------------------------
---------------------------------------------------------------------------------
Finished IO Insertion : Time (s): cpu = 00:00:31 ; elapsed = 00:00:32 . Memory (MB): peak = 2634.492 ; gain = 826.523 ; free physical = 6950 ; free virtual = 22398
---------------------------------------------------------------------------------
---------------------------------------------------------------------------------
Start Renaming Generated Instances
---------------------------------------------------------------------------------
---------------------------------------------------------------------------------
Finished Renaming Generated Instances : Time (s): cpu = 00:00:31 ; elapsed = 00:00:32 . Memory (MB): peak = 2634.492 ; gain = 826.523 ; free physical = 6950 ; free virtual = 22398
---------------------------------------------------------------------------------
---------------------------------------------------------------------------------
Start Rebuilding User Hierarchy
---------------------------------------------------------------------------------
---------------------------------------------------------------------------------
Finished Rebuilding User Hierarchy : Time (s): cpu = 00:00:31 ; elapsed = 00:00:32 . Memory (MB): peak = 2634.492 ; gain = 826.523 ; free physical = 6950 ; free virtual = 22398
---------------------------------------------------------------------------------
---------------------------------------------------------------------------------
Start Renaming Generated Ports
---------------------------------------------------------------------------------
---------------------------------------------------------------------------------
Finished Renaming Generated Ports : Time (s): cpu = 00:00:31 ; elapsed = 00:00:32 . Memory (MB): peak = 2634.492 ; gain = 826.523 ; free physical = 6950 ; free virtual = 22398
---------------------------------------------------------------------------------
---------------------------------------------------------------------------------
Start Handling Custom Attributes
---------------------------------------------------------------------------------
---------------------------------------------------------------------------------
Finished Handling Custom Attributes : Time (s): cpu = 00:00:31 ; elapsed = 00:00:32 . Memory (MB): peak = 2634.492 ; gain = 826.523 ; free physical = 6950 ; free virtual = 22398
---------------------------------------------------------------------------------
---------------------------------------------------------------------------------
Start Renaming Generated Nets
---------------------------------------------------------------------------------
---------------------------------------------------------------------------------
Finished Renaming Generated Nets : Time (s): cpu = 00:00:31 ; elapsed = 00:00:32 . Memory (MB): peak = 2634.492 ; gain = 826.523 ; free physical = 6950 ; free virtual = 22398
---------------------------------------------------------------------------------
---------------------------------------------------------------------------------
Start Writing Synthesis Report
---------------------------------------------------------------------------------

Report BlackBoxes: 
+------+------------------------------------------+----------+
|      |BlackBox name                             |Instances |
+------+------------------------------------------+----------+
|1     |design_1_axi_dma_0_0                      |         1|
|2     |design_1_axi_interconnect_0_imp_xbar_0    |         1|
|3     |design_1_axi_interconnect_0_imp_auto_pc_0 |         1|
|4     |design_1_axi_interconnect_0_imp_auto_pc_1 |         1|
|5     |design_1_axi_pc_dma_0_0                   |         1|
|6     |design_1_axi_smc_0_0                      |         1|
|7     |design_1_hdc_stream_system_0_0            |         1|
|8     |design_1_proc_sys_reset_0_0               |         1|
|9     |design_1_processing_system7_0_0           |         1|
+------+------------------------------------------+----------+

Report Cell Usage: 
+------+----------------------------------------+------+
|      |Cell                                    |Count |
+------+----------------------------------------+------+
|1     |design_1_axi_dma_0                      |     1|
|2     |design_1_axi_interconnect_0_imp_auto_pc |     2|
|4     |design_1_axi_interconnect_0_imp_xbar    |     1|
|5     |design_1_axi_pc_dma_0                   |     1|
|6     |design_1_axi_smc_0                      |     1|
|7     |design_1_hdc_stream_system_0            |     1|
|8     |design_1_proc_sys_reset_0               |     1|
|9     |design_1_processing_system7_0           |     1|
+------+----------------------------------------+------+
---------------------------------------------------------------------------------
Finished Writing Synthesis Report : Time (s): cpu = 00:00:31 ; elapsed = 00:00:32 . Memory (MB): peak = 2634.492 ; gain = 826.523 ; free physical = 6950 ; free virtual = 22398
---------------------------------------------------------------------------------
Synthesis finished with 0 errors, 0 critical warnings and 7 warnings.
Synthesis Optimization Runtime : Time (s): cpu = 00:00:29 ; elapsed = 00:00:29 . Memory (MB): peak = 2634.492 ; gain = 779.535 ; free physical = 6950 ; free virtual = 22398
Synthesis Optimization Complete : Time (s): cpu = 00:00:31 ; elapsed = 00:00:32 . Memory (MB): peak = 2634.500 ; gain = 826.523 ; free physical = 6950 ; free virtual = 22398
INFO: [Project 1-571] Translating synthesized netlist
Netlist sorting complete. Time (s): cpu = 00:00:00.02 ; elapsed = 00:00:00.02 . Memory (MB): peak = 2634.500 ; gain = 0.000 ; free physical = 7108 ; free virtual = 22555
INFO: [Project 1-570] Preparing netlist for logic optimization
INFO: [Opt 31-138] Pushed 0 inverter(s) to 0 load pin(s).
Netlist sorting complete. Time (s): cpu = 00:00:00 ; elapsed = 00:00:00 . Memory (MB): peak = 2634.500 ; gain = 0.000 ; free physical = 7111 ; free virtual = 22559
INFO: [Project 1-111] Unisim Transformation Summary:
No Unisim elements were transformed.

Synth Design complete | Checksum: 2a4520ae
INFO: [Common 17-83] Releasing license: Synthesis
51 Infos, 98 Warnings, 0 Critical Warnings and 0 Errors encountered.
synth_design completed successfully
synth_design: Time (s): cpu = 00:00:47 ; elapsed = 00:00:44 . Memory (MB): peak = 2634.500 ; gain = 1064.328 ; free physical = 7112 ; free virtual = 22560
INFO: [Common 17-2834] synth_design peak Physical Memory [PSS] (MB): overall = 2014.874; main = 1843.913; forked = 269.249
INFO: [Common 17-2834] synth_design peak Virtual Memory [VSS] (MB): overall = 3484.742; main = 2634.496; forked = 917.059
INFO: [Common 17-1381] The checkpoint '/home/bsp-lab/Desktop/Final HDC/FInal_HDC/FInal_HDC.runs/synth_1/design_1_wrapper.dcp' has been generated.
INFO: [Vivado 12-24828] Executing command : report_utilization -file design_1_wrapper_utilization_synth.rpt -pb design_1_wrapper_utilization_synth.pb
INFO: [Common 17-206] Exiting Vivado at Sun Sep 13 23:33:04 2026...
[Sun Sep 13 23:33:15 2026] synth_1 finished
wait_on_runs: Time (s): cpu = 00:07:00 ; elapsed = 00:05:22 . Memory (MB): peak = 1787.926 ; gain = 0.000 ; free physical = 8764 ; free virtual = 24205
INFO: HDC OOC log critical warnings: 0
INFO: === Step 2/3: implementation + bitstream ===
[Sun Sep 13 23:33:23 2026] Launched impl_1...
Run output will be captured here: /home/bsp-lab/Desktop/Final HDC/FInal_HDC/FInal_HDC.runs/impl_1/runme.log
launch_runs: Time (s): cpu = 00:00:13 ; elapsed = 00:00:09 . Memory (MB): peak = 1806.766 ; gain = 18.840 ; free physical = 8712 ; free virtual = 24153
[Sun Sep 13 23:33:23 2026] Waiting for impl_1 to finish...

*** Running vivado
    with args -log design_1_wrapper.vdi -applog -m64 -product Vivado -messageDb vivado.pb -mode batch -source design_1_wrapper.tcl -notrace


****** Vivado v2024.2 (64-bit)
  **** SW Build 5239630 on Fri Nov 08 22:34:34 MST 2024
  **** IP Build 5239520 on Sun Nov 10 16:12:51 MST 2024
  **** SharedData Build 5239561 on Fri Nov 08 14:39:27 MST 2024
  **** Start of session at: Sun Sep 13 23:33:27 2026
    ** Copyright 1986-2022 Xilinx, Inc. All Rights Reserved.
    ** Copyright 2022-2024 Advanced Micro Devices, Inc. All Rights Reserved.

source design_1_wrapper.tcl -notrace
create_project: Time (s): cpu = 00:00:11 ; elapsed = 00:00:11 . Memory (MB): peak = 1513.734 ; gain = 82.840 ; free physical = 8172 ; free virtual = 23614
INFO: [IP_Flow 19-234] Refreshing IP repositories
INFO: [IP_Flow 19-1704] No user IP repositories specified
INFO: [IP_Flow 19-2313] Loaded Vivado IP repository '/cad/Xilinx/Vivado/2024.2/data/ip'.
Command: link_design -top design_1_wrapper -part xc7z020clg484-1
Design is defaulting to srcset: sources_1
Design is defaulting to constrset: constrs_1
INFO: [Device 21-403] Loading part xc7z020clg484-1
INFO: [Project 1-454] Reading design checkpoint '/home/bsp-lab/Desktop/Final HDC/FInal_HDC/FInal_HDC.gen/sources_1/bd/design_1/ip/design_1_axi_dma_0_0/design_1_axi_dma_0_0.dcp' for cell 'design_1_i/axi_dma_0'
INFO: [Project 1-454] Reading design checkpoint '/home/bsp-lab/Desktop/Final HDC/FInal_HDC/FInal_HDC.gen/sources_1/bd/design_1/ip/design_1_axi_pc_dma_0_0/design_1_axi_pc_dma_0_0.dcp' for cell 'design_1_i/axi_pc_dma_0'
INFO: [Project 1-454] Reading design checkpoint '/home/bsp-lab/Desktop/Final HDC/FInal_HDC/FInal_HDC.gen/sources_1/bd/design_1/ip/design_1_axi_smc_0_0/design_1_axi_smc_0_0.dcp' for cell 'design_1_i/axi_smc_0'
INFO: [Project 1-454] Reading design checkpoint '/home/bsp-lab/Desktop/Final HDC/FInal_HDC/FInal_HDC.gen/sources_1/bd/design_1/ip/design_1_hdc_stream_system_0_0/design_1_hdc_stream_system_0_0.dcp' for cell 'design_1_i/hdc_stream_system_0'
INFO: [Project 1-454] Reading design checkpoint '/home/bsp-lab/Desktop/Final HDC/FInal_HDC/FInal_HDC.gen/sources_1/bd/design_1/ip/design_1_proc_sys_reset_0_0/design_1_proc_sys_reset_0_0.dcp' for cell 'design_1_i/proc_sys_reset_0'
INFO: [Project 1-454] Reading design checkpoint '/home/bsp-lab/Desktop/Final HDC/FInal_HDC/FInal_HDC.gen/sources_1/bd/design_1/ip/design_1_processing_system7_0_0/design_1_processing_system7_0_0.dcp' for cell 'design_1_i/processing_system7_0'
INFO: [Project 1-454] Reading design checkpoint '/home/bsp-lab/Desktop/Final HDC/FInal_HDC/FInal_HDC.gen/sources_1/bd/design_1/ip/design_1_axi_interconnect_0_imp_xbar_0/design_1_axi_interconnect_0_imp_xbar_0.dcp' for cell 'design_1_i/axi_interconnect_0/xbar'
INFO: [Project 1-454] Reading design checkpoint '/home/bsp-lab/Desktop/Final HDC/FInal_HDC/FInal_HDC.gen/sources_1/bd/design_1/ip/design_1_axi_interconnect_0_imp_auto_pc_0/design_1_axi_interconnect_0_imp_auto_pc_0.dcp' for cell 'design_1_i/axi_interconnect_0/m00_couplers/auto_pc'
INFO: [Project 1-454] Reading design checkpoint '/home/bsp-lab/Desktop/Final HDC/FInal_HDC/FInal_HDC.gen/sources_1/bd/design_1/ip/design_1_axi_interconnect_0_imp_auto_pc_1/design_1_axi_interconnect_0_imp_auto_pc_1.dcp' for cell 'design_1_i/axi_interconnect_0/s00_couplers/auto_pc'
Netlist sorting complete. Time (s): cpu = 00:00:00.65 ; elapsed = 00:00:00.65 . Memory (MB): peak = 1871.422 ; gain = 0.000 ; free physical = 7866 ; free virtual = 23307
INFO: [Netlist 29-17] Analyzing 6554 Unisim elements for replacement
INFO: [Netlist 29-28] Unisim Transformation completed in 0 CPU seconds
INFO: [Project 1-479] Netlist was created with Vivado 2024.2
INFO: [Project 1-570] Preparing netlist for logic optimization
Parsing XDC File [/home/bsp-lab/Desktop/Final HDC/FInal_HDC/FInal_HDC.gen/sources_1/bd/design_1/ip/design_1_processing_system7_0_0/design_1_processing_system7_0_0.xdc] for cell 'design_1_i/processing_system7_0/inst'
Finished Parsing XDC File [/home/bsp-lab/Desktop/Final HDC/FInal_HDC/FInal_HDC.gen/sources_1/bd/design_1/ip/design_1_processing_system7_0_0/design_1_processing_system7_0_0.xdc] for cell 'design_1_i/processing_system7_0/inst'
Parsing XDC File [/home/bsp-lab/Desktop/Final HDC/FInal_HDC/FInal_HDC.gen/sources_1/bd/design_1/ip/design_1_proc_sys_reset_0_0/design_1_proc_sys_reset_0_0_board.xdc] for cell 'design_1_i/proc_sys_reset_0/U0'
Finished Parsing XDC File [/home/bsp-lab/Desktop/Final HDC/FInal_HDC/FInal_HDC.gen/sources_1/bd/design_1/ip/design_1_proc_sys_reset_0_0/design_1_proc_sys_reset_0_0_board.xdc] for cell 'design_1_i/proc_sys_reset_0/U0'
Parsing XDC File [/home/bsp-lab/Desktop/Final HDC/FInal_HDC/FInal_HDC.gen/sources_1/bd/design_1/ip/design_1_proc_sys_reset_0_0/design_1_proc_sys_reset_0_0.xdc] for cell 'design_1_i/proc_sys_reset_0/U0'
Finished Parsing XDC File [/home/bsp-lab/Desktop/Final HDC/FInal_HDC/FInal_HDC.gen/sources_1/bd/design_1/ip/design_1_proc_sys_reset_0_0/design_1_proc_sys_reset_0_0.xdc] for cell 'design_1_i/proc_sys_reset_0/U0'
Parsing XDC File [/home/bsp-lab/Desktop/Final HDC/FInal_HDC/FInal_HDC.gen/sources_1/bd/design_1/ip/design_1_axi_dma_0_0/design_1_axi_dma_0_0.xdc] for cell 'design_1_i/axi_dma_0/U0'
WARNING: [Vivado_Tcl 4-919] Waiver ID 'CDC-1' -from list should not be empty. [/home/bsp-lab/Desktop/Final HDC/FInal_HDC/FInal_HDC.gen/sources_1/bd/design_1/ip/design_1_axi_dma_0_0/design_1_axi_dma_0_0.xdc:61]
Finished Parsing XDC File [/home/bsp-lab/Desktop/Final HDC/FInal_HDC/FInal_HDC.gen/sources_1/bd/design_1/ip/design_1_axi_dma_0_0/design_1_axi_dma_0_0.xdc] for cell 'design_1_i/axi_dma_0/U0'
Parsing XDC File [/home/bsp-lab/Desktop/Final HDC/FInal_HDC/FInal_HDC.gen/sources_1/bd/design_1/ip/design_1_axi_smc_0_0/bd_0/ip/ip_1/bd_6829_psr_aclk_0_board.xdc] for cell 'design_1_i/axi_smc_0/inst/clk_map/psr_aclk/U0'
Finished Parsing XDC File [/home/bsp-lab/Desktop/Final HDC/FInal_HDC/FInal_HDC.gen/sources_1/bd/design_1/ip/design_1_axi_smc_0_0/bd_0/ip/ip_1/bd_6829_psr_aclk_0_board.xdc] for cell 'design_1_i/axi_smc_0/inst/clk_map/psr_aclk/U0'
Parsing XDC File [/home/bsp-lab/Desktop/Final HDC/FInal_HDC/FInal_HDC.gen/sources_1/bd/design_1/ip/design_1_axi_smc_0_0/bd_0/ip/ip_1/bd_6829_psr_aclk_0.xdc] for cell 'design_1_i/axi_smc_0/inst/clk_map/psr_aclk/U0'
Finished Parsing XDC File [/home/bsp-lab/Desktop/Final HDC/FInal_HDC/FInal_HDC.gen/sources_1/bd/design_1/ip/design_1_axi_smc_0_0/bd_0/ip/ip_1/bd_6829_psr_aclk_0.xdc] for cell 'design_1_i/axi_smc_0/inst/clk_map/psr_aclk/U0'
Parsing XDC File [/home/bsp-lab/Desktop/Final HDC/FInal_HDC/FInal_HDC.gen/sources_1/bd/design_1/ip/design_1_axi_smc_0_0/smartconnect.xdc] for cell 'design_1_i/axi_smc_0/inst'
Finished Parsing XDC File [/home/bsp-lab/Desktop/Final HDC/FInal_HDC/FInal_HDC.gen/sources_1/bd/design_1/ip/design_1_axi_smc_0_0/smartconnect.xdc] for cell 'design_1_i/axi_smc_0/inst'
Parsing XDC File [/home/bsp-lab/Desktop/Final HDC/FInal_HDC/FInal_HDC.gen/sources_1/bd/design_1/ip/design_1_axi_dma_0_0/design_1_axi_dma_0_0_clocks.xdc] for cell 'design_1_i/axi_dma_0/U0'
Finished Parsing XDC File [/home/bsp-lab/Desktop/Final HDC/FInal_HDC/FInal_HDC.gen/sources_1/bd/design_1/ip/design_1_axi_dma_0_0/design_1_axi_dma_0_0_clocks.xdc] for cell 'design_1_i/axi_dma_0/U0'
INFO: [Project 1-1714] 64 XPM XDC files have been applied to the design.
INFO: [Opt 31-138] Pushed 0 inverter(s) to 0 load pin(s).
Netlist sorting complete. Time (s): cpu = 00:00:00.01 ; elapsed = 00:00:00.01 . Memory (MB): peak = 2739.277 ; gain = 0.000 ; free physical = 7135 ; free virtual = 22590
INFO: [Project 1-111] Unisim Transformation Summary:
  A total of 177 instances were transformed.
  RAM16X1D => RAM32X1D (RAMD32(x2)): 2 instances
  RAM32M => RAM32M (RAMD32(x6), RAMS32(x2)): 163 instances
  RAM32X1D => RAM32X1D (RAMD32(x2)): 12 instances

20 Infos, 1 Warnings, 0 Critical Warnings and 0 Errors encountered.
link_design completed successfully
link_design: Time (s): cpu = 00:00:38 ; elapsed = 00:00:33 . Memory (MB): peak = 2739.277 ; gain = 1168.832 ; free physical = 7131 ; free virtual = 22587
Command: opt_design -directive Explore
INFO: [Vivado_Tcl 4-136] Directive used for opt_design is: Explore
Attempting to get a license for feature 'Implementation' and/or device 'xc7z020'
INFO: [Common 17-349] Got license for feature 'Implementation' and/or device 'xc7z020'
Running DRC as a precondition to command opt_design

Starting DRC Task
INFO: [DRC 23-27] Running DRC with 8 threads
INFO: [Project 1-461] DRC finished with 0 Errors
INFO: [Project 1-462] Please refer to the DRC report (report_drc) for more information.

Time (s): cpu = 00:00:03 ; elapsed = 00:00:00.96 . Memory (MB): peak = 2739.277 ; gain = 0.000 ; free physical = 7158 ; free virtual = 22614

Starting Logic Optimization Task

Phase 1 Initialization

Phase 1.1 Core Generation And Design Setup
Phase 1.1 Core Generation And Design Setup | Checksum: 8a73089d

Time (s): cpu = 00:00:00.08 ; elapsed = 00:00:00.07 . Memory (MB): peak = 2957.176 ; gain = 0.000 ; free physical = 6906 ; free virtual = 22362

Phase 1.2 Setup Constraints And Sort Netlist
Phase 1.2 Setup Constraints And Sort Netlist | Checksum: 8a73089d

Time (s): cpu = 00:00:00.11 ; elapsed = 00:00:00.11 . Memory (MB): peak = 2957.176 ; gain = 0.000 ; free physical = 6906 ; free virtual = 22362
Phase 1 Initialization | Checksum: 8a73089d

Time (s): cpu = 00:00:00.12 ; elapsed = 00:00:00.12 . Memory (MB): peak = 2957.176 ; gain = 0.000 ; free physical = 6906 ; free virtual = 22362

Phase 2 Timer Update And Timing Data Collection

Phase 2.1 Timer Update
INFO: [Timing 38-35] Done setting XDC timing constraints.
Phase 2.1 Timer Update | Checksum: 8a73089d

Time (s): cpu = 00:00:09 ; elapsed = 00:00:03 . Memory (MB): peak = 3031.988 ; gain = 74.812 ; free physical = 6845 ; free virtual = 22301

Phase 2.2 Timing Data Collection
Phase 2.2 Timing Data Collection | Checksum: 8a73089d

Time (s): cpu = 00:00:09 ; elapsed = 00:00:03 . Memory (MB): peak = 3031.988 ; gain = 74.812 ; free physical = 6821 ; free virtual = 22276
Phase 2 Timer Update And Timing Data Collection | Checksum: 8a73089d

Time (s): cpu = 00:00:09 ; elapsed = 00:00:03 . Memory (MB): peak = 3031.988 ; gain = 74.812 ; free physical = 6821 ; free virtual = 22277

Phase 3 Retarget
INFO: [Opt 31-1851] Number of loadless carry chains removed were: 0
INFO: [Opt 31-1834] Total Chains To Be Transformed Were: 0 AND Number of Transformed insts Created are: 0
INFO: [Opt 31-1566] Pulled 35 inverters resulting in an inversion of 479 pins
INFO: [Opt 31-138] Pushed 21 inverter(s) to 106 load pin(s).
INFO: [Opt 31-49] Retargeted 0 cell(s).
Phase 3 Retarget | Checksum: 1e405fa7f

Time (s): cpu = 00:00:10 ; elapsed = 00:00:04 . Memory (MB): peak = 3031.988 ; gain = 74.812 ; free physical = 6806 ; free virtual = 22262
Retarget | Checksum: 1e405fa7f
INFO: [Opt 31-389] Phase Retarget created 119 cells and removed 244 cells
INFO: [Opt 31-1021] In phase Retarget, 60 netlist objects are constrained preventing optimization. Please run opt_design with -debug_log to get more detail. 

Phase 4 Constant propagation
INFO: [Opt 31-138] Pushed 0 inverter(s) to 0 load pin(s).
Phase 4 Constant propagation | Checksum: 20f622f01

Time (s): cpu = 00:00:11 ; elapsed = 00:00:05 . Memory (MB): peak = 3031.988 ; gain = 74.812 ; free physical = 6800 ; free virtual = 22256
Constant propagation | Checksum: 20f622f01
INFO: [Opt 31-389] Phase Constant propagation created 93 cells and removed 838 cells
INFO: [Opt 31-1021] In phase Constant propagation, 60 netlist objects are constrained preventing optimization. Please run opt_design with -debug_log to get more detail. 

Phase 5 Sweep
INFO: [Constraints 18-11670] Building netlist checker database with flags, 0x8
Done building netlist checker database: Time (s): cpu = 00:00:00.02 ; elapsed = 00:00:00.02 . Memory (MB): peak = 3031.988 ; gain = 0.000 ; free physical = 6799 ; free virtual = 22255
INFO: [Constraints 18-11670] Building netlist checker database with flags, 0x8
Done building netlist checker database: Time (s): cpu = 00:00:00.01 ; elapsed = 00:00:00.01 . Memory (MB): peak = 3031.988 ; gain = 0.000 ; free physical = 6799 ; free virtual = 22255
Phase 5 Sweep | Checksum: 1fb91d0ab

Time (s): cpu = 00:00:14 ; elapsed = 00:00:07 . Memory (MB): peak = 3031.988 ; gain = 74.812 ; free physical = 6800 ; free virtual = 22256
Sweep | Checksum: 1fb91d0ab
INFO: [Opt 31-389] Phase Sweep created 0 cells and removed 410 cells
INFO: [Opt 31-1021] In phase Sweep, 76 netlist objects are constrained preventing optimization. Please run opt_design with -debug_log to get more detail. 

Phase 6 BUFG optimization
Phase 6 BUFG optimization | Checksum: 1fb91d0ab

Time (s): cpu = 00:00:15 ; elapsed = 00:00:08 . Memory (MB): peak = 3064.004 ; gain = 106.828 ; free physical = 6799 ; free virtual = 22255
BUFG optimization | Checksum: 1fb91d0ab
INFO: [Opt 31-662] Phase BUFG optimization created 0 cells of which 0 are BUFGs and removed 0 cells.

Phase 7 Shift Register Optimization
INFO: [Opt 31-1064] SRL Remap converted 0 SRLs to 0 registers and converted 0 registers of register chains to 0 SRLs
Phase 7 Shift Register Optimization | Checksum: 1fb91d0ab

Time (s): cpu = 00:00:15 ; elapsed = 00:00:08 . Memory (MB): peak = 3064.004 ; gain = 106.828 ; free physical = 6799 ; free virtual = 22255
Shift Register Optimization | Checksum: 1fb91d0ab
INFO: [Opt 31-389] Phase Shift Register Optimization created 0 cells and removed 0 cells
INFO: [Opt 31-1555] control_set_opt supports Versal devices only, and device 7z020 is unsupported

Phase 8 Post Processing Netlist
INFO: [Opt 31-1566] Pulled 1 inverters resulting in an inversion of 1 pins
Phase 8 Post Processing Netlist | Checksum: 1da9337c1

Time (s): cpu = 00:00:15 ; elapsed = 00:00:08 . Memory (MB): peak = 3064.004 ; gain = 106.828 ; free physical = 6798 ; free virtual = 22254
Post Processing Netlist | Checksum: 1da9337c1
INFO: [Opt 31-389] Phase Post Processing Netlist created 0 cells and removed 1 cells
INFO: [Opt 31-1021] In phase Post Processing Netlist, 60 netlist objects are constrained preventing optimization. Please run opt_design with -debug_log to get more detail. 

Phase 9 Finalization

Phase 9.1 Finalizing Design Cores and Updating Shapes
Phase 9.1 Finalizing Design Cores and Updating Shapes | Checksum: 123ed7b99

Time (s): cpu = 00:00:17 ; elapsed = 00:00:11 . Memory (MB): peak = 3064.004 ; gain = 106.828 ; free physical = 6796 ; free virtual = 22252

Phase 9.2 Verifying Netlist Connectivity

Starting Connectivity Check Task

Time (s): cpu = 00:00:00.14 ; elapsed = 00:00:00.14 . Memory (MB): peak = 3064.004 ; gain = 0.000 ; free physical = 6795 ; free virtual = 22251
Phase 9.2 Verifying Netlist Connectivity | Checksum: 123ed7b99

Time (s): cpu = 00:00:17 ; elapsed = 00:00:11 . Memory (MB): peak = 3064.004 ; gain = 106.828 ; free physical = 6792 ; free virtual = 22248
Phase 9 Finalization | Checksum: 123ed7b99

Time (s): cpu = 00:00:18 ; elapsed = 00:00:11 . Memory (MB): peak = 3064.004 ; gain = 106.828 ; free physical = 6792 ; free virtual = 22248
Opt_design Change Summary
=========================


-------------------------------------------------------------------------------------------------------------------------
|  Phase                        |  #Cells created  |  #Cells Removed  |  #Constrained objects preventing optimizations  |
-------------------------------------------------------------------------------------------------------------------------
|  Retarget                     |             119  |             244  |                                             60  |
|  Constant propagation         |              93  |             838  |                                             60  |
|  Sweep                        |               0  |             410  |                                             76  |
|  BUFG optimization            |               0  |               0  |                                              0  |
|  Shift Register Optimization  |               0  |               0  |                                              0  |
|  Post Processing Netlist      |               0  |               1  |                                             60  |
-------------------------------------------------------------------------------------------------------------------------


Ending Logic Optimization Task | Checksum: 123ed7b99

Time (s): cpu = 00:00:18 ; elapsed = 00:00:11 . Memory (MB): peak = 3064.004 ; gain = 106.828 ; free physical = 6793 ; free virtual = 22249

Starting Netlist Obfuscation Task
Netlist sorting complete. Time (s): cpu = 00:00:00.01 ; elapsed = 00:00:00.02 . Memory (MB): peak = 3064.004 ; gain = 0.000 ; free physical = 6794 ; free virtual = 22250
Ending Netlist Obfuscation Task | Checksum: 123ed7b99

Time (s): cpu = 00:00:00.03 ; elapsed = 00:00:00.03 . Memory (MB): peak = 3064.004 ; gain = 0.000 ; free physical = 6794 ; free virtual = 22250
INFO: [Common 17-83] Releasing license: Implementation
48 Infos, 1 Warnings, 0 Critical Warnings and 0 Errors encountered.
opt_design completed successfully
opt_design: Time (s): cpu = 00:00:24 ; elapsed = 00:00:15 . Memory (MB): peak = 3064.004 ; gain = 324.727 ; free physical = 6794 ; free virtual = 22250
INFO: [Vivado 12-24828] Executing command : report_drc -file design_1_wrapper_drc_opted.rpt -pb design_1_wrapper_drc_opted.pb -rpx design_1_wrapper_drc_opted.rpx
Command: report_drc -file design_1_wrapper_drc_opted.rpt -pb design_1_wrapper_drc_opted.pb -rpx design_1_wrapper_drc_opted.rpx
INFO: [IP_Flow 19-1839] IP Catalog is up to date.
INFO: [DRC 23-27] Running DRC with 8 threads
INFO: [Vivado_Tcl 2-168] The results of DRC are in file /home/bsp-lab/Desktop/Final HDC/FInal_HDC/FInal_HDC.runs/impl_1/design_1_wrapper_drc_opted.rpt.
report_drc completed successfully
INFO: [Timing 38-480] Writing timing data to binary archive.
Wrote PlaceDB: Time (s): cpu = 00:00:00.08 ; elapsed = 00:00:00.02 . Memory (MB): peak = 3064.004 ; gain = 0.000 ; free physical = 6779 ; free virtual = 22236
Wrote PulsedLatchDB: Time (s): cpu = 00:00:00 ; elapsed = 00:00:00 . Memory (MB): peak = 3064.004 ; gain = 0.000 ; free physical = 6779 ; free virtual = 22236
Writing XDEF routing.
Writing XDEF routing logical nets.
Writing XDEF routing special nets.
Wrote RouteStorage: Time (s): cpu = 00:00:00.64 ; elapsed = 00:00:00.13 . Memory (MB): peak = 3064.004 ; gain = 0.000 ; free physical = 6769 ; free virtual = 22232
Wrote Netlist Cache: Time (s): cpu = 00:00:00.01 ; elapsed = 00:00:00 . Memory (MB): peak = 3064.004 ; gain = 0.000 ; free physical = 6769 ; free virtual = 22232
Write ShapeDB Complete: Time (s): cpu = 00:00:00.76 ; elapsed = 00:00:00.16 . Memory (MB): peak = 3064.004 ; gain = 0.000 ; free physical = 6769 ; free virtual = 22233
Wrote Device Cache: Time (s): cpu = 00:00:00.05 ; elapsed = 00:00:00.01 . Memory (MB): peak = 3064.004 ; gain = 0.000 ; free physical = 6769 ; free virtual = 22233
Write Physdb Complete: Time (s): cpu = 00:00:00.79 ; elapsed = 00:00:00.17 . Memory (MB): peak = 3064.004 ; gain = 0.000 ; free physical = 6769 ; free virtual = 22233
INFO: [Common 17-1381] The checkpoint '/home/bsp-lab/Desktop/Final HDC/FInal_HDC/FInal_HDC.runs/impl_1/design_1_wrapper_opt.dcp' has been generated.
Command: place_design -directive Explore
Attempting to get a license for feature 'Implementation' and/or device 'xc7z020'
INFO: [Common 17-349] Got license for feature 'Implementation' and/or device 'xc7z020'
INFO: [Common 17-83] Releasing license: Implementation
INFO: [DRC 23-27] Running DRC with 8 threads
INFO: [Vivado_Tcl 4-198] DRC finished with 0 Errors
INFO: [Vivado_Tcl 4-199] Please refer to the DRC report (report_drc) for more information.
INFO: [Vivado_Tcl 4-2302] The placer was invoked with the 'Explore' directive.
Running DRC as a precondition to command place_design
INFO: [DRC 23-27] Running DRC with 8 threads
INFO: [Vivado_Tcl 4-198] DRC finished with 0 Errors
INFO: [Vivado_Tcl 4-199] Please refer to the DRC report (report_drc) for more information.
INFO: [Place 30-611] Multithreading enabled for place_design using a maximum of 8 CPUs

Starting Placer Task

Phase 1 Placer Initialization

Phase 1.1 Placer Initialization Netlist Sorting
Netlist sorting complete. Time (s): cpu = 00:00:00.02 ; elapsed = 00:00:00.02 . Memory (MB): peak = 3113.777 ; gain = 0.000 ; free physical = 6730 ; free virtual = 22195
Phase 1.1 Placer Initialization Netlist Sorting | Checksum: 11300bec5

Time (s): cpu = 00:00:00.06 ; elapsed = 00:00:00.05 . Memory (MB): peak = 3113.777 ; gain = 0.000 ; free physical = 6730 ; free virtual = 22195
Netlist sorting complete. Time (s): cpu = 00:00:00.01 ; elapsed = 00:00:00.01 . Memory (MB): peak = 3113.777 ; gain = 0.000 ; free physical = 6730 ; free virtual = 22195

Phase 1.2 IO Placement/ Clock Placement/ Build Placer Device
INFO: [Timing 38-35] Done setting XDC timing constraints.
Phase 1.2 IO Placement/ Clock Placement/ Build Placer Device | Checksum: 9ad08a3c

Time (s): cpu = 00:00:10 ; elapsed = 00:00:05 . Memory (MB): peak = 3119.715 ; gain = 5.938 ; free physical = 6693 ; free virtual = 22158

Phase 1.3 Build Placer Netlist Model
Phase 1.3 Build Placer Netlist Model | Checksum: 1918bf685

Time (s): cpu = 00:00:44 ; elapsed = 00:00:18 . Memory (MB): peak = 3303.766 ; gain = 189.988 ; free physical = 6525 ; free virtual = 21990

Phase 1.4 Constrain Clocks/Macros
Phase 1.4 Constrain Clocks/Macros | Checksum: 1918bf685

Time (s): cpu = 00:00:44 ; elapsed = 00:00:18 . Memory (MB): peak = 3303.766 ; gain = 189.988 ; free physical = 6525 ; free virtual = 21990
Phase 1 Placer Initialization | Checksum: 1918bf685

Time (s): cpu = 00:00:44 ; elapsed = 00:00:18 . Memory (MB): peak = 3303.766 ; gain = 189.988 ; free physical = 6525 ; free virtual = 21990

Phase 2 Global Placement

Phase 2.1 Floorplanning
Phase 2.1 Floorplanning | Checksum: 188a63c37

Time (s): cpu = 00:00:59 ; elapsed = 00:00:22 . Memory (MB): peak = 3374.734 ; gain = 260.957 ; free physical = 6491 ; free virtual = 21956

Phase 2.2 Update Timing before SLR Path Opt
Phase 2.2 Update Timing before SLR Path Opt | Checksum: 11971907d

Time (s): cpu = 00:01:11 ; elapsed = 00:00:25 . Memory (MB): peak = 3374.734 ; gain = 260.957 ; free physical = 6482 ; free virtual = 21947

Phase 2.3 Post-Processing in Floorplanning
Phase 2.3 Post-Processing in Floorplanning | Checksum: 11971907d

Time (s): cpu = 00:01:11 ; elapsed = 00:00:25 . Memory (MB): peak = 3374.734 ; gain = 260.957 ; free physical = 6482 ; free virtual = 21947

Phase 2.4 Global Place Phase1
Phase 2.4 Global Place Phase1 | Checksum: 2005df536

Time (s): cpu = 00:02:47 ; elapsed = 00:01:03 . Memory (MB): peak = 3384.508 ; gain = 270.730 ; free physical = 6436 ; free virtual = 21901

Phase 2.5 Global Place Phase2

Phase 2.5.1 UpdateTiming Before Physical Synthesis
Phase 2.5.1 UpdateTiming Before Physical Synthesis | Checksum: 1c7b9e216

Time (s): cpu = 00:03:02 ; elapsed = 00:01:06 . Memory (MB): peak = 3384.508 ; gain = 270.730 ; free physical = 6427 ; free virtual = 21892

Phase 2.5.2 Physical Synthesis In Placer
INFO: [Physopt 32-1035] Found 9 LUTNM shape to break, 634 LUT instances to create LUTNM shape
INFO: [Physopt 32-1044] Break lutnm for timing: one critical 9, two critical 0, total 9, new lutff created 0
INFO: [Physopt 32-1138] End 1 Pass. Optimized 271 nets or LUTs. Breaked 9 LUTs, combined 262 existing LUTs and moved 0 existing LUT
INFO: [Physopt 32-1408] Pass 1. Identified 3 candidate nets for high-fanout optimization.
INFO: [Physopt 32-81] Processed net design_1_i/hdc_stream_system_0/inst/u_stream/u_core/u_encoder/u_bundle/n_accum_reg_n_0_[2]. Replicated 13 times.
INFO: [Physopt 32-81] Processed net design_1_i/hdc_stream_system_0/inst/u_stream/u_core/u_encoder/u_bundle/n_accum_reg_n_0_[4]. Replicated 13 times.
INFO: [Physopt 32-81] Processed net design_1_i/hdc_stream_system_0/inst/u_stream/u_core/u_encoder/u_bundle/n_accum_reg_n_0_[6]. Replicated 13 times.
INFO: [Physopt 32-232] Optimized 3 nets. Created 39 new instances.
INFO: [Physopt 32-775] End 1 Pass. Optimized 3 nets or cells. Created 39 new cells, deleted 0 existing cell and moved 0 existing cell
Netlist sorting complete. Time (s): cpu = 00:00:00.19 ; elapsed = 00:00:00.19 . Memory (MB): peak = 3384.508 ; gain = 0.000 ; free physical = 6522 ; free virtual = 21987
INFO: [Physopt 32-456] No candidate cells for DSP register optimization found in the design.
INFO: [Physopt 32-775] End 2 Pass. Optimized 0 net or cell. Created 0 new cell, deleted 0 existing cell and moved 0 existing cell
INFO: [Physopt 32-1123] No candidate cells found for Shift Register to Pipeline optimization
INFO: [Physopt 32-775] End 2 Pass. Optimized 0 net or cell. Created 0 new cell, deleted 0 existing cell and moved 0 existing cell
INFO: [Physopt 32-1401] No candidate cells found for Shift Register optimization.
INFO: [Physopt 32-677] No candidate cells for Shift Register optimization found in the design
INFO: [Physopt 32-775] End 1 Pass. Optimized 0 net or cell. Created 0 new cell, deleted 0 existing cell and moved 0 existing cell
INFO: [Physopt 32-526] No candidate cells for BRAM register optimization found in the design
INFO: [Physopt 32-775] End 1 Pass. Optimized 0 net or cell. Created 0 new cell, deleted 0 existing cell and moved 0 existing cell
INFO: [Physopt 32-846] No candidate cells for URAM register optimization found in the design
INFO: [Physopt 32-775] End 1 Pass. Optimized 0 net or cell. Created 0 new cell, deleted 0 existing cell and moved 0 existing cell
INFO: [Physopt 32-846] No candidate cells for URAM register optimization found in the design
INFO: [Physopt 32-775] End 1 Pass. Optimized 0 net or cell. Created 0 new cell, deleted 0 existing cell and moved 0 existing cell
INFO: [Physopt 32-949] No candidate nets found for dynamic/static region interface net replication
INFO: [Physopt 32-775] End 1 Pass. Optimized 0 net or cell. Created 0 new cell, deleted 0 existing cell and moved 0 existing cell
Netlist sorting complete. Time (s): cpu = 00:00:00.01 ; elapsed = 00:00:00.01 . Memory (MB): peak = 3384.508 ; gain = 0.000 ; free physical = 6512 ; free virtual = 21978

Summary of Physical Synthesis Optimizations
============================================


-----------------------------------------------------------------------------------------------------------------------------------------------------------
|  Optimization                                     |  Added Cells  |  Removed Cells  |  Optimized Cells/Nets  |  Dont Touch  |  Iterations  |  Elapsed   |
-----------------------------------------------------------------------------------------------------------------------------------------------------------
|  LUT Combining                                    |            9  |            262  |                   271  |           0  |           1  |  00:00:01  |
|  Retime                                           |            0  |              0  |                     0  |           0  |           1  |  00:00:00  |
|  Very High Fanout                                 |           39  |              0  |                     3  |           0  |           1  |  00:00:02  |
|  DSP Register                                     |            0  |              0  |                     0  |           0  |           1  |  00:00:00  |
|  Shift Register to Pipeline                       |            0  |              0  |                     0  |           0  |           1  |  00:00:00  |
|  Shift Register                                   |            0  |              0  |                     0  |           0  |           1  |  00:00:00  |
|  BRAM Register                                    |            0  |              0  |                     0  |           0  |           1  |  00:00:00  |
|  URAM Register                                    |            0  |              0  |                     0  |           0  |           1  |  00:00:00  |
|  Dynamic/Static Region Interface Net Replication  |            0  |              0  |                     0  |           0  |           1  |  00:00:00  |
|  Total                                            |           48  |            262  |                   274  |           0  |           9  |  00:00:04  |
-----------------------------------------------------------------------------------------------------------------------------------------------------------


Phase 2.5.2 Physical Synthesis In Placer | Checksum: 8733f5d7

Time (s): cpu = 00:03:21 ; elapsed = 00:01:16 . Memory (MB): peak = 3384.508 ; gain = 270.730 ; free physical = 6495 ; free virtual = 21960
Phase 2.5 Global Place Phase2 | Checksum: a70d0274

Time (s): cpu = 00:03:26 ; elapsed = 00:01:18 . Memory (MB): peak = 3384.508 ; gain = 270.730 ; free physical = 6491 ; free virtual = 21957
Phase 2 Global Placement | Checksum: a70d0274

Time (s): cpu = 00:03:26 ; elapsed = 00:01:18 . Memory (MB): peak = 3384.508 ; gain = 270.730 ; free physical = 6491 ; free virtual = 21957

Phase 3 Detail Placement

Phase 3.1 Commit Multi Column Macros
Phase 3.1 Commit Multi Column Macros | Checksum: 7d2ef5a4

Time (s): cpu = 00:03:41 ; elapsed = 00:01:22 . Memory (MB): peak = 3384.508 ; gain = 270.730 ; free physical = 6528 ; free virtual = 21993

Phase 3.2 Commit Most Macros & LUTRAMs
Phase 3.2 Commit Most Macros & LUTRAMs | Checksum: b0570aa9

Time (s): cpu = 00:04:08 ; elapsed = 00:01:31 . Memory (MB): peak = 3384.508 ; gain = 270.730 ; free physical = 6504 ; free virtual = 21969

Phase 3.3 Area Swap Optimization
Phase 3.3 Area Swap Optimization | Checksum: cfe3563f

Time (s): cpu = 00:04:10 ; elapsed = 00:01:32 . Memory (MB): peak = 3384.508 ; gain = 270.730 ; free physical = 6500 ; free virtual = 21966

Phase 3.4 Pipeline Register Optimization
Phase 3.4 Pipeline Register Optimization | Checksum: cb73e14e

Time (s): cpu = 00:04:11 ; elapsed = 00:01:32 . Memory (MB): peak = 3384.508 ; gain = 270.730 ; free physical = 6500 ; free virtual = 21966

Phase 3.5 Fast Optimization
Phase 3.5 Fast Optimization | Checksum: 14119d76d

Time (s): cpu = 00:04:45 ; elapsed = 00:01:39 . Memory (MB): peak = 3384.508 ; gain = 270.730 ; free physical = 6472 ; free virtual = 21937

Phase 3.6 Small Shape Detail Placement
Phase 3.6 Small Shape Detail Placement | Checksum: 17c43c312

Time (s): cpu = 00:05:16 ; elapsed = 00:02:08 . Memory (MB): peak = 3384.508 ; gain = 270.730 ; free physical = 6497 ; free virtual = 21962

Phase 3.7 Re-assign LUT pins
Phase 3.7 Re-assign LUT pins | Checksum: 13159fee0

Time (s): cpu = 00:05:21 ; elapsed = 00:02:11 . Memory (MB): peak = 3384.508 ; gain = 270.730 ; free physical = 6490 ; free virtual = 21956

Phase 3.8 Pipeline Register Optimization
Phase 3.8 Pipeline Register Optimization | Checksum: 1641e40e6

Time (s): cpu = 00:05:22 ; elapsed = 00:02:12 . Memory (MB): peak = 3384.508 ; gain = 270.730 ; free physical = 6488 ; free virtual = 21954
Phase 3 Detail Placement | Checksum: 1641e40e6

Time (s): cpu = 00:05:22 ; elapsed = 00:02:12 . Memory (MB): peak = 3384.508 ; gain = 270.730 ; free physical = 6488 ; free virtual = 21954

Phase 4 Post Placement Optimization and Clean-Up

Phase 4.1 Post Commit Optimization
INFO: [Timing 38-35] Done setting XDC timing constraints.

Phase 4.1.1 Post Placement Optimization
Post Placement Optimization Initialization | Checksum: be9b29e0

Phase 4.1.1.1 BUFG Insertion

Starting Physical Synthesis Task

Phase 1 Physical Synthesis Initialization
INFO: [Physopt 32-721] Multithreading enabled for phys_opt_design using a maximum of 8 CPUs
INFO: [Physopt 32-619] Estimated Timing Summary | WNS=-1.411 | TNS=-302.260 |
Phase 1 Physical Synthesis Initialization | Checksum: 7f162a6f

Time (s): cpu = 00:00:09 ; elapsed = 00:00:02 . Memory (MB): peak = 3401.305 ; gain = 0.000 ; free physical = 6424 ; free virtual = 21890
INFO: [Place 46-33] Processed net design_1_i/hdc_stream_system_0/inst/u_stream/u_core/u_am/aresetn_0, BUFG insertion was skipped due to placement/routing conflicts.
INFO: [Place 46-33] Processed net design_1_i/hdc_stream_system_0/inst/u_cfg/cfg_proto_vec[1023]_i_1_n_0, BUFG insertion was skipped due to placement/routing conflicts.
INFO: [Place 46-33] Processed net design_1_i/hdc_stream_system_0/inst/u_stream/u_core/u_encoder/FSM_onehot_state_reg_n_0_[3], BUFG insertion was skipped due to placement/routing conflicts.
INFO: [Place 46-33] Processed net design_1_i/hdc_stream_system_0/inst/u_cfg/cfg_mask_vec[1023]_i_1_n_0, BUFG insertion was skipped due to placement/routing conflicts.
INFO: [Place 46-33] Processed net design_1_i/hdc_stream_system_0/inst/u_cfg/E[0], BUFG insertion was skipped due to placement/routing conflicts.
INFO: [Place 46-33] Processed net design_1_i/hdc_stream_system_0/inst/u_cfg/cfg_proto_we_reg_0[0], BUFG insertion was skipped due to placement/routing conflicts.
INFO: [Place 46-33] Processed net design_1_i/hdc_stream_system_0/inst/u_cfg/cfg_proto_we_reg_1[0], BUFG insertion was skipped due to placement/routing conflicts.
INFO: [Place 46-33] Processed net design_1_i/hdc_stream_system_0/inst/u_cfg/cfg_proto_we_reg_2[0], BUFG insertion was skipped due to placement/routing conflicts.
INFO: [Place 46-33] Processed net design_1_i/hdc_stream_system_0/inst/u_cfg/cfg_proto_we_reg_3[0], BUFG insertion was skipped due to placement/routing conflicts.
INFO: [Place 46-33] Processed net design_1_i/hdc_stream_system_0/inst/u_cfg/cfg_proto_we_reg_4[0], BUFG insertion was skipped due to placement/routing conflicts.
INFO: [Place 46-33] Processed net design_1_i/hdc_stream_system_0/inst/u_cfg/cfg_proto_we_reg_5[0], BUFG insertion was skipped due to placement/routing conflicts.
INFO: [Place 46-33] Processed net design_1_i/hdc_stream_system_0/inst/u_cfg/cfg_proto_we_reg_6[0], BUFG insertion was skipped due to placement/routing conflicts.
INFO: [Place 46-33] Processed net design_1_i/hdc_stream_system_0/inst/u_cfg/cfg_proto_we_reg_7[0], BUFG insertion was skipped due to placement/routing conflicts.
INFO: [Place 46-33] Processed net design_1_i/hdc_stream_system_0/inst/u_stream/u_core/u_am/query_r[1023]_i_1_n_0, BUFG insertion was skipped due to placement/routing conflicts.
INFO: [Place 46-56] BUFG insertion identified 14 candidate nets. Inserted BUFG: 0, Replicated BUFG Driver: 0, Skipped due to Placement/Routing Conflicts: 14, Skipped due to Timing Degradation: 0, Skipped due to netlist editing failed: 0.
Ending Physical Synthesis Task | Checksum: d2361c21

Time (s): cpu = 00:00:13 ; elapsed = 00:00:05 . Memory (MB): peak = 3401.305 ; gain = 0.000 ; free physical = 6419 ; free virtual = 21884
Phase 4.1.1.1 BUFG Insertion | Checksum: be9b29e0

Time (s): cpu = 00:06:16 ; elapsed = 00:02:28 . Memory (MB): peak = 3401.305 ; gain = 287.527 ; free physical = 6419 ; free virtual = 21884

Phase 4.1.1.2 Post Placement Timing Optimization
INFO: [Place 30-746] Post Placement Timing Summary WNS=0.246. For the most accurate timing information please run report_timing.
Phase 4.1.1.2 Post Placement Timing Optimization | Checksum: fea8d9d6

Time (s): cpu = 00:08:04 ; elapsed = 00:04:16 . Memory (MB): peak = 3401.305 ; gain = 287.527 ; free physical = 6481 ; free virtual = 21947

Time (s): cpu = 00:08:04 ; elapsed = 00:04:16 . Memory (MB): peak = 3401.305 ; gain = 287.527 ; free physical = 6481 ; free virtual = 21947
Phase 4.1 Post Commit Optimization | Checksum: fea8d9d6

Time (s): cpu = 00:08:05 ; elapsed = 00:04:16 . Memory (MB): peak = 3401.305 ; gain = 287.527 ; free physical = 6481 ; free virtual = 21947

Phase 4.2 Post Placement Cleanup
Phase 4.2 Post Placement Cleanup | Checksum: fea8d9d6

Time (s): cpu = 00:08:07 ; elapsed = 00:04:17 . Memory (MB): peak = 3401.305 ; gain = 287.527 ; free physical = 6479 ; free virtual = 21945

Phase 4.3 Placer Reporting

Phase 4.3.1 Print Estimated Congestion
INFO: [Place 30-612] Post-Placement Estimated Congestion 
 ____________________________________________________
|           | Global Congestion | Short Congestion  |
| Direction | Region Size       | Region Size       |
|___________|___________________|___________________|
|      North|                2x2|                8x8|
|___________|___________________|___________________|
|      South|                4x4|              16x16|
|___________|___________________|___________________|
|       East|                8x8|                8x8|
|___________|___________________|___________________|
|       West|                8x8|                8x8|
|___________|___________________|___________________|

Phase 4.3.1 Print Estimated Congestion | Checksum: fea8d9d6

Time (s): cpu = 00:08:08 ; elapsed = 00:04:17 . Memory (MB): peak = 3401.305 ; gain = 287.527 ; free physical = 6480 ; free virtual = 21945
Phase 4.3 Placer Reporting | Checksum: fea8d9d6

Time (s): cpu = 00:08:08 ; elapsed = 00:04:17 . Memory (MB): peak = 3401.305 ; gain = 287.527 ; free physical = 6479 ; free virtual = 21945

Phase 4.4 Final Placement Cleanup
Netlist sorting complete. Time (s): cpu = 00:00:00.04 ; elapsed = 00:00:00.04 . Memory (MB): peak = 3401.305 ; gain = 0.000 ; free physical = 6479 ; free virtual = 21945

Time (s): cpu = 00:08:08 ; elapsed = 00:04:17 . Memory (MB): peak = 3401.305 ; gain = 287.527 ; free physical = 6479 ; free virtual = 21945
Phase 4 Post Placement Optimization and Clean-Up | Checksum: 1a2cb23dc

Time (s): cpu = 00:08:09 ; elapsed = 00:04:17 . Memory (MB): peak = 3401.305 ; gain = 287.527 ; free physical = 6479 ; free virtual = 21944
Ending Placer Task | Checksum: 1976a3f03

Time (s): cpu = 00:08:10 ; elapsed = 00:04:17 . Memory (MB): peak = 3401.305 ; gain = 287.527 ; free physical = 6479 ; free virtual = 21944
109 Infos, 1 Warnings, 0 Critical Warnings and 0 Errors encountered.
place_design completed successfully
place_design: Time (s): cpu = 00:08:18 ; elapsed = 00:04:20 . Memory (MB): peak = 3401.305 ; gain = 337.301 ; free physical = 6479 ; free virtual = 21944
INFO: [Vivado 12-24838] Running report commands "report_control_sets, report_io, report_utilization" in parallel.
Running report generation with 3 threads.
INFO: [Vivado 12-24828] Executing command : report_io -file design_1_wrapper_io_placed.rpt
report_io: Time (s): cpu = 00:00:00.54 ; elapsed = 00:00:00.25 . Memory (MB): peak = 3401.305 ; gain = 0.000 ; free physical = 6471 ; free virtual = 21937
INFO: [Vivado 12-24828] Executing command : report_control_sets -verbose -file design_1_wrapper_control_sets_placed.rpt
report_control_sets: Time (s): cpu = 00:00:00.85 ; elapsed = 00:00:00.42 . Memory (MB): peak = 3401.305 ; gain = 0.000 ; free physical = 6457 ; free virtual = 21924
INFO: [Vivado 12-24828] Executing command : report_utilization -file design_1_wrapper_utilization_placed.rpt -pb design_1_wrapper_utilization_placed.pb
INFO: [Timing 38-480] Writing timing data to binary archive.
Write ShapeDB Complete: Time (s): cpu = 00:00:01 ; elapsed = 00:00:00.22 . Memory (MB): peak = 3401.305 ; gain = 0.000 ; free physical = 6417 ; free virtual = 21899
Wrote PlaceDB: Time (s): cpu = 00:00:10 ; elapsed = 00:00:04 . Memory (MB): peak = 3401.305 ; gain = 0.000 ; free physical = 6369 ; free virtual = 21910
Wrote PulsedLatchDB: Time (s): cpu = 00:00:00 ; elapsed = 00:00:00 . Memory (MB): peak = 3401.305 ; gain = 0.000 ; free physical = 6369 ; free virtual = 21910
Writing XDEF routing.
Writing XDEF routing logical nets.
Writing XDEF routing special nets.
Wrote RouteStorage: Time (s): cpu = 00:00:00.1 ; elapsed = 00:00:00.1 . Memory (MB): peak = 3401.305 ; gain = 0.000 ; free physical = 6369 ; free virtual = 21911
Wrote Netlist Cache: Time (s): cpu = 00:00:00.09 ; elapsed = 00:00:00.09 . Memory (MB): peak = 3401.305 ; gain = 0.000 ; free physical = 6361 ; free virtual = 21909
Wrote Device Cache: Time (s): cpu = 00:00:00.01 ; elapsed = 00:00:00 . Memory (MB): peak = 3401.305 ; gain = 0.000 ; free physical = 6361 ; free virtual = 21910
Write Physdb Complete: Time (s): cpu = 00:00:10 ; elapsed = 00:00:04 . Memory (MB): peak = 3401.305 ; gain = 0.000 ; free physical = 6361 ; free virtual = 21910
INFO: [Common 17-1381] The checkpoint '/home/bsp-lab/Desktop/Final HDC/FInal_HDC/FInal_HDC.runs/impl_1/design_1_wrapper_placed.dcp' has been generated.
write_checkpoint: Time (s): cpu = 00:00:22 ; elapsed = 00:00:09 . Memory (MB): peak = 3401.305 ; gain = 0.000 ; free physical = 6437 ; free virtual = 21922
Command: phys_opt_design -directive Explore
Attempting to get a license for feature 'Implementation' and/or device 'xc7z020'
INFO: [Common 17-349] Got license for feature 'Implementation' and/or device 'xc7z020'
INFO: [Vivado_Tcl 4-137] Directive used for phys_opt_design is: Explore

Starting Initial Update Timing Task

Time (s): cpu = 00:00:31 ; elapsed = 00:00:08 . Memory (MB): peak = 3401.305 ; gain = 0.000 ; free physical = 6421 ; free virtual = 21906
INFO: [Vivado_Tcl 4-2279] Estimated Timing Summary | WNS= 0.246 | TNS= 0.000 | 
INFO: [Vivado_Tcl 4-383] Design worst setup slack (WNS) is greater than or equal to 0.000 ns. All physical synthesis setup optimizations will be skipped.
INFO: [Vivado_Tcl 4-232] No setup violation found. The netlist was not modified.
INFO: [Common 17-83] Releasing license: Implementation
121 Infos, 1 Warnings, 0 Critical Warnings and 0 Errors encountered.
phys_opt_design completed successfully
phys_opt_design: Time (s): cpu = 00:00:31 ; elapsed = 00:00:08 . Memory (MB): peak = 3401.305 ; gain = 0.000 ; free physical = 6421 ; free virtual = 21906
INFO: [Timing 38-480] Writing timing data to binary archive.
Write ShapeDB Complete: Time (s): cpu = 00:00:01 ; elapsed = 00:00:00.22 . Memory (MB): peak = 3417.195 ; gain = 15.891 ; free physical = 6398 ; free virtual = 21898
Wrote PlaceDB: Time (s): cpu = 00:00:10 ; elapsed = 00:00:04 . Memory (MB): peak = 3421.195 ; gain = 19.891 ; free physical = 6264 ; free virtual = 21823
Wrote PulsedLatchDB: Time (s): cpu = 00:00:00 ; elapsed = 00:00:00 . Memory (MB): peak = 3421.195 ; gain = 0.000 ; free physical = 6264 ; free virtual = 21823
Writing XDEF routing.
Writing XDEF routing logical nets.
Writing XDEF routing special nets.
Wrote RouteStorage: Time (s): cpu = 00:00:00.11 ; elapsed = 00:00:00.11 . Memory (MB): peak = 3421.195 ; gain = 0.000 ; free physical = 6264 ; free virtual = 21823
Wrote Netlist Cache: Time (s): cpu = 00:00:00.08 ; elapsed = 00:00:00.09 . Memory (MB): peak = 3421.195 ; gain = 0.000 ; free physical = 6244 ; free virtual = 21809
Wrote Device Cache: Time (s): cpu = 00:00:00 ; elapsed = 00:00:00.01 . Memory (MB): peak = 3421.195 ; gain = 0.000 ; free physical = 6244 ; free virtual = 21810
Write Physdb Complete: Time (s): cpu = 00:00:10 ; elapsed = 00:00:04 . Memory (MB): peak = 3421.195 ; gain = 19.891 ; free physical = 6244 ; free virtual = 21810
INFO: [Common 17-1381] The checkpoint '/home/bsp-lab/Desktop/Final HDC/FInal_HDC/FInal_HDC.runs/impl_1/design_1_wrapper_physopt.dcp' has been generated.
write_checkpoint: Time (s): cpu = 00:00:12 ; elapsed = 00:00:07 . Memory (MB): peak = 3421.195 ; gain = 19.891 ; free physical = 6323 ; free virtual = 21825
Command: route_design -directive Explore -tns_cleanup
Attempting to get a license for feature 'Implementation' and/or device 'xc7z020'
INFO: [Common 17-349] Got license for feature 'Implementation' and/or device 'xc7z020'


Starting Routing Task
INFO: [Route 35-270] Using Router directive 'Explore'.
INFO: [Route 35-254] Multithreading enabled for route_design using a maximum of 8 CPUs

Phase 1 Build RT Design
Checksum: PlaceDB: a334c03d ConstDB: 0 ShapeSum: de3c0bd6 RouteDB: 15f972f0
Post Restoration Checksum: NetGraph: d7f8221b | NumContArr: ac09eb34 | Constraints: c2a8fa9d | Timing: c2a8fa9d
Phase 1 Build RT Design | Checksum: 309540289

Time (s): cpu = 00:01:04 ; elapsed = 00:00:30 . Memory (MB): peak = 3511.156 ; gain = 89.961 ; free physical = 6262 ; free virtual = 21764

Phase 2 Router Initialization

Phase 2.1 Fix Topology Constraints
Phase 2.1 Fix Topology Constraints | Checksum: 309540289

Time (s): cpu = 00:01:05 ; elapsed = 00:00:31 . Memory (MB): peak = 3513.156 ; gain = 91.961 ; free physical = 6260 ; free virtual = 21763

Phase 2.2 Pre Route Cleanup
Phase 2.2 Pre Route Cleanup | Checksum: 309540289

Time (s): cpu = 00:01:05 ; elapsed = 00:00:31 . Memory (MB): peak = 3513.156 ; gain = 91.961 ; free physical = 6259 ; free virtual = 21762
 Number of Nodes with overlaps = 0

Phase 2.3 Update Timing
Phase 2.3 Update Timing | Checksum: 1aada5b7e

Time (s): cpu = 00:01:56 ; elapsed = 00:00:45 . Memory (MB): peak = 3562.133 ; gain = 140.938 ; free physical = 6261 ; free virtual = 21764
INFO: [Route 35-416] Intermediate Timing Summary | WNS=0.403  | TNS=0.000  | WHS=-0.356 | THS=-521.629|


Router Utilization Summary
  Global Vertical Routing Utilization    = 0 %
  Global Horizontal Routing Utilization  = 0 %
  Routable Net Status*
  *Does not include unroutable nets such as driverless and loadless.
  Run report_route_status for detailed report.
  Number of Failed Nets               = 47860
    (Failed Nets is the sum of unrouted and partially routed nets)
  Number of Unrouted Nets             = 47860
  Number of Partially Routed Nets     = 0
  Number of Node Overlaps             = 0

Phase 2 Router Initialization | Checksum: 1fff21e20

Time (s): cpu = 00:02:13 ; elapsed = 00:00:49 . Memory (MB): peak = 3563.703 ; gain = 142.508 ; free physical = 6249 ; free virtual = 21752

Phase 3 Global Routing
Phase 3 Global Routing | Checksum: 1fff21e20

Time (s): cpu = 00:02:13 ; elapsed = 00:00:49 . Memory (MB): peak = 3563.703 ; gain = 142.508 ; free physical = 6249 ; free virtual = 21752

Phase 4 Initial Routing

Phase 4.1 Initial Net Routing Pass
Phase 4.1 Initial Net Routing Pass | Checksum: 21e536407

Time (s): cpu = 00:02:59 ; elapsed = 00:01:00 . Memory (MB): peak = 3667.203 ; gain = 246.008 ; free physical = 6181 ; free virtual = 21684
Phase 4 Initial Routing | Checksum: 21e536407

Time (s): cpu = 00:03:00 ; elapsed = 00:01:00 . Memory (MB): peak = 3667.203 ; gain = 246.008 ; free physical = 6181 ; free virtual = 21684

Phase 5 Rip-up And Reroute

Phase 5.1 Global Iteration 0
 Number of Nodes with overlaps = 15258
 Number of Nodes with overlaps = 4926
 Number of Nodes with overlaps = 2346
 Number of Nodes with overlaps = 890
 Number of Nodes with overlaps = 367
 Number of Nodes with overlaps = 126
 Number of Nodes with overlaps = 46
 Number of Nodes with overlaps = 17
 Number of Nodes with overlaps = 13
 Number of Nodes with overlaps = 3
 Number of Nodes with overlaps = 1
 Number of Nodes with overlaps = 0
INFO: [Route 35-416] Intermediate Timing Summary | WNS=-1.068 | TNS=-657.440| WHS=N/A    | THS=N/A    |

Phase 5.1 Global Iteration 0 | Checksum: 1d16dfdcd

Time (s): cpu = 00:10:47 ; elapsed = 00:03:38 . Memory (MB): peak = 3667.203 ; gain = 246.008 ; free physical = 6140 ; free virtual = 21643

Phase 5.2 Global Iteration 1
 Number of Nodes with overlaps = 3001
 Number of Nodes with overlaps = 1332
 Number of Nodes with overlaps = 475
 Number of Nodes with overlaps = 261
 Number of Nodes with overlaps = 120
 Number of Nodes with overlaps = 103
 Number of Nodes with overlaps = 42
 Number of Nodes with overlaps = 24
 Number of Nodes with overlaps = 25
 Number of Nodes with overlaps = 12
 Number of Nodes with overlaps = 11
 Number of Nodes with overlaps = 4
 Number of Nodes with overlaps = 2
 Number of Nodes with overlaps = 3
 Number of Nodes with overlaps = 2
 Number of Nodes with overlaps = 0
INFO: [Route 35-416] Intermediate Timing Summary | WNS=0.020  | TNS=0.000  | WHS=N/A    | THS=N/A    |

Phase 5.2 Global Iteration 1 | Checksum: 21e6ba275

Time (s): cpu = 00:14:10 ; elapsed = 00:05:00 . Memory (MB): peak = 3667.203 ; gain = 246.008 ; free physical = 6184 ; free virtual = 21687
Phase 5 Rip-up And Reroute | Checksum: 21e6ba275

Time (s): cpu = 00:14:10 ; elapsed = 00:05:00 . Memory (MB): peak = 3667.203 ; gain = 246.008 ; free physical = 6184 ; free virtual = 21687

Phase 6 Delay and Skew Optimization

Phase 6.1 TNS Cleanup

Phase 6.1.1 Delay CleanUp

Phase 6.1.1.1 Update Timing
Phase 6.1.1.1 Update Timing | Checksum: 25bad07df

Time (s): cpu = 00:14:20 ; elapsed = 00:05:03 . Memory (MB): peak = 3667.203 ; gain = 246.008 ; free physical = 6179 ; free virtual = 21682
INFO: [Route 35-416] Intermediate Timing Summary | WNS=0.064  | TNS=0.000  | WHS=N/A    | THS=N/A    |

Phase 6.1.1 Delay CleanUp | Checksum: 25bad07df

Time (s): cpu = 00:14:21 ; elapsed = 00:05:03 . Memory (MB): peak = 3667.203 ; gain = 246.008 ; free physical = 6178 ; free virtual = 21681
Phase 6.1 TNS Cleanup | Checksum: 25bad07df

Time (s): cpu = 00:14:21 ; elapsed = 00:05:03 . Memory (MB): peak = 3667.203 ; gain = 246.008 ; free physical = 6178 ; free virtual = 21681

Phase 6.2 Clock Skew Optimization
Phase 6.2 Clock Skew Optimization | Checksum: 25bad07df

Time (s): cpu = 00:14:21 ; elapsed = 00:05:03 . Memory (MB): peak = 3667.203 ; gain = 246.008 ; free physical = 6178 ; free virtual = 21681
Phase 6 Delay and Skew Optimization | Checksum: 25bad07df

Time (s): cpu = 00:14:21 ; elapsed = 00:05:03 . Memory (MB): peak = 3667.203 ; gain = 246.008 ; free physical = 6178 ; free virtual = 21681

Phase 7 Post Hold Fix

Phase 7.1 Hold Fix Iter
INFO: [Route 35-416] Intermediate Timing Summary | WNS=0.064  | TNS=0.000  | WHS=0.027  | THS=0.000  |

Phase 7.1 Hold Fix Iter | Checksum: 28f2351c4

Time (s): cpu = 00:14:34 ; elapsed = 00:05:06 . Memory (MB): peak = 3667.203 ; gain = 246.008 ; free physical = 6170 ; free virtual = 21673
Phase 7 Post Hold Fix | Checksum: 28f2351c4

Time (s): cpu = 00:14:35 ; elapsed = 00:05:06 . Memory (MB): peak = 3667.203 ; gain = 246.008 ; free physical = 6170 ; free virtual = 21673

Phase 8 Route finalize

Router Utilization Summary
  Global Vertical Routing Utilization    = 26.8814 %
  Global Horizontal Routing Utilization  = 28.1882 %
  Routable Net Status*
  *Does not include unroutable nets such as driverless and loadless.
  Run report_route_status for detailed report.
  Number of Failed Nets               = 0
    (Failed Nets is the sum of unrouted and partially routed nets)
  Number of Unrouted Nets             = 0
  Number of Partially Routed Nets     = 0
  Number of Node Overlaps             = 0

Phase 8 Route finalize | Checksum: 28f2351c4

Time (s): cpu = 00:14:36 ; elapsed = 00:05:06 . Memory (MB): peak = 3667.203 ; gain = 246.008 ; free physical = 6170 ; free virtual = 21673

Phase 9 Verifying routed nets

 Verification completed successfully
Phase 9 Verifying routed nets | Checksum: 28f2351c4

Time (s): cpu = 00:14:36 ; elapsed = 00:05:06 . Memory (MB): peak = 3667.203 ; gain = 246.008 ; free physical = 6170 ; free virtual = 21673

Phase 10 Depositing Routes
Phase 10 Depositing Routes | Checksum: 2212baf92

Time (s): cpu = 00:14:46 ; elapsed = 00:05:12 . Memory (MB): peak = 3667.203 ; gain = 246.008 ; free physical = 6152 ; free virtual = 21656

Phase 11 Post Process Routing
Phase 11 Post Process Routing | Checksum: 2212baf92

Time (s): cpu = 00:14:46 ; elapsed = 00:05:12 . Memory (MB): peak = 3667.203 ; gain = 246.008 ; free physical = 6151 ; free virtual = 21655

Phase 12 Post Router Timing
INFO: [Route 35-20] Post Routing Timing Summary | WNS=0.034  | TNS=0.000  | WHS=0.028  | THS=0.000  |

Phase 12 Post Router Timing | Checksum: 1e81ed8e3

Time (s): cpu = 00:15:28 ; elapsed = 00:05:20 . Memory (MB): peak = 3667.203 ; gain = 246.008 ; free physical = 6131 ; free virtual = 21634
INFO: [Route 35-61] The design met the timing requirement.
Total Elapsed time in route_design: 320.19 secs

Phase 13 Post-Route Event Processing
Phase 13 Post-Route Event Processing | Checksum: 27820c07a

Time (s): cpu = 00:15:29 ; elapsed = 00:05:20 . Memory (MB): peak = 3667.203 ; gain = 246.008 ; free physical = 6200 ; free virtual = 21703
INFO: [Route 35-16] Router Completed Successfully
Ending Routing Task | Checksum: 27820c07a

Time (s): cpu = 00:15:30 ; elapsed = 00:05:21 . Memory (MB): peak = 3667.203 ; gain = 246.008 ; free physical = 6200 ; free virtual = 21703

Routing Is Done.
INFO: [Common 17-83] Releasing license: Implementation
135 Infos, 1 Warnings, 0 Critical Warnings and 0 Errors encountered.
route_design completed successfully
route_design: Time (s): cpu = 00:15:31 ; elapsed = 00:05:21 . Memory (MB): peak = 3667.203 ; gain = 246.008 ; free physical = 6200 ; free virtual = 21703
INFO: [Vivado 12-24828] Executing command : report_drc -file design_1_wrapper_drc_routed.rpt -pb design_1_wrapper_drc_routed.pb -rpx design_1_wrapper_drc_routed.rpx
Command: report_drc -file design_1_wrapper_drc_routed.rpt -pb design_1_wrapper_drc_routed.pb -rpx design_1_wrapper_drc_routed.rpx
INFO: [IP_Flow 19-1839] IP Catalog is up to date.
INFO: [DRC 23-27] Running DRC with 8 threads
INFO: [Vivado_Tcl 2-168] The results of DRC are in file /home/bsp-lab/Desktop/Final HDC/FInal_HDC/FInal_HDC.runs/impl_1/design_1_wrapper_drc_routed.rpt.
report_drc completed successfully
report_drc: Time (s): cpu = 00:00:30 ; elapsed = 00:00:05 . Memory (MB): peak = 3667.203 ; gain = 0.000 ; free physical = 6170 ; free virtual = 21673
INFO: [Vivado 12-24828] Executing command : report_methodology -file design_1_wrapper_methodology_drc_routed.rpt -pb design_1_wrapper_methodology_drc_routed.pb -rpx design_1_wrapper_methodology_drc_routed.rpx
Command: report_methodology -file design_1_wrapper_methodology_drc_routed.rpt -pb design_1_wrapper_methodology_drc_routed.pb -rpx design_1_wrapper_methodology_drc_routed.rpx
INFO: [Timing 38-35] Done setting XDC timing constraints.
INFO: [DRC 23-133] Running Methodology with 8 threads
INFO: [Vivado_Tcl 2-1520] The results of Report Methodology are in file /home/bsp-lab/Desktop/Final HDC/FInal_HDC/FInal_HDC.runs/impl_1/design_1_wrapper_methodology_drc_routed.rpt.
report_methodology completed successfully
report_methodology: Time (s): cpu = 00:01:17 ; elapsed = 00:00:16 . Memory (MB): peak = 3667.203 ; gain = 0.000 ; free physical = 6127 ; free virtual = 21630
INFO: [Vivado 12-24828] Executing command : report_timing_summary -max_paths 10 -report_unconstrained -file design_1_wrapper_timing_summary_routed.rpt -pb design_1_wrapper_timing_summary_routed.pb -rpx design_1_wrapper_timing_summary_routed.rpx
INFO: [Timing 38-35] Done setting XDC timing constraints.
INFO: [Timing 38-91] UpdateTimingParams: Speed grade: -1, Delay Type: min_max.
INFO: [Timing 38-191] Multithreading enabled for timing update using a maximum of 8 CPUs
report_timing_summary: Time (s): cpu = 00:00:29 ; elapsed = 00:00:10 . Memory (MB): peak = 3667.203 ; gain = 0.000 ; free physical = 6179 ; free virtual = 21683
INFO: [Vivado 12-24838] Running report commands "report_bus_skew, report_incremental_reuse, report_route_status" in parallel.
Running report generation with 3 threads.
INFO: [Vivado 12-24828] Executing command : report_incremental_reuse -file design_1_wrapper_incremental_reuse_routed.rpt
INFO: [Vivado_Tcl 4-1062] Incremental flow is disabled. No incremental reuse Info to report.
INFO: [Vivado 12-24828] Executing command : report_bus_skew -warn_on_violation -file design_1_wrapper_bus_skew_routed.rpt -pb design_1_wrapper_bus_skew_routed.pb -rpx design_1_wrapper_bus_skew_routed.rpx
INFO: [Timing 38-91] UpdateTimingParams: Speed grade: -1, Delay Type: min_max.
INFO: [Timing 38-191] Multithreading enabled for timing update using a maximum of 8 CPUs
INFO: [Vivado 12-24828] Executing command : report_route_status -file design_1_wrapper_route_status.rpt -pb design_1_wrapper_route_status.pb
INFO: [Vivado 12-24828] Executing command : report_power -file design_1_wrapper_power_routed.rpt -pb design_1_wrapper_power_summary_routed.pb -rpx design_1_wrapper_power_routed.rpx
Command: report_power -file design_1_wrapper_power_routed.rpt -pb design_1_wrapper_power_summary_routed.pb -rpx design_1_wrapper_power_routed.rpx
Running Vector-less Activity Propagation...

Finished Running Vector-less Activity Propagation
WARNING: [Power 33-332] Found switching activity that implies high-fanout reset nets being asserted for excessive periods of time which may result in inaccurate power analysis.
Resolution: To review and fix problems, please run Power Constraints Advisor in the GUI from Tools > Power Constraints Advisor or run report_power with the -advisory option to generate a text report.
155 Infos, 2 Warnings, 0 Critical Warnings and 0 Errors encountered.
report_power completed successfully
report_power: Time (s): cpu = 00:00:27 ; elapsed = 00:00:10 . Memory (MB): peak = 3723.230 ; gain = 56.027 ; free physical = 6125 ; free virtual = 21640
INFO: [Vivado 12-24828] Executing command : report_clock_utilization -file design_1_wrapper_clock_utilization_routed.rpt
generate_parallel_reports: Time (s): cpu = 00:02:48 ; elapsed = 00:00:45 . Memory (MB): peak = 3723.230 ; gain = 56.027 ; free physical = 6108 ; free virtual = 21623
INFO: [Timing 38-480] Writing timing data to binary archive.
Write ShapeDB Complete: Time (s): cpu = 00:00:01 ; elapsed = 00:00:00.22 . Memory (MB): peak = 3723.230 ; gain = 0.000 ; free physical = 6068 ; free virtual = 21599
Wrote PlaceDB: Time (s): cpu = 00:00:10 ; elapsed = 00:00:04 . Memory (MB): peak = 3723.230 ; gain = 0.000 ; free physical = 5964 ; free virtual = 21553
Wrote PulsedLatchDB: Time (s): cpu = 00:00:00 ; elapsed = 00:00:00 . Memory (MB): peak = 3723.230 ; gain = 0.000 ; free physical = 5964 ; free virtual = 21553
Writing XDEF routing.
Writing XDEF routing logical nets.
Writing XDEF routing special nets.
Wrote RouteStorage: Time (s): cpu = 00:00:02 ; elapsed = 00:00:00.91 . Memory (MB): peak = 3723.230 ; gain = 0.000 ; free physical = 5962 ; free virtual = 21561
Wrote Netlist Cache: Time (s): cpu = 00:00:00.08 ; elapsed = 00:00:00.08 . Memory (MB): peak = 3723.230 ; gain = 0.000 ; free physical = 5956 ; free virtual = 21561
Wrote Device Cache: Time (s): cpu = 00:00:00.01 ; elapsed = 00:00:00.01 . Memory (MB): peak = 3723.230 ; gain = 0.000 ; free physical = 5948 ; free virtual = 21554
Write Physdb Complete: Time (s): cpu = 00:00:12 ; elapsed = 00:00:05 . Memory (MB): peak = 3723.230 ; gain = 0.000 ; free physical = 5948 ; free virtual = 21554
INFO: [Common 17-1381] The checkpoint '/home/bsp-lab/Desktop/Final HDC/FInal_HDC/FInal_HDC.runs/impl_1/design_1_wrapper_routed.dcp' has been generated.
write_checkpoint: Time (s): cpu = 00:00:14 ; elapsed = 00:00:08 . Memory (MB): peak = 3723.230 ; gain = 0.000 ; free physical = 6084 ; free virtual = 21621
Command: phys_opt_design -directive Explore
Attempting to get a license for feature 'Implementation' and/or device 'xc7z020'
INFO: [Common 17-349] Got license for feature 'Implementation' and/or device 'xc7z020'
INFO: [Vivado_Tcl 4-241] Physical synthesis in post route mode 
INFO: [Vivado_Tcl 4-137] Directive used for phys_opt_design is: Explore
INFO: [Vivado_Tcl 4-2279] Estimated Timing Summary | WNS= 0.034 | TNS= 0.000 | 
INFO: [Vivado_Tcl 4-383] Design worst setup slack (WNS) is greater than or equal to 0.000 ns. All physical synthesis setup optimizations will be skipped.
INFO: [Vivado_Tcl 4-232] No setup violation found. The netlist was not modified.
INFO: [Common 17-83] Releasing license: Implementation
165 Infos, 2 Warnings, 0 Critical Warnings and 0 Errors encountered.
phys_opt_design completed successfully
INFO: [Vivado 12-24828] Executing command : report_timing_summary -max_paths 10 -report_unconstrained -warn_on_violation -file design_1_wrapper_timing_summary_postroute_physopted.rpt -pb design_1_wrapper_timing_summary_postroute_physopted.pb -rpx design_1_wrapper_timing_summary_postroute_physopted.rpx
INFO: [Timing 38-91] UpdateTimingParams: Speed grade: -1, Delay Type: min_max.
INFO: [Timing 38-191] Multithreading enabled for timing update using a maximum of 8 CPUs
INFO: [Vivado 12-24828] Executing command : report_bus_skew -warn_on_violation -file design_1_wrapper_bus_skew_postroute_physopted.rpt -pb design_1_wrapper_bus_skew_postroute_physopted.pb -rpx design_1_wrapper_bus_skew_postroute_physopted.rpx
INFO: [Timing 38-91] UpdateTimingParams: Speed grade: -1, Delay Type: min_max.
INFO: [Timing 38-191] Multithreading enabled for timing update using a maximum of 8 CPUs
INFO: [Timing 38-480] Writing timing data to binary archive.
Write ShapeDB Complete: Time (s): cpu = 00:00:01 ; elapsed = 00:00:00.24 . Memory (MB): peak = 3723.230 ; gain = 0.000 ; free physical = 6077 ; free virtual = 21630
Wrote PlaceDB: Time (s): cpu = 00:00:10 ; elapsed = 00:00:04 . Memory (MB): peak = 3723.230 ; gain = 0.000 ; free physical = 5995 ; free virtual = 21607
Wrote PulsedLatchDB: Time (s): cpu = 00:00:00 ; elapsed = 00:00:00 . Memory (MB): peak = 3723.230 ; gain = 0.000 ; free physical = 5995 ; free virtual = 21607
Writing XDEF routing.
Writing XDEF routing logical nets.
Writing XDEF routing special nets.
Wrote RouteStorage: Time (s): cpu = 00:00:02 ; elapsed = 00:00:01 . Memory (MB): peak = 3723.230 ; gain = 0.000 ; free physical = 5988 ; free virtual = 21609
Wrote Netlist Cache: Time (s): cpu = 00:00:00.1 ; elapsed = 00:00:00.1 . Memory (MB): peak = 3723.230 ; gain = 0.000 ; free physical = 5974 ; free virtual = 21601
Wrote Device Cache: Time (s): cpu = 00:00:00.01 ; elapsed = 00:00:00.01 . Memory (MB): peak = 3723.230 ; gain = 0.000 ; free physical = 5974 ; free virtual = 21602
Write Physdb Complete: Time (s): cpu = 00:00:12 ; elapsed = 00:00:05 . Memory (MB): peak = 3723.230 ; gain = 0.000 ; free physical = 5974 ; free virtual = 21602
INFO: [Common 17-1381] The checkpoint '/home/bsp-lab/Desktop/Final HDC/FInal_HDC/FInal_HDC.runs/impl_1/design_1_wrapper_postroute_physopt.dcp' has been generated.
write_checkpoint: Time (s): cpu = 00:00:14 ; elapsed = 00:00:08 . Memory (MB): peak = 3723.230 ; gain = 0.000 ; free physical = 6054 ; free virtual = 21614
INFO: [Memdata 28-167] Found XPM memory block design_1_i/axi_smc_0/inst/s02_nodes/s02_w_node/inst/inst_mi_handler/gen_normal_area.inst_fifo_node_payld/gen_xpm_memory_fifo.inst_fifo/gen_mem_rep[0].inst_xpm_memory/xpm_memory_base_inst with a P_MEMORY_PRIMITIVE property set to distributed. A value of block is required. You will not be able to use the updatemem program to update the bitstream with new data for the design_1_i/axi_smc_0/inst/s02_nodes/s02_w_node/inst/inst_mi_handler/gen_normal_area.inst_fifo_node_payld/gen_xpm_memory_fifo.inst_fifo/gen_mem_rep[0].inst_xpm_memory/xpm_memory_base_inst block.
INFO: [Memdata 28-167] Found XPM memory block design_1_i/axi_smc_0/inst/s02_nodes/s02_w_node/inst/inst_mi_handler/gen_normal_area.gen_fifo_req.inst_fifo_req/gen_xpm_memory_fifo.inst_fifo/gen_mem_rep[0].inst_xpm_memory/xpm_memory_base_inst with a P_MEMORY_PRIMITIVE property set to distributed. A value of block is required. You will not be able to use the updatemem program to update the bitstream with new data for the design_1_i/axi_smc_0/inst/s02_nodes/s02_w_node/inst/inst_mi_handler/gen_normal_area.gen_fifo_req.inst_fifo_req/gen_xpm_memory_fifo.inst_fifo/gen_mem_rep[0].inst_xpm_memory/xpm_memory_base_inst block.
INFO: [Memdata 28-167] Found XPM memory block design_1_i/axi_smc_0/inst/s02_nodes/s02_r_node/inst/inst_mi_handler/gen_normal_area.inst_fifo_node_payld/gen_xpm_memory_fifo.inst_fifo/gen_mem_rep[0].inst_xpm_memory/xpm_memory_base_inst with a P_MEMORY_PRIMITIVE property set to distributed. A value of block is required. You will not be able to use the updatemem program to update the bitstream with new data for the design_1_i/axi_smc_0/inst/s02_nodes/s02_r_node/inst/inst_mi_handler/gen_normal_area.inst_fifo_node_payld/gen_xpm_memory_fifo.inst_fifo/gen_mem_rep[0].inst_xpm_memory/xpm_memory_base_inst block.
INFO: [Memdata 28-167] Found XPM memory block design_1_i/axi_smc_0/inst/s02_nodes/s02_b_node/inst/inst_mi_handler/gen_normal_area.inst_fifo_node_payld/gen_xpm_memory_fifo.inst_fifo/gen_mem_rep[0].inst_xpm_memory/xpm_memory_base_inst with a P_MEMORY_PRIMITIVE property set to distributed. A value of block is required. You will not be able to use the updatemem program to update the bitstream with new data for the design_1_i/axi_smc_0/inst/s02_nodes/s02_b_node/inst/inst_mi_handler/gen_normal_area.inst_fifo_node_payld/gen_xpm_memory_fifo.inst_fifo/gen_mem_rep[0].inst_xpm_memory/xpm_memory_base_inst block.
INFO: [Memdata 28-167] Found XPM memory block design_1_i/axi_smc_0/inst/s02_nodes/s02_aw_node/inst/inst_mi_handler/gen_normal_area.inst_fifo_node_payld/gen_xpm_memory_fifo.inst_fifo/gen_mem_rep[0].inst_xpm_memory/xpm_memory_base_inst with a P_MEMORY_PRIMITIVE property set to distributed. A value of block is required. You will not be able to use the updatemem program to update the bitstream with new data for the design_1_i/axi_smc_0/inst/s02_nodes/s02_aw_node/inst/inst_mi_handler/gen_normal_area.inst_fifo_node_payld/gen_xpm_memory_fifo.inst_fifo/gen_mem_rep[0].inst_xpm_memory/xpm_memory_base_inst block.
INFO: [Memdata 28-167] Found XPM memory block design_1_i/axi_smc_0/inst/s02_nodes/s02_ar_node/inst/inst_mi_handler/gen_normal_area.inst_fifo_node_payld/gen_xpm_memory_fifo.inst_fifo/gen_mem_rep[0].inst_xpm_memory/xpm_memory_base_inst with a P_MEMORY_PRIMITIVE property set to distributed. A value of block is required. You will not be able to use the updatemem program to update the bitstream with new data for the design_1_i/axi_smc_0/inst/s02_nodes/s02_ar_node/inst/inst_mi_handler/gen_normal_area.inst_fifo_node_payld/gen_xpm_memory_fifo.inst_fifo/gen_mem_rep[0].inst_xpm_memory/xpm_memory_base_inst block.
INFO: [Memdata 28-167] Found XPM memory block design_1_i/axi_smc_0/inst/s01_nodes/s01_w_node/inst/inst_mi_handler/gen_normal_area.inst_fifo_node_payld/gen_xpm_memory_fifo.inst_fifo/gen_mem_rep[0].inst_xpm_memory/xpm_memory_base_inst with a P_MEMORY_PRIMITIVE property set to distributed. A value of block is required. You will not be able to use the updatemem program to update the bitstream with new data for the design_1_i/axi_smc_0/inst/s01_nodes/s01_w_node/inst/inst_mi_handler/gen_normal_area.inst_fifo_node_payld/gen_xpm_memory_fifo.inst_fifo/gen_mem_rep[0].inst_xpm_memory/xpm_memory_base_inst block.
INFO: [Memdata 28-167] Found XPM memory block design_1_i/axi_smc_0/inst/s01_nodes/s01_w_node/inst/inst_mi_handler/gen_normal_area.gen_fifo_req.inst_fifo_req/gen_xpm_memory_fifo.inst_fifo/gen_mem_rep[0].inst_xpm_memory/xpm_memory_base_inst with a P_MEMORY_PRIMITIVE property set to distributed. A value of block is required. You will not be able to use the updatemem program to update the bitstream with new data for the design_1_i/axi_smc_0/inst/s01_nodes/s01_w_node/inst/inst_mi_handler/gen_normal_area.gen_fifo_req.inst_fifo_req/gen_xpm_memory_fifo.inst_fifo/gen_mem_rep[0].inst_xpm_memory/xpm_memory_base_inst block.
INFO: [Memdata 28-167] Found XPM memory block design_1_i/axi_smc_0/inst/s01_nodes/s01_b_node/inst/inst_mi_handler/gen_normal_area.inst_fifo_node_payld/gen_xpm_memory_fifo.inst_fifo/gen_mem_rep[0].inst_xpm_memory/xpm_memory_base_inst with a P_MEMORY_PRIMITIVE property set to distributed. A value of block is required. You will not be able to use the updatemem program to update the bitstream with new data for the design_1_i/axi_smc_0/inst/s01_nodes/s01_b_node/inst/inst_mi_handler/gen_normal_area.inst_fifo_node_payld/gen_xpm_memory_fifo.inst_fifo/gen_mem_rep[0].inst_xpm_memory/xpm_memory_base_inst block.
INFO: [Memdata 28-167] Found XPM memory block design_1_i/axi_smc_0/inst/s01_nodes/s01_aw_node/inst/inst_mi_handler/gen_normal_area.inst_fifo_node_payld/gen_xpm_memory_fifo.inst_fifo/gen_mem_rep[0].inst_xpm_memory/xpm_memory_base_inst with a P_MEMORY_PRIMITIVE property set to distributed. A value of block is required. You will not be able to use the updatemem program to update the bitstream with new data for the design_1_i/axi_smc_0/inst/s01_nodes/s01_aw_node/inst/inst_mi_handler/gen_normal_area.inst_fifo_node_payld/gen_xpm_memory_fifo.inst_fifo/gen_mem_rep[0].inst_xpm_memory/xpm_memory_base_inst block.
INFO: [Memdata 28-167] Found XPM memory block design_1_i/axi_smc_0/inst/s00_nodes/s00_r_node/inst/inst_mi_handler/gen_normal_area.inst_fifo_node_payld/gen_xpm_memory_fifo.inst_fifo/gen_mem_rep[0].inst_xpm_memory/xpm_memory_base_inst with a P_MEMORY_PRIMITIVE property set to distributed. A value of block is required. You will not be able to use the updatemem program to update the bitstream with new data for the design_1_i/axi_smc_0/inst/s00_nodes/s00_r_node/inst/inst_mi_handler/gen_normal_area.inst_fifo_node_payld/gen_xpm_memory_fifo.inst_fifo/gen_mem_rep[0].inst_xpm_memory/xpm_memory_base_inst block.
INFO: [Memdata 28-167] Found XPM memory block design_1_i/axi_smc_0/inst/s00_nodes/s00_ar_node/inst/inst_mi_handler/gen_normal_area.inst_fifo_node_payld/gen_xpm_memory_fifo.inst_fifo/gen_mem_rep[0].inst_xpm_memory/xpm_memory_base_inst with a P_MEMORY_PRIMITIVE property set to distributed. A value of block is required. You will not be able to use the updatemem program to update the bitstream with new data for the design_1_i/axi_smc_0/inst/s00_nodes/s00_ar_node/inst/inst_mi_handler/gen_normal_area.inst_fifo_node_payld/gen_xpm_memory_fifo.inst_fifo/gen_mem_rep[0].inst_xpm_memory/xpm_memory_base_inst block.
INFO: [Memdata 28-167] Found XPM memory block design_1_i/axi_smc_0/inst/m00_nodes/m00_w_node/inst/inst_si_handler/gen_si_handler.gen_request_fifos.gen_req_fifo[2].inst_req_fifo/gen_xpm_memory_fifo.inst_fifo/gen_mem_rep[0].inst_xpm_memory/xpm_memory_base_inst with a P_MEMORY_PRIMITIVE property set to distributed. A value of block is required. You will not be able to use the updatemem program to update the bitstream with new data for the design_1_i/axi_smc_0/inst/m00_nodes/m00_w_node/inst/inst_si_handler/gen_si_handler.gen_request_fifos.gen_req_fifo[2].inst_req_fifo/gen_xpm_memory_fifo.inst_fifo/gen_mem_rep[0].inst_xpm_memory/xpm_memory_base_inst block.
INFO: [Memdata 28-167] Found XPM memory block design_1_i/axi_smc_0/inst/m00_nodes/m00_w_node/inst/inst_si_handler/gen_si_handler.gen_request_fifos.gen_req_fifo[1].inst_req_fifo/gen_xpm_memory_fifo.inst_fifo/gen_mem_rep[0].inst_xpm_memory/xpm_memory_base_inst with a P_MEMORY_PRIMITIVE property set to distributed. A value of block is required. You will not be able to use the updatemem program to update the bitstream with new data for the design_1_i/axi_smc_0/inst/m00_nodes/m00_w_node/inst/inst_si_handler/gen_si_handler.gen_request_fifos.gen_req_fifo[1].inst_req_fifo/gen_xpm_memory_fifo.inst_fifo/gen_mem_rep[0].inst_xpm_memory/xpm_memory_base_inst block.
INFO: [Memdata 28-167] Found XPM memory block design_1_i/axi_smc_0/inst/m00_nodes/m00_w_node/inst/inst_mi_handler/gen_normal_area.inst_fifo_node_payld/gen_xpm_memory_fifo.inst_fifo/gen_mem_rep[0].inst_xpm_memory/xpm_memory_base_inst with a P_MEMORY_PRIMITIVE property set to distributed. A value of block is required. You will not be able to use the updatemem program to update the bitstream with new data for the design_1_i/axi_smc_0/inst/m00_nodes/m00_w_node/inst/inst_mi_handler/gen_normal_area.inst_fifo_node_payld/gen_xpm_memory_fifo.inst_fifo/gen_mem_rep[0].inst_xpm_memory/xpm_memory_base_inst block.
INFO: [Memdata 28-167] Found XPM memory block design_1_i/axi_smc_0/inst/m00_nodes/m00_r_node/inst/inst_mi_handler/gen_normal_area.inst_fifo_node_payld/gen_xpm_memory_fifo.inst_fifo/gen_mem_rep[0].inst_xpm_memory/xpm_memory_base_inst with a P_MEMORY_PRIMITIVE property set to distributed. A value of block is required. You will not be able to use the updatemem program to update the bitstream with new data for the design_1_i/axi_smc_0/inst/m00_nodes/m00_r_node/inst/inst_mi_handler/gen_normal_area.inst_fifo_node_payld/gen_xpm_memory_fifo.inst_fifo/gen_mem_rep[0].inst_xpm_memory/xpm_memory_base_inst block.
INFO: [Memdata 28-167] Found XPM memory block design_1_i/axi_smc_0/inst/m00_nodes/m00_r_node/inst/inst_mi_handler/gen_normal_area.gen_fifo_req.inst_fifo_req/gen_xpm_memory_fifo.inst_fifo/gen_mem_rep[0].inst_xpm_memory/xpm_memory_base_inst with a P_MEMORY_PRIMITIVE property set to distributed. A value of block is required. You will not be able to use the updatemem program to update the bitstream with new data for the design_1_i/axi_smc_0/inst/m00_nodes/m00_r_node/inst/inst_mi_handler/gen_normal_area.gen_fifo_req.inst_fifo_req/gen_xpm_memory_fifo.inst_fifo/gen_mem_rep[0].inst_xpm_memory/xpm_memory_base_inst block.
INFO: [Memdata 28-167] Found XPM memory block design_1_i/axi_smc_0/inst/m00_nodes/m00_b_node/inst/inst_mi_handler/gen_normal_area.inst_fifo_node_payld/gen_xpm_memory_fifo.inst_fifo/gen_mem_rep[0].inst_xpm_memory/xpm_memory_base_inst with a P_MEMORY_PRIMITIVE property set to distributed. A value of block is required. You will not be able to use the updatemem program to update the bitstream with new data for the design_1_i/axi_smc_0/inst/m00_nodes/m00_b_node/inst/inst_mi_handler/gen_normal_area.inst_fifo_node_payld/gen_xpm_memory_fifo.inst_fifo/gen_mem_rep[0].inst_xpm_memory/xpm_memory_base_inst block.
INFO: [Memdata 28-167] Found XPM memory block design_1_i/axi_smc_0/inst/m00_nodes/m00_b_node/inst/inst_mi_handler/gen_normal_area.gen_fifo_req.inst_fifo_req/gen_xpm_memory_fifo.inst_fifo/gen_mem_rep[0].inst_xpm_memory/xpm_memory_base_inst with a P_MEMORY_PRIMITIVE property set to distributed. A value of block is required. You will not be able to use the updatemem program to update the bitstream with new data for the design_1_i/axi_smc_0/inst/m00_nodes/m00_b_node/inst/inst_mi_handler/gen_normal_area.gen_fifo_req.inst_fifo_req/gen_xpm_memory_fifo.inst_fifo/gen_mem_rep[0].inst_xpm_memory/xpm_memory_base_inst block.
INFO: [Memdata 28-167] Found XPM memory block design_1_i/axi_smc_0/inst/m00_nodes/m00_aw_node/inst/inst_mi_handler/gen_normal_area.inst_fifo_node_payld/gen_xpm_memory_fifo.inst_fifo/gen_mem_rep[0].inst_xpm_memory/xpm_memory_base_inst with a P_MEMORY_PRIMITIVE property set to distributed. A value of block is required. You will not be able to use the updatemem program to update the bitstream with new data for the design_1_i/axi_smc_0/inst/m00_nodes/m00_aw_node/inst/inst_mi_handler/gen_normal_area.inst_fifo_node_payld/gen_xpm_memory_fifo.inst_fifo/gen_mem_rep[0].inst_xpm_memory/xpm_memory_base_inst block.
INFO: [Memdata 28-167] Found XPM memory block design_1_i/axi_smc_0/inst/m00_nodes/m00_ar_node/inst/inst_mi_handler/gen_normal_area.inst_fifo_node_payld/gen_xpm_memory_fifo.inst_fifo/gen_mem_rep[0].inst_xpm_memory/xpm_memory_base_inst with a P_MEMORY_PRIMITIVE property set to distributed. A value of block is required. You will not be able to use the updatemem program to update the bitstream with new data for the design_1_i/axi_smc_0/inst/m00_nodes/m00_ar_node/inst/inst_mi_handler/gen_normal_area.inst_fifo_node_payld/gen_xpm_memory_fifo.inst_fifo/gen_mem_rep[0].inst_xpm_memory/xpm_memory_base_inst block.
INFO: [Memdata 28-167] Found XPM memory block design_1_i/axi_dma_0/U0/I_PRMRY_DATAMOVER/GEN_S2MM_FULL.I_S2MM_FULL_WRAPPER/GEN_ENABLE_INDET_BTT_SF.I_INDET_BTT/I_XD_FIFO/NON_BLK_MEM.I_SYNC_FIFOGEN_FIFO/xpm_fifo_instance.xpm_fifo_sync_inst/xpm_fifo_base_inst/gen_sdpram.xpm_memory_base_inst with a P_MEMORY_PRIMITIVE property set to auto. A value of block is required. You will not be able to use the updatemem program to update the bitstream with new data for the design_1_i/axi_dma_0/U0/I_PRMRY_DATAMOVER/GEN_S2MM_FULL.I_S2MM_FULL_WRAPPER/GEN_ENABLE_INDET_BTT_SF.I_INDET_BTT/I_XD_FIFO/NON_BLK_MEM.I_SYNC_FIFOGEN_FIFO/xpm_fifo_instance.xpm_fifo_sync_inst/xpm_fifo_base_inst/gen_sdpram.xpm_memory_base_inst block.
INFO: [Memdata 28-208] The XPM instance: <design_1_i/axi_dma_0/U0/I_PRMRY_DATAMOVER/GEN_S2MM_FULL.I_S2MM_FULL_WRAPPER/GEN_ENABLE_INDET_BTT_SF.I_INDET_BTT/I_DATA_FIFO/BLK_MEM.I_SYNC_FIFOGEN_FIFO/xpm_fifo_instance.xpm_fifo_sync_inst/xpm_fifo_base_inst/gen_sdpram.xpm_memory_base_inst> is part of IP: <design_1_i/axi_dma_0>. This XPM instance will be excluded from the .mmi because updatemem is prohibited from making changes to an XPM that is part of an IP.
INFO: [Memdata 28-208] The XPM instance: <design_1_i/axi_dma_0/U0/I_PRMRY_DATAMOVER/GEN_MM2S_FULL.I_MM2S_FULL_WRAPPER/GEN_INCLUDE_MM2S_SF.I_RD_SF/I_DATA_FIFO/BLK_MEM.I_SYNC_FIFOGEN_FIFO/xpm_fifo_instance.xpm_fifo_sync_inst/xpm_fifo_base_inst/gen_sdpram.xpm_memory_base_inst> is part of IP: <design_1_i/axi_dma_0>. This XPM instance will be excluded from the .mmi because updatemem is prohibited from making changes to an XPM that is part of an IP.
Command: write_bitstream -force design_1_wrapper.bit
Attempting to get a license for feature 'Implementation' and/or device 'xc7z020'
INFO: [Common 17-349] Got license for feature 'Implementation' and/or device 'xc7z020'
Running DRC as a precondition to command write_bitstream
INFO: [IP_Flow 19-1839] IP Catalog is up to date.
INFO: [DRC 23-27] Running DRC with 8 threads
INFO: [Vivado 12-3199] DRC finished with 0 Errors
INFO: [Vivado 12-3200] Please refer to the DRC report (report_drc) for more information.
INFO: [Designutils 20-2272] Running write_bitstream with 8 threads.
Loading data files...
Loading site data...
Loading route data...
Processing options...
Creating bitmap...
Creating bitstream...
Writing bitstream ./design_1_wrapper.bit...
INFO: [Vivado 12-1842] Bitgen Completed Successfully.
INFO: [Project 1-1876] WebTalk data collection is mandatory when using a ULT device. To see the specific WebTalk data collected for your design, open the usage_statistics_webtalk.html or usage_statistics_webtalk.xml file in the implementation directory.
INFO: [Common 17-83] Releasing license: Implementation
206 Infos, 2 Warnings, 0 Critical Warnings and 0 Errors encountered.
write_bitstream completed successfully
write_bitstream: Time (s): cpu = 00:01:51 ; elapsed = 00:00:35 . Memory (MB): peak = 4100.539 ; gain = 301.254 ; free physical = 5648 ; free virtual = 21217
INFO: [Common 17-206] Exiting Vivado at Sun Sep 13 23:46:33 2026...
[Sun Sep 13 23:46:34 2026] impl_1 finished
wait_on_runs: Time (s): cpu = 00:32:01 ; elapsed = 00:13:11 . Memory (MB): peak = 1806.766 ; gain = 0.000 ; free physical = 8613 ; free virtual = 24181
INFO: === Step 3/3: export XSA ===
INFO: [Device 21-403] Loading part xc7z020clg484-1
Netlist sorting complete. Time (s): cpu = 00:00:00.56 ; elapsed = 00:00:00.56 . Memory (MB): peak = 1904.578 ; gain = 0.000 ; free physical = 8292 ; free virtual = 23861
INFO: [Netlist 29-17] Analyzing 6551 Unisim elements for replacement
INFO: [Netlist 29-28] Unisim Transformation completed in 0 CPU seconds
INFO: [Project 1-479] Netlist was created with Vivado 2024.2
INFO: [Project 1-570] Preparing netlist for logic optimization
Read ShapeDB Complete: Time (s): cpu = 00:00:00.2 ; elapsed = 00:00:00.21 . Memory (MB): peak = 2060.055 ; gain = 18.008 ; free physical = 8127 ; free virtual = 23696
INFO: [Timing 38-478] Restoring timing data from binary archive.
INFO: [Timing 38-479] Binary timing data restore complete.
INFO: [Project 1-856] Restoring constraints from binary archive.
INFO: [Project 1-853] Binary constraint restore complete.
INFO: [Designutils 20-5722] Start Reading Physical Databases.
Reading placement.
Read Netlist Cache: Time (s): cpu = 00:00:00.09 ; elapsed = 00:00:00.1 . Memory (MB): peak = 2694.000 ; gain = 0.000 ; free physical = 7598 ; free virtual = 23167
Reading placer database...
Read Device Cache: Time (s): cpu = 00:00:00.01 ; elapsed = 00:00:00.02 . Memory (MB): peak = 2694.000 ; gain = 0.000 ; free physical = 7598 ; free virtual = 23167
Read PlaceDB: Time (s): cpu = 00:00:03 ; elapsed = 00:00:03 . Memory (MB): peak = 2746.938 ; gain = 52.938 ; free physical = 7530 ; free virtual = 23099
Read PulsedLatchDB: Time (s): cpu = 00:00:00 ; elapsed = 00:00:00 . Memory (MB): peak = 2746.938 ; gain = 0.000 ; free physical = 7530 ; free virtual = 23099
Reading routing.
Read RouteStorage: Time (s): cpu = 00:00:02 ; elapsed = 00:00:00.61 . Memory (MB): peak = 2776.594 ; gain = 29.656 ; free physical = 7502 ; free virtual = 23071
Read Physdb Files: Time (s): cpu = 00:00:05 ; elapsed = 00:00:04 . Memory (MB): peak = 2776.594 ; gain = 82.594 ; free physical = 7502 ; free virtual = 23071
Restored from archive | CPU: 5.630000 secs | Memory: 77.970345 MB |
Finished XDEF File Restore: Time (s): cpu = 00:00:06 ; elapsed = 00:00:04 . Memory (MB): peak = 2776.594 ; gain = 82.594 ; free physical = 7502 ; free virtual = 23071
Netlist sorting complete. Time (s): cpu = 00:00:00 ; elapsed = 00:00:00.01 . Memory (MB): peak = 2776.594 ; gain = 0.000 ; free physical = 7502 ; free virtual = 23071
INFO: [Project 1-111] Unisim Transformation Summary:
  A total of 179 instances were transformed.
  RAM16X1D => RAM32X1D (RAMD32(x2)): 2 instances
  RAM32M => RAM32M (RAMD32(x6), RAMS32(x2)): 163 instances
  RAM32X1D => RAM32X1D (RAMD32(x2)): 12 instances
  SRLC32E => SRL16E: 2 instances

open_run: Time (s): cpu = 00:00:28 ; elapsed = 00:00:27 . Memory (MB): peak = 2776.594 ; gain = 969.828 ; free physical = 7502 ; free virtual = 23071
INFO: [Project 1-1918] Creating Hardware Platform: /home/bsp-lab/Desktop/Final HDC/FInal_HDC/export/hw/design_1_wrapper.xsa ...
INFO: [Project 1-1943] The Hardware Platform can be used for Hardware
INFO: [Project 1-1941] Successfully created Hardware Platform: /home/bsp-lab/Desktop/Final HDC/FInal_HDC/export/hw/design_1_wrapper.xsa
INFO: [Hsi 55-2053] elapsed time for repository (/cad/Xilinx/Vivado/2024.2/data/embeddedsw) loading 1 seconds
write_hw_platform: Time (s): cpu = 00:00:09 ; elapsed = 00:00:11 . Memory (MB): peak = 2907.219 ; gain = 130.625 ; free physical = 7398 ; free virtual = 22983
SUCCESS: baseline synthesis/impl/export complete with 0 critical warnings
XSA: /home/bsp-lab/Desktop/Final HDC/FInal_HDC/export/hw/design_1_wrapper.xsa
INFO: [Common 17-206] Exiting Vivado at Sun Sep 13 23:47:13 2026...
