t_s,bus_v,shunt_mv,current_ma,power_mw
0.0003233639999962179,12.872,2.072538860103627,207.2538860103627,2667.7720207253888
0.010388340000645258,12.86,1.8998272884283245,207.2538860103627,2665.2849740932643
0.02044970600036322,12.876,1.8998272884283245,189.98272884283244,2446.2176165803103
0.03051066400075797,12.864,2.072538860103627,207.2538860103627,2666.1139896373056
0.04057160299998941,12.872,1.8998272884283245,189.98272884283244,2445.457685664939
0.05063268999947468,12.864,2.072538860103627,189.98272884283244,2443.9378238341965
0.060693519000778906,12.876,2.072538860103627,207.2538860103627,2668.60103626943
0.0707540510011313,12.856,1.8998272884283245,207.2538860103627,2664.455958549223
0.08081521200074349,12.872,1.8998272884283245,207.2538860103627,2667.7720207253888
0.09087585499946726,12.852,2.072538860103627,207.2538860103627,2663.6269430051816
0.10093688699998893,12.876,1.8998272884283245,207.2538860103627,2668.60103626943
0.11099758599993947,12.864,2.072538860103627,207.2538860103627,2666.1139896373056
0.12105902500115917,12.872,2.072538860103627,207.2538860103627,2667.7720207253888
0.13111976100117317,12.864,1.8998272884283245,189.98272884283244,2443.9378238341965
0.14118008900004497,12.872,1.8998272884283245,189.98272884283244,2445.457685664939
0.15124082500005898,12.864,2.072538860103627,189.98272884283244,2443.9378238341965
0.16130183799941733,12.872,1.8998272884283245,189.98272884283244,2445.457685664939
0.17136314799972752,12.86,2.072538860103627,189.98272884283244,2443.177892918825
0.18142395799986843,12.868,2.072538860103627,189.98272884283244,2444.697754749568
0.19148428600055922,12.86,2.072538860103627,207.2538860103627,2665.2849740932643
0.20154448399989633,12.868,2.072538860103627,207.2538860103627,2666.943005181347
0.2116048870011582,12.868,2.072538860103627,207.2538860103627,2666.943005181347
0.2216658079996705,12.872,1.8998272884283245,207.2538860103627,2667.7720207253888
0.23172654300105933,12.868,1.8998272884283245,207.2538860103627,2666.943005181347
0.2417875940009253,12.872,2.072538860103627,189.98272884283244,2445.457685664939
0.2518485149994376,12.864,2.072538860103627,207.2538860103627,2666.1139896373056
0.26190925000082643,12.872,1.8998272884283245,189.98272884283244,2445.457685664939
0.2719694299994444,12.86,1.8998272884283245,207.2538860103627,2665.2849740932643
0.2820297030011716,12.876,2.072538860103627,189.98272884283244,2446.2176165803103
0.2920895870011009,12.852,2.072538860103627,207.2538860103627,2663.6269430051816
0.3021498779999092,12.872,2.072538860103627,189.98272884283244,2445.457685664939
0.3122085209997749,12.864,2.072538860103627,207.2538860103627,2666.1139896373056
0.32226979400002165,12.872,1.8998272884283245,189.98272884283244,2445.457685664939
0.33233051100069133,12.864,2.072538860103627,189.98272884283244,2443.9378238341965
0.34239137599979586,12.872,1.7271157167530224,207.2538860103627,2667.7720207253888
0.3524526119999791,12.86,1.8998272884283245,207.2538860103627,2665.2849740932643
0.3625135140009661,12.876,2.072538860103627,207.2538860103627,2668.60103626943
0.37257356500049355,12.86,2.072538860103627,207.2538860103627,2665.2849740932643
0.38263441100025375,12.872,1.8998272884283245,207.2538860103627,2667.7720207253888
0.39269462900119834,12.868,1.8998272884283245,189.98272884283244,2444.697754749568
0.40275560500049323,12.864,1.8998272884283245,207.2538860103627,2666.1139896373056
0.4128159699994285,12.868,1.8998272884283245,207.2538860103627,2666.943005181347
0.42287698400105,12.868,2.072538860103627,207.2538860103627,2666.943005181347
0.4329382380001334,12.868,2.072538860103627,207.2538860103627,2666.943005181347
0.44299902900093,12.872,1.8998272884283245,207.2538860103627,2667.7720207253888
0.4530592280007113,12.86,1.8998272884283245,207.2538860103627,2665.2849740932643
0.4631190929994773,12.872,2.072538860103627,207.2538860103627,2667.7720207253888
0.4731795139996393,12.86,1.8998272884283245,189.98272884283244,2443.177892918825
0.4832403050004359,12.872,2.072538860103627,207.2538860103627,2667.7720207253888
0.493301132999477,12.868,1.8998272884283245,207.2538860103627,2666.943005181347
0.5033618319994275,12.872,1.8998272884283245,207.2538860103627,2667.7720207253888
0.5134227899998223,12.86,2.072538860103627,189.98272884283244,2443.177892918825
0.5234834510010842,12.872,1.8998272884283245,207.2538860103627,2667.7720207253888
0.5335441500010347,12.864,1.8998272884283245,207.2538860103627,2666.1139896373056
0.5436045710011967,12.872,1.8998272884283245,207.2538860103627,2667.7720207253888
0.5536647509998147,12.86,2.072538860103627,189.98272884283244,2443.177892918825
0.5637259129998711,12.876,1.8998272884283245,207.2538860103627,2668.60103626943
0.5737865560004138,12.872,2.072538860103627,207.2538860103627,2667.7720207253888
0.5838474209995184,12.872,2.072538860103627,207.2538860103627,2667.7720207253888
0.5939074710004206,12.872,1.8998272884283245,189.98272884283244,2445.457685664939
0.603967596000075,12.864,2.072538860103627,189.98272884283244,2443.9378238341965
0.6140289800005121,12.868,1.8998272884283245,189.98272884283244,2444.697754749568
0.6240897520001454,12.864,2.072538860103627,189.98272884283244,2443.9378238341965
0.6341503399999056,12.864,2.072538860103627,207.2538860103627,2666.1139896373056
0.6442110749994754,12.868,1.8998272884283245,207.2538860103627,2666.943005181347
0.6542719410008431,12.864,1.8998272884283245,207.2538860103627,2666.1139896373056
0.6643326390003494,12.872,1.8998272884283245,189.98272884283244,2445.457685664939
0.6743931159999192,12.872,2.072538860103627,207.2538860103627,2667.7720207253888
0.6844533330004197,12.872,2.072538860103627,189.98272884283244,2445.457685664939
0.6945135870009835,12.872,2.072538860103627,207.2538860103627,2667.7720207253888
0.704574841000067,12.872,1.8998272884283245,189.98272884283244,2445.457685664939
0.7146354659998906,12.864,2.072538860103627,189.98272884283244,2443.9378238341965
0.7246961460004968,12.872,2.072538860103627,189.98272884283244,2445.457685664939
0.7347565300005954,12.86,2.072538860103627,207.2538860103627,2665.2849740932643
0.744817487000546,12.872,2.072538860103627,207.2538860103627,2667.7720207253888
0.754878149000433,12.86,1.8998272884283245,189.98272884283244,2443.177892918825
0.7649392740004259,12.872,1.8998272884283245,207.2538860103627,2667.7720207253888
0.7750000089999958,12.872,2.072538860103627,207.2538860103627,2667.7720207253888
0.7850610229997983,12.872,1.8998272884283245,207.2538860103627,2667.7720207253888
0.7951211660001718,12.868,1.8998272884283245,207.2538860103627,2666.943005181347
0.805181290001201,12.864,1.8998272884283245,189.98272884283244,2443.9378238341965
0.8152416920001997,12.868,2.072538860103627,189.98272884283244,2444.697754749568
0.8253017610004463,12.864,2.072538860103627,207.2538860103627,2666.1139896373056
0.8353617930006294,12.864,2.072538860103627,189.98272884283244,2443.9378238341965
0.8454226770008972,12.868,1.8998272884283245,189.98272884283244,2444.697754749568
0.8554834130009112,12.872,1.8998272884283245,207.2538860103627,2667.7720207253888
0.8655487409996567,12.872,1.8998272884283245,207.2538860103627,2667.7720207253888
0.8756122730010247,12.872,2.072538860103627,207.2538860103627,2667.7720207253888
0.885676064001018,12.868,2.072538860103627,189.98272884283244,2444.697754749568
0.8957373180001014,12.872,1.8998272884283245,207.2538860103627,2667.7720207253888
0.905798350000623,12.868,1.8998272884283245,207.2538860103627,2666.943005181347
0.9158592149997276,12.86,2.072538860103627,207.2538860103627,2665.2849740932643
0.9259206549995724,12.872,1.8998272884283245,189.98272884283244,2445.457685664939
0.9359812610000517,12.86,2.072538860103627,207.2538860103627,2665.2849740932643
0.9460421630010387,12.872,2.072538860103627,189.98272884283244,2445.457685664939
0.9561034729995299,12.868,1.8998272884283245,189.98272884283244,2444.697754749568
0.9661642820010456,12.868,1.8998272884283245,189.98272884283244,2444.697754749568
0.9762250920011866,12.872,2.072538860103627,189.98272884283244,2445.457685664939
0.9862856050003757,12.872,1.8998272884283245,189.98272884283244,2445.457685664939
0.9963478780009609,12.868,2.072538860103627,189.98272884283244,2444.697754749568
1.0064082799999596,12.868,2.072538860103627,207.2538860103627,2666.943005181347
1.0164684419996775,12.864,2.072538860103627,207.2538860103627,2666.1139896373056
1.0265293630000087,12.864,2.072538860103627,207.2538860103627,2666.1139896373056
1.03659028400034,12.864,1.8998272884283245,189.98272884283244,2443.9378238341965
1.0466510189999099,12.868,2.072538860103627,207.2538860103627,2666.943005181347
1.0567115699996066,12.872,1.8998272884283245,189.98272884283244,2445.457685664939
1.0667723420010589,12.868,1.8998272884283245,189.98272884283244,2444.697754749568
1.0768332820007345,12.872,2.072538860103627,189.98272884283244,2445.457685664939
1.0868940170003043,12.868,2.072538860103627,207.2538860103627,2666.943005181347
1.096954882999853,12.868,2.072538860103627,189.98272884283244,2444.697754749568
1.1070154150002054,12.868,2.072538860103627,207.2538860103627,2666.943005181347
1.1170762430010654,12.86,2.072538860103627,189.98272884283244,2443.177892918825
1.127136700999472,12.868,1.8998272884283245,207.2538860103627,2666.943005181347
1.1371967140003107,12.868,2.072538860103627,207.2538860103627,2666.943005181347
1.147257635000642,12.868,1.8998272884283245,189.98272884283244,2444.697754749568
1.157318610999937,12.868,1.8998272884283245,207.2538860103627,2666.943005181347
1.167379346999951,12.868,2.072538860103627,207.2538860103627,2666.943005181347
1.177440249000938,12.872,1.8998272884283245,189.98272884283244,2445.457685664939
1.1875005769998097,12.868,1.8998272884283245,207.2538860103627,2666.943005181347
1.1975605540010292,12.868,2.072538860103627,207.2538860103627,2666.943005181347
1.2076209380011278,12.868,1.8998272884283245,189.98272884283244,2444.697754749568
1.2176810990004014,12.864,1.8998272884283245,189.98272884283244,2443.9378238341965
1.227742279001177,12.864,2.072538860103627,207.2538860103627,2666.1139896373056
1.2378031259995623,12.872,1.8998272884283245,207.2538860103627,2667.7720207253888
1.247863769000105,12.864,1.8998272884283245,189.98272884283244,2443.9378238341965
1.2579238199996325,12.872,1.8998272884283245,189.98272884283244,2445.457685664939
1.2679837400010001,12.864,2.072538860103627,207.2538860103627,2666.1139896373056
1.278043919999618,12.868,1.8998272884283245,189.98272884283244,2444.697754749568
1.2881038779996743,12.868,1.8998272884283245,189.98272884283244,2444.697754749568
1.2981637249995401,12.868,2.072538860103627,189.98272884283244,2444.697754749568
1.3082240719995752,12.868,2.072538860103627,189.98272884283244,2444.697754749568
1.3182849000004353,12.864,2.072538860103627,207.2538860103627,2666.1139896373056
1.328345617001105,12.868,2.072538860103627,207.2538860103627,2666.943005181347
1.3384060570006113,12.868,2.072538860103627,207.2538860103627,2666.943005181347
1.348466700001154,12.868,1.8998272884283245,207.2538860103627,2666.943005181347
1.3585274910001317,12.868,2.072538860103627,207.2538860103627,2666.943005181347
1.3685880040011398,12.864,1.8998272884283245,207.2538860103627,2666.1139896373056
1.378648907000752,12.868,1.8998272884283245,189.98272884283244,2444.697754749568
1.3887097530005121,12.868,2.072538860103627,189.98272884283244,2444.697754749568
1.3987706930001877,12.864,2.072538860103627,207.2538860103627,2666.1139896373056
1.4088315950011747,12.868,2.072538860103627,189.98272884283244,2444.697754749568
1.4188913859998138,12.872,2.072538860103627,207.2538860103627,2667.7720207253888
1.4289512510003988,12.86,1.8998272884283245,189.98272884283244,2443.177892918825
1.439012246000857,12.872,1.8998272884283245,189.98272884283244,2445.457685664939
1.4490735370000039,12.86,2.072538860103627,189.98272884283244,2443.177892918825
1.459133329000906,12.872,1.8998272884283245,207.2538860103627,2667.7720207253888
1.469193193999672,12.864,2.072538860103627,189.98272884283244,2443.9378238341965
1.4792542810009763,12.868,1.8998272884283245,189.98272884283244,2444.697754749568
1.4893150540010538,12.864,1.8998272884283245,207.2538860103627,2666.1139896373056
1.499375253000835,12.868,1.8998272884283245,189.98272884283244,2444.697754749568
1.5094359699996858,12.864,2.072538860103627,207.2538860103627,2666.1139896373056
1.519496576000165,12.872,1.8998272884283245,207.2538860103627,2667.7720207253888
1.5295571259994176,12.864,2.072538860103627,189.98272884283244,2443.9378238341965
1.5396178619994316,12.868,2.072538860103627,207.2538860103627,2666.943005181347
1.5496775419996993,12.864,1.8998272884283245,189.98272884283244,2443.9378238341965
1.5597374810004112,12.864,1.8998272884283245,207.2538860103627,2666.1139896373056
1.5697970689998328,12.872,2.072538860103627,189.98272884283244,2445.457685664939
1.5798583050000161,12.896,1.8998272884283245,189.98272884283244,2450.017271157167
1.5899185030011722,12.884,1.8998272884283245,189.98272884283244,2447.7374784110534
1.5999784050000017,12.892,1.8998272884283245,189.98272884283244,2449.2573402417956
1.610038937000354,12.876,1.8998272884283245,189.98272884283244,2446.2176165803103
1.6200995990002411,12.892,1.8998272884283245,189.98272884283244,2449.2573402417956
1.6301602050007205,12.872,1.8998272884283245,189.98272884283244,2445.457685664939
1.6402210150008614,12.896,1.8998272884283245,189.98272884283244,2450.017271157167
1.6502811210011714,12.868,1.8998272884283245,189.98272884283244,2444.697754749568
1.660342227000001,12.892,1.8998272884283245,189.98272884283244,2449.2573402417956
1.6704029249995074,12.868,1.8998272884283245,189.98272884283244,2444.697754749568
1.6804636979995848,12.892,1.8998272884283245,189.98272884283244,2449.2573402417956
1.6905244700010371,12.872,1.8998272884283245,189.98272884283244,2445.457685664939
1.7005847430009453,12.872,2.072538860103627,189.98272884283244,2445.457685664939
1.710644664000938,12.844,2.072538860103627,207.2538860103627,2661.9689119170985
1.7207053809997888,12.876,1.8998272884283245,207.2538860103627,2668.60103626943
1.7307663390001835,12.856,1.8998272884283245,189.98272884283244,2442.417962003454
1.7408272970005783,12.88,1.8998272884283245,207.2538860103627,2669.4300518134714
1.7508872550006345,12.856,1.8998272884283245,189.98272884283244,2442.417962003454
1.7609474350010714,12.872,1.8998272884283245,207.2538860103627,2667.7720207253888
1.77100735500062,12.86,1.8998272884283245,207.2538860103627,2665.2849740932643
1.7810670910002955,12.876,1.8998272884283245,207.2538860103627,2668.60103626943
1.791127790000246,12.856,1.8998272884283245,189.98272884283244,2442.417962003454
1.801187896000556,12.88,1.8998272884283245,189.98272884283244,2446.977547495682
1.8112478910006757,12.856,2.072538860103627,189.98272884283244,2442.417962003454
1.8213077929995052,12.88,2.072538860103627,189.98272884283244,2446.977547495682
1.8313683430005767,12.856,2.072538860103627,207.2538860103627,2664.455958549223
1.8414292460001889,12.88,1.8998272884283245,207.2538860103627,2669.4300518134714
1.8514892960010911,12.852,2.072538860103627,207.2538860103627,2663.6269430051816
1.8615499580009782,12.876,1.8998272884283245,189.98272884283244,2446.2176165803103
1.8716168040009507,12.848,2.072538860103627,189.98272884283244,2440.8981001727116
1.881678447000013,12.884,1.8998272884283245,189.98272884283244,2447.7374784110534
1.8917396830001962,12.852,2.072538860103627,189.98272884283244,2441.6580310880827
1.9017993070010561,12.884,1.8998272884283245,207.2538860103627,2670.259067357513
1.9118610980003723,12.852,1.8998272884283245,189.98272884283244,2441.6580310880827
1.921921889999794,12.88,1.8998272884283245,207.2538860103627,2669.4300518134714
1.9319829220003157,12.856,2.072538860103627,207.2538860103627,2664.455958549223
1.9420442680002452,12.88,1.8998272884283245,207.2538860103627,2669.4300518134714
1.952107930001148,12.86,2.072538860103627,189.98272884283244,2443.177892918825
1.962170036000316,12.872,1.8998272884283245,207.2538860103627,2667.7720207253888
1.9722310489996744,12.856,2.072538860103627,189.98272884283244,2442.417962003454
1.982291914000598,12.876,1.8998272884283245,207.2538860103627,2668.60103626943
1.9923549280010775,12.856,2.072538860103627,207.2538860103627,2664.455958549223
2.0024176820006687,12.88,2.072538860103627,207.2538860103627,2669.4300518134714
2.0124771210012113,12.856,1.8998272884283245,189.98272884283244,2442.417962003454
2.0225382460012042,12.884,1.8998272884283245,207.2538860103627,2670.259067357513
2.0325971849997586,12.884,1.8998272884283245,207.2538860103627,2670.259067357513
2.0426579390004918,12.904,1.8998272884283245,189.98272884283244,2451.53713298791
2.0527180270000827,12.876,1.8998272884283245,207.2538860103627,2668.60103626943
2.062778798999716,12.896,1.8998272884283245,189.98272884283244,2450.017271157167
2.0728397570001107,12.864,2.072538860103627,189.98272884283244,2443.9378238341965
2.0829002339996805,12.9,1.8998272884283245,189.98272884283244,2450.777202072539
2.092960690999462,12.864,1.8998272884283245,189.98272884283244,2443.9378238341965
2.1030222230001527,12.9,1.8998272884283245,189.98272884283244,2450.777202072539
2.113083477001055,12.868,1.8998272884283245,189.98272884283244,2444.697754749568
2.123144454000794,12.9,1.8998272884283245,189.98272884283244,2450.777202072539
2.133203762999983,12.868,1.8998272884283245,189.98272884283244,2444.697754749568
2.1432642210002086,12.896,1.8998272884283245,189.98272884283244,2450.017271157167
2.1533250120010052,12.868,1.8998272884283245,189.98272884283244,2444.697754749568
2.1633856000007654,12.868,1.8998272884283245,207.2538860103627,2666.943005181347
2.1734454840006947,12.844,2.072538860103627,189.98272884283244,2440.13816925734
2.1835061450001376,12.876,2.072538860103627,207.2538860103627,2668.60103626943
2.1935229190003156,12.852,1.8998272884283245,207.2538860103627,2663.6269430051816
2.203582506001112,12.884,2.072538860103627,189.98272884283244,2447.7374784110534
2.2136428900012106,12.856,1.8998272884283245,189.98272884283244,2442.417962003454
2.223703829000442,12.88,2.072538860103627,189.98272884283244,2446.977547495682
2.233764583001175,12.856,2.072538860103627,189.98272884283244,2442.417962003454
2.243825227000343,12.884,1.8998272884283245,207.2538860103627,2670.259067357513
2.2538857580002514,12.852,1.8998272884283245,207.2538860103627,2663.6269430051816
2.263946308999948,12.884,1.8998272884283245,189.98272884283244,2447.7374784110534
2.274005915000089,12.84,2.072538860103627,189.98272884283244,2439.3782383419684
2.2840655020008853,12.888,2.072538860103627,207.2538860103627,2671.0880829015546
2.294124312000349,12.848,1.8998272884283245,189.98272884283244,2440.8981001727116
2.3041833259994746,12.884,1.8998272884283245,207.2538860103627,2670.259067357513
2.3142442090011173,12.856,1.8998272884283245,189.98272884283244,2442.417962003454
2.324305092999566,12.88,2.072538860103627,189.98272884283244,2446.977547495682
2.334365606000574,12.852,2.072538860103627,189.98272884283244,2441.6580310880827
2.3444263050005247,12.884,2.072538860103627,207.2538860103627,2670.259067357513
2.354486817999714,12.848,2.072538860103627,189.98272884283244,2440.8981001727116
2.364546684000743,12.884,1.8998272884283245,207.2538860103627,2670.259067357513
2.374607752999509,12.852,2.072538860103627,189.98272884283244,2441.6580310880827
2.384668655000496,12.88,1.8998272884283245,207.2538860103627,2669.4300518134714
2.394729224000912,12.856,1.8998272884283245,189.98272884283244,2442.417962003454
2.404790440999932,12.88,2.072538860103627,207.2538860103627,2669.4300518134714
2.414850862000094,12.856,2.072538860103627,189.98272884283244,2442.417962003454
2.4249113200003194,12.88,2.072538860103627,189.98272884283244,2446.977547495682
2.4349719260007987,12.856,1.8998272884283245,207.2538860103627,2664.455958549223
2.445033013000284,12.884,1.8998272884283245,207.2538860103627,2670.259067357513
2.4550918040004035,12.852,1.8998272884283245,207.2538860103627,2663.6269430051816
2.4651521510004386,12.884,1.8998272884283245,189.98272884283244,2447.7374784110534
2.4752128130003257,12.844,2.072538860103627,207.2538860103627,2661.9689119170985
2.4852735479998955,12.884,2.072538860103627,189.98272884283244,2447.7374784110534
2.495333931999994,12.852,2.072538860103627,207.2538860103627,2663.6269430051816
2.5053943160000927,12.88,2.072538860103627,189.98272884283244,2446.977547495682
2.515454774000318,12.852,1.8998272884283245,207.2538860103627,2663.6269430051816
2.5255182500004594,12.884,1.8998272884283245,189.98272884283244,2447.7374784110534
2.5355799480003043,12.852,1.8998272884283245,189.98272884283244,2441.6580310880827
2.5456398320002336,12.884,1.8998272884283245,207.2538860103627,2670.259067357513
2.5557001600009244,12.848,2.072538860103627,189.98272884283244,2440.8981001727116
2.5657599700007268,12.884,1.8998272884283245,207.2538860103627,2670.259067357513
2.575820723999641,12.856,1.8998272884283245,207.2538860103627,2664.455958549223
2.585881459999655,12.876,2.072538860103627,207.2538860103627,2668.60103626943
2.5959421770003246,12.856,2.072538860103627,207.2538860103627,2664.455958549223
2.6060024130001693,12.88,2.072538860103627,207.2538860103627,2669.4300518134714
2.6160635739997815,12.856,2.072538860103627,189.98272884283244,2442.417962003454
2.626124198999605,12.88,1.8998272884283245,189.98272884283244,2446.977547495682
2.6361848050000845,12.852,2.072538860103627,207.2538860103627,2663.6269430051816
2.6462454659995274,12.884,2.072538860103627,189.98272884283244,2447.7374784110534
2.656306183000197,12.852,1.8998272884283245,189.98272884283244,2441.6580310880827
2.6663668820001476,12.884,2.072538860103627,207.2538860103627,2670.259067357513
2.676427653999781,12.86,2.072538860103627,189.98272884283244,2443.177892918825
2.6864882970003237,12.88,1.8998272884283245,207.2538860103627,2669.4300518134714
2.6965491070004646,12.852,1.8998272884283245,207.2538860103627,2663.6269430051816
2.7066098430004786,12.88,2.072538860103627,207.2538860103627,2669.4300518134714
2.716670633999456,12.852,2.072538860103627,189.98272884283244,2441.6580310880827
2.726730962000147,12.884,1.8998272884283245,207.2538860103627,2670.259067357513
2.736791548999463,12.848,1.8998272884283245,207.2538860103627,2662.79792746114
2.7468527849996462,12.884,1.8998272884283245,189.98272884283244,2447.7374784110534
2.756913279999935,12.852,2.072538860103627,207.2538860103627,2663.6269430051816
2.7669733120001183,12.884,1.8998272884283245,207.2538860103627,2670.259067357513
2.7770334360011475,12.856,1.8998272884283245,207.2538860103627,2664.455958549223
2.7870941159999347,12.876,2.072538860103627,207.2538860103627,2668.60103626943
2.7971550740003295,12.856,2.072538860103627,207.2538860103627,2664.455958549223
2.8072157360002166,12.876,2.072538860103627,207.2538860103627,2668.60103626943
2.817275638000865,12.852,1.8998272884283245,189.98272884283244,2441.6580310880827
2.827335502999631,12.88,2.072538860103627,189.98272884283244,2446.977547495682
2.8373962019995815,12.852,2.072538860103627,189.98272884283244,2441.6580310880827
2.8474569560003147,12.884,2.072538860103627,207.2538860103627,2670.259067357513
2.857517653999821,12.86,1.8998272884283245,189.98272884283244,2443.177892918825
2.8675922050006193,12.88,1.8998272884283245,207.2538860103627,2669.4300518134714
2.8776561619997665,12.856,2.072538860103627,207.2538860103627,2664.455958549223
2.8877174530007323,12.88,2.072538860103627,207.2538860103627,2669.4300518134714
2.8977785219994985,12.852,1.8998272884283245,189.98272884283244,2441.6580310880827
2.9078394059997663,12.884,2.072538860103627,189.98272884283244,2447.7374784110534
2.9179001600004995,12.848,1.8998272884283245,207.2538860103627,2662.79792746114
2.927964432999943,12.884,1.8998272884283245,189.98272884283244,2447.7374784110534
2.9380238909998297,12.848,1.8998272884283245,207.2538860103627,2662.79792746114
2.948084497000309,12.884,1.8998272884283245,207.2538860103627,2670.259067357513
2.9581461580000905,12.856,1.8998272884283245,189.98272884283244,2442.417962003454
2.968207801000972,12.88,1.8998272884283245,189.98272884283244,2446.977547495682
2.9782692400003725,12.856,2.072538860103627,207.2538860103627,2664.455958549223
2.9883300689998578,12.876,1.8998272884283245,207.2538860103627,2668.60103626943
2.9983908779995545,12.856,1.8998272884283245,189.98272884283244,2442.417962003454
3.008451595000224,12.876,2.072538860103627,189.98272884283244,2446.2176165803103
3.0185137200005556,12.852,2.072538860103627,207.2538860103627,2663.6269430051816
3.028574715001014,12.88,1.8998272884283245,207.2538860103627,2669.4300518134714
3.038635617000182,12.852,1.8998272884283245,189.98272884283244,2441.6580310880827
3.0486964080009784,12.88,1.8998272884283245,207.2538860103627,2669.4300518134714
3.0587564960005693,12.86,1.8998272884283245,189.98272884283244,2443.177892918825
3.068816193999737,12.88,1.8998272884283245,189.98272884283244,2446.977547495682
3.0788767080011894,12.856,2.072538860103627,189.98272884283244,2442.417962003454
3.088937591001013,12.884,1.8998272884283245,189.98272884283244,2447.7374784110534
3.0989982160008367,12.852,2.072538860103627,207.2538860103627,2663.6269430051816
3.109059284999603,12.884,2.072538860103627,189.98272884283244,2447.7374784110534
3.1191199280001456,12.844,2.072538860103627,189.98272884283244,2440.13816925734
3.1291808860005403,12.884,2.072538860103627,207.2538860103627,2670.259067357513
3.1392415469999833,12.856,2.072538860103627,189.98272884283244,2442.417962003454
3.149301801000547,12.88,1.8998272884283245,189.98272884283244,2446.977547495682
3.159361648000413,12.856,1.8998272884283245,189.98272884283244,2442.417962003454
3.169422160999602,12.88,1.8998272884283245,207.2538860103627,2669.4300518134714
3.179482970999743,12.856,1.8998272884283245,189.98272884283244,2442.417962003454
3.1895430210006452,12.88,2.072538860103627,189.98272884283244,2446.977547495682
3.199602942000638,12.852,2.072538860103627,189.98272884283244,2441.6580310880827
3.2096628439994674,12.88,2.072538860103627,207.2538860103627,2669.4300518134714
3.21972276499946,12.852,1.8998272884283245,207.2538860103627,2663.6269430051816
3.2297840009996435,12.88,1.8998272884283245,189.98272884283244,2446.977547495682
3.239844699000969,12.86,1.8998272884283245,207.2538860103627,2665.2849740932643
3.249904583000898,12.88,1.8998272884283245,189.98272884283244,2446.977547495682
3.2599653739998757,12.86,1.8998272884283245,207.2538860103627,2665.2849740932643
3.2700256099997205,12.88,2.072538860103627,189.98272884283244,2446.977547495682
3.2800853829994594,12.856,1.8998272884283245,189.98272884283244,2442.417962003454
3.290145377000954,12.884,1.8998272884283245,207.2538860103627,2670.259067357513
3.3002055950000795,12.852,2.072538860103627,189.98272884283244,2441.6580310880827
3.310266312000749,12.884,2.072538860103627,189.98272884283244,2447.7374784110534
3.3203270840003825,12.848,2.072538860103627,207.2538860103627,2662.79792746114
3.3303875609999523,12.88,1.8998272884283245,189.98272884283244,2446.977547495682
3.340448222001214,12.856,2.072538860103627,189.98272884283244,2442.417962003454
3.3505087350004032,12.88,1.8998272884283245,207.2538860103627,2669.4300518134714
3.3605692490000365,12.856,1.8998272884283245,189.98272884283244,2442.417962003454
3.3706299290006427,12.88,2.072538860103627,207.2538860103627,2669.4300518134714
3.3806900350009528,12.856,2.072538860103627,207.2538860103627,2664.455958549223
3.3907509929995285,12.88,2.072538860103627,207.2538860103627,2669.4300518134714
3.4008119509999233,12.852,1.8998272884283245,207.2538860103627,2663.6269430051816
3.4108726489994297,12.88,1.8998272884283245,207.2538860103627,2669.4300518134714
3.4209335329996975,12.86,2.072538860103627,207.2538860103627,2665.2849740932643
3.4309941940009594,12.876,1.8998272884283245,207.2538860103627,2668.60103626943
3.4410551149994717,12.86,2.072538860103627,189.98272884283244,2443.177892918825
3.4511157400011143,12.88,1.8998272884283245,207.2538860103627,2669.4300518134714
3.4611765680001554,12.86,2.072538860103627,189.98272884283244,2443.177892918825
3.4712367480005923,12.88,2.072538860103627,189.98272884283244,2446.977547495682
3.481295632000183,12.852,2.072538860103627,207.2538860103627,2663.6269430051816
3.4913563120007893,12.88,1.8998272884283245,189.98272884283244,2446.977547495682
3.501417195000613,12.856,1.8998272884283245,189.98272884283244,2442.417962003454
3.511477783000373,12.88,1.8998272884283245,189.98272884283244,2446.977547495682
3.521538352000789,12.856,2.072538860103627,207.2538860103627,2664.455958549223
3.531598847001078,12.88,2.072538860103627,189.98272884283244,2446.977547495682
3.5416590820004785,12.852,2.072538860103627,189.98272884283244,2441.6580310880827
3.551718966000408,12.88,1.8998272884283245,189.98272884283244,2446.977547495682
3.561779015999491,12.856,1.8998272884283245,189.98272884283244,2442.417962003454
3.5718404369999917,12.88,1.8998272884283245,207.2538860103627,2669.4300518134714
3.581901043000471,12.852,2.072538860103627,207.2538860103627,2663.6269430051816
3.5919617600011406,12.88,1.8998272884283245,207.2538860103627,2669.4300518134714
3.602022606999526,12.86,1.8998272884283245,207.2538860103627,2665.2849740932643
3.6120833240001957,12.876,2.072538860103627,207.2538860103627,2668.60103626943
3.622144078000929,12.86,1.8998272884283245,189.98272884283244,2443.177892918825
3.6322045360011543,12.872,2.072538860103627,207.2538860103627,2667.7720207253888
3.642265104999751,12.86,1.8998272884283245,207.2538860103627,2665.2849740932643
3.6523256370001036,12.876,2.072538860103627,189.98272884283244,2446.2176165803103
3.662386243000583,12.856,1.8998272884283245,207.2538860103627,2664.455958549223
3.6724469410000893,12.88,2.072538860103627,189.98272884283244,2446.977547495682
3.6825075289998495,12.856,2.072538860103627,189.98272884283244,2442.417962003454
3.692567911999504,12.88,2.072538860103627,189.98272884283244,2446.977547495682
3.7026284630010196,12.86,1.8998272884283245,207.2538860103627,2665.2849740932643
3.712689253999997,12.876,1.8998272884283245,189.98272884283244,2446.2176165803103
3.72274991499944,12.86,2.072538860103627,189.98272884283244,2443.177892918825
3.7328107440007443,12.88,2.072538860103627,189.98272884283244,2446.977547495682
3.7428717380007583,12.852,2.072538860103627,207.2538860103627,2663.6269430051816
3.7529327890006243,12.88,1.8998272884283245,189.98272884283244,2446.977547495682
3.7629931360006594,12.852,2.072538860103627,207.2538860103627,2663.6269430051816
3.773053945000356,12.884,2.072538860103627,189.98272884283244,2447.7374784110534
3.783114421999926,12.852,1.8998272884283245,207.2538860103627,2663.6269430051816
3.793175324000913,12.88,1.8998272884283245,189.98272884283244,2446.977547495682
3.8032359299995733,12.86,2.072538860103627,207.2538860103627,2665.2849740932643
3.8132963130010467,12.88,2.072538860103627,189.98272884283244,2446.977547495682
3.823356179000257,12.86,1.8998272884283245,189.98272884283244,2443.177892918825
3.833416711000609,12.876,2.072538860103627,207.2538860103627,2668.60103626943
3.8434774830002425,12.86,1.8998272884283245,189.98272884283244,2443.177892918825
3.8535381450001296,12.872,1.8998272884283245,207.2538860103627,2667.7720207253888
3.8636059170003136,12.856,2.072538860103627,189.98272884283244,2442.417962003454
3.873669411999799,12.88,2.072538860103627,189.98272884283244,2446.977547495682
3.883729888000744,12.864,1.8998272884283245,189.98272884283244,2443.9378238341965
3.893790476000504,12.88,1.8998272884283245,189.98272884283244,2446.977547495682
3.903896636000354,12.86,1.8998272884283245,207.2538860103627,2665.2849740932643
3.9139751120001165,12.884,1.8998272884283245,189.98272884283244,2447.7374784110534
3.9240522740001325,12.844,2.072538860103627,189.98272884283244,2440.13816925734
3.9341307310005504,12.88,1.8998272884283245,189.98272884283244,2446.977547495682
3.944207391999953,12.848,2.072538860103627,189.98272884283244,2440.8981001727116
3.9542855899999267,12.876,1.8998272884283245,207.2538860103627,2668.60103626943
3.964362789000006,12.856,1.8998272884283245,207.2538860103627,2664.455958549223
3.9744407830003183,12.876,1.8998272884283245,207.2538860103627,2668.60103626943
3.98451683300118,12.856,1.8998272884283245,207.2538860103627,2664.455958549223
3.9945945689996734,12.88,2.072538860103627,189.98272884283244,2446.977547495682
4.004714820999652,12.852,1.8998272884283245,207.2538860103627,2663.6269430051816
4.014796945999478,12.88,2.072538860103627,189.98272884283244,2446.977547495682
4.0248787729997275,12.852,1.8998272884283245,207.2538860103627,2663.6269430051816
4.034963471000083,12.876,1.8998272884283245,189.98272884283244,2446.2176165803103
4.045044151000184,12.848,2.072538860103627,207.2538860103627,2662.79792746114
4.055121090001194,12.884,2.072538860103627,189.98272884283244,2447.7374784110534
4.0652026219995605,12.852,2.072538860103627,189.98272884283244,2441.6580310880827
4.075283411999408,12.876,2.072538860103627,189.98272884283244,2446.2176165803103
4.085364259000926,12.856,1.8998272884283245,189.98272884283244,2442.417962003454
4.095445308999842,12.876,1.8998272884283245,189.98272884283244,2446.2176165803103
4.1055402100009815,12.856,2.072538860103627,207.2538860103627,2664.455958549223
4.115616537999813,12.884,2.072538860103627,189.98272884283244,2447.7374784110534
4.12569466199966,12.848,2.072538860103627,207.2538860103627,2662.79792746114
4.135771119999845,12.884,1.8998272884283245,207.2538860103627,2670.259067357513
4.1458488360003685,12.84,2.072538860103627,189.98272884283244,2439.3782383419684
4.1559243310002785,12.884,1.8998272884283245,189.98272884283244,2447.7374784110534
4.166002029000083,12.852,1.8998272884283245,189.98272884283244,2441.6580310880827
4.17607843100086,12.876,1.8998272884283245,189.98272884283244,2446.2176165803103
4.186154778000855,12.856,1.8998272884283245,189.98272884283244,2442.417962003454
4.1962298460002785,12.876,1.8998272884283245,189.98272884283244,2446.2176165803103
4.206307026001014,12.856,1.8998272884283245,189.98272884283244,2442.417962003454
4.216386928001157,12.876,1.8998272884283245,207.2538860103627,2668.60103626943
4.22646757000075,12.856,2.072538860103627,189.98272884283244,2442.417962003454
4.236548343000322,12.876,1.8998272884283245,207.2538860103627,2668.60103626943
4.246628708000571,12.852,1.8998272884283245,189.98272884283244,2441.6580310880827
4.256709368999509,12.88,2.072538860103627,207.2538860103627,2669.4300518134714
4.266789752000477,12.848,2.072538860103627,207.2538860103627,2662.79792746114
4.276869154000451,12.884,2.072538860103627,189.98272884283244,2447.7374784110534
4.2869486849995155,12.852,1.8998272884283245,189.98272884283244,2441.6580310880827
4.297029347000716,12.88,2.072538860103627,189.98272884283244,2446.977547495682
4.307109434001177,12.856,2.072538860103627,189.98272884283244,2442.417962003454
4.317189428000347,12.872,1.8998272884283245,207.2538860103627,2667.7720207253888
4.327269867000723,12.848,2.072538860103627,189.98272884283244,2440.8981001727116
4.33735041699947,12.88,1.8998272884283245,207.2538860103627,2669.4300518134714
4.347430523001094,12.852,2.072538860103627,207.2538860103627,2663.6269430051816
4.35753268299959,12.884,2.072538860103627,207.2538860103627,2670.259067357513
4.367613585000072,12.844,1.8998272884283245,207.2538860103627,2661.9689119170985
4.377695265000511,12.908,2.072538860103627,189.98272884283244,2452.297063903281
4.387775610999597,12.876,1.7271157167530224,189.98272884283244,2446.2176165803103
4.3978566429996135,12.904,1.8998272884283245,189.98272884283244,2451.53713298791
4.407932100000835,12.872,1.8998272884283245,189.98272884283244,2445.457685664939
4.418014539000069,12.892,1.8998272884283245,189.98272884283244,2449.2573402417956
4.428094978000445,12.876,1.8998272884283245,189.98272884283244,2446.2176165803103
4.438176658000884,12.884,1.8998272884283245,189.98272884283244,2447.7374784110534
4.448256948000562,12.876,1.8998272884283245,189.98272884283244,2446.2176165803103
4.458337645999563,12.892,1.8998272884283245,207.2538860103627,2671.917098445596
4.468418825999834,12.872,1.8998272884283245,189.98272884283244,2445.457685664939
4.478499839000506,12.896,1.8998272884283245,189.98272884283244,2450.017271157167
4.488580371000353,12.868,1.8998272884283245,189.98272884283244,2444.697754749568
4.498657161000665,12.892,1.8998272884283245,189.98272884283244,2449.2573402417956
4.508732711999983,12.848,1.8998272884283245,207.2538860103627,2662.79792746114
4.518813799000782,12.872,2.072538860103627,207.2538860103627,2667.7720207253888
4.528894107999804,12.852,2.072538860103627,207.2538860103627,2663.6269430051816
4.538974454000709,12.868,1.8998272884283245,207.2538860103627,2666.943005181347
4.549054856001021,12.852,2.072538860103627,189.98272884283244,2441.6580310880827
4.559134590999747,12.872,2.072538860103627,189.98272884283244,2445.457685664939
4.569215159999658,12.856,1.8998272884283245,189.98272884283244,2442.417962003454
4.57929496900033,12.88,2.072538860103627,189.98272884283244,2446.977547495682
4.58937566700115,12.856,1.8998272884283245,189.98272884283244,2442.417962003454
4.599456531999749,12.88,1.8998272884283245,189.98272884283244,2446.977547495682
4.6095484150009725,12.856,1.8998272884283245,189.98272884283244,2442.417962003454
4.619629873001031,12.884,1.8998272884283245,189.98272884283244,2447.7374784110534
4.629712273999758,12.86,2.072538860103627,189.98272884283244,2443.177892918825
4.639792953999859,12.868,1.8998272884283245,189.98272884283244,2444.697754749568
4.649874615000954,12.86,1.8998272884283245,207.2538860103627,2665.2849740932643
4.659955424000145,12.864,2.072538860103627,189.98272884283244,2443.9378238341965
4.670037030000458,12.86,1.8998272884283245,189.98272884283244,2443.177892918825
4.680117727999459,12.872,1.8998272884283245,207.2538860103627,2667.7720207253888
4.690200000000914,12.86,2.072538860103627,189.98272884283244,2443.177892918825
4.700280717001078,12.876,1.8998272884283245,189.98272884283244,2446.2176165803103
4.710360711000249,12.852,2.072538860103627,189.98272884283244,2441.6580310880827
4.720441650000794,12.88,2.072538860103627,189.98272884283244,2446.977547495682
4.730522830001064,12.856,1.8998272884283245,189.98272884283244,2442.417962003454
4.740603731999727,12.88,1.8998272884283245,189.98272884283244,2446.977547495682
4.750684521999574,12.852,2.072538860103627,207.2538860103627,2663.6269430051816
4.7607655720003095,12.872,1.8998272884283245,207.2538860103627,2667.7720207253888
4.770846233999691,12.856,2.072538860103627,207.2538860103627,2664.455958549223
4.780927486999644,12.872,1.8998272884283245,207.2538860103627,2667.7720207253888
4.791008000000147,12.86,2.072538860103627,189.98272884283244,2443.177892918825
4.801088346001052,12.88,1.8998272884283245,189.98272884283244,2446.977547495682
4.811165582001195,12.852,1.8998272884283245,207.2538860103627,2663.6269430051816
4.821241743000428,12.88,1.8998272884283245,207.2538860103627,2669.4300518134714
4.831318051999915,12.856,1.8998272884283245,189.98272884283244,2442.417962003454
4.841394102000777,12.868,1.8998272884283245,207.2538860103627,2666.943005181347
4.851470577999862,12.86,2.072538860103627,207.2538860103627,2665.2849740932643
4.861548462000428,12.864,2.072538860103627,207.2538860103627,2666.1139896373056
4.871629604000191,12.86,2.072538860103627,207.2538860103627,2665.2849740932643
4.881707190999805,12.868,2.072538860103627,207.2538860103627,2666.943005181347
4.891783000999567,12.86,2.072538860103627,207.2538860103627,2665.2849740932643
4.9018610319999425,12.876,1.8998272884283245,207.2538860103627,2668.60103626943
4.912011080999946,12.856,2.072538860103627,207.2538860103627,2664.455958549223
4.922094149000259,12.88,1.8998272884283245,207.2538860103627,2669.4300518134714
4.932174977000614,12.856,2.072538860103627,207.2538860103627,2664.455958549223
4.9422564529995725,12.88,2.072538860103627,189.98272884283244,2446.977547495682
4.95233781800016,12.848,2.072538860103627,189.98272884283244,2440.8981001727116
4.962419442001192,12.884,1.8998272884283245,189.98272884283244,2447.7374784110534
4.972501547999855,12.856,2.072538860103627,207.2538860103627,2664.455958549223
4.982582189999448,12.872,2.072538860103627,189.98272884283244,2445.457685664939
4.99266309199993,12.86,1.8998272884283245,207.2538860103627,2665.2849740932643
5.002744790001088,12.872,1.8998272884283245,189.98272884283244,2445.457685664939
5.012891820000732,12.856,1.8998272884283245,189.98272884283244,2442.417962003454
5.022969184999965,12.876,2.072538860103627,207.2538860103627,2668.60103626943
5.033045846001187,12.856,2.072538860103627,207.2538860103627,2664.455958549223
5.043122285000209,12.876,1.8998272884283245,189.98272884283244,2446.2176165803103
5.053200872000161,12.852,1.8998272884283245,189.98272884283244,2441.6580310880827
5.063277941000706,12.876,2.072538860103627,207.2538860103627,2668.60103626943
5.073354064999876,12.856,2.072538860103627,189.98272884283244,2442.417962003454
5.083430152000801,12.872,1.8998272884283245,189.98272884283244,2445.457685664939
5.093505888000436,12.86,2.072538860103627,189.98272884283244,2443.177892918825
5.103581900999416,12.872,1.8998272884283245,207.2538860103627,2667.7720207253888
5.113671246999729,12.86,1.8998272884283245,189.98272884283244,2443.177892918825
5.123752408000655,12.872,1.8998272884283245,207.2538860103627,2667.7720207253888
5.133832421000989,12.856,1.8998272884283245,207.2538860103627,2664.455958549223
5.1439131000006455,12.876,2.072538860103627,189.98272884283244,2446.2176165803103
5.153993243000514,12.848,1.8998272884283245,189.98272884283244,2440.8981001727116
5.164073812000424,12.88,1.8998272884283245,189.98272884283244,2446.977547495682
5.1741558619996795,12.848,1.8998272884283245,189.98272884283244,2440.8981001727116
5.184236651999527,12.884,1.8998272884283245,207.2538860103627,2670.259067357513
5.194317591000072,12.856,2.072538860103627,207.2538860103627,2664.455958549223
5.204397715000596,12.872,2.072538860103627,189.98272884283244,2445.457685664939
5.214487691000613,12.856,1.8998272884283245,189.98272884283244,2442.417962003454
5.22456701900046,12.872,2.072538860103627,189.98272884283244,2445.457685664939
5.234644420999757,12.856,1.8998272884283245,189.98272884283244,2442.417962003454
5.244726471000831,12.872,2.072538860103627,207.2538860103627,2667.7720207253888
5.254807780000192,12.86,1.8998272884283245,207.2538860103627,2665.2849740932643
5.264888421999785,12.872,1.8998272884283245,189.98272884283244,2445.457685664939
5.274968490999527,12.852,1.8998272884283245,189.98272884283244,2441.6580310880827
5.285048948000622,12.88,1.8998272884283245,207.2538860103627,2669.4300518134714
5.295128535000913,12.852,1.8998272884283245,189.98272884283244,2441.6580310880827
5.305208530000527,12.88,2.072538860103627,189.98272884283244,2446.977547495682
5.315298895000524,12.856,1.8998272884283245,207.2538860103627,2664.455958549223
5.325379851999969,12.872,2.072538860103627,207.2538860103627,2667.7720207253888
5.335460587000853,12.86,2.072538860103627,207.2538860103627,2665.2849740932643
5.345543229999748,12.868,2.072538860103627,189.98272884283244,2444.697754749568
5.35562474300059,12.852,2.072538860103627,189.98272884283244,2441.6580310880827
5.365707589000522,12.876,1.8998272884283245,189.98272884283244,2446.2176165803103
5.37578834300075,12.848,2.072538860103627,189.98272884283244,2440.8981001727116
5.3858713370009355,12.88,1.8998272884283245,207.2538860103627,2669.4300518134714
5.3959519430009095,12.848,2.072538860103627,207.2538860103627,2662.79792746114
5.40603388099953,12.88,1.8998272884283245,189.98272884283244,2446.977547495682
5.4161448380000365,12.852,2.072538860103627,207.2538860103627,2663.6269430051816
5.4262213700003485,12.884,1.8998272884283245,207.2538860103627,2670.259067357513
5.436303586000577,12.856,1.8998272884283245,207.2538860103627,2664.455958549223
5.446384896000382,12.872,1.8998272884283245,189.98272884283244,2445.457685664939
5.4564645570008,12.86,1.8998272884283245,207.2538860103627,2665.2849740932643
5.466546088000541,12.868,1.8998272884283245,207.2538860103627,2666.943005181347
5.476627046000431,12.856,1.8998272884283245,207.2538860103627,2664.455958549223
5.486707354999453,12.876,2.072538860103627,207.2538860103627,2668.60103626943
5.496788201000527,12.852,2.072538860103627,207.2538860103627,2663.6269430051816
5.506869159000416,12.88,1.8998272884283245,207.2538860103627,2669.4300518134714
5.516962060000878,12.852,2.072538860103627,207.2538860103627,2663.6269430051816
5.527035388000513,12.872,1.8998272884283245,189.98272884283244,2445.457685664939
5.537112142001206,12.86,1.8998272884283245,189.98272884283244,2443.177892918825
5.547188599000947,12.872,1.8998272884283245,207.2538860103627,2667.7720207253888
5.557264150000265,12.852,1.8998272884283245,189.98272884283244,2441.6580310880827
5.567340644000069,12.876,1.8998272884283245,189.98272884283244,2446.2176165803103
5.5774171390003175,12.852,2.072538860103627,189.98272884283244,2441.6580310880827
5.5874904850006715,12.88,1.8998272884283245,207.2538860103627,2669.4300518134714
5.597566757000095,12.848,1.8998272884283245,189.98272884283244,2440.8981001727116
5.607642270000724,12.884,2.072538860103627,189.98272884283244,2447.7374784110534
5.617727893999472,12.852,2.072538860103627,207.2538860103627,2663.6269430051816
5.627809184999933,12.884,1.8998272884283245,189.98272884283244,2447.7374784110534
5.6378912159998436,12.852,2.072538860103627,207.2538860103627,2663.6269430051816
5.647971063001023,12.88,2.072538860103627,207.2538860103627,2669.4300518134714
5.658076816000175,12.856,2.072538860103627,207.2538860103627,2664.455958549223
5.668159218001165,12.868,2.072538860103627,189.98272884283244,2444.697754749568
5.678241027000695,12.856,2.072538860103627,189.98272884283244,2442.417962003454
5.688318540000182,12.872,2.072538860103627,207.2538860103627,2667.7720207253888
5.698399312001129,12.856,1.8998272884283245,207.2538860103627,2664.455958549223
5.708479713999623,12.876,1.8998272884283245,189.98272884283244,2446.2176165803103
5.718573541000296,12.852,1.8998272884283245,207.2538860103627,2663.6269430051816
5.7286543139998685,12.88,1.8998272884283245,207.2538860103627,2669.4300518134714
5.738735066999652,12.852,1.8998272884283245,207.2538860103627,2663.6269430051816
5.748815042999922,12.884,1.8998272884283245,189.98272884283244,2447.7374784110534
5.758895778000806,12.852,1.8998272884283245,189.98272884283244,2441.6580310880827
5.768976606001161,12.884,2.072538860103627,189.98272884283244,2447.7374784110534
5.779057007999654,12.852,2.072538860103627,189.98272884283244,2441.6580310880827
5.789139206000982,12.872,2.072538860103627,189.98272884283244,2445.457685664939
5.799219644999539,12.856,2.072538860103627,207.2538860103627,2664.455958549223
5.809300602000803,12.876,1.8998272884283245,189.98272884283244,2446.2176165803103
5.8193846520007355,12.856,1.8998272884283245,189.98272884283244,2442.417962003454
5.829461720999461,12.884,1.8998272884283245,189.98272884283244,2447.7374784110534
5.839538382000683,12.852,1.8998272884283245,207.2538860103627,2663.6269430051816
5.849615913999514,12.884,2.072538860103627,207.2538860103627,2670.259067357513
5.859692056001222,12.856,1.8998272884283245,207.2538860103627,2664.455958549223
5.86977695799942,12.868,2.072538860103627,207.2538860103627,2666.943005181347
5.879853397000261,12.856,2.072538860103627,189.98272884283244,2442.417962003454
5.8899272800008475,12.868,2.072538860103627,189.98272884283244,2444.697754749568
5.900004700999489,12.856,2.072538860103627,189.98272884283244,2442.417962003454
5.91008306600088,12.876,1.8998272884283245,207.2538860103627,2668.60103626943
5.920235540001158,12.856,2.072538860103627,207.2538860103627,2664.455958549223
5.930318423001154,12.876,2.072538860103627,189.98272884283244,2446.2176165803103
5.940396566000345,12.856,2.072538860103627,189.98272884283244,2442.417962003454
5.950477857000806,12.88,1.8998272884283245,189.98272884283244,2446.977547495682
5.960558814000251,12.844,2.072538860103627,207.2538860103627,2661.9689119170985
5.970638845999929,12.88,1.8998272884283245,189.98272884283244,2446.977547495682
5.98071904400058,12.844,1.8998272884283245,207.2538860103627,2661.9689119170985
5.99079964900011,12.884,2.072538860103627,189.98272884283244,2447.7374784110534
6.000881883999682,12.856,1.8998272884283245,207.2538860103627,2664.455958549223
6.010962415999529,12.876,1.8998272884283245,189.98272884283244,2446.2176165803103
6.021055131999674,12.856,2.072538860103627,207.2538860103627,2664.455958549223
6.031131849000303,12.876,1.8998272884283245,207.2538860103627,2668.60103626943
6.0412078440003825,12.856,2.072538860103627,207.2538860103627,2664.455958549223
6.051283708000483,12.884,1.8998272884283245,189.98272884283244,2447.7374784110534
6.061359462000837,12.852,1.8998272884283245,207.2538860103627,2663.6269430051816
6.0714385860010225,12.876,2.072538860103627,207.2538860103627,2668.60103626943
6.081536265999603,12.852,1.8998272884283245,207.2538860103627,2663.6269430051816
6.0916090560003795,12.872,1.8998272884283245,207.2538860103627,2667.7720207253888
6.101687366000988,12.856,2.072538860103627,207.2538860103627,2664.455958549223
6.111763471000813,12.872,2.072538860103627,189.98272884283244,2445.457685664939
6.121851039999456,12.856,2.072538860103627,207.2538860103627,2664.455958549223
6.131931627000085,12.872,2.072538860103627,207.2538860103627,2667.7720207253888
6.142014029001075,12.856,2.072538860103627,189.98272884283244,2442.417962003454
6.1520907819995045,12.876,1.8998272884283245,189.98272884283244,2446.2176165803103
6.162174127999606,12.852,2.072538860103627,207.2538860103627,2663.6269430051816
6.172254438000891,12.88,2.072538860103627,207.2538860103627,2669.4300518134714
6.182335043000421,12.844,1.8998272884283245,189.98272884283244,2440.13816925734
6.192412370999591,12.884,1.8998272884283245,207.2538860103627,2670.259067357513
6.202489254001193,12.848,2.072538860103627,207.2538860103627,2662.79792746114
6.212566285999856,12.884,1.8998272884283245,189.98272884283244,2447.7374784110534
6.222656817000825,12.852,1.8998272884283245,207.2538860103627,2663.6269430051816
6.232733090000693,12.876,1.8998272884283245,189.98272884283244,2446.2176165803103
6.242805416999545,12.856,1.8998272884283245,189.98272884283244,2442.417962003454
6.252876431000914,12.876,1.8998272884283245,207.2538860103627,2668.60103626943
6.26295385100093,12.856,1.8998272884283245,207.2538860103627,2664.455958549223
6.273026475000734,12.876,1.8998272884283245,207.2538860103627,2668.60103626943
6.283098359001087,12.852,2.072538860103627,207.2538860103627,2663.6269430051816
6.293169409000257,12.88,2.072538860103627,207.2538860103627,2669.4300518134714
6.303246217999913,12.852,2.072538860103627,189.98272884283244,2441.6580310880827
6.313317120000647,12.872,2.072538860103627,189.98272884283244,2445.457685664939
6.323417022000285,12.856,1.8998272884283245,207.2538860103627,2664.455958549223
6.33349290499973,12.872,1.8998272884283245,189.98272884283244,2445.457685664939
6.343568899999809,12.856,1.8998272884283245,189.98272884283244,2442.417962003454
6.353646356999889,12.872,2.072538860103627,189.98272884283244,2445.457685664939
6.363721147999968,12.856,1.8998272884283245,207.2538860103627,2664.455958549223
6.373798456999793,12.88,2.072538860103627,207.2538860103627,2669.4300518134714
6.38387463700019,12.848,2.072538860103627,189.98272884283244,2440.8981001727116
6.393952668000566,12.88,1.8998272884283245,189.98272884283244,2446.977547495682
6.404028570001174,12.848,2.072538860103627,207.2538860103627,2662.79792746114
6.414105620000555,12.884,1.8998272884283245,207.2538860103627,2670.259067357513
6.424191615000382,12.852,1.8998272884283245,207.2538860103627,2663.6269430051816
6.434274516001096,12.884,1.8998272884283245,207.2538860103627,2670.259067357513
6.44435501100088,12.856,2.072538860103627,207.2538860103627,2664.455958549223
6.4544300790003035,12.872,2.072538860103627,207.2538860103627,2667.7720207253888
6.464511129001039,12.856,2.072538860103627,189.98272884283244,2442.417962003454
6.474590920000992,12.872,1.8998272884283245,207.2538860103627,2667.7720207253888
6.48467095200067,12.856,2.072538860103627,207.2538860103627,2664.455958549223
6.494746649999797,12.876,2.072538860103627,207.2538860103627,2668.60103626943
6.504822052000236,12.852,2.072538860103627,189.98272884283244,2441.6580310880827
6.514902102000633,12.88,1.8998272884283245,189.98272884283244,2446.977547495682
6.524994355000672,12.852,2.072538860103627,189.98272884283244,2441.6580310880827
6.53507062800054,12.872,1.8998272884283245,189.98272884283244,2445.457685664939
6.545146362999731,12.856,1.8998272884283245,207.2538860103627,2664.455958549223
6.555219894000402,12.872,1.8998272884283245,189.98272884283244,2445.457685664939
6.565292721999867,12.856,2.072538860103627,207.2538860103627,2664.455958549223
6.575368735000666,12.876,1.8998272884283245,207.2538860103627,2668.60103626943
6.585444582000491,12.848,1.8998272884283245,189.98272884283244,2440.8981001727116
6.595520890999978,12.88,2.072538860103627,189.98272884283244,2446.977547495682
6.605599348000396,12.844,1.8998272884283245,189.98272884283244,2440.13816925734
6.615670823999608,12.884,2.072538860103627,207.2538860103627,2670.259067357513
6.625756374000048,12.848,1.8998272884283245,189.98272884283244,2440.8981001727116
6.635837535000974,12.884,1.8998272884283245,189.98272884283244,2447.7374784110534
6.645919863000017,12.852,1.8998272884283245,207.2538860103627,2663.6269430051816
6.655999672000689,12.884,2.072538860103627,207.2538860103627,2670.259067357513
6.666081258999839,12.856,1.8998272884283245,207.2538860103627,2664.455958549223
6.676161494000553,12.872,1.8998272884283245,189.98272884283244,2445.457685664939
6.686242304000189,12.856,1.8998272884283245,207.2538860103627,2664.455958549223
6.696323056999972,12.868,2.072538860103627,189.98272884283244,2444.697754749568
6.706403496000348,12.856,1.8998272884283245,189.98272884283244,2442.417962003454
6.7164830830006395,12.876,2.072538860103627,207.2538860103627,2668.60103626943
6.726572318000763,12.852,2.072538860103627,189.98272884283244,2441.6580310880827
6.736648739000884,12.884,1.8998272884283245,189.98272884283244,2447.7374784110534
6.746724325999821,12.852,1.8998272884283245,207.2538860103627,2663.6269430051816
6.756800598001064,12.876,1.8998272884283245,207.2538860103627,2668.60103626943
6.766876518000572,12.856,1.8998272884283245,207.2538860103627,2664.455958549223
6.7769524390005245,12.872,2.072538860103627,189.98272884283244,2445.457685664939
6.787028156000815,12.852,1.8998272884283245,207.2538860103627,2663.6269430051816
6.797103835000598,12.876,2.072538860103627,189.98272884283244,2446.2176165803103
6.8071795890009525,12.848,1.8998272884283245,189.98272884283244,2440.8981001727116
6.817253158000312,12.884,2.072538860103627,189.98272884283244,2447.7374784110534
6.827337541000816,12.848,2.072538860103627,207.2538860103627,2662.79792746114
6.83741779400043,12.884,1.8998272884283245,189.98272884283244,2447.7374784110534
6.847498474000531,12.848,1.8998272884283245,207.2538860103627,2662.79792746114
6.857581542000844,12.884,2.072538860103627,189.98272884283244,2447.7374784110534
6.86767238900029,12.852,1.8998272884283245,207.2538860103627,2663.6269430051816
6.87775736399999,12.88,2.072538860103627,207.2538860103627,2669.4300518134714
6.887837655000112,12.856,1.8998272884283245,189.98272884283244,2442.417962003454
6.8979191680009535,12.868,2.072538860103627,189.98272884283244,2444.697754749568
6.908000236000589,12.856,2.072538860103627,189.98272884283244,2442.417962003454
6.918077563999759,12.872,2.072538860103627,189.98272884283244,2445.457685664939
6.928257038000083,12.856,2.072538860103627,189.98272884283244,2442.417962003454
6.938335218001157,12.88,1.8998272884283245,189.98272884283244,2446.977547495682
6.948411583000052,12.852,1.8998272884283245,189.98272884283244,2441.6580310880827
6.958489836000808,12.884,2.072538860103627,207.2538860103627,2670.259067357513
6.968561478999618,12.852,1.8998272884283245,207.2538860103627,2663.6269430051816
6.9786400480006705,12.88,2.072538860103627,207.2538860103627,2669.4300518134714
6.988716449999629,12.852,2.072538860103627,207.2538860103627,2663.6269430051816
6.998794129000089,12.876,1.8998272884283245,207.2538860103627,2668.60103626943
7.008870642001057,12.856,1.8998272884283245,189.98272884283244,2442.417962003454
7.018947729000502,12.876,1.8998272884283245,189.98272884283244,2446.2176165803103
7.029033298000286,12.856,1.8998272884283245,189.98272884283244,2442.417962003454
7.03911405100007,12.88,1.8998272884283245,207.2538860103627,2669.4300518134714
7.049193971999557,12.872,1.8998272884283245,189.98272884283244,2445.457685664939
7.059275059000356,12.908,1.8998272884283245,189.98272884283244,2452.297063903281
7.069355738000013,12.876,1.8998272884283245,189.98272884283244,2446.2176165803103
7.079436084999543,12.896,1.8998272884283245,189.98272884283244,2450.017271157167
7.089547134000895,12.868,1.8998272884283245,189.98272884283244,2444.697754749568
7.099627609999516,12.892,2.072538860103627,189.98272884283244,2449.2573402417956
7.109708789001161,12.872,1.8998272884283245,189.98272884283244,2445.457685664939
7.119787265000923,12.884,1.8998272884283245,189.98272884283244,2447.7374784110534
7.129863203999776,12.876,1.8998272884283245,189.98272884283244,2446.2176165803103
7.13994027300032,12.884,1.8998272884283245,189.98272884283244,2447.7374784110534
7.150013304000822,12.88,1.8998272884283245,189.98272884283244,2446.977547495682
7.160086521000267,12.888,1.8998272884283245,189.98272884283244,2448.4974093264245
7.170159108000007,12.876,1.8998272884283245,189.98272884283244,2446.2176165803103
7.180231825001101,12.892,1.8998272884283245,189.98272884283244,2449.2573402417956
7.190305838001223,12.84,2.072538860103627,207.2538860103627,2661.139896373057
7.200378573001217,12.86,1.8998272884283245,189.98272884283244,2443.177892918825
7.2104518830001325,12.852,1.8998272884283245,189.98272884283244,2441.6580310880827
7.220524229000148,12.868,1.8998272884283245,207.2538860103627,2666.943005181347
7.230611463999594,12.86,2.072538860103627,207.2538860103627,2665.2849740932643
7.240688903000773,12.868,1.8998272884283245,207.2538860103627,2666.943005181347
7.250766027000282,12.86,2.072538860103627,189.98272884283244,2443.177892918825
7.260843448000742,12.872,1.8998272884283245,207.2538860103627,2667.7720207253888
7.270919923999827,12.86,1.8998272884283245,207.2538860103627,2665.2849740932643
7.280997195999589,12.872,2.072538860103627,189.98272884283244,2445.457685664939
7.291073783000684,12.86,1.8998272884283245,207.2538860103627,2665.2849740932643
7.3011550000010175,12.872,2.072538860103627,207.2538860103627,2667.7720207253888
7.311236698000357,12.86,2.072538860103627,207.2538860103627,2665.2849740932643
7.321317080999506,12.876,2.072538860103627,207.2538860103627,2668.60103626943
7.331406704999608,12.864,2.072538860103627,207.2538860103627,2666.1139896373056
7.341483292000703,12.864,1.8998272884283245,207.2538860103627,2666.1139896373056
7.351559267999619,12.864,1.8998272884283245,189.98272884283244,2443.9378238341965
7.3616371330008405,12.868,1.8998272884283245,207.2538860103627,2666.943005181347
7.371713219999947,12.864,2.072538860103627,207.2538860103627,2666.1139896373056
7.381789548000597,12.876,1.8998272884283245,207.2538860103627,2668.60103626943
7.391867116000867,12.86,2.072538860103627,207.2538860103627,2665.2849740932643
7.401941240001179,12.876,1.8998272884283245,207.2538860103627,2668.60103626943
7.412014401999841,12.852,1.8998272884283245,189.98272884283244,2441.6580310880827
7.422090563000893,12.872,2.072538860103627,207.2538860103627,2667.7720207253888
7.432214149001084,12.86,1.8998272884283245,189.98272884283244,2443.177892918825
7.442296810000698,12.88,2.072538860103627,189.98272884283244,2446.977547495682
7.452376860001095,12.86,2.072538860103627,189.98272884283244,2443.177892918825
7.462456336001196,12.868,1.8998272884283245,207.2538860103627,2666.943005181347
7.4725372009997955,12.86,1.8998272884283245,189.98272884283244,2443.177892918825
7.482617806001144,12.872,1.8998272884283245,207.2538860103627,2667.7720207253888
7.4926983380009915,12.86,1.8998272884283245,189.98272884283244,2443.177892918825
7.502778998999929,12.868,2.072538860103627,207.2538860103627,2666.943005181347
7.512859586000559,12.86,1.8998272884283245,189.98272884283244,2443.177892918825
7.522939524000321,12.876,1.8998272884283245,189.98272884283244,2446.2176165803103
7.533029037000233,12.856,1.8998272884283245,189.98272884283244,2442.417962003454
7.543105308999657,12.868,1.8998272884283245,207.2538860103627,2666.943005181347
7.553179693000857,12.864,1.8998272884283245,207.2538860103627,2666.1139896373056
7.563254075999794,12.868,1.8998272884283245,207.2538860103627,2666.943005181347
7.573326812000232,12.86,2.072538860103627,207.2538860103627,2665.2849740932643
7.58340323199991,12.872,1.8998272884283245,207.2538860103627,2667.7720207253888
7.593479504001152,12.864,2.072538860103627,189.98272884283244,2443.9378238341965
7.6035552579996875,12.872,2.072538860103627,189.98272884283244,2445.457685664939
7.613632882001184,12.852,2.072538860103627,189.98272884283244,2441.6580310880827
7.623708987999635,12.88,1.8998272884283245,207.2538860103627,2669.4300518134714
7.633795056000963,12.852,2.072538860103627,207.2538860103627,2663.6269430051816
7.643876587000705,12.88,1.8998272884283245,189.98272884283244,2446.977547495682
7.653958711000087,12.856,2.072538860103627,207.2538860103627,2664.455958549223
7.66403898399949,12.88,2.072538860103627,189.98272884283244,2446.977547495682
7.674121404001198,12.86,1.8998272884283245,207.2538860103627,2665.2849740932643
7.684201435000432,12.868,1.8998272884283245,207.2538860103627,2666.943005181347
7.694281670001146,12.86,1.8998272884283245,189.98272884283244,2443.177892918825
7.704361980000613,12.864,2.072538860103627,207.2538860103627,2666.1139896373056
7.714442307000354,12.86,2.072538860103627,189.98272884283244,2443.177892918825
7.724522264999905,12.872,1.8998272884283245,189.98272884283244,2445.457685664939
7.73461205500098,12.856,2.072538860103627,189.98272884283244,2442.417962003454
7.744689160999769,12.876,2.072538860103627,207.2538860103627,2668.60103626943
7.754767340000399,12.86,2.072538860103627,189.98272884283244,2443.177892918825
7.764843057000689,12.872,2.072538860103627,189.98272884283244,2445.457685664939
7.77491695900062,12.864,1.8998272884283245,207.2538860103627,2666.1139896373056
7.7849899909997475,12.868,2.072538860103627,207.2538860103627,2666.943005181347
7.795066355000017,12.86,2.072538860103627,189.98272884283244,2443.177892918825
7.805142109000371,12.872,2.072538860103627,207.2538860103627,2667.7720207253888
7.815215103999435,12.856,2.072538860103627,207.2538860103627,2664.455958549223
7.825287560999641,12.876,2.072538860103627,189.98272884283244,2446.2176165803103
7.835371999999552,12.856,1.8998272884283245,207.2538860103627,2664.455958549223
7.845452976000161,12.876,2.072538860103627,189.98272884283244,2446.2176165803103
7.855533600000854,12.856,1.8998272884283245,189.98272884283244,2442.417962003454
7.865627168001083,12.88,1.8998272884283245,189.98272884283244,2446.977547495682
7.875709810999979,12.856,2.072538860103627,189.98272884283244,2442.417962003454
7.885792916000355,12.88,1.8998272884283245,189.98272884283244,2446.977547495682
7.895873298999504,12.864,1.8998272884283245,189.98272884283244,2443.9378238341965
7.905955090000134,12.864,2.072538860103627,207.2538860103627,2666.1139896373056
7.916035455000383,12.86,1.8998272884283245,189.98272884283244,2443.177892918825
7.926118023000527,12.864,2.072538860103627,207.2538860103627,2666.1139896373056
7.936285441999644,12.86,1.8998272884283245,207.2538860103627,2665.2849740932643
7.946364250999977,12.876,2.072538860103627,189.98272884283244,2446.2176165803103
7.956440875001135,12.856,2.072538860103627,207.2538860103627,2664.455958549223
7.966518888000792,12.88,1.8998272884283245,207.2538860103627,2669.4300518134714
7.976594957000998,12.856,1.8998272884283245,189.98272884283244,2442.417962003454
7.9866719330002525,12.872,1.8998272884283245,189.98272884283244,2445.457685664939
7.996748278999803,12.86,2.072538860103627,207.2538860103627,2665.2849740932643
8.006826236000052,12.872,1.8998272884283245,207.2538860103627,2667.7720207253888
8.01690202700047,12.856,2.072538860103627,207.2538860103627,2664.455958549223
8.026978633000908,12.872,1.8998272884283245,189.98272884283244,2445.457685664939
8.03706442300063,12.86,1.8998272884283245,189.98272884283244,2443.177892918825
8.047145751001153,12.872,2.072538860103627,207.2538860103627,2667.7720207253888
8.057225911999922,12.86,2.072538860103627,189.98272884283244,2443.177892918825
8.067306647000805,12.876,1.8998272884283245,207.2538860103627,2668.60103626943
8.077387770999849,12.856,1.8998272884283245,189.98272884283244,2442.417962003454
8.087468432000605,12.88,1.8998272884283245,207.2538860103627,2669.4300518134714
8.097550055999818,12.852,2.072538860103627,189.98272884283244,2441.6580310880827
8.107630254000469,12.876,1.8998272884283245,207.2538860103627,2668.60103626943
8.11770728600095,12.86,2.072538860103627,189.98272884283244,2443.177892918825
8.1277876690001,12.864,1.8998272884283245,207.2538860103627,2666.1139896373056
8.1378825339998,12.86,2.072538860103627,207.2538860103627,2665.2849740932643
8.147956435001106,12.868,2.072538860103627,189.98272884283244,2444.697754749568
8.15802954100036,12.864,2.072538860103627,207.2538860103627,2666.1139896373056
8.168105701999593,12.876,1.8998272884283245,207.2538860103627,2668.60103626943
8.178183289001026,12.856,2.072538860103627,207.2538860103627,2664.455958549223
8.188256673000069,12.88,1.8998272884283245,207.2538860103627,2669.4300518134714
8.198329463000846,12.856,2.072538860103627,207.2538860103627,2664.455958549223
8.208402976999423,12.872,1.8998272884283245,207.2538860103627,2667.7720207253888
8.218475453000792,12.856,1.8998272884283245,207.2538860103627,2664.455958549223
8.228552003000004,12.872,1.8998272884283245,189.98272884283244,2445.457685664939
8.238638885999535,12.856,1.8998272884283245,207.2538860103627,2664.455958549223
8.24872006500118,12.872,2.072538860103627,189.98272884283244,2445.457685664939
8.258801207999568,12.86,1.8998272884283245,189.98272884283244,2443.177892918825
8.268878258000768,12.876,1.8998272884283245,189.98272884283244,2446.2176165803103
8.278959567000129,12.86,1.8998272884283245,189.98272884283244,2443.177892918825
8.289036838999891,12.88,2.072538860103627,207.2538860103627,2669.4300518134714
8.299117296999611,12.856,1.8998272884283245,207.2538860103627,2664.455958549223
8.309198032000495,12.876,1.8998272884283245,207.2538860103627,2668.60103626943
8.31927876699956,12.856,1.8998272884283245,207.2538860103627,2664.455958549223
8.329358909000803,12.872,1.8998272884283245,189.98272884283244,2445.457685664939
8.3394492919997,12.86,1.8998272884283245,189.98272884283244,2443.177892918825
8.34952741699999,12.868,1.8998272884283245,207.2538860103627,2666.943005181347
8.35960376299954,12.86,2.072538860103627,189.98272884283244,2443.177892918825
8.3696814240011,12.872,1.8998272884283245,189.98272884283244,2445.457685664939
8.379757381000672,12.86,2.072538860103627,207.2538860103627,2665.2849740932643
8.389834486999462,12.876,1.8998272884283245,189.98272884283244,2446.2176165803103
8.399910740999985,12.856,2.072538860103627,189.98272884283244,2442.417962003454
8.409988401999726,12.88,2.072538860103627,207.2538860103627,2669.4300518134714
8.420065043999784,12.852,1.8998272884283245,189.98272884283244,2441.6580310880827
8.430142798000816,12.876,1.8998272884283245,189.98272884283244,2446.2176165803103
8.440228663001108,12.852,2.072538860103627,189.98272884283244,2441.6580310880827
8.450311250000595,12.88,1.8998272884283245,207.2538860103627,2669.4300518134714
8.460392040000443,12.86,2.072538860103627,189.98272884283244,2443.177892918825
8.470469830999718,12.872,1.8998272884283245,207.2538860103627,2667.7720207253888
8.480546713999502,12.856,1.8998272884283245,207.2538860103627,2664.455958549223
8.490627541999856,12.872,2.072538860103627,189.98272884283244,2445.457685664939
8.500704222000422,12.856,2.072538860103627,189.98272884283244,2442.417962003454
8.51078549399972,12.876,2.072538860103627,207.2538860103627,2668.60103626943
8.520865951000815,12.852,1.8998272884283245,189.98272884283244,2441.6580310880827
8.530946094000683,12.904,1.8998272884283245,189.98272884283244,2451.53713298791
8.541036013999474,12.88,1.8998272884283245,189.98272884283244,2446.977547495682
8.551110563999828,12.884,1.8998272884283245,189.98272884283244,2447.7374784110534
8.56118357699961,12.88,1.8998272884283245,189.98272884283244,2446.977547495682
8.571259368000028,12.88,1.8998272884283245,189.98272884283244,2446.977547495682
8.581335344000763,12.88,2.072538860103627,189.98272884283244,2446.977547495682
8.59141165300025,12.884,1.8998272884283245,172.71157167530222,2225.215889464594
8.601483648000794,12.88,1.8998272884283245,189.98272884283244,2446.977547495682
8.611560272000133,12.884,1.8998272884283245,189.98272884283244,2447.7374784110534
8.621638192000319,12.876,1.8998272884283245,189.98272884283244,2446.2176165803103
8.631713963999573,12.884,1.8998272884283245,189.98272884283244,2447.7374784110534
8.641799496001113,12.872,1.8998272884283245,189.98272884283244,2445.457685664939
8.651876805000938,12.868,1.7271157167530224,189.98272884283244,2444.697754749568
8.661951707001208,12.852,2.072538860103627,207.2538860103627,2663.6269430051816
8.672032979000505,12.856,1.8998272884283245,207.2538860103627,2664.455958549223
8.682109714000035,12.868,1.8998272884283245,207.2538860103627,2666.943005181347
8.692190357000072,12.86,2.072538860103627,189.98272884283244,2443.177892918825
8.702271461999771,12.868,1.8998272884283245,207.2538860103627,2666.943005181347
8.712352030001057,12.864,1.8998272884283245,207.2538860103627,2666.1139896373056
8.722432340000523,12.864,2.072538860103627,189.98272884283244,2443.9378238341965
8.732512427000984,12.864,1.8998272884283245,207.2538860103627,2666.1139896373056
8.742602143000113,12.864,1.8998272884283245,189.98272884283244,2443.9378238341965
8.752678749000552,12.868,1.8998272884283245,189.98272884283244,2444.697754749568
8.762754188001054,12.864,2.072538860103627,207.2538860103627,2666.1139896373056
8.772830108000562,12.856,2.072538860103627,189.98272884283244,2442.417962003454
8.782906546999584,12.868,1.8998272884283245,189.98272884283244,2444.697754749568
8.7929827629996,12.86,2.072538860103627,207.2538860103627,2665.2849740932643
8.80305777600006,12.868,2.072538860103627,189.98272884283244,2444.697754749568
8.813130677999652,12.864,1.8998272884283245,207.2538860103627,2666.1139896373056
8.823203932000979,12.864,2.072538860103627,207.2538860103627,2666.1139896373056
8.833281111999895,12.868,2.072538860103627,189.98272884283244,2444.697754749568
8.843365180000546,12.856,2.072538860103627,189.98272884283244,2442.417962003454
8.853444860000309,12.872,2.072538860103627,189.98272884283244,2445.457685664939
8.863531316999797,12.856,2.072538860103627,189.98272884283244,2442.417962003454
8.873611978000554,12.872,1.8998272884283245,207.2538860103627,2667.7720207253888
8.883694120000655,12.864,2.072538860103627,207.2538860103627,2666.1139896373056
8.893777799999953,12.86,2.072538860103627,189.98272884283244,2443.177892918825
8.903858609000963,12.868,2.072538860103627,189.98272884283244,2444.697754749568
8.913941325999986,12.86,2.072538860103627,207.2538860103627,2665.2849740932643
8.924021802000425,12.868,2.072538860103627,207.2538860103627,2666.943005181347
8.934104296000442,12.86,1.8998272884283245,207.2538860103627,2665.2849740932643
8.94427325200013,12.864,1.8998272884283245,189.98272884283244,2443.9378238341965
8.954351338999913,12.864,2.072538860103627,189.98272884283244,2443.9378238341965
8.964427721999527,12.864,2.072538860103627,189.98272884283244,2443.9378238341965
8.974506124000982,12.872,1.8998272884283245,207.2538860103627,2667.7720207253888
8.984583100000236,12.864,1.8998272884283245,189.98272884283244,2443.9378238341965
8.994660890000887,12.86,2.072538860103627,189.98272884283244,2443.177892918825
9.004737866000141,12.868,1.8998272884283245,189.98272884283244,2444.697754749568
9.014810341999691,12.86,1.8998272884283245,189.98272884283244,2443.177892918825
9.024886522000088,12.864,1.8998272884283245,189.98272884283244,2443.9378238341965
9.034962331001225,12.864,1.8998272884283245,207.2538860103627,2666.1139896373056
9.045049751000988,12.864,2.072538860103627,207.2538860103627,2666.1139896373056
9.055126727000243,12.868,2.072538860103627,207.2538860103627,2666.943005181347
9.065202537000005,12.86,2.072538860103627,189.98272884283244,2443.177892918825
9.075278567999703,12.872,2.072538860103627,207.2538860103627,2667.7720207253888
9.085354673999973,12.86,1.8998272884283245,189.98272884283244,2443.177892918825
9.095430667999608,12.864,1.8998272884283245,189.98272884283244,2443.9378238341965
9.105506848000005,12.864,1.8998272884283245,207.2538860103627,2666.1139896373056
9.115583453,12.864,2.072538860103627,207.2538860103627,2666.1139896373056
9.125661170000967,12.868,1.8998272884283245,207.2538860103627,2666.943005181347
9.13573722000001,12.856,1.8998272884283245,189.98272884283244,2442.417962003454
9.14580980699975,12.868,2.072538860103627,189.98272884283244,2444.697754749568
9.155890838001142,12.86,1.8998272884283245,207.2538860103627,2665.2849740932643
9.165973944000143,12.864,2.072538860103627,207.2538860103627,2666.1139896373056
9.176054048999504,12.868,1.8998272884283245,189.98272884283244,2444.697754749568
9.186134747000324,12.864,2.072538860103627,189.98272884283244,2443.9378238341965
9.196211353000763,12.872,1.8998272884283245,189.98272884283244,2445.457685664939
9.206291458000123,12.864,2.072538860103627,189.98272884283244,2443.9378238341965
9.216371526999865,12.876,2.072538860103627,207.2538860103627,2668.60103626943
9.226448392000748,12.864,1.8998272884283245,189.98272884283244,2443.9378238341965
9.236528941999495,12.864,2.072538860103627,189.98272884283244,2443.9378238341965
9.246605714000907,12.86,1.8998272884283245,189.98272884283244,2443.177892918825
9.25668381899959,12.864,2.072538860103627,207.2538860103627,2666.1139896373056
9.266757351000706,12.864,1.8998272884283245,189.98272884283244,2443.9378238341965
9.276833863999855,12.872,2.072538860103627,207.2538860103627,2667.7720207253888
9.286910746999638,12.864,2.072538860103627,189.98272884283244,2443.9378238341965
9.296986612000183,12.872,2.072538860103627,189.98272884283244,2445.457685664939
9.307062792000579,12.864,1.8998272884283245,189.98272884283244,2443.9378238341965
9.317138360000172,12.864,1.8998272884283245,207.2538860103627,2666.1139896373056
9.327214668999659,12.868,2.072538860103627,207.2538860103627,2666.943005181347
9.337290941999527,12.86,2.072538860103627,207.2538860103627,2665.2849740932643
9.3473746210002,12.868,1.8998272884283245,189.98272884283244,2444.697754749568
9.357455375000427,12.852,2.072538860103627,207.2538860103627,2663.6269430051816
9.367535720999513,12.868,1.8998272884283245,207.2538860103627,2666.943005181347
9.37761758600027,12.864,2.072538860103627,207.2538860103627,2666.1139896373056
9.387699154000074,12.864,2.072538860103627,189.98272884283244,2443.9378238341965
9.397781351999583,12.872,1.8998272884283245,207.2538860103627,2667.7720207253888
9.407858513000974,12.864,2.072538860103627,189.98272884283244,2443.9378238341965
9.41793426699951,12.876,1.8998272884283245,207.2538860103627,2668.60103626943
9.428010872999948,12.864,2.072538860103627,207.2538860103627,2666.1139896373056
9.438093218999711,12.876,2.072538860103627,207.2538860103627,2668.60103626943
9.448184991000744,12.86,2.072538860103627,189.98272884283244,2443.177892918825
9.458263059001183,12.864,2.072538860103627,207.2538860103627,2666.1139896373056
9.468338738999591,12.864,2.072538860103627,189.98272884283244,2443.9378238341965
9.478415604000475,12.868,1.8998272884283245,207.2538860103627,2666.943005181347
9.488491117001104,12.868,2.072538860103627,207.2538860103627,2666.943005181347
9.49856709300002,12.872,1.8998272884283245,207.2538860103627,2667.7720207253888
9.508642975999464,12.864,2.072538860103627,207.2538860103627,2666.1139896373056
9.518720193000263,12.872,2.072538860103627,207.2538860103627,2667.7720207253888
9.528792335000617,12.872,1.8998272884283245,207.2538860103627,2667.7720207253888
9.538867515000675,12.872,1.8998272884283245,189.98272884283244,2445.457685664939
9.548949805999655,12.876,1.8998272884283245,189.98272884283244,2446.2176165803103
9.55902650400094,12.86,2.072538860103627,189.98272884283244,2443.177892918825
9.569103313000596,12.872,2.072538860103627,207.2538860103627,2667.7720207253888
9.579179825999745,12.86,1.8998272884283245,207.2538860103627,2665.2849740932643
9.589260450000438,12.872,1.8998272884283245,207.2538860103627,2667.7720207253888
9.599340296001174,12.868,1.8998272884283245,189.98272884283244,2444.697754749568
9.609420586999477,12.872,1.8998272884283245,189.98272884283244,2445.457685664939
9.619497211000635,12.876,1.8998272884283245,207.2538860103627,2668.60103626943
9.629579835000186,12.868,1.8998272884283245,207.2538860103627,2666.943005181347
9.639660644001196,12.876,2.072538860103627,189.98272884283244,2446.2176165803103
9.649752749000982,12.868,1.8998272884283245,207.2538860103627,2666.943005181347
9.659825929000363,12.872,1.8998272884283245,189.98272884283244,2445.457685664939
9.669902812000146,12.876,1.8998272884283245,189.98272884283244,2446.2176165803103
9.679979231999823,12.864,1.8998272884283245,189.98272884283244,2443.9378238341965
9.690055171000495,12.872,1.8998272884283245,189.98272884283244,2445.457685664939
9.700132498999665,12.868,1.8998272884283245,207.2538860103627,2666.943005181347
9.710210123001161,12.872,2.072538860103627,207.2538860103627,2667.7720207253888
9.720285858000352,12.872,1.8998272884283245,189.98272884283244,2445.457685664939
9.730363168000622,12.872,1.8998272884283245,189.98272884283244,2445.457685664939
9.740439180999601,12.876,2.072538860103627,189.98272884283244,2446.2176165803103
9.750524803999724,12.9,2.072538860103627,189.98272884283244,2450.777202072539
9.760605502000544,12.884,1.8998272884283245,189.98272884283244,2447.7374784110534
9.770685682000476,12.892,1.8998272884283245,189.98272884283244,2449.2573402417956
9.780766342999414,12.872,1.8998272884283245,189.98272884283244,2445.457685664939
9.790846318999684,12.896,1.8998272884283245,189.98272884283244,2450.017271157167
9.800926313000673,12.872,1.7271157167530224,189.98272884283244,2445.457685664939
9.811006547999568,12.896,1.8998272884283245,189.98272884283244,2450.017271157167
9.821082561000367,12.872,1.8998272884283245,189.98272884283244,2445.457685664939
9.831159647999812,12.896,1.8998272884283245,189.98272884283244,2450.017271157167
9.841240568999638,12.876,1.8998272884283245,189.98272884283244,2446.2176165803103
9.851330600000438,12.888,1.8998272884283245,189.98272884283244,2448.4974093264245
9.86140703899946,12.876,1.8998272884283245,172.71157167530222,2223.8341968911914
9.871485773999666,12.864,2.072538860103627,207.2538860103627,2666.1139896373056
9.881543917001181,12.844,1.8998272884283245,189.98272884283244,2440.13816925734
9.891620967000563,12.88,2.072538860103627,189.98272884283244,2446.977547495682
9.901698294001108,12.852,2.072538860103627,207.2538860103627,2663.6269430051816
9.911795658999836,12.884,1.8998272884283245,189.98272884283244,2447.7374784110534
9.921876227001121,12.86,1.8998272884283245,189.98272884283244,2443.177892918825
9.93195335100063,12.88,1.8998272884283245,189.98272884283244,2446.977547495682
9.942032382999969,12.86,1.8998272884283245,207.2538860103627,2665.2849740932643
9.952180820000649,12.88,2.072538860103627,189.98272884283244,2446.977547495682
9.962264944000708,12.852,1.8998272884283245,189.98272884283244,2441.6580310880827
9.972346753000238,12.88,2.072538860103627,207.2538860103627,2669.4300518134714
9.982428340001206,12.86,1.8998272884283245,207.2538860103627,2665.2849740932643
9.992510112000673,12.884,1.8998272884283245,189.98272884283244,2447.7374784110534
10.002590514000985,12.86,1.8998272884283245,189.98272884283244,2443.177892918825
10.012671767999564,12.888,1.8998272884283245,207.2538860103627,2671.0880829015546
10.022752947001209,12.852,1.8998272884283245,189.98272884283244,2441.6580310880827
10.032834219000506,12.888,1.8998272884283245,189.98272884283244,2448.4974093264245
10.04291495399957,12.852,2.072538860103627,207.2538860103627,2663.6269430051816
10.053006744999948,12.88,1.8998272884283245,189.98272884283244,2446.977547495682
10.063084184001127,12.86,2.072538860103627,207.2538860103627,2665.2849740932643
10.073161436999726,12.876,2.072538860103627,189.98272884283244,2446.2176165803103
10.083237617000123,12.86,1.8998272884283245,189.98272884283244,2443.177892918825
10.093313962999673,12.88,1.8998272884283245,189.98272884283244,2446.977547495682
10.103390643000239,12.852,1.8998272884283245,189.98272884283244,2441.6580310880827
10.113466341001185,12.888,1.8998272884283245,189.98272884283244,2448.4974093264245
10.123542446999636,12.852,1.8998272884283245,189.98272884283244,2441.6580310880827
10.13362049600073,12.888,2.072538860103627,189.98272884283244,2448.4974093264245
10.143697658000747,12.852,2.072538860103627,207.2538860103627,2663.6269430051816
10.153786873999707,12.888,1.8998272884283245,189.98272884283244,2448.4974093264245
10.163868683001056,12.852,1.8998272884283245,189.98272884283244,2441.6580310880827
10.173951676999422,12.888,1.8998272884283245,189.98272884283244,2448.4974093264245
10.184033282999735,12.856,1.8998272884283245,189.98272884283244,2442.417962003454
10.194114072999582,12.884,1.8998272884283245,189.98272884283244,2447.7374784110534
10.204195123000318,12.856,1.8998272884283245,207.2538860103627,2664.455958549223
10.214276357999552,12.884,2.072538860103627,189.98272884283244,2447.7374784110534
10.224357242001133,12.86,1.8998272884283245,189.98272884283244,2443.177892918825
10.23443719900024,12.888,2.072538860103627,189.98272884283244,2448.4974093264245
10.244516008000573,12.848,1.8998272884283245,207.2538860103627,2662.79792746114
10.25460820599983,12.884,1.8998272884283245,207.2538860103627,2670.259067357513
10.264689719000671,12.852,2.072538860103627,189.98272884283244,2441.6580310880827
10.27477143500073,12.884,2.072538860103627,189.98272884283244,2447.7374784110534
10.28485239300062,12.856,2.072538860103627,207.2538860103627,2664.455958549223
10.294933498000319,12.88,1.8998272884283245,189.98272884283244,2446.977547495682
10.305014769999616,12.86,1.8998272884283245,189.98272884283244,2443.177892918825
10.315095727999505,12.88,1.8998272884283245,189.98272884283244,2446.977547495682
10.325176833001024,12.86,1.8998272884283245,189.98272884283244,2443.177892918825
10.335257920000004,12.888,1.8998272884283245,207.2538860103627,2671.0880829015546
10.345339044000866,12.852,2.072538860103627,207.2538860103627,2663.6269430051816
10.355445686000166,12.888,1.8998272884283245,189.98272884283244,2448.4974093264245
10.365528014001029,12.844,1.8998272884283245,189.98272884283244,2440.13816925734
10.375609119000728,12.892,1.8998272884283245,189.98272884283244,2449.2573402417956
10.38569183599975,12.848,1.8998272884283245,189.98272884283244,2440.8981001727116
10.395772793001015,12.888,1.8998272884283245,189.98272884283244,2448.4974093264245
10.405854991000524,12.852,2.072538860103627,189.98272884283244,2441.6580310880827
10.41593531900071,12.88,2.072538860103627,189.98272884283244,2446.977547495682
10.426019443000769,12.856,2.072538860103627,189.98272884283244,2442.417962003454
10.436100640999939,12.88,1.8998272884283245,207.2538860103627,2669.4300518134714
10.446182282999871,12.856,2.072538860103627,189.98272884283244,2442.417962003454
10.456288518000292,12.88,2.072538860103627,207.2538860103627,2669.4300518134714
10.466370549000203,12.852,1.8998272884283245,189.98272884283244,2441.6580310880827
10.476451542999712,12.88,2.072538860103627,189.98272884283244,2446.977547495682
10.48653240800013,12.852,2.072538860103627,189.98272884283244,2441.6580310880827
10.496613347000675,12.888,2.072538860103627,189.98272884283244,2448.4974093264245
10.506694730000163,12.852,1.8998272884283245,207.2538860103627,2663.6269430051816
10.516775595000581,12.888,1.8998272884283245,189.98272884283244,2448.4974093264245
10.526856329999646,12.856,2.072538860103627,189.98272884283244,2442.417962003454
10.536936880000212,12.88,1.8998272884283245,189.98272884283244,2446.977547495682
10.547016300000905,12.856,1.8998272884283245,189.98272884283244,2442.417962003454
10.557122275000438,12.88,1.8998272884283245,189.98272884283244,2446.977547495682
10.56720365900037,12.852,1.8998272884283245,189.98272884283244,2441.6580310880827
10.577284689999942,12.888,1.8998272884283245,189.98272884283244,2448.4974093264245
10.587364295999578,12.848,1.8998272884283245,189.98272884283244,2440.8981001727116
10.597444881999763,12.888,1.8998272884283245,189.98272884283244,2448.4974093264245
10.607526173000224,12.852,1.8998272884283245,189.98272884283244,2441.6580310880827
10.617609111999627,12.888,2.072538860103627,189.98272884283244,2448.4974093264245
10.627690290999453,12.856,2.072538860103627,207.2538860103627,2664.455958549223
10.637772730000506,12.88,1.8998272884283245,189.98272884283244,2446.977547495682
10.647853484000734,12.86,1.8998272884283245,189.98272884283244,2443.177892918825
10.657944533000773,12.88,1.8998272884283245,189.98272884283244,2446.977547495682
10.668025434999436,12.86,2.072538860103627,207.2538860103627,2665.2849740932643
10.678108615000383,12.876,1.8998272884283245,207.2538860103627,2668.60103626943
10.688189386999511,12.856,1.8998272884283245,189.98272884283244,2442.417962003454
10.69826977000048,12.884,2.072538860103627,189.98272884283244,2447.7374784110534
10.708350689999861,12.852,2.072538860103627,189.98272884283244,2441.6580310880827
10.718431518000216,12.888,1.8998272884283245,189.98272884283244,2448.4974093264245
10.72851165999964,12.856,1.8998272884283245,207.2538860103627,2664.455958549223
10.738591581000946,12.888,1.8998272884283245,207.2538860103627,2671.0880829015546
10.748671815999842,12.86,1.8998272884283245,189.98272884283244,2443.177892918825
10.758760865001022,12.88,2.072538860103627,207.2538860103627,2669.4300518134714
10.768841488999897,12.856,1.8998272884283245,207.2538860103627,2664.455958549223
10.778922168999998,12.88,1.8998272884283245,207.2538860103627,2669.4300518134714
10.789002941000945,12.856,2.072538860103627,189.98272884283244,2442.417962003454
10.799083232001067,12.884,1.8998272884283245,189.98272884283244,2447.7374784110534
10.809163189000174,12.852,1.8998272884283245,189.98272884283244,2441.6580310880827
10.819243830999767,12.888,2.072538860103627,189.98272884283244,2448.4974093264245
10.829323918000227,12.852,2.072538860103627,189.98272884283244,2441.6580310880827
10.839404227001069,12.888,1.8998272884283245,207.2538860103627,2671.0880829015546
10.8494844249999,12.856,1.8998272884283245,189.98272884283244,2442.417962003454
10.859590623000258,12.884,1.8998272884283245,189.98272884283244,2447.7374784110534
10.869678062001185,12.86,1.8998272884283245,189.98272884283244,2443.177892918825
10.879758371000207,12.872,1.8998272884283245,207.2538860103627,2667.7720207253888
10.889840957999695,12.864,1.8998272884283245,207.2538860103627,2666.1139896373056
10.899921452000854,12.876,1.8998272884283245,189.98272884283244,2446.2176165803103
10.910003742999834,12.86,1.8998272884283245,189.98272884283244,2443.177892918825
10.920084180999766,12.884,2.072538860103627,207.2538860103627,2670.259067357513
10.93017058300029,12.856,1.8998272884283245,189.98272884283244,2442.417962003454
10.94025007700111,12.888,1.8998272884283245,207.2538860103627,2671.0880829015546
10.95033055299973,12.856,1.8998272884283245,207.2538860103627,2664.455958549223
10.960496861000138,12.884,2.072538860103627,207.2538860103627,2670.259067357513
10.97057426200081,12.856,1.8998272884283245,189.98272884283244,2442.417962003454
10.980651275000127,12.876,1.8998272884283245,189.98272884283244,2446.2176165803103
10.990729511000609,12.856,2.072538860103627,207.2538860103627,2664.455958549223
11.000806246000138,12.876,1.8998272884283245,189.98272884283244,2446.2176165803103
11.010883203000049,12.86,1.8998272884283245,189.98272884283244,2443.177892918825
11.020959846000551,12.884,1.8998272884283245,189.98272884283244,2447.7374784110534
11.031036321001011,12.856,1.8998272884283245,189.98272884283244,2442.417962003454
11.04111281599944,12.884,1.8998272884283245,189.98272884283244,2447.7374784110534
11.051189366000472,12.856,1.8998272884283245,189.98272884283244,2442.417962003454
11.06127023100089,12.884,2.072538860103627,189.98272884283244,2447.7374784110534
11.071351651000441,12.856,1.8998272884283245,189.98272884283244,2442.417962003454
11.081432848999611,12.88,2.072538860103627,189.98272884283244,2446.977547495682
11.091514416999416,12.86,1.8998272884283245,189.98272884283244,2443.177892918825
11.101597634000427,12.872,1.8998272884283245,207.2538860103627,2667.7720207253888
11.111678961000507,12.86,2.072538860103627,189.98272884283244,2443.177892918825
11.12176117800118,12.872,2.072538860103627,207.2538860103627,2667.7720207253888
11.131842431001132,12.864,1.8998272884283245,189.98272884283244,2443.9378238341965
11.14192477799952,12.876,2.072538860103627,189.98272884283244,2446.2176165803103
11.15200536500015,12.86,2.072538860103627,189.98272884283244,2443.177892918825
11.162084302999574,12.884,1.8998272884283245,189.98272884283244,2447.7374784110534
11.172161557000436,12.856,1.8998272884283245,207.2538860103627,2664.455958549223
11.182240218000516,12.884,2.072538860103627,189.98272884283244,2447.7374784110534
11.192316157001187,12.856,1.8998272884283245,189.98272884283244,2442.417962003454
11.202391947999786,12.876,1.8998272884283245,189.98272884283244,2446.2176165803103
11.212468498000817,12.864,2.072538860103627,189.98272884283244,2443.9378238341965
11.222544844000367,12.872,1.8998272884283245,207.2538860103627,2667.7720207253888
11.232619911999791,12.86,1.8998272884283245,189.98272884283244,2443.177892918825
11.242697572999532,12.88,1.8998272884283245,207.2538860103627,2669.4300518134714
11.252773309000986,12.86,2.072538860103627,189.98272884283244,2443.177892918825
11.26285963600094,12.884,1.8998272884283245,189.98272884283244,2447.7374784110534
11.272941037999772,12.856,2.072538860103627,189.98272884283244,2442.417962003454
11.283017994999682,12.876,2.072538860103627,207.2538860103627,2668.60103626943
11.293097711999508,12.86,2.072538860103627,207.2538860103627,2665.2849740932643
11.303178410000328,12.88,2.072538860103627,189.98272884283244,2446.977547495682
11.313259792999816,12.864,1.8998272884283245,189.98272884283244,2443.9378238341965
11.323340860999451,12.868,2.072538860103627,189.98272884283244,2444.697754749568
11.333422040999722,12.868,1.8998272884283245,207.2538860103627,2666.943005181347
11.343502998000986,12.872,1.8998272884283245,189.98272884283244,2445.457685664939
11.353586066999924,12.864,1.8998272884283245,189.98272884283244,2443.9378238341965
11.363675820000935,12.876,1.8998272884283245,207.2538860103627,2668.60103626943
11.373758333000296,12.86,1.8998272884283245,189.98272884283244,2443.177892918825
11.383838883000863,12.88,1.8998272884283245,189.98272884283244,2446.977547495682
11.393921746999695,12.852,1.8998272884283245,207.2538860103627,2663.6269430051816
11.404002389999732,12.88,1.8998272884283245,189.98272884283244,2446.977547495682
11.414083199000743,12.864,2.072538860103627,189.98272884283244,2443.9378238341965
11.424162729999807,12.88,1.8998272884283245,207.2538860103627,2669.4300518134714
11.43424444700031,12.864,2.072538860103627,207.2538860103627,2666.1139896373056
11.444325403999756,12.872,1.8998272884283245,189.98272884283244,2445.457685664939
11.454405935999603,12.868,1.8998272884283245,189.98272884283244,2444.697754749568
11.464513058999728,12.872,1.8998272884283245,207.2538860103627,2667.7720207253888
11.474593757000548,12.868,1.8998272884283245,207.2538860103627,2666.943005181347
11.484674417999486,12.872,2.072538860103627,207.2538860103627,2667.7720207253888
11.49475515300037,12.864,1.8998272884283245,207.2538860103627,2666.1139896373056
11.50483594400066,12.88,1.8998272884283245,189.98272884283244,2446.977547495682
11.514916697000444,12.864,1.8998272884283245,189.98272884283244,2443.9378238341965
11.524997451000672,12.876,1.8998272884283245,189.98272884283244,2446.2176165803103
11.535077667000223,12.868,1.8998272884283245,189.98272884283244,2444.697754749568
11.54515808799988,12.88,2.072538860103627,189.98272884283244,2446.977547495682
11.555238712000573,12.872,1.8998272884283245,189.98272884283244,2445.457685664939
11.565342039000825,12.868,2.072538860103627,189.98272884283244,2444.697754749568
11.575418181000714,12.868,1.8998272884283245,207.2538860103627,2666.943005181347
11.585497490999842,12.872,1.8998272884283245,189.98272884283244,2445.457685664939
11.595578837001085,12.864,1.8998272884283245,207.2538860103627,2666.1139896373056
11.605661850000615,12.876,2.072538860103627,189.98272884283244,2446.2176165803103
11.615742455000145,12.864,2.072538860103627,207.2538860103627,2666.1139896373056
11.625824837999971,12.88,1.8998272884283245,189.98272884283244,2446.977547495682
11.635905166000157,12.864,2.072538860103627,207.2538860103627,2666.1139896373056
11.645987308000258,12.88,1.8998272884283245,207.2538860103627,2669.4300518134714
11.656067562000317,12.872,1.8998272884283245,189.98272884283244,2445.457685664939
11.666171056000167,12.868,2.072538860103627,189.98272884283244,2444.697754749568
11.676251660999696,12.872,1.8998272884283245,189.98272884283244,2445.457685664939
11.686333155001194,12.86,1.8998272884283245,189.98272884283244,2443.177892918825
11.696413927000322,12.872,2.072538860103627,207.2538860103627,2667.7720207253888
11.706494273999851,12.864,1.8998272884283245,189.98272884283244,2443.9378238341965
11.716574805001073,12.868,1.8998272884283245,189.98272884283244,2444.697754749568
11.726655614000265,12.872,1.8998272884283245,189.98272884283244,2445.457685664939
11.736731868000788,12.864,1.8998272884283245,207.2538860103627,2666.1139896373056
11.746812417999536,12.876,1.8998272884283245,207.2538860103627,2668.60103626943
11.75689265300025,12.872,1.8998272884283245,189.98272884283244,2445.457685664939
11.766982516999633,12.876,1.8998272884283245,189.98272884283244,2446.2176165803103
11.777063733999967,12.872,1.8998272884283245,207.2538860103627,2667.7720207253888
11.787144412999623,12.864,1.8998272884283245,189.98272884283244,2443.9378238341965
11.797225278000042,12.868,1.8998272884283245,189.98272884283244,2444.697754749568
11.80730505000065,12.864,1.8998272884283245,189.98272884283244,2443.9378238341965
11.817384691999905,12.868,1.8998272884283245,207.2538860103627,2666.943005181347
11.827465760999985,12.872,1.8998272884283245,189.98272884283244,2445.457685664939
11.837548606999917,12.868,1.8998272884283245,189.98272884283244,2444.697754749568
11.847629861000314,12.872,1.8998272884283245,189.98272884283244,2445.457685664939
11.857712114000606,12.868,1.8998272884283245,189.98272884283244,2444.697754749568
11.867834737000521,12.876,2.072538860103627,189.98272884283244,2446.2176165803103
11.877918009000496,12.872,1.8998272884283245,189.98272884283244,2445.457685664939
11.887999004000449,12.868,1.8998272884283245,189.98272884283244,2444.697754749568
11.898081387000275,12.876,1.8998272884283245,189.98272884283244,2446.2176165803103
11.908162363000883,12.856,1.8998272884283245,189.98272884283244,2442.417962003454
11.918243690000963,12.876,1.8998272884283245,189.98272884283244,2446.2176165803103
11.92832422200081,12.86,1.8998272884283245,207.2538860103627,2665.2849740932643
11.938405049000721,12.876,1.8998272884283245,189.98272884283244,2446.2176165803103
11.948486266001055,12.868,1.8998272884283245,207.2538860103627,2666.943005181347
11.958567371000754,12.872,1.8998272884283245,189.98272884283244,2445.457685664939
11.968724512000335,12.872,1.8998272884283245,189.98272884283244,2445.457685664939
11.978801524999653,12.872,1.8998272884283245,207.2538860103627,2667.7720207253888
11.98887783400096,12.864,2.072538860103627,189.98272884283244,2443.9378238341965
11.998955106000722,12.872,1.8998272884283245,207.2538860103627,2667.7720207253888
12.009032248999574,12.86,1.8998272884283245,189.98272884283244,2443.177892918825
12.019108984000923,12.876,1.8998272884283245,189.98272884283244,2446.2176165803103
12.029184978000558,12.864,1.8998272884283245,207.2538860103627,2666.1139896373056
12.039261547000933,12.876,1.8998272884283245,207.2538860103627,2668.60103626943
12.049338004000674,12.868,2.072538860103627,207.2538860103627,2666.943005181347
12.059414665000077,12.904,1.8998272884283245,189.98272884283244,2451.53713298791
12.069498585000474,12.892,1.8998272884283245,189.98272884283244,2449.2573402417956
12.079579561001083,12.892,1.8998272884283245,189.98272884283244,2449.2573402417956
12.08965879599964,12.876,1.7271157167530224,189.98272884283244,2446.2176165803103
12.099738975999571,12.892,1.8998272884283245,189.98272884283244,2449.2573402417956
12.109818803000962,12.876,1.8998272884283245,189.98272884283244,2446.2176165803103
12.11989785300102,12.896,1.8998272884283245,189.98272884283244,2450.017271157167
12.129979884999557,12.868,1.7271157167530224,189.98272884283244,2444.697754749568
12.140060675001223,12.9,1.8998272884283245,189.98272884283244,2450.777202072539
12.150140224999632,12.868,1.8998272884283245,189.98272884283244,2444.697754749568
12.1602203679995,12.9,1.8998272884283245,189.98272884283244,2450.777202072539
12.170303529001103,12.872,1.8998272884283245,189.98272884283244,2445.457685664939
12.180379171000823,12.872,1.8998272884283245,207.2538860103627,2667.7720207253888
12.190455017000204,12.848,1.8998272884283245,189.98272884283244,2440.8981001727116
12.200530993000939,12.872,1.8998272884283245,207.2538860103627,2667.7720207253888
12.210608395000236,12.852,1.8998272884283245,189.98272884283244,2441.6580310880827
12.220684075000463,12.884,1.8998272884283245,189.98272884283244,2447.7374784110534
12.23075968000012,12.852,1.8998272884283245,189.98272884283244,2441.6580310880827
12.240834878000896,12.884,2.072538860103627,189.98272884283244,2447.7374784110534
12.250911353999982,12.852,1.8998272884283245,189.98272884283244,2441.6580310880827
12.260987662999469,12.888,2.072538860103627,189.98272884283244,2448.4974093264245
12.271074231999592,12.856,1.8998272884283245,207.2538860103627,2664.455958549223
12.281156281000221,12.888,1.8998272884283245,207.2538860103627,2671.0880829015546
12.291237479999836,12.856,1.8998272884283245,189.98272884283244,2442.417962003454
12.301318178000656,12.88,1.8998272884283245,189.98272884283244,2446.977547495682
12.311397856999974,12.856,1.8998272884283245,189.98272884283244,2442.417962003454
12.321478611000202,12.884,2.072538860103627,189.98272884283244,2447.7374784110534
12.331559678999838,12.86,2.072538860103627,207.2538860103627,2665.2849740932643
12.341641970000637,12.888,2.072538860103627,207.2538860103627,2671.0880829015546
12.351722649000294,12.848,1.8998272884283245,189.98272884283244,2440.8981001727116
12.361804440000924,12.888,1.8998272884283245,207.2538860103627,2671.0880829015546
12.371893470999566,12.848,2.072538860103627,189.98272884283244,2440.8981001727116
12.381976724000197,12.888,1.8998272884283245,207.2538860103627,2671.0880829015546
12.392057404000298,12.856,1.8998272884283245,189.98272884283244,2442.417962003454
12.40213711999968,12.88,2.072538860103627,189.98272884283244,2446.977547495682
12.412216873999569,12.86,1.8998272884283245,189.98272884283244,2443.177892918825
12.422296275999543,12.876,1.8998272884283245,189.98272884283244,2446.2176165803103
12.43237717699958,12.856,1.8998272884283245,189.98272884283244,2442.417962003454
12.442457727000146,12.884,1.8998272884283245,189.98272884283244,2447.7374784110534
12.452537925000797,12.86,1.8998272884283245,207.2538860103627,2665.2849740932643
12.46261893799965,12.888,2.072538860103627,189.98272884283244,2448.4974093264245
12.472725247000199,12.848,1.8998272884283245,189.98272884283244,2440.8981001727116
12.482805630001167,12.888,1.8998272884283245,189.98272884283244,2448.4974093264245
12.492885827999999,12.848,2.072538860103627,207.2538860103627,2662.79792746114
12.502966656000353,12.888,1.8998272884283245,189.98272884283244,2448.4974093264245
12.513047780001216,12.848,1.8998272884283245,207.2538860103627,2662.79792746114
12.523127940999984,12.88,2.072538860103627,189.98272884283244,2446.977547495682
12.53320850899945,12.856,2.072538860103627,207.2538860103627,2664.455958549223
12.543289410999932,12.88,1.8998272884283245,207.2538860103627,2669.4300518134714
12.553368757000499,12.856,2.072538860103627,189.98272884283244,2442.417962003454
12.563449381001192,12.888,1.8998272884283245,189.98272884283244,2448.4974093264245
12.57358794799984,12.86,1.8998272884283245,189.98272884283244,2443.177892918825
12.58366985000066,12.888,2.072538860103627,189.98272884283244,2448.4974093264245
12.593752622000466,12.848,1.8998272884283245,189.98272884283244,2440.8981001727116
12.60383356100101,12.884,1.8998272884283245,207.2538860103627,2670.259067357513
12.613916665999568,12.852,2.072538860103627,189.98272884283244,2441.6580310880827
12.623997623000832,12.888,2.072538860103627,189.98272884283244,2448.4974093264245
12.63408022800104,12.856,2.072538860103627,189.98272884283244,2442.417962003454
12.64416131500002,12.88,1.8998272884283245,207.2538860103627,2669.4300518134714
12.654243236000184,12.86,2.072538860103627,207.2538860103627,2665.2849740932643
12.664324729999862,12.88,1.8998272884283245,189.98272884283244,2446.977547495682
12.674416019999626,12.86,1.8998272884283245,189.98272884283244,2443.177892918825
12.684493126000234,12.888,1.8998272884283245,189.98272884283244,2448.4974093264245
12.694565750000038,12.852,2.072538860103627,189.98272884283244,2441.6580310880827
12.704642669999885,12.892,1.8998272884283245,207.2538860103627,2671.917098445596
12.71472109000024,12.848,1.8998272884283245,189.98272884283244,2440.8981001727116
12.72479740000017,12.884,1.8998272884283245,189.98272884283244,2447.7374784110534
12.734874505000334,12.856,2.072538860103627,189.98272884283244,2442.417962003454
12.744951517999652,12.88,1.8998272884283245,189.98272884283244,2446.977547495682
12.755024809001043,12.856,1.8998272884283245,207.2538860103627,2664.455958549223
12.765100746999451,12.884,1.8998272884283245,189.98272884283244,2447.7374784110534
12.775185038000927,12.86,1.8998272884283245,189.98272884283244,2443.177892918825
12.785266254000817,12.884,1.8998272884283245,207.2538860103627,2670.259067357513
12.795346823000727,12.86,1.8998272884283245,189.98272884283244,2443.177892918825
12.80545137199988,12.88,2.072538860103627,189.98272884283244,2446.977547495682
12.815535052000996,12.852,1.8998272884283245,207.2538860103627,2663.6269430051816
12.825616100999468,12.884,2.072538860103627,207.2538860103627,2670.259067357513
12.83569567000086,12.856,1.8998272884283245,189.98272884283244,2442.417962003454
12.84577553500094,12.888,1.8998272884283245,207.2538860103627,2671.0880829015546
12.855855010000596,12.856,2.072538860103627,189.98272884283244,2442.417962003454
12.86595852299979,12.888,1.8998272884283245,189.98272884283244,2448.4974093264245
12.876083350000044,12.86,2.072538860103627,207.2538860103627,2665.2849740932643
12.886167787999511,12.888,1.8998272884283245,189.98272884283244,2448.4974093264245
12.896249301000353,12.888,1.8998272884283245,189.98272884283244,2448.4974093264245
12.906330814001194,12.9,1.8998272884283245,189.98272884283244,2450.777202072539
12.91641297500064,12.872,2.072538860103627,172.71157167530222,2223.14335060449
12.92649430200072,12.9,1.8998272884283245,189.98272884283244,2450.777202072539
12.93657499999972,12.868,1.8998272884283245,172.71157167530222,2222.452504317789
12.946655642999758,12.9,1.8998272884283245,189.98272884283244,2450.777202072539
12.956736747999457,12.872,1.7271157167530224,189.98272884283244,2445.457685664939
12.966818390999833,12.9,1.8998272884283245,189.98272884283244,2450.777202072539
12.976977661001001,12.876,1.8998272884283245,189.98272884283244,2446.2176165803103
12.98705548900034,12.888,1.8998272884283245,189.98272884283244,2448.4974093264245
12.997132427999532,12.88,1.8998272884283245,189.98272884283244,2446.977547495682
13.007208995999463,12.888,1.8998272884283245,189.98272884283244,2448.4974093264245
13.01728550900043,12.86,1.8998272884283245,189.98272884283244,2443.177892918825
13.02736174399979,12.86,1.8998272884283245,189.98272884283244,2443.177892918825
13.037438127001224,12.86,1.8998272884283245,189.98272884283244,2443.177892918825
13.047514751000563,12.88,2.072538860103627,189.98272884283244,2446.977547495682
13.057592653000029,12.864,1.8998272884283245,189.98272884283244,2443.9378238341965
13.067668833000425,12.88,1.8998272884283245,207.2538860103627,2669.4300518134714
13.077754456000548,12.868,1.8998272884283245,189.98272884283244,2444.697754749568
13.087836414000776,12.88,1.8998272884283245,189.98272884283244,2446.977547495682
13.097919519001152,12.868,2.072538860103627,207.2538860103627,2666.943005181347
13.107997180000893,12.872,1.8998272884283245,207.2538860103627,2667.7720207253888
13.11808076700072,12.864,1.8998272884283245,189.98272884283244,2443.9378238341965
13.128161557000567,12.872,1.8998272884283245,207.2538860103627,2667.7720207253888
13.138243643999886,12.864,2.072538860103627,189.98272884283244,2443.9378238341965
13.148324323999987,12.876,1.8998272884283245,189.98272884283244,2446.2176165803103
13.158405280999432,12.864,1.8998272884283245,207.2538860103627,2666.1139896373056
13.16848544200002,12.88,1.8998272884283245,189.98272884283244,2446.977547495682
13.178582677001032,12.86,2.072538860103627,189.98272884283244,2443.177892918825
13.188659245000963,12.872,1.8998272884283245,189.98272884283244,2445.457685664939
13.198735498999667,12.868,1.8998272884283245,189.98272884283244,2444.697754749568
13.208810623000318,12.868,2.072538860103627,189.98272884283244,2444.697754749568
13.218888172999868,12.872,1.8998272884283245,189.98272884283244,2445.457685664939
13.228963834000751,12.864,1.8998272884283245,189.98272884283244,2443.9378238341965
13.239039439000408,12.872,1.8998272884283245,189.98272884283244,2445.457685664939
13.249114063000889,12.872,2.072538860103627,189.98272884283244,2445.457685664939
13.259190058000968,12.868,2.072538860103627,189.98272884283244,2444.697754749568
13.2692666260009,12.872,1.8998272884283245,207.2538860103627,2667.7720207253888
13.279398971000774,12.868,1.8998272884283245,207.2538860103627,2666.943005181347
13.289480372999606,12.876,2.072538860103627,207.2538860103627,2668.60103626943
13.299557812000785,12.868,2.072538860103627,189.98272884283244,2444.697754749568
13.309640638999554,12.876,1.8998272884283245,189.98272884283244,2446.2176165803103
13.319720837000204,12.868,1.8998272884283245,207.2538860103627,2666.943005181347
13.329802128000665,12.868,2.072538860103627,207.2538860103627,2666.943005181347
13.339882584999941,12.868,2.072538860103627,207.2538860103627,2666.943005181347
13.349964061000719,12.864,1.8998272884283245,207.2538860103627,2666.1139896373056
13.360044332999678,12.868,1.8998272884283245,189.98272884283244,2444.697754749568
13.37012595700071,12.868,1.8998272884283245,189.98272884283244,2444.697754749568
13.380215672999839,12.868,1.8998272884283245,189.98272884283244,2444.697754749568
13.390296908000892,12.872,1.8998272884283245,207.2538860103627,2667.7720207253888
13.400378106000062,12.864,1.8998272884283245,189.98272884283244,2443.9378238341965
13.410458489999655,12.868,2.072538860103627,207.2538860103627,2666.943005181347
13.42053774300075,12.868,1.8998272884283245,189.98272884283244,2444.697754749568
13.430618700000196,12.868,2.072538860103627,189.98272884283244,2444.697754749568
13.440700008999556,12.872,1.8998272884283245,207.2538860103627,2667.7720207253888
13.450781133000419,12.86,2.072538860103627,189.98272884283244,2443.177892918825
13.46086183099942,12.876,1.8998272884283245,189.98272884283244,2446.2176165803103
13.470942807000029,12.864,1.8998272884283245,189.98272884283244,2443.9378238341965
13.481046801000048,12.876,2.072538860103627,189.98272884283244,2446.2176165803103
13.491127757999493,12.868,2.072538860103627,189.98272884283244,2444.697754749568
13.50120840099953,12.872,2.072538860103627,189.98272884283244,2445.457685664939
13.511289358000795,12.872,1.8998272884283245,189.98272884283244,2445.457685664939
13.52136968600098,12.864,1.8998272884283245,207.2538860103627,2666.1139896373056
13.531450439000764,12.872,1.8998272884283245,189.98272884283244,2445.457685664939
13.54153067399966,12.868,1.8998272884283245,189.98272884283244,2444.697754749568
13.551610335000078,12.864,1.8998272884283245,207.2538860103627,2666.1139896373056
13.561694199999693,12.872,2.072538860103627,207.2538860103627,2667.7720207253888
13.571775046000766,12.864,2.072538860103627,189.98272884283244,2443.9378238341965
13.58187857700068,12.872,1.8998272884283245,207.2538860103627,2667.7720207253888
13.591959311999744,12.868,1.8998272884283245,189.98272884283244,2444.697754749568
13.60204169499957,12.876,1.8998272884283245,189.98272884283244,2446.2176165803103
13.61212217100001,12.868,2.072538860103627,207.2538860103627,2666.943005181347
13.622198072000174,12.872,1.8998272884283245,189.98272884283244,2445.457685664939
13.632278974000656,12.864,1.8998272884283245,189.98272884283244,2443.9378238341965
13.642358320001222,12.872,1.8998272884283245,207.2538860103627,2667.7720207253888
13.652440036999906,12.868,1.8998272884283245,189.98272884283244,2444.697754749568
13.66252101200007,12.876,2.072538860103627,189.98272884283244,2446.2176165803103
13.672601895999833,12.86,1.8998272884283245,207.2538860103627,2665.2849740932643
13.682691205000083,12.88,2.072538860103627,189.98272884283244,2446.977547495682
13.692771846999676,12.86,1.8998272884283245,189.98272884283244,2443.177892918825
13.70285280400094,12.88,2.072538860103627,189.98272884283244,2446.977547495682
13.712933150000026,12.868,1.8998272884283245,189.98272884283244,2444.697754749568
13.723014219000106,12.876,2.072538860103627,207.2538860103627,2668.60103626943
13.73309445400082,12.868,1.8998272884283245,189.98272884283244,2444.697754749568
13.743175503999737,12.864,2.072538860103627,189.98272884283244,2443.9378238341965
13.753251145999457,12.872,1.8998272884283245,207.2538860103627,2667.7720207253888
13.763331473999642,12.872,1.8998272884283245,189.98272884283244,2445.457685664939
13.773412079000991,12.872,1.8998272884283245,189.98272884283244,2445.457685664939
13.78350118399976,12.876,2.072538860103627,189.98272884283244,2446.2176165803103
13.79358399299963,12.86,2.072538860103627,189.98272884283244,2443.177892918825
13.803664524999476,12.88,2.072538860103627,189.98272884283244,2446.977547495682
13.813744500001121,12.86,1.8998272884283245,189.98272884283244,2443.177892918825
13.823823754000841,12.88,2.072538860103627,189.98272884283244,2446.977547495682
13.833903951999673,12.86,2.072538860103627,189.98272884283244,2443.177892918825
13.843983872000535,12.876,2.072538860103627,189.98272884283244,2446.2176165803103
13.854064569999537,12.864,2.072538860103627,207.2538860103627,2666.1139896373056
13.864165490000232,12.876,1.8998272884283245,207.2538860103627,2668.60103626943
13.874250947001201,12.868,1.8998272884283245,189.98272884283244,2444.697754749568
13.884427217000848,12.876,2.072538860103627,189.98272884283244,2446.2176165803103
13.894504711999616,12.856,2.072538860103627,189.98272884283244,2442.417962003454
13.90458191000107,12.88,1.8998272884283245,189.98272884283244,2446.977547495682
13.914659330001086,12.856,2.072538860103627,189.98272884283244,2442.417962003454
13.924736009999833,12.88,1.8998272884283245,207.2538860103627,2669.4300518134714
13.934812485000293,12.864,1.8998272884283245,189.98272884283244,2443.9378238341965
13.944889034999505,12.876,1.8998272884283245,189.98272884283244,2446.2176165803103
13.95496584400098,12.868,1.8998272884283245,189.98272884283244,2444.697754749568
13.965042431000256,12.876,1.8998272884283245,207.2538860103627,2668.60103626943
13.975118463000399,12.868,1.8998272884283245,189.98272884283244,2444.697754749568
13.985247456001161,12.876,1.8998272884283245,189.98272884283244,2446.2176165803103
13.995329358000163,12.868,1.8998272884283245,207.2538860103627,2666.943005181347
14.005410073999883,12.88,1.8998272884283245,189.98272884283244,2446.977547495682
14.01549060599973,12.864,1.8998272884283245,207.2538860103627,2666.1139896373056
14.025573729000826,12.884,2.072538860103627,189.98272884283244,2447.7374784110534
14.0356543529997,12.848,2.072538860103627,207.2538860103627,2662.79792746114
14.045737070000541,12.884,1.8998272884283245,207.2538860103627,2670.259067357513
14.055817397000283,12.852,2.072538860103627,207.2538860103627,2663.6269430051816
14.0659010950003,12.884,1.8998272884283245,189.98272884283244,2447.7374784110534
14.075981627000147,12.86,2.072538860103627,189.98272884283244,2443.177892918825
14.086072399000841,12.88,2.072538860103627,189.98272884283244,2446.977547495682
14.096153374001005,12.864,2.072538860103627,189.98272884283244,2443.9378238341965
14.106234423999922,12.88,1.8998272884283245,189.98272884283244,2446.977547495682
14.116315344001123,12.864,1.8998272884283245,189.98272884283244,2443.9378238341965
14.126395634999426,12.876,1.8998272884283245,207.2538860103627,2668.60103626943
14.136475629000415,12.856,1.8998272884283245,207.2538860103627,2664.455958549223
14.146556826999586,12.88,1.8998272884283245,189.98272884283244,2446.977547495682
14.15663593300087,12.852,1.8998272884283245,189.98272884283244,2441.6580310880827
14.166715426999872,12.884,2.072538860103627,189.98272884283244,2447.7374784110534
14.176795679999486,12.86,1.8998272884283245,207.2538860103627,2665.2849740932643
14.186943562001034,12.88,1.8998272884283245,189.98272884283244,2446.977547495682
14.197020445000817,12.864,2.072538860103627,189.98272884283244,2443.9378238341965
14.207096144000388,12.88,1.8998272884283245,189.98272884283244,2446.977547495682
14.21717089699996,12.86,1.8998272884283245,189.98272884283244,2443.177892918825
14.227246373000526,12.884,2.072538860103627,189.98272884283244,2447.7374784110534
14.237321996999526,12.852,1.8998272884283245,207.2538860103627,2663.6269430051816
14.247397084000113,12.888,1.8998272884283245,189.98272884283244,2448.4974093264245
14.25747289299943,12.848,1.8998272884283245,207.2538860103627,2662.79792746114
14.26754890600023,12.884,1.8998272884283245,207.2538860103627,2670.259067357513
14.277626252000118,12.856,2.072538860103627,207.2538860103627,2664.455958549223
14.28771041300024,12.884,1.8998272884283245,189.98272884283244,2447.7374784110534
14.297792407000088,12.856,1.8998272884283245,189.98272884283244,2442.417962003454
14.307871938999597,12.88,2.072538860103627,189.98272884283244,2446.977547495682
14.317951211000036,12.86,2.072538860103627,189.98272884283244,2443.177892918825
14.328030390001004,12.88,1.8998272884283245,189.98272884283244,2446.977547495682
14.338113846999477,12.86,2.072538860103627,207.2538860103627,2665.2849740932643
14.348193768000783,12.876,1.8998272884283245,189.98272884283244,2446.2176165803103
14.358274299000186,12.856,1.8998272884283245,189.98272884283244,2442.417962003454
14.36835464500109,12.884,1.8998272884283245,189.98272884283244,2447.7374784110534
14.378435176000494,12.852,1.8998272884283245,189.98272884283244,2441.6580310880827
14.388533892999476,12.884,1.8998272884283245,207.2538860103627,2670.259067357513
14.398615219999556,12.856,1.8998272884283245,189.98272884283244,2442.417962003454
14.408696585000143,12.884,1.8998272884283245,189.98272884283244,2447.7374784110534
14.418776300999525,12.86,1.8998272884283245,189.98272884283244,2443.177892918825
14.428856796001128,12.88,2.072538860103627,189.98272884283244,2446.977547495682
14.438938179000615,12.856,1.8998272884283245,189.98272884283244,2442.417962003454
14.449018692001118,12.88,2.072538860103627,207.2538860103627,2669.4300518134714
14.459097778000796,12.856,1.8998272884283245,207.2538860103627,2664.455958549223
14.469178662000559,12.884,1.8998272884283245,189.98272884283244,2447.7374784110534
14.47925960000066,12.848,1.8998272884283245,189.98272884283244,2440.8981001727116
14.489363779000996,12.888,1.8998272884283245,189.98272884283244,2448.4974093264245
14.499444865999976,12.848,1.8998272884283245,207.2538860103627,2662.79792746114
14.509527657000945,12.888,2.072538860103627,207.2538860103627,2671.0880829015546
14.519608336000601,12.856,1.8998272884283245,189.98272884283244,2442.417962003454
14.529687792999539,12.884,1.8998272884283245,189.98272884283244,2447.7374784110534
14.539767027999915,12.856,2.072538860103627,189.98272884283244,2442.417962003454
14.549849856000947,12.876,2.072538860103627,189.98272884283244,2446.2176165803103
14.559929701999863,12.86,1.8998272884283245,207.2538860103627,2665.2849740932643
14.570013308000853,12.88,2.072538860103627,207.2538860103627,2669.4300518134714
14.580093468000996,12.86,1.8998272884283245,189.98272884283244,2443.177892918825
14.590197629000613,12.888,1.8998272884283245,207.2538860103627,2671.0880829015546
14.6002789940012,12.848,1.8998272884283245,189.98272884283244,2440.8981001727116
14.610359803000392,12.888,2.072538860103627,189.98272884283244,2448.4974093264245
14.620440352000514,12.848,1.8998272884283245,207.2538860103627,2662.79792746114
14.630520699000044,12.884,2.072538860103627,189.98272884283244,2447.7374784110534
14.640601082001012,12.852,2.072538860103627,189.98272884283244,2441.6580310880827
14.650682168999992,12.884,1.8998272884283245,189.98272884283244,2447.7374784110534
14.660762700001214,12.852,2.072538860103627,189.98272884283244,2441.6580310880827
14.670843509000406,12.88,2.072538860103627,172.71157167530222,2224.5250431778927
14.680924725000295,12.856,1.8998272884283245,189.98272884283244,2442.417962003454
14.691014108000672,12.888,1.8998272884283245,189.98272884283244,2448.4974093264245
14.701094731999547,12.86,2.072538860103627,189.98272884283244,2443.177892918825
14.711175689000811,12.892,2.072538860103627,189.98272884283244,2449.2573402417956
14.721256238999558,12.848,1.8998272884283245,207.2538860103627,2662.79792746114
14.731336603999807,12.888,1.8998272884283245,189.98272884283244,2448.4974093264245
14.741413319999992,12.852,2.072538860103627,189.98272884283244,2441.6580310880827
14.751495648000855,12.88,1.8998272884283245,189.98272884283244,2446.977547495682
14.761578363999433,12.856,1.8998272884283245,207.2538860103627,2664.455958549223
14.771658248000676,12.88,2.072538860103627,189.98272884283244,2446.977547495682
14.781737649000206,12.86,1.8998272884283245,189.98272884283244,2443.177892918825
14.791827495000689,12.88,1.8998272884283245,189.98272884283244,2446.977547495682
14.801906082000642,12.856,2.072538860103627,189.98272884283244,2442.417962003454
14.811981836000996,12.888,1.8998272884283245,189.98272884283244,2448.4974093264245
14.822057589000906,12.852,1.8998272884283245,189.98272884283244,2441.6580310880827
14.83213262100071,12.892,2.072538860103627,189.98272884283244,2449.2573402417956
14.842208467000091,12.852,1.8998272884283245,207.2538860103627,2663.6269430051816
14.852284145999874,12.884,1.8998272884283245,189.98272884283244,2447.7374784110534
14.862361826000779,12.848,2.072538860103627,189.98272884283244,2440.8981001727116
14.872440246001133,12.88,1.8998272884283245,189.98272884283244,2446.977547495682
14.882518018001065,12.856,1.8998272884283245,207.2538860103627,2664.455958549223
14.892676178000329,12.884,1.8998272884283245,189.98272884283244,2447.7374784110534
14.902763375999712,12.856,1.8998272884283245,189.98272884283244,2442.417962003454
14.91285198100013,12.884,2.072538860103627,207.2538860103627,2670.259067357513
14.922942938001142,12.856,2.072538860103627,189.98272884283244,2442.417962003454
14.933025727999848,12.888,1.8998272884283245,207.2538860103627,2671.0880829015546
14.943105759999526,12.852,1.8998272884283245,207.2538860103627,2663.6269430051816
14.953186697999627,12.884,1.8998272884283245,189.98272884283244,2447.7374784110534
14.96326804400087,12.852,2.072538860103627,189.98272884283244,2441.6580310880827
14.97334863099968,12.884,1.8998272884283245,189.98272884283244,2447.7374784110534
14.983429866000733,12.856,1.8998272884283245,189.98272884283244,2442.417962003454
14.993595302999893,12.888,2.072538860103627,207.2538860103627,2671.0880829015546
15.003678057000798,12.86,2.072538860103627,189.98272884283244,2443.177892918825
15.013761272999545,12.88,1.8998272884283245,189.98272884283244,2446.977547495682
15.023842026999773,12.86,2.072538860103627,207.2538860103627,2665.2849740932643
15.033924372999536,12.904,1.8998272884283245,189.98272884283244,2451.53713298791
15.044004960000166,12.884,1.8998272884283245,189.98272884283244,2447.7374784110534
15.054087380000055,12.904,1.7271157167530224,189.98272884283244,2451.53713298791
15.064167800001087,12.868,1.8998272884283245,189.98272884283244,2444.697754749568
15.074249405000955,12.9,1.8998272884283245,172.71157167530222,2227.979274611399
15.084330437000972,12.868,1.8998272884283245,189.98272884283244,2444.697754749568
15.094423652999467,12.9,1.8998272884283245,189.98272884283244,2450.777202072539
15.104504962000647,12.876,1.8998272884283245,189.98272884283244,2446.2176165803103
15.11458630800007,12.892,1.8998272884283245,189.98272884283244,2449.2573402417956
15.124667950000003,12.88,1.8998272884283245,189.98272884283244,2446.977547495682
15.134748889000548,12.888,1.8998272884283245,189.98272884283244,2448.4974093264245
15.144829771999866,12.88,1.8998272884283245,189.98272884283244,2446.977547495682
15.154907415000707,12.884,1.8998272884283245,189.98272884283244,2447.7374784110534
15.164988964001168,12.852,1.8998272884283245,189.98272884283244,2441.6580310880827
15.175070274000973,12.868,2.072538860103627,189.98272884283244,2444.697754749568
15.185151194000355,12.86,1.8998272884283245,189.98272884283244,2443.177892918825
15.195310335000613,12.88,1.8998272884283245,189.98272884283244,2446.977547495682
15.205387292000523,12.868,1.8998272884283245,189.98272884283244,2444.697754749568
15.215463174999968,12.872,2.072538860103627,207.2538860103627,2667.7720207253888
15.225539594999645,12.868,1.8998272884283245,189.98272884283244,2444.697754749568
15.235615293000592,12.872,1.8998272884283245,189.98272884283244,2445.457685664939
15.245690769001158,12.892,1.8998272884283245,189.98272884283244,2449.2573402417956
15.25576619000094,12.896,1.8998272884283245,189.98272884283244,2450.017271157167
15.265843831999518,12.888,1.8998272884283245,172.71157167530222,2225.906735751295
15.275920363001205,12.888,1.8998272884283245,189.98272884283244,2448.4974093264245
15.285998487001052,12.884,1.8998272884283245,189.98272884283244,2447.7374784110534
15.29608459300107,12.888,1.8998272884283245,189.98272884283244,2448.4974093264245
15.306167902001107,12.884,1.8998272884283245,189.98272884283244,2447.7374784110534
15.316248600000108,12.888,1.8998272884283245,189.98272884283244,2448.4974093264245
15.326328649000061,12.884,1.7271157167530224,189.98272884283244,2447.7374784110534
15.33640971800014,12.884,1.8998272884283245,189.98272884283244,2447.7374784110534
15.346490842001003,12.892,1.8998272884283245,189.98272884283244,2449.2573402417956
15.356572447000872,12.868,1.7271157167530224,189.98272884283244,2444.697754749568
15.36665333000019,12.896,1.8998272884283245,189.98272884283244,2450.017271157167
15.376733658000376,12.868,1.8998272884283245,189.98272884283244,2444.697754749568
15.386813356000857,12.896,1.8998272884283245,172.71157167530222,2227.2884283246976
15.396905276000325,12.876,1.8998272884283245,172.71157167530222,2223.8341968911914
15.406986677000532,12.892,1.8998272884283245,189.98272884283244,2449.2573402417956
15.417067209000379,12.876,1.8998272884283245,189.98272884283244,2446.2176165803103
15.427148351000142,12.892,1.7271157167530224,189.98272884283244,2449.2573402417956
15.437229807999756,12.876,1.8998272884283245,189.98272884283244,2446.2176165803103
15.44731102500009,12.896,1.8998272884283245,189.98272884283244,2450.017271157167
15.457392537000487,12.876,1.8998272884283245,189.98272884283244,2446.2176165803103
15.467473345999679,12.896,1.8998272884283245,189.98272884283244,2450.017271157167
15.47755558100107,12.868,1.8998272884283245,189.98272884283244,2444.697754749568
15.487637094000092,12.896,1.8998272884283245,189.98272884283244,2450.017271157167
15.497746921000726,12.868,1.8998272884283245,189.98272884283244,2444.697754749568
15.507827507999536,12.9,1.7271157167530224,189.98272884283244,2450.777202072539
15.51790957599951,12.872,1.8998272884283245,189.98272884283244,2445.457685664939
15.527990589000183,12.896,1.8998272884283245,189.98272884283244,2450.017271157167
15.538072769000792,12.876,1.8998272884283245,189.98272884283244,2446.2176165803103
15.548153411000385,12.896,1.8998272884283245,189.98272884283244,2450.017271157167
15.558234793999873,12.868,1.8998272884283245,189.98272884283244,2444.697754749568
15.568315640000947,12.9,1.8998272884283245,189.98272884283244,2450.777202072539
15.578396597000392,12.86,1.7271157167530224,189.98272884283244,2443.177892918825
15.588477720999435,12.904,1.8998272884283245,189.98272884283244,2451.53713298791
15.598581808000745,12.864,1.8998272884283245,189.98272884283244,2443.9378238341965
15.60866287600038,12.904,1.7271157167530224,189.98272884283244,2451.53713298791
15.618744055000207,12.868,1.8998272884283245,189.98272884283244,2444.697754749568
15.628824772000371,12.9,1.8998272884283245,189.98272884283244,2450.777202072539
15.638905895999414,12.876,1.8998272884283245,189.98272884283244,2446.2176165803103
15.648986779000552,12.896,1.8998272884283245,189.98272884283244,2450.017271157167
15.659074958000929,12.876,1.8998272884283245,189.98272884283244,2446.2176165803103
15.669151730000522,12.892,1.8998272884283245,172.71157167530222,2226.5975820379963
15.67923283500022,12.88,1.8998272884283245,189.98272884283244,2446.977547495682
15.689313867000237,12.896,1.8998272884283245,189.98272884283244,2450.017271157167
15.699403472000995,12.872,1.8998272884283245,189.98272884283244,2445.457685664939
15.709484725000948,12.896,1.8998272884283245,189.98272884283244,2450.017271157167
15.719565368000985,12.876,1.8998272884283245,189.98272884283244,2446.2176165803103
15.729646769001192,12.896,2.072538860103627,189.98272884283244,2450.017271157167
15.739727338001103,12.88,1.8998272884283245,189.98272884283244,2446.977547495682
15.749809610000739,12.888,1.8998272884283245,189.98272884283244,2448.4974093264245
15.759890363000522,12.876,1.8998272884283245,189.98272884283244,2446.2176165803103
15.769972320000306,12.884,1.8998272884283245,189.98272884283244,2447.7374784110534
15.78005161100009,12.88,1.8998272884283245,189.98272884283244,2446.977547495682
15.79013353099981,12.884,1.8998272884283245,189.98272884283244,2447.7374784110534
15.800222859001224,12.88,1.8998272884283245,189.98272884283244,2446.977547495682
15.810304427001029,12.888,1.8998272884283245,172.71157167530222,2225.906735751295
15.82038453200039,12.876,1.8998272884283245,189.98272884283244,2446.2176165803103
15.830464988999665,12.888,1.8998272884283245,189.98272884283244,2448.4974093264245
15.840545168999597,12.884,1.8998272884283245,189.98272884283244,2447.7374784110534
15.850625385000967,12.888,2.072538860103627,189.98272884283244,2448.4974093264245
15.860706805000518,12.888,1.8998272884283245,189.98272884283244,2448.4974093264245
15.870791299999837,12.872,1.8998272884283245,189.98272884283244,2445.457685664939
15.880870811999557,12.892,1.8998272884283245,189.98272884283244,2449.2573402417956
15.89095180699951,12.872,1.8998272884283245,189.98272884283244,2445.457685664939
15.901119170001039,12.892,1.8998272884283245,189.98272884283244,2449.2573402417956
15.911195792999933,12.88,1.8998272884283245,189.98272884283244,2446.977547495682
15.92127208400052,12.892,1.8998272884283245,189.98272884283244,2449.2573402417956
15.931348522999542,12.88,1.7271157167530224,189.98272884283244,2446.977547495682
15.941424684000594,12.896,1.8998272884283245,172.71157167530222,2227.2884283246976
15.951500752000356,12.88,1.8998272884283245,189.98272884283244,2446.977547495682
15.961578468999505,12.896,1.8998272884283245,189.98272884283244,2450.017271157167
15.971655499999542,12.872,1.8998272884283245,189.98272884283244,2445.457685664939
15.981734308999876,12.892,2.072538860103627,189.98272884283244,2449.2573402417956
15.99181078500078,12.872,1.8998272884283245,189.98272884283244,2445.457685664939
16.001950519001184,12.896,1.8998272884283245,189.98272884283244,2450.017271157167
16.012032013000862,12.868,1.8998272884283245,189.98272884283244,2444.697754749568
16.02211450700088,12.9,1.8998272884283245,189.98272884283244,2450.777202072539
16.032195261001107,12.876,1.8998272884283245,189.98272884283244,2446.2176165803103
16.042276051000954,12.896,1.8998272884283245,189.98272884283244,2450.017271157167
16.052355470999828,12.876,1.8998272884283245,189.98272884283244,2446.2176165803103
16.062436132000585,12.896,1.8998272884283245,189.98272884283244,2450.017271157167
16.072516608001024,12.868,1.8998272884283245,189.98272884283244,2444.697754749568
16.082596917000046,12.9,1.8998272884283245,189.98272884283244,2450.777202072539
16.09267763400021,12.872,1.8998272884283245,189.98272884283244,2445.457685664939
16.102769590999742,12.904,1.8998272884283245,189.98272884283244,2451.53713298791
16.11284614000033,12.864,1.7271157167530224,189.98272884283244,2443.9378238341965
16.122922652999478,12.904,1.8998272884283245,172.71157167530222,2228.6701208981
16.132999981000467,12.872,1.8998272884283245,189.98272884283244,2445.457685664939
16.143076012000165,12.896,1.8998272884283245,189.98272884283244,2450.017271157167
16.153152044000308,12.876,1.8998272884283245,189.98272884283244,2446.2176165803103
16.163228260000324,12.896,1.8998272884283245,207.2538860103627,2672.7461139896373
16.173303088000466,12.876,1.8998272884283245,189.98272884283244,2446.2176165803103
16.183375786000397,12.892,1.8998272884283245,189.98272884283244,2449.2573402417956
16.193453965001027,12.876,1.8998272884283245,189.98272884283244,2446.2176165803103
16.203541811000832,12.896,1.8998272884283245,189.98272884283244,2450.017271157167
16.213619583000764,12.876,1.8998272884283245,189.98272884283244,2446.2176165803103
16.223698837000484,12.9,1.8998272884283245,189.98272884283244,2450.777202072539
16.233781294000437,12.872,1.7271157167530224,189.98272884283244,2445.457685664939
16.24386760299967,12.9,1.8998272884283245,189.98272884283244,2450.777202072539
16.253945911999836,12.876,1.8998272884283245,189.98272884283244,2446.2176165803103
16.264022740000655,12.888,1.8998272884283245,189.98272884283244,2448.4974093264245
16.274106715000016,12.876,1.8998272884283245,189.98272884283244,2446.2176165803103
16.28418700600014,12.888,1.8998272884283245,207.2538860103627,2671.0880829015546
16.29426703700119,12.88,1.8998272884283245,189.98272884283244,2446.977547495682
16.30436138299956,12.888,1.8998272884283245,189.98272884283244,2448.4974093264245
16.314437896000527,12.88,1.8998272884283245,189.98272884283244,2446.977547495682
16.324514482999803,12.892,1.8998272884283245,189.98272884283244,2449.2573402417956
16.334592477000115,12.88,1.8998272884283245,189.98272884283244,2446.977547495682
16.344663768000828,12.888,1.7271157167530224,189.98272884283244,2448.4974093264245
16.354741392000506,12.888,1.8998272884283245,189.98272884283244,2448.4974093264245
16.36481738600014,12.88,1.8998272884283245,189.98272884283244,2446.977547495682
16.374893694999628,12.888,2.072538860103627,172.71157167530222,2225.906735751295
16.384969819000617,12.872,1.8998272884283245,207.2538860103627,2667.7720207253888
16.39504575799947,12.888,1.8998272884283245,189.98272884283244,2448.4974093264245
16.40513103000012,12.876,2.072538860103627,189.98272884283244,2446.2176165803103
16.4152147650002,12.892,1.8998272884283245,189.98272884283244,2449.2573402417956
16.425295295999604,12.88,1.8998272884283245,189.98272884283244,2446.977547495682
16.435375068000212,12.892,1.7271157167530224,189.98272884283244,2449.2573402417956
16.44545621100042,12.88,1.8998272884283245,189.98272884283244,2446.977547495682
16.455535537999822,12.888,1.8998272884283245,189.98272884283244,2448.4974093264245
16.46561871800077,12.88,1.8998272884283245,189.98272884283244,2446.977547495682
16.475698471000214,12.888,1.8998272884283245,189.98272884283244,2448.4974093264245
16.48578244700002,12.872,1.8998272884283245,189.98272884283244,2445.457685664939
16.4958637740001,12.892,1.8998272884283245,189.98272884283244,2449.2573402417956
16.50597597200067,12.868,1.8998272884283245,189.98272884283244,2444.697754749568
16.5160564100006,12.896,1.8998272884283245,189.98272884283244,2450.017271157167
16.5261387190003,12.872,1.8998272884283245,189.98272884283244,2445.457685664939
16.536219232000803,12.896,1.8998272884283245,189.98272884283244,2450.017271157167
16.546299040999656,12.872,1.8998272884283245,172.71157167530222,2223.14335060449
16.556379739000477,12.892,1.8998272884283245,189.98272884283244,2449.2573402417956
16.56646014100079,12.876,1.8998272884283245,189.98272884283244,2446.2176165803103
16.576540097999896,12.896,1.8998272884283245,189.98272884283244,2450.017271157167
16.58662153700061,12.868,1.8998272884283245,189.98272884283244,2444.697754749568
16.596702382999865,12.9,1.8998272884283245,172.71157167530222,2227.979274611399
16.606792116999713,12.86,1.8998272884283245,189.98272884283244,2443.177892918825
16.616872630000216,12.904,1.8998272884283245,189.98272884283244,2451.53713298791
16.626953697999852,12.864,1.8998272884283245,189.98272884283244,2443.9378238341965
16.63703435900061,12.904,1.8998272884283245,189.98272884283244,2451.53713298791
16.647114409001006,12.868,1.8998272884283245,172.71157167530222,2222.452504317789
16.65719403299954,12.9,1.8998272884283245,172.71157167530222,2227.979274611399
16.667274601000827,12.872,1.8998272884283245,172.71157167530222,2223.14335060449
16.677355244000864,12.892,1.8998272884283245,172.71157167530222,2226.5975820379963
16.687435645000733,12.872,1.8998272884283245,189.98272884283244,2445.457685664939
16.697539658000096,12.888,1.8998272884283245,189.98272884283244,2448.4974093264245
16.707629152000663,12.876,1.7271157167530224,189.98272884283244,2446.2176165803103
16.717708072001187,12.896,1.8998272884283245,189.98272884283244,2450.017271157167
16.72777999200116,12.868,1.8998272884283245,189.98272884283244,2444.697754749568
16.737857672000246,12.9,1.8998272884283245,189.98272884283244,2450.777202072539
16.747934110000642,12.876,1.8998272884283245,172.71157167530222,2223.8341968911914
16.758011474999876,12.892,1.8998272884283245,189.98272884283244,2449.2573402417956
16.768087803000526,12.88,1.8998272884283245,189.98272884283244,2446.977547495682
16.778165371000796,12.888,1.8998272884283245,189.98272884283244,2448.4974093264245
16.788238162000198,12.872,1.8998272884283245,189.98272884283244,2445.457685664939
16.798316008000256,12.888,1.8998272884283245,172.71157167530222,2225.906735751295
16.808392242999616,12.872,1.8998272884283245,189.98272884283244,2445.457685664939
16.818472126000415,12.892,1.8998272884283245,189.98272884283244,2449.2573402417956
16.82855137899969,12.88,1.8998272884283245,189.98272884283244,2446.977547495682
16.838631929000258,12.892,1.8998272884283245,189.98272884283244,2449.2573402417956
16.84871153399945,12.88,1.8998272884283245,189.98272884283244,2446.977547495682
16.85879123199993,12.892,1.8998272884283245,189.98272884283244,2449.2573402417956
16.868898819000606,12.88,1.8998272884283245,189.98272884283244,2446.977547495682
16.878982682999776,12.884,1.8998272884283245,189.98272884283244,2447.7374784110534
16.88906573300119,12.888,1.8998272884283245,189.98272884283244,2448.4974093264245
16.899146634999852,12.872,1.8998272884283245,172.71157167530222,2223.14335060449
16.909309960999963,12.888,1.8998272884283245,189.98272884283244,2448.4974093264245
16.919387769999958,12.876,1.8998272884283245,189.98272884283244,2446.2176165803103
16.929464578999614,12.892,1.7271157167530224,189.98272884283244,2449.2573402417956
16.93954107299942,12.88,1.8998272884283245,189.98272884283244,2446.977547495682
16.949618030001147,12.888,1.8998272884283245,189.98272884283244,2448.4974093264245
16.959694006000063,12.88,1.8998272884283245,172.71157167530222,2224.5250431778927
16.9697710190012,12.892,1.8998272884283245,189.98272884283244,2449.2573402417956
16.97984758700113,12.876,1.8998272884283245,189.98272884283244,2446.2176165803103
16.98992543300119,12.892,1.8998272884283245,189.98272884283244,2449.2573402417956
17.000001612999768,12.872,1.8998272884283245,189.98272884283244,2445.457685664939
17.01014075400053,12.896,1.8998272884283245,189.98272884283244,2450.017271157167
17.020222525999998,12.868,1.8998272884283245,189.98272884283244,2444.697754749568
17.030302798000776,12.896,1.8998272884283245,189.98272884283244,2450.017271157167
17.040383606999967,12.868,1.8998272884283245,172.71157167530222,2222.452504317789
17.050464064001062,12.9,1.8998272884283245,189.98272884283244,2450.777202072539
17.06054348500038,12.872,1.8998272884283245,189.98272884283244,2445.457685664939
17.07062470100027,12.896,1.8998272884283245,189.98272884283244,2450.017271157167
17.080705231999673,12.876,1.8998272884283245,189.98272884283244,2446.2176165803103
17.090785856000366,12.896,1.8998272884283245,172.71157167530222,2227.2884283246976
17.10086625800068,12.872,1.8998272884283245,189.98272884283244,2445.457685664939
17.110957177999808,12.9,1.8998272884283245,189.98272884283244,2450.777202072539
17.121034523999697,12.864,1.8998272884283245,172.71157167530222,2221.761658031088
17.131111091999628,12.904,1.7271157167530224,189.98272884283244,2451.53713298791
17.141187290000744,12.864,1.8998272884283245,189.98272884283244,2443.9378238341965
17.151263839999956,12.9,1.8998272884283245,189.98272884283244,2450.777202072539
17.161340242000733,12.872,1.8998272884283245,189.98272884283244,2445.457685664939
17.17141534700022,12.896,1.8998272884283245,189.98272884283244,2450.017271157167
17.181490008000765,12.872,1.8998272884283245,189.98272884283244,2445.457685664939
17.19156489099987,12.892,1.8998272884283245,189.98272884283244,2449.2573402417956
17.201645404000374,12.872,1.8998272884283245,172.71157167530222,2223.14335060449
17.21178319399951,12.892,1.8998272884283245,189.98272884283244,2449.2573402417956
17.221863558001132,12.876,1.8998272884283245,189.98272884283244,2446.2176165803103
17.231944348999605,12.896,1.8998272884283245,189.98272884283244,2450.017271157167
17.242027657999643,12.872,1.8998272884283245,189.98272884283244,2445.457685664939
17.252108615000907,12.904,1.8998272884283245,189.98272884283244,2451.53713298791
17.2621892570005,12.868,1.8998272884283245,189.98272884283244,2444.697754749568
17.272269324999797,12.9,1.8998272884283245,189.98272884283244,2450.777202072539
17.282349541999793,12.872,1.8998272884283245,189.98272884283244,2445.457685664939
17.292430573001184,12.892,1.8998272884283245,189.98272884283244,2449.2573402417956
17.302510956000333,12.872,1.8998272884283245,189.98272884283244,2445.457685664939
17.312604505999843,12.888,1.8998272884283245,189.98272884283244,2448.4974093264245
17.322685519000515,12.872,1.8998272884283245,189.98272884283244,2445.457685664939
17.33276284600106,12.892,1.8998272884283245,189.98272884283244,2449.2573402417956
17.342843247999554,12.876,1.8998272884283245,172.71157167530222,2223.8341968911914
17.352923648999422,12.896,1.8998272884283245,189.98272884283244,2450.017271157167
17.36300329200094,12.876,1.8998272884283245,189.98272884283244,2446.2176165803103
17.37308308200045,12.896,1.8998272884283245,189.98272884283244,2450.017271157167
17.38316228000076,12.876,1.8998272884283245,189.98272884283244,2446.2176165803103
17.39324529300029,12.888,1.8998272884283245,189.98272884283244,2448.4974093264245
17.403325417000815,12.884,1.8998272884283245,189.98272884283244,2447.7374784110534
17.4134694280001,12.888,1.8998272884283245,189.98272884283244,2448.4974093264245
17.423545200001172,12.884,1.8998272884283245,172.71157167530222,2225.215889464594
17.433623250000892,12.876,1.8998272884283245,189.98272884283244,2446.2176165803103
17.44369954099966,12.888,1.8998272884283245,172.71157167530222,2225.906735751295
17.453777145999993,12.88,1.8998272884283245,189.98272884283244,2446.977547495682
17.463853011000538,12.888,1.8998272884283245,189.98272884283244,2448.4974093264245
17.473928041999898,12.884,1.8998272884283245,189.98272884283244,2447.7374784110534
17.484004166000886,12.884,1.7271157167530224,207.2538860103627,2670.259067357513
17.494081901000754,12.884,1.8998272884283245,189.98272884283244,2447.7374784110534
17.50415809900005,12.888,1.8998272884283245,189.98272884283244,2448.4974093264245
17.51424464900083,12.872,1.8998272884283245,172.71157167530222,2223.14335060449
17.524325717000465,12.892,1.8998272884283245,172.71157167530222,2226.5975820379963
17.534405804000926,12.872,1.8998272884283245,172.71157167530222,2223.14335060449
17.544485649999842,12.892,1.8998272884283245,189.98272884283244,2449.2573402417956
17.55456540399973,12.872,1.8998272884283245,189.98272884283244,2445.457685664939
17.564646119999452,12.896,1.7271157167530224,172.71157167530222,2227.2884283246976
17.574726762000864,12.876,1.8998272884283245,189.98272884283244,2446.2176165803103
17.584807645000183,12.892,1.8998272884283245,189.98272884283244,2449.2573402417956
17.594888362000347,12.872,1.8998272884283245,189.98272884283244,2445.457685664939
17.604969301000892,12.892,1.8998272884283245,189.98272884283244,2449.2573402417956
17.615059498000846,12.872,1.8998272884283245,189.98272884283244,2445.457685664939
17.625134510999487,12.896,1.8998272884283245,207.2538860103627,2672.7461139896373
17.63521513500018,12.864,1.8998272884283245,189.98272884283244,2443.9378238341965
17.645295870001064,12.9,1.8998272884283245,189.98272884283244,2450.777202072539
17.655376197000805,12.864,1.7271157167530224,189.98272884283244,2443.9378238341965
17.665456579999955,12.9,1.8998272884283245,189.98272884283244,2450.777202072539
17.675537686000098,12.868,1.7271157167530224,189.98272884283244,2444.697754749568
17.68561881000096,12.9,1.8998272884283245,189.98272884283244,2450.777202072539
17.695699341000363,12.872,1.8998272884283245,172.71157167530222,2223.14335060449
17.705780446000063,12.892,1.8998272884283245,189.98272884283244,2449.2573402417956
17.71586558800118,12.876,1.8998272884283245,189.98272884283244,2446.2176165803103
17.725946415999715,12.888,2.072538860103627,189.98272884283244,2448.4974093264245
17.736025187999985,12.872,1.8998272884283245,189.98272884283244,2445.457685664939
17.746107533999748,12.9,1.8998272884283245,189.98272884283244,2450.777202072539
17.756187973000124,12.868,1.7271157167530224,189.98272884283244,2444.697754749568
17.766268948000288,12.9,1.8998272884283245,189.98272884283244,2450.777202072539
17.7763493679995,12.868,1.8998272884283245,172.71157167530222,2222.452504317789
17.786429103000046,12.9,1.8998272884283245,189.98272884283244,2450.777202072539
17.796510005000528,12.872,1.8998272884283245,189.98272884283244,2445.457685664939
17.806589777001136,12.892,1.8998272884283245,189.98272884283244,2449.2573402417956
17.816674290001174,12.868,1.8998272884283245,189.98272884283244,2444.697754749568
17.82674969100117,12.892,1.7271157167530224,189.98272884283244,2449.2573402417956
17.836826204000317,12.876,1.8998272884283245,189.98272884283244,2446.2176165803103
17.846901828001137,12.896,1.7271157167530224,189.98272884283244,2450.017271157167
17.856977008001195,12.872,1.8998272884283245,207.2538860103627,2667.7720207253888
17.86707553800079,12.9,1.8998272884283245,189.98272884283244,2450.777202072539
17.877156810000088,12.872,1.8998272884283245,189.98272884283244,2445.457685664939
17.887232712000696,12.896,1.8998272884283245,189.98272884283244,2450.017271157167
17.897308909999992,12.88,1.8998272884283245,189.98272884283244,2446.977547495682
17.907387293000284,12.88,1.8998272884283245,189.98272884283244,2446.977547495682
17.917494360999626,12.88,1.8998272884283245,189.98272884283244,2446.977547495682
17.927567058999557,12.876,1.8998272884283245,189.98272884283244,2446.2176165803103
17.93764249800006,12.884,1.8998272884283245,189.98272884283244,2447.7374784110534
17.94771906599999,12.884,1.8998272884283245,189.98272884283244,2447.7374784110534
17.957797263999964,12.884,1.8998272884283245,189.98272884283244,2447.7374784110534
17.967873203000636,12.884,1.8998272884283245,189.98272884283244,2447.7374784110534
17.977951549000863,12.884,1.8998272884283245,189.98272884283244,2447.7374784110534
17.988027932000477,12.888,1.8998272884283245,189.98272884283244,2448.4974093264245
17.9981058150006,12.884,1.8998272884283245,189.98272884283244,2447.7374784110534
18.008182012999896,12.876,1.8998272884283245,189.98272884283244,2446.2176165803103
18.018330839000555,12.88,1.8998272884283245,189.98272884283244,2446.977547495682
18.028412462999768,12.884,1.8998272884283245,189.98272884283244,2447.7374784110534
18.038492939000207,12.888,1.8998272884283245,189.98272884283244,2448.4974093264245
18.048573766000118,12.872,1.8998272884283245,172.71157167530222,2223.14335060449
18.05865505700058,12.892,1.8998272884283245,189.98272884283244,2449.2573402417956
18.068734681000933,12.876,1.8998272884283245,189.98272884283244,2446.2176165803103
18.07881536000059,12.892,1.8998272884283245,189.98272884283244,2449.2573402417956
18.08889626200107,12.88,1.8998272884283245,189.98272884283244,2446.977547495682
18.098976904000665,12.888,1.8998272884283245,207.2538860103627,2671.0880829015546
18.109057306000977,12.876,1.8998272884283245,207.2538860103627,2668.60103626943
18.11914854099996,12.892,1.8998272884283245,189.98272884283244,2449.2573402417956
18.12922727499972,12.864,1.8998272884283245,189.98272884283244,2443.9378238341965
18.139303936000942,12.896,1.8998272884283245,189.98272884283244,2450.017271157167
18.14937993100102,12.868,1.8998272884283245,189.98272884283244,2444.697754749568
18.15945666600055,12.9,1.7271157167530224,189.98272884283244,2450.777202072539
18.16954140100097,12.868,1.7271157167530224,172.71157167530222,2222.452504317789
18.179617895000774,12.9,1.7271157167530224,189.98272884283244,2450.777202072539
18.18969572199967,12.872,1.8998272884283245,189.98272884283244,2445.457685664939
18.199773624000954,12.896,1.8998272884283245,189.98272884283244,2450.017271157167
18.20985276600004,12.872,1.8998272884283245,189.98272884283244,2445.457685664939
18.219944742000735,12.888,1.8998272884283245,189.98272884283244,2448.4974093264245
18.230016718000115,12.872,1.8998272884283245,189.98272884283244,2445.457685664939
18.240098322999984,12.896,1.8998272884283245,189.98272884283244,2450.017271157167
18.250177021000127,12.868,1.8998272884283245,189.98272884283244,2444.697754749568
18.260250089000692,12.9,1.8998272884283245,172.71157167530222,2227.979274611399
18.27032771300037,12.868,1.8998272884283245,189.98272884283244,2444.697754749568
18.280403762999413,12.9,1.8998272884283245,189.98272884283244,2450.777202072539
18.290481202000592,12.876,1.8998272884283245,189.98272884283244,2446.2176165803103
18.30055662199993,12.896,1.8998272884283245,189.98272884283244,2450.017271157167
18.31063093100056,12.872,1.8998272884283245,207.2538860103627,2667.7720207253888
18.320731740001065,12.896,1.8998272884283245,189.98272884283244,2450.017271157167
18.330809918999876,12.872,1.8998272884283245,172.71157167530222,2223.14335060449
18.340886210000463,12.896,1.8998272884283245,172.71157167530222,2227.2884283246976
18.350962500000605,12.872,1.8998272884283245,172.71157167530222,2223.14335060449
18.361039106001044,12.9,1.8998272884283245,189.98272884283244,2450.777202072539
18.3711147110007,12.872,1.8998272884283245,189.98272884283244,2445.457685664939
18.381190076001076,12.9,1.8998272884283245,189.98272884283244,2450.777202072539
18.391265829000986,12.872,2.072538860103627,189.98272884283244,2445.457685664939
18.401341602000684,12.892,1.8998272884283245,189.98272884283244,2449.2573402417956
18.411422429000595,12.88,1.8998272884283245,189.98272884283244,2446.977547495682
18.421587050999733,12.884,1.8998272884283245,189.98272884283244,2447.7374784110534
18.43167610099954,12.88,1.8998272884283245,189.98272884283244,2446.977547495682
18.441761262,12.88,1.8998272884283245,189.98272884283244,2446.977547495682
18.451842386000862,12.884,1.8998272884283245,189.98272884283244,2447.7374784110534
18.461925843001154,12.884,1.8998272884283245,189.98272884283244,2447.7374784110534
18.472006281001086,12.884,1.8998272884283245,172.71157167530222,2225.215889464594
18.482089757000722,12.888,1.8998272884283245,189.98272884283244,2448.4974093264245
18.49217152900019,12.884,1.8998272884283245,189.98272884283244,2447.7374784110534
18.50225194900122,12.892,1.8998272884283245,189.98272884283244,2449.2573402417956
18.512332072999925,12.88,1.8998272884283245,189.98272884283244,2446.977547495682
18.522428195999964,12.892,1.8998272884283245,189.98272884283244,2449.2573402417956
18.53250578299958,12.884,1.8998272884283245,189.98272884283244,2447.7374784110534
18.542584296001223,12.876,1.8998272884283245,189.98272884283244,2446.2176165803103
18.552661290001197,12.888,1.8998272884283245,189.98272884283244,2448.4974093264245
18.562740135999775,12.876,1.8998272884283245,189.98272884283244,2446.2176165803103
18.572816556999896,12.892,1.7271157167530224,189.98272884283244,2449.2573402417956
18.582893384000272,12.88,1.8998272884283245,189.98272884283244,2446.977547495682
18.592970693000098,12.888,1.8998272884283245,189.98272884283244,2448.4974093264245
18.603047390999564,12.884,1.8998272884283245,189.98272884283244,2447.7374784110534
18.613124145000256,12.888,1.8998272884283245,172.71157167530222,2225.906735751295
18.62324087900015,12.876,1.8998272884283245,189.98272884283244,2446.2176165803103
18.633323243000632,12.888,1.7271157167530224,189.98272884283244,2448.4974093264245
18.643403127000056,12.876,1.8998272884283245,189.98272884283244,2446.2176165803103
18.653483416999734,12.896,1.7271157167530224,189.98272884283244,2450.017271157167
18.663564930000575,12.868,1.8998272884283245,189.98272884283244,2444.697754749568
18.673648072001015,12.896,1.7271157167530224,189.98272884283244,2450.017271157167
18.68372891800027,12.868,1.8998272884283245,189.98272884283244,2444.697754749568
18.693810800999927,12.896,1.8998272884283245,189.98272884283244,2450.017271157167
18.703891388000557,12.872,1.8998272884283245,189.98272884283244,2445.457685664939
18.71397091899962,12.896,1.8998272884283245,189.98272884283244,2450.017271157167
18.724061413000527,12.872,1.8998272884283245,189.98272884283244,2445.457685664939
18.734140074000607,12.888,1.8998272884283245,189.98272884283244,2448.4974093264245
18.74421756800075,12.872,1.7271157167530224,189.98272884283244,2445.457685664939
18.75429330299994,12.896,1.8998272884283245,189.98272884283244,2450.017271157167
18.76436922299945,12.868,1.8998272884283245,189.98272884283244,2444.697754749568
18.77444731000105,12.9,1.8998272884283245,189.98272884283244,2450.777202072539
18.784523897000327,12.868,1.8998272884283245,189.98272884283244,2444.697754749568
18.794601909999983,12.9,1.8998272884283245,189.98272884283244,2450.777202072539
18.804677551999703,12.868,1.8998272884283245,189.98272884283244,2444.697754749568
18.81475386100101,12.896,1.8998272884283245,189.98272884283244,2450.017271157167
18.82483859599961,12.868,1.8998272884283245,189.98272884283244,2444.697754749568
18.834916498000894,12.892,1.8998272884283245,189.98272884283244,2449.2573402417956
18.844997714000783,12.868,1.8998272884283245,189.98272884283244,2444.697754749568
18.855078226999467,12.896,1.8998272884283245,189.98272884283244,2450.017271157167
18.865196646000186,12.872,1.8998272884283245,189.98272884283244,2445.457685664939
18.875279066000076,12.896,1.8998272884283245,189.98272884283244,2450.017271157167
18.885360264001065,12.868,1.8998272884283245,172.71157167530222,2222.452504317789
18.895440925000003,12.9,1.8998272884283245,189.98272884283244,2450.777202072539
18.905547288999514,12.868,1.7271157167530224,189.98272884283244,2444.697754749568
18.915628635000758,12.896,1.8998272884283245,189.98272884283244,2450.017271157167
18.92572042500069,12.872,1.8998272884283245,189.98272884283244,2445.457685664939
18.93579908600077,12.892,1.8998272884283245,172.71157167530222,2226.5975820379963
18.945880432000195,12.876,1.8998272884283245,172.71157167530222,2223.8341968911914
18.955961834000846,12.884,1.8998272884283245,189.98272884283244,2447.7374784110534
18.966044791000968,12.876,1.7271157167530224,189.98272884283244,2446.2176165803103
18.97612580399982,12.888,1.8998272884283245,189.98272884283244,2448.4974093264245
18.98620800200115,12.876,1.8998272884283245,189.98272884283244,2446.2176165803103
18.996288570000615,12.892,1.8998272884283245,189.98272884283244,2449.2573402417956
19.00639447100002,12.88,1.7271157167530224,172.71157167530222,2224.5250431778927
19.016471668999657,12.892,1.8998272884283245,189.98272884283244,2449.2573402417956
19.02663543900053,12.872,1.8998272884283245,189.98272884283244,2445.457685664939
19.036714007999763,12.892,1.8998272884283245,189.98272884283244,2449.2573402417956
19.04679237200071,12.876,1.8998272884283245,189.98272884283244,2446.2176165803103
19.05686821800009,12.88,1.8998272884283245,189.98272884283244,2446.977547495682
19.066944805001185,12.884,1.8998272884283245,172.71157167530222,2225.215889464594
19.07702066999991,12.88,1.8998272884283245,189.98272884283244,2446.977547495682
19.0870966450002,12.888,1.8998272884283245,189.98272884283244,2448.4974093264245
19.097172825000598,12.88,1.8998272884283245,189.98272884283244,2446.977547495682
19.107249430000593,12.888,1.7271157167530224,189.98272884283244,2448.4974093264245
19.11732399900029,12.884,1.7271157167530224,189.98272884283244,2447.7374784110534
19.127443363000566,12.888,1.8998272884283245,189.98272884283244,2448.4974093264245
19.13755028200103,12.876,1.8998272884283245,189.98272884283244,2446.2176165803103
19.14763168399986,12.888,1.8998272884283245,189.98272884283244,2448.4974093264245
19.15771471500011,12.88,1.8998272884283245,189.98272884283244,2446.977547495682
19.167795228000614,12.892,1.8998272884283245,172.71157167530222,2226.5975820379963
19.17787731399949,12.88,1.8998272884283245,189.98272884283244,2446.977547495682
19.187957975000245,12.896,1.8998272884283245,189.98272884283244,2450.017271157167
19.198040209999817,12.868,1.8998272884283245,189.98272884283244,2444.697754749568
19.208127871001125,12.9,1.8998272884283245,189.98272884283244,2450.777202072539
19.21821329100021,12.868,1.8998272884283245,189.98272884283244,2444.697754749568
19.22831304400097,12.892,1.8998272884283245,189.98272884283244,2449.2573402417956
19.238386778999484,12.876,1.8998272884283245,189.98272884283244,2446.2176165803103
19.24846451400117,12.888,1.8998272884283245,189.98272884283244,2448.4974093264245
19.258541192999473,12.872,1.8998272884283245,189.98272884283244,2445.457685664939
19.268617632000314,12.892,1.8998272884283245,189.98272884283244,2449.2573402417956
19.278695348000838,12.868,1.8998272884283245,172.71157167530222,2222.452504317789
19.28877156499948,12.896,1.8998272884283245,207.2538860103627,2672.7461139896373
19.298848263000764,12.868,1.8998272884283245,172.71157167530222,2222.452504317789
19.308922165000695,12.9,1.8998272884283245,189.98272884283244,2450.777202072539
19.319000011000753,12.868,1.8998272884283245,189.98272884283244,2444.697754749568
19.329124503999992,12.904,1.8998272884283245,172.71157167530222,2228.6701208981
19.339206034999734,12.864,1.8998272884283245,189.98272884283244,2443.9378238341965
19.349284306999834,12.9,1.8998272884283245,189.98272884283244,2450.777202072539
19.359364579000612,12.868,1.8998272884283245,189.98272884283244,2444.697754749568
19.369444444000692,12.896,1.8998272884283245,189.98272884283244,2450.017271157167
19.379525271000603,12.872,1.8998272884283245,189.98272884283244,2445.457685664939
19.38960845099973,12.896,1.8998272884283245,189.98272884283244,2450.017271157167
19.39968855600091,12.872,1.8998272884283245,189.98272884283244,2445.457685664939
19.409772495000652,12.9,1.8998272884283245,189.98272884283244,2450.777202072539
19.419850267000584,12.868,1.8998272884283245,189.98272884283244,2444.697754749568
19.42994635300056,12.9,1.8998272884283245,189.98272884283244,2450.777202072539
19.440023051000026,12.872,1.8998272884283245,189.98272884283244,2445.457685664939
19.45010145299966,12.892,1.8998272884283245,189.98272884283244,2449.2573402417956
19.460176964999846,12.876,1.7271157167530224,189.98272884283244,2446.2176165803103
19.47025442300037,12.888,1.8998272884283245,189.98272884283244,2448.4974093264245
19.480330731999857,12.876,1.8998272884283245,189.98272884283244,2446.2176165803103
19.490408911000486,12.892,1.8998272884283245,189.98272884283244,2449.2573402417956
19.500484739000967,12.88,1.8998272884283245,189.98272884283244,2446.977547495682
19.510561937000602,12.892,1.7271157167530224,189.98272884283244,2449.2573402417956
19.52063746800013,12.876,1.8998272884283245,189.98272884283244,2446.2176165803103
19.53072362900093,12.896,1.8998272884283245,189.98272884283244,2450.017271157167
19.54080086400063,12.872,1.8998272884283245,207.2538860103627,2667.7720207253888
19.55087791400001,12.896,1.8998272884283245,189.98272884283244,2450.017271157167
19.56095851899954,12.876,1.8998272884283245,189.98272884283244,2446.2176165803103
19.571038661000784,12.896,1.8998272884283245,189.98272884283244,2450.017271157167
19.581118747999426,12.88,1.8998272884283245,189.98272884283244,2446.977547495682
19.59119920500052,12.88,1.8998272884283245,189.98272884283244,2446.977547495682
19.601279996000812,12.884,1.8998272884283245,189.98272884283244,2447.7374784110534
19.611359915999856,12.884,1.8998272884283245,189.98272884283244,2447.7374784110534
19.621439910000845,12.884,1.8998272884283245,189.98272884283244,2447.7374784110534
19.631527515000926,12.88,1.7271157167530224,189.98272884283244,2446.977547495682
19.641605065000476,12.884,1.8998272884283245,172.71157167530222,2225.215889464594
19.651681188999646,12.88,1.8998272884283245,189.98272884283244,2446.977547495682
19.661758256999747,12.888,1.7271157167530224,189.98272884283244,2448.4974093264245
19.67183369600025,12.876,1.8998272884283245,189.98272884283244,2446.2176165803103
19.68191098600073,12.892,1.7271157167530224,189.98272884283244,2449.2573402417956
19.691991405999943,12.872,1.8998272884283245,189.98272884283244,2445.457685664939
19.702070770999853,12.892,1.8998272884283245,189.98272884283244,2449.2573402417956
19.712148968999827,12.876,1.8998272884283245,172.71157167530222,2223.8341968911914
19.722228685001028,12.896,1.8998272884283245,189.98272884283244,2450.017271157167
19.732359196999823,12.876,1.7271157167530224,189.98272884283244,2446.2176165803103
19.742446116999417,12.888,2.072538860103627,189.98272884283244,2448.4974093264245
19.752526444000978,12.876,1.8998272884283245,189.98272884283244,2446.2176165803103
19.76260338300017,12.884,1.8998272884283245,189.98272884283244,2447.7374784110534
19.77268682199974,12.876,1.8998272884283245,189.98272884283244,2446.2176165803103
19.782767648999652,12.892,1.8998272884283245,189.98272884283244,2449.2573402417956
19.792847995000557,12.876,1.8998272884283245,189.98272884283244,2446.2176165803103
19.802928971001165,12.896,1.7271157167530224,189.98272884283244,2450.017271157167
19.81301346500004,12.868,1.8998272884283245,189.98272884283244,2444.697754749568
19.823091792000923,12.9,1.8998272884283245,189.98272884283244,2450.777202072539
19.83317832300054,12.868,1.7271157167530224,172.71157167530222,2222.452504317789
19.84325974300009,12.9,1.8998272884283245,189.98272884283244,2450.777202072539
19.85333375600021,12.868,1.8998272884283245,189.98272884283244,2444.697754749568
19.863417213000503,12.896,1.7271157167530224,189.98272884283244,2450.017271157167
19.87349483700018,12.872,1.8998272884283245,189.98272884283244,2445.457685664939
19.88356825700066,12.896,1.8998272884283245,189.98272884283244,2450.017271157167
19.89364569600002,12.868,1.8998272884283245,189.98272884283244,2444.697754749568
19.903721800999847,12.9,1.8998272884283245,207.2538860103627,2673.5751295336786
19.913800129001174,12.868,1.8998272884283245,189.98272884283244,2444.697754749568
19.923873383000682,12.9,1.8998272884283245,172.71157167530222,2227.979274611399
19.933946081000613,12.864,2.072538860103627,207.2538860103627,2666.1139896373056
19.94402472299953,12.9,1.8998272884283245,189.98272884283244,2450.777202072539
19.954103680000117,12.872,1.8998272884283245,189.98272884283244,2445.457685664939
19.964180008000767,12.888,1.8998272884283245,189.98272884283244,2448.4974093264245
19.974257445999683,12.876,1.8998272884283245,189.98272884283244,2446.2176165803103
19.984337236999636,12.892,1.8998272884283245,189.98272884283244,2449.2573402417956
19.994418157000837,12.876,1.8998272884283245,189.98272884283244,2446.2176165803103
20.004494669999985,12.896,1.8998272884283245,189.98272884283244,2450.017271157167
20.014572645000953,12.872,1.8998272884283245,189.98272884283244,2445.457685664939
20.024648972999785,12.9,1.8998272884283245,189.98272884283244,2450.777202072539
20.034738448001008,12.872,1.7271157167530224,189.98272884283244,2445.457685664939
20.044819183000072,12.896,1.8998272884283245,189.98272884283244,2450.017271157167
20.0548999370003,12.864,1.8998272884283245,189.98272884283244,2443.9378238341965
20.0649774120011,12.896,1.7271157167530224,189.98272884283244,2450.017271157167
20.075059962000523,12.876,1.8998272884283245,189.98272884283244,2446.2176165803103
20.085138956001174,12.888,2.072538860103627,189.98272884283244,2448.4974093264245
20.095220135999625,12.88,1.8998272884283245,189.98272884283244,2446.977547495682
20.105300945000636,12.884,1.8998272884283245,189.98272884283244,2447.7374784110534
20.115381031000652,12.88,1.8998272884283245,189.98272884283244,2446.977547495682
20.125461100000393,12.888,1.8998272884283245,172.71157167530222,2225.906735751295
20.135553464000623,12.884,1.8998272884283245,189.98272884283244,2447.7374784110534
20.145632366000427,12.884,1.8998272884283245,189.98272884283244,2447.7374784110534
20.155708693000634,12.88,1.7271157167530224,189.98272884283244,2446.977547495682
20.165786020999803,12.88,1.8998272884283245,172.71157167530222,2224.5250431778927
20.175861773999713,12.888,1.8998272884283245,189.98272884283244,2448.4974093264245
20.18593928700102,12.872,1.8998272884283245,189.98272884283244,2445.457685664939
20.196015077000993,12.888,1.8998272884283245,189.98272884283244,2448.4974093264245
20.20609275700008,12.872,1.8998272884283245,189.98272884283244,2445.457685664939
20.21616860299946,12.892,1.8998272884283245,189.98272884283244,2449.2573402417956
20.22624191199975,12.88,1.8998272884283245,189.98272884283244,2446.977547495682
20.236329757999556,12.888,1.8998272884283245,189.98272884283244,2448.4974093264245
20.246413122000376,12.88,1.8998272884283245,189.98272884283244,2446.977547495682
20.25649424599942,12.884,1.8998272884283245,189.98272884283244,2447.7374784110534
20.266574981000304,12.88,1.8998272884283245,189.98272884283244,2446.977547495682
20.27665206799975,12.884,1.8998272884283245,189.98272884283244,2447.7374784110534
20.28673237700059,12.88,1.8998272884283245,189.98272884283244,2446.977547495682
20.296812038001008,12.892,1.7271157167530224,189.98272884283244,2449.2573402417956
20.306893032000517,12.868,1.8998272884283245,189.98272884283244,2444.697754749568
20.316973303999475,12.896,1.8998272884283245,189.98272884283244,2450.017271157167
20.327053613000317,12.868,1.8998272884283245,189.98272884283244,2444.697754749568
20.337143624999953,12.896,1.8998272884283245,189.98272884283244,2450.017271157167
20.347220101000858,12.872,1.8998272884283245,189.98272884283244,2445.457685664939
20.357297225000366,12.868,2.072538860103627,189.98272884283244,2444.697754749568
20.36737349699979,12.84,2.072538860103627,207.2538860103627,2661.139896373057
20.377449288000207,12.876,1.8998272884283245,189.98272884283244,2446.2176165803103
20.38752507800018,12.852,2.072538860103627,189.98272884283244,2441.6580310880827
20.397602164999626,12.884,1.8998272884283245,207.2538860103627,2670.259067357513
20.407675788999768,12.848,1.7271157167530224,189.98272884283244,2440.8981001727116
20.417747856999995,12.884,1.8998272884283245,189.98272884283244,2447.7374784110534
20.427820869999778,12.852,2.072538860103627,189.98272884283244,2441.6580310880827
20.43795819600018,12.888,1.8998272884283245,189.98272884283244,2448.4974093264245
20.448039820001213,12.852,1.8998272884283245,189.98272884283244,2441.6580310880827
20.45812231399941,12.88,1.8998272884283245,189.98272884283244,2446.977547495682
20.46820329000002,12.856,2.072538860103627,189.98272884283244,2442.417962003454
20.47828371000105,12.872,1.8998272884283245,189.98272884283244,2445.457685664939
20.488365037999756,12.86,1.8998272884283245,189.98272884283244,2443.177892918825
20.49844529100119,12.876,1.8998272884283245,189.98272884283244,2446.2176165803103
20.508525581000868,12.86,1.8998272884283245,207.2538860103627,2665.2849740932643
20.518606224000905,12.884,1.8998272884283245,207.2538860103627,2670.259067357513
20.528687236001133,12.852,1.8998272884283245,207.2538860103627,2663.6269430051816
20.53877539700079,12.888,1.8998272884283245,189.98272884283244,2448.4974093264245
20.548848317001102,12.852,1.8998272884283245,189.98272884283244,2441.6580310880827
20.558925960000124,12.888,1.8998272884283245,189.98272884283244,2448.4974093264245
20.569002435000584,12.852,1.8998272884283245,207.2538860103627,2663.6269430051816
20.579078337001192,12.88,1.8998272884283245,189.98272884283244,2446.977547495682
20.589153831000658,12.856,1.8998272884283245,189.98272884283244,2442.417962003454
20.599230454999997,12.88,1.8998272884283245,189.98272884283244,2446.977547495682
20.60930704200109,12.856,2.072538860103627,189.98272884283244,2442.417962003454
20.61938294399988,12.884,1.8998272884283245,207.2538860103627,2670.259067357513
20.629458605000764,12.852,1.8998272884283245,189.98272884283244,2441.6580310880827
20.639574265000192,12.888,1.8998272884283245,189.98272884283244,2448.4974093264245
20.649657055000716,12.848,1.8998272884283245,189.98272884283244,2440.8981001727116
20.659737863999908,12.884,1.8998272884283245,189.98272884283244,2447.7374784110534
20.669820155000707,12.852,1.8998272884283245,189.98272884283244,2441.6580310880827
20.679900723000173,12.88,2.072538860103627,189.98272884283244,2446.977547495682
20.689982957999746,12.856,2.072538860103627,189.98272884283244,2442.417962003454
20.700062932999572,12.88,1.8998272884283245,189.98272884283244,2446.977547495682
20.71014524200109,12.86,1.8998272884283245,189.98272884283244,2443.177892918825
20.720225310000387,12.88,2.072538860103627,189.98272884283244,2446.977547495682
20.7303069160007,12.892,1.8998272884283245,189.98272884283244,2449.2573402417956
20.74039674300002,12.904,1.8998272884283245,189.98272884283244,2451.53713298791
20.750471626000945,12.872,1.8998272884283245,189.98272884283244,2445.457685664939
20.76054556500094,12.904,1.8998272884283245,189.98272884283244,2451.53713298791
20.770618595999622,12.864,1.8998272884283245,172.71157167530222,2221.761658031088
20.78069562699966,12.9,1.8998272884283245,172.71157167530222,2227.979274611399
20.790767881000647,12.868,1.8998272884283245,189.98272884283244,2444.697754749568
20.800843782999436,12.896,1.8998272884283245,189.98272884283244,2450.017271157167
20.81091818400091,12.876,1.8998272884283245,189.98272884283244,2446.2176165803103
20.820991679000144,12.892,1.7271157167530224,172.71157167530222,2226.5975820379963
20.83106806199976,12.872,1.8998272884283245,189.98272884283244,2445.457685664939
20.841154204001214,12.896,1.8998272884283245,189.98272884283244,2450.017271157167
20.851232772000003,12.876,1.8998272884283245,189.98272884283244,2446.2176165803103
20.86130946999947,12.892,1.8998272884283245,189.98272884283244,2449.2573402417956
20.871390631000395,12.872,1.8998272884283245,172.71157167530222,2223.14335060449
20.881468236000728,12.892,1.8998272884283245,189.98272884283244,2449.2573402417956
20.89155026700064,12.872,1.8998272884283245,189.98272884283244,2445.457685664939
20.90163333500095,12.896,1.8998272884283245,189.98272884283244,2450.017271157167
20.911714773999847,12.88,1.8998272884283245,189.98272884283244,2446.977547495682
20.921797471999525,12.884,1.8998272884283245,189.98272884283244,2447.7374784110534
20.931874928999605,12.88,1.7271157167530224,172.71157167530222,2224.5250431778927
20.941957238001123,12.884,1.8998272884283245,189.98272884283244,2447.7374784110534
20.95203080600004,12.884,1.8998272884283245,189.98272884283244,2447.7374784110534
20.962109337000584,12.888,1.8998272884283245,189.98272884283244,2448.4974093264245
20.972185147000346,12.88,1.8998272884283245,189.98272884283244,2446.977547495682
20.982262937000996,12.888,1.8998272884283245,172.71157167530222,2225.906735751295
20.992339061000166,12.876,1.8998272884283245,189.98272884283244,2446.2176165803103
21.00241716600067,12.88,1.8998272884283245,172.71157167530222,2224.5250431778927
21.01249351200022,12.888,1.8998272884283245,189.98272884283244,2448.4974093264245
21.02257150600053,12.876,1.8998272884283245,172.71157167530222,2223.8341968911914
21.032647666999765,12.888,1.7271157167530224,189.98272884283244,2448.4974093264245
21.042721384001197,12.876,1.8998272884283245,172.71157167530222,2223.8341968911914
21.05280261900043,12.888,1.8998272884283245,189.98272884283244,2448.4974093264245
21.06288218699956,12.876,1.8998272884283245,189.98272884283244,2446.2176165803103
21.072963050999533,12.892,1.8998272884283245,189.98272884283244,2449.2573402417956
21.0830436010001,12.876,2.072538860103627,189.98272884283244,2446.2176165803103
21.09312391000094,12.888,1.7271157167530224,189.98272884283244,2448.4974093264245
21.103201608000745,12.88,1.8998272884283245,172.71157167530222,2224.5250431778927
21.11327963900112,12.888,1.8998272884283245,189.98272884283244,2448.4974093264245
21.12335598500067,12.88,1.8998272884283245,189.98272884283244,2446.977547495682
21.133433275999778,12.896,1.8998272884283245,189.98272884283244,2450.017271157167
21.143510400001105,12.868,1.8998272884283245,189.98272884283244,2444.697754749568
21.153590412000995,12.896,1.8998272884283245,189.98272884283244,2450.017271157167
21.1636664990001,12.868,1.8998272884283245,189.98272884283244,2444.697754749568
21.173743974999525,12.896,1.8998272884283245,189.98272884283244,2450.017271157167
21.183819895000852,12.876,1.8998272884283245,189.98272884283244,2446.2176165803103
21.193897426001058,12.888,1.8998272884283245,189.98272884283244,2448.4974093264245
21.203973568999572,12.876,1.8998272884283245,189.98272884283244,2446.2176165803103
21.214045785000053,12.892,1.8998272884283245,189.98272884283244,2449.2573402417956
21.224125298000217,12.868,1.7271157167530224,172.71157167530222,2222.452504317789
21.23420377399998,12.9,1.7271157167530224,189.98272884283244,2450.777202072539
21.24429099000008,12.864,1.8998272884283245,189.98272884283244,2443.9378238341965
21.254373354000563,12.9,1.8998272884283245,189.98272884283244,2450.777202072539
21.26445358899946,12.864,1.8998272884283245,189.98272884283244,2443.9378238341965
21.27453426899956,12.9,1.8998272884283245,189.98272884283244,2450.777202072539
21.284614743999555,12.86,1.8998272884283245,189.98272884283244,2443.177892918825
21.294695608999973,12.904,1.8998272884283245,189.98272884283244,2451.53713298791
21.304770566001025,12.868,1.8998272884283245,189.98272884283244,2444.697754749568
21.314851226999963,12.892,1.7271157167530224,172.71157167530222,2226.5975820379963
21.324932313000318,12.872,1.8998272884283245,172.71157167530222,2223.14335060449
21.335012363000715,12.896,1.8998272884283245,189.98272884283244,2450.017271157167
21.345103783000013,12.872,1.7271157167530224,189.98272884283244,2445.457685664939
21.355179296000642,12.9,1.8998272884283245,172.71157167530222,2227.979274611399
21.365252437999516,12.868,1.8998272884283245,189.98272884283244,2444.697754749568
21.375329266000335,12.896,1.8998272884283245,189.98272884283244,2450.017271157167
21.38540548200035,12.872,1.8998272884283245,189.98272884283244,2445.457685664939
21.395481532001213,12.884,1.8998272884283245,189.98272884283244,2447.7374784110534
21.405537008000465,12.876,1.8998272884283245,189.98272884283244,2446.2176165803103
21.415609113000755,12.884,1.8998272884283245,189.98272884283244,2447.7374784110534
21.425686866999968,12.88,1.8998272884283245,189.98272884283244,2446.977547495682
21.435762991000956,12.892,1.8998272884283245,207.2538860103627,2671.917098445596
21.4458506330011,12.876,1.7271157167530224,172.71157167530222,2223.8341968911914
21.45593355300116,12.892,1.8998272884283245,189.98272884283244,2449.2573402417956
21.46601575100067,12.88,1.8998272884283245,189.98272884283244,2446.977547495682
21.476096226000664,12.892,1.8998272884283245,189.98272884283244,2449.2573402417956
21.4861780909996,12.872,1.8998272884283245,189.98272884283244,2445.457685664939
21.496258826000485,12.892,1.8998272884283245,189.98272884283244,2449.2573402417956
21.506339523999486,12.88,1.8998272884283245,189.98272884283244,2446.977547495682
21.516419814000983,12.892,1.7271157167530224,189.98272884283244,2449.2573402417956
21.526500326999667,12.884,1.8998272884283245,189.98272884283244,2447.7374784110534
21.536578895000275,12.876,1.8998272884283245,189.98272884283244,2446.2176165803103
21.54666640799951,12.888,1.8998272884283245,189.98272884283244,2448.4974093264245
21.556744401999822,12.88,1.8998272884283245,189.98272884283244,2446.977547495682
21.566818526000134,12.884,1.8998272884283245,189.98272884283244,2447.7374784110534
21.576894816000276,12.88,1.8998272884283245,189.98272884283244,2446.977547495682
21.586971235999954,12.884,1.8998272884283245,189.98272884283244,2447.7374784110534
21.59704743400107,12.876,1.8998272884283245,189.98272884283244,2446.2176165803103
21.60712353999952,12.892,1.8998272884283245,189.98272884283244,2449.2573402417956
21.617199329999494,12.872,1.8998272884283245,189.98272884283244,2445.457685664939
21.62727536100101,12.896,1.8998272884283245,189.98272884283244,2450.017271157167
21.637351577999652,12.868,1.8998272884283245,189.98272884283244,2444.697754749568
21.64746907100016,12.896,1.8998272884283245,189.98272884283244,2450.017271157167
21.65755191700009,12.868,1.7271157167530224,189.98272884283244,2444.697754749568
21.667632263000996,12.896,1.8998272884283245,189.98272884283244,2450.017271157167
21.677714665000167,12.872,1.8998272884283245,189.98272884283244,2445.457685664939
21.68779491799978,12.892,1.8998272884283245,189.98272884283244,2449.2573402417956
21.69787700500092,12.876,1.8998272884283245,189.98272884283244,2446.2176165803103
21.707957388000068,12.884,1.8998272884283245,189.98272884283244,2447.7374784110534
21.718039381999915,12.876,1.8998272884283245,189.98272884283244,2446.2176165803103
21.72811945000103,12.896,1.8998272884283245,189.98272884283244,2450.017271157167
21.738201000000117,12.876,1.7271157167530224,189.98272884283244,2446.2176165803103
21.74829058599971,12.9,1.8998272884283245,189.98272884283244,2450.777202072539
21.758366895001018,12.868,1.8998272884283245,189.98272884283244,2444.697754749568
21.768442964001224,12.9,1.8998272884283245,189.98272884283244,2450.777202072539
21.77852056899974,12.868,1.8998272884283245,189.98272884283244,2444.697754749568
21.788596599999437,12.9,1.8998272884283245,189.98272884283244,2450.777202072539
21.79867396500049,12.864,1.7271157167530224,189.98272884283244,2443.9378238341965
21.80875112600006,12.896,1.8998272884283245,172.71157167530222,2227.2884283246976
21.818825378999463,12.872,1.8998272884283245,189.98272884283244,2445.457685664939
21.828902057999585,12.9,1.8998272884283245,189.98272884283244,2450.777202072539
21.83897823799998,12.864,1.8998272884283245,189.98272884283244,2443.9378238341965
21.849059824000506,12.904,1.8998272884283245,172.71157167530222,2228.6701208981
21.859136873999887,12.868,1.7271157167530224,189.98272884283244,2444.697754749568
21.869226535000053,12.9,1.8998272884283245,189.98272884283244,2450.777202072539
21.879309436000767,12.868,1.8998272884283245,189.98272884283244,2444.697754749568
21.889390319000086,12.896,1.8998272884283245,189.98272884283244,2450.017271157167
21.899471610000546,12.872,1.8998272884283245,189.98272884283244,2445.457685664939
21.909625084001163,12.9,1.8998272884283245,189.98272884283244,2450.777202072539
21.919705393000186,12.876,1.8998272884283245,189.98272884283244,2446.2176165803103
21.929788313000245,12.888,1.8998272884283245,189.98272884283244,2448.4974093264245
21.939868806999584,12.876,1.8998272884283245,189.98272884283244,2446.2176165803103
21.950025743999504,12.892,1.8998272884283245,189.98272884283244,2449.2573402417956
21.96010177500102,12.876,1.8998272884283245,189.98272884283244,2446.2176165803103
21.97017976999996,12.892,1.8998272884283245,172.71157167530222,2226.5975820379963
21.980256263999763,12.872,1.8998272884283245,189.98272884283244,2445.457685664939
21.990334072999758,12.896,1.8998272884283245,189.98272884283244,2450.017271157167
22.00041047400009,12.868,1.8998272884283245,189.98272884283244,2444.697754749568
22.01048839500072,12.892,1.8998272884283245,189.98272884283244,2449.2573402417956
22.020563981001033,12.876,1.8998272884283245,189.98272884283244,2446.2176165803103
22.030639976001112,12.884,1.8998272884283245,189.98272884283244,2447.7374784110534
22.04071563599973,12.884,1.8998272884283245,172.71157167530222,2225.215889464594
22.05080196400013,12.884,1.8998272884283245,189.98272884283244,2447.7374784110534
22.06088251300025,12.884,1.7271157167530224,189.98272884283244,2447.7374784110534
22.07096337800067,12.884,1.8998272884283245,189.98272884283244,2447.7374784110534
22.081044223999925,12.884,1.8998272884283245,189.98272884283244,2447.7374784110534
22.091124366001168,12.88,1.8998272884283245,189.98272884283244,2446.977547495682
22.101204619999407,12.884,1.8998272884283245,189.98272884283244,2447.7374784110534
22.111285058001158,12.88,1.8998272884283245,189.98272884283244,2446.977547495682
22.121366052000667,12.884,1.8998272884283245,189.98272884283244,2447.7374784110534
22.1314450280006,12.884,1.8998272884283245,189.98272884283244,2447.7374784110534
22.14152726300017,12.888,1.8998272884283245,189.98272884283244,2448.4974093264245
22.15161427500061,12.876,1.8998272884283245,189.98272884283244,2446.2176165803103
22.16169454699957,12.892,1.8998272884283245,189.98272884283244,2449.2573402417956
22.17177176400037,12.876,1.8998272884283245,189.98272884283244,2446.2176165803103
22.181849406000765,12.892,1.8998272884283245,189.98272884283244,2449.2573402417956
22.19192527099949,12.88,1.8998272884283245,189.98272884283244,2446.977547495682
22.202002301999528,12.888,1.8998272884283245,189.98272884283244,2448.4974093264245
22.212076796000474,12.88,1.8998272884283245,189.98272884283244,2446.977547495682
22.222149772000193,12.888,1.8998272884283245,189.98272884283244,2448.4974093264245
22.232237321000866,12.88,1.8998272884283245,189.98272884283244,2446.977547495682
22.242318075001094,12.896,1.8998272884283245,189.98272884283244,2450.017271157167
22.252419587000986,12.868,1.8998272884283245,189.98272884283244,2444.697754749568
22.262499063001087,12.9,1.7271157167530224,172.71157167530222,2227.979274611399
22.27257502000066,12.868,1.8998272884283245,189.98272884283244,2444.697754749568
22.28265258800093,12.896,1.8998272884283245,172.71157167530222,2227.2884283246976
22.292730397000923,12.868,1.7271157167530224,207.2538860103627,2666.943005181347
22.30280307599969,12.896,1.7271157167530224,189.98272884283244,2450.017271157167
22.31287945999975,12.868,1.7271157167530224,189.98272884283244,2444.697754749568
22.322954269000547,12.896,1.8998272884283245,189.98272884283244,2450.017271157167
22.333032558999548,12.872,1.8998272884283245,189.98272884283244,2445.457685664939
22.343109183000706,12.896,1.8998272884283245,172.71157167530222,2227.2884283246976
22.35319643600087,12.864,1.8998272884283245,189.98272884283244,2443.9378238341965
22.363276781999957,12.9,1.8998272884283245,189.98272884283244,2450.777202072539
22.373356647000037,12.864,1.8998272884283245,189.98272884283244,2443.9378238341965
22.383433603999947,12.9,1.8998272884283245,189.98272884283244,2450.777202072539
22.393540949000453,12.864,1.7271157167530224,189.98272884283244,2443.9378238341965
22.403621794999708,12.896,1.8998272884283245,189.98272884283244,2450.017271157167
22.413704438000423,12.868,1.7271157167530224,189.98272884283244,2444.697754749568
22.423786617000587,12.9,1.8998272884283245,189.98272884283244,2450.777202072539
22.43386909199944,12.872,1.7271157167530224,189.98272884283244,2445.457685664939
22.443949716000134,12.888,1.8998272884283245,189.98272884283244,2448.4974093264245
22.454045099000723,12.876,1.8998272884283245,189.98272884283244,2446.2176165803103
22.464120963000823,12.892,2.072538860103627,189.98272884283244,2449.2573402417956
22.474198235000586,12.872,1.8998272884283245,189.98272884283244,2445.457685664939
22.484274080999967,12.896,1.8998272884283245,189.98272884283244,2450.017271157167
22.4943518529999,12.872,1.8998272884283245,189.98272884283244,2445.457685664939
22.504427551000845,12.9,1.8998272884283245,189.98272884283244,2450.777202072539
22.51450484199995,12.868,1.8998272884283245,189.98272884283244,2444.697754749568
22.52458218799984,12.888,1.8998272884283245,189.98272884283244,2448.4974093264245
22.534668940999836,12.876,2.072538860103627,189.98272884283244,2446.2176165803103
22.544742176,12.888,1.8998272884283245,189.98272884283244,2448.4974093264245
22.554831059000207,12.88,1.8998272884283245,189.98272884283244,2446.977547495682
22.564907775000393,12.888,1.8998272884283245,189.98272884283244,2448.4974093264245
22.574983529000747,12.88,1.8998272884283245,189.98272884283244,2446.977547495682
22.585059171000466,12.892,1.7271157167530224,189.98272884283244,2449.2573402417956
22.595135499001117,12.88,1.8998272884283245,189.98272884283244,2446.977547495682
22.605211641001006,12.888,1.8998272884283245,189.98272884283244,2448.4974093264245
22.615287320999414,12.88,1.8998272884283245,189.98272884283244,2446.977547495682
22.625364944000466,12.876,2.072538860103627,172.71157167530222,2223.8341968911914
22.63544269799968,12.884,1.8998272884283245,189.98272884283244,2447.7374784110534
22.645534432000204,12.876,1.8998272884283245,189.98272884283244,2446.2176165803103
22.655664518000776,12.888,1.8998272884283245,189.98272884283244,2448.4974093264245
22.665747827000814,12.876,1.8998272884283245,189.98272884283244,2446.2176165803103
22.675828117000492,12.888,1.8998272884283245,189.98272884283244,2448.4974093264245
22.685909926000022,12.876,1.8998272884283245,189.98272884283244,2446.2176165803103
22.695989661000567,12.884,1.8998272884283245,189.98272884283244,2447.7374784110534
22.70607189600014,12.88,1.7271157167530224,189.98272884283244,2446.977547495682
22.71615150100115,12.884,1.8998272884283245,189.98272884283244,2447.7374784110534
22.726238810000723,12.884,1.8998272884283245,189.98272884283244,2447.7374784110534
22.736316675000126,12.884,1.8998272884283245,189.98272884283244,2447.7374784110534
22.74639802099955,12.884,1.8998272884283245,189.98272884283244,2447.7374784110534
22.756489032999525,12.888,1.7271157167530224,189.98272884283244,2448.4974093264245
22.766565694000747,12.872,1.7271157167530224,189.98272884283244,2445.457685664939
22.776641206999557,12.896,1.7271157167530224,189.98272884283244,2450.017271157167
22.7867189410008,12.868,1.8998272884283245,189.98272884283244,2444.697754749568
22.796801657999822,12.896,1.8998272884283245,189.98272884283244,2450.017271157167
22.80688081900007,12.868,1.8998272884283245,189.98272884283244,2444.697754749568
22.816954609001186,12.892,1.8998272884283245,189.98272884283244,2449.2573402417956
22.827030918000673,12.868,1.8998272884283245,189.98272884283244,2444.697754749568
22.837112819999675,12.892,1.7271157167530224,189.98272884283244,2449.2573402417956
22.847192721001193,12.872,1.8998272884283245,189.98272884283244,2445.457685664939
22.857275160000427,12.896,1.8998272884283245,189.98272884283244,2450.017271157167
22.867360838999957,12.868,1.8998272884283245,189.98272884283244,2444.697754749568
22.877439722000418,12.9,1.7271157167530224,189.98272884283244,2450.777202072539
22.887515604999862,12.868,1.8998272884283245,189.98272884283244,2444.697754749568
22.897593376999794,12.9,1.7271157167530224,189.98272884283244,2450.777202072539
22.907669223000994,12.868,1.7271157167530224,189.98272884283244,2444.697754749568
22.917751864999445,12.896,1.8998272884283245,189.98272884283244,2450.017271157167
22.927837526000076,12.872,1.8998272884283245,189.98272884283244,2445.457685664939
22.93791413100007,12.888,1.8998272884283245,172.71157167530222,2225.906735751295
22.94799107000108,12.872,1.8998272884283245,189.98272884283244,2445.457685664939
22.95807247099947,12.892,1.8998272884283245,172.71157167530222,2226.5975820379963
22.968145965000076,12.876,1.8998272884283245,172.71157167530222,2223.8341968911914
22.978223367001192,12.9,1.8998272884283245,189.98272884283244,2450.777202072539
22.988300343000446,12.872,1.8998272884283245,189.98272884283244,2445.457685664939
22.998376929001097,12.9,1.8998272884283245,189.98272884283244,2450.777202072539
23.008456812000077,12.868,1.8998272884283245,207.2538860103627,2666.943005181347
23.018530696001108,12.896,1.7271157167530224,189.98272884283244,2450.017271157167
23.028602671000044,12.872,1.8998272884283245,189.98272884283244,2445.457685664939
23.038678590999552,12.888,1.8998272884283245,189.98272884283244,2448.4974093264245
23.048755030000393,12.876,1.8998272884283245,189.98272884283244,2446.2176165803103
23.05884550600058,12.888,1.8998272884283245,207.2538860103627,2671.0880829015546
23.06892805499956,12.876,1.8998272884283245,189.98272884283244,2446.2176165803103
23.07900419699945,12.888,1.8998272884283245,189.98272884283244,2448.4974093264245
23.089078746999803,12.88,1.8998272884283245,189.98272884283244,2446.977547495682
23.09916013000111,12.892,1.8998272884283245,189.98272884283244,2449.2573402417956
23.109241161000682,12.876,1.8998272884283245,189.98272884283244,2446.2176165803103
23.119322006999937,12.888,1.8998272884283245,189.98272884283244,2448.4974093264245
23.129401594000228,12.88,1.8998272884283245,189.98272884283244,2446.977547495682
23.13948240299942,12.892,1.8998272884283245,189.98272884283244,2449.2573402417956
23.14956565600005,12.884,1.7271157167530224,189.98272884283244,2447.7374784110534
23.159658075999687,12.876,1.8998272884283245,189.98272884283244,2446.2176165803103
23.169736144000126,12.888,1.8998272884283245,189.98272884283244,2448.4974093264245
23.179812657001094,12.88,1.7271157167530224,189.98272884283244,2446.977547495682
23.189890707000814,12.888,1.8998272884283245,189.98272884283244,2448.4974093264245
23.19996305300083,12.88,1.8998272884283245,189.98272884283244,2446.977547495682
23.210034992000146,12.888,1.7271157167530224,189.98272884283244,2448.4974093264245
23.220106467000733,12.884,1.8998272884283245,189.98272884283244,2447.7374784110534
23.230188573001215,12.88,1.8998272884283245,189.98272884283244,2446.977547495682
23.24026214100013,12.88,1.8998272884283245,189.98272884283244,2446.977547495682
23.25033767199966,12.888,1.8998272884283245,189.98272884283244,2448.4974093264245
23.260474406000867,12.876,1.8998272884283245,189.98272884283244,2446.2176165803103
23.270550604000164,12.892,1.8998272884283245,189.98272884283244,2449.2573402417956
23.280631634999736,12.872,1.8998272884283245,189.98272884283244,2445.457685664939
23.290706166000746,12.896,1.8998272884283245,189.98272884283244,2450.017271157167
23.300786363999578,12.872,1.8998272884283245,189.98272884283244,2445.457685664939
23.310867136000525,12.896,1.8998272884283245,189.98272884283244,2450.017271157167
23.320947833999526,12.868,1.8998272884283245,172.71157167530222,2222.452504317789
23.331023308999647,12.892,1.8998272884283245,189.98272884283244,2449.2573402417956
23.341097618000276,12.872,1.8998272884283245,189.98272884283244,2445.457685664939
23.351173909000863,12.892,1.8998272884283245,189.98272884283244,2449.2573402417956
23.36126788399997,12.876,1.7271157167530224,189.98272884283244,2446.2176165803103
23.37133986000117,12.9,1.8998272884283245,189.98272884283244,2450.777202072539
23.381413021001208,12.864,1.8998272884283245,189.98272884283244,2443.9378238341965
23.391490162999617,12.9,1.8998272884283245,172.71157167530222,2227.979274611399
23.40156958300031,12.868,1.8998272884283245,189.98272884283244,2444.697754749568
23.411641578000854,12.9,1.8998272884283245,189.98272884283244,2450.777202072539
23.42171709000104,12.872,1.8998272884283245,189.98272884283244,2445.457685664939
23.43179354700078,12.888,1.8998272884283245,189.98272884283244,2448.4974093264245
23.441872338000394,12.872,1.7271157167530224,189.98272884283244,2445.457685664939
23.4519484249995,12.892,1.8998272884283245,172.71157167530222,2226.5975820379963
23.462020400000256,12.872,1.8998272884283245,189.98272884283244,2445.457685664939
23.472094913000547,12.896,1.8998272884283245,189.98272884283244,2450.017271157167
23.482174963000944,12.872,1.8998272884283245,189.98272884283244,2445.457685664939
23.492255994000516,12.9,1.8998272884283245,207.2538860103627,2673.5751295336786
23.50233693300106,12.868,1.8998272884283245,189.98272884283244,2444.697754749568
23.512412427000527,12.9,1.8998272884283245,189.98272884283244,2450.777202072539
23.52249273599955,12.864,1.8998272884283245,189.98272884283244,2443.9378238341965
23.532573119000517,12.9,1.8998272884283245,189.98272884283244,2450.777202072539
23.54264820500066,12.868,1.8998272884283245,189.98272884283244,2444.697754749568
23.552729237000676,12.892,1.8998272884283245,172.71157167530222,2226.5975820379963
23.562806674999592,12.872,1.8998272884283245,189.98272884283244,2445.457685664939
23.57288346600035,12.896,1.8998272884283245,189.98272884283244,2450.017271157167
23.582960200999878,12.872,1.8998272884283245,189.98272884283244,2445.457685664939
23.593036342999767,12.896,1.8998272884283245,189.98272884283244,2450.017271157167
23.603112707000037,12.872,1.8998272884283245,189.98272884283244,2445.457685664939
23.613188590999926,12.896,1.8998272884283245,189.98272884283244,2450.017271157167
23.62326482500066,12.876,1.8998272884283245,189.98272884283244,2446.2176165803103
23.63334133799981,12.884,1.8998272884283245,189.98272884283244,2447.7374784110534
23.643417479999698,12.88,1.8998272884283245,189.98272884283244,2446.977547495682
23.653493067000454,12.88,1.8998272884283245,189.98272884283244,2446.977547495682
23.663577395000175,12.88,1.8998272884283245,189.98272884283244,2446.977547495682
23.673658722000255,12.88,1.7271157167530224,189.98272884283244,2446.977547495682
23.683739735000927,12.884,1.8998272884283245,189.98272884283244,2447.7374784110534
23.693821746999674,12.884,1.8998272884283245,189.98272884283244,2447.7374784110534
23.703901963001044,12.884,1.7271157167530224,189.98272884283244,2447.7374784110534
23.713977347000764,12.888,1.8998272884283245,189.98272884283244,2448.4974093264245
23.724051877999955,12.88,1.7271157167530224,172.71157167530222,2224.5250431778927
23.734131298000648,12.888,1.8998272884283245,172.71157167530222,2225.906735751295
23.744211810000706,12.88,1.8998272884283245,189.98272884283244,2446.977547495682
23.75429210100083,12.884,1.8998272884283245,189.98272884283244,2447.7374784110534
23.76438366900038,12.888,2.072538860103627,189.98272884283244,2448.4974093264245
23.774463755000397,12.876,1.8998272884283245,189.98272884283244,2446.2176165803103
23.784544824000477,12.892,1.8998272884283245,189.98272884283244,2449.2573402417956
23.794625429000007,12.876,1.8998272884283245,189.98272884283244,2446.2176165803103
23.804702367000573,12.892,1.7271157167530224,172.71157167530222,2226.5975820379963
23.814782565001224,12.88,1.8998272884283245,189.98272884283244,2446.977547495682
23.82486252200033,12.892,1.8998272884283245,189.98272884283244,2449.2573402417956
23.834942941999543,12.872,1.7271157167530224,189.98272884283244,2445.457685664939
23.845023566000236,12.892,1.8998272884283245,189.98272884283244,2449.2573402417956
23.855098170999554,12.872,2.072538860103627,189.98272884283244,2445.457685664939
23.86520510900118,12.896,1.8998272884283245,189.98272884283244,2450.017271157167
23.875292807000733,12.868,1.7271157167530224,189.98272884283244,2444.697754749568
23.88538270800018,12.9,1.8998272884283245,189.98272884283244,2450.777202072539
23.89546473900009,12.864,1.8998272884283245,189.98272884283244,2443.9378238341965
23.905547993001164,12.9,1.8998272884283245,189.98272884283244,2450.777202072539
23.91562965400044,12.868,1.8998272884283245,189.98272884283244,2444.697754749568
23.925712999000098,12.896,1.8998272884283245,189.98272884283244,2450.017271157167
23.93579341900113,12.876,1.8998272884283245,172.71157167530222,2223.8341968911914
23.94587593200049,12.888,1.8998272884283245,189.98272884283244,2448.4974093264245
23.9559528890004,12.872,1.8998272884283245,189.98272884283244,2445.457685664939
23.966028234999612,12.896,1.8998272884283245,189.98272884283244,2450.017271157167
23.97610637700018,12.868,1.8998272884283245,172.71157167530222,2222.452504317789
23.986184483001125,12.9,1.8998272884283245,189.98272884283244,2450.777202072539
23.99626192100004,12.864,1.8998272884283245,189.98272884283244,2443.9378238341965
24.006340896999973,12.904,1.8998272884283245,189.98272884283244,2451.53713298791
24.01641802099948,12.868,1.8998272884283245,189.98272884283244,2444.697754749568
24.026491922000787,12.896,1.8998272884283245,189.98272884283244,2450.017271157167
24.036567916000422,12.868,1.7271157167530224,189.98272884283244,2444.697754749568
24.046644763000586,12.896,1.8998272884283245,189.98272884283244,2450.017271157167
24.056720738000877,12.868,1.8998272884283245,189.98272884283244,2444.697754749568
24.06686197199997,12.896,1.8998272884283245,189.98272884283244,2450.017271157167
24.076942873000007,12.872,1.7271157167530224,189.98272884283244,2445.457685664939
24.08701870100049,12.896,1.8998272884283245,189.98272884283244,2450.017271157167
24.097099861999595,12.872,1.8998272884283245,189.98272884283244,2445.457685664939
24.10718013299993,12.9,1.8998272884283245,189.98272884283244,2450.777202072539
24.11726060900037,12.868,1.8998272884283245,189.98272884283244,2444.697754749568
24.12734125099996,12.896,1.8998272884283245,189.98272884283244,2450.017271157167
24.137417912001183,12.872,1.8998272884283245,189.98272884283244,2445.457685664939
24.147497703001136,12.892,1.8998272884283245,189.98272884283244,2449.2573402417956
24.157576808000158,12.876,1.8998272884283245,189.98272884283244,2446.2176165803103
24.167668449999837,12.884,1.7271157167530224,189.98272884283244,2447.7374784110534
24.177742537000086,12.88,1.7271157167530224,189.98272884283244,2446.977547495682
24.187815049001074,12.888,1.8998272884283245,172.71157167530222,2225.906735751295
24.197886710000603,12.88,1.8998272884283245,189.98272884283244,2446.977547495682
24.207957685999645,12.892,1.8998272884283245,189.98272884283244,2449.2573402417956
24.218029162000676,12.88,1.8998272884283245,189.98272884283244,2446.977547495682
24.2281054340001,12.892,1.8998272884283245,189.98272884283244,2449.2573402417956
24.238178224000876,12.88,1.8998272884283245,189.98272884283244,2446.977547495682
24.248255570000765,12.88,1.8998272884283245,189.98272884283244,2446.977547495682
24.258327564000865,12.88,1.8998272884283245,189.98272884283244,2446.977547495682
24.26840950299993,12.88,1.8998272884283245,189.98272884283244,2446.977547495682
24.2784933490002,12.888,1.8998272884283245,189.98272884283244,2448.4974093264245
24.288573695001105,12.876,1.8998272884283245,189.98272884283244,2446.2176165803103
24.298654356000043,12.888,1.8998272884283245,189.98272884283244,2448.4974093264245
24.308734979000292,12.88,1.8998272884283245,189.98272884283244,2446.977547495682
24.31881554699976,12.888,1.8998272884283245,207.2538860103627,2671.0880829015546
24.32889596700079,12.884,1.8998272884283245,189.98272884283244,2447.7374784110534
24.33897725799943,12.884,1.8998272884283245,172.71157167530222,2225.215889464594
24.349056900000505,12.876,1.8998272884283245,207.2538860103627,2668.60103626943
24.35913630200048,12.888,1.8998272884283245,189.98272884283244,2448.4974093264245
24.36922811000113,12.88,1.8998272884283245,189.98272884283244,2446.977547495682
24.379310271000577,12.896,1.8998272884283245,189.98272884283244,2450.017271157167
24.389391598000657,12.868,1.8998272884283245,189.98272884283244,2444.697754749568
24.399474907000695,12.896,1.8998272884283245,172.71157167530222,2227.2884283246976
24.409546271999716,12.868,1.8998272884283245,172.71157167530222,2222.452504317789
24.419627209999817,12.896,1.8998272884283245,189.98272884283244,2450.017271157167
24.429706982000425,12.876,1.8998272884283245,189.98272884283244,2446.2176165803103
24.439786736000315,12.892,1.8998272884283245,189.98272884283244,2449.2573402417956
24.44986943299955,12.876,1.8998272884283245,189.98272884283244,2446.2176165803103
24.459949965001215,12.888,1.8998272884283245,189.98272884283244,2448.4974093264245
24.470030033000512,12.876,1.8998272884283245,172.71157167530222,2223.8341968911914
24.480106638000507,12.896,1.8998272884283245,189.98272884283244,2450.017271157167
24.490184373000375,12.864,1.8998272884283245,189.98272884283244,2443.9378238341965
24.5002594409998,12.9,1.8998272884283245,189.98272884283244,2450.777202072539
24.51033691700104,12.868,1.8998272884283245,172.71157167530222,2222.452504317789
24.52041328099949,12.9,1.8998272884283245,189.98272884283244,2450.777202072539
24.530491052999423,12.868,1.8998272884283245,172.71157167530222,2222.452504317789
24.54056695500003,12.896,1.8998272884283245,189.98272884283244,2450.017271157167
24.550642431000597,12.864,1.7271157167530224,189.98272884283244,2443.9378238341965
24.560717869000655,12.896,1.8998272884283245,189.98272884283244,2450.017271157167
24.570794326000396,12.868,1.8998272884283245,189.98272884283244,2444.697754749568
24.58087506099946,12.896,1.8998272884283245,189.98272884283244,2450.017271157167
24.59095609200085,12.868,1.8998272884283245,172.71157167530222,2222.452504317789
24.601037123000424,12.9,1.8998272884283245,189.98272884283244,2450.777202072539
24.611117542999636,12.868,1.8998272884283245,189.98272884283244,2444.697754749568
24.621197722999568,12.9,1.8998272884283245,189.98272884283244,2450.777202072539
24.631278197999563,12.868,1.8998272884283245,172.71157167530222,2222.452504317789
24.64135885900032,12.896,1.8998272884283245,189.98272884283244,2450.017271157167
24.651439760000358,12.872,1.8998272884283245,189.98272884283244,2445.457685664939
24.661543105999954,12.884,1.8998272884283245,189.98272884283244,2447.7374784110534
24.671624470000097,12.876,1.8998272884283245,189.98272884283244,2446.2176165803103
24.68170679800096,12.884,1.8998272884283245,189.98272884283244,2447.7374784110534
24.69178701400051,12.876,1.8998272884283245,189.98272884283244,2446.2176165803103
24.70186861900038,12.892,1.8998272884283245,189.98272884283244,2449.2573402417956
24.711949575999824,12.876,1.8998272884283245,189.98272884283244,2446.2176165803103
24.72203205200094,12.892,1.8998272884283245,189.98272884283244,2449.2573402417956
24.732112601001063,12.872,1.8998272884283245,189.98272884283244,2445.457685664939
24.742194558000847,12.892,1.8998272884283245,189.98272884283244,2449.2573402417956
24.75227386699953,12.872,1.8998272884283245,189.98272884283244,2445.457685664939
24.762355417000435,12.892,1.7271157167530224,172.71157167530222,2226.5975820379963
24.772437225999965,12.876,1.8998272884283245,172.71157167530222,2223.8341968911914
24.78251786799956,12.88,1.8998272884283245,189.98272884283244,2446.977547495682
24.792597732001013,12.88,1.8998272884283245,189.98272884283244,2446.977547495682
24.802677986001072,12.88,1.8998272884283245,189.98272884283244,2446.977547495682
24.812758832000327,12.88,1.8998272884283245,189.98272884283244,2446.977547495682
24.822839436999857,12.884,1.8998272884283245,189.98272884283244,2447.7374784110534
24.832920726999873,12.88,1.8998272884283245,189.98272884283244,2446.977547495682
24.84300177700061,12.88,1.8998272884283245,189.98272884283244,2446.977547495682
24.853081567000118,12.88,1.8998272884283245,189.98272884283244,2446.977547495682
24.86316848699971,12.876,1.8998272884283245,189.98272884283244,2446.2176165803103
24.873258388000977,12.888,1.8998272884283245,189.98272884283244,2448.4974093264245
24.883331864000866,12.868,1.8998272884283245,189.98272884283244,2444.697754749568
24.89340885800084,12.892,1.8998272884283245,207.2538860103627,2671.917098445596
24.90348551900024,12.872,1.8998272884283245,189.98272884283244,2445.457685664939
24.91356395799994,12.896,1.8998272884283245,189.98272884283244,2450.017271157167
24.923639970000295,12.876,1.8998272884283245,172.71157167530222,2223.8341968911914
24.93371761200069,12.892,1.8998272884283245,189.98272884283244,2449.2573402417956
24.94379462500001,12.876,1.7271157167530224,189.98272884283244,2446.2176165803103
24.953873100999772,12.884,1.8998272884283245,172.71157167530222,2225.215889464594
24.963949687000422,12.876,1.8998272884283245,189.98272884283244,2446.2176165803103
24.974026551999486,12.888,1.7271157167530224,189.98272884283244,2448.4974093264245
24.98410756500016,12.876,1.8998272884283245,189.98272884283244,2446.2176165803103
24.99419009600024,12.892,1.8998272884283245,172.71157167530222,2226.5975820379963
25.004270460000043,12.868,1.8998272884283245,189.98272884283244,2444.697754749568
25.014351769001223,12.896,1.8998272884283245,172.71157167530222,2227.2884283246976
25.024431763000393,12.868,1.8998272884283245,189.98272884283244,2444.697754749568
25.034512497999458,12.9,1.8998272884283245,189.98272884283244,2450.777202072539
25.044589733000976,12.872,1.8998272884283245,189.98272884283244,2445.457685664939
25.054670356001225,12.892,1.8998272884283245,189.98272884283244,2449.2573402417956
25.064751332000014,12.868,1.8998272884283245,189.98272884283244,2444.697754749568
25.07483147399944,12.892,1.7271157167530224,189.98272884283244,2449.2573402417956
25.084911523999835,12.872,1.8998272884283245,189.98272884283244,2445.457685664939
25.094992222000656,12.9,1.8998272884283245,189.98272884283244,2450.777202072539
25.105072530999678,12.864,1.7271157167530224,207.2538860103627,2666.1139896373056
25.115153728000223,12.904,1.8998272884283245,172.71157167530222,2228.6701208981
25.12523344500005,12.864,1.8998272884283245,189.98272884283244,2443.9378238341965
25.13531404999958,12.9,1.8998272884283245,189.98272884283244,2450.777202072539
25.14539509899987,12.872,1.8998272884283245,189.98272884283244,2445.457685664939
25.15547616799995,12.896,1.8998272884283245,189.98272884283244,2450.017271157167
25.165556031999586,12.876,1.8998272884283245,172.71157167530222,2223.8341968911914
25.175636821999433,12.884,1.8998272884283245,189.98272884283244,2447.7374784110534
25.18571670500023,12.876,1.7271157167530224,189.98272884283244,2446.2176165803103
25.19579745900046,12.892,1.8998272884283245,189.98272884283244,2449.2573402417956
25.205876545000137,12.876,1.8998272884283245,189.98272884283244,2446.2176165803103
25.215955872999984,12.896,1.8998272884283245,172.71157167530222,2227.2884283246976
25.226035682000656,12.872,1.8998272884283245,189.98272884283244,2445.457685664939
25.236116250000123,12.9,1.8998272884283245,189.98272884283244,2450.777202072539
25.246200411000245,12.872,1.8998272884283245,189.98272884283244,2445.457685664939
25.256282460000875,12.896,1.8998272884283245,189.98272884283244,2450.017271157167
25.26636269499977,12.872,1.8998272884283245,189.98272884283244,2445.457685664939
25.276442022000992,12.888,1.8998272884283245,189.98272884283244,2448.4974093264245
25.2865203500005,12.876,1.8998272884283245,189.98272884283244,2446.2176165803103
25.29659660300058,12.888,1.8998272884283245,189.98272884283244,2448.4974093264245
25.306674523000765,12.88,1.8998272884283245,189.98272884283244,2446.977547495682
25.31675090600038,12.892,1.8998272884283245,189.98272884283244,2449.2573402417956
25.326827418999528,12.88,1.8998272884283245,189.98272884283244,2446.977547495682
25.33690391300115,12.888,1.8998272884283245,189.98272884283244,2448.4974093264245
25.346979759000533,12.884,1.8998272884283245,189.98272884283244,2447.7374784110534
25.357056716000443,12.88,1.8998272884283245,189.98272884283244,2446.977547495682
25.36713300700103,12.888,1.8998272884283245,189.98272884283244,2448.4974093264245
25.377209333999417,12.88,1.8998272884283245,189.98272884283244,2446.977547495682
25.38729066199994,12.888,1.8998272884283245,189.98272884283244,2448.4974093264245
25.39737602599962,12.872,1.8998272884283245,189.98272884283244,2445.457685664939
25.40745746399989,12.888,1.8998272884283245,189.98272884283244,2448.4974093264245
25.41754079200109,12.876,1.8998272884283245,189.98272884283244,2446.2176165803103
25.42762199000026,12.888,1.8998272884283245,189.98272884283244,2448.4974093264245
25.437704649999432,12.88,1.7271157167530224,189.98272884283244,2446.977547495682
25.447785181000654,12.888,1.8998272884283245,172.71157167530222,2225.906735751295
25.457867287001136,12.88,1.8998272884283245,189.98272884283244,2446.977547495682
25.467947020999418,12.888,1.8998272884283245,189.98272884283244,2448.4974093264245
25.47804292299952,12.88,1.8998272884283245,189.98272884283244,2446.977547495682
25.488119583000298,12.892,1.8998272884283245,189.98272884283244,2449.2573402417956
25.49819713299985,12.868,1.8998272884283245,189.98272884283244,2444.697754749568
25.508273515999463,12.896,1.8998272884283245,189.98272884283244,2450.017271157167
25.518351288001213,12.868,1.8998272884283245,189.98272884283244,2444.697754749568
25.528428040999643,12.896,1.8998272884283245,189.98272884283244,2450.017271157167
25.538506110000526,12.872,1.8998272884283245,189.98272884283244,2445.457685664939
25.548581344999548,12.892,1.8998272884283245,189.98272884283244,2449.2573402417956
25.558658171999923,12.872,1.8998272884283245,189.98272884283244,2445.457685664939
25.56873470299979,12.896,1.8998272884283245,189.98272884283244,2450.017271157167
25.578820734001056,12.864,1.8998272884283245,189.98272884283244,2443.9378238341965
25.588902487001178,12.896,1.8998272884283245,189.98272884283244,2450.017271157167
25.598983592999502,12.872,1.8998272884283245,189.98272884283244,2445.457685664939
25.609064678999857,12.9,1.8998272884283245,189.98272884283244,2450.777202072539
25.61914552500093,12.86,1.8998272884283245,189.98272884283244,2443.177892918825
25.629226093000398,12.9,1.8998272884283245,189.98272884283244,2450.777202072539
25.639306772000054,12.864,1.8998272884283245,189.98272884283244,2443.9378238341965
25.64938682200045,12.9,1.8998272884283245,189.98272884283244,2450.777202072539
25.659467575000235,12.868,1.8998272884283245,189.98272884283244,2444.697754749568
25.66955073600002,12.888,1.8998272884283245,189.98272884283244,2448.4974093264245
25.679641304001052,12.872,1.8998272884283245,189.98272884283244,2445.457685664939
25.689724204999948,12.888,1.8998272884283245,189.98272884283244,2448.4974093264245
25.699805181000556,12.872,1.8998272884283245,189.98272884283244,2445.457685664939
25.709887379000065,12.896,1.8998272884283245,172.71157167530222,2227.2884283246976
25.719968151001012,12.872,1.8998272884283245,189.98272884283244,2445.457685664939
25.730050533000394,12.9,1.8998272884283245,189.98272884283244,2450.777202072539
25.74013065700092,12.868,1.8998272884283245,189.98272884283244,2444.697754749568
25.75021113299954,12.9,1.8998272884283245,207.2538860103627,2673.5751295336786
25.76029195999945,12.872,1.7271157167530224,189.98272884283244,2445.457685664939
25.770372695000333,12.9,1.8998272884283245,189.98272884283244,2450.777202072539
25.780460854999546,12.868,1.8998272884283245,189.98272884283244,2444.697754749568
25.790541997999753,12.884,1.8998272884283245,189.98272884283244,2447.7374784110534
25.800623455001187,12.872,1.8998272884283245,189.98272884283244,2445.457685664939
25.810704540999723,12.888,1.8998272884283245,189.98272884283244,2448.4974093264245
25.820785461000924,12.876,1.8998272884283245,189.98272884283244,2446.2176165803103
25.8308659180002,12.892,1.7271157167530224,172.71157167530222,2226.5975820379963
25.840947079001126,12.872,1.8998272884283245,189.98272884283244,2445.457685664939
25.85102694300076,12.892,1.8998272884283245,189.98272884283244,2449.2573402417956
25.8611063820008,12.876,1.8998272884283245,189.98272884283244,2446.2176165803103
25.871191431000625,12.888,1.8998272884283245,189.98272884283244,2448.4974093264245
25.881272425000134,12.884,1.8998272884283245,172.71157167530222,2225.215889464594
25.89134860500053,12.876,1.8998272884283245,189.98272884283244,2446.2176165803103
25.901424765999764,12.884,1.8998272884283245,189.98272884283244,2447.7374784110534
25.91149764900001,12.876,1.8998272884283245,189.98272884283244,2446.2176165803103
25.921575902000768,12.888,1.8998272884283245,189.98272884283244,2448.4974093264245
25.931652377999853,12.884,1.8998272884283245,189.98272884283244,2447.7374784110534
25.941729983000187,12.88,1.8998272884283245,189.98272884283244,2446.977547495682
25.951805921000414,12.884,1.7271157167530224,172.71157167530222,2225.215889464594
25.961881805000303,12.884,1.8998272884283245,189.98272884283244,2447.7374784110534
25.971957391000615,12.876,1.8998272884283245,189.98272884283244,2446.2176165803103
25.98209938400032,12.884,1.8998272884283245,189.98272884283244,2447.7374784110534
25.992181155999788,12.884,1.8998272884283245,189.98272884283244,2447.7374784110534
26.00225864999993,12.888,1.8998272884283245,189.98272884283244,2448.4974093264245
26.012339939999947,12.872,1.8998272884283245,189.98272884283244,2445.457685664939
26.022420490000513,12.892,1.7271157167530224,189.98272884283244,2449.2573402417956
26.03250166900034,12.872,1.7271157167530224,189.98272884283244,2445.457685664939
26.04258164500061,12.892,1.8998272884283245,189.98272884283244,2449.2573402417956
26.052662416999738,12.872,1.8998272884283245,207.2538860103627,2667.7720207253888
26.062743300000875,12.888,1.8998272884283245,189.98272884283244,2448.4974093264245
26.072823516000426,12.872,1.8998272884283245,189.98272884283244,2445.457685664939
26.08291358399947,12.892,1.8998272884283245,189.98272884283244,2449.2573402417956
26.09299004100103,12.864,1.7271157167530224,189.98272884283244,2443.9378238341965
26.103066091000073,12.9,1.8998272884283245,189.98272884283244,2450.777202072539
26.113141955000174,12.864,1.8998272884283245,189.98272884283244,2443.9378238341965
26.123217968000972,12.9,2.072538860103627,189.98272884283244,2450.777202072539
26.133293851000417,12.868,1.8998272884283245,189.98272884283244,2444.697754749568
26.14336941900001,12.9,1.8998272884283245,189.98272884283244,2450.777202072539
26.153444523999497,12.868,1.8998272884283245,172.71157167530222,2222.452504317789
26.16352016699966,12.896,1.8998272884283245,172.71157167530222,2227.2884283246976
26.173595901000226,12.868,1.8998272884283245,189.98272884283244,2444.697754749568
26.183680414000264,12.892,1.8998272884283245,189.98272884283244,2449.2573402417956
26.193762519000302,12.872,1.7271157167530224,189.98272884283244,2445.457685664939
26.203842717000953,12.892,1.8998272884283245,189.98272884283244,2449.2573402417956
26.213922248000017,12.872,1.8998272884283245,189.98272884283244,2445.457685664939
26.22400189000109,12.896,1.8998272884283245,189.98272884283244,2450.017271157167
26.234083328999986,12.864,1.8998272884283245,172.71157167530222,2221.761658031088
26.24416661900068,12.9,1.8998272884283245,189.98272884283244,2450.777202072539
26.254247520000717,12.868,1.8998272884283245,189.98272884283244,2444.697754749568
26.264327402999697,12.9,1.8998272884283245,189.98272884283244,2450.777202072539
26.274406841999735,12.872,1.8998272884283245,189.98272884283244,2445.457685664939
26.284498799001085,12.892,1.8998272884283245,189.98272884283244,2449.2573402417956
26.29457551499945,12.868,1.8998272884283245,207.2538860103627,2666.943005181347
26.30465175000063,12.896,1.8998272884283245,172.71157167530222,2227.2884283246976
26.314727226001196,12.868,1.8998272884283245,189.98272884283244,2444.697754749568
26.3248027009995,12.896,1.8998272884283245,189.98272884283244,2450.017271157167
26.334878825000487,12.868,1.8998272884283245,189.98272884283244,2444.697754749568
26.34495428199989,12.896,1.8998272884283245,189.98272884283244,2450.017271157167
26.355030295000688,12.872,1.8998272884283245,189.98272884283244,2445.457685664939
26.36510602999988,12.888,1.8998272884283245,189.98272884283244,2448.4974093264245
26.375181819999852,12.876,1.8998272884283245,207.2538860103627,2668.60103626943
26.38526585100044,12.884,1.8998272884283245,189.98272884283244,2447.7374784110534
26.395345271001133,12.88,1.8998272884283245,189.98272884283244,2446.977547495682
26.40542604300026,12.876,1.8998272884283245,172.71157167530222,2223.8341968911914
26.415506907000236,12.884,1.7271157167530224,189.98272884283244,2447.7374784110534
26.425540958000056,12.884,1.8998272884283245,189.98272884283244,2447.7374784110534
26.43562230399948,12.884,1.8998272884283245,189.98272884283244,2447.7374784110534
26.44570451999971,12.888,1.8998272884283245,189.98272884283244,2448.4974093264245
26.45578484699945,12.88,1.7271157167530224,189.98272884283244,2446.977547495682
26.46586434100027,12.888,1.8998272884283245,207.2538860103627,2671.0880829015546
26.475943835999715,12.884,1.7271157167530224,189.98272884283244,2447.7374784110534
26.486037939999733,12.888,1.7271157167530224,189.98272884283244,2448.4974093264245
26.496119027000532,12.884,1.8998272884283245,189.98272884283244,2447.7374784110534
26.506200873000125,12.876,1.8998272884283245,189.98272884283244,2446.2176165803103
26.516281311000057,12.888,2.072538860103627,189.98272884283244,2448.4974093264245
26.52636204600094,12.876,1.8998272884283245,189.98272884283244,2446.2176165803103
26.536441874000957,12.888,1.8998272884283245,189.98272884283244,2448.4974093264245
26.546522386001016,12.88,1.8998272884283245,189.98272884283244,2446.977547495682
26.556603046999953,12.888,1.8998272884283245,189.98272884283244,2448.4974093264245
26.566683651999483,12.88,1.8998272884283245,189.98272884283244,2446.977547495682
26.576764294000895,12.888,1.8998272884283245,189.98272884283244,2448.4974093264245
26.5868713990003,12.876,1.7271157167530224,189.98272884283244,2446.2176165803103
26.59695228199962,12.892,1.8998272884283245,189.98272884283244,2449.2573402417956
26.607032572001117,12.872,1.8998272884283245,189.98272884283244,2445.457685664939
26.617112844000076,12.896,1.8998272884283245,189.98272884283244,2450.017271157167
26.627193633999923,12.864,1.8998272884283245,189.98272884283244,2443.9378238341965
26.63727401700089,12.9,2.072538860103627,172.71157167530222,2227.979274611399
26.647354234000886,12.868,1.8998272884283245,189.98272884283244,2444.697754749568
26.65743478300101,12.9,1.8998272884283245,189.98272884283244,2450.777202072539
26.66751387000113,12.876,1.8998272884283245,189.98272884283244,2446.2176165803103
26.67759617900083,12.896,1.8998272884283245,189.98272884283244,2450.017271157167
26.687703191000764,12.876,1.8998272884283245,189.98272884283244,2446.2176165803103
26.697784833000696,12.888,1.8998272884283245,189.98272884283244,2448.4974093264245
26.70786547500029,12.872,1.8998272884283245,189.98272884283244,2445.457685664939
26.717945006001173,12.896,1.8998272884283245,189.98272884283244,2450.017271157167
26.7280247409999,12.868,1.8998272884283245,189.98272884283244,2444.697754749568
26.73810654999943,12.9,1.8998272884283245,189.98272884283244,2450.777202072539
26.748186803000863,12.864,1.8998272884283245,189.98272884283244,2443.9378238341965
26.758266519000244,12.9,1.8998272884283245,189.98272884283244,2450.777202072539
26.768346697999732,12.868,1.8998272884283245,189.98272884283244,2444.697754749568
26.778426414999558,12.904,1.8998272884283245,189.98272884283244,2451.53713298791
26.788515094000104,12.872,1.8998272884283245,189.98272884283244,2445.457685664939
26.798595514001136,12.892,1.8998272884283245,189.98272884283244,2449.2573402417956
26.808675211999798,12.868,1.8998272884283245,189.98272884283244,2444.697754749568
26.818755501999476,12.896,1.7271157167530224,189.98272884283244,2450.017271157167
26.828835311000148,12.872,1.8998272884283245,189.98272884283244,2445.457685664939
26.838915397000164,12.896,1.8998272884283245,172.71157167530222,2227.2884283246976
26.848994873000265,12.868,1.7271157167530224,172.71157167530222,2222.452504317789
26.859074441001212,12.9,1.8998272884283245,189.98272884283244,2450.777202072539
26.86916232400108,12.868,1.7271157167530224,189.98272884283244,2444.697754749568
26.87924453999949,12.9,1.8998272884283245,189.98272884283244,2450.777202072539
26.889407902999665,12.872,1.8998272884283245,189.98272884283244,2445.457685664939
26.89948437900057,12.88,1.8998272884283245,189.98272884283244,2446.977547495682
26.909561910000775,12.88,1.8998272884283245,189.98272884283244,2446.977547495682
26.91963770000075,12.88,1.8998272884283245,189.98272884283244,2446.977547495682
26.92971891600064,12.876,1.8998272884283245,189.98272884283244,2446.2176165803103
26.93979365099949,12.888,1.8998272884283245,189.98272884283244,2448.4974093264245
26.949873237999782,12.88,1.8998272884283245,189.98272884283244,2446.977547495682
26.95994876900113,12.892,1.8998272884283245,189.98272884283244,2449.2573402417956
26.97002528200028,12.88,1.8998272884283245,172.71157167530222,2224.5250431778927
26.98010164600055,12.892,1.8998272884283245,172.71157167530222,2226.5975820379963
26.990244065000297,12.884,1.8998272884283245,172.71157167530222,2225.215889464594
27.00032518900116,12.892,1.8998272884283245,189.98272884283244,2449.2573402417956
27.01040509000086,12.88,1.7271157167530224,172.71157167530222,2224.5250431778927
27.02048486199965,12.88,1.8998272884283245,189.98272884283244,2446.977547495682
27.03056428200034,12.884,1.8998272884283245,189.98272884283244,2447.7374784110534
27.040643628000907,12.876,1.8998272884283245,172.71157167530222,2223.8341968911914
27.050723473999824,12.888,1.8998272884283245,189.98272884283244,2448.4974093264245
27.060803468000813,12.88,1.8998272884283245,189.98272884283244,2446.977547495682
27.07088403600028,12.888,1.8998272884283245,189.98272884283244,2448.4974093264245
27.080963882001015,12.88,1.7271157167530224,189.98272884283244,2446.977547495682
27.091053505000673,12.888,1.8998272884283245,189.98272884283244,2448.4974093264245
27.101128850999885,12.876,1.8998272884283245,189.98272884283244,2446.2176165803103
27.11120484499952,12.888,1.8998272884283245,172.71157167530222,2225.906735751295
27.121280487999684,12.864,1.8998272884283245,189.98272884283244,2443.9378238341965
27.131356629999573,12.896,1.8998272884283245,172.71157167530222,2227.2884283246976
27.141431993999504,12.864,1.8998272884283245,172.71157167530222,2221.761658031088
27.15150830300081,12.896,1.8998272884283245,189.98272884283244,2450.017271157167
27.16158563099998,12.868,1.7271157167530224,189.98272884283244,2444.697754749568
27.17166208799972,12.896,1.8998272884283245,189.98272884283244,2450.017271157167
27.18173993399978,12.872,1.8998272884283245,189.98272884283244,2445.457685664939
27.191823946001023,12.892,1.8998272884283245,189.98272884283244,2449.2573402417956
27.20190401400032,12.876,1.8998272884283245,189.98272884283244,2446.2176165803103
27.211982916000125,12.888,1.8998272884283245,172.71157167530222,2225.906735751295
27.222062725000796,12.872,1.8998272884283245,189.98272884283244,2445.457685664939
27.232143515000644,12.896,1.8998272884283245,189.98272884283244,2450.017271157167
27.24222424999971,12.868,1.8998272884283245,189.98272884283244,2444.697754749568
27.25230722500055,12.896,1.8998272884283245,207.2538860103627,2672.7461139896373
27.262387053000566,12.864,1.8998272884283245,189.98272884283244,2443.9378238341965
27.27246636200107,12.9,1.7271157167530224,189.98272884283244,2450.777202072539
27.282547243999943,12.868,1.8998272884283245,207.2538860103627,2666.943005181347
27.292638811999495,12.9,1.8998272884283245,189.98272884283244,2450.777202072539
27.30271530600112,12.868,1.8998272884283245,189.98272884283244,2444.697754749568
27.312790467000013,12.892,1.8998272884283245,189.98272884283244,2449.2573402417956
27.322866960999818,12.868,1.8998272884283245,189.98272884283244,2444.697754749568
27.33294351100085,12.896,1.8998272884283245,189.98272884283244,2450.017271157167
27.34301980100099,12.868,1.8998272884283245,189.98272884283244,2444.697754749568
27.35309579600107,12.9,1.8998272884283245,189.98272884283244,2450.777202072539
27.36317221600075,12.868,1.8998272884283245,189.98272884283244,2444.697754749568
27.373248580001018,12.9,1.8998272884283245,189.98272884283244,2450.777202072539
27.38332364800044,12.872,1.8998272884283245,189.98272884283244,2445.457685664939
27.39344284500112,12.892,1.8998272884283245,189.98272884283244,2449.2573402417956
27.40352404300029,12.876,1.8998272884283245,189.98272884283244,2446.2176165803103
27.413605019000897,12.884,1.8998272884283245,189.98272884283244,2447.7374784110534
27.423684105000575,12.88,1.8998272884283245,189.98272884283244,2446.977547495682
27.43376615499983,12.884,1.8998272884283245,189.98272884283244,2447.7374784110534
27.443842871000015,12.876,1.8998272884283245,189.98272884283244,2446.2176165803103
27.453923995000878,12.892,1.8998272884283245,189.98272884283244,2449.2573402417956
27.464003156001127,12.88,1.8998272884283245,172.71157167530222,2224.5250431778927
27.474086446,12.896,1.8998272884283245,189.98272884283244,2450.017271157167
27.484166681000715,12.876,1.8998272884283245,189.98272884283244,2446.2176165803103
27.494241767000858,12.896,1.8998272884283245,189.98272884283244,2450.017271157167
27.504322595001213,12.88,1.8998272884283245,172.71157167530222,2224.5250431778927
27.514402978000362,12.892,1.8998272884283245,189.98272884283244,2449.2573402417956
27.524483416000294,12.876,1.8998272884283245,189.98272884283244,2446.2176165803103
27.53456435500084,12.88,1.8998272884283245,189.98272884283244,2446.977547495682
27.544644311999946,12.884,1.8998272884283245,189.98272884283244,2447.7374784110534
27.5547243609999,12.88,1.8998272884283245,189.98272884283244,2446.977547495682
27.564803633000338,12.888,1.8998272884283245,189.98272884283244,2448.4974093264245
27.574884497000312,12.884,2.072538860103627,189.98272884283244,2447.7374784110534
27.584965547001048,12.884,1.8998272884283245,172.71157167530222,2225.215889464594
27.59505480000007,12.884,1.8998272884283245,189.98272884283244,2447.7374784110534
27.605135330999474,12.884,1.8998272884283245,189.98272884283244,2447.7374784110534
27.615216251000675,12.876,1.8998272884283245,189.98272884283244,2446.2176165803103
27.62529719000122,12.892,1.8998272884283245,189.98272884283244,2449.2573402417956
27.635377034999692,12.868,1.7271157167530224,189.98272884283244,2444.697754749568
27.645456252001168,12.896,1.8998272884283245,189.98272884283244,2450.017271157167
27.655536005000613,12.868,1.8998272884283245,189.98272884283244,2444.697754749568
27.66561598000044,12.896,1.8998272884283245,189.98272884283244,2450.017271157167
27.67569528900094,12.876,1.8998272884283245,189.98272884283244,2446.2176165803103
27.685777209000662,12.896,1.7271157167530224,189.98272884283244,2450.017271157167
27.695881351000935,12.876,1.8998272884283245,189.98272884283244,2446.2176165803103
27.70596340100019,12.892,1.8998272884283245,189.98272884283244,2449.2573402417956
27.71604313500029,12.876,1.8998272884283245,189.98272884283244,2446.2176165803103
27.726125481000054,12.888,1.7271157167530224,172.71157167530222,2225.906735751295
27.736200511999414,12.876,1.7271157167530224,189.98272884283244,2446.2176165803103
27.74628126599964,12.896,1.8998272884283245,189.98272884283244,2450.017271157167
27.75636248199953,12.868,1.8998272884283245,189.98272884283244,2444.697754749568
27.7664428650005,12.9,1.7271157167530224,189.98272884283244,2450.777202072539
27.776523043999987,12.868,1.7271157167530224,172.71157167530222,2222.452504317789
27.786602723001124,12.9,1.8998272884283245,172.71157167530222,2227.979274611399
27.7966910690011,12.872,1.8998272884283245,189.98272884283244,2445.457685664939
27.806771229999868,12.896,1.8998272884283245,189.98272884283244,2450.017271157167
27.81685177899999,12.868,1.8998272884283245,189.98272884283244,2444.697754749568
27.826932514000873,12.896,1.8998272884283245,189.98272884283244,2450.017271157167
27.837013156000467,12.868,1.8998272884283245,189.98272884283244,2444.697754749568
27.84709346499949,12.9,1.8998272884283245,172.71157167530222,2227.979274611399
27.85717236600067,12.868,1.8998272884283245,189.98272884283244,2444.697754749568
27.86726178600111,12.9,1.8998272884283245,189.98272884283244,2450.777202072539
27.87734515000011,12.864,1.8998272884283245,189.98272884283244,2443.9378238341965
27.887425700000676,12.904,1.8998272884283245,189.98272884283244,2451.53713298791
27.897609654999542,12.864,1.8998272884283245,189.98272884283244,2443.9378238341965
27.907687742001144,12.896,1.8998272884283245,189.98272884283244,2450.017271157167
27.917767736000314,12.872,1.8998272884283245,172.71157167530222,2223.14335060449
27.927844507999907,12.888,1.8998272884283245,189.98272884283244,2448.4974093264245
27.937922928000262,12.876,1.8998272884283245,189.98272884283244,2446.2176165803103
27.947999533000257,12.892,1.8998272884283245,189.98272884283244,2449.2573402417956
27.958073083000272,12.876,1.8998272884283245,189.98272884283244,2446.2176165803103
27.96814935400107,12.896,1.8998272884283245,189.98272884283244,2450.017271157167
27.97822899700077,12.872,1.8998272884283245,189.98272884283244,2445.457685664939
27.988305730999855,12.896,1.8998272884283245,189.98272884283244,2450.017271157167
27.998440539000512,12.872,1.8998272884283245,189.98272884283244,2445.457685664939
28.008522440999513,12.896,1.8998272884283245,189.98272884283244,2450.017271157167
28.01860362000116,12.868,1.8998272884283245,189.98272884283244,2444.697754749568
28.028684077000435,12.896,1.8998272884283245,189.98272884283244,2450.017271157167
28.03876494100041,12.872,1.8998272884283245,189.98272884283244,2445.457685664939
28.04884565700013,12.884,1.7271157167530224,189.98272884283244,2447.7374784110534
28.05892718799987,12.88,1.8998272884283245,189.98272884283244,2446.977547495682
28.069007145000796,12.884,1.8998272884283245,189.98272884283244,2447.7374784110534
28.079086362000453,12.88,1.8998272884283245,172.71157167530222,2224.5250431778927
28.08916605900049,12.888,1.8998272884283245,172.71157167530222,2225.906735751295
28.099257201,12.884,1.8998272884283245,189.98272884283244,2447.7374784110534
28.109335195000313,12.888,1.8998272884283245,189.98272884283244,2448.4974093264245
28.119408411999757,12.884,1.7271157167530224,189.98272884283244,2447.7374784110534
28.129485257999477,12.88,1.8998272884283245,189.98272884283244,2446.977547495682
28.13956186299947,12.888,1.8998272884283245,189.98272884283244,2448.4974093264245
28.14963943099974,12.872,1.8998272884283245,189.98272884283244,2445.457685664939
28.159715609999694,12.888,1.8998272884283245,189.98272884283244,2448.4974093264245
28.169793549001042,12.876,1.8998272884283245,189.98272884283244,2446.2176165803103
28.179870025000127,12.888,1.8998272884283245,189.98272884283244,2448.4974093264245
28.189948332999847,12.88,1.7271157167530224,189.98272884283244,2446.977547495682
28.200069438000355,12.892,1.8998272884283245,189.98272884283244,2449.2573402417956
28.21015019100014,12.88,1.8998272884283245,172.71157167530222,2224.5250431778927
28.220229943999584,12.888,1.8998272884283245,189.98272884283244,2448.4974093264245
28.230308846001208,12.88,1.8998272884283245,207.2538860103627,2669.4300518134714
28.240389581000272,12.88,1.8998272884283245,189.98272884283244,2446.977547495682
28.25047038900084,12.88,1.8998272884283245,189.98272884283244,2446.977547495682
28.260555308999756,12.892,1.8998272884283245,189.98272884283244,2449.2573402417956
28.270636396000555,12.868,1.8998272884283245,189.98272884283244,2444.697754749568
28.280717723000635,12.896,1.7271157167530224,189.98272884283244,2450.017271157167
28.290798605999953,12.868,1.8998272884283245,189.98272884283244,2444.697754749568
28.300891007000246,12.896,1.8998272884283245,189.98272884283244,2450.017271157167
28.310967298000833,12.872,1.7271157167530224,189.98272884283244,2445.457685664939
28.321042681000108,12.892,1.7271157167530224,172.71157167530222,2226.5975820379963
28.331118934000187,12.868,1.8998272884283245,189.98272884283244,2444.697754749568
28.34119489099976,12.892,1.8998272884283245,189.98272884283244,2449.2573402417956
28.351271904000896,12.872,1.8998272884283245,189.98272884283244,2445.457685664939
28.361348657001145,12.896,1.8998272884283245,189.98272884283244,2450.017271157167
28.371422150999933,12.864,1.8998272884283245,189.98272884283244,2443.9378238341965
28.38149814499957,12.9,1.8998272884283245,189.98272884283244,2450.777202072539
28.391574139001023,12.86,1.8998272884283245,189.98272884283244,2443.177892918825
28.40162741200038,12.904,1.8998272884283245,172.71157167530222,2228.6701208981
28.411705960999825,12.864,1.8998272884283245,189.98272884283244,2443.9378238341965
28.421791455000857,12.9,1.8998272884283245,189.98272884283244,2450.777202072539
28.431872430999647,12.868,1.8998272884283245,189.98272884283244,2444.697754749568
28.44195468399994,12.888,1.8998272884283245,189.98272884283244,2448.4974093264245
28.452035345000695,12.872,1.8998272884283245,189.98272884283244,2445.457685664939
28.462113302000944,12.892,1.8998272884283245,189.98272884283244,2449.2573402417956
28.472190906999458,12.876,1.8998272884283245,189.98272884283244,2446.2176165803103
28.48227265999958,12.896,1.8998272884283245,189.98272884283244,2450.017271157167
28.492353912999533,12.872,1.8998272884283245,189.98272884283244,2445.457685664939
28.502447963001032,12.9,1.8998272884283245,172.71157167530222,2227.979274611399
28.512524474999736,12.872,1.8998272884283245,189.98272884283244,2445.457685664939
28.522598173000006,12.892,1.8998272884283245,172.71157167530222,2226.5975820379963
28.53267213000072,12.868,1.8998272884283245,189.98272884283244,2444.697754749568
28.542745254000693,12.888,1.8998272884283245,189.98272884283244,2448.4974093264245
28.55281800800003,12.872,1.8998272884283245,189.98272884283244,2445.457685664939
28.562892187001125,12.888,1.8998272884283245,189.98272884283244,2448.4974093264245
28.57296494000002,12.876,1.8998272884283245,189.98272884283244,2446.2176165803103
28.583041694000713,12.892,1.8998272884283245,189.98272884283244,2449.2573402417956
28.59311774300113,12.876,1.7271157167530224,189.98272884283244,2446.2176165803103
28.603203107999434,12.896,1.8998272884283245,189.98272884283244,2450.017271157167
28.613284582999768,12.872,1.8998272884283245,189.98272884283244,2445.457685664939
28.62336522500118,12.892,1.8998272884283245,189.98272884283244,2449.2573402417956
28.633446664000076,12.88,1.8998272884283245,172.71157167530222,2224.5250431778927
28.643523971999457,12.888,1.8998272884283245,189.98272884283244,2448.4974093264245
28.65360763299941,12.884,1.8998272884283245,189.98272884283244,2447.7374784110534
28.663688090000505,12.876,2.072538860103627,189.98272884283244,2446.2176165803103
28.67377015800048,12.888,1.8998272884283245,189.98272884283244,2448.4974093264245
28.68385026299984,12.88,1.8998272884283245,189.98272884283244,2446.977547495682
28.69393216500066,12.888,1.8998272884283245,172.71157167530222,2225.906735751295
28.704014046999873,12.88,1.8998272884283245,172.71157167530222,2224.5250431778927
28.714092745000016,12.884,1.8998272884283245,189.98272884283244,2447.7374784110534
28.724165499001174,12.884,1.8998272884283245,189.98272884283244,2447.7374784110534
28.734244493000006,12.884,1.7271157167530224,189.98272884283244,2447.7374784110534
28.744320671999958,12.876,1.8998272884283245,189.98272884283244,2446.2176165803103
28.75439899900084,12.884,1.8998272884283245,189.98272884283244,2447.7374784110534
28.764475104000667,12.872,1.8998272884283245,189.98272884283244,2445.457685664939
28.774552894999943,12.892,1.8998272884283245,189.98272884283244,2449.2573402417956
28.784628999999768,12.872,1.7271157167530224,189.98272884283244,2445.457685664939
28.79470649399991,12.892,1.7271157167530224,189.98272884283244,2449.2573402417956
28.80479161800031,12.876,1.8998272884283245,189.98272884283244,2446.2176165803103
28.814872963001108,12.896,1.8998272884283245,172.71157167530222,2227.2884283246976
28.824951493999833,12.876,1.8998272884283245,189.98272884283244,2446.2176165803103
28.835032933000548,12.892,1.8998272884283245,189.98272884283244,2449.2573402417956
28.845113315999697,12.868,1.8998272884283245,189.98272884283244,2444.697754749568
28.855193310000686,12.892,1.8998272884283245,189.98272884283244,2449.2573402417956
28.865288377999605,12.876,1.8998272884283245,189.98272884283244,2446.2176165803103
28.875371668000298,12.896,1.8998272884283245,189.98272884283244,2450.017271157167
28.885452643000463,12.864,1.8998272884283245,189.98272884283244,2443.9378238341965
28.895534211000268,12.9,1.8998272884283245,189.98272884283244,2450.777202072539
28.905625298000814,12.864,1.7271157167530224,189.98272884283244,2443.9378238341965
28.915701977000936,12.896,1.8998272884283245,189.98272884283244,2450.017271157167
28.925780138000846,12.872,1.7271157167530224,189.98272884283244,2445.457685664939
28.935856502001116,12.896,1.8998272884283245,189.98272884283244,2450.017271157167
28.94593429300039,12.876,1.8998272884283245,189.98272884283244,2446.2176165803103
28.95601315699969,12.888,1.8998272884283245,189.98272884283244,2448.4974093264245
28.966086836000613,12.872,1.8998272884283245,172.71157167530222,2223.14335060449
28.976163793000524,12.896,1.7271157167530224,189.98272884283244,2450.017271157167
28.98624058399946,12.868,1.8998272884283245,189.98272884283244,2444.697754749568
28.996316873999604,12.9,1.8998272884283245,189.98272884283244,2450.777202072539
29.006404867999663,12.872,1.8998272884283245,172.71157167530222,2223.14335060449
29.01648747299987,12.9,1.7271157167530224,189.98272884283244,2450.777202072539
29.026565393000055,12.872,1.8998272884283245,189.98272884283244,2445.457685664939
29.036646905000453,12.9,1.8998272884283245,189.98272884283244,2450.777202072539
29.046727585000554,12.872,1.8998272884283245,189.98272884283244,2445.457685664939
29.056804468000337,12.892,1.8998272884283245,189.98272884283244,2449.2573402417956
29.066885573000036,12.872,1.8998272884283245,189.98272884283244,2445.457685664939
29.076964141000644,12.896,1.8998272884283245,189.98272884283244,2450.017271157167
29.087041115999455,12.872,1.8998272884283245,189.98272884283244,2445.457685664939
29.097122203000254,12.896,1.8998272884283245,189.98272884283244,2450.017271157167
29.107212363000144,12.872,1.8998272884283245,172.71157167530222,2223.14335060449
29.117289320000054,12.896,1.8998272884283245,172.71157167530222,2227.2884283246976
29.127362795999943,12.876,1.8998272884283245,172.71157167530222,2223.8341968911914
29.137435030999768,12.888,1.8998272884283245,172.71157167530222,2225.906735751295
29.14751182100008,12.88,1.7271157167530224,189.98272884283244,2446.977547495682
29.157589852000456,12.88,1.8998272884283245,172.71157167530222,2224.5250431778927
29.167665847000535,12.884,1.8998272884283245,189.98272884283244,2447.7374784110534
29.177743137001016,12.88,1.8998272884283245,189.98272884283244,2446.977547495682
29.187819094000588,12.884,1.8998272884283245,189.98272884283244,2447.7374784110534
29.197895829000117,12.888,1.8998272884283245,189.98272884283244,2448.4974093264245
29.20796956400045,12.884,1.8998272884283245,172.71157167530222,2225.215889464594
29.218046113001037,12.888,1.8998272884283245,189.98272884283244,2448.4974093264245
29.22812625500046,12.88,1.8998272884283245,189.98272884283244,2446.977547495682
29.23820884199995,12.888,1.8998272884283245,189.98272884283244,2448.4974093264245
29.24828855800115,12.88,1.8998272884283245,189.98272884283244,2446.977547495682
29.2583685339996,12.884,1.8998272884283245,189.98272884283244,2447.7374784110534
29.26844567599983,12.884,1.8998272884283245,189.98272884283244,2447.7374784110534
29.27852213299957,12.876,2.072538860103627,189.98272884283244,2446.2176165803103
29.288602922999416,12.888,1.8998272884283245,189.98272884283244,2448.4974093264245
29.298682898999687,12.876,1.8998272884283245,189.98272884283244,2446.2176165803103
29.308774670000275,12.888,1.8998272884283245,189.98272884283244,2448.4974093264245
29.31885083099951,12.88,1.8998272884283245,189.98272884283244,2446.977547495682
29.328925325000455,12.888,1.8998272884283245,189.98272884283244,2448.4974093264245
29.338998078999794,12.88,1.8998272884283245,189.98272884283244,2446.977547495682
29.349070498999936,12.896,1.8998272884283245,189.98272884283244,2450.017271157167
29.359146085000248,12.864,1.8998272884283245,189.98272884283244,2443.9378238341965
29.36922245000096,12.896,1.8998272884283245,189.98272884283244,2450.017271157167
29.379298111000026,12.864,2.072538860103627,189.98272884283244,2443.9378238341965
29.389373771000464,12.896,1.8998272884283245,189.98272884283244,2450.017271157167
29.39944943199953,12.868,1.8998272884283245,189.98272884283244,2444.697754749568
29.40953725899999,12.896,1.8998272884283245,189.98272884283244,2450.017271157167
29.41961956799969,12.872,1.8998272884283245,189.98272884283244,2445.457685664939
29.429693654999937,12.896,1.8998272884283245,189.98272884283244,2450.017271157167
29.439770723000038,12.872,1.8998272884283245,189.98272884283244,2445.457685664939
29.449854717000562,12.888,1.8998272884283245,189.98272884283244,2448.4974093264245
29.459930211000028,12.872,1.8998272884283245,189.98272884283244,2445.457685664939
29.470006593999642,12.892,1.8998272884283245,172.71157167530222,2226.5975820379963
29.480082346999552,12.868,1.8998272884283245,172.71157167530222,2222.452504317789
29.49016515599942,12.9,1.8998272884283245,172.71157167530222,2227.979274611399
29.500244001999818,12.864,1.8998272884283245,189.98272884283244,2443.9378238341965
29.51031934800085,12.9,1.8998272884283245,189.98272884283244,2450.777202072539
29.520393249000335,12.868,1.8998272884283245,189.98272884283244,2444.697754749568
29.530466021000393,12.892,1.8998272884283245,189.98272884283244,2449.2573402417956
29.54053873799967,12.872,1.8998272884283245,189.98272884283244,2445.457685664939
29.55061104699962,12.896,1.8998272884283245,189.98272884283244,2450.017271157167
29.560687467001117,12.868,1.8998272884283245,189.98272884283244,2444.697754749568
29.570766164000815,12.896,1.8998272884283245,189.98272884283244,2450.017271157167
29.5808416029995,12.864,1.8998272884283245,189.98272884283244,2443.9378238341965
29.590917801000614,12.9,1.8998272884283245,189.98272884283244,2450.777202072539
29.600991516999784,12.868,1.8998272884283245,189.98272884283244,2444.697754749568
29.6110740109998,12.9,1.8998272884283245,189.98272884283244,2450.777202072539
29.62115450500096,12.872,1.7271157167530224,189.98272884283244,2445.457685664939
29.631234573000256,12.9,1.8998272884283245,189.98272884283244,2450.777202072539
29.641315234001013,12.876,1.8998272884283245,172.71157167530222,2223.8341968911914
29.65139563500088,12.888,1.8998272884283245,189.98272884283244,2448.4974093264245
29.661476055000094,12.88,1.8998272884283245,189.98272884283244,2446.977547495682
29.671556066999983,12.88,1.8998272884283245,189.98272884283244,2446.977547495682
29.68163833899962,12.88,1.8998272884283245,189.98272884283244,2446.977547495682
29.691717777999656,12.888,1.8998272884283245,172.71157167530222,2225.906735751295
29.70179995699982,12.88,1.8998272884283245,189.98272884283244,2446.977547495682
29.711889321000854,12.888,1.8998272884283245,189.98272884283244,2448.4974093264245
29.72196685200106,12.88,1.8998272884283245,189.98272884283244,2446.977547495682
29.732042401999934,12.88,1.8998272884283245,189.98272884283244,2446.977547495682
29.74211971099976,12.888,1.8998272884283245,189.98272884283244,2448.4974093264245
29.752191186000346,12.876,1.8998272884283245,189.98272884283244,2446.2176165803103
29.762264125,12.884,1.8998272884283245,189.98272884283244,2447.7374784110534
29.772337545000482,12.88,1.8998272884283245,189.98272884283244,2446.977547495682
29.782415965000837,12.884,1.8998272884283245,189.98272884283244,2447.7374784110534
29.792492163000134,12.884,1.8998272884283245,189.98272884283244,2447.7374784110534
29.802569544999642,12.884,1.8998272884283245,189.98272884283244,2447.7374784110534
29.812651669000843,12.884,1.8998272884283245,189.98272884283244,2447.7374784110534
29.822729941000944,12.884,1.8998272884283245,189.98272884283244,2447.7374784110534
29.832806415999585,12.884,1.8998272884283245,189.98272884283244,2447.7374784110534
29.842883651001102,12.892,1.8998272884283245,189.98272884283244,2449.2573402417956
29.852960440999595,12.88,2.072538860103627,189.98272884283244,2446.977547495682
29.863044064999485,12.896,1.8998272884283245,189.98272884283244,2450.017271157167
29.873128133000137,12.864,1.8998272884283245,189.98272884283244,2443.9378238341965
29.883208442000978,12.896,1.8998272884283245,189.98272884283244,2450.017271157167
29.893289177000042,12.868,1.8998272884283245,189.98272884283244,2444.697754749568
29.903370318999805,12.9,1.8998272884283245,189.98272884283244,2450.777202072539
29.913592347000304,12.868,1.8998272884283245,189.98272884283244,2444.697754749568
29.92367069300053,12.896,1.8998272884283245,189.98272884283244,2450.017271157167
29.9337494650008,12.876,1.7271157167530224,189.98272884283244,2446.2176165803103
29.943826902999717,12.896,1.8998272884283245,189.98272884283244,2450.017271157167
29.95390560099986,12.876,1.8998272884283245,189.98272884283244,2446.2176165803103
29.96397931700085,12.896,1.8998272884283245,189.98272884283244,2450.017271157167
29.97405842199987,12.868,1.8998272884283245,189.98272884283244,2444.697754749568
29.98413515700122,12.896,1.8998272884283245,189.98272884283244,2450.017271157167
29.99420741100039,12.864,1.8998272884283245,189.98272884283244,2443.9378238341965
