======================================================================
Twist 1 — Stage B informed vs random (iso-density)
  D=1024  keep=0.125  seeds=[0, 1, 2, 3, 4, 5, 6, 7, 8, 9, 10, 11, 12, 13, 14, 15, 16, 17, 18, 19, 20, 21, 22, 23, 24, 25, 26, 27, 28, 29]
  subjects: [1, 2, 3, 4, 5]
  max_train: all  max_test: all
======================================================================

== subject 1 ==
    subject 1: train=37206 test=111625
      classify s1/test/full: 5581/111625
      classify s1/test/full: 11162/111625
      classify s1/test/full: 16743/111625
      classify s1/test/full: 22324/111625
      classify s1/test/full: 27905/111625
      classify s1/test/full: 33486/111625
      classify s1/test/full: 39067/111625
      classify s1/test/full: 44648/111625
      classify s1/test/full: 50229/111625
      classify s1/test/full: 55810/111625
      classify s1/test/full: 61391/111625
      classify s1/test/full: 66972/111625
      classify s1/test/full: 72553/111625
      classify s1/test/full: 78134/111625
      classify s1/test/full: 83715/111625
      classify s1/test/full: 89296/111625
      classify s1/test/full: 94877/111625
      classify s1/test/full: 100458/111625
      classify s1/test/full: 106039/111625
      classify s1/test/full: 111620/111625
      classify s1/test/informed: 5581/111625
      classify s1/test/informed: 11162/111625
      classify s1/test/informed: 16743/111625
      classify s1/test/informed: 22324/111625
      classify s1/test/informed: 27905/111625
      classify s1/test/informed: 33486/111625
      classify s1/test/informed: 39067/111625
      classify s1/test/informed: 44648/111625
      classify s1/test/informed: 50229/111625
      classify s1/test/informed: 55810/111625
      classify s1/test/informed: 61391/111625
      classify s1/test/informed: 66972/111625
      classify s1/test/informed: 72553/111625
      classify s1/test/informed: 78134/111625
      classify s1/test/informed: 83715/111625
      classify s1/test/informed: 89296/111625
      classify s1/test/informed: 94877/111625
      classify s1/test/informed: 100458/111625
      classify s1/test/informed: 106039/111625
      classify s1/test/informed: 111620/111625
      classify s1/test/rand0: 5581/111625
      classify s1/test/rand0: 11162/111625
      classify s1/test/rand0: 16743/111625
      classify s1/test/rand0: 22324/111625
      classify s1/test/rand0: 27905/111625
      classify s1/test/rand0: 33486/111625
      classify s1/test/rand0: 39067/111625
      classify s1/test/rand0: 44648/111625
      classify s1/test/rand0: 50229/111625
      classify s1/test/rand0: 55810/111625
      classify s1/test/rand0: 61391/111625
      classify s1/test/rand0: 66972/111625
      classify s1/test/rand0: 72553/111625
      classify s1/test/rand0: 78134/111625
      classify s1/test/rand0: 83715/111625
      classify s1/test/rand0: 89296/111625
      classify s1/test/rand0: 94877/111625
      classify s1/test/rand0: 100458/111625
      classify s1/test/rand0: 106039/111625
      classify s1/test/rand0: 111620/111625
      classify s1/test/rand1: 5581/111625
      classify s1/test/rand1: 11162/111625
      classify s1/test/rand1: 16743/111625
      classify s1/test/rand1: 22324/111625
      classify s1/test/rand1: 27905/111625
      classify s1/test/rand1: 33486/111625
      classify s1/test/rand1: 39067/111625
      classify s1/test/rand1: 44648/111625
      classify s1/test/rand1: 50229/111625
      classify s1/test/rand1: 55810/111625
      classify s1/test/rand1: 61391/111625
      classify s1/test/rand1: 66972/111625
      classify s1/test/rand1: 72553/111625
      classify s1/test/rand1: 78134/111625
      classify s1/test/rand1: 83715/111625
      classify s1/test/rand1: 89296/111625
      classify s1/test/rand1: 94877/111625
      classify s1/test/rand1: 100458/111625
      classify s1/test/rand1: 106039/111625
      classify s1/test/rand1: 111620/111625
      classify s1/test/rand2: 5581/111625
      classify s1/test/rand2: 11162/111625
      classify s1/test/rand2: 16743/111625
      classify s1/test/rand2: 22324/111625
      classify s1/test/rand2: 27905/111625
      classify s1/test/rand2: 33486/111625
      classify s1/test/rand2: 39067/111625
      classify s1/test/rand2: 44648/111625
      classify s1/test/rand2: 50229/111625
      classify s1/test/rand2: 55810/111625
      classify s1/test/rand2: 61391/111625
      classify s1/test/rand2: 66972/111625
      classify s1/test/rand2: 72553/111625
      classify s1/test/rand2: 78134/111625
      classify s1/test/rand2: 83715/111625
      classify s1/test/rand2: 89296/111625
      classify s1/test/rand2: 94877/111625
      classify s1/test/rand2: 100458/111625
      classify s1/test/rand2: 106039/111625
      classify s1/test/rand2: 111620/111625
      classify s1/test/rand3: 5581/111625
      classify s1/test/rand3: 11162/111625
      classify s1/test/rand3: 16743/111625
      classify s1/test/rand3: 22324/111625
      classify s1/test/rand3: 27905/111625
      classify s1/test/rand3: 33486/111625
      classify s1/test/rand3: 39067/111625
      classify s1/test/rand3: 44648/111625
      classify s1/test/rand3: 50229/111625
      classify s1/test/rand3: 55810/111625
      classify s1/test/rand3: 61391/111625
      classify s1/test/rand3: 66972/111625
      classify s1/test/rand3: 72553/111625
      classify s1/test/rand3: 78134/111625
      classify s1/test/rand3: 83715/111625
      classify s1/test/rand3: 89296/111625
      classify s1/test/rand3: 94877/111625
      classify s1/test/rand3: 100458/111625
      classify s1/test/rand3: 106039/111625
      classify s1/test/rand3: 111620/111625
      classify s1/test/rand4: 5581/111625
      classify s1/test/rand4: 11162/111625
      classify s1/test/rand4: 16743/111625
      classify s1/test/rand4: 22324/111625
      classify s1/test/rand4: 27905/111625
      classify s1/test/rand4: 33486/111625
      classify s1/test/rand4: 39067/111625
      classify s1/test/rand4: 44648/111625
      classify s1/test/rand4: 50229/111625
      classify s1/test/rand4: 55810/111625
      classify s1/test/rand4: 61391/111625
      classify s1/test/rand4: 66972/111625
      classify s1/test/rand4: 72553/111625
      classify s1/test/rand4: 78134/111625
      classify s1/test/rand4: 83715/111625
      classify s1/test/rand4: 89296/111625
      classify s1/test/rand4: 94877/111625
      classify s1/test/rand4: 100458/111625
      classify s1/test/rand4: 106039/111625
      classify s1/test/rand4: 111620/111625
      classify s1/test/rand5: 5581/111625
      classify s1/test/rand5: 11162/111625
      classify s1/test/rand5: 16743/111625
      classify s1/test/rand5: 22324/111625
      classify s1/test/rand5: 27905/111625
      classify s1/test/rand5: 33486/111625
      classify s1/test/rand5: 39067/111625
      classify s1/test/rand5: 44648/111625
      classify s1/test/rand5: 50229/111625
      classify s1/test/rand5: 55810/111625
      classify s1/test/rand5: 61391/111625
      classify s1/test/rand5: 66972/111625
      classify s1/test/rand5: 72553/111625
      classify s1/test/rand5: 78134/111625
      classify s1/test/rand5: 83715/111625
      classify s1/test/rand5: 89296/111625
      classify s1/test/rand5: 94877/111625
      classify s1/test/rand5: 100458/111625
      classify s1/test/rand5: 106039/111625
      classify s1/test/rand5: 111620/111625
      classify s1/test/rand6: 5581/111625
      classify s1/test/rand6: 11162/111625
      classify s1/test/rand6: 16743/111625
      classify s1/test/rand6: 22324/111625
      classify s1/test/rand6: 27905/111625
      classify s1/test/rand6: 33486/111625
      classify s1/test/rand6: 39067/111625
      classify s1/test/rand6: 44648/111625
      classify s1/test/rand6: 50229/111625
      classify s1/test/rand6: 55810/111625
      classify s1/test/rand6: 61391/111625
      classify s1/test/rand6: 66972/111625
      classify s1/test/rand6: 72553/111625
      classify s1/test/rand6: 78134/111625
      classify s1/test/rand6: 83715/111625
      classify s1/test/rand6: 89296/111625
      classify s1/test/rand6: 94877/111625
      classify s1/test/rand6: 100458/111625
      classify s1/test/rand6: 106039/111625
      classify s1/test/rand6: 111620/111625
      classify s1/test/rand7: 5581/111625
      classify s1/test/rand7: 11162/111625
      classify s1/test/rand7: 16743/111625
      classify s1/test/rand7: 22324/111625
      classify s1/test/rand7: 27905/111625
      classify s1/test/rand7: 33486/111625
      classify s1/test/rand7: 39067/111625
      classify s1/test/rand7: 44648/111625
      classify s1/test/rand7: 50229/111625
      classify s1/test/rand7: 55810/111625
      classify s1/test/rand7: 61391/111625
      classify s1/test/rand7: 66972/111625
      classify s1/test/rand7: 72553/111625
      classify s1/test/rand7: 78134/111625
      classify s1/test/rand7: 83715/111625
      classify s1/test/rand7: 89296/111625
      classify s1/test/rand7: 94877/111625
      classify s1/test/rand7: 100458/111625
      classify s1/test/rand7: 106039/111625
      classify s1/test/rand7: 111620/111625
      classify s1/test/rand8: 5581/111625
      classify s1/test/rand8: 11162/111625
      classify s1/test/rand8: 16743/111625
      classify s1/test/rand8: 22324/111625
      classify s1/test/rand8: 27905/111625
      classify s1/test/rand8: 33486/111625
      classify s1/test/rand8: 39067/111625
      classify s1/test/rand8: 44648/111625
      classify s1/test/rand8: 50229/111625
      classify s1/test/rand8: 55810/111625
      classify s1/test/rand8: 61391/111625
      classify s1/test/rand8: 66972/111625
      classify s1/test/rand8: 72553/111625
      classify s1/test/rand8: 78134/111625
      classify s1/test/rand8: 83715/111625
      classify s1/test/rand8: 89296/111625
      classify s1/test/rand8: 94877/111625
      classify s1/test/rand8: 100458/111625
      classify s1/test/rand8: 106039/111625
      classify s1/test/rand8: 111620/111625
      classify s1/test/rand9: 5581/111625
      classify s1/test/rand9: 11162/111625
      classify s1/test/rand9: 16743/111625
      classify s1/test/rand9: 22324/111625
      classify s1/test/rand9: 27905/111625
      classify s1/test/rand9: 33486/111625
      classify s1/test/rand9: 39067/111625
      classify s1/test/rand9: 44648/111625
      classify s1/test/rand9: 50229/111625
      classify s1/test/rand9: 55810/111625
      classify s1/test/rand9: 61391/111625
      classify s1/test/rand9: 66972/111625
      classify s1/test/rand9: 72553/111625
      classify s1/test/rand9: 78134/111625
      classify s1/test/rand9: 83715/111625
      classify s1/test/rand9: 89296/111625
      classify s1/test/rand9: 94877/111625
      classify s1/test/rand9: 100458/111625
      classify s1/test/rand9: 106039/111625
      classify s1/test/rand9: 111620/111625
      classify s1/test/rand10: 5581/111625
      classify s1/test/rand10: 11162/111625
      classify s1/test/rand10: 16743/111625
      classify s1/test/rand10: 22324/111625
      classify s1/test/rand10: 27905/111625
      classify s1/test/rand10: 33486/111625
      classify s1/test/rand10: 39067/111625
      classify s1/test/rand10: 44648/111625
      classify s1/test/rand10: 50229/111625
      classify s1/test/rand10: 55810/111625
      classify s1/test/rand10: 61391/111625
      classify s1/test/rand10: 66972/111625
      classify s1/test/rand10: 72553/111625
      classify s1/test/rand10: 78134/111625
      classify s1/test/rand10: 83715/111625
      classify s1/test/rand10: 89296/111625
      classify s1/test/rand10: 94877/111625
      classify s1/test/rand10: 100458/111625
      classify s1/test/rand10: 106039/111625
      classify s1/test/rand10: 111620/111625
      classify s1/test/rand11: 5581/111625
      classify s1/test/rand11: 11162/111625
      classify s1/test/rand11: 16743/111625
      classify s1/test/rand11: 22324/111625
      classify s1/test/rand11: 27905/111625
      classify s1/test/rand11: 33486/111625
      classify s1/test/rand11: 39067/111625
      classify s1/test/rand11: 44648/111625
      classify s1/test/rand11: 50229/111625
      classify s1/test/rand11: 55810/111625
      classify s1/test/rand11: 61391/111625
      classify s1/test/rand11: 66972/111625
      classify s1/test/rand11: 72553/111625
      classify s1/test/rand11: 78134/111625
      classify s1/test/rand11: 83715/111625
      classify s1/test/rand11: 89296/111625
      classify s1/test/rand11: 94877/111625
      classify s1/test/rand11: 100458/111625
      classify s1/test/rand11: 106039/111625
      classify s1/test/rand11: 111620/111625
      classify s1/test/rand12: 5581/111625
      classify s1/test/rand12: 11162/111625
      classify s1/test/rand12: 16743/111625
      classify s1/test/rand12: 22324/111625
      classify s1/test/rand12: 27905/111625
      classify s1/test/rand12: 33486/111625
      classify s1/test/rand12: 39067/111625
      classify s1/test/rand12: 44648/111625
      classify s1/test/rand12: 50229/111625
      classify s1/test/rand12: 55810/111625
      classify s1/test/rand12: 61391/111625
      classify s1/test/rand12: 66972/111625
      classify s1/test/rand12: 72553/111625
      classify s1/test/rand12: 78134/111625
      classify s1/test/rand12: 83715/111625
      classify s1/test/rand12: 89296/111625
      classify s1/test/rand12: 94877/111625
      classify s1/test/rand12: 100458/111625
      classify s1/test/rand12: 106039/111625
      classify s1/test/rand12: 111620/111625
      classify s1/test/rand13: 5581/111625
      classify s1/test/rand13: 11162/111625
      classify s1/test/rand13: 16743/111625
      classify s1/test/rand13: 22324/111625
      classify s1/test/rand13: 27905/111625
      classify s1/test/rand13: 33486/111625
      classify s1/test/rand13: 39067/111625
      classify s1/test/rand13: 44648/111625
      classify s1/test/rand13: 50229/111625
      classify s1/test/rand13: 55810/111625
      classify s1/test/rand13: 61391/111625
      classify s1/test/rand13: 66972/111625
      classify s1/test/rand13: 72553/111625
      classify s1/test/rand13: 78134/111625
      classify s1/test/rand13: 83715/111625
      classify s1/test/rand13: 89296/111625
      classify s1/test/rand13: 94877/111625
      classify s1/test/rand13: 100458/111625
      classify s1/test/rand13: 106039/111625
      classify s1/test/rand13: 111620/111625
      classify s1/test/rand14: 5581/111625
      classify s1/test/rand14: 11162/111625
      classify s1/test/rand14: 16743/111625
      classify s1/test/rand14: 22324/111625
      classify s1/test/rand14: 27905/111625
      classify s1/test/rand14: 33486/111625
      classify s1/test/rand14: 39067/111625
      classify s1/test/rand14: 44648/111625
      classify s1/test/rand14: 50229/111625
      classify s1/test/rand14: 55810/111625
      classify s1/test/rand14: 61391/111625
      classify s1/test/rand14: 66972/111625
      classify s1/test/rand14: 72553/111625
      classify s1/test/rand14: 78134/111625
      classify s1/test/rand14: 83715/111625
      classify s1/test/rand14: 89296/111625
      classify s1/test/rand14: 94877/111625
      classify s1/test/rand14: 100458/111625
      classify s1/test/rand14: 106039/111625
      classify s1/test/rand14: 111620/111625
      classify s1/test/rand15: 5581/111625
      classify s1/test/rand15: 11162/111625
      classify s1/test/rand15: 16743/111625
      classify s1/test/rand15: 22324/111625
      classify s1/test/rand15: 27905/111625
      classify s1/test/rand15: 33486/111625
      classify s1/test/rand15: 39067/111625
      classify s1/test/rand15: 44648/111625
      classify s1/test/rand15: 50229/111625
      classify s1/test/rand15: 55810/111625
      classify s1/test/rand15: 61391/111625
      classify s1/test/rand15: 66972/111625
      classify s1/test/rand15: 72553/111625
      classify s1/test/rand15: 78134/111625
      classify s1/test/rand15: 83715/111625
      classify s1/test/rand15: 89296/111625
      classify s1/test/rand15: 94877/111625
      classify s1/test/rand15: 100458/111625
      classify s1/test/rand15: 106039/111625
      classify s1/test/rand15: 111620/111625
      classify s1/test/rand16: 5581/111625
      classify s1/test/rand16: 11162/111625
      classify s1/test/rand16: 16743/111625
      classify s1/test/rand16: 22324/111625
      classify s1/test/rand16: 27905/111625
      classify s1/test/rand16: 33486/111625
      classify s1/test/rand16: 39067/111625
      classify s1/test/rand16: 44648/111625
      classify s1/test/rand16: 50229/111625
      classify s1/test/rand16: 55810/111625
      classify s1/test/rand16: 61391/111625
      classify s1/test/rand16: 66972/111625
      classify s1/test/rand16: 72553/111625
      classify s1/test/rand16: 78134/111625
      classify s1/test/rand16: 83715/111625
      classify s1/test/rand16: 89296/111625
      classify s1/test/rand16: 94877/111625
      classify s1/test/rand16: 100458/111625
      classify s1/test/rand16: 106039/111625
      classify s1/test/rand16: 111620/111625
      classify s1/test/rand17: 5581/111625
      classify s1/test/rand17: 11162/111625
      classify s1/test/rand17: 16743/111625
      classify s1/test/rand17: 22324/111625
      classify s1/test/rand17: 27905/111625
      classify s1/test/rand17: 33486/111625
      classify s1/test/rand17: 39067/111625
      classify s1/test/rand17: 44648/111625
      classify s1/test/rand17: 50229/111625
      classify s1/test/rand17: 55810/111625
      classify s1/test/rand17: 61391/111625
      classify s1/test/rand17: 66972/111625
      classify s1/test/rand17: 72553/111625
      classify s1/test/rand17: 78134/111625
      classify s1/test/rand17: 83715/111625
      classify s1/test/rand17: 89296/111625
      classify s1/test/rand17: 94877/111625
      classify s1/test/rand17: 100458/111625
      classify s1/test/rand17: 106039/111625
      classify s1/test/rand17: 111620/111625
      classify s1/test/rand18: 5581/111625
      classify s1/test/rand18: 11162/111625
      classify s1/test/rand18: 16743/111625
      classify s1/test/rand18: 22324/111625
      classify s1/test/rand18: 27905/111625
      classify s1/test/rand18: 33486/111625
      classify s1/test/rand18: 39067/111625
      classify s1/test/rand18: 44648/111625
      classify s1/test/rand18: 50229/111625
      classify s1/test/rand18: 55810/111625
      classify s1/test/rand18: 61391/111625
      classify s1/test/rand18: 66972/111625
      classify s1/test/rand18: 72553/111625
      classify s1/test/rand18: 78134/111625
      classify s1/test/rand18: 83715/111625
      classify s1/test/rand18: 89296/111625
      classify s1/test/rand18: 94877/111625
      classify s1/test/rand18: 100458/111625
      classify s1/test/rand18: 106039/111625
      classify s1/test/rand18: 111620/111625
      classify s1/test/rand19: 5581/111625
      classify s1/test/rand19: 11162/111625
      classify s1/test/rand19: 16743/111625
      classify s1/test/rand19: 22324/111625
      classify s1/test/rand19: 27905/111625
      classify s1/test/rand19: 33486/111625
      classify s1/test/rand19: 39067/111625
      classify s1/test/rand19: 44648/111625
      classify s1/test/rand19: 50229/111625
      classify s1/test/rand19: 55810/111625
      classify s1/test/rand19: 61391/111625
      classify s1/test/rand19: 66972/111625
      classify s1/test/rand19: 72553/111625
      classify s1/test/rand19: 78134/111625
      classify s1/test/rand19: 83715/111625
      classify s1/test/rand19: 89296/111625
      classify s1/test/rand19: 94877/111625
      classify s1/test/rand19: 100458/111625
      classify s1/test/rand19: 106039/111625
      classify s1/test/rand19: 111620/111625
      classify s1/test/rand20: 5581/111625
      classify s1/test/rand20: 11162/111625
      classify s1/test/rand20: 16743/111625
      classify s1/test/rand20: 22324/111625
      classify s1/test/rand20: 27905/111625
      classify s1/test/rand20: 33486/111625
      classify s1/test/rand20: 39067/111625
      classify s1/test/rand20: 44648/111625
      classify s1/test/rand20: 50229/111625
      classify s1/test/rand20: 55810/111625
      classify s1/test/rand20: 61391/111625
      classify s1/test/rand20: 66972/111625
      classify s1/test/rand20: 72553/111625
      classify s1/test/rand20: 78134/111625
      classify s1/test/rand20: 83715/111625
      classify s1/test/rand20: 89296/111625
      classify s1/test/rand20: 94877/111625
      classify s1/test/rand20: 100458/111625
      classify s1/test/rand20: 106039/111625
      classify s1/test/rand20: 111620/111625
      classify s1/test/rand21: 5581/111625
      classify s1/test/rand21: 11162/111625
      classify s1/test/rand21: 16743/111625
      classify s1/test/rand21: 22324/111625
      classify s1/test/rand21: 27905/111625
      classify s1/test/rand21: 33486/111625
      classify s1/test/rand21: 39067/111625
      classify s1/test/rand21: 44648/111625
      classify s1/test/rand21: 50229/111625
      classify s1/test/rand21: 55810/111625
      classify s1/test/rand21: 61391/111625
      classify s1/test/rand21: 66972/111625
      classify s1/test/rand21: 72553/111625
      classify s1/test/rand21: 78134/111625
      classify s1/test/rand21: 83715/111625
      classify s1/test/rand21: 89296/111625
      classify s1/test/rand21: 94877/111625
      classify s1/test/rand21: 100458/111625
      classify s1/test/rand21: 106039/111625
      classify s1/test/rand21: 111620/111625
      classify s1/test/rand22: 5581/111625
      classify s1/test/rand22: 11162/111625
      classify s1/test/rand22: 16743/111625
      classify s1/test/rand22: 22324/111625
      classify s1/test/rand22: 27905/111625
      classify s1/test/rand22: 33486/111625
      classify s1/test/rand22: 39067/111625
      classify s1/test/rand22: 44648/111625
      classify s1/test/rand22: 50229/111625
      classify s1/test/rand22: 55810/111625
      classify s1/test/rand22: 61391/111625
      classify s1/test/rand22: 66972/111625
      classify s1/test/rand22: 72553/111625
      classify s1/test/rand22: 78134/111625
      classify s1/test/rand22: 83715/111625
      classify s1/test/rand22: 89296/111625
      classify s1/test/rand22: 94877/111625
      classify s1/test/rand22: 100458/111625
      classify s1/test/rand22: 106039/111625
      classify s1/test/rand22: 111620/111625
      classify s1/test/rand23: 5581/111625
      classify s1/test/rand23: 11162/111625
      classify s1/test/rand23: 16743/111625
      classify s1/test/rand23: 22324/111625
      classify s1/test/rand23: 27905/111625
      classify s1/test/rand23: 33486/111625
      classify s1/test/rand23: 39067/111625
      classify s1/test/rand23: 44648/111625
      classify s1/test/rand23: 50229/111625
      classify s1/test/rand23: 55810/111625
      classify s1/test/rand23: 61391/111625
      classify s1/test/rand23: 66972/111625
      classify s1/test/rand23: 72553/111625
      classify s1/test/rand23: 78134/111625
      classify s1/test/rand23: 83715/111625
      classify s1/test/rand23: 89296/111625
      classify s1/test/rand23: 94877/111625
      classify s1/test/rand23: 100458/111625
      classify s1/test/rand23: 106039/111625
      classify s1/test/rand23: 111620/111625
      classify s1/test/rand24: 5581/111625
      classify s1/test/rand24: 11162/111625
      classify s1/test/rand24: 16743/111625
      classify s1/test/rand24: 22324/111625
      classify s1/test/rand24: 27905/111625
      classify s1/test/rand24: 33486/111625
      classify s1/test/rand24: 39067/111625
      classify s1/test/rand24: 44648/111625
      classify s1/test/rand24: 50229/111625
      classify s1/test/rand24: 55810/111625
      classify s1/test/rand24: 61391/111625
      classify s1/test/rand24: 66972/111625
      classify s1/test/rand24: 72553/111625
      classify s1/test/rand24: 78134/111625
      classify s1/test/rand24: 83715/111625
      classify s1/test/rand24: 89296/111625
      classify s1/test/rand24: 94877/111625
      classify s1/test/rand24: 100458/111625
      classify s1/test/rand24: 106039/111625
      classify s1/test/rand24: 111620/111625
      classify s1/test/rand25: 5581/111625
      classify s1/test/rand25: 11162/111625
      classify s1/test/rand25: 16743/111625
      classify s1/test/rand25: 22324/111625
      classify s1/test/rand25: 27905/111625
      classify s1/test/rand25: 33486/111625
      classify s1/test/rand25: 39067/111625
      classify s1/test/rand25: 44648/111625
      classify s1/test/rand25: 50229/111625
      classify s1/test/rand25: 55810/111625
      classify s1/test/rand25: 61391/111625
      classify s1/test/rand25: 66972/111625
      classify s1/test/rand25: 72553/111625
      classify s1/test/rand25: 78134/111625
      classify s1/test/rand25: 83715/111625
      classify s1/test/rand25: 89296/111625
      classify s1/test/rand25: 94877/111625
      classify s1/test/rand25: 100458/111625
      classify s1/test/rand25: 106039/111625
      classify s1/test/rand25: 111620/111625
      classify s1/test/rand26: 5581/111625
      classify s1/test/rand26: 11162/111625
      classify s1/test/rand26: 16743/111625
      classify s1/test/rand26: 22324/111625
      classify s1/test/rand26: 27905/111625
      classify s1/test/rand26: 33486/111625
      classify s1/test/rand26: 39067/111625
      classify s1/test/rand26: 44648/111625
      classify s1/test/rand26: 50229/111625
      classify s1/test/rand26: 55810/111625
      classify s1/test/rand26: 61391/111625
      classify s1/test/rand26: 66972/111625
      classify s1/test/rand26: 72553/111625
      classify s1/test/rand26: 78134/111625
      classify s1/test/rand26: 83715/111625
      classify s1/test/rand26: 89296/111625
      classify s1/test/rand26: 94877/111625
      classify s1/test/rand26: 100458/111625
      classify s1/test/rand26: 106039/111625
      classify s1/test/rand26: 111620/111625
      classify s1/test/rand27: 5581/111625
      classify s1/test/rand27: 11162/111625
      classify s1/test/rand27: 16743/111625
      classify s1/test/rand27: 22324/111625
      classify s1/test/rand27: 27905/111625
      classify s1/test/rand27: 33486/111625
      classify s1/test/rand27: 39067/111625
      classify s1/test/rand27: 44648/111625
      classify s1/test/rand27: 50229/111625
      classify s1/test/rand27: 55810/111625
      classify s1/test/rand27: 61391/111625
      classify s1/test/rand27: 66972/111625
      classify s1/test/rand27: 72553/111625
      classify s1/test/rand27: 78134/111625
      classify s1/test/rand27: 83715/111625
      classify s1/test/rand27: 89296/111625
      classify s1/test/rand27: 94877/111625
      classify s1/test/rand27: 100458/111625
      classify s1/test/rand27: 106039/111625
      classify s1/test/rand27: 111620/111625
      classify s1/test/rand28: 5581/111625
      classify s1/test/rand28: 11162/111625
      classify s1/test/rand28: 16743/111625
      classify s1/test/rand28: 22324/111625
      classify s1/test/rand28: 27905/111625
      classify s1/test/rand28: 33486/111625
      classify s1/test/rand28: 39067/111625
      classify s1/test/rand28: 44648/111625
      classify s1/test/rand28: 50229/111625
      classify s1/test/rand28: 55810/111625
      classify s1/test/rand28: 61391/111625
      classify s1/test/rand28: 66972/111625
      classify s1/test/rand28: 72553/111625
      classify s1/test/rand28: 78134/111625
      classify s1/test/rand28: 83715/111625
      classify s1/test/rand28: 89296/111625
      classify s1/test/rand28: 94877/111625
      classify s1/test/rand28: 100458/111625
      classify s1/test/rand28: 106039/111625
      classify s1/test/rand28: 111620/111625
      classify s1/test/rand29: 5581/111625
      classify s1/test/rand29: 11162/111625
      classify s1/test/rand29: 16743/111625
      classify s1/test/rand29: 22324/111625
      classify s1/test/rand29: 27905/111625
      classify s1/test/rand29: 33486/111625
      classify s1/test/rand29: 39067/111625
      classify s1/test/rand29: 44648/111625
      classify s1/test/rand29: 50229/111625
      classify s1/test/rand29: 55810/111625
      classify s1/test/rand29: 61391/111625
      classify s1/test/rand29: 66972/111625
      classify s1/test/rand29: 72553/111625
      classify s1/test/rand29: 78134/111625
      classify s1/test/rand29: 83715/111625
      classify s1/test/rand29: 89296/111625
      classify s1/test/rand29: 94877/111625
      classify s1/test/rand29: 100458/111625
      classify s1/test/rand29: 106039/111625
      classify s1/test/rand29: 111620/111625
    informed=93.34%  random=91.21%  gap=+2.13 pp

== subject 2 ==
    subject 2: train=34782 test=104353
      classify s2/test/full: 5217/104353
      classify s2/test/full: 10434/104353
      classify s2/test/full: 15651/104353
      classify s2/test/full: 20868/104353
      classify s2/test/full: 26085/104353
      classify s2/test/full: 31302/104353
      classify s2/test/full: 36519/104353
      classify s2/test/full: 41736/104353
      classify s2/test/full: 46953/104353
      classify s2/test/full: 52170/104353
      classify s2/test/full: 57387/104353
      classify s2/test/full: 62604/104353
      classify s2/test/full: 67821/104353
      classify s2/test/full: 73038/104353
      classify s2/test/full: 78255/104353
      classify s2/test/full: 83472/104353
      classify s2/test/full: 88689/104353
      classify s2/test/full: 93906/104353
      classify s2/test/full: 99123/104353
      classify s2/test/full: 104340/104353
      classify s2/test/informed: 5217/104353
      classify s2/test/informed: 10434/104353
      classify s2/test/informed: 15651/104353
      classify s2/test/informed: 20868/104353
      classify s2/test/informed: 26085/104353
      classify s2/test/informed: 31302/104353
      classify s2/test/informed: 36519/104353
      classify s2/test/informed: 41736/104353
      classify s2/test/informed: 46953/104353
      classify s2/test/informed: 52170/104353
      classify s2/test/informed: 57387/104353
      classify s2/test/informed: 62604/104353
      classify s2/test/informed: 67821/104353
      classify s2/test/informed: 73038/104353
      classify s2/test/informed: 78255/104353
      classify s2/test/informed: 83472/104353
      classify s2/test/informed: 88689/104353
      classify s2/test/informed: 93906/104353
      classify s2/test/informed: 99123/104353
      classify s2/test/informed: 104340/104353
      classify s2/test/rand0: 5217/104353
      classify s2/test/rand0: 10434/104353
      classify s2/test/rand0: 15651/104353
      classify s2/test/rand0: 20868/104353
      classify s2/test/rand0: 26085/104353
      classify s2/test/rand0: 31302/104353
      classify s2/test/rand0: 36519/104353
      classify s2/test/rand0: 41736/104353
      classify s2/test/rand0: 46953/104353
      classify s2/test/rand0: 52170/104353
      classify s2/test/rand0: 57387/104353
      classify s2/test/rand0: 62604/104353
      classify s2/test/rand0: 67821/104353
      classify s2/test/rand0: 73038/104353
      classify s2/test/rand0: 78255/104353
      classify s2/test/rand0: 83472/104353
      classify s2/test/rand0: 88689/104353
      classify s2/test/rand0: 93906/104353
      classify s2/test/rand0: 99123/104353
      classify s2/test/rand0: 104340/104353
      classify s2/test/rand1: 5217/104353
      classify s2/test/rand1: 10434/104353
      classify s2/test/rand1: 15651/104353
      classify s2/test/rand1: 20868/104353
      classify s2/test/rand1: 26085/104353
      classify s2/test/rand1: 31302/104353
      classify s2/test/rand1: 36519/104353
      classify s2/test/rand1: 41736/104353
      classify s2/test/rand1: 46953/104353
      classify s2/test/rand1: 52170/104353
      classify s2/test/rand1: 57387/104353
      classify s2/test/rand1: 62604/104353
      classify s2/test/rand1: 67821/104353
      classify s2/test/rand1: 73038/104353
      classify s2/test/rand1: 78255/104353
      classify s2/test/rand1: 83472/104353
      classify s2/test/rand1: 88689/104353
      classify s2/test/rand1: 93906/104353
      classify s2/test/rand1: 99123/104353
      classify s2/test/rand1: 104340/104353
      classify s2/test/rand2: 5217/104353
      classify s2/test/rand2: 10434/104353
      classify s2/test/rand2: 15651/104353
      classify s2/test/rand2: 20868/104353
      classify s2/test/rand2: 26085/104353
      classify s2/test/rand2: 31302/104353
      classify s2/test/rand2: 36519/104353
      classify s2/test/rand2: 41736/104353
      classify s2/test/rand2: 46953/104353
      classify s2/test/rand2: 52170/104353
      classify s2/test/rand2: 57387/104353
      classify s2/test/rand2: 62604/104353
      classify s2/test/rand2: 67821/104353
      classify s2/test/rand2: 73038/104353
      classify s2/test/rand2: 78255/104353
      classify s2/test/rand2: 83472/104353
      classify s2/test/rand2: 88689/104353
      classify s2/test/rand2: 93906/104353
      classify s2/test/rand2: 99123/104353
      classify s2/test/rand2: 104340/104353
      classify s2/test/rand3: 5217/104353
      classify s2/test/rand3: 10434/104353
      classify s2/test/rand3: 15651/104353
      classify s2/test/rand3: 20868/104353
      classify s2/test/rand3: 26085/104353
      classify s2/test/rand3: 31302/104353
      classify s2/test/rand3: 36519/104353
      classify s2/test/rand3: 41736/104353
      classify s2/test/rand3: 46953/104353
      classify s2/test/rand3: 52170/104353
      classify s2/test/rand3: 57387/104353
      classify s2/test/rand3: 62604/104353
      classify s2/test/rand3: 67821/104353
      classify s2/test/rand3: 73038/104353
      classify s2/test/rand3: 78255/104353
      classify s2/test/rand3: 83472/104353
      classify s2/test/rand3: 88689/104353
      classify s2/test/rand3: 93906/104353
      classify s2/test/rand3: 99123/104353
      classify s2/test/rand3: 104340/104353
      classify s2/test/rand4: 5217/104353
      classify s2/test/rand4: 10434/104353
      classify s2/test/rand4: 15651/104353
      classify s2/test/rand4: 20868/104353
      classify s2/test/rand4: 26085/104353
      classify s2/test/rand4: 31302/104353
      classify s2/test/rand4: 36519/104353
      classify s2/test/rand4: 41736/104353
      classify s2/test/rand4: 46953/104353
      classify s2/test/rand4: 52170/104353
      classify s2/test/rand4: 57387/104353
      classify s2/test/rand4: 62604/104353
      classify s2/test/rand4: 67821/104353
      classify s2/test/rand4: 73038/104353
      classify s2/test/rand4: 78255/104353
      classify s2/test/rand4: 83472/104353
      classify s2/test/rand4: 88689/104353
      classify s2/test/rand4: 93906/104353
      classify s2/test/rand4: 99123/104353
      classify s2/test/rand4: 104340/104353
      classify s2/test/rand5: 5217/104353
      classify s2/test/rand5: 10434/104353
      classify s2/test/rand5: 15651/104353
      classify s2/test/rand5: 20868/104353
      classify s2/test/rand5: 26085/104353
      classify s2/test/rand5: 31302/104353
      classify s2/test/rand5: 36519/104353
      classify s2/test/rand5: 41736/104353
      classify s2/test/rand5: 46953/104353
      classify s2/test/rand5: 52170/104353
      classify s2/test/rand5: 57387/104353
      classify s2/test/rand5: 62604/104353
      classify s2/test/rand5: 67821/104353
      classify s2/test/rand5: 73038/104353
      classify s2/test/rand5: 78255/104353
      classify s2/test/rand5: 83472/104353
      classify s2/test/rand5: 88689/104353
      classify s2/test/rand5: 93906/104353
      classify s2/test/rand5: 99123/104353
      classify s2/test/rand5: 104340/104353
      classify s2/test/rand6: 5217/104353
      classify s2/test/rand6: 10434/104353
      classify s2/test/rand6: 15651/104353
      classify s2/test/rand6: 20868/104353
      classify s2/test/rand6: 26085/104353
      classify s2/test/rand6: 31302/104353
      classify s2/test/rand6: 36519/104353
      classify s2/test/rand6: 41736/104353
      classify s2/test/rand6: 46953/104353
      classify s2/test/rand6: 52170/104353
      classify s2/test/rand6: 57387/104353
      classify s2/test/rand6: 62604/104353
      classify s2/test/rand6: 67821/104353
      classify s2/test/rand6: 73038/104353
      classify s2/test/rand6: 78255/104353
      classify s2/test/rand6: 83472/104353
      classify s2/test/rand6: 88689/104353
      classify s2/test/rand6: 93906/104353
      classify s2/test/rand6: 99123/104353
      classify s2/test/rand6: 104340/104353
      classify s2/test/rand7: 5217/104353
      classify s2/test/rand7: 10434/104353
      classify s2/test/rand7: 15651/104353
      classify s2/test/rand7: 20868/104353
      classify s2/test/rand7: 26085/104353
      classify s2/test/rand7: 31302/104353
      classify s2/test/rand7: 36519/104353
      classify s2/test/rand7: 41736/104353
      classify s2/test/rand7: 46953/104353
      classify s2/test/rand7: 52170/104353
      classify s2/test/rand7: 57387/104353
      classify s2/test/rand7: 62604/104353
      classify s2/test/rand7: 67821/104353
      classify s2/test/rand7: 73038/104353
      classify s2/test/rand7: 78255/104353
      classify s2/test/rand7: 83472/104353
      classify s2/test/rand7: 88689/104353
      classify s2/test/rand7: 93906/104353
      classify s2/test/rand7: 99123/104353
      classify s2/test/rand7: 104340/104353
      classify s2/test/rand8: 5217/104353
      classify s2/test/rand8: 10434/104353
      classify s2/test/rand8: 15651/104353
      classify s2/test/rand8: 20868/104353
      classify s2/test/rand8: 26085/104353
      classify s2/test/rand8: 31302/104353
      classify s2/test/rand8: 36519/104353
      classify s2/test/rand8: 41736/104353
      classify s2/test/rand8: 46953/104353
      classify s2/test/rand8: 52170/104353
      classify s2/test/rand8: 57387/104353
      classify s2/test/rand8: 62604/104353
      classify s2/test/rand8: 67821/104353
      classify s2/test/rand8: 73038/104353
      classify s2/test/rand8: 78255/104353
      classify s2/test/rand8: 83472/104353
      classify s2/test/rand8: 88689/104353
      classify s2/test/rand8: 93906/104353
      classify s2/test/rand8: 99123/104353
      classify s2/test/rand8: 104340/104353
      classify s2/test/rand9: 5217/104353
      classify s2/test/rand9: 10434/104353
      classify s2/test/rand9: 15651/104353
      classify s2/test/rand9: 20868/104353
      classify s2/test/rand9: 26085/104353
      classify s2/test/rand9: 31302/104353
      classify s2/test/rand9: 36519/104353
      classify s2/test/rand9: 41736/104353
      classify s2/test/rand9: 46953/104353
      classify s2/test/rand9: 52170/104353
      classify s2/test/rand9: 57387/104353
      classify s2/test/rand9: 62604/104353
      classify s2/test/rand9: 67821/104353
      classify s2/test/rand9: 73038/104353
      classify s2/test/rand9: 78255/104353
      classify s2/test/rand9: 83472/104353
      classify s2/test/rand9: 88689/104353
      classify s2/test/rand9: 93906/104353
      classify s2/test/rand9: 99123/104353
      classify s2/test/rand9: 104340/104353
      classify s2/test/rand10: 5217/104353
      classify s2/test/rand10: 10434/104353
      classify s2/test/rand10: 15651/104353
      classify s2/test/rand10: 20868/104353
      classify s2/test/rand10: 26085/104353
      classify s2/test/rand10: 31302/104353
      classify s2/test/rand10: 36519/104353
      classify s2/test/rand10: 41736/104353
      classify s2/test/rand10: 46953/104353
      classify s2/test/rand10: 52170/104353
      classify s2/test/rand10: 57387/104353
      classify s2/test/rand10: 62604/104353
      classify s2/test/rand10: 67821/104353
      classify s2/test/rand10: 73038/104353
      classify s2/test/rand10: 78255/104353
      classify s2/test/rand10: 83472/104353
      classify s2/test/rand10: 88689/104353
      classify s2/test/rand10: 93906/104353
      classify s2/test/rand10: 99123/104353
      classify s2/test/rand10: 104340/104353
      classify s2/test/rand11: 5217/104353
      classify s2/test/rand11: 10434/104353
      classify s2/test/rand11: 15651/104353
      classify s2/test/rand11: 20868/104353
      classify s2/test/rand11: 26085/104353
      classify s2/test/rand11: 31302/104353
      classify s2/test/rand11: 36519/104353
      classify s2/test/rand11: 41736/104353
      classify s2/test/rand11: 46953/104353
      classify s2/test/rand11: 52170/104353
      classify s2/test/rand11: 57387/104353
      classify s2/test/rand11: 62604/104353
      classify s2/test/rand11: 67821/104353
      classify s2/test/rand11: 73038/104353
      classify s2/test/rand11: 78255/104353
      classify s2/test/rand11: 83472/104353
      classify s2/test/rand11: 88689/104353
      classify s2/test/rand11: 93906/104353
      classify s2/test/rand11: 99123/104353
      classify s2/test/rand11: 104340/104353
      classify s2/test/rand12: 5217/104353
      classify s2/test/rand12: 10434/104353
      classify s2/test/rand12: 15651/104353
      classify s2/test/rand12: 20868/104353
      classify s2/test/rand12: 26085/104353
      classify s2/test/rand12: 31302/104353
      classify s2/test/rand12: 36519/104353
      classify s2/test/rand12: 41736/104353
      classify s2/test/rand12: 46953/104353
      classify s2/test/rand12: 52170/104353
      classify s2/test/rand12: 57387/104353
      classify s2/test/rand12: 62604/104353
      classify s2/test/rand12: 67821/104353
      classify s2/test/rand12: 73038/104353
      classify s2/test/rand12: 78255/104353
      classify s2/test/rand12: 83472/104353
      classify s2/test/rand12: 88689/104353
      classify s2/test/rand12: 93906/104353
      classify s2/test/rand12: 99123/104353
      classify s2/test/rand12: 104340/104353
      classify s2/test/rand13: 5217/104353
      classify s2/test/rand13: 10434/104353
      classify s2/test/rand13: 15651/104353
      classify s2/test/rand13: 20868/104353
      classify s2/test/rand13: 26085/104353
      classify s2/test/rand13: 31302/104353
      classify s2/test/rand13: 36519/104353
      classify s2/test/rand13: 41736/104353
      classify s2/test/rand13: 46953/104353
      classify s2/test/rand13: 52170/104353
      classify s2/test/rand13: 57387/104353
      classify s2/test/rand13: 62604/104353
      classify s2/test/rand13: 67821/104353
      classify s2/test/rand13: 73038/104353
      classify s2/test/rand13: 78255/104353
      classify s2/test/rand13: 83472/104353
      classify s2/test/rand13: 88689/104353
      classify s2/test/rand13: 93906/104353
      classify s2/test/rand13: 99123/104353
      classify s2/test/rand13: 104340/104353
      classify s2/test/rand14: 5217/104353
      classify s2/test/rand14: 10434/104353
      classify s2/test/rand14: 15651/104353
      classify s2/test/rand14: 20868/104353
      classify s2/test/rand14: 26085/104353
      classify s2/test/rand14: 31302/104353
      classify s2/test/rand14: 36519/104353
      classify s2/test/rand14: 41736/104353
      classify s2/test/rand14: 46953/104353
      classify s2/test/rand14: 52170/104353
      classify s2/test/rand14: 57387/104353
      classify s2/test/rand14: 62604/104353
      classify s2/test/rand14: 67821/104353
      classify s2/test/rand14: 73038/104353
      classify s2/test/rand14: 78255/104353
      classify s2/test/rand14: 83472/104353
      classify s2/test/rand14: 88689/104353
      classify s2/test/rand14: 93906/104353
      classify s2/test/rand14: 99123/104353
      classify s2/test/rand14: 104340/104353
      classify s2/test/rand15: 5217/104353
      classify s2/test/rand15: 10434/104353
      classify s2/test/rand15: 15651/104353
      classify s2/test/rand15: 20868/104353
      classify s2/test/rand15: 26085/104353
      classify s2/test/rand15: 31302/104353
      classify s2/test/rand15: 36519/104353
      classify s2/test/rand15: 41736/104353
      classify s2/test/rand15: 46953/104353
      classify s2/test/rand15: 52170/104353
      classify s2/test/rand15: 57387/104353
      classify s2/test/rand15: 62604/104353
      classify s2/test/rand15: 67821/104353
      classify s2/test/rand15: 73038/104353
      classify s2/test/rand15: 78255/104353
      classify s2/test/rand15: 83472/104353
      classify s2/test/rand15: 88689/104353
      classify s2/test/rand15: 93906/104353
      classify s2/test/rand15: 99123/104353
      classify s2/test/rand15: 104340/104353
      classify s2/test/rand16: 5217/104353
      classify s2/test/rand16: 10434/104353
      classify s2/test/rand16: 15651/104353
      classify s2/test/rand16: 20868/104353
      classify s2/test/rand16: 26085/104353
      classify s2/test/rand16: 31302/104353
      classify s2/test/rand16: 36519/104353
      classify s2/test/rand16: 41736/104353
      classify s2/test/rand16: 46953/104353
      classify s2/test/rand16: 52170/104353
      classify s2/test/rand16: 57387/104353
      classify s2/test/rand16: 62604/104353
      classify s2/test/rand16: 67821/104353
      classify s2/test/rand16: 73038/104353
      classify s2/test/rand16: 78255/104353
      classify s2/test/rand16: 83472/104353
      classify s2/test/rand16: 88689/104353
      classify s2/test/rand16: 93906/104353
      classify s2/test/rand16: 99123/104353
      classify s2/test/rand16: 104340/104353
      classify s2/test/rand17: 5217/104353
      classify s2/test/rand17: 10434/104353
      classify s2/test/rand17: 15651/104353
      classify s2/test/rand17: 20868/104353
      classify s2/test/rand17: 26085/104353
      classify s2/test/rand17: 31302/104353
      classify s2/test/rand17: 36519/104353
      classify s2/test/rand17: 41736/104353
      classify s2/test/rand17: 46953/104353
      classify s2/test/rand17: 52170/104353
      classify s2/test/rand17: 57387/104353
      classify s2/test/rand17: 62604/104353
      classify s2/test/rand17: 67821/104353
      classify s2/test/rand17: 73038/104353
      classify s2/test/rand17: 78255/104353
      classify s2/test/rand17: 83472/104353
      classify s2/test/rand17: 88689/104353
      classify s2/test/rand17: 93906/104353
      classify s2/test/rand17: 99123/104353
      classify s2/test/rand17: 104340/104353
      classify s2/test/rand18: 5217/104353
      classify s2/test/rand18: 10434/104353
      classify s2/test/rand18: 15651/104353
      classify s2/test/rand18: 20868/104353
      classify s2/test/rand18: 26085/104353
      classify s2/test/rand18: 31302/104353
      classify s2/test/rand18: 36519/104353
      classify s2/test/rand18: 41736/104353
      classify s2/test/rand18: 46953/104353
      classify s2/test/rand18: 52170/104353
      classify s2/test/rand18: 57387/104353
      classify s2/test/rand18: 62604/104353
      classify s2/test/rand18: 67821/104353
      classify s2/test/rand18: 73038/104353
      classify s2/test/rand18: 78255/104353
      classify s2/test/rand18: 83472/104353
      classify s2/test/rand18: 88689/104353
      classify s2/test/rand18: 93906/104353
      classify s2/test/rand18: 99123/104353
      classify s2/test/rand18: 104340/104353
      classify s2/test/rand19: 5217/104353
      classify s2/test/rand19: 10434/104353
      classify s2/test/rand19: 15651/104353
      classify s2/test/rand19: 20868/104353
      classify s2/test/rand19: 26085/104353
      classify s2/test/rand19: 31302/104353
      classify s2/test/rand19: 36519/104353
      classify s2/test/rand19: 41736/104353
      classify s2/test/rand19: 46953/104353
      classify s2/test/rand19: 52170/104353
      classify s2/test/rand19: 57387/104353
      classify s2/test/rand19: 62604/104353
      classify s2/test/rand19: 67821/104353
      classify s2/test/rand19: 73038/104353
      classify s2/test/rand19: 78255/104353
      classify s2/test/rand19: 83472/104353
      classify s2/test/rand19: 88689/104353
      classify s2/test/rand19: 93906/104353
      classify s2/test/rand19: 99123/104353
      classify s2/test/rand19: 104340/104353
      classify s2/test/rand20: 5217/104353
      classify s2/test/rand20: 10434/104353
      classify s2/test/rand20: 15651/104353
      classify s2/test/rand20: 20868/104353
      classify s2/test/rand20: 26085/104353
      classify s2/test/rand20: 31302/104353
      classify s2/test/rand20: 36519/104353
      classify s2/test/rand20: 41736/104353
      classify s2/test/rand20: 46953/104353
      classify s2/test/rand20: 52170/104353
      classify s2/test/rand20: 57387/104353
      classify s2/test/rand20: 62604/104353
      classify s2/test/rand20: 67821/104353
      classify s2/test/rand20: 73038/104353
      classify s2/test/rand20: 78255/104353
      classify s2/test/rand20: 83472/104353
      classify s2/test/rand20: 88689/104353
      classify s2/test/rand20: 93906/104353
      classify s2/test/rand20: 99123/104353
      classify s2/test/rand20: 104340/104353
      classify s2/test/rand21: 5217/104353
      classify s2/test/rand21: 10434/104353
      classify s2/test/rand21: 15651/104353
      classify s2/test/rand21: 20868/104353
      classify s2/test/rand21: 26085/104353
      classify s2/test/rand21: 31302/104353
      classify s2/test/rand21: 36519/104353
      classify s2/test/rand21: 41736/104353
      classify s2/test/rand21: 46953/104353
      classify s2/test/rand21: 52170/104353
      classify s2/test/rand21: 57387/104353
      classify s2/test/rand21: 62604/104353
      classify s2/test/rand21: 67821/104353
      classify s2/test/rand21: 73038/104353
      classify s2/test/rand21: 78255/104353
      classify s2/test/rand21: 83472/104353
      classify s2/test/rand21: 88689/104353
      classify s2/test/rand21: 93906/104353
      classify s2/test/rand21: 99123/104353
      classify s2/test/rand21: 104340/104353
      classify s2/test/rand22: 5217/104353
      classify s2/test/rand22: 10434/104353
      classify s2/test/rand22: 15651/104353
      classify s2/test/rand22: 20868/104353
      classify s2/test/rand22: 26085/104353
      classify s2/test/rand22: 31302/104353
      classify s2/test/rand22: 36519/104353
      classify s2/test/rand22: 41736/104353
      classify s2/test/rand22: 46953/104353
      classify s2/test/rand22: 52170/104353
      classify s2/test/rand22: 57387/104353
      classify s2/test/rand22: 62604/104353
      classify s2/test/rand22: 67821/104353
      classify s2/test/rand22: 73038/104353
      classify s2/test/rand22: 78255/104353
      classify s2/test/rand22: 83472/104353
      classify s2/test/rand22: 88689/104353
      classify s2/test/rand22: 93906/104353
      classify s2/test/rand22: 99123/104353
      classify s2/test/rand22: 104340/104353
      classify s2/test/rand23: 5217/104353
      classify s2/test/rand23: 10434/104353
      classify s2/test/rand23: 15651/104353
      classify s2/test/rand23: 20868/104353
      classify s2/test/rand23: 26085/104353
      classify s2/test/rand23: 31302/104353
      classify s2/test/rand23: 36519/104353
      classify s2/test/rand23: 41736/104353
      classify s2/test/rand23: 46953/104353
      classify s2/test/rand23: 52170/104353
      classify s2/test/rand23: 57387/104353
      classify s2/test/rand23: 62604/104353
      classify s2/test/rand23: 67821/104353
      classify s2/test/rand23: 73038/104353
      classify s2/test/rand23: 78255/104353
      classify s2/test/rand23: 83472/104353
      classify s2/test/rand23: 88689/104353
      classify s2/test/rand23: 93906/104353
      classify s2/test/rand23: 99123/104353
      classify s2/test/rand23: 104340/104353
      classify s2/test/rand24: 5217/104353
      classify s2/test/rand24: 10434/104353
      classify s2/test/rand24: 15651/104353
      classify s2/test/rand24: 20868/104353
      classify s2/test/rand24: 26085/104353
      classify s2/test/rand24: 31302/104353
      classify s2/test/rand24: 36519/104353
      classify s2/test/rand24: 41736/104353
      classify s2/test/rand24: 46953/104353
      classify s2/test/rand24: 52170/104353
      classify s2/test/rand24: 57387/104353
      classify s2/test/rand24: 62604/104353
      classify s2/test/rand24: 67821/104353
      classify s2/test/rand24: 73038/104353
      classify s2/test/rand24: 78255/104353
      classify s2/test/rand24: 83472/104353
      classify s2/test/rand24: 88689/104353
      classify s2/test/rand24: 93906/104353
      classify s2/test/rand24: 99123/104353
      classify s2/test/rand24: 104340/104353
      classify s2/test/rand25: 5217/104353
      classify s2/test/rand25: 10434/104353
      classify s2/test/rand25: 15651/104353
      classify s2/test/rand25: 20868/104353
      classify s2/test/rand25: 26085/104353
      classify s2/test/rand25: 31302/104353
      classify s2/test/rand25: 36519/104353
      classify s2/test/rand25: 41736/104353
      classify s2/test/rand25: 46953/104353
      classify s2/test/rand25: 52170/104353
      classify s2/test/rand25: 57387/104353
      classify s2/test/rand25: 62604/104353
      classify s2/test/rand25: 67821/104353
      classify s2/test/rand25: 73038/104353
      classify s2/test/rand25: 78255/104353
      classify s2/test/rand25: 83472/104353
      classify s2/test/rand25: 88689/104353
      classify s2/test/rand25: 93906/104353
      classify s2/test/rand25: 99123/104353
      classify s2/test/rand25: 104340/104353
      classify s2/test/rand26: 5217/104353
      classify s2/test/rand26: 10434/104353
      classify s2/test/rand26: 15651/104353
      classify s2/test/rand26: 20868/104353
      classify s2/test/rand26: 26085/104353
      classify s2/test/rand26: 31302/104353
      classify s2/test/rand26: 36519/104353
      classify s2/test/rand26: 41736/104353
      classify s2/test/rand26: 46953/104353
      classify s2/test/rand26: 52170/104353
      classify s2/test/rand26: 57387/104353
      classify s2/test/rand26: 62604/104353
      classify s2/test/rand26: 67821/104353
      classify s2/test/rand26: 73038/104353
      classify s2/test/rand26: 78255/104353
      classify s2/test/rand26: 83472/104353
      classify s2/test/rand26: 88689/104353
      classify s2/test/rand26: 93906/104353
      classify s2/test/rand26: 99123/104353
      classify s2/test/rand26: 104340/104353
      classify s2/test/rand27: 5217/104353
      classify s2/test/rand27: 10434/104353
      classify s2/test/rand27: 15651/104353
      classify s2/test/rand27: 20868/104353
      classify s2/test/rand27: 26085/104353
      classify s2/test/rand27: 31302/104353
      classify s2/test/rand27: 36519/104353
      classify s2/test/rand27: 41736/104353
      classify s2/test/rand27: 46953/104353
      classify s2/test/rand27: 52170/104353
      classify s2/test/rand27: 57387/104353
      classify s2/test/rand27: 62604/104353
      classify s2/test/rand27: 67821/104353
      classify s2/test/rand27: 73038/104353
      classify s2/test/rand27: 78255/104353
      classify s2/test/rand27: 83472/104353
      classify s2/test/rand27: 88689/104353
      classify s2/test/rand27: 93906/104353
      classify s2/test/rand27: 99123/104353
      classify s2/test/rand27: 104340/104353
      classify s2/test/rand28: 5217/104353
      classify s2/test/rand28: 10434/104353
      classify s2/test/rand28: 15651/104353
      classify s2/test/rand28: 20868/104353
      classify s2/test/rand28: 26085/104353
      classify s2/test/rand28: 31302/104353
      classify s2/test/rand28: 36519/104353
      classify s2/test/rand28: 41736/104353
      classify s2/test/rand28: 46953/104353
      classify s2/test/rand28: 52170/104353
      classify s2/test/rand28: 57387/104353
      classify s2/test/rand28: 62604/104353
      classify s2/test/rand28: 67821/104353
      classify s2/test/rand28: 73038/104353
      classify s2/test/rand28: 78255/104353
      classify s2/test/rand28: 83472/104353
      classify s2/test/rand28: 88689/104353
      classify s2/test/rand28: 93906/104353
      classify s2/test/rand28: 99123/104353
      classify s2/test/rand28: 104340/104353
      classify s2/test/rand29: 5217/104353
      classify s2/test/rand29: 10434/104353
      classify s2/test/rand29: 15651/104353
      classify s2/test/rand29: 20868/104353
      classify s2/test/rand29: 26085/104353
      classify s2/test/rand29: 31302/104353
      classify s2/test/rand29: 36519/104353
      classify s2/test/rand29: 41736/104353
      classify s2/test/rand29: 46953/104353
      classify s2/test/rand29: 52170/104353
      classify s2/test/rand29: 57387/104353
      classify s2/test/rand29: 62604/104353
      classify s2/test/rand29: 67821/104353
      classify s2/test/rand29: 73038/104353
      classify s2/test/rand29: 78255/104353
      classify s2/test/rand29: 83472/104353
      classify s2/test/rand29: 88689/104353
      classify s2/test/rand29: 93906/104353
      classify s2/test/rand29: 99123/104353
      classify s2/test/rand29: 104340/104353
    informed=87.16%  random=81.14%  gap=+6.02 pp

== subject 3 ==
    subject 3: train=34391 test=103182
      classify s3/test/full: 5159/103182
      classify s3/test/full: 10318/103182
      classify s3/test/full: 15477/103182
      classify s3/test/full: 20636/103182
      classify s3/test/full: 25795/103182
      classify s3/test/full: 30954/103182
      classify s3/test/full: 36113/103182
      classify s3/test/full: 41272/103182
      classify s3/test/full: 46431/103182
      classify s3/test/full: 51590/103182
      classify s3/test/full: 56749/103182
      classify s3/test/full: 61908/103182
      classify s3/test/full: 67067/103182
      classify s3/test/full: 72226/103182
      classify s3/test/full: 77385/103182
      classify s3/test/full: 82544/103182
      classify s3/test/full: 87703/103182
      classify s3/test/full: 92862/103182
      classify s3/test/full: 98021/103182
      classify s3/test/full: 103180/103182
      classify s3/test/informed: 5159/103182
      classify s3/test/informed: 10318/103182
      classify s3/test/informed: 15477/103182
      classify s3/test/informed: 20636/103182
      classify s3/test/informed: 25795/103182
      classify s3/test/informed: 30954/103182
      classify s3/test/informed: 36113/103182
      classify s3/test/informed: 41272/103182
      classify s3/test/informed: 46431/103182
      classify s3/test/informed: 51590/103182
      classify s3/test/informed: 56749/103182
      classify s3/test/informed: 61908/103182
      classify s3/test/informed: 67067/103182
      classify s3/test/informed: 72226/103182
      classify s3/test/informed: 77385/103182
      classify s3/test/informed: 82544/103182
      classify s3/test/informed: 87703/103182
      classify s3/test/informed: 92862/103182
      classify s3/test/informed: 98021/103182
      classify s3/test/informed: 103180/103182
      classify s3/test/rand0: 5159/103182
      classify s3/test/rand0: 10318/103182
      classify s3/test/rand0: 15477/103182
      classify s3/test/rand0: 20636/103182
      classify s3/test/rand0: 25795/103182
      classify s3/test/rand0: 30954/103182
      classify s3/test/rand0: 36113/103182
      classify s3/test/rand0: 41272/103182
      classify s3/test/rand0: 46431/103182
      classify s3/test/rand0: 51590/103182
      classify s3/test/rand0: 56749/103182
      classify s3/test/rand0: 61908/103182
      classify s3/test/rand0: 67067/103182
      classify s3/test/rand0: 72226/103182
      classify s3/test/rand0: 77385/103182
      classify s3/test/rand0: 82544/103182
      classify s3/test/rand0: 87703/103182
      classify s3/test/rand0: 92862/103182
      classify s3/test/rand0: 98021/103182
      classify s3/test/rand0: 103180/103182
      classify s3/test/rand1: 5159/103182
      classify s3/test/rand1: 10318/103182
      classify s3/test/rand1: 15477/103182
      classify s3/test/rand1: 20636/103182
      classify s3/test/rand1: 25795/103182
      classify s3/test/rand1: 30954/103182
      classify s3/test/rand1: 36113/103182
      classify s3/test/rand1: 41272/103182
      classify s3/test/rand1: 46431/103182
      classify s3/test/rand1: 51590/103182
      classify s3/test/rand1: 56749/103182
      classify s3/test/rand1: 61908/103182
      classify s3/test/rand1: 67067/103182
      classify s3/test/rand1: 72226/103182
      classify s3/test/rand1: 77385/103182
      classify s3/test/rand1: 82544/103182
      classify s3/test/rand1: 87703/103182
      classify s3/test/rand1: 92862/103182
      classify s3/test/rand1: 98021/103182
      classify s3/test/rand1: 103180/103182
      classify s3/test/rand2: 5159/103182
      classify s3/test/rand2: 10318/103182
      classify s3/test/rand2: 15477/103182
      classify s3/test/rand2: 20636/103182
      classify s3/test/rand2: 25795/103182
      classify s3/test/rand2: 30954/103182
      classify s3/test/rand2: 36113/103182
      classify s3/test/rand2: 41272/103182
      classify s3/test/rand2: 46431/103182
      classify s3/test/rand2: 51590/103182
      classify s3/test/rand2: 56749/103182
      classify s3/test/rand2: 61908/103182
      classify s3/test/rand2: 67067/103182
      classify s3/test/rand2: 72226/103182
      classify s3/test/rand2: 77385/103182
      classify s3/test/rand2: 82544/103182
      classify s3/test/rand2: 87703/103182
      classify s3/test/rand2: 92862/103182
      classify s3/test/rand2: 98021/103182
      classify s3/test/rand2: 103180/103182
      classify s3/test/rand3: 5159/103182
      classify s3/test/rand3: 10318/103182
      classify s3/test/rand3: 15477/103182
      classify s3/test/rand3: 20636/103182
      classify s3/test/rand3: 25795/103182
      classify s3/test/rand3: 30954/103182
      classify s3/test/rand3: 36113/103182
      classify s3/test/rand3: 41272/103182
      classify s3/test/rand3: 46431/103182
      classify s3/test/rand3: 51590/103182
      classify s3/test/rand3: 56749/103182
      classify s3/test/rand3: 61908/103182
      classify s3/test/rand3: 67067/103182
      classify s3/test/rand3: 72226/103182
      classify s3/test/rand3: 77385/103182
      classify s3/test/rand3: 82544/103182
      classify s3/test/rand3: 87703/103182
      classify s3/test/rand3: 92862/103182
      classify s3/test/rand3: 98021/103182
      classify s3/test/rand3: 103180/103182
      classify s3/test/rand4: 5159/103182
      classify s3/test/rand4: 10318/103182
      classify s3/test/rand4: 15477/103182
      classify s3/test/rand4: 20636/103182
      classify s3/test/rand4: 25795/103182
      classify s3/test/rand4: 30954/103182
      classify s3/test/rand4: 36113/103182
      classify s3/test/rand4: 41272/103182
      classify s3/test/rand4: 46431/103182
      classify s3/test/rand4: 51590/103182
      classify s3/test/rand4: 56749/103182
      classify s3/test/rand4: 61908/103182
      classify s3/test/rand4: 67067/103182
      classify s3/test/rand4: 72226/103182
      classify s3/test/rand4: 77385/103182
      classify s3/test/rand4: 82544/103182
      classify s3/test/rand4: 87703/103182
      classify s3/test/rand4: 92862/103182
      classify s3/test/rand4: 98021/103182
      classify s3/test/rand4: 103180/103182
      classify s3/test/rand5: 5159/103182
      classify s3/test/rand5: 10318/103182
      classify s3/test/rand5: 15477/103182
      classify s3/test/rand5: 20636/103182
      classify s3/test/rand5: 25795/103182
      classify s3/test/rand5: 30954/103182
      classify s3/test/rand5: 36113/103182
      classify s3/test/rand5: 41272/103182
      classify s3/test/rand5: 46431/103182
      classify s3/test/rand5: 51590/103182
      classify s3/test/rand5: 56749/103182
      classify s3/test/rand5: 61908/103182
      classify s3/test/rand5: 67067/103182
      classify s3/test/rand5: 72226/103182
      classify s3/test/rand5: 77385/103182
      classify s3/test/rand5: 82544/103182
      classify s3/test/rand5: 87703/103182
      classify s3/test/rand5: 92862/103182
      classify s3/test/rand5: 98021/103182
      classify s3/test/rand5: 103180/103182
      classify s3/test/rand6: 5159/103182
      classify s3/test/rand6: 10318/103182
      classify s3/test/rand6: 15477/103182
      classify s3/test/rand6: 20636/103182
      classify s3/test/rand6: 25795/103182
      classify s3/test/rand6: 30954/103182
      classify s3/test/rand6: 36113/103182
      classify s3/test/rand6: 41272/103182
      classify s3/test/rand6: 46431/103182
      classify s3/test/rand6: 51590/103182
      classify s3/test/rand6: 56749/103182
      classify s3/test/rand6: 61908/103182
      classify s3/test/rand6: 67067/103182
      classify s3/test/rand6: 72226/103182
      classify s3/test/rand6: 77385/103182
      classify s3/test/rand6: 82544/103182
      classify s3/test/rand6: 87703/103182
      classify s3/test/rand6: 92862/103182
      classify s3/test/rand6: 98021/103182
      classify s3/test/rand6: 103180/103182
      classify s3/test/rand7: 5159/103182
      classify s3/test/rand7: 10318/103182
      classify s3/test/rand7: 15477/103182
      classify s3/test/rand7: 20636/103182
      classify s3/test/rand7: 25795/103182
      classify s3/test/rand7: 30954/103182
      classify s3/test/rand7: 36113/103182
      classify s3/test/rand7: 41272/103182
      classify s3/test/rand7: 46431/103182
      classify s3/test/rand7: 51590/103182
      classify s3/test/rand7: 56749/103182
      classify s3/test/rand7: 61908/103182
      classify s3/test/rand7: 67067/103182
      classify s3/test/rand7: 72226/103182
      classify s3/test/rand7: 77385/103182
      classify s3/test/rand7: 82544/103182
      classify s3/test/rand7: 87703/103182
      classify s3/test/rand7: 92862/103182
      classify s3/test/rand7: 98021/103182
      classify s3/test/rand7: 103180/103182
      classify s3/test/rand8: 5159/103182
      classify s3/test/rand8: 10318/103182
      classify s3/test/rand8: 15477/103182
      classify s3/test/rand8: 20636/103182
      classify s3/test/rand8: 25795/103182
      classify s3/test/rand8: 30954/103182
      classify s3/test/rand8: 36113/103182
      classify s3/test/rand8: 41272/103182
      classify s3/test/rand8: 46431/103182
      classify s3/test/rand8: 51590/103182
      classify s3/test/rand8: 56749/103182
      classify s3/test/rand8: 61908/103182
      classify s3/test/rand8: 67067/103182
      classify s3/test/rand8: 72226/103182
      classify s3/test/rand8: 77385/103182
      classify s3/test/rand8: 82544/103182
      classify s3/test/rand8: 87703/103182
      classify s3/test/rand8: 92862/103182
      classify s3/test/rand8: 98021/103182
      classify s3/test/rand8: 103180/103182
      classify s3/test/rand9: 5159/103182
      classify s3/test/rand9: 10318/103182
      classify s3/test/rand9: 15477/103182
      classify s3/test/rand9: 20636/103182
      classify s3/test/rand9: 25795/103182
      classify s3/test/rand9: 30954/103182
      classify s3/test/rand9: 36113/103182
      classify s3/test/rand9: 41272/103182
      classify s3/test/rand9: 46431/103182
      classify s3/test/rand9: 51590/103182
      classify s3/test/rand9: 56749/103182
      classify s3/test/rand9: 61908/103182
      classify s3/test/rand9: 67067/103182
      classify s3/test/rand9: 72226/103182
      classify s3/test/rand9: 77385/103182
      classify s3/test/rand9: 82544/103182
      classify s3/test/rand9: 87703/103182
      classify s3/test/rand9: 92862/103182
      classify s3/test/rand9: 98021/103182
      classify s3/test/rand9: 103180/103182
      classify s3/test/rand10: 5159/103182
      classify s3/test/rand10: 10318/103182
      classify s3/test/rand10: 15477/103182
      classify s3/test/rand10: 20636/103182
      classify s3/test/rand10: 25795/103182
      classify s3/test/rand10: 30954/103182
      classify s3/test/rand10: 36113/103182
      classify s3/test/rand10: 41272/103182
      classify s3/test/rand10: 46431/103182
      classify s3/test/rand10: 51590/103182
      classify s3/test/rand10: 56749/103182
      classify s3/test/rand10: 61908/103182
      classify s3/test/rand10: 67067/103182
      classify s3/test/rand10: 72226/103182
      classify s3/test/rand10: 77385/103182
      classify s3/test/rand10: 82544/103182
      classify s3/test/rand10: 87703/103182
      classify s3/test/rand10: 92862/103182
      classify s3/test/rand10: 98021/103182
      classify s3/test/rand10: 103180/103182
      classify s3/test/rand11: 5159/103182
      classify s3/test/rand11: 10318/103182
      classify s3/test/rand11: 15477/103182
      classify s3/test/rand11: 20636/103182
      classify s3/test/rand11: 25795/103182
      classify s3/test/rand11: 30954/103182
      classify s3/test/rand11: 36113/103182
      classify s3/test/rand11: 41272/103182
      classify s3/test/rand11: 46431/103182
      classify s3/test/rand11: 51590/103182
      classify s3/test/rand11: 56749/103182
      classify s3/test/rand11: 61908/103182
      classify s3/test/rand11: 67067/103182
      classify s3/test/rand11: 72226/103182
      classify s3/test/rand11: 77385/103182
      classify s3/test/rand11: 82544/103182
      classify s3/test/rand11: 87703/103182
      classify s3/test/rand11: 92862/103182
      classify s3/test/rand11: 98021/103182
      classify s3/test/rand11: 103180/103182
      classify s3/test/rand12: 5159/103182
      classify s3/test/rand12: 10318/103182
      classify s3/test/rand12: 15477/103182
      classify s3/test/rand12: 20636/103182
      classify s3/test/rand12: 25795/103182
      classify s3/test/rand12: 30954/103182
      classify s3/test/rand12: 36113/103182
      classify s3/test/rand12: 41272/103182
      classify s3/test/rand12: 46431/103182
      classify s3/test/rand12: 51590/103182
      classify s3/test/rand12: 56749/103182
      classify s3/test/rand12: 61908/103182
      classify s3/test/rand12: 67067/103182
      classify s3/test/rand12: 72226/103182
      classify s3/test/rand12: 77385/103182
      classify s3/test/rand12: 82544/103182
      classify s3/test/rand12: 87703/103182
      classify s3/test/rand12: 92862/103182
      classify s3/test/rand12: 98021/103182
      classify s3/test/rand12: 103180/103182
      classify s3/test/rand13: 5159/103182
      classify s3/test/rand13: 10318/103182
      classify s3/test/rand13: 15477/103182
      classify s3/test/rand13: 20636/103182
      classify s3/test/rand13: 25795/103182
      classify s3/test/rand13: 30954/103182
      classify s3/test/rand13: 36113/103182
      classify s3/test/rand13: 41272/103182
      classify s3/test/rand13: 46431/103182
      classify s3/test/rand13: 51590/103182
      classify s3/test/rand13: 56749/103182
      classify s3/test/rand13: 61908/103182
      classify s3/test/rand13: 67067/103182
      classify s3/test/rand13: 72226/103182
      classify s3/test/rand13: 77385/103182
      classify s3/test/rand13: 82544/103182
      classify s3/test/rand13: 87703/103182
      classify s3/test/rand13: 92862/103182
      classify s3/test/rand13: 98021/103182
      classify s3/test/rand13: 103180/103182
      classify s3/test/rand14: 5159/103182
      classify s3/test/rand14: 10318/103182
      classify s3/test/rand14: 15477/103182
      classify s3/test/rand14: 20636/103182
      classify s3/test/rand14: 25795/103182
      classify s3/test/rand14: 30954/103182
      classify s3/test/rand14: 36113/103182
      classify s3/test/rand14: 41272/103182
      classify s3/test/rand14: 46431/103182
      classify s3/test/rand14: 51590/103182
      classify s3/test/rand14: 56749/103182
      classify s3/test/rand14: 61908/103182
      classify s3/test/rand14: 67067/103182
      classify s3/test/rand14: 72226/103182
      classify s3/test/rand14: 77385/103182
      classify s3/test/rand14: 82544/103182
      classify s3/test/rand14: 87703/103182
      classify s3/test/rand14: 92862/103182
      classify s3/test/rand14: 98021/103182
      classify s3/test/rand14: 103180/103182
      classify s3/test/rand15: 5159/103182
      classify s3/test/rand15: 10318/103182
      classify s3/test/rand15: 15477/103182
      classify s3/test/rand15: 20636/103182
      classify s3/test/rand15: 25795/103182
      classify s3/test/rand15: 30954/103182
      classify s3/test/rand15: 36113/103182
      classify s3/test/rand15: 41272/103182
      classify s3/test/rand15: 46431/103182
      classify s3/test/rand15: 51590/103182
      classify s3/test/rand15: 56749/103182
      classify s3/test/rand15: 61908/103182
      classify s3/test/rand15: 67067/103182
      classify s3/test/rand15: 72226/103182
      classify s3/test/rand15: 77385/103182
      classify s3/test/rand15: 82544/103182
      classify s3/test/rand15: 87703/103182
      classify s3/test/rand15: 92862/103182
      classify s3/test/rand15: 98021/103182
      classify s3/test/rand15: 103180/103182
      classify s3/test/rand16: 5159/103182
      classify s3/test/rand16: 10318/103182
      classify s3/test/rand16: 15477/103182
      classify s3/test/rand16: 20636/103182
      classify s3/test/rand16: 25795/103182
      classify s3/test/rand16: 30954/103182
      classify s3/test/rand16: 36113/103182
      classify s3/test/rand16: 41272/103182
      classify s3/test/rand16: 46431/103182
      classify s3/test/rand16: 51590/103182
      classify s3/test/rand16: 56749/103182
      classify s3/test/rand16: 61908/103182
      classify s3/test/rand16: 67067/103182
      classify s3/test/rand16: 72226/103182
      classify s3/test/rand16: 77385/103182
      classify s3/test/rand16: 82544/103182
      classify s3/test/rand16: 87703/103182
      classify s3/test/rand16: 92862/103182
      classify s3/test/rand16: 98021/103182
      classify s3/test/rand16: 103180/103182
      classify s3/test/rand17: 5159/103182
      classify s3/test/rand17: 10318/103182
      classify s3/test/rand17: 15477/103182
      classify s3/test/rand17: 20636/103182
      classify s3/test/rand17: 25795/103182
      classify s3/test/rand17: 30954/103182
      classify s3/test/rand17: 36113/103182
      classify s3/test/rand17: 41272/103182
      classify s3/test/rand17: 46431/103182
      classify s3/test/rand17: 51590/103182
      classify s3/test/rand17: 56749/103182
      classify s3/test/rand17: 61908/103182
      classify s3/test/rand17: 67067/103182
      classify s3/test/rand17: 72226/103182
      classify s3/test/rand17: 77385/103182
      classify s3/test/rand17: 82544/103182
      classify s3/test/rand17: 87703/103182
      classify s3/test/rand17: 92862/103182
      classify s3/test/rand17: 98021/103182
      classify s3/test/rand17: 103180/103182
      classify s3/test/rand18: 5159/103182
      classify s3/test/rand18: 10318/103182
      classify s3/test/rand18: 15477/103182
      classify s3/test/rand18: 20636/103182
      classify s3/test/rand18: 25795/103182
      classify s3/test/rand18: 30954/103182
      classify s3/test/rand18: 36113/103182
      classify s3/test/rand18: 41272/103182
      classify s3/test/rand18: 46431/103182
      classify s3/test/rand18: 51590/103182
      classify s3/test/rand18: 56749/103182
      classify s3/test/rand18: 61908/103182
      classify s3/test/rand18: 67067/103182
      classify s3/test/rand18: 72226/103182
      classify s3/test/rand18: 77385/103182
      classify s3/test/rand18: 82544/103182
      classify s3/test/rand18: 87703/103182
      classify s3/test/rand18: 92862/103182
      classify s3/test/rand18: 98021/103182
      classify s3/test/rand18: 103180/103182
      classify s3/test/rand19: 5159/103182
      classify s3/test/rand19: 10318/103182
      classify s3/test/rand19: 15477/103182
      classify s3/test/rand19: 20636/103182
      classify s3/test/rand19: 25795/103182
      classify s3/test/rand19: 30954/103182
      classify s3/test/rand19: 36113/103182
      classify s3/test/rand19: 41272/103182
      classify s3/test/rand19: 46431/103182
      classify s3/test/rand19: 51590/103182
      classify s3/test/rand19: 56749/103182
      classify s3/test/rand19: 61908/103182
      classify s3/test/rand19: 67067/103182
      classify s3/test/rand19: 72226/103182
      classify s3/test/rand19: 77385/103182
      classify s3/test/rand19: 82544/103182
      classify s3/test/rand19: 87703/103182
      classify s3/test/rand19: 92862/103182
      classify s3/test/rand19: 98021/103182
      classify s3/test/rand19: 103180/103182
      classify s3/test/rand20: 5159/103182
      classify s3/test/rand20: 10318/103182
      classify s3/test/rand20: 15477/103182
      classify s3/test/rand20: 20636/103182
      classify s3/test/rand20: 25795/103182
      classify s3/test/rand20: 30954/103182
      classify s3/test/rand20: 36113/103182
      classify s3/test/rand20: 41272/103182
      classify s3/test/rand20: 46431/103182
      classify s3/test/rand20: 51590/103182
      classify s3/test/rand20: 56749/103182
      classify s3/test/rand20: 61908/103182
      classify s3/test/rand20: 67067/103182
      classify s3/test/rand20: 72226/103182
      classify s3/test/rand20: 77385/103182
      classify s3/test/rand20: 82544/103182
      classify s3/test/rand20: 87703/103182
      classify s3/test/rand20: 92862/103182
      classify s3/test/rand20: 98021/103182
      classify s3/test/rand20: 103180/103182
      classify s3/test/rand21: 5159/103182
      classify s3/test/rand21: 10318/103182
      classify s3/test/rand21: 15477/103182
      classify s3/test/rand21: 20636/103182
      classify s3/test/rand21: 25795/103182
      classify s3/test/rand21: 30954/103182
      classify s3/test/rand21: 36113/103182
      classify s3/test/rand21: 41272/103182
      classify s3/test/rand21: 46431/103182
      classify s3/test/rand21: 51590/103182
      classify s3/test/rand21: 56749/103182
      classify s3/test/rand21: 61908/103182
      classify s3/test/rand21: 67067/103182
      classify s3/test/rand21: 72226/103182
      classify s3/test/rand21: 77385/103182
      classify s3/test/rand21: 82544/103182
      classify s3/test/rand21: 87703/103182
      classify s3/test/rand21: 92862/103182
      classify s3/test/rand21: 98021/103182
      classify s3/test/rand21: 103180/103182
      classify s3/test/rand22: 5159/103182
      classify s3/test/rand22: 10318/103182
      classify s3/test/rand22: 15477/103182
      classify s3/test/rand22: 20636/103182
      classify s3/test/rand22: 25795/103182
      classify s3/test/rand22: 30954/103182
      classify s3/test/rand22: 36113/103182
      classify s3/test/rand22: 41272/103182
      classify s3/test/rand22: 46431/103182
      classify s3/test/rand22: 51590/103182
      classify s3/test/rand22: 56749/103182
      classify s3/test/rand22: 61908/103182
      classify s3/test/rand22: 67067/103182
      classify s3/test/rand22: 72226/103182
      classify s3/test/rand22: 77385/103182
      classify s3/test/rand22: 82544/103182
      classify s3/test/rand22: 87703/103182
      classify s3/test/rand22: 92862/103182
      classify s3/test/rand22: 98021/103182
      classify s3/test/rand22: 103180/103182
      classify s3/test/rand23: 5159/103182
      classify s3/test/rand23: 10318/103182
      classify s3/test/rand23: 15477/103182
      classify s3/test/rand23: 20636/103182
      classify s3/test/rand23: 25795/103182
      classify s3/test/rand23: 30954/103182
      classify s3/test/rand23: 36113/103182
      classify s3/test/rand23: 41272/103182
      classify s3/test/rand23: 46431/103182
      classify s3/test/rand23: 51590/103182
      classify s3/test/rand23: 56749/103182
      classify s3/test/rand23: 61908/103182
      classify s3/test/rand23: 67067/103182
      classify s3/test/rand23: 72226/103182
      classify s3/test/rand23: 77385/103182
      classify s3/test/rand23: 82544/103182
      classify s3/test/rand23: 87703/103182
      classify s3/test/rand23: 92862/103182
      classify s3/test/rand23: 98021/103182
      classify s3/test/rand23: 103180/103182
      classify s3/test/rand24: 5159/103182
      classify s3/test/rand24: 10318/103182
      classify s3/test/rand24: 15477/103182
      classify s3/test/rand24: 20636/103182
      classify s3/test/rand24: 25795/103182
      classify s3/test/rand24: 30954/103182
      classify s3/test/rand24: 36113/103182
      classify s3/test/rand24: 41272/103182
      classify s3/test/rand24: 46431/103182
      classify s3/test/rand24: 51590/103182
      classify s3/test/rand24: 56749/103182
      classify s3/test/rand24: 61908/103182
      classify s3/test/rand24: 67067/103182
      classify s3/test/rand24: 72226/103182
      classify s3/test/rand24: 77385/103182
      classify s3/test/rand24: 82544/103182
      classify s3/test/rand24: 87703/103182
      classify s3/test/rand24: 92862/103182
      classify s3/test/rand24: 98021/103182
      classify s3/test/rand24: 103180/103182
      classify s3/test/rand25: 5159/103182
      classify s3/test/rand25: 10318/103182
      classify s3/test/rand25: 15477/103182
      classify s3/test/rand25: 20636/103182
      classify s3/test/rand25: 25795/103182
      classify s3/test/rand25: 30954/103182
      classify s3/test/rand25: 36113/103182
      classify s3/test/rand25: 41272/103182
      classify s3/test/rand25: 46431/103182
      classify s3/test/rand25: 51590/103182
      classify s3/test/rand25: 56749/103182
      classify s3/test/rand25: 61908/103182
      classify s3/test/rand25: 67067/103182
      classify s3/test/rand25: 72226/103182
      classify s3/test/rand25: 77385/103182
      classify s3/test/rand25: 82544/103182
      classify s3/test/rand25: 87703/103182
      classify s3/test/rand25: 92862/103182
      classify s3/test/rand25: 98021/103182
      classify s3/test/rand25: 103180/103182
      classify s3/test/rand26: 5159/103182
      classify s3/test/rand26: 10318/103182
      classify s3/test/rand26: 15477/103182
      classify s3/test/rand26: 20636/103182
      classify s3/test/rand26: 25795/103182
      classify s3/test/rand26: 30954/103182
      classify s3/test/rand26: 36113/103182
      classify s3/test/rand26: 41272/103182
      classify s3/test/rand26: 46431/103182
      classify s3/test/rand26: 51590/103182
      classify s3/test/rand26: 56749/103182
      classify s3/test/rand26: 61908/103182
      classify s3/test/rand26: 67067/103182
      classify s3/test/rand26: 72226/103182
      classify s3/test/rand26: 77385/103182
      classify s3/test/rand26: 82544/103182
      classify s3/test/rand26: 87703/103182
      classify s3/test/rand26: 92862/103182
      classify s3/test/rand26: 98021/103182
      classify s3/test/rand26: 103180/103182
      classify s3/test/rand27: 5159/103182
      classify s3/test/rand27: 10318/103182
      classify s3/test/rand27: 15477/103182
      classify s3/test/rand27: 20636/103182
      classify s3/test/rand27: 25795/103182
      classify s3/test/rand27: 30954/103182
      classify s3/test/rand27: 36113/103182
      classify s3/test/rand27: 41272/103182
      classify s3/test/rand27: 46431/103182
      classify s3/test/rand27: 51590/103182
      classify s3/test/rand27: 56749/103182
      classify s3/test/rand27: 61908/103182
      classify s3/test/rand27: 67067/103182
      classify s3/test/rand27: 72226/103182
      classify s3/test/rand27: 77385/103182
      classify s3/test/rand27: 82544/103182
      classify s3/test/rand27: 87703/103182
      classify s3/test/rand27: 92862/103182
      classify s3/test/rand27: 98021/103182
      classify s3/test/rand27: 103180/103182
      classify s3/test/rand28: 5159/103182
      classify s3/test/rand28: 10318/103182
      classify s3/test/rand28: 15477/103182
      classify s3/test/rand28: 20636/103182
      classify s3/test/rand28: 25795/103182
      classify s3/test/rand28: 30954/103182
      classify s3/test/rand28: 36113/103182
      classify s3/test/rand28: 41272/103182
      classify s3/test/rand28: 46431/103182
      classify s3/test/rand28: 51590/103182
      classify s3/test/rand28: 56749/103182
      classify s3/test/rand28: 61908/103182
      classify s3/test/rand28: 67067/103182
      classify s3/test/rand28: 72226/103182
      classify s3/test/rand28: 77385/103182
      classify s3/test/rand28: 82544/103182
      classify s3/test/rand28: 87703/103182
      classify s3/test/rand28: 92862/103182
      classify s3/test/rand28: 98021/103182
      classify s3/test/rand28: 103180/103182
      classify s3/test/rand29: 5159/103182
      classify s3/test/rand29: 10318/103182
      classify s3/test/rand29: 15477/103182
      classify s3/test/rand29: 20636/103182
      classify s3/test/rand29: 25795/103182
      classify s3/test/rand29: 30954/103182
      classify s3/test/rand29: 36113/103182
      classify s3/test/rand29: 41272/103182
      classify s3/test/rand29: 46431/103182
      classify s3/test/rand29: 51590/103182
      classify s3/test/rand29: 56749/103182
      classify s3/test/rand29: 61908/103182
      classify s3/test/rand29: 67067/103182
      classify s3/test/rand29: 72226/103182
      classify s3/test/rand29: 77385/103182
      classify s3/test/rand29: 82544/103182
      classify s3/test/rand29: 87703/103182
      classify s3/test/rand29: 92862/103182
      classify s3/test/rand29: 98021/103182
      classify s3/test/rand29: 103180/103182
    informed=92.48%  random=87.80%  gap=+4.68 pp

== subject 4 ==
    subject 4: train=33582 test=100753
      classify s4/test/full: 5037/100753
      classify s4/test/full: 10074/100753
      classify s4/test/full: 15111/100753
      classify s4/test/full: 20148/100753
      classify s4/test/full: 25185/100753
      classify s4/test/full: 30222/100753
      classify s4/test/full: 35259/100753
      classify s4/test/full: 40296/100753
      classify s4/test/full: 45333/100753
      classify s4/test/full: 50370/100753
      classify s4/test/full: 55407/100753
      classify s4/test/full: 60444/100753
      classify s4/test/full: 65481/100753
      classify s4/test/full: 70518/100753
      classify s4/test/full: 75555/100753
      classify s4/test/full: 80592/100753
      classify s4/test/full: 85629/100753
      classify s4/test/full: 90666/100753
      classify s4/test/full: 95703/100753
      classify s4/test/full: 100740/100753
      classify s4/test/informed: 5037/100753
      classify s4/test/informed: 10074/100753
      classify s4/test/informed: 15111/100753
      classify s4/test/informed: 20148/100753
      classify s4/test/informed: 25185/100753
      classify s4/test/informed: 30222/100753
      classify s4/test/informed: 35259/100753
      classify s4/test/informed: 40296/100753
      classify s4/test/informed: 45333/100753
      classify s4/test/informed: 50370/100753
      classify s4/test/informed: 55407/100753
      classify s4/test/informed: 60444/100753
      classify s4/test/informed: 65481/100753
      classify s4/test/informed: 70518/100753
      classify s4/test/informed: 75555/100753
      classify s4/test/informed: 80592/100753
      classify s4/test/informed: 85629/100753
      classify s4/test/informed: 90666/100753
      classify s4/test/informed: 95703/100753
      classify s4/test/informed: 100740/100753
      classify s4/test/rand0: 5037/100753
      classify s4/test/rand0: 10074/100753
      classify s4/test/rand0: 15111/100753
      classify s4/test/rand0: 20148/100753
      classify s4/test/rand0: 25185/100753
      classify s4/test/rand0: 30222/100753
      classify s4/test/rand0: 35259/100753
      classify s4/test/rand0: 40296/100753
      classify s4/test/rand0: 45333/100753
      classify s4/test/rand0: 50370/100753
      classify s4/test/rand0: 55407/100753
      classify s4/test/rand0: 60444/100753
      classify s4/test/rand0: 65481/100753
      classify s4/test/rand0: 70518/100753
      classify s4/test/rand0: 75555/100753
      classify s4/test/rand0: 80592/100753
      classify s4/test/rand0: 85629/100753
      classify s4/test/rand0: 90666/100753
      classify s4/test/rand0: 95703/100753
      classify s4/test/rand0: 100740/100753
      classify s4/test/rand1: 5037/100753
      classify s4/test/rand1: 10074/100753
      classify s4/test/rand1: 15111/100753
      classify s4/test/rand1: 20148/100753
      classify s4/test/rand1: 25185/100753
      classify s4/test/rand1: 30222/100753
      classify s4/test/rand1: 35259/100753
      classify s4/test/rand1: 40296/100753
      classify s4/test/rand1: 45333/100753
      classify s4/test/rand1: 50370/100753
      classify s4/test/rand1: 55407/100753
      classify s4/test/rand1: 60444/100753
      classify s4/test/rand1: 65481/100753
      classify s4/test/rand1: 70518/100753
      classify s4/test/rand1: 75555/100753
      classify s4/test/rand1: 80592/100753
      classify s4/test/rand1: 85629/100753
      classify s4/test/rand1: 90666/100753
      classify s4/test/rand1: 95703/100753
      classify s4/test/rand1: 100740/100753
      classify s4/test/rand2: 5037/100753
      classify s4/test/rand2: 10074/100753
      classify s4/test/rand2: 15111/100753
      classify s4/test/rand2: 20148/100753
      classify s4/test/rand2: 25185/100753
      classify s4/test/rand2: 30222/100753
      classify s4/test/rand2: 35259/100753
      classify s4/test/rand2: 40296/100753
      classify s4/test/rand2: 45333/100753
      classify s4/test/rand2: 50370/100753
      classify s4/test/rand2: 55407/100753
      classify s4/test/rand2: 60444/100753
      classify s4/test/rand2: 65481/100753
      classify s4/test/rand2: 70518/100753
      classify s4/test/rand2: 75555/100753
      classify s4/test/rand2: 80592/100753
      classify s4/test/rand2: 85629/100753
      classify s4/test/rand2: 90666/100753
      classify s4/test/rand2: 95703/100753
      classify s4/test/rand2: 100740/100753
      classify s4/test/rand3: 5037/100753
      classify s4/test/rand3: 10074/100753
      classify s4/test/rand3: 15111/100753
      classify s4/test/rand3: 20148/100753
      classify s4/test/rand3: 25185/100753
      classify s4/test/rand3: 30222/100753
      classify s4/test/rand3: 35259/100753
      classify s4/test/rand3: 40296/100753
      classify s4/test/rand3: 45333/100753
      classify s4/test/rand3: 50370/100753
      classify s4/test/rand3: 55407/100753
      classify s4/test/rand3: 60444/100753
      classify s4/test/rand3: 65481/100753
      classify s4/test/rand3: 70518/100753
      classify s4/test/rand3: 75555/100753
      classify s4/test/rand3: 80592/100753
      classify s4/test/rand3: 85629/100753
      classify s4/test/rand3: 90666/100753
      classify s4/test/rand3: 95703/100753
      classify s4/test/rand3: 100740/100753
      classify s4/test/rand4: 5037/100753
      classify s4/test/rand4: 10074/100753
      classify s4/test/rand4: 15111/100753
      classify s4/test/rand4: 20148/100753
      classify s4/test/rand4: 25185/100753
      classify s4/test/rand4: 30222/100753
      classify s4/test/rand4: 35259/100753
      classify s4/test/rand4: 40296/100753
      classify s4/test/rand4: 45333/100753
      classify s4/test/rand4: 50370/100753
      classify s4/test/rand4: 55407/100753
      classify s4/test/rand4: 60444/100753
      classify s4/test/rand4: 65481/100753
      classify s4/test/rand4: 70518/100753
      classify s4/test/rand4: 75555/100753
      classify s4/test/rand4: 80592/100753
      classify s4/test/rand4: 85629/100753
      classify s4/test/rand4: 90666/100753
      classify s4/test/rand4: 95703/100753
      classify s4/test/rand4: 100740/100753
      classify s4/test/rand5: 5037/100753
      classify s4/test/rand5: 10074/100753
      classify s4/test/rand5: 15111/100753
      classify s4/test/rand5: 20148/100753
      classify s4/test/rand5: 25185/100753
      classify s4/test/rand5: 30222/100753
      classify s4/test/rand5: 35259/100753
      classify s4/test/rand5: 40296/100753
      classify s4/test/rand5: 45333/100753
      classify s4/test/rand5: 50370/100753
      classify s4/test/rand5: 55407/100753
      classify s4/test/rand5: 60444/100753
      classify s4/test/rand5: 65481/100753
      classify s4/test/rand5: 70518/100753
      classify s4/test/rand5: 75555/100753
      classify s4/test/rand5: 80592/100753
      classify s4/test/rand5: 85629/100753
      classify s4/test/rand5: 90666/100753
      classify s4/test/rand5: 95703/100753
      classify s4/test/rand5: 100740/100753
      classify s4/test/rand6: 5037/100753
      classify s4/test/rand6: 10074/100753
      classify s4/test/rand6: 15111/100753
      classify s4/test/rand6: 20148/100753
      classify s4/test/rand6: 25185/100753
      classify s4/test/rand6: 30222/100753
      classify s4/test/rand6: 35259/100753
      classify s4/test/rand6: 40296/100753
      classify s4/test/rand6: 45333/100753
      classify s4/test/rand6: 50370/100753
      classify s4/test/rand6: 55407/100753
      classify s4/test/rand6: 60444/100753
      classify s4/test/rand6: 65481/100753
      classify s4/test/rand6: 70518/100753
      classify s4/test/rand6: 75555/100753
      classify s4/test/rand6: 80592/100753
      classify s4/test/rand6: 85629/100753
      classify s4/test/rand6: 90666/100753
      classify s4/test/rand6: 95703/100753
      classify s4/test/rand6: 100740/100753
      classify s4/test/rand7: 5037/100753
      classify s4/test/rand7: 10074/100753
      classify s4/test/rand7: 15111/100753
      classify s4/test/rand7: 20148/100753
      classify s4/test/rand7: 25185/100753
      classify s4/test/rand7: 30222/100753
      classify s4/test/rand7: 35259/100753
      classify s4/test/rand7: 40296/100753
      classify s4/test/rand7: 45333/100753
      classify s4/test/rand7: 50370/100753
      classify s4/test/rand7: 55407/100753
      classify s4/test/rand7: 60444/100753
      classify s4/test/rand7: 65481/100753
      classify s4/test/rand7: 70518/100753
      classify s4/test/rand7: 75555/100753
      classify s4/test/rand7: 80592/100753
      classify s4/test/rand7: 85629/100753
      classify s4/test/rand7: 90666/100753
      classify s4/test/rand7: 95703/100753
      classify s4/test/rand7: 100740/100753
      classify s4/test/rand8: 5037/100753
      classify s4/test/rand8: 10074/100753
      classify s4/test/rand8: 15111/100753
      classify s4/test/rand8: 20148/100753
      classify s4/test/rand8: 25185/100753
      classify s4/test/rand8: 30222/100753
      classify s4/test/rand8: 35259/100753
      classify s4/test/rand8: 40296/100753
      classify s4/test/rand8: 45333/100753
      classify s4/test/rand8: 50370/100753
      classify s4/test/rand8: 55407/100753
      classify s4/test/rand8: 60444/100753
      classify s4/test/rand8: 65481/100753
      classify s4/test/rand8: 70518/100753
      classify s4/test/rand8: 75555/100753
      classify s4/test/rand8: 80592/100753
      classify s4/test/rand8: 85629/100753
      classify s4/test/rand8: 90666/100753
      classify s4/test/rand8: 95703/100753
      classify s4/test/rand8: 100740/100753
      classify s4/test/rand9: 5037/100753
      classify s4/test/rand9: 10074/100753
      classify s4/test/rand9: 15111/100753
      classify s4/test/rand9: 20148/100753
      classify s4/test/rand9: 25185/100753
      classify s4/test/rand9: 30222/100753
      classify s4/test/rand9: 35259/100753
      classify s4/test/rand9: 40296/100753
      classify s4/test/rand9: 45333/100753
      classify s4/test/rand9: 50370/100753
      classify s4/test/rand9: 55407/100753
      classify s4/test/rand9: 60444/100753
      classify s4/test/rand9: 65481/100753
      classify s4/test/rand9: 70518/100753
      classify s4/test/rand9: 75555/100753
      classify s4/test/rand9: 80592/100753
      classify s4/test/rand9: 85629/100753
      classify s4/test/rand9: 90666/100753
      classify s4/test/rand9: 95703/100753
      classify s4/test/rand9: 100740/100753
      classify s4/test/rand10: 5037/100753
      classify s4/test/rand10: 10074/100753
      classify s4/test/rand10: 15111/100753
      classify s4/test/rand10: 20148/100753
      classify s4/test/rand10: 25185/100753
      classify s4/test/rand10: 30222/100753
      classify s4/test/rand10: 35259/100753
      classify s4/test/rand10: 40296/100753
      classify s4/test/rand10: 45333/100753
      classify s4/test/rand10: 50370/100753
      classify s4/test/rand10: 55407/100753
      classify s4/test/rand10: 60444/100753
      classify s4/test/rand10: 65481/100753
      classify s4/test/rand10: 70518/100753
      classify s4/test/rand10: 75555/100753
      classify s4/test/rand10: 80592/100753
      classify s4/test/rand10: 85629/100753
      classify s4/test/rand10: 90666/100753
      classify s4/test/rand10: 95703/100753
      classify s4/test/rand10: 100740/100753
      classify s4/test/rand11: 5037/100753
      classify s4/test/rand11: 10074/100753
      classify s4/test/rand11: 15111/100753
      classify s4/test/rand11: 20148/100753
      classify s4/test/rand11: 25185/100753
      classify s4/test/rand11: 30222/100753
      classify s4/test/rand11: 35259/100753
      classify s4/test/rand11: 40296/100753
      classify s4/test/rand11: 45333/100753
      classify s4/test/rand11: 50370/100753
      classify s4/test/rand11: 55407/100753
      classify s4/test/rand11: 60444/100753
      classify s4/test/rand11: 65481/100753
      classify s4/test/rand11: 70518/100753
      classify s4/test/rand11: 75555/100753
      classify s4/test/rand11: 80592/100753
      classify s4/test/rand11: 85629/100753
      classify s4/test/rand11: 90666/100753
      classify s4/test/rand11: 95703/100753
      classify s4/test/rand11: 100740/100753
      classify s4/test/rand12: 5037/100753
      classify s4/test/rand12: 10074/100753
      classify s4/test/rand12: 15111/100753
      classify s4/test/rand12: 20148/100753
      classify s4/test/rand12: 25185/100753
      classify s4/test/rand12: 30222/100753
      classify s4/test/rand12: 35259/100753
      classify s4/test/rand12: 40296/100753
      classify s4/test/rand12: 45333/100753
      classify s4/test/rand12: 50370/100753
      classify s4/test/rand12: 55407/100753
      classify s4/test/rand12: 60444/100753
      classify s4/test/rand12: 65481/100753
      classify s4/test/rand12: 70518/100753
      classify s4/test/rand12: 75555/100753
      classify s4/test/rand12: 80592/100753
      classify s4/test/rand12: 85629/100753
      classify s4/test/rand12: 90666/100753
      classify s4/test/rand12: 95703/100753
      classify s4/test/rand12: 100740/100753
      classify s4/test/rand13: 5037/100753
      classify s4/test/rand13: 10074/100753
      classify s4/test/rand13: 15111/100753
      classify s4/test/rand13: 20148/100753
      classify s4/test/rand13: 25185/100753
      classify s4/test/rand13: 30222/100753
      classify s4/test/rand13: 35259/100753
      classify s4/test/rand13: 40296/100753
      classify s4/test/rand13: 45333/100753
      classify s4/test/rand13: 50370/100753
      classify s4/test/rand13: 55407/100753
      classify s4/test/rand13: 60444/100753
      classify s4/test/rand13: 65481/100753
      classify s4/test/rand13: 70518/100753
      classify s4/test/rand13: 75555/100753
      classify s4/test/rand13: 80592/100753
      classify s4/test/rand13: 85629/100753
      classify s4/test/rand13: 90666/100753
      classify s4/test/rand13: 95703/100753
      classify s4/test/rand13: 100740/100753
      classify s4/test/rand14: 5037/100753
      classify s4/test/rand14: 10074/100753
      classify s4/test/rand14: 15111/100753
      classify s4/test/rand14: 20148/100753
      classify s4/test/rand14: 25185/100753
      classify s4/test/rand14: 30222/100753
      classify s4/test/rand14: 35259/100753
      classify s4/test/rand14: 40296/100753
      classify s4/test/rand14: 45333/100753
      classify s4/test/rand14: 50370/100753
      classify s4/test/rand14: 55407/100753
      classify s4/test/rand14: 60444/100753
      classify s4/test/rand14: 65481/100753
      classify s4/test/rand14: 70518/100753
      classify s4/test/rand14: 75555/100753
      classify s4/test/rand14: 80592/100753
      classify s4/test/rand14: 85629/100753
      classify s4/test/rand14: 90666/100753
      classify s4/test/rand14: 95703/100753
      classify s4/test/rand14: 100740/100753
      classify s4/test/rand15: 5037/100753
      classify s4/test/rand15: 10074/100753
      classify s4/test/rand15: 15111/100753
      classify s4/test/rand15: 20148/100753
      classify s4/test/rand15: 25185/100753
      classify s4/test/rand15: 30222/100753
      classify s4/test/rand15: 35259/100753
      classify s4/test/rand15: 40296/100753
      classify s4/test/rand15: 45333/100753
      classify s4/test/rand15: 50370/100753
      classify s4/test/rand15: 55407/100753
      classify s4/test/rand15: 60444/100753
      classify s4/test/rand15: 65481/100753
      classify s4/test/rand15: 70518/100753
      classify s4/test/rand15: 75555/100753
      classify s4/test/rand15: 80592/100753
      classify s4/test/rand15: 85629/100753
      classify s4/test/rand15: 90666/100753
      classify s4/test/rand15: 95703/100753
      classify s4/test/rand15: 100740/100753
      classify s4/test/rand16: 5037/100753
      classify s4/test/rand16: 10074/100753
      classify s4/test/rand16: 15111/100753
      classify s4/test/rand16: 20148/100753
      classify s4/test/rand16: 25185/100753
      classify s4/test/rand16: 30222/100753
      classify s4/test/rand16: 35259/100753
      classify s4/test/rand16: 40296/100753
      classify s4/test/rand16: 45333/100753
      classify s4/test/rand16: 50370/100753
      classify s4/test/rand16: 55407/100753
      classify s4/test/rand16: 60444/100753
      classify s4/test/rand16: 65481/100753
      classify s4/test/rand16: 70518/100753
      classify s4/test/rand16: 75555/100753
      classify s4/test/rand16: 80592/100753
      classify s4/test/rand16: 85629/100753
      classify s4/test/rand16: 90666/100753
      classify s4/test/rand16: 95703/100753
      classify s4/test/rand16: 100740/100753
      classify s4/test/rand17: 5037/100753
      classify s4/test/rand17: 10074/100753
      classify s4/test/rand17: 15111/100753
      classify s4/test/rand17: 20148/100753
      classify s4/test/rand17: 25185/100753
      classify s4/test/rand17: 30222/100753
      classify s4/test/rand17: 35259/100753
      classify s4/test/rand17: 40296/100753
      classify s4/test/rand17: 45333/100753
      classify s4/test/rand17: 50370/100753
      classify s4/test/rand17: 55407/100753
      classify s4/test/rand17: 60444/100753
      classify s4/test/rand17: 65481/100753
      classify s4/test/rand17: 70518/100753
      classify s4/test/rand17: 75555/100753
      classify s4/test/rand17: 80592/100753
      classify s4/test/rand17: 85629/100753
      classify s4/test/rand17: 90666/100753
      classify s4/test/rand17: 95703/100753
      classify s4/test/rand17: 100740/100753
      classify s4/test/rand18: 5037/100753
      classify s4/test/rand18: 10074/100753
      classify s4/test/rand18: 15111/100753
      classify s4/test/rand18: 20148/100753
      classify s4/test/rand18: 25185/100753
      classify s4/test/rand18: 30222/100753
      classify s4/test/rand18: 35259/100753
      classify s4/test/rand18: 40296/100753
      classify s4/test/rand18: 45333/100753
      classify s4/test/rand18: 50370/100753
      classify s4/test/rand18: 55407/100753
      classify s4/test/rand18: 60444/100753
      classify s4/test/rand18: 65481/100753
      classify s4/test/rand18: 70518/100753
      classify s4/test/rand18: 75555/100753
      classify s4/test/rand18: 80592/100753
      classify s4/test/rand18: 85629/100753
      classify s4/test/rand18: 90666/100753
      classify s4/test/rand18: 95703/100753
      classify s4/test/rand18: 100740/100753
      classify s4/test/rand19: 5037/100753
      classify s4/test/rand19: 10074/100753
      classify s4/test/rand19: 15111/100753
      classify s4/test/rand19: 20148/100753
      classify s4/test/rand19: 25185/100753
      classify s4/test/rand19: 30222/100753
      classify s4/test/rand19: 35259/100753
      classify s4/test/rand19: 40296/100753
      classify s4/test/rand19: 45333/100753
      classify s4/test/rand19: 50370/100753
      classify s4/test/rand19: 55407/100753
      classify s4/test/rand19: 60444/100753
      classify s4/test/rand19: 65481/100753
      classify s4/test/rand19: 70518/100753
      classify s4/test/rand19: 75555/100753
      classify s4/test/rand19: 80592/100753
      classify s4/test/rand19: 85629/100753
      classify s4/test/rand19: 90666/100753
      classify s4/test/rand19: 95703/100753
      classify s4/test/rand19: 100740/100753
      classify s4/test/rand20: 5037/100753
      classify s4/test/rand20: 10074/100753
      classify s4/test/rand20: 15111/100753
      classify s4/test/rand20: 20148/100753
      classify s4/test/rand20: 25185/100753
      classify s4/test/rand20: 30222/100753
      classify s4/test/rand20: 35259/100753
      classify s4/test/rand20: 40296/100753
      classify s4/test/rand20: 45333/100753
      classify s4/test/rand20: 50370/100753
      classify s4/test/rand20: 55407/100753
      classify s4/test/rand20: 60444/100753
      classify s4/test/rand20: 65481/100753
      classify s4/test/rand20: 70518/100753
      classify s4/test/rand20: 75555/100753
      classify s4/test/rand20: 80592/100753
      classify s4/test/rand20: 85629/100753
      classify s4/test/rand20: 90666/100753
      classify s4/test/rand20: 95703/100753
      classify s4/test/rand20: 100740/100753
      classify s4/test/rand21: 5037/100753
      classify s4/test/rand21: 10074/100753
      classify s4/test/rand21: 15111/100753
      classify s4/test/rand21: 20148/100753
      classify s4/test/rand21: 25185/100753
      classify s4/test/rand21: 30222/100753
      classify s4/test/rand21: 35259/100753
      classify s4/test/rand21: 40296/100753
      classify s4/test/rand21: 45333/100753
      classify s4/test/rand21: 50370/100753
      classify s4/test/rand21: 55407/100753
      classify s4/test/rand21: 60444/100753
      classify s4/test/rand21: 65481/100753
      classify s4/test/rand21: 70518/100753
      classify s4/test/rand21: 75555/100753
      classify s4/test/rand21: 80592/100753
      classify s4/test/rand21: 85629/100753
      classify s4/test/rand21: 90666/100753
      classify s4/test/rand21: 95703/100753
      classify s4/test/rand21: 100740/100753
      classify s4/test/rand22: 5037/100753
      classify s4/test/rand22: 10074/100753
      classify s4/test/rand22: 15111/100753
      classify s4/test/rand22: 20148/100753
      classify s4/test/rand22: 25185/100753
      classify s4/test/rand22: 30222/100753
      classify s4/test/rand22: 35259/100753
      classify s4/test/rand22: 40296/100753
      classify s4/test/rand22: 45333/100753
      classify s4/test/rand22: 50370/100753
      classify s4/test/rand22: 55407/100753
      classify s4/test/rand22: 60444/100753
      classify s4/test/rand22: 65481/100753
      classify s4/test/rand22: 70518/100753
      classify s4/test/rand22: 75555/100753
      classify s4/test/rand22: 80592/100753
      classify s4/test/rand22: 85629/100753
      classify s4/test/rand22: 90666/100753
      classify s4/test/rand22: 95703/100753
      classify s4/test/rand22: 100740/100753
      classify s4/test/rand23: 5037/100753
      classify s4/test/rand23: 10074/100753
      classify s4/test/rand23: 15111/100753
      classify s4/test/rand23: 20148/100753
      classify s4/test/rand23: 25185/100753
      classify s4/test/rand23: 30222/100753
      classify s4/test/rand23: 35259/100753
      classify s4/test/rand23: 40296/100753
      classify s4/test/rand23: 45333/100753
      classify s4/test/rand23: 50370/100753
      classify s4/test/rand23: 55407/100753
      classify s4/test/rand23: 60444/100753
      classify s4/test/rand23: 65481/100753
      classify s4/test/rand23: 70518/100753
      classify s4/test/rand23: 75555/100753
      classify s4/test/rand23: 80592/100753
      classify s4/test/rand23: 85629/100753
      classify s4/test/rand23: 90666/100753
      classify s4/test/rand23: 95703/100753
      classify s4/test/rand23: 100740/100753
      classify s4/test/rand24: 5037/100753
      classify s4/test/rand24: 10074/100753
      classify s4/test/rand24: 15111/100753
      classify s4/test/rand24: 20148/100753
      classify s4/test/rand24: 25185/100753
      classify s4/test/rand24: 30222/100753
      classify s4/test/rand24: 35259/100753
      classify s4/test/rand24: 40296/100753
      classify s4/test/rand24: 45333/100753
      classify s4/test/rand24: 50370/100753
      classify s4/test/rand24: 55407/100753
      classify s4/test/rand24: 60444/100753
      classify s4/test/rand24: 65481/100753
      classify s4/test/rand24: 70518/100753
      classify s4/test/rand24: 75555/100753
      classify s4/test/rand24: 80592/100753
      classify s4/test/rand24: 85629/100753
      classify s4/test/rand24: 90666/100753
      classify s4/test/rand24: 95703/100753
      classify s4/test/rand24: 100740/100753
      classify s4/test/rand25: 5037/100753
      classify s4/test/rand25: 10074/100753
      classify s4/test/rand25: 15111/100753
      classify s4/test/rand25: 20148/100753
      classify s4/test/rand25: 25185/100753
      classify s4/test/rand25: 30222/100753
      classify s4/test/rand25: 35259/100753
      classify s4/test/rand25: 40296/100753
      classify s4/test/rand25: 45333/100753
      classify s4/test/rand25: 50370/100753
      classify s4/test/rand25: 55407/100753
      classify s4/test/rand25: 60444/100753
      classify s4/test/rand25: 65481/100753
      classify s4/test/rand25: 70518/100753
      classify s4/test/rand25: 75555/100753
      classify s4/test/rand25: 80592/100753
      classify s4/test/rand25: 85629/100753
      classify s4/test/rand25: 90666/100753
      classify s4/test/rand25: 95703/100753
      classify s4/test/rand25: 100740/100753
      classify s4/test/rand26: 5037/100753
      classify s4/test/rand26: 10074/100753
      classify s4/test/rand26: 15111/100753
      classify s4/test/rand26: 20148/100753
      classify s4/test/rand26: 25185/100753
      classify s4/test/rand26: 30222/100753
      classify s4/test/rand26: 35259/100753
      classify s4/test/rand26: 40296/100753
      classify s4/test/rand26: 45333/100753
      classify s4/test/rand26: 50370/100753
      classify s4/test/rand26: 55407/100753
      classify s4/test/rand26: 60444/100753
      classify s4/test/rand26: 65481/100753
      classify s4/test/rand26: 70518/100753
      classify s4/test/rand26: 75555/100753
      classify s4/test/rand26: 80592/100753
      classify s4/test/rand26: 85629/100753
      classify s4/test/rand26: 90666/100753
      classify s4/test/rand26: 95703/100753
      classify s4/test/rand26: 100740/100753
      classify s4/test/rand27: 5037/100753
      classify s4/test/rand27: 10074/100753
      classify s4/test/rand27: 15111/100753
      classify s4/test/rand27: 20148/100753
      classify s4/test/rand27: 25185/100753
      classify s4/test/rand27: 30222/100753
      classify s4/test/rand27: 35259/100753
      classify s4/test/rand27: 40296/100753
      classify s4/test/rand27: 45333/100753
      classify s4/test/rand27: 50370/100753
      classify s4/test/rand27: 55407/100753
      classify s4/test/rand27: 60444/100753
      classify s4/test/rand27: 65481/100753
      classify s4/test/rand27: 70518/100753
      classify s4/test/rand27: 75555/100753
      classify s4/test/rand27: 80592/100753
      classify s4/test/rand27: 85629/100753
      classify s4/test/rand27: 90666/100753
      classify s4/test/rand27: 95703/100753
      classify s4/test/rand27: 100740/100753
      classify s4/test/rand28: 5037/100753
      classify s4/test/rand28: 10074/100753
      classify s4/test/rand28: 15111/100753
      classify s4/test/rand28: 20148/100753
      classify s4/test/rand28: 25185/100753
      classify s4/test/rand28: 30222/100753
      classify s4/test/rand28: 35259/100753
      classify s4/test/rand28: 40296/100753
      classify s4/test/rand28: 45333/100753
      classify s4/test/rand28: 50370/100753
      classify s4/test/rand28: 55407/100753
      classify s4/test/rand28: 60444/100753
      classify s4/test/rand28: 65481/100753
      classify s4/test/rand28: 70518/100753
      classify s4/test/rand28: 75555/100753
      classify s4/test/rand28: 80592/100753
      classify s4/test/rand28: 85629/100753
      classify s4/test/rand28: 90666/100753
      classify s4/test/rand28: 95703/100753
      classify s4/test/rand28: 100740/100753
      classify s4/test/rand29: 5037/100753
      classify s4/test/rand29: 10074/100753
      classify s4/test/rand29: 15111/100753
      classify s4/test/rand29: 20148/100753
      classify s4/test/rand29: 25185/100753
      classify s4/test/rand29: 30222/100753
      classify s4/test/rand29: 35259/100753
      classify s4/test/rand29: 40296/100753
      classify s4/test/rand29: 45333/100753
      classify s4/test/rand29: 50370/100753
      classify s4/test/rand29: 55407/100753
      classify s4/test/rand29: 60444/100753
      classify s4/test/rand29: 65481/100753
      classify s4/test/rand29: 70518/100753
      classify s4/test/rand29: 75555/100753
      classify s4/test/rand29: 80592/100753
      classify s4/test/rand29: 85629/100753
      classify s4/test/rand29: 90666/100753
      classify s4/test/rand29: 95703/100753
      classify s4/test/rand29: 100740/100753
    informed=87.54%  random=84.40%  gap=+3.13 pp

== subject 5 ==
    subject 5: train=24531 test=73599
      classify s5/test/full: 3679/73599
      classify s5/test/full: 7358/73599
      classify s5/test/full: 11037/73599
      classify s5/test/full: 14716/73599
      classify s5/test/full: 18395/73599
      classify s5/test/full: 22074/73599
      classify s5/test/full: 25753/73599
      classify s5/test/full: 29432/73599
      classify s5/test/full: 33111/73599
      classify s5/test/full: 36790/73599
      classify s5/test/full: 40469/73599
      classify s5/test/full: 44148/73599
      classify s5/test/full: 47827/73599
      classify s5/test/full: 51506/73599
      classify s5/test/full: 55185/73599
      classify s5/test/full: 58864/73599
      classify s5/test/full: 62543/73599
      classify s5/test/full: 66222/73599
      classify s5/test/full: 69901/73599
      classify s5/test/full: 73580/73599
      classify s5/test/informed: 3679/73599
      classify s5/test/informed: 7358/73599
      classify s5/test/informed: 11037/73599
      classify s5/test/informed: 14716/73599
      classify s5/test/informed: 18395/73599
      classify s5/test/informed: 22074/73599
      classify s5/test/informed: 25753/73599
      classify s5/test/informed: 29432/73599
      classify s5/test/informed: 33111/73599
      classify s5/test/informed: 36790/73599
      classify s5/test/informed: 40469/73599
      classify s5/test/informed: 44148/73599
      classify s5/test/informed: 47827/73599
      classify s5/test/informed: 51506/73599
      classify s5/test/informed: 55185/73599
      classify s5/test/informed: 58864/73599
      classify s5/test/informed: 62543/73599
      classify s5/test/informed: 66222/73599
      classify s5/test/informed: 69901/73599
      classify s5/test/informed: 73580/73599
      classify s5/test/rand0: 3679/73599
      classify s5/test/rand0: 7358/73599
      classify s5/test/rand0: 11037/73599
      classify s5/test/rand0: 14716/73599
      classify s5/test/rand0: 18395/73599
      classify s5/test/rand0: 22074/73599
      classify s5/test/rand0: 25753/73599
      classify s5/test/rand0: 29432/73599
      classify s5/test/rand0: 33111/73599
      classify s5/test/rand0: 36790/73599
      classify s5/test/rand0: 40469/73599
      classify s5/test/rand0: 44148/73599
      classify s5/test/rand0: 47827/73599
      classify s5/test/rand0: 51506/73599
      classify s5/test/rand0: 55185/73599
      classify s5/test/rand0: 58864/73599
      classify s5/test/rand0: 62543/73599
      classify s5/test/rand0: 66222/73599
      classify s5/test/rand0: 69901/73599
      classify s5/test/rand0: 73580/73599
      classify s5/test/rand1: 3679/73599
      classify s5/test/rand1: 7358/73599
      classify s5/test/rand1: 11037/73599
      classify s5/test/rand1: 14716/73599
      classify s5/test/rand1: 18395/73599
      classify s5/test/rand1: 22074/73599
      classify s5/test/rand1: 25753/73599
      classify s5/test/rand1: 29432/73599
      classify s5/test/rand1: 33111/73599
      classify s5/test/rand1: 36790/73599
      classify s5/test/rand1: 40469/73599
      classify s5/test/rand1: 44148/73599
      classify s5/test/rand1: 47827/73599
      classify s5/test/rand1: 51506/73599
      classify s5/test/rand1: 55185/73599
      classify s5/test/rand1: 58864/73599
      classify s5/test/rand1: 62543/73599
      classify s5/test/rand1: 66222/73599
      classify s5/test/rand1: 69901/73599
      classify s5/test/rand1: 73580/73599
      classify s5/test/rand2: 3679/73599
      classify s5/test/rand2: 7358/73599
      classify s5/test/rand2: 11037/73599
      classify s5/test/rand2: 14716/73599
      classify s5/test/rand2: 18395/73599
      classify s5/test/rand2: 22074/73599
      classify s5/test/rand2: 25753/73599
      classify s5/test/rand2: 29432/73599
      classify s5/test/rand2: 33111/73599
      classify s5/test/rand2: 36790/73599
      classify s5/test/rand2: 40469/73599
      classify s5/test/rand2: 44148/73599
      classify s5/test/rand2: 47827/73599
      classify s5/test/rand2: 51506/73599
      classify s5/test/rand2: 55185/73599
      classify s5/test/rand2: 58864/73599
      classify s5/test/rand2: 62543/73599
      classify s5/test/rand2: 66222/73599
      classify s5/test/rand2: 69901/73599
      classify s5/test/rand2: 73580/73599
      classify s5/test/rand3: 3679/73599
      classify s5/test/rand3: 7358/73599
      classify s5/test/rand3: 11037/73599
      classify s5/test/rand3: 14716/73599
      classify s5/test/rand3: 18395/73599
      classify s5/test/rand3: 22074/73599
      classify s5/test/rand3: 25753/73599
      classify s5/test/rand3: 29432/73599
      classify s5/test/rand3: 33111/73599
      classify s5/test/rand3: 36790/73599
      classify s5/test/rand3: 40469/73599
      classify s5/test/rand3: 44148/73599
      classify s5/test/rand3: 47827/73599
      classify s5/test/rand3: 51506/73599
      classify s5/test/rand3: 55185/73599
      classify s5/test/rand3: 58864/73599
      classify s5/test/rand3: 62543/73599
      classify s5/test/rand3: 66222/73599
      classify s5/test/rand3: 69901/73599
      classify s5/test/rand3: 73580/73599
      classify s5/test/rand4: 3679/73599
      classify s5/test/rand4: 7358/73599
      classify s5/test/rand4: 11037/73599
      classify s5/test/rand4: 14716/73599
      classify s5/test/rand4: 18395/73599
      classify s5/test/rand4: 22074/73599
      classify s5/test/rand4: 25753/73599
      classify s5/test/rand4: 29432/73599
      classify s5/test/rand4: 33111/73599
      classify s5/test/rand4: 36790/73599
      classify s5/test/rand4: 40469/73599
      classify s5/test/rand4: 44148/73599
      classify s5/test/rand4: 47827/73599
      classify s5/test/rand4: 51506/73599
      classify s5/test/rand4: 55185/73599
      classify s5/test/rand4: 58864/73599
      classify s5/test/rand4: 62543/73599
      classify s5/test/rand4: 66222/73599
      classify s5/test/rand4: 69901/73599
      classify s5/test/rand4: 73580/73599
      classify s5/test/rand5: 3679/73599
      classify s5/test/rand5: 7358/73599
      classify s5/test/rand5: 11037/73599
      classify s5/test/rand5: 14716/73599
      classify s5/test/rand5: 18395/73599
      classify s5/test/rand5: 22074/73599
      classify s5/test/rand5: 25753/73599
      classify s5/test/rand5: 29432/73599
      classify s5/test/rand5: 33111/73599
      classify s5/test/rand5: 36790/73599
      classify s5/test/rand5: 40469/73599
      classify s5/test/rand5: 44148/73599
      classify s5/test/rand5: 47827/73599
      classify s5/test/rand5: 51506/73599
      classify s5/test/rand5: 55185/73599
      classify s5/test/rand5: 58864/73599
      classify s5/test/rand5: 62543/73599
      classify s5/test/rand5: 66222/73599
      classify s5/test/rand5: 69901/73599
      classify s5/test/rand5: 73580/73599
      classify s5/test/rand6: 3679/73599
      classify s5/test/rand6: 7358/73599
      classify s5/test/rand6: 11037/73599
      classify s5/test/rand6: 14716/73599
      classify s5/test/rand6: 18395/73599
      classify s5/test/rand6: 22074/73599
      classify s5/test/rand6: 25753/73599
      classify s5/test/rand6: 29432/73599
      classify s5/test/rand6: 33111/73599
      classify s5/test/rand6: 36790/73599
      classify s5/test/rand6: 40469/73599
      classify s5/test/rand6: 44148/73599
      classify s5/test/rand6: 47827/73599
      classify s5/test/rand6: 51506/73599
      classify s5/test/rand6: 55185/73599
      classify s5/test/rand6: 58864/73599
      classify s5/test/rand6: 62543/73599
      classify s5/test/rand6: 66222/73599
      classify s5/test/rand6: 69901/73599
      classify s5/test/rand6: 73580/73599
      classify s5/test/rand7: 3679/73599
      classify s5/test/rand7: 7358/73599
      classify s5/test/rand7: 11037/73599
      classify s5/test/rand7: 14716/73599
      classify s5/test/rand7: 18395/73599
      classify s5/test/rand7: 22074/73599
      classify s5/test/rand7: 25753/73599
      classify s5/test/rand7: 29432/73599
      classify s5/test/rand7: 33111/73599
      classify s5/test/rand7: 36790/73599
      classify s5/test/rand7: 40469/73599
      classify s5/test/rand7: 44148/73599
      classify s5/test/rand7: 47827/73599
      classify s5/test/rand7: 51506/73599
      classify s5/test/rand7: 55185/73599
      classify s5/test/rand7: 58864/73599
      classify s5/test/rand7: 62543/73599
      classify s5/test/rand7: 66222/73599
      classify s5/test/rand7: 69901/73599
      classify s5/test/rand7: 73580/73599
      classify s5/test/rand8: 3679/73599
      classify s5/test/rand8: 7358/73599
      classify s5/test/rand8: 11037/73599
      classify s5/test/rand8: 14716/73599
      classify s5/test/rand8: 18395/73599
      classify s5/test/rand8: 22074/73599
      classify s5/test/rand8: 25753/73599
      classify s5/test/rand8: 29432/73599
      classify s5/test/rand8: 33111/73599
      classify s5/test/rand8: 36790/73599
      classify s5/test/rand8: 40469/73599
      classify s5/test/rand8: 44148/73599
      classify s5/test/rand8: 47827/73599
      classify s5/test/rand8: 51506/73599
      classify s5/test/rand8: 55185/73599
      classify s5/test/rand8: 58864/73599
      classify s5/test/rand8: 62543/73599
      classify s5/test/rand8: 66222/73599
      classify s5/test/rand8: 69901/73599
      classify s5/test/rand8: 73580/73599
      classify s5/test/rand9: 3679/73599
      classify s5/test/rand9: 7358/73599
      classify s5/test/rand9: 11037/73599
      classify s5/test/rand9: 14716/73599
      classify s5/test/rand9: 18395/73599
      classify s5/test/rand9: 22074/73599
      classify s5/test/rand9: 25753/73599
      classify s5/test/rand9: 29432/73599
      classify s5/test/rand9: 33111/73599
      classify s5/test/rand9: 36790/73599
      classify s5/test/rand9: 40469/73599
      classify s5/test/rand9: 44148/73599
      classify s5/test/rand9: 47827/73599
      classify s5/test/rand9: 51506/73599
      classify s5/test/rand9: 55185/73599
      classify s5/test/rand9: 58864/73599
      classify s5/test/rand9: 62543/73599
      classify s5/test/rand9: 66222/73599
      classify s5/test/rand9: 69901/73599
      classify s5/test/rand9: 73580/73599
      classify s5/test/rand10: 3679/73599
      classify s5/test/rand10: 7358/73599
      classify s5/test/rand10: 11037/73599
      classify s5/test/rand10: 14716/73599
      classify s5/test/rand10: 18395/73599
      classify s5/test/rand10: 22074/73599
      classify s5/test/rand10: 25753/73599
      classify s5/test/rand10: 29432/73599
      classify s5/test/rand10: 33111/73599
      classify s5/test/rand10: 36790/73599
      classify s5/test/rand10: 40469/73599
      classify s5/test/rand10: 44148/73599
      classify s5/test/rand10: 47827/73599
      classify s5/test/rand10: 51506/73599
      classify s5/test/rand10: 55185/73599
      classify s5/test/rand10: 58864/73599
      classify s5/test/rand10: 62543/73599
      classify s5/test/rand10: 66222/73599
      classify s5/test/rand10: 69901/73599
      classify s5/test/rand10: 73580/73599
      classify s5/test/rand11: 3679/73599
      classify s5/test/rand11: 7358/73599
      classify s5/test/rand11: 11037/73599
      classify s5/test/rand11: 14716/73599
      classify s5/test/rand11: 18395/73599
      classify s5/test/rand11: 22074/73599
      classify s5/test/rand11: 25753/73599
      classify s5/test/rand11: 29432/73599
      classify s5/test/rand11: 33111/73599
      classify s5/test/rand11: 36790/73599
      classify s5/test/rand11: 40469/73599
      classify s5/test/rand11: 44148/73599
      classify s5/test/rand11: 47827/73599
      classify s5/test/rand11: 51506/73599
      classify s5/test/rand11: 55185/73599
      classify s5/test/rand11: 58864/73599
      classify s5/test/rand11: 62543/73599
      classify s5/test/rand11: 66222/73599
      classify s5/test/rand11: 69901/73599
      classify s5/test/rand11: 73580/73599
      classify s5/test/rand12: 3679/73599
      classify s5/test/rand12: 7358/73599
      classify s5/test/rand12: 11037/73599
      classify s5/test/rand12: 14716/73599
      classify s5/test/rand12: 18395/73599
      classify s5/test/rand12: 22074/73599
      classify s5/test/rand12: 25753/73599
      classify s5/test/rand12: 29432/73599
      classify s5/test/rand12: 33111/73599
      classify s5/test/rand12: 36790/73599
      classify s5/test/rand12: 40469/73599
      classify s5/test/rand12: 44148/73599
      classify s5/test/rand12: 47827/73599
      classify s5/test/rand12: 51506/73599
      classify s5/test/rand12: 55185/73599
      classify s5/test/rand12: 58864/73599
      classify s5/test/rand12: 62543/73599
      classify s5/test/rand12: 66222/73599
      classify s5/test/rand12: 69901/73599
      classify s5/test/rand12: 73580/73599
      classify s5/test/rand13: 3679/73599
      classify s5/test/rand13: 7358/73599
      classify s5/test/rand13: 11037/73599
      classify s5/test/rand13: 14716/73599
      classify s5/test/rand13: 18395/73599
      classify s5/test/rand13: 22074/73599
      classify s5/test/rand13: 25753/73599
      classify s5/test/rand13: 29432/73599
      classify s5/test/rand13: 33111/73599
      classify s5/test/rand13: 36790/73599
      classify s5/test/rand13: 40469/73599
      classify s5/test/rand13: 44148/73599
      classify s5/test/rand13: 47827/73599
      classify s5/test/rand13: 51506/73599
      classify s5/test/rand13: 55185/73599
      classify s5/test/rand13: 58864/73599
      classify s5/test/rand13: 62543/73599
      classify s5/test/rand13: 66222/73599
      classify s5/test/rand13: 69901/73599
      classify s5/test/rand13: 73580/73599
      classify s5/test/rand14: 3679/73599
      classify s5/test/rand14: 7358/73599
      classify s5/test/rand14: 11037/73599
      classify s5/test/rand14: 14716/73599
      classify s5/test/rand14: 18395/73599
      classify s5/test/rand14: 22074/73599
      classify s5/test/rand14: 25753/73599
      classify s5/test/rand14: 29432/73599
      classify s5/test/rand14: 33111/73599
      classify s5/test/rand14: 36790/73599
      classify s5/test/rand14: 40469/73599
      classify s5/test/rand14: 44148/73599
      classify s5/test/rand14: 47827/73599
      classify s5/test/rand14: 51506/73599
      classify s5/test/rand14: 55185/73599
      classify s5/test/rand14: 58864/73599
      classify s5/test/rand14: 62543/73599
      classify s5/test/rand14: 66222/73599
      classify s5/test/rand14: 69901/73599
      classify s5/test/rand14: 73580/73599
      classify s5/test/rand15: 3679/73599
      classify s5/test/rand15: 7358/73599
      classify s5/test/rand15: 11037/73599
      classify s5/test/rand15: 14716/73599
      classify s5/test/rand15: 18395/73599
      classify s5/test/rand15: 22074/73599
      classify s5/test/rand15: 25753/73599
      classify s5/test/rand15: 29432/73599
      classify s5/test/rand15: 33111/73599
      classify s5/test/rand15: 36790/73599
      classify s5/test/rand15: 40469/73599
      classify s5/test/rand15: 44148/73599
      classify s5/test/rand15: 47827/73599
      classify s5/test/rand15: 51506/73599
      classify s5/test/rand15: 55185/73599
      classify s5/test/rand15: 58864/73599
      classify s5/test/rand15: 62543/73599
      classify s5/test/rand15: 66222/73599
      classify s5/test/rand15: 69901/73599
      classify s5/test/rand15: 73580/73599
      classify s5/test/rand16: 3679/73599
      classify s5/test/rand16: 7358/73599
      classify s5/test/rand16: 11037/73599
      classify s5/test/rand16: 14716/73599
      classify s5/test/rand16: 18395/73599
      classify s5/test/rand16: 22074/73599
      classify s5/test/rand16: 25753/73599
      classify s5/test/rand16: 29432/73599
      classify s5/test/rand16: 33111/73599
      classify s5/test/rand16: 36790/73599
      classify s5/test/rand16: 40469/73599
      classify s5/test/rand16: 44148/73599
      classify s5/test/rand16: 47827/73599
      classify s5/test/rand16: 51506/73599
      classify s5/test/rand16: 55185/73599
      classify s5/test/rand16: 58864/73599
      classify s5/test/rand16: 62543/73599
      classify s5/test/rand16: 66222/73599
      classify s5/test/rand16: 69901/73599
      classify s5/test/rand16: 73580/73599
      classify s5/test/rand17: 3679/73599
      classify s5/test/rand17: 7358/73599
      classify s5/test/rand17: 11037/73599
      classify s5/test/rand17: 14716/73599
      classify s5/test/rand17: 18395/73599
      classify s5/test/rand17: 22074/73599
      classify s5/test/rand17: 25753/73599
      classify s5/test/rand17: 29432/73599
      classify s5/test/rand17: 33111/73599
      classify s5/test/rand17: 36790/73599
      classify s5/test/rand17: 40469/73599
      classify s5/test/rand17: 44148/73599
      classify s5/test/rand17: 47827/73599
      classify s5/test/rand17: 51506/73599
      classify s5/test/rand17: 55185/73599
      classify s5/test/rand17: 58864/73599
      classify s5/test/rand17: 62543/73599
      classify s5/test/rand17: 66222/73599
      classify s5/test/rand17: 69901/73599
      classify s5/test/rand17: 73580/73599
      classify s5/test/rand18: 3679/73599
      classify s5/test/rand18: 7358/73599
      classify s5/test/rand18: 11037/73599
      classify s5/test/rand18: 14716/73599
      classify s5/test/rand18: 18395/73599
      classify s5/test/rand18: 22074/73599
      classify s5/test/rand18: 25753/73599
      classify s5/test/rand18: 29432/73599
      classify s5/test/rand18: 33111/73599
      classify s5/test/rand18: 36790/73599
      classify s5/test/rand18: 40469/73599
      classify s5/test/rand18: 44148/73599
      classify s5/test/rand18: 47827/73599
      classify s5/test/rand18: 51506/73599
      classify s5/test/rand18: 55185/73599
      classify s5/test/rand18: 58864/73599
      classify s5/test/rand18: 62543/73599
      classify s5/test/rand18: 66222/73599
      classify s5/test/rand18: 69901/73599
      classify s5/test/rand18: 73580/73599
      classify s5/test/rand19: 3679/73599
      classify s5/test/rand19: 7358/73599
      classify s5/test/rand19: 11037/73599
      classify s5/test/rand19: 14716/73599
      classify s5/test/rand19: 18395/73599
      classify s5/test/rand19: 22074/73599
      classify s5/test/rand19: 25753/73599
      classify s5/test/rand19: 29432/73599
      classify s5/test/rand19: 33111/73599
      classify s5/test/rand19: 36790/73599
      classify s5/test/rand19: 40469/73599
      classify s5/test/rand19: 44148/73599
      classify s5/test/rand19: 47827/73599
      classify s5/test/rand19: 51506/73599
      classify s5/test/rand19: 55185/73599
      classify s5/test/rand19: 58864/73599
      classify s5/test/rand19: 62543/73599
      classify s5/test/rand19: 66222/73599
      classify s5/test/rand19: 69901/73599
      classify s5/test/rand19: 73580/73599
      classify s5/test/rand20: 3679/73599
      classify s5/test/rand20: 7358/73599
      classify s5/test/rand20: 11037/73599
      classify s5/test/rand20: 14716/73599
      classify s5/test/rand20: 18395/73599
      classify s5/test/rand20: 22074/73599
      classify s5/test/rand20: 25753/73599
      classify s5/test/rand20: 29432/73599
      classify s5/test/rand20: 33111/73599
      classify s5/test/rand20: 36790/73599
      classify s5/test/rand20: 40469/73599
      classify s5/test/rand20: 44148/73599
      classify s5/test/rand20: 47827/73599
      classify s5/test/rand20: 51506/73599
      classify s5/test/rand20: 55185/73599
      classify s5/test/rand20: 58864/73599
      classify s5/test/rand20: 62543/73599
      classify s5/test/rand20: 66222/73599
      classify s5/test/rand20: 69901/73599
      classify s5/test/rand20: 73580/73599
      classify s5/test/rand21: 3679/73599
      classify s5/test/rand21: 7358/73599
      classify s5/test/rand21: 11037/73599
      classify s5/test/rand21: 14716/73599
      classify s5/test/rand21: 18395/73599
      classify s5/test/rand21: 22074/73599
      classify s5/test/rand21: 25753/73599
      classify s5/test/rand21: 29432/73599
      classify s5/test/rand21: 33111/73599
      classify s5/test/rand21: 36790/73599
      classify s5/test/rand21: 40469/73599
      classify s5/test/rand21: 44148/73599
      classify s5/test/rand21: 47827/73599
      classify s5/test/rand21: 51506/73599
      classify s5/test/rand21: 55185/73599
      classify s5/test/rand21: 58864/73599
      classify s5/test/rand21: 62543/73599
      classify s5/test/rand21: 66222/73599
      classify s5/test/rand21: 69901/73599
      classify s5/test/rand21: 73580/73599
      classify s5/test/rand22: 3679/73599
      classify s5/test/rand22: 7358/73599
      classify s5/test/rand22: 11037/73599
      classify s5/test/rand22: 14716/73599
      classify s5/test/rand22: 18395/73599
      classify s5/test/rand22: 22074/73599
      classify s5/test/rand22: 25753/73599
      classify s5/test/rand22: 29432/73599
      classify s5/test/rand22: 33111/73599
      classify s5/test/rand22: 36790/73599
      classify s5/test/rand22: 40469/73599
      classify s5/test/rand22: 44148/73599
      classify s5/test/rand22: 47827/73599
      classify s5/test/rand22: 51506/73599
      classify s5/test/rand22: 55185/73599
      classify s5/test/rand22: 58864/73599
      classify s5/test/rand22: 62543/73599
      classify s5/test/rand22: 66222/73599
      classify s5/test/rand22: 69901/73599
      classify s5/test/rand22: 73580/73599
      classify s5/test/rand23: 3679/73599
      classify s5/test/rand23: 7358/73599
      classify s5/test/rand23: 11037/73599
      classify s5/test/rand23: 14716/73599
      classify s5/test/rand23: 18395/73599
      classify s5/test/rand23: 22074/73599
      classify s5/test/rand23: 25753/73599
      classify s5/test/rand23: 29432/73599
      classify s5/test/rand23: 33111/73599
      classify s5/test/rand23: 36790/73599
      classify s5/test/rand23: 40469/73599
      classify s5/test/rand23: 44148/73599
      classify s5/test/rand23: 47827/73599
      classify s5/test/rand23: 51506/73599
      classify s5/test/rand23: 55185/73599
      classify s5/test/rand23: 58864/73599
      classify s5/test/rand23: 62543/73599
      classify s5/test/rand23: 66222/73599
      classify s5/test/rand23: 69901/73599
      classify s5/test/rand23: 73580/73599
      classify s5/test/rand24: 3679/73599
      classify s5/test/rand24: 7358/73599
      classify s5/test/rand24: 11037/73599
      classify s5/test/rand24: 14716/73599
      classify s5/test/rand24: 18395/73599
      classify s5/test/rand24: 22074/73599
      classify s5/test/rand24: 25753/73599
      classify s5/test/rand24: 29432/73599
      classify s5/test/rand24: 33111/73599
      classify s5/test/rand24: 36790/73599
      classify s5/test/rand24: 40469/73599
      classify s5/test/rand24: 44148/73599
      classify s5/test/rand24: 47827/73599
      classify s5/test/rand24: 51506/73599
      classify s5/test/rand24: 55185/73599
      classify s5/test/rand24: 58864/73599
      classify s5/test/rand24: 62543/73599
      classify s5/test/rand24: 66222/73599
      classify s5/test/rand24: 69901/73599
      classify s5/test/rand24: 73580/73599
      classify s5/test/rand25: 3679/73599
      classify s5/test/rand25: 7358/73599
      classify s5/test/rand25: 11037/73599
      classify s5/test/rand25: 14716/73599
      classify s5/test/rand25: 18395/73599
      classify s5/test/rand25: 22074/73599
      classify s5/test/rand25: 25753/73599
      classify s5/test/rand25: 29432/73599
      classify s5/test/rand25: 33111/73599
      classify s5/test/rand25: 36790/73599
      classify s5/test/rand25: 40469/73599
      classify s5/test/rand25: 44148/73599
      classify s5/test/rand25: 47827/73599
      classify s5/test/rand25: 51506/73599
      classify s5/test/rand25: 55185/73599
      classify s5/test/rand25: 58864/73599
      classify s5/test/rand25: 62543/73599
      classify s5/test/rand25: 66222/73599
      classify s5/test/rand25: 69901/73599
      classify s5/test/rand25: 73580/73599
      classify s5/test/rand26: 3679/73599
      classify s5/test/rand26: 7358/73599
      classify s5/test/rand26: 11037/73599
      classify s5/test/rand26: 14716/73599
      classify s5/test/rand26: 18395/73599
      classify s5/test/rand26: 22074/73599
      classify s5/test/rand26: 25753/73599
      classify s5/test/rand26: 29432/73599
      classify s5/test/rand26: 33111/73599
      classify s5/test/rand26: 36790/73599
      classify s5/test/rand26: 40469/73599
      classify s5/test/rand26: 44148/73599
      classify s5/test/rand26: 47827/73599
      classify s5/test/rand26: 51506/73599
      classify s5/test/rand26: 55185/73599
      classify s5/test/rand26: 58864/73599
      classify s5/test/rand26: 62543/73599
      classify s5/test/rand26: 66222/73599
      classify s5/test/rand26: 69901/73599
      classify s5/test/rand26: 73580/73599
      classify s5/test/rand27: 3679/73599
      classify s5/test/rand27: 7358/73599
      classify s5/test/rand27: 11037/73599
      classify s5/test/rand27: 14716/73599
      classify s5/test/rand27: 18395/73599
      classify s5/test/rand27: 22074/73599
      classify s5/test/rand27: 25753/73599
      classify s5/test/rand27: 29432/73599
      classify s5/test/rand27: 33111/73599
      classify s5/test/rand27: 36790/73599
      classify s5/test/rand27: 40469/73599
      classify s5/test/rand27: 44148/73599
      classify s5/test/rand27: 47827/73599
      classify s5/test/rand27: 51506/73599
      classify s5/test/rand27: 55185/73599
      classify s5/test/rand27: 58864/73599
      classify s5/test/rand27: 62543/73599
      classify s5/test/rand27: 66222/73599
      classify s5/test/rand27: 69901/73599
      classify s5/test/rand27: 73580/73599
      classify s5/test/rand28: 3679/73599
      classify s5/test/rand28: 7358/73599
      classify s5/test/rand28: 11037/73599
      classify s5/test/rand28: 14716/73599
      classify s5/test/rand28: 18395/73599
      classify s5/test/rand28: 22074/73599
      classify s5/test/rand28: 25753/73599
      classify s5/test/rand28: 29432/73599
      classify s5/test/rand28: 33111/73599
      classify s5/test/rand28: 36790/73599
      classify s5/test/rand28: 40469/73599
      classify s5/test/rand28: 44148/73599
      classify s5/test/rand28: 47827/73599
      classify s5/test/rand28: 51506/73599
      classify s5/test/rand28: 55185/73599
      classify s5/test/rand28: 58864/73599
      classify s5/test/rand28: 62543/73599
      classify s5/test/rand28: 66222/73599
      classify s5/test/rand28: 69901/73599
      classify s5/test/rand28: 73580/73599
      classify s5/test/rand29: 3679/73599
      classify s5/test/rand29: 7358/73599
      classify s5/test/rand29: 11037/73599
      classify s5/test/rand29: 14716/73599
      classify s5/test/rand29: 18395/73599
      classify s5/test/rand29: 22074/73599
      classify s5/test/rand29: 25753/73599
      classify s5/test/rand29: 29432/73599
      classify s5/test/rand29: 33111/73599
      classify s5/test/rand29: 36790/73599
      classify s5/test/rand29: 40469/73599
      classify s5/test/rand29: 44148/73599
      classify s5/test/rand29: 47827/73599
      classify s5/test/rand29: 51506/73599
      classify s5/test/rand29: 55185/73599
      classify s5/test/rand29: 58864/73599
      classify s5/test/rand29: 62543/73599
      classify s5/test/rand29: 66222/73599
      classify s5/test/rand29: 69901/73599
      classify s5/test/rand29: 73580/73599
    informed=84.53%  random=86.41%  gap=-1.87 pp

======================================================================
Done in 425.0s
  Informed mean: 89.01%
  Random mean:   86.19%
  Gap:           +2.82 pp  (target ≥ 5 pp)
  hdc_ref gap:   +6.90 pp (reference)
  Target met:    NO
  /home/bsp-lab/1024-HDC/results/protocol_v2/twist1_stage_b_keep0125/twist1_results.json
======================================================================
