t_s,bus_v,shunt_mv,current_ma,power_mw
0.0003346600005897926,12.884,2.0036429872495445,200.36429872495444,2581.493624772313
0.010400856999694952,12.892,2.0036429872495445,200.36429872495444,2583.0965391621125
0.020462627999222605,12.88,2.0036429872495445,200.36429872495444,2580.6921675774133
0.030523639999955776,12.888,2.0036429872495445,200.36429872495444,2582.295081967213
0.04058507700028713,12.88,2.0036429872495445,200.36429872495444,2580.6921675774133
0.050646182000491535,12.888,2.0036429872495445,200.36429872495444,2582.295081967213
0.06070700800046325,12.88,2.0036429872495445,200.36429872495444,2580.6921675774133
0.0707678719991236,12.888,1.8214936247723132,200.36429872495444,2582.295081967213
0.08082866100085084,12.88,2.0036429872495445,182.1493624772313,2346.0837887067396
0.09088900599999761,12.892,2.0036429872495445,218.57923497267757,2817.923497267759
0.10094994400060386,12.88,2.0036429872495445,200.36429872495444,2580.6921675774133
0.11101090000011027,12.9,2.0036429872495445,200.36429872495444,2584.6994535519125
0.1210716900004627,12.872,2.0036429872495445,200.36429872495444,2579.0892531876134
0.13113181299922871,12.9,2.0036429872495445,200.36429872495444,2584.6994535519125
0.1411931389993697,12.868,2.185792349726776,200.36429872495444,2578.2877959927137
0.1512515579997853,12.9,2.0036429872495445,200.36429872495444,2584.6994535519125
0.16131249600039155,12.872,2.0036429872495445,200.36429872495444,2579.0892531876134
0.1713732299995172,12.896,2.0036429872495445,200.36429872495444,2583.8979963570127
0.18143394499929855,12.872,2.0036429872495445,200.36429872495444,2579.0892531876134
0.1914949380006874,12.896,2.0036429872495445,200.36429872495444,2583.8979963570127
0.2015558200000669,12.876,2.0036429872495445,200.36429872495444,2579.890710382513
0.21161657300035586,12.904,2.185792349726776,200.36429872495444,2585.500910746812
0.2216773620002641,12.868,2.0036429872495445,200.36429872495444,2578.2877959927137
0.23173816999951669,12.896,2.0036429872495445,200.36429872495444,2583.8979963570127
0.24180723800054693,12.872,1.8214936247723132,200.36429872495444,2579.0892531876134
0.2518701749995671,12.896,2.0036429872495445,200.36429872495444,2583.8979963570127
0.2619309460005752,12.876,2.0036429872495445,200.36429872495444,2579.890710382513
0.27199193900014507,12.9,2.0036429872495445,200.36429872495444,2584.6994535519125
0.2820527839994611,12.876,2.0036429872495445,200.36429872495444,2579.890710382513
0.29211370300072304,12.904,2.0036429872495445,200.36429872495444,2585.500910746812
0.3021778450001875,12.872,2.0036429872495445,200.36429872495444,2579.0892531876134
0.312236968000434,12.904,2.0036429872495445,200.36429872495444,2585.500910746812
0.3222955349992844,12.872,1.8214936247723132,200.36429872495444,2579.0892531876134
0.3323564719994465,12.9,2.0036429872495445,218.57923497267757,2819.6721311475408
0.34241772499990475,12.872,2.0036429872495445,200.36429872495444,2579.0892531876134
0.3524786439993477,12.896,2.0036429872495445,200.36429872495444,2583.8979963570127
0.3625394890004827,12.88,2.0036429872495445,200.36429872495444,2580.6921675774133
0.37260001899994677,12.896,2.0036429872495445,200.36429872495444,2583.8979963570127
0.38266103100067994,12.88,2.0036429872495445,200.36429872495444,2580.6921675774133
0.39272191300005943,12.896,2.0036429872495445,200.36429872495444,2583.8979963570127
0.40278268399924855,12.876,2.0036429872495445,182.1493624772313,2345.35519125683
0.412843566000447,12.892,2.0036429872495445,200.36429872495444,2583.0965391621125
0.42290474500077835,12.876,2.0036429872495445,200.36429872495444,2579.890710382513
0.4329657380003482,12.888,2.0036429872495445,200.36429872495444,2582.295081967213
0.4430265459996008,12.888,2.0036429872495445,200.36429872495444,2582.295081967213
0.45308735400067235,12.88,2.0036429872495445,200.36429872495444,2580.6921675774133
0.46314803200039023,12.892,2.0036429872495445,200.36429872495444,2583.0965391621125
0.47320861799926206,12.884,2.0036429872495445,200.36429872495444,2581.493624772313
0.48326929600079893,12.888,2.0036429872495445,200.36429872495444,2582.295081967213
0.4933301780001784,12.884,2.0036429872495445,200.36429872495444,2581.493624772313
0.5033909489993675,12.888,2.0036429872495445,200.36429872495444,2582.295081967213
0.5134513499997411,12.884,2.0036429872495445,182.1493624772313,2346.8123861566482
0.5235121019995859,12.888,2.0036429872495445,200.36429872495444,2582.295081967213
0.533572873000594,12.884,2.0036429872495445,200.36429872495444,2581.493624772313
0.5436336809998465,12.892,2.0036429872495445,200.36429872495444,2583.0965391621125
0.5536944340001355,12.88,2.0036429872495445,200.36429872495444,2580.6921675774133
0.5637551119998534,12.888,2.0036429872495445,182.1493624772313,2347.540983606557
0.5738160870005231,12.88,2.0036429872495445,200.36429872495444,2580.6921675774133
0.5838768390003679,12.892,2.0036429872495445,200.36429872495444,2583.0965391621125
0.5939357400002336,12.88,1.8214936247723132,200.36429872495444,2580.6921675774133
0.6039958809997188,12.892,2.0036429872495445,200.36429872495444,2583.0965391621125
0.6140565229998174,12.876,2.0036429872495445,200.36429872495444,2579.890710382513
0.6241171639994718,12.896,1.8214936247723132,200.36429872495444,2583.8979963570127
0.6341779720005434,12.872,2.0036429872495445,200.36429872495444,2579.0892531876134
0.6442366129995207,12.9,2.0036429872495445,200.36429872495444,2584.6994535519125
0.6542949590002536,12.868,2.0036429872495445,200.36429872495444,2578.2877959927137
0.664356081000733,12.9,2.0036429872495445,200.36429872495444,2584.6994535519125
0.6744168519999221,12.868,2.0036429872495445,200.36429872495444,2578.2877959927137
0.6844775490008033,12.896,2.0036429872495445,200.36429872495444,2583.8979963570127
0.6945378389991674,12.872,2.0036429872495445,200.36429872495444,2579.0892531876134
0.704598647000239,12.9,2.0036429872495445,182.1493624772313,2349.7267759562837
0.7146594179994281,12.872,2.0036429872495445,200.36429872495444,2579.0892531876134
0.7247194480005419,12.904,2.0036429872495445,182.1493624772313,2350.455373406193
0.7347801819996675,12.868,2.0036429872495445,200.36429872495444,2578.2877959927137
0.7448408420004853,12.9,2.0036429872495445,200.36429872495444,2584.6994535519125
0.7548996130008163,12.868,2.0036429872495445,200.36429872495444,2578.2877959927137
0.7649584020000475,12.892,2.0036429872495445,200.36429872495444,2583.0965391621125
0.7750195440003154,12.876,2.0036429872495445,200.36429872495444,2579.890710382513
0.7850803889996314,12.896,2.0036429872495445,200.36429872495444,2583.8979963570127
0.7951387709999835,12.876,2.0036429872495445,200.36429872495444,2579.890710382513
0.8051969490006741,12.9,2.0036429872495445,182.1493624772313,2349.7267759562837
0.8152581649992499,12.872,2.0036429872495445,200.36429872495444,2579.0892531876134
0.8253191019994119,12.9,2.0036429872495445,200.36429872495444,2584.6994535519125
0.8353795210005046,12.872,2.0036429872495445,182.1493624772313,2344.6265938069214
0.8454406439996092,12.9,2.0036429872495445,200.36429872495444,2584.6994535519125
0.8554994520000037,12.876,2.0036429872495445,200.36429872495444,2579.890710382513
0.8655582789997425,12.896,2.0036429872495445,200.36429872495444,2583.8979963570127
0.8756166790008137,12.872,2.0036429872495445,200.36429872495444,2579.0892531876134
0.8856748390007851,12.892,2.0036429872495445,200.36429872495444,2583.0965391621125
0.8957357029994455,12.876,2.0036429872495445,200.36429872495444,2579.890710382513
0.9057964919993537,12.896,2.0036429872495445,200.36429872495444,2583.8979963570127
0.9158554299992829,12.876,1.8214936247723132,200.36429872495444,2579.890710382513
0.9259138119996351,12.896,2.0036429872495445,200.36429872495444,2583.8979963570127
0.9359720280008332,12.876,2.0036429872495445,218.57923497267757,2814.4262295081962
0.9460340389996418,12.892,1.8214936247723132,200.36429872495444,2583.0965391621125
0.9560947730005864,12.888,2.0036429872495445,200.36429872495444,2582.295081967213
0.9661530810008117,12.88,2.0036429872495445,200.36429872495444,2580.6921675774133
0.9762117779991968,12.888,2.0036429872495445,200.36429872495444,2582.295081967213
0.9862716229999933,12.884,2.0036429872495445,200.36429872495444,2581.493624772313
0.9963325610005995,12.888,1.8214936247723132,200.36429872495444,2582.295081967213
1.0063912949990481,12.884,2.0036429872495445,200.36429872495444,2581.493624772313
1.016450213999633,12.884,2.0036429872495445,200.36429872495444,2581.493624772313
1.0265094110000064,12.88,2.0036429872495445,200.36429872495444,2580.6921675774133
1.0365704230007395,12.892,2.0036429872495445,200.36429872495444,2583.0965391621125
1.0466312309999921,12.88,1.8214936247723132,200.36429872495444,2580.6921675774133
1.0566919640004926,12.896,2.0036429872495445,218.57923497267757,2818.79781420765
1.0667526239994913,12.88,2.0036429872495445,200.36429872495444,2580.6921675774133
1.076813284000309,12.888,2.0036429872495445,200.36429872495444,2582.295081967213
1.0868741850008519,12.876,2.0036429872495445,200.36429872495444,2579.890710382513
1.0969348630005697,12.888,1.8214936247723132,200.36429872495444,2582.295081967213
1.1069933010003297,12.876,1.8214936247723132,200.36429872495444,2579.890710382513
1.1170518309991166,12.896,1.8214936247723132,200.36429872495444,2583.8979963570127
1.1271125279999978,12.876,1.8214936247723132,200.36429872495444,2579.890710382513
1.1371730400005617,12.896,2.0036429872495445,200.36429872495444,2583.8979963570127
1.1472336810002162,12.872,2.0036429872495445,200.36429872495444,2579.0892531876134
1.1572942479997437,12.9,1.8214936247723132,200.36429872495444,2584.6994535519125
1.1673548899998423,12.868,2.0036429872495445,200.36429872495444,2578.2877959927137
1.1774133090002579,12.9,2.0036429872495445,200.36429872495444,2584.6994535519125
1.1874737830003141,12.868,2.0036429872495445,200.36429872495444,2578.2877959927137
1.197534053999334,12.896,2.0036429872495445,200.36429872495444,2583.8979963570127
1.2075946219993057,12.872,2.0036429872495445,200.36429872495444,2579.0892531876134
1.2176552809996792,12.896,2.0036429872495445,200.36429872495444,2583.8979963570127
1.2277157190001162,12.872,2.0036429872495445,200.36429872495444,2579.0892531876134
1.2377743790002569,12.904,2.0036429872495445,200.36429872495444,2585.500910746812
1.2478409089999332,12.868,2.0036429872495445,200.36429872495444,2578.2877959927137
1.2579023279995454,12.904,2.0036429872495445,200.36429872495444,2585.500910746812
1.2679632660001516,12.868,2.0036429872495445,200.36429872495444,2578.2877959927137
1.2780236849994253,12.896,2.0036429872495445,200.36429872495444,2583.8979963570127
1.2880842150007084,12.872,1.8214936247723132,200.36429872495444,2579.0892531876134
1.2981448379996436,12.896,1.8214936247723132,200.36429872495444,2583.8979963570127
1.3082054980004614,12.876,2.0036429872495445,200.36429872495444,2579.890710382513
1.3182659720005176,12.9,2.0036429872495445,200.36429872495444,2584.6994535519125
1.328326520999326,12.872,2.0036429872495445,200.36429872495444,2579.0892531876134
1.3383909589992982,12.9,2.0036429872495445,200.36429872495444,2584.6994535519125
1.3484515439995448,12.876,2.0036429872495445,182.1493624772313,2345.35519125683
1.358512389999305,12.9,2.0036429872495445,200.36429872495444,2584.6994535519125
1.3685729570006515,12.88,2.0036429872495445,200.36429872495444,2580.6921675774133
1.3786337279998406,12.896,1.8214936247723132,200.36429872495444,2583.8979963570127
1.3886922389992833,12.876,2.0036429872495445,200.36429872495444,2579.890710382513
1.3987507139991067,12.896,2.0036429872495445,200.36429872495444,2583.8979963570127
1.4088107999996282,12.876,2.0036429872495445,200.36429872495444,2579.890710382513
1.4188719039993885,12.896,2.0036429872495445,200.36429872495444,2583.8979963570127
1.4289326010002696,12.876,2.0036429872495445,200.36429872495444,2579.890710382513
1.4389912799997546,12.892,2.0036429872495445,200.36429872495444,2583.0965391621125
1.449051290999705,12.88,2.0036429872495445,200.36429872495444,2580.6921675774133
1.459112283999275,12.892,2.0036429872495445,200.36429872495444,2583.0965391621125
1.4691729999995005,12.888,2.0036429872495445,200.36429872495444,2582.295081967213
1.479233567000847,12.884,2.0036429872495445,200.36429872495444,2581.493624772313
1.4892941899997822,12.888,2.0036429872495445,200.36429872495444,2582.295081967213
1.4993547939993732,12.88,2.0036429872495445,200.36429872495444,2580.6921675774133
1.509415380000064,12.888,2.0036429872495445,200.36429872495444,2582.295081967213
1.5194759660007549,12.88,2.0036429872495445,200.36429872495444,2580.6921675774133
1.5295361259995843,12.884,2.0036429872495445,200.36429872495444,2581.493624772313
1.5395996740007831,12.884,1.8214936247723132,200.36429872495444,2581.493624772313
1.5496605379994435,12.896,2.0036429872495445,200.36429872495444,2583.8979963570127
1.5597212529992248,12.88,2.0036429872495445,200.36429872495444,2580.6921675774133
1.569781875999979,12.896,2.0036429872495445,200.36429872495444,2583.8979963570127
1.5798426469991682,12.88,2.0036429872495445,200.36429872495444,2580.6921675774133
1.5899014179994992,12.892,2.0036429872495445,200.36429872495444,2583.0965391621125
1.5999602070005494,12.88,2.0036429872495445,200.36429872495444,2580.6921675774133
1.6100212010005635,12.892,2.0036429872495445,200.36429872495444,2583.0965391621125
1.620081859999118,12.88,2.0036429872495445,200.36429872495444,2580.6921675774133
1.6301425759993435,12.892,1.8214936247723132,200.36429872495444,2583.0965391621125
1.6402031990000978,12.876,1.8214936247723132,200.36429872495444,2579.890710382513
1.6502639329992235,12.9,2.0036429872495445,200.36429872495444,2584.6994535519125
1.6603245549995336,12.872,2.0036429872495445,182.1493624772313,2344.6265938069214
1.6703853819999495,12.9,2.0036429872495445,200.36429872495444,2584.6994535519125
1.6804460790008307,12.868,2.0036429872495445,200.36429872495444,2578.2877959927137
1.6905061830002523,12.9,2.0036429872495445,200.36429872495444,2584.6994535519125
1.700566990999505,12.868,2.0036429872495445,200.36429872495444,2578.2877959927137
1.7106276880003861,12.896,2.0036429872495445,200.36429872495444,2583.8979963570127
1.7206884959996387,12.872,2.0036429872495445,200.36429872495444,2579.0892531876134
1.7307497479996528,12.896,2.0036429872495445,200.36429872495444,2583.8979963570127
1.7408107049996033,12.872,2.0036429872495445,200.36429872495444,2579.0892531876134
1.7508714569994481,12.904,2.0036429872495445,200.36429872495444,2585.500910746812
1.760930376000033,12.868,2.0036429872495445,200.36429872495444,2578.2877959927137
1.7709887210003217,12.9,2.0036429872495445,200.36429872495444,2584.6994535519125
1.7810471030006738,12.876,2.0036429872495445,200.36429872495444,2579.890710382513
1.7911078369997995,12.896,2.0036429872495445,200.36429872495444,2583.8979963570127
1.8011664599998767,12.88,2.0036429872495445,182.1493624772313,2346.0837887067396
1.8112245640004403,12.892,2.185792349726776,218.57923497267757,2817.923497267759
1.8212858719998621,12.876,2.0036429872495445,200.36429872495444,2579.890710382513
1.831346625000151,12.9,2.0036429872495445,200.36429872495444,2584.6994535519125
1.84140691399989,12.876,2.0036429872495445,200.36429872495444,2579.890710382513
1.851465277999523,12.896,2.0036429872495445,182.1493624772313,2348.998178506375
1.8615236969999387,12.876,2.0036429872495445,182.1493624772313,2345.35519125683
1.871582245999889,12.896,2.0036429872495445,200.36429872495444,2583.8979963570127
1.8816406280002411,12.88,2.0036429872495445,200.36429872495444,2580.6921675774133
1.8917006770006992,12.892,2.0036429872495445,200.36429872495444,2583.0965391621125
1.9017612999996345,12.88,2.185792349726776,200.36429872495444,2580.6921675774133
1.9118200150005578,12.892,2.0036429872495445,200.36429872495444,2583.0965391621125
1.9218782120005926,12.88,2.0036429872495445,200.36429872495444,2580.6921675774133
1.9319365939991258,12.892,2.0036429872495445,200.36429872495444,2583.0965391621125
1.941994901999351,12.876,2.0036429872495445,200.36429872495444,2579.890710382513
1.9520556360002956,12.892,2.0036429872495445,200.36429872495444,2583.0965391621125
1.9621163699994213,12.88,2.0036429872495445,200.36429872495444,2580.6921675774133
1.972174640999583,12.888,2.0036429872495445,182.1493624772313,2347.540983606557
1.9822339860002103,12.888,2.0036429872495445,200.36429872495444,2582.295081967213
1.9922942939992936,12.88,2.0036429872495445,200.36429872495444,2580.6921675774133
2.0023543980005343,12.888,2.0036429872495445,182.1493624772313,2347.540983606557
2.0124129470004846,12.876,2.0036429872495445,200.36429872495444,2579.890710382513
2.022471681000752,12.888,1.8214936247723132,200.36429872495444,2582.295081967213
2.032532822000576,12.88,2.0036429872495445,200.36429872495444,2580.6921675774133
2.0425932229991304,12.888,2.0036429872495445,200.36429872495444,2582.295081967213
2.0526541599992925,12.88,2.0036429872495445,200.36429872495444,2580.6921675774133
2.06271482000011,12.896,2.0036429872495445,182.1493624772313,2348.998178506375
2.072775573000399,12.876,2.0036429872495445,200.36429872495444,2579.890710382513
2.082836325000244,12.9,2.0036429872495445,200.36429872495444,2584.6994535519125
2.0928970770000888,12.876,2.0036429872495445,200.36429872495444,2579.890710382513
2.10295584800042,12.896,2.0036429872495445,200.36429872495444,2583.8979963570127
2.1130166559996724,12.876,2.0036429872495445,200.36429872495444,2579.890710382513
2.1230772609997075,12.888,2.185792349726776,200.36429872495444,2582.295081967213
2.133137995000652,12.876,2.0036429872495445,200.36429872495444,2579.890710382513
2.143199801999799,12.892,2.0036429872495445,200.36429872495444,2583.0965391621125
2.1532608510005957,12.876,2.0036429872495445,200.36429872495444,2579.890710382513
2.1633214930006943,12.9,2.0036429872495445,200.36429872495444,2584.6994535519125
2.173381671000243,12.872,2.0036429872495445,200.36429872495444,2579.0892531876134
2.1834422199990513,12.9,2.0036429872495445,200.36429872495444,2584.6994535519125
2.1935029910000594,12.872,2.0036429872495445,200.36429872495444,2579.0892531876134
2.203563242999735,12.9,2.0036429872495445,200.36429872495444,2584.6994535519125
2.2136215699993045,12.868,2.0036429872495445,200.36429872495444,2578.2877959927137
2.2236815439991915,12.9,2.185792349726776,200.36429872495444,2584.6994535519125
2.2337421480006014,12.868,2.0036429872495445,200.36429872495444,2578.2877959927137
2.2438109750000876,12.896,2.0036429872495445,200.36429872495444,2583.8979963570127
2.253874005000398,12.868,2.0036429872495445,200.36429872495444,2578.2877959927137
2.263935257000412,12.9,2.0036429872495445,200.36429872495444,2584.6994535519125
2.273996157999136,12.868,2.0036429872495445,200.36429872495444,2578.2877959927137
2.2840551509998477,12.9,2.0036429872495445,200.36429872495444,2584.6994535519125
2.294113718000517,12.876,2.0036429872495445,200.36429872495444,2579.890710382513
2.3041748230007215,12.9,2.0036429872495445,200.36429872495444,2584.6994535519125
2.314235853000355,12.876,2.0036429872495445,200.36429872495444,2579.890710382513
2.3242961050000304,12.892,2.0036429872495445,200.36429872495444,2583.0965391621125
2.3343572649991984,12.876,2.0036429872495445,200.36429872495444,2579.890710382513
2.3444182950006507,12.896,2.0036429872495445,200.36429872495444,2583.8979963570127
2.3544790289997763,12.872,1.8214936247723132,200.36429872495444,2579.0892531876134
2.364539745000002,12.896,2.0036429872495445,200.36429872495444,2583.8979963570127
2.3746000709998043,12.872,2.0036429872495445,182.1493624772313,2344.6265938069214
2.384660748999522,12.896,1.8214936247723132,182.1493624772313,2348.998178506375
2.3947217799995997,12.884,2.0036429872495445,200.36429872495444,2581.493624772313
2.4047826250007347,12.892,2.0036429872495445,182.1493624772313,2348.269581056466
2.4148432290003257,12.88,2.0036429872495445,200.36429872495444,2580.6921675774133
2.4249039070000435,12.892,2.0036429872495445,200.36429872495444,2583.0965391621125
2.4349648259994865,12.876,2.0036429872495445,200.36429872495444,2579.890710382513
2.445025634000558,12.892,2.0036429872495445,200.36429872495444,2583.0965391621125
2.45508631300072,12.876,2.0036429872495445,200.36429872495444,2579.890710382513
2.465146991000438,12.888,2.0036429872495445,200.36429872495444,2582.295081967213
2.4752076509994367,12.88,2.0036429872495445,200.36429872495444,2580.6921675774133
2.4852683289991546,12.884,2.0036429872495445,200.36429872495444,2581.493624772313
2.4953291559995705,12.888,2.0036429872495445,200.36429872495444,2582.295081967213
2.505389779000325,12.88,2.0036429872495445,200.36429872495444,2580.6921675774133
2.5154505869995774,12.888,2.0036429872495445,182.1493624772313,2347.540983606557
2.525511320000078,12.88,2.0036429872495445,200.36429872495444,2580.6921675774133
2.5355722019994573,12.888,2.0036429872495445,200.36429872495444,2582.295081967213
2.545633343999725,12.876,2.0036429872495445,200.36429872495444,2579.890710382513
2.555693763000818,12.888,2.0036429872495445,200.36429872495444,2582.295081967213
2.5657546629990975,12.88,2.0036429872495445,200.36429872495444,2580.6921675774133
2.5758153419992595,12.896,2.0036429872495445,200.36429872495444,2583.8979963570127
2.58587389099921,12.876,1.8214936247723132,200.36429872495444,2579.890710382513
2.5959328099997947,12.9,2.0036429872495445,200.36429872495444,2584.6994535519125
2.6059927839996817,12.876,2.0036429872495445,200.36429872495444,2579.890710382513
2.6160535920007533,12.9,2.0036429872495445,200.36429872495444,2584.6994535519125
2.62611430799916,12.872,2.0036429872495445,218.57923497267757,2813.551912568306
2.6361749120005697,12.888,2.0036429872495445,200.36429872495444,2582.295081967213
2.6462357199998223,12.876,2.0036429872495445,200.36429872495444,2579.890710382513
2.656294139000238,12.892,2.0036429872495445,200.36429872495444,2583.0965391621125
2.666352262000146,12.876,2.0036429872495445,200.36429872495444,2579.890710382513
2.676413180999589,12.9,2.0036429872495445,182.1493624772313,2349.7267759562837
2.6864741000008507,12.872,1.8214936247723132,200.36429872495444,2579.0892531876134
2.6965347780005686,12.904,1.8214936247723132,200.36429872495444,2585.500910746812
2.7065954570007307,12.872,2.0036429872495445,200.36429872495444,2579.0892531876134
2.7166566169998987,12.904,2.0036429872495445,200.36429872495444,2585.500910746812
2.72671733199968,12.872,2.0036429872495445,200.36429872495444,2579.0892531876134
2.7367779920004978,12.9,2.0036429872495445,200.36429872495444,2584.6994535519125
2.746838836999814,12.864,2.0036429872495445,200.36429872495444,2577.486338797814
2.7568971820001025,12.9,2.0036429872495445,200.36429872495444,2584.6994535519125
2.7669570639991434,12.868,2.0036429872495445,200.36429872495444,2578.2877959927137
2.7770177790007438,12.904,2.0036429872495445,200.36429872495444,2585.500910746812
2.78707862400006,12.868,2.0036429872495445,200.36429872495444,2578.2877959927137
2.797136932000285,12.904,2.0036429872495445,200.36429872495444,2585.500910746812
2.8071964440005104,12.876,1.8214936247723132,200.36429872495444,2579.890710382513
2.8172569559992553,12.9,2.0036429872495445,200.36429872495444,2584.6994535519125
2.8273175039994385,12.876,2.0036429872495445,200.36429872495444,2579.890710382513
2.837377571999241,12.896,2.0036429872495445,200.36429872495444,2583.8979963570127
2.8474387690002914,12.876,2.0036429872495445,200.36429872495444,2579.890710382513
2.857497503000559,12.892,2.0036429872495445,200.36429872495444,2583.0965391621125
2.8675559399998747,12.876,2.0036429872495445,200.36429872495444,2579.890710382513
2.8776141369999095,12.896,1.8214936247723132,200.36429872495444,2583.8979963570127
2.887674038000114,12.872,1.8214936247723132,200.36429872495444,2579.0892531876134
2.8977346049996413,12.896,2.0036429872495445,218.57923497267757,2818.79781420765
2.907795265000459,12.884,2.0036429872495445,200.36429872495444,2581.493624772313
2.9178538140004093,12.892,2.0036429872495445,200.36429872495444,2583.0965391621125
2.927912806999302,12.888,2.0036429872495445,200.36429872495444,2582.295081967213
2.9379727439991257,12.892,2.0036429872495445,200.36429872495444,2583.0965391621125
2.9480335520001972,12.876,2.0036429872495445,200.36429872495444,2579.890710382513
2.95809435999945,12.888,1.8214936247723132,200.36429872495444,2582.295081967213
2.9681550759996753,12.88,2.0036429872495445,200.36429872495444,2580.6921675774133
2.9782146609995834,12.888,2.0036429872495445,200.36429872495444,2582.295081967213
2.9882744509995973,12.88,2.0036429872495445,200.36429872495444,2580.6921675774133
2.9983350740003516,12.884,2.0036429872495445,200.36429872495444,2581.493624772313
3.0083940479999,12.888,2.0036429872495445,200.36429872495444,2582.295081967213
3.018452337999406,12.884,2.0036429872495445,200.36429872495444,2581.493624772313
3.028512200999103,12.892,2.0036429872495445,200.36429872495444,2583.0965391621125
3.0385831570001756,12.88,2.0036429872495445,200.36429872495444,2580.6921675774133
3.048644095000782,12.888,2.0036429872495445,182.1493624772313,2347.540983606557
3.058704625000246,12.876,2.0036429872495445,200.36429872495444,2579.890710382513
3.0687646549995407,12.888,2.0036429872495445,200.36429872495444,2582.295081967213
3.07882503700057,12.876,2.0036429872495445,200.36429872495444,2579.890710382513
3.0888861599996744,12.896,2.0036429872495445,218.57923497267757,2818.79781420765
3.098946246000196,12.876,2.0036429872495445,200.36429872495444,2579.890710382513
3.1090067389995966,12.896,2.0036429872495445,200.36429872495444,2583.8979963570127
3.119067473000541,12.876,2.0036429872495445,200.36429872495444,2579.890710382513
3.1291280400000687,12.896,2.0036429872495445,200.36429872495444,2583.8979963570127
3.1391886439996597,12.876,2.0036429872495445,200.36429872495444,2579.890710382513
3.149249341000541,12.892,2.0036429872495445,200.36429872495444,2583.0965391621125
3.1593098899993493,12.876,1.8214936247723132,200.36429872495444,2579.890710382513
3.1693710679992364,12.892,2.0036429872495445,200.36429872495444,2583.0965391621125
3.1794319319997157,12.876,2.0036429872495445,200.36429872495444,2579.890710382513
3.1894926839995605,12.9,2.0036429872495445,182.1493624772313,2349.7267759562837
3.199553084999934,12.872,2.0036429872495445,200.36429872495444,2579.0892531876134
3.209613614999398,12.9,2.0036429872495445,200.36429872495444,2584.6994535519125
3.219674275000216,12.872,1.8214936247723132,200.36429872495444,2579.0892531876134
3.2297345089991722,12.9,2.0036429872495445,200.36429872495444,2584.6994535519125
3.2397979279994615,12.872,2.0036429872495445,200.36429872495444,2579.0892531876134
3.2498613839998143,12.9,2.0036429872495445,200.36429872495444,2584.6994535519125
3.2599220800002513,12.868,2.0036429872495445,200.36429872495444,2578.2877959927137
3.269983037000202,12.9,2.0036429872495445,200.36429872495444,2584.6994535519125
3.2800437700007024,12.868,2.0036429872495445,200.36429872495444,2578.2877959927137
3.290104429999701,12.9,2.0036429872495445,200.36429872495444,2584.6994535519125
3.300163182999313,12.868,2.0036429872495445,200.36429872495444,2578.2877959927137
3.310223787000723,12.9,2.0036429872495445,200.36429872495444,2584.6994535519125
3.3202846690001024,12.876,1.8214936247723132,200.36429872495444,2579.890710382513
3.3303450509993127,12.9,2.0036429872495445,200.36429872495444,2584.6994535519125
3.3404055629998766,12.88,2.0036429872495445,200.36429872495444,2580.6921675774133
3.3504664819993195,12.892,2.0036429872495445,182.1493624772313,2348.269581056466
3.360527381999418,12.88,2.0036429872495445,200.36429872495444,2580.6921675774133
3.370588282999961,12.892,2.185792349726776,200.36429872495444,2583.0965391621125
3.3806491089999327,12.876,2.185792349726776,182.1493624772313,2345.35519125683
3.3907103990004543,12.892,1.8214936247723132,182.1493624772313,2348.269581056466
3.4007711699996435,12.876,1.8214936247723132,200.36429872495444,2579.890710382513
3.410832052000842,12.892,2.0036429872495445,200.36429872495444,2583.0965391621125
3.42089284100075,12.884,2.0036429872495445,200.36429872495444,2581.493624772313
3.430953574999876,12.888,2.0036429872495445,182.1493624772313,2347.540983606557
3.441014345999065,12.888,2.0036429872495445,200.36429872495444,2582.295081967213
3.451074857999629,12.888,2.0036429872495445,200.36429872495444,2582.295081967213
3.4611355180004466,12.88,2.0036429872495445,200.36429872495444,2580.6921675774133
3.471196307000355,12.888,2.0036429872495445,200.36429872495444,2582.295081967213
3.4812551150007494,12.88,2.0036429872495445,200.36429872495444,2580.6921675774133
3.491315941000721,12.888,2.0036429872495445,200.36429872495444,2582.295081967213
3.5013768230001006,12.884,2.0036429872495445,200.36429872495444,2581.493624772313
3.511437372000728,12.884,2.0036429872495445,200.36429872495444,2581.493624772313
3.521497513000213,12.892,2.0036429872495445,200.36429872495444,2583.0965391621125
3.5315582099992753,12.884,2.0036429872495445,200.36429872495444,2581.493624772313
3.5416184259993315,12.892,1.8214936247723132,200.36429872495444,2583.0965391621125
3.551677085999472,12.88,2.0036429872495445,200.36429872495444,2580.6921675774133
3.5617383749995497,12.892,2.0036429872495445,200.36429872495444,2583.0965391621125
3.5717991090004944,12.876,2.0036429872495445,218.57923497267757,2814.4262295081962
3.581858953999472,12.892,2.0036429872495445,200.36429872495444,2583.0965391621125
3.5919191140001203,12.876,1.8214936247723132,200.36429872495444,2579.890710382513
3.601979865999965,12.9,2.0036429872495445,200.36429872495444,2584.6994535519125
3.612040543999683,12.868,2.0036429872495445,200.36429872495444,2578.2877959927137
3.6221007040003315,12.9,2.0036429872495445,200.36429872495444,2584.6994535519125
3.6321612339997955,12.872,2.0036429872495445,200.36429872495444,2579.0892531876134
3.642221950000021,12.896,2.0036429872495445,200.36429872495444,2583.8979963570127
3.6522825909996754,12.876,2.0036429872495445,182.1493624772313,2345.35519125683
3.66234332500062,12.892,2.0036429872495445,200.36429872495444,2583.0965391621125
3.6724021139998513,12.872,2.0036429872495445,200.36429872495444,2579.0892531876134
3.6824619409999286,12.888,2.0036429872495445,200.36429872495444,2582.295081967213
3.692522564000683,12.876,2.0036429872495445,200.36429872495444,2579.890710382513
3.702583168000274,12.9,2.0036429872495445,200.36429872495444,2584.6994535519125
3.712643457000013,12.868,2.0036429872495445,182.1493624772313,2343.8979963570127
3.7227045620002173,12.904,2.0036429872495445,200.36429872495444,2585.500910746812
3.7327652769999986,12.868,2.0036429872495445,200.36429872495444,2578.2877959927137
3.742826084999251,12.9,2.0036429872495445,200.36429872495444,2584.6994535519125
3.7528867260007246,12.872,2.0036429872495445,200.36429872495444,2579.0892531876134
3.7629451079992577,12.9,2.0036429872495445,200.36429872495444,2584.6994535519125
3.773006119999991,12.868,2.0036429872495445,200.36429872495444,2578.2877959927137
3.7830670210005337,12.896,2.0036429872495445,200.36429872495444,2583.8979963570127
3.793127180000738,12.864,1.8214936247723132,200.36429872495444,2577.486338797814
3.80318776599961,12.9,2.0036429872495445,200.36429872495444,2584.6994535519125
3.8132482410001103,12.868,2.0036429872495445,200.36429872495444,2578.2877959927137
3.8233088819997647,12.9,2.0036429872495445,200.36429872495444,2584.6994535519125
3.833369505000519,12.876,2.0036429872495445,200.36429872495444,2579.890710382513
3.8434303869998985,12.896,2.0036429872495445,200.36429872495444,2583.8979963570127
3.8534887690002506,12.876,2.0036429872495445,218.57923497267757,2814.4262295081962
3.863547483999355,12.896,2.0036429872495445,200.36429872495444,2583.8979963570127
3.8736073479994957,12.876,2.0036429872495445,200.36429872495444,2579.890710382513
3.8836654890001228,12.892,2.0036429872495445,200.36429872495444,2583.0965391621125
3.8937264640007925,12.876,1.8214936247723132,200.36429872495444,2579.890710382513
3.9037872349999816,12.888,2.0036429872495445,200.36429872495444,2582.295081967213
3.9138455060001434,12.872,2.0036429872495445,200.36429872495444,2579.0892531876134
3.9239039620006224,12.892,2.0036429872495445,200.36429872495444,2583.0965391621125
3.9339689370008273,12.884,1.8214936247723132,200.36429872495444,2581.493624772313
3.9440460780006106,12.896,2.0036429872495445,200.36429872495444,2583.8979963570127
3.954122978000669,12.872,2.0036429872495445,200.36429872495444,2579.0892531876134
3.9641993589993945,12.896,2.0036429872495445,182.1493624772313,2348.998178506375
3.9742713889991137,12.876,2.0036429872495445,200.36429872495444,2579.890710382513
3.9843472159991506,12.884,2.0036429872495445,200.36429872495444,2581.493624772313
3.9944215230007103,12.88,2.185792349726776,182.1493624772313,2346.0837887067396
4.00449414600007,12.88,2.0036429872495445,200.36429872495444,2580.6921675774133
4.014566157000445,12.884,2.0036429872495445,200.36429872495444,2581.493624772313
4.024638409000545,12.884,2.0036429872495445,200.36429872495444,2581.493624772313
4.03471017999982,12.884,2.0036429872495445,200.36429872495444,2581.493624772313
4.0447857470007875,12.884,2.0036429872495445,200.36429872495444,2581.493624772313
4.054866165999556,12.884,2.0036429872495445,200.36429872495444,2581.493624772313
4.0649473989997205,12.884,2.0036429872495445,200.36429872495444,2581.493624772313
4.075029872999949,12.884,2.0036429872495445,200.36429872495444,2581.493624772313
4.085106274000282,12.88,2.0036429872495445,200.36429872495444,2580.6921675774133
4.0951831370002765,12.892,2.0036429872495445,200.36429872495444,2583.0965391621125
4.105258833000335,12.872,2.0036429872495445,200.36429872495444,2579.0892531876134
4.1153402519994415,12.892,2.0036429872495445,200.36429872495444,2583.0965391621125
4.125421299999289,12.872,1.8214936247723132,182.1493624772313,2344.6265938069214
4.1355132370008505,12.896,2.0036429872495445,200.36429872495444,2583.8979963570127
4.145590471000105,12.876,1.8214936247723132,182.1493624772313,2345.35519125683
4.155669186000523,12.892,2.0036429872495445,200.36429872495444,2583.0965391621125
4.165745364000031,12.88,2.0036429872495445,200.36429872495444,2580.6921675774133
4.17582346800009,12.888,2.0036429872495445,200.36429872495444,2582.295081967213
4.185900868000317,12.876,2.0036429872495445,182.1493624772313,2345.35519125683
4.195978138999635,12.892,2.0036429872495445,200.36429872495444,2583.0965391621125
4.206054557000243,12.868,2.0036429872495445,200.36429872495444,2578.2877959927137
4.216131458000746,12.896,2.0036429872495445,200.36429872495444,2583.8979963570127
4.226207969000825,12.868,2.0036429872495445,200.36429872495444,2578.2877959927137
4.2363348309991125,12.896,2.0036429872495445,200.36429872495444,2583.8979963570127
4.246423341999616,12.868,2.0036429872495445,200.36429872495444,2578.2877959927137
4.256505280000056,12.9,2.0036429872495445,200.36429872495444,2584.6994535519125
4.266587734999121,12.868,2.0036429872495445,200.36429872495444,2578.2877959927137
4.276669524000681,12.896,2.0036429872495445,200.36429872495444,2583.8979963570127
4.286753147000127,12.868,2.0036429872495445,200.36429872495444,2578.2877959927137
4.296833472999424,12.896,2.0036429872495445,200.36429872495444,2583.8979963570127
4.3069164650005405,12.868,2.0036429872495445,200.36429872495444,2578.2877959927137
4.316997642999922,12.9,2.0036429872495445,200.36429872495444,2584.6994535519125
4.327080450999347,12.868,2.0036429872495445,200.36429872495444,2578.2877959927137
4.3371619619993,12.904,2.0036429872495445,200.36429872495444,2585.500910746812
4.347237881000183,12.864,2.0036429872495445,200.36429872495444,2577.486338797814
4.357313817999966,12.9,1.8214936247723132,200.36429872495444,2584.6994535519125
4.367391699999644,12.868,2.0036429872495445,200.36429872495444,2578.2877959927137
4.377468266999131,12.896,2.0036429872495445,182.1493624772313,2348.998178506375
4.38754622200031,12.876,2.0036429872495445,200.36429872495444,2579.890710382513
4.3976225669994164,12.888,2.0036429872495445,200.36429872495444,2582.295081967213
4.407700615000067,12.876,2.0036429872495445,200.36429872495444,2579.890710382513
4.417776849000802,12.892,2.0036429872495445,200.36429872495444,2583.0965391621125
4.427854620000289,12.872,2.0036429872495445,200.36429872495444,2579.0892531876134
4.437941759999376,12.896,2.0036429872495445,200.36429872495444,2583.8979963570127
4.448023327000556,12.872,2.0036429872495445,200.36429872495444,2579.0892531876134
4.45810372699998,12.896,2.0036429872495445,200.36429872495444,2583.8979963570127
4.468184424000356,12.872,2.0036429872495445,200.36429872495444,2579.0892531876134
4.478265175999695,12.9,2.0036429872495445,200.36429872495444,2584.6994535519125
4.4883458349995635,12.868,2.0036429872495445,200.36429872495444,2578.2877959927137
4.498426661000849,12.896,2.0036429872495445,200.36429872495444,2583.8979963570127
4.50850761699985,12.876,2.0036429872495445,200.36429872495444,2579.890710382513
4.51858957299919,12.884,2.0036429872495445,182.1493624772313,2346.8123861566482
4.52867015800075,12.876,2.0036429872495445,200.36429872495444,2579.890710382513
4.538761354000599,12.888,2.0036429872495445,200.36429872495444,2582.295081967213
4.548842180000065,12.88,2.0036429872495445,200.36429872495444,2580.6921675774133
4.558924320999722,12.888,1.8214936247723132,182.1493624772313,2347.540983606557
4.569005072999062,12.88,2.0036429872495445,200.36429872495444,2580.6921675774133
4.5790871959998185,12.884,2.0036429872495445,200.36429872495444,2581.493624772313
4.589166724999814,12.88,2.0036429872495445,200.36429872495444,2580.6921675774133
4.599246681000295,12.884,1.8214936247723132,200.36429872495444,2581.493624772313
4.60932719199991,12.884,2.0036429872495445,200.36429872495444,2581.493624772313
4.619407592999778,12.876,2.0036429872495445,200.36429872495444,2579.890710382513
4.629488585000217,12.888,1.8214936247723132,200.36429872495444,2582.295081967213
4.63959542900011,12.872,1.8214936247723132,200.36429872495444,2579.0892531876134
4.64967627400074,12.888,2.0036429872495445,182.1493624772313,2347.540983606557
4.6597576740005024,12.876,2.0036429872495445,200.36429872495444,2579.890710382513
4.669838537000032,12.888,2.0036429872495445,200.36429872495444,2582.295081967213
4.679918919000556,12.884,2.0036429872495445,200.36429872495444,2581.493624772313
4.689999485999579,12.88,2.185792349726776,200.36429872495444,2580.6921675774133
4.700079996999193,12.884,2.0036429872495445,200.36429872495444,2581.493624772313
4.710160564000034,12.884,2.0036429872495445,200.36429872495444,2581.493624772313
4.72024116799912,12.88,2.0036429872495445,200.36429872495444,2580.6921675774133
4.730321863999052,12.892,2.0036429872495445,200.36429872495444,2583.0965391621125
4.740424133999113,12.868,2.0036429872495445,200.36429872495444,2578.2877959927137
4.750504367999383,12.896,1.8214936247723132,200.36429872495444,2583.8979963570127
4.760584435000055,12.868,2.0036429872495445,200.36429872495444,2578.2877959927137
4.770664113000748,12.896,2.0036429872495445,200.36429872495444,2583.8979963570127
4.7807434019996435,12.872,2.0036429872495445,200.36429872495444,2579.0892531876134
4.790826930999174,12.892,2.0036429872495445,200.36429872495444,2583.0965391621125
4.80090773899974,12.868,2.0036429872495445,200.36429872495444,2578.2877959927137
4.810989621000772,12.892,2.0036429872495445,200.36429872495444,2583.0965391621125
4.821070021000196,12.872,2.0036429872495445,200.36429872495444,2579.0892531876134
4.831153236000318,12.896,2.0036429872495445,200.36429872495444,2583.8979963570127
4.841258987000401,12.872,2.0036429872495445,182.1493624772313,2344.6265938069214
4.85134133199972,12.896,1.8214936247723132,200.36429872495444,2583.8979963570127
4.861421362000328,12.86,2.0036429872495445,200.36429872495444,2576.684881602914
4.8715020029994776,12.9,1.8214936247723132,200.36429872495444,2584.6994535519125
4.881581755000298,12.864,2.0036429872495445,182.1493624772313,2343.1693989071036
4.8916626179998275,12.892,2.0036429872495445,200.36429872495444,2583.0965391621125
4.9017435730002035,12.868,2.0036429872495445,200.36429872495444,2578.2877959927137
4.91182378799931,12.884,2.0036429872495445,200.36429872495444,2581.493624772313
4.92190331799975,12.872,2.0036429872495445,200.36429872495444,2579.0892531876134
4.931983737000337,12.892,2.0036429872495445,200.36429872495444,2583.0965391621125
4.942073173999233,12.872,2.0036429872495445,200.36429872495444,2579.0892531876134
4.952154241000244,12.896,2.0036429872495445,200.36429872495444,2583.8979963570127
4.962234918999457,12.868,2.0036429872495445,182.1493624772313,2343.8979963570127
4.972315171000446,12.9,2.0036429872495445,182.1493624772313,2349.7267759562837
4.982395756000187,12.868,1.8214936247723132,200.36429872495444,2578.2877959927137
4.992476359999273,12.9,2.0036429872495445,200.36429872495444,2584.6994535519125
5.002560148999692,12.864,2.0036429872495445,200.36429872495444,2577.486338797814
5.012641363999137,12.9,2.0036429872495445,218.57923497267757,2819.6721311475408
5.022721930999978,12.872,2.0036429872495445,200.36429872495444,2579.0892531876134
5.032802256999275,12.888,2.0036429872495445,200.36429872495444,2582.295081967213
5.04291330399974,12.876,2.0036429872495445,200.36429872495444,2579.890710382513
5.052994112000306,12.892,1.8214936247723132,200.36429872495444,2583.0965391621125
5.063076697000724,12.876,1.8214936247723132,200.36429872495444,2579.890710382513
5.073157171000275,12.892,2.0036429872495445,200.36429872495444,2583.0965391621125
5.083239183000842,12.876,2.0036429872495445,200.36429872495444,2579.890710382513
5.093320063999272,12.888,1.8214936247723132,200.36429872495444,2582.295081967213
5.1033993719993305,12.872,2.0036429872495445,200.36429872495444,2579.0892531876134
5.113479198000277,12.888,2.0036429872495445,200.36429872495444,2582.295081967213
5.123560338999596,12.88,2.0036429872495445,200.36429872495444,2580.6921675774133
5.133641331000035,12.88,1.8214936247723132,200.36429872495444,2580.6921675774133
5.143732193999313,12.884,2.185792349726776,200.36429872495444,2581.493624772313
5.153809261000788,12.88,2.0036429872495445,200.36429872495444,2580.6921675774133
5.16390958699958,12.888,2.0036429872495445,218.57923497267757,2817.0491803278683
5.17398632000004,12.884,2.0036429872495445,200.36429872495444,2581.493624772313
5.184063184000479,12.884,2.0036429872495445,182.1493624772313,2346.8123861566482
5.194139065000854,12.856,2.185792349726776,200.36429872495444,2575.8834244080144
5.204219354000088,12.852,2.0036429872495445,200.36429872495444,2575.0819672131147
5.214295735999258,12.872,2.0036429872495445,200.36429872495444,2579.0892531876134
5.224371821999739,12.868,2.185792349726776,200.36429872495444,2578.2877959927137
5.234448147999501,12.864,2.0036429872495445,200.36429872495444,2577.486338797814
5.244617528000163,12.868,2.185792349726776,218.57923497267757,2812.677595628415
5.254707853999207,12.86,2.0036429872495445,200.36429872495444,2576.684881602914
5.264790031000302,12.872,2.0036429872495445,218.57923497267757,2813.551912568306
5.274871634999727,12.864,2.0036429872495445,200.36429872495444,2577.486338797814
5.284950387000208,12.872,2.0036429872495445,218.57923497267757,2813.551912568306
5.295027713000309,12.86,2.0036429872495445,200.36429872495444,2576.684881602914
5.3051091140005155,12.872,2.0036429872495445,218.57923497267757,2813.551912568306
5.315192235999348,12.86,2.185792349726776,200.36429872495444,2576.684881602914
5.325274303000697,12.868,2.185792349726776,200.36429872495444,2578.2877959927137
5.335356183999465,12.868,2.185792349726776,200.36429872495444,2578.2877959927137
5.345451065999441,12.868,2.0036429872495445,200.36429872495444,2578.2877959927137
5.355528632000642,12.86,2.185792349726776,218.57923497267757,2810.9289617486334
5.365605662000235,12.876,2.0036429872495445,200.36429872495444,2579.890710382513
5.37568493300023,12.86,2.0036429872495445,218.57923497267757,2810.9289617486334
5.385761629000626,12.872,2.0036429872495445,218.57923497267757,2813.551912568306
5.395839826000156,12.864,2.0036429872495445,200.36429872495444,2577.486338797814
5.405916448000426,12.868,2.0036429872495445,200.36429872495444,2578.2877959927137
5.4159933859991725,12.868,2.185792349726776,200.36429872495444,2578.2877959927137
5.426069525999992,12.868,2.0036429872495445,218.57923497267757,2812.677595628415
5.436143259999881,12.872,2.0036429872495445,218.57923497267757,2813.551912568306
5.446224363999136,12.868,2.0036429872495445,200.36429872495444,2578.2877959927137
5.456305522999173,12.872,2.0036429872495445,218.57923497267757,2813.551912568306
5.466386386000522,12.872,2.0036429872495445,200.36429872495444,2579.0892531876134
5.4764668789994175,12.864,2.0036429872495445,200.36429872495444,2577.486338797814
5.486547075999624,12.876,2.0036429872495445,218.57923497267757,2814.4262295081962
5.496627901999091,12.86,2.0036429872495445,200.36429872495444,2576.684881602914
5.506710060999467,12.876,2.185792349726776,200.36429872495444,2579.890710382513
5.516789665000033,12.856,2.185792349726776,200.36429872495444,2575.8834244080144
5.526871898000536,12.872,2.0036429872495445,200.36429872495444,2579.0892531876134
5.536952149999706,12.868,2.0036429872495445,218.57923497267757,2812.677595628415
5.547043660999407,12.872,2.0036429872495445,200.36429872495444,2579.0892531876134
5.55712030200084,12.868,2.0036429872495445,200.36429872495444,2578.2877959927137
5.567197702999692,12.876,2.0036429872495445,218.57923497267757,2814.4262295081962
5.5772737139996025,12.86,2.0036429872495445,218.57923497267757,2810.9289617486334
5.5873479660003795,12.876,2.0036429872495445,200.36429872495444,2579.890710382513
5.597420976999274,12.86,2.185792349726776,218.57923497267757,2810.9289617486334
5.6074998040003265,12.868,2.0036429872495445,218.57923497267757,2812.677595628415
5.617575906999264,12.864,2.185792349726776,200.36429872495444,2577.486338797814
5.627652548000697,12.872,2.0036429872495445,200.36429872495444,2579.0892531876134
5.637725356000374,12.868,2.0036429872495445,200.36429872495444,2578.2877959927137
5.647849884999232,12.872,2.185792349726776,200.36429872495444,2579.0892531876134
5.65793104399927,12.868,2.185792349726776,200.36429872495444,2578.2877959927137
5.668011944999307,12.868,2.185792349726776,218.57923497267757,2812.677595628415
5.678091530000529,12.868,2.185792349726776,200.36429872495444,2578.2877959927137
5.6881719489992975,12.872,2.185792349726776,218.57923497267757,2813.551912568306
5.698252275000414,12.864,2.185792349726776,200.36429872495444,2577.486338797814
5.708332397000049,12.876,2.0036429872495445,218.57923497267757,2814.4262295081962
5.7184122420003405,12.848,2.0036429872495445,200.36429872495444,2574.280510018215
5.728492808000738,12.876,2.0036429872495445,200.36429872495444,2579.890710382513
5.7385929680003755,12.852,2.185792349726776,218.57923497267757,2809.180327868852
5.74868027499906,12.88,2.185792349726776,200.36429872495444,2580.6921675774133
5.758753563999562,12.864,2.0036429872495445,218.57923497267757,2811.803278688524
5.7688262419997045,12.876,2.0036429872495445,200.36429872495444,2579.890710382513
5.778899345999889,12.864,2.0036429872495445,218.57923497267757,2811.803278688524
5.7889764869996725,12.876,2.0036429872495445,218.57923497267757,2814.4262295081962
5.799054757999329,12.856,2.185792349726776,200.36429872495444,2575.8834244080144
5.809131288000572,12.876,2.0036429872495445,218.57923497267757,2814.4262295081962
5.819209003000651,12.856,2.185792349726776,200.36429872495444,2575.8834244080144
5.82928529200035,12.88,2.0036429872495445,218.57923497267757,2815.300546448087
5.839366673000768,12.856,2.0036429872495445,200.36429872495444,2575.8834244080144
5.849452795999241,12.876,2.0036429872495445,218.57923497267757,2814.4262295081962
5.859526361999087,12.864,2.0036429872495445,200.36429872495444,2577.486338797814
5.869599522000499,12.876,2.0036429872495445,218.57923497267757,2814.4262295081962
5.879672458999266,12.864,2.185792349726776,200.36429872495444,2577.486338797814
5.889746525999726,12.876,2.185792349726776,200.36429872495444,2579.890710382513
5.899819537999065,12.856,2.185792349726776,200.36429872495444,2575.8834244080144
5.9098968819998845,12.88,2.0036429872495445,218.57923497267757,2815.300546448087
5.919971282999541,12.848,2.0036429872495445,200.36429872495444,2574.280510018215
5.930044516000635,12.88,2.0036429872495445,200.36429872495444,2580.6921675774133
5.940118730999529,12.852,2.185792349726776,200.36429872495444,2575.0819672131147
5.950247259999742,12.88,2.0036429872495445,218.57923497267757,2815.300546448087
5.960324567999123,12.852,2.185792349726776,218.57923497267757,2809.180327868852
5.970406374999584,12.88,2.185792349726776,200.36429872495444,2580.6921675774133
5.980483089999325,12.86,2.185792349726776,200.36429872495444,2576.684881602914
5.990564749999976,12.876,2.185792349726776,200.36429872495444,2579.890710382513
6.0006459090000135,12.864,2.185792349726776,200.36429872495444,2577.486338797814
6.010729846000686,12.872,2.0036429872495445,218.57923497267757,2813.551912568306
6.020807468999919,12.864,2.0036429872495445,218.57923497267757,2811.803278688524
6.0308837209995545,12.872,2.0036429872495445,200.36429872495444,2579.0892531876134
6.040959546999147,12.852,2.0036429872495445,218.57923497267757,2809.180327868852
6.051053224000498,12.88,2.0036429872495445,200.36429872495444,2580.6921675774133
6.0611299209995195,12.856,2.185792349726776,200.36429872495444,2575.8834244080144
6.07120845099962,12.88,2.185792349726776,200.36429872495444,2580.6921675774133
6.0812849619997,12.86,2.0036429872495445,218.57923497267757,2810.9289617486334
6.091357417999461,12.876,2.0036429872495445,200.36429872495444,2579.890710382513
6.101430799999434,12.86,2.185792349726776,200.36429872495444,2576.684881602914
6.111503422000169,12.876,2.185792349726776,200.36429872495444,2579.890710382513
6.121579655999085,12.852,2.0036429872495445,218.57923497267757,2809.180327868852
6.131657666999672,12.88,2.185792349726776,200.36429872495444,2580.6921675774133
6.1417356969996035,12.848,2.185792349726776,200.36429872495444,2574.280510018215
6.151823281999896,12.884,2.0036429872495445,200.36429872495444,2581.493624772313
6.161903940999764,12.848,2.0036429872495445,218.57923497267757,2808.3060109289618
6.171984452999823,12.884,2.0036429872495445,218.57923497267757,2816.174863387978
6.1820653899994795,12.852,2.0036429872495445,218.57923497267757,2809.180327868852
6.192147771000236,12.884,2.0036429872495445,218.57923497267757,2816.174863387978
6.2022288009993645,12.856,2.185792349726776,200.36429872495444,2575.8834244080144
6.212309257000015,12.872,2.0036429872495445,200.36429872495444,2579.0892531876134
6.222389915999884,12.86,2.0036429872495445,218.57923497267757,2810.9289617486334
6.232465926999794,12.868,2.185792349726776,200.36429872495444,2578.2877959927137
6.24263047400018,12.86,2.185792349726776,218.57923497267757,2810.9289617486334
6.25280013200063,12.872,2.185792349726776,200.36429872495444,2579.0892531876134
6.262879568999779,12.852,2.0036429872495445,218.57923497267757,2809.180327868852
6.272956153999985,12.88,2.0036429872495445,200.36429872495444,2580.6921675774133
6.283030147000318,12.852,2.185792349726776,218.57923497267757,2809.180327868852
6.293103066000185,12.884,2.0036429872495445,200.36429872495444,2581.493624772313
6.303182059000392,12.856,2.0036429872495445,218.57923497267757,2810.054644808743
6.31325895900045,12.88,2.0036429872495445,200.36429872495444,2580.6921675774133
6.323337063000508,12.856,2.185792349726776,200.36429872495444,2575.8834244080144
6.333413592999932,12.88,2.0036429872495445,200.36429872495444,2580.6921675774133
6.343498473999716,12.856,2.185792349726776,218.57923497267757,2810.054644808743
6.353584671000135,12.88,2.185792349726776,200.36429872495444,2580.6921675774133
6.363667773999623,12.86,2.0036429872495445,200.36429872495444,2576.684881602914
6.373748230000274,12.88,2.0036429872495445,200.36429872495444,2580.6921675774133
6.383828703999825,12.86,2.0036429872495445,200.36429872495444,2576.684881602914
6.393909103999249,12.884,2.185792349726776,200.36429872495444,2581.493624772313
6.403989245000048,12.852,2.185792349726776,200.36429872495444,2575.0819672131147
6.414069848999134,12.88,2.185792349726776,200.36429872495444,2580.6921675774133
6.424150138000186,12.852,2.0036429872495445,200.36429872495444,2575.0819672131147
6.434230815999399,12.88,2.0036429872495445,200.36429872495444,2580.6921675774133
6.444309067999711,12.86,2.0036429872495445,200.36429872495444,2576.684881602914
6.454395374999876,12.876,2.0036429872495445,200.36429872495444,2579.890710382513
6.464472387000569,12.86,2.185792349726776,218.57923497267757,2810.9289617486334
6.474548750000395,12.88,2.185792349726776,218.57923497267757,2815.300546448087
6.484624724000241,12.852,2.185792349726776,218.57923497267757,2809.180327868852
6.494702920999771,12.884,2.0036429872495445,200.36429872495444,2581.493624772313
6.5047829689992795,12.852,2.0036429872495445,200.36429872495444,2575.0819672131147
6.514860683999359,12.884,2.0036429872495445,218.57923497267757,2816.174863387978
6.524936436000644,12.848,2.0036429872495445,200.36429872495444,2574.280510018215
6.53501411400066,12.884,2.0036429872495445,200.36429872495444,2581.493624772313
6.545089754999935,12.852,2.185792349726776,218.57923497267757,2809.180327868852
6.555178172999149,12.88,2.0036429872495445,218.57923497267757,2815.300546448087
6.565258851000181,12.856,2.0036429872495445,200.36429872495444,2575.8834244080144
6.57533947400043,12.88,2.0036429872495445,200.36429872495444,2580.6921675774133
6.585419540999283,12.856,2.0036429872495445,200.36429872495444,2575.8834244080144
6.5954992179995315,12.884,2.0036429872495445,218.57923497267757,2816.174863387978
6.605579674000182,12.86,2.0036429872495445,218.57923497267757,2810.9289617486334
6.615660295999987,12.884,2.0036429872495445,218.57923497267757,2816.174863387978
6.625740437000786,12.848,2.185792349726776,200.36429872495444,2574.280510018215
6.6358210039998085,12.88,2.185792349726776,218.57923497267757,2815.300546448087
6.645899293000184,12.848,2.0036429872495445,218.57923497267757,2808.3060109289618
6.655987063999419,12.884,2.185792349726776,218.57923497267757,2816.174863387978
6.666060612000365,12.856,2.185792349726776,200.36429872495444,2575.8834244080144
6.676136993999535,12.88,2.0036429872495445,218.57923497267757,2815.300546448087
6.686213041999508,12.856,2.0036429872495445,200.36429872495444,2575.8834244080144
6.696289719999186,12.884,2.0036429872495445,200.36429872495444,2581.493624772313
6.706365694000851,12.852,2.0036429872495445,218.57923497267757,2809.180327868852
6.716442113000085,12.884,2.185792349726776,200.36429872495444,2581.493624772313
6.726519587000439,12.844,2.185792349726776,218.57923497267757,2807.4316939890705
6.736596025000836,12.888,2.0036429872495445,200.36429872495444,2582.295081967213
6.7466745729998365,12.844,2.0036429872495445,200.36429872495444,2573.4790528233148
6.756757473000107,12.884,2.0036429872495445,200.36429872495444,2581.493624772313
6.766833965999467,12.852,2.0036429872495445,200.36429872495444,2575.0819672131147
6.7769149399991875,12.88,2.0036429872495445,200.36429872495444,2580.6921675774133
6.786997950999648,12.856,2.185792349726776,200.36429872495444,2575.8834244080144
6.797078498999326,12.88,2.0036429872495445,200.36429872495444,2580.6921675774133
6.807160381000358,12.856,2.0036429872495445,218.57923497267757,2810.054644808743
6.8172406510002475,12.884,2.0036429872495445,200.36429872495444,2581.493624772313
6.827321606999249,12.856,2.0036429872495445,218.57923497267757,2810.054644808743
6.837402563000069,12.88,2.185792349726776,218.57923497267757,2815.300546448087
6.847478444999069,12.848,2.185792349726776,218.57923497267757,2808.3060109289618
6.857581844000379,12.884,2.0036429872495445,218.57923497267757,2816.174863387978
6.867663188999359,12.848,2.0036429872495445,200.36429872495444,2574.280510018215
6.877738847999353,12.884,2.0036429872495445,218.57923497267757,2816.174863387978
6.887818488999983,12.856,2.0036429872495445,200.36429872495444,2575.8834244080144
6.897899129999132,12.904,2.0036429872495445,200.36429872495444,2585.500910746812
6.907979585999783,12.884,2.0036429872495445,200.36429872495444,2581.493624772313
6.9180607269991015,12.896,2.0036429872495445,200.36429872495444,2583.8979963570127
6.928137922999667,12.868,2.0036429872495445,200.36429872495444,2578.2877959927137
6.938215248999768,12.896,2.0036429872495445,200.36429872495444,2583.8979963570127
6.948296796999784,12.864,2.0036429872495445,200.36429872495444,2577.486338797814
6.958388807999654,12.9,1.8214936247723132,200.36429872495444,2584.6994535519125
6.968469153000115,12.864,2.0036429872495445,200.36429872495444,2577.486338797814
6.978546145999644,12.9,1.8214936247723132,200.36429872495444,2584.6994535519125
6.988627489999999,12.872,1.8214936247723132,200.36429872495444,2579.0892531876134
6.998709650000819,12.9,2.0036429872495445,182.1493624772313,2349.7267759562837
7.008786919999693,12.876,2.0036429872495445,200.36429872495444,2579.890710382513
7.018863117000365,12.888,2.0036429872495445,200.36429872495444,2582.295081967213
7.028941869000846,12.844,2.0036429872495445,200.36429872495444,2573.4790528233148
7.039018269000735,12.86,2.185792349726776,200.36429872495444,2576.684881602914
7.049099224999736,12.856,2.0036429872495445,200.36429872495444,2575.8834244080144
7.059252142000332,12.876,2.0036429872495445,200.36429872495444,2579.890710382513
7.069325504999142,12.856,2.185792349726776,200.36429872495444,2575.8834244080144
7.079405016000237,12.88,2.0036429872495445,200.36429872495444,2580.6921675774133
7.089481397999407,12.856,2.185792349726776,200.36429872495444,2575.8834244080144
7.0995582430005015,12.876,2.0036429872495445,200.36429872495444,2579.890710382513
7.109634828000708,12.86,2.0036429872495445,200.36429872495444,2576.684881602914
7.119713190999391,12.872,2.0036429872495445,218.57923497267757,2813.551912568306
7.129788943000676,12.856,2.0036429872495445,218.57923497267757,2810.054644808743
7.139866731999064,12.872,2.185792349726776,200.36429872495444,2579.0892531876134
7.149943151000116,12.856,2.0036429872495445,200.36429872495444,2575.8834244080144
7.160028754999075,12.88,2.185792349726776,200.36429872495444,2580.6921675774133
7.170110802999261,12.856,2.185792349726776,218.57923497267757,2810.054644808743
7.180192257999806,12.884,2.0036429872495445,200.36429872495444,2581.493624772313
7.190273344000161,12.856,2.0036429872495445,218.57923497267757,2810.054644808743
7.200354151000283,12.884,2.185792349726776,200.36429872495444,2581.493624772313
7.210435291999602,12.856,2.0036429872495445,200.36429872495444,2575.8834244080144
7.220515562999935,12.884,2.185792349726776,218.57923497267757,2816.174863387978
7.230601592000312,12.86,2.0036429872495445,218.57923497267757,2810.9289617486334
7.2407002140007535,12.868,2.185792349726776,200.36429872495444,2578.2877959927137
7.250785354999607,12.86,2.185792349726776,200.36429872495444,2576.684881602914
7.2609463280005,12.864,2.185792349726776,200.36429872495444,2577.486338797814
7.271024801999374,12.864,2.0036429872495445,218.57923497267757,2811.803278688524
7.281102238999665,12.876,2.185792349726776,200.36429872495444,2579.890710382513
7.291180787000485,12.86,2.0036429872495445,218.57923497267757,2810.9289617486334
7.301257076000184,12.88,2.0036429872495445,200.36429872495444,2580.6921675774133
7.311335069000052,12.86,2.0036429872495445,200.36429872495444,2576.684881602914
7.321411802999137,12.88,2.185792349726776,218.57923497267757,2815.300546448087
7.331489906999195,12.864,2.0036429872495445,218.57923497267757,2811.803278688524
7.341566454999338,12.872,2.0036429872495445,200.36429872495444,2579.0892531876134
7.351644447999206,12.856,2.185792349726776,200.36429872495444,2575.8834244080144
7.36172121799973,12.872,2.0036429872495445,200.36429872495444,2579.0892531876134
7.37180228500074,12.86,2.185792349726776,200.36429872495444,2576.684881602914
7.381883555999593,12.872,2.185792349726776,200.36429872495444,2579.0892531876134
7.391964270000244,12.864,2.0036429872495445,200.36429872495444,2577.486338797814
7.402045134000218,12.876,2.185792349726776,200.36429872495444,2579.890710382513
7.412122330000784,12.86,2.185792349726776,200.36429872495444,2576.684881602914
7.422202711999489,12.88,2.185792349726776,218.57923497267757,2815.300546448087
7.432283685999209,12.86,2.0036429872495445,218.57923497267757,2810.9289617486334
7.442363919000854,12.876,2.0036429872495445,218.57923497267757,2814.4262295081962
7.452444986000046,12.864,2.0036429872495445,200.36429872495444,2577.486338797814
7.4625364410003385,12.88,2.0036429872495445,218.57923497267757,2815.300546448087
7.472617416000503,12.868,2.0036429872495445,200.36429872495444,2578.2877959927137
7.482699149000837,12.868,2.185792349726776,200.36429872495444,2578.2877959927137
7.492780086000494,12.868,2.185792349726776,200.36429872495444,2578.2877959927137
7.502862504999939,12.872,2.0036429872495445,200.36429872495444,2579.0892531876134
7.512942886000019,12.868,2.185792349726776,200.36429872495444,2578.2877959927137
7.523024472000543,12.876,2.185792349726776,200.36429872495444,2579.890710382513
7.533105074999185,12.86,2.0036429872495445,200.36429872495444,2576.684881602914
7.543185975999222,12.88,2.185792349726776,218.57923497267757,2815.300546448087
7.553265467999154,12.856,2.185792349726776,200.36429872495444,2575.8834244080144
7.563341349999973,12.88,2.0036429872495445,218.57923497267757,2815.300546448087
7.573422823999863,12.864,2.0036429872495445,200.36429872495444,2577.486338797814
7.583504001999245,12.868,2.0036429872495445,200.36429872495444,2578.2877959927137
7.593584420999832,12.868,2.0036429872495445,200.36429872495444,2578.2877959927137
7.603665116999764,12.868,2.185792349726776,200.36429872495444,2578.2877959927137
7.613746201999675,12.868,2.185792349726776,200.36429872495444,2578.2877959927137
7.623826454000664,12.876,2.0036429872495445,200.36429872495444,2579.890710382513
7.633906742999898,12.868,2.0036429872495445,200.36429872495444,2578.2877959927137
7.6439875140004006,12.872,2.185792349726776,218.57923497267757,2813.551912568306
7.6540673399995285,12.864,2.185792349726776,200.36429872495444,2577.486338797814
7.664146758999777,12.876,2.0036429872495445,200.36429872495444,2579.890710382513
7.674227195999265,12.868,2.0036429872495445,200.36429872495444,2578.2877959927137
7.684308076999514,12.88,2.0036429872495445,200.36429872495444,2580.6921675774133
7.6943897740002285,12.872,2.0036429872495445,218.57923497267757,2813.551912568306
7.704470673999822,12.864,2.0036429872495445,200.36429872495444,2577.486338797814
7.714551499999288,12.868,2.0036429872495445,200.36429872495444,2578.2877959927137
7.724632658999326,12.872,2.0036429872495445,200.36429872495444,2579.0892531876134
7.7347149849993,12.864,2.0036429872495445,200.36429872495444,2577.486338797814
7.74479534800048,12.872,2.185792349726776,218.57923497267757,2813.551912568306
7.754876434000835,12.86,2.185792349726776,200.36429872495444,2576.684881602914
7.764967962999435,12.876,2.0036429872495445,200.36429872495444,2579.890710382513
7.775050456000827,12.864,2.185792349726776,200.36429872495444,2577.486338797814
7.785131299999193,12.876,2.185792349726776,200.36429872495444,2579.890710382513
7.795213236999189,12.868,2.185792349726776,218.57923497267757,2812.677595628415
7.805293970999628,12.864,2.185792349726776,200.36429872495444,2577.486338797814
7.815373666999221,12.872,2.0036429872495445,218.57923497267757,2813.551912568306
7.825455086000147,12.864,2.0036429872495445,200.36429872495444,2577.486338797814
7.8355364489998465,12.872,2.0036429872495445,218.57923497267757,2813.551912568306
7.845616107999376,12.864,2.185792349726776,200.36429872495444,2577.486338797814
7.855696230999456,12.868,2.0036429872495445,200.36429872495444,2578.2877959927137
7.865801055999327,12.868,2.0036429872495445,218.57923497267757,2812.677595628415
7.875881271000253,12.868,2.0036429872495445,218.57923497267757,2812.677595628415
7.885960838000756,12.876,2.0036429872495445,200.36429872495444,2579.890710382513
7.896041701000286,12.868,2.0036429872495445,218.57923497267757,2812.677595628415
7.9061223230000905,12.876,2.0036429872495445,218.57923497267757,2814.4262295081962
7.916201816000466,12.872,2.185792349726776,218.57923497267757,2813.551912568306
7.9262817349990655,12.864,2.185792349726776,218.57923497267757,2811.803278688524
7.936362709000605,12.872,2.0036429872495445,218.57923497267757,2813.551912568306
7.946443590999479,12.864,2.0036429872495445,200.36429872495444,2577.486338797814
7.956524045999686,12.864,2.0036429872495445,218.57923497267757,2811.803278688524
7.966629687000022,12.868,2.0036429872495445,200.36429872495444,2578.2877959927137
7.976710549999552,12.864,2.185792349726776,200.36429872495444,2577.486338797814
7.986791004999759,12.872,2.0036429872495445,218.57923497267757,2813.551912568306
7.996871535000537,12.864,2.0036429872495445,218.57923497267757,2811.803278688524
8.006950860999495,12.872,2.0036429872495445,200.36429872495444,2579.0892531876134
8.017030613000315,12.868,2.0036429872495445,218.57923497267757,2812.677595628415
8.027110253999126,12.876,2.185792349726776,200.36429872495444,2579.890710382513
8.037191060999248,12.872,2.0036429872495445,218.57923497267757,2813.551912568306
8.047274923999794,12.864,2.185792349726776,200.36429872495444,2577.486338797814
8.057356027999049,12.876,2.0036429872495445,218.57923497267757,2814.4262295081962
8.06744796500061,12.856,2.0036429872495445,200.36429872495444,2575.8834244080144
8.077525049999167,12.872,2.185792349726776,200.36429872495444,2579.0892531876134
8.087601987999733,12.868,2.0036429872495445,200.36429872495444,2578.2877959927137
8.097677592000764,12.868,2.0036429872495445,200.36429872495444,2578.2877959927137
8.107756788000188,12.872,2.185792349726776,200.36429872495444,2579.0892531876134
8.117829688000711,12.872,2.0036429872495445,200.36429872495444,2579.0892531876134
8.127906829000494,12.86,2.0036429872495445,218.57923497267757,2810.9289617486334
8.137983636999707,12.876,2.0036429872495445,200.36429872495444,2579.890710382513
8.148060055000315,12.86,2.0036429872495445,218.57923497267757,2810.9289617486334
8.158136399999421,12.868,2.0036429872495445,200.36429872495444,2578.2877959927137
8.168220855999607,12.864,2.0036429872495445,200.36429872495444,2577.486338797814
8.1783032000003,12.868,2.0036429872495445,218.57923497267757,2812.677595628415
8.188383082000655,12.864,2.185792349726776,218.57923497267757,2811.803278688524
8.198463982000249,12.868,2.0036429872495445,200.36429872495444,2578.2877959927137
8.208545122999567,12.868,2.0036429872495445,200.36429872495444,2578.2877959927137
8.218628282000282,12.868,2.0036429872495445,218.57923497267757,2812.677595628415
8.228709719000108,12.872,2.0036429872495445,218.57923497267757,2813.551912568306
8.238792582000315,12.872,2.0036429872495445,182.1493624772313,2344.6265938069214
8.248877964000712,12.868,2.0036429872495445,200.36429872495444,2578.2877959927137
8.2589596229991,12.876,2.0036429872495445,200.36429872495444,2579.890710382513
8.269124799000565,12.856,2.185792349726776,218.57923497267757,2810.054644808743
8.279202162000729,12.876,2.0036429872495445,218.57923497267757,2814.4262295081962
8.289278580999962,12.86,2.185792349726776,218.57923497267757,2810.9289617486334
8.29935790700074,12.876,2.0036429872495445,200.36429872495444,2579.890710382513
8.309433936999994,12.864,2.0036429872495445,218.57923497267757,2811.803278688524
8.319510762999926,12.872,2.0036429872495445,200.36429872495444,2579.0892531876134
8.329587329999413,12.868,2.0036429872495445,200.36429872495444,2578.2877959927137
8.339664174000063,12.872,2.185792349726776,200.36429872495444,2579.0892531876134
8.349740388999635,12.864,2.185792349726776,218.57923497267757,2811.803278688524
8.359817901000497,12.872,2.0036429872495445,200.36429872495444,2579.0892531876134
8.369950891999906,12.856,2.0036429872495445,200.36429872495444,2575.8834244080144
8.380032941000536,12.872,2.185792349726776,200.36429872495444,2579.0892531876134
8.390114654999707,12.86,2.0036429872495445,200.36429872495444,2576.684881602914
8.400195463000273,12.876,2.0036429872495445,200.36429872495444,2579.890710382513
8.410276585000247,12.86,2.185792349726776,200.36429872495444,2576.684881602914
8.420357762999629,12.876,2.0036429872495445,218.57923497267757,2814.4262295081962
8.430439071000364,12.864,2.0036429872495445,218.57923497267757,2811.803278688524
8.440519822999704,12.872,2.185792349726776,218.57923497267757,2813.551912568306
8.450602685999911,12.868,2.0036429872495445,218.57923497267757,2812.677595628415
8.460684308000054,12.872,2.185792349726776,218.57923497267757,2813.551912568306
8.470779392999248,12.86,2.0036429872495445,218.57923497267757,2810.9289617486334
8.480857088999983,12.88,2.0036429872495445,200.36429872495444,2580.6921675774133
8.490932803999385,12.852,2.0036429872495445,200.36429872495444,2575.0819672131147
8.501008630000797,12.88,2.0036429872495445,200.36429872495444,2580.6921675774133
8.511086660000728,12.856,2.185792349726776,218.57923497267757,2810.054644808743
8.521163301000342,12.88,2.0036429872495445,218.57923497267757,2815.300546448087
8.53124129400021,12.86,2.185792349726776,200.36429872495444,2576.684881602914
8.541317731000163,12.876,2.0036429872495445,218.57923497267757,2814.4262295081962
8.551395724000031,12.864,2.0036429872495445,200.36429872495444,2577.486338797814
8.561471809000068,12.868,2.0036429872495445,218.57923497267757,2812.677595628415
8.571557097999175,12.868,2.0036429872495445,218.57923497267757,2812.677595628415
8.581638813000609,12.868,2.185792349726776,200.36429872495444,2578.2877959927137
8.591718712999864,12.864,2.0036429872495445,200.36429872495444,2577.486338797814
8.60179953899933,12.88,2.185792349726776,200.36429872495444,2580.6921675774133
8.611880365000616,12.852,2.185792349726776,218.57923497267757,2809.180327868852
8.621960487000251,12.88,2.0036429872495445,200.36429872495444,2580.6921675774133
8.632040425000014,12.856,2.0036429872495445,218.57923497267757,2810.054644808743
8.642121435999798,12.88,2.185792349726776,200.36429872495444,2580.6921675774133
8.652202335999391,12.86,2.185792349726776,218.57923497267757,2810.9289617486334
8.66228271699947,12.88,2.0036429872495445,218.57923497267757,2815.300546448087
8.672373821000292,12.864,2.0036429872495445,200.36429872495444,2577.486338797814
8.682454350999251,12.88,2.0036429872495445,200.36429872495444,2580.6921675774133
8.692531658000007,12.864,2.0036429872495445,200.36429872495444,2577.486338797814
8.702616040000066,12.892,2.0036429872495445,218.57923497267757,2817.923497267759
8.712697958000717,12.876,2.0036429872495445,218.57923497267757,2814.4262295081962
8.722780914000396,12.876,2.0036429872495445,200.36429872495444,2579.890710382513
8.73286070299946,12.856,2.0036429872495445,200.36429872495444,2575.8834244080144
8.742940307000026,12.888,2.0036429872495445,200.36429872495444,2582.295081967213
8.753019763000339,12.852,2.0036429872495445,200.36429872495444,2575.0819672131147
8.763099403000524,12.876,2.0036429872495445,218.57923497267757,2814.4262295081962
8.773209783999846,12.864,2.0036429872495445,200.36429872495444,2577.486338797814
8.783290998999291,12.88,2.185792349726776,200.36429872495444,2580.6921675774133
8.793372047999583,12.872,2.0036429872495445,200.36429872495444,2579.0892531876134
8.803452965999895,12.868,2.185792349726776,200.36429872495444,2578.2877959927137
8.813533754999298,12.86,2.0036429872495445,200.36429872495444,2576.684881602914
8.823614765999082,12.884,2.0036429872495445,200.36429872495444,2581.493624772313
8.833695962999627,12.856,2.0036429872495445,200.36429872495444,2575.8834244080144
8.843776454999897,12.884,2.185792349726776,200.36429872495444,2581.493624772313
8.85385613300059,12.856,2.0036429872495445,218.57923497267757,2810.054644808743
8.863937162999719,12.872,2.185792349726776,218.57923497267757,2813.551912568306
8.874018599999545,12.84,2.0036429872495445,218.57923497267757,2806.55737704918
8.884098426000492,12.876,2.185792349726776,218.57923497267757,2814.4262295081962
8.894177660000423,12.848,2.0036429872495445,218.57923497267757,2808.3060109289618
8.904257800000778,12.872,2.0036429872495445,200.36429872495444,2579.0892531876134
8.9143383669998,12.852,2.0036429872495445,200.36429872495444,2575.0819672131147
8.924418840999351,12.872,2.185792349726776,218.57923497267757,2813.551912568306
8.93449848199998,12.856,2.185792349726776,218.57923497267757,2810.054644808743
8.944577752999976,12.876,2.185792349726776,218.57923497267757,2814.4262295081962
8.954660781999337,12.848,2.185792349726776,200.36429872495444,2574.280510018215
8.964741015999607,12.876,2.0036429872495445,218.57923497267757,2814.4262295081962
8.974845934000768,12.848,2.185792349726776,218.57923497267757,2808.3060109289618
8.984926556000573,12.872,2.0036429872495445,218.57923497267757,2813.551912568306
8.995009160000336,12.852,2.0036429872495445,218.57923497267757,2809.180327868852
9.005088153000543,12.872,2.0036429872495445,200.36429872495444,2579.0892531876134
9.015167700999882,12.856,2.185792349726776,218.57923497267757,2810.054644808743
9.025247359999412,12.868,2.185792349726776,218.57923497267757,2812.677595628415
9.035328890000528,12.856,2.185792349726776,218.57923497267757,2810.054644808743
9.045410142000037,12.876,2.185792349726776,218.57923497267757,2814.4262295081962
9.05549102400073,12.856,2.0036429872495445,218.57923497267757,2810.054644808743
9.065575071999774,12.876,2.185792349726776,200.36429872495444,2579.890710382513
9.075666916000046,12.844,2.185792349726776,218.57923497267757,2807.4316939890705
9.085744297999554,12.876,2.185792349726776,218.57923497267757,2814.4262295081962
9.095820419999654,12.848,2.185792349726776,218.57923497267757,2808.3060109289618
9.105895765000241,12.872,2.185792349726776,218.57923497267757,2813.551912568306
9.115972313000384,12.852,2.0036429872495445,218.57923497267757,2809.180327868852
9.126048750000336,12.872,2.0036429872495445,218.57923497267757,2813.551912568306
9.136125131999506,12.856,2.0036429872495445,218.57923497267757,2810.054644808743
9.146201827999903,12.876,2.185792349726776,200.36429872495444,2579.890710382513
9.156278301999919,12.852,2.0036429872495445,218.57923497267757,2809.180327868852
9.166354814000442,12.876,2.185792349726776,200.36429872495444,2579.890710382513
9.176440510000248,12.848,2.185792349726776,218.57923497267757,2808.3060109289618
9.186522169000455,12.868,2.185792349726776,218.57923497267757,2812.677595628415
9.196603181000683,12.848,2.185792349726776,200.36429872495444,2574.280510018215
9.206684876999134,12.872,2.0036429872495445,200.36429872495444,2579.0892531876134
9.216765572999066,12.852,2.0036429872495445,200.36429872495444,2575.0819672131147
9.226848307000182,12.872,2.185792349726776,218.57923497267757,2813.551912568306
9.236929669999881,12.86,2.0036429872495445,218.57923497267757,2810.9289617486334
9.24702412499937,12.868,2.185792349726776,200.36429872495444,2578.2877959927137
9.25710580300074,12.86,2.185792349726776,218.57923497267757,2810.9289617486334
9.267188665999129,12.868,2.185792349726776,218.57923497267757,2812.677595628415
9.277270972999759,12.852,2.185792349726776,200.36429872495444,2575.0819672131147
9.287347928999225,12.876,2.0036429872495445,218.57923497267757,2814.4262295081962
9.297424513999431,12.844,2.185792349726776,200.36429872495444,2573.4790528233148
9.307502563000526,12.872,2.185792349726776,218.57923497267757,2813.551912568306
9.317579074000605,12.852,2.185792349726776,200.36429872495444,2575.0819672131147
9.327657178000663,12.872,2.0036429872495445,218.57923497267757,2813.551912568306
9.337733708000087,12.856,2.185792349726776,200.36429872495444,2575.8834244080144
9.347811884999828,12.868,2.0036429872495445,200.36429872495444,2578.2877959927137
9.357888971000648,12.86,2.185792349726776,218.57923497267757,2810.9289617486334
9.367966981999416,12.868,2.0036429872495445,218.57923497267757,2812.677595628415
9.378095973999734,12.856,2.0036429872495445,200.36429872495444,2575.8834244080144
9.388177262999307,12.864,2.185792349726776,218.57923497267757,2811.803278688524
9.39825910699983,12.852,2.185792349726776,200.36429872495444,2575.0819672131147
9.408340100000714,12.864,2.0036429872495445,218.57923497267757,2811.803278688524
9.418421980999483,12.848,2.185792349726776,200.36429872495444,2574.280510018215
9.428498732999287,12.868,2.0036429872495445,200.36429872495444,2578.2877959927137
9.438602243999412,12.856,2.185792349726776,218.57923497267757,2810.054644808743
9.448683828999492,12.868,2.0036429872495445,200.36429872495444,2578.2877959927137
9.458766304000164,12.86,2.185792349726776,218.57923497267757,2810.9289617486334
9.468846685000244,12.868,2.185792349726776,200.36429872495444,2578.2877959927137
9.47894110299967,12.856,2.0036429872495445,218.57923497267757,2810.054644808743
9.489018132999263,12.868,2.0036429872495445,218.57923497267757,2812.677595628415
9.49909683000078,12.848,2.185792349726776,218.57923497267757,2808.3060109289618
9.509173304000797,12.868,2.0036429872495445,200.36429872495444,2578.2877959927137
9.519248759999755,12.852,2.185792349726776,200.36429872495444,2575.0819672131147
9.529325604000405,12.868,2.0036429872495445,200.36429872495444,2578.2877959927137
9.539403282000421,12.856,2.185792349726776,218.57923497267757,2810.054644808743
9.549479626999528,12.868,2.185792349726776,218.57923497267757,2812.677595628415
9.559557323000263,12.86,2.185792349726776,200.36429872495444,2576.684881602914
9.569632372000342,12.864,2.0036429872495445,218.57923497267757,2811.803278688524
9.579718031000084,12.864,2.0036429872495445,218.57923497267757,2811.803278688524
9.58979848600029,12.856,2.185792349726776,218.57923497267757,2810.054644808743
9.5998797379998,12.864,2.185792349726776,218.57923497267757,2811.803278688524
9.609961174999626,12.86,2.0036429872495445,218.57923497267757,2810.9289617486334
9.620041853000657,12.868,2.0036429872495445,218.57923497267757,2812.677595628415
9.630122716000187,12.864,2.185792349726776,200.36429872495444,2577.486338797814
9.640203561000817,12.856,2.185792349726776,200.36429872495444,2575.8834244080144
9.650284330999057,12.868,2.185792349726776,200.36429872495444,2578.2877959927137
9.660364194000067,12.856,2.0036429872495445,200.36429872495444,2575.8834244080144
9.670443705999787,12.868,2.185792349726776,200.36429872495444,2578.2877959927137
9.68053321700063,12.872,2.185792349726776,200.36429872495444,2579.0892531876134
9.690615875999356,12.86,2.185792349726776,200.36429872495444,2576.684881602914
9.700697997999669,12.856,2.185792349726776,218.57923497267757,2810.054644808743
9.710780953999347,12.86,2.185792349726776,218.57923497267757,2810.9289617486334
9.720861780000632,12.864,2.0036429872495445,218.57923497267757,2811.803278688524
9.730943180000395,12.864,2.185792349726776,200.36429872495444,2577.486338797814
9.741022431999227,12.856,2.185792349726776,218.57923497267757,2810.054644808743
9.751101665000533,12.868,2.185792349726776,218.57923497267757,2812.677595628415
9.761181121000845,12.856,2.0036429872495445,218.57923497267757,2810.054644808743
9.771260817000439,12.864,2.185792349726776,218.57923497267757,2811.803278688524
9.781367976000183,12.86,2.185792349726776,218.57923497267757,2810.9289617486334
9.791448838999713,12.86,2.185792349726776,218.57923497267757,2810.9289617486334
9.801528886999222,12.864,2.185792349726776,218.57923497267757,2811.803278688524
9.811608027999682,12.856,2.185792349726776,200.36429872495444,2575.8834244080144
9.821688132000418,12.868,2.185792349726776,218.57923497267757,2812.677595628415
9.831768957999884,12.856,2.185792349726776,200.36429872495444,2575.8834244080144
9.84185017299933,12.872,2.185792349726776,218.57923497267757,2813.551912568306
9.851929462000044,12.876,2.0036429872495445,200.36429872495444,2579.890710382513
9.862009918000695,12.86,2.0036429872495445,200.36429872495444,2576.684881602914
9.872090336000838,12.868,2.185792349726776,200.36429872495444,2578.2877959927137
9.882196606000434,12.86,2.185792349726776,200.36429872495444,2576.684881602914
9.89227841399952,12.868,2.0036429872495445,200.36429872495444,2578.2877959927137
9.902360146999854,12.86,2.185792349726776,218.57923497267757,2810.9289617486334
9.912439788000484,12.868,2.185792349726776,200.36429872495444,2578.2877959927137
9.92251939199923,12.868,2.185792349726776,200.36429872495444,2578.2877959927137
9.932599624999057,12.86,2.185792349726776,218.57923497267757,2810.9289617486334
9.942680580999877,12.872,2.185792349726776,200.36429872495444,2579.0892531876134
9.952761202999682,12.864,2.185792349726776,200.36429872495444,2577.486338797814
9.962842991999423,12.872,2.0036429872495445,218.57923497267757,2813.551912568306
9.972922466000455,12.868,2.185792349726776,218.57923497267757,2812.677595628415
9.983026903000791,12.86,2.185792349726776,200.36429872495444,2576.684881602914
9.9931081729992,12.86,2.0036429872495445,218.57923497267757,2810.9289617486334
10.003189462000591,12.864,2.0036429872495445,200.36429872495444,2577.486338797814
10.01326900999993,12.86,2.0036429872495445,218.57923497267757,2810.9289617486334
10.023349466000582,12.868,2.185792349726776,200.36429872495444,2578.2877959927137
10.033431051000662,12.864,2.185792349726776,218.57923497267757,2811.803278688524
10.043511858999409,12.872,2.0036429872495445,218.57923497267757,2813.551912568306
10.053592980999383,12.86,2.185792349726776,218.57923497267757,2810.9289617486334
10.063673844000732,12.876,2.185792349726776,218.57923497267757,2814.4262295081962
10.073754910999924,12.864,2.0036429872495445,200.36429872495444,2577.486338797814
10.083849310000005,12.864,2.0036429872495445,200.36429872495444,2577.486338797814
10.093926302999535,12.868,2.185792349726776,218.57923497267757,2812.677595628415
10.103999389000819,12.856,2.0036429872495445,200.36429872495444,2575.8834244080144
10.114076436999312,12.868,2.185792349726776,218.57923497267757,2812.677595628415
10.124152447999222,12.868,2.185792349726776,200.36429872495444,2578.2877959927137
10.134228793000148,12.864,2.185792349726776,218.57923497267757,2811.803278688524
10.14430524800082,12.872,2.0036429872495445,200.36429872495444,2579.0892531876134
10.154382241000349,12.864,2.0036429872495445,218.57923497267757,2811.803278688524
10.164458641000238,12.872,2.0036429872495445,218.57923497267757,2813.551912568306
10.174535393000042,12.868,2.0036429872495445,200.36429872495444,2578.2877959927137
10.184619534000376,12.864,2.0036429872495445,200.36429872495444,2577.486338797814
10.194699767000202,12.86,2.185792349726776,200.36429872495444,2576.684881602914
10.20478068599914,12.86,2.0036429872495445,218.57923497267757,2810.9289617486334
10.214864105000743,12.86,2.185792349726776,200.36429872495444,2576.684881602914
10.224945096999363,12.864,2.0036429872495445,200.36429872495444,2577.486338797814
10.235026256999845,12.864,2.185792349726776,200.36429872495444,2577.486338797814
10.24511934200018,12.872,2.0036429872495445,200.36429872495444,2579.0892531876134
10.255203519000133,12.86,2.185792349726776,200.36429872495444,2576.684881602914
10.265285493000192,12.872,2.0036429872495445,218.57923497267757,2813.551912568306
10.275367559999722,12.86,2.0036429872495445,200.36429872495444,2576.684881602914
10.285533902999305,12.872,2.185792349726776,200.36429872495444,2579.0892531876134
10.295611839999765,12.864,2.0036429872495445,200.36429872495444,2577.486338797814
10.30568818500069,12.86,2.185792349726776,200.36429872495444,2576.684881602914
10.315766454999903,12.868,2.0036429872495445,218.57923497267757,2812.677595628415
10.325839466999241,12.86,2.0036429872495445,200.36429872495444,2576.684881602914
10.335917162999976,12.868,2.185792349726776,200.36429872495444,2578.2877959927137
10.346000452000226,12.868,2.0036429872495445,200.36429872495444,2578.2877959927137
10.356077129999903,12.864,2.0036429872495445,218.57923497267757,2811.803278688524
10.366153344999475,12.872,2.0036429872495445,200.36429872495444,2579.0892531876134
10.376230615000168,12.86,2.185792349726776,218.57923497267757,2810.9289617486334
10.386318292999931,12.876,2.0036429872495445,200.36429872495444,2579.890710382513
10.396399489000032,12.856,2.185792349726776,218.57923497267757,2810.054644808743
10.406479945000683,12.876,2.185792349726776,200.36429872495444,2579.890710382513
10.41656110400072,12.856,2.185792349726776,218.57923497267757,2810.054644808743
10.42664417100059,12.868,2.0036429872495445,218.57923497267757,2812.677595628415
10.436724922999929,12.864,2.0036429872495445,218.57923497267757,2811.803278688524
10.446807786000136,12.864,2.0036429872495445,200.36429872495444,2577.486338797814
10.45688827900085,12.86,2.0036429872495445,218.57923497267757,2810.9289617486334
10.466970419000063,12.868,2.0036429872495445,200.36429872495444,2578.2877959927137
10.477050486000735,12.86,2.185792349726776,218.57923497267757,2810.9289617486334
10.487142403999314,12.872,2.0036429872495445,218.57923497267757,2813.551912568306
10.497218897000494,12.86,2.0036429872495445,200.36429872495444,2576.684881602914
10.50729657500051,12.868,2.185792349726776,200.36429872495444,2578.2877959927137
10.517372623000483,12.864,2.185792349726776,218.57923497267757,2811.803278688524
10.527450486000816,12.86,2.185792349726776,200.36429872495444,2576.684881602914
10.537526645999606,12.864,2.0036429872495445,200.36429872495444,2577.486338797814
10.547604175999368,12.86,2.185792349726776,200.36429872495444,2576.684881602914
10.557680316000187,12.864,2.185792349726776,218.57923497267757,2811.803278688524
10.56775821699921,12.868,2.0036429872495445,200.36429872495444,2578.2877959927137
10.577832857999965,12.864,2.0036429872495445,200.36429872495444,2577.486338797814
10.587950257000557,12.872,2.0036429872495445,200.36429872495444,2579.0892531876134
10.598027861000446,12.864,2.185792349726776,200.36429872495444,2577.486338797814
10.608108353000716,12.872,2.185792349726776,200.36429872495444,2579.0892531876134
10.618188623999231,12.852,2.185792349726776,218.57923497267757,2809.180327868852
10.628269078999438,12.876,2.185792349726776,218.57923497267757,2814.4262295081962
10.638349664999623,12.86,2.185792349726776,218.57923497267757,2810.9289617486334
10.648430323999492,12.872,2.185792349726776,218.57923497267757,2813.551912568306
10.658510650000608,12.86,2.185792349726776,200.36429872495444,2576.684881602914
10.668591513000138,12.864,2.185792349726776,218.57923497267757,2811.803278688524
10.678673913000239,12.864,2.185792349726776,200.36429872495444,2577.486338797814
10.688764127999093,12.868,2.185792349726776,218.57923497267757,2812.677595628415
10.698843972000759,12.86,2.0036429872495445,218.57923497267757,2810.9289617486334
10.708919909000542,12.868,2.0036429872495445,218.57923497267757,2812.677595628415
10.718997513000431,12.86,2.0036429872495445,218.57923497267757,2810.9289617486334
10.72907330199996,12.868,2.0036429872495445,200.36429872495444,2578.2877959927137
10.739150314000653,12.86,2.185792349726776,218.57923497267757,2810.9289617486334
10.749225731999104,12.864,2.0036429872495445,218.57923497267757,2811.803278688524
10.759298707000198,12.864,2.185792349726776,218.57923497267757,2811.803278688524
10.769371181000679,12.86,2.185792349726776,218.57923497267757,2810.9289617486334
10.779449821999151,12.864,2.185792349726776,218.57923497267757,2811.803278688524
10.78953699900012,12.868,2.0036429872495445,200.36429872495444,2578.2877959927137
10.799619917999735,12.86,2.0036429872495445,200.36429872495444,2576.684881602914
10.809700411000449,12.868,2.185792349726776,218.57923497267757,2812.677595628415
10.819780959000127,12.856,2.0036429872495445,218.57923497267757,2810.054644808743
10.829861562999213,12.876,2.185792349726776,218.57923497267757,2814.4262295081962
10.839941315000033,12.856,2.185792349726776,218.57923497267757,2810.054644808743
10.850022937000176,12.876,2.185792349726776,218.57923497267757,2814.4262295081962
10.860101447999114,12.856,2.185792349726776,218.57923497267757,2810.054644808743
10.870177737000631,12.872,2.185792349726776,218.57923497267757,2813.551912568306
10.88025523000033,12.86,2.185792349726776,218.57923497267757,2810.9289617486334
10.890333260000261,12.864,2.0036429872495445,200.36429872495444,2577.486338797814
10.900406363000002,12.864,2.0036429872495445,218.57923497267757,2811.803278688524
10.910483114999806,12.868,2.0036429872495445,218.57923497267757,2812.677595628415
10.92055671900016,12.86,2.0036429872495445,200.36429872495444,2576.684881602914
10.930596453999897,12.868,2.185792349726776,200.36429872495444,2578.2877959927137
10.9406736130004,12.86,2.185792349726776,218.57923497267757,2810.9289617486334
10.950751975999083,12.872,2.0036429872495445,200.36429872495444,2579.0892531876134
10.960828208999374,12.864,2.0036429872495445,218.57923497267757,2811.803278688524
10.97090538699922,12.864,2.0036429872495445,218.57923497267757,2811.803278688524
10.980978362000315,12.864,2.185792349726776,200.36429872495444,2577.486338797814
10.991065816999253,12.864,2.0036429872495445,218.57923497267757,2811.803278688524
11.001148401999671,12.864,2.185792349726776,218.57923497267757,2811.803278688524
11.01122406200011,12.864,2.0036429872495445,200.36429872495444,2577.486338797814
11.021301536000465,12.856,2.185792349726776,218.57923497267757,2810.054644808743
11.03138226900046,12.872,2.0036429872495445,200.36429872495444,2579.0892531876134
11.04146374300035,12.856,2.185792349726776,218.57923497267757,2810.054644808743
11.05154508799933,12.876,2.0036429872495445,218.57923497267757,2814.4262295081962
11.061626414000784,12.856,2.185792349726776,200.36429872495444,2575.8834244080144
11.071708146999299,12.876,2.185792349726776,200.36429872495444,2579.890710382513
11.081788751000204,12.86,2.0036429872495445,200.36429872495444,2576.684881602914
11.091883946999587,12.876,2.185792349726776,218.57923497267757,2814.4262295081962
11.101965866000683,12.864,2.0036429872495445,200.36429872495444,2577.486338797814
11.112046599000678,12.864,2.0036429872495445,200.36429872495444,2577.486338797814
11.122127684000588,12.864,2.0036429872495445,218.57923497267757,2811.803278688524
11.13220813999942,12.864,2.185792349726776,200.36429872495444,2577.486338797814
11.142289168999923,12.86,2.0036429872495445,200.36429872495444,2576.684881602914
11.152369440000257,12.872,2.185792349726776,200.36429872495444,2579.0892531876134
11.162450024999998,12.86,2.0036429872495445,218.57923497267757,2810.9289617486334
11.17253181399974,12.876,2.185792349726776,218.57923497267757,2814.4262295081962
11.182614732999355,12.86,2.0036429872495445,200.36429872495444,2576.684881602914
11.19269629900009,12.876,2.185792349726776,200.36429872495444,2579.890710382513
11.202780607000022,12.86,2.185792349726776,218.57923497267757,2810.9289617486334
11.212861191999764,12.864,2.0036429872495445,200.36429872495444,2577.486338797814
11.222943499000394,12.856,2.185792349726776,218.57923497267757,2810.054644808743
11.23302419600077,12.864,2.0036429872495445,200.36429872495444,2577.486338797814
11.243117576999794,12.86,2.0036429872495445,200.36429872495444,2576.684881602914
11.253197383999577,12.872,2.185792349726776,218.57923497267757,2813.551912568306
11.263280970000778,12.86,2.185792349726776,200.36429872495444,2576.684881602914
11.273362833000647,12.876,2.185792349726776,218.57923497267757,2814.4262295081962
11.283444196000346,12.856,2.185792349726776,218.57923497267757,2810.054644808743
11.29360359400016,12.876,2.0036429872495445,218.57923497267757,2814.4262295081962
11.303681235000113,12.86,2.0036429872495445,218.57923497267757,2810.9289617486334
11.313758227999642,12.868,2.185792349726776,218.57923497267757,2812.677595628415
11.323836219999066,12.864,2.0036429872495445,200.36429872495444,2577.486338797814
11.333913861000838,12.86,2.185792349726776,218.57923497267757,2810.9289617486334
11.34399129799931,12.864,2.185792349726776,218.57923497267757,2811.803278688524
11.354068901999199,12.868,2.185792349726776,218.57923497267757,2812.677595628415
11.364145673000166,12.86,2.0036429872495445,200.36429872495444,2576.684881602914
11.374224090999633,12.876,2.0036429872495445,218.57923497267757,2814.4262295081962
11.38430099099969,12.86,2.185792349726776,200.36429872495444,2576.684881602914
11.394435408999925,12.876,2.0036429872495445,200.36429872495444,2579.890710382513
11.404519104999054,12.856,2.185792349726776,218.57923497267757,2810.054644808743
11.414602615999684,12.876,2.0036429872495445,218.57923497267757,2814.4262295081962
11.42468514599932,12.852,2.0036429872495445,200.36429872495444,2575.0819672131147
11.434768175999125,12.88,2.185792349726776,200.36429872495444,2580.6921675774133
11.44484527900022,12.86,2.0036429872495445,218.57923497267757,2810.9289617486334
11.454929068000638,12.868,2.0036429872495445,218.57923497267757,2812.677595628415
11.4650102279993,12.86,2.185792349726776,218.57923497267757,2810.9289617486334
11.475092145999952,12.868,2.185792349726776,200.36429872495444,2578.2877959927137
11.485173230999862,12.86,2.185792349726776,218.57923497267757,2810.9289617486334
11.495266390000324,12.876,2.185792349726776,200.36429872495444,2579.890710382513
11.50534301299922,12.86,2.185792349726776,200.36429872495444,2576.684881602914
11.515419765000843,12.872,2.0036429872495445,200.36429872495444,2579.0892531876134
11.525496756999928,12.86,2.0036429872495445,200.36429872495444,2576.684881602914
11.53557489800005,12.868,2.0036429872495445,200.36429872495444,2578.2877959927137
11.545651169000848,12.86,2.185792349726776,200.36429872495444,2576.684881602914
11.555728642999384,12.868,2.185792349726776,200.36429872495444,2578.2877959927137
11.565804968999146,12.86,2.0036429872495445,200.36429872495444,2576.684881602914
11.575881425000262,12.868,2.185792349726776,218.57923497267757,2812.677595628415
11.585957991999749,12.864,2.185792349726776,200.36429872495444,2577.486338797814
11.596042780000062,12.876,2.0036429872495445,200.36429872495444,2579.890710382513
11.606124051000734,12.86,2.0036429872495445,218.57923497267757,2810.9289617486334
11.616204542999185,12.876,2.0036429872495445,200.36429872495444,2579.890710382513
11.626286036000238,12.852,2.0036429872495445,218.57923497267757,2809.180327868852
11.636367121000148,12.876,2.0036429872495445,218.57923497267757,2814.4262295081962
11.646448261999467,12.848,2.0036429872495445,218.57923497267757,2808.3060109289618
11.656529607000266,12.876,2.0036429872495445,200.36429872495444,2579.890710382513
11.666612357999838,12.856,2.0036429872495445,218.57923497267757,2810.054644808743
11.676693555000384,12.868,2.0036429872495445,200.36429872495444,2578.2877959927137
11.686776733000443,12.86,2.0036429872495445,218.57923497267757,2810.9289617486334
11.696867188000397,12.868,2.0036429872495445,200.36429872495444,2578.2877959927137
11.706949940000413,12.86,2.0036429872495445,218.57923497267757,2810.9289617486334
11.717030580999563,12.876,2.0036429872495445,218.57923497267757,2814.4262295081962
11.727111980999325,12.86,2.185792349726776,218.57923497267757,2810.9289617486334
11.73719280700061,12.868,2.185792349726776,218.57923497267757,2812.677595628415
11.747273095999844,12.856,2.185792349726776,218.57923497267757,2810.054644808743
11.757353662000241,12.876,2.185792349726776,218.57923497267757,2814.4262295081962
11.767428339999242,12.856,2.185792349726776,200.36429872495444,2575.8834244080144
11.77750898100021,12.876,2.185792349726776,200.36429872495444,2579.890710382513
11.787590084999465,12.86,2.0036429872495445,218.57923497267757,2810.9289617486334
11.797696281000754,12.868,2.0036429872495445,218.57923497267757,2812.677595628415
11.807777587999226,12.86,2.185792349726776,218.57923497267757,2810.9289617486334
11.81785891400068,12.868,2.0036429872495445,200.36429872495444,2578.2877959927137
11.827939591999893,12.852,2.0036429872495445,218.57923497267757,2809.180327868852
11.83802052899955,12.872,2.0036429872495445,218.57923497267757,2813.551912568306
11.848101187999418,12.848,2.185792349726776,218.57923497267757,2808.3060109289618
11.858181236000746,12.88,2.0036429872495445,200.36429872495444,2580.6921675774133
11.868263599000784,12.852,2.185792349726776,200.36429872495444,2575.0819672131147
11.878344406999531,12.876,2.185792349726776,218.57923497267757,2814.4262295081962
11.888425602999632,12.856,2.185792349726776,200.36429872495444,2575.8834244080144
11.898533835999842,12.88,2.0036429872495445,218.57923497267757,2815.300546448087
11.908614550999118,12.856,2.185792349726776,218.57923497267757,2810.054644808743
11.918694228999811,12.868,2.0036429872495445,218.57923497267757,2812.677595628415
11.928774296000483,12.86,2.185792349726776,218.57923497267757,2810.9289617486334
11.938858121000521,12.868,2.0036429872495445,200.36429872495444,2578.2877959927137
11.94893863300058,12.86,2.185792349726776,218.57923497267757,2810.9289617486334
11.959020939999391,12.872,2.185792349726776,218.57923497267757,2813.551912568306
11.96910182099964,12.852,2.0036429872495445,218.57923497267757,2809.180327868852
11.979181721999339,12.876,2.185792349726776,218.57923497267757,2814.4262295081962
11.989261844000794,12.856,2.0036429872495445,218.57923497267757,2810.054644808743
11.99933792900083,12.88,2.185792349726776,218.57923497267757,2815.300546448087
12.009418199999345,12.856,2.185792349726776,218.57923497267757,2810.054644808743
12.019497896000757,12.868,2.0036429872495445,218.57923497267757,2812.677595628415
12.029577777000668,12.852,2.185792349726776,200.36429872495444,2575.0819672131147
12.039658695999606,12.868,2.0036429872495445,200.36429872495444,2578.2877959927137
12.049739965999834,12.852,2.185792349726776,218.57923497267757,2809.180327868852
12.05982029199913,12.876,2.0036429872495445,218.57923497267757,2814.4262295081962
12.069901618000586,12.852,2.0036429872495445,218.57923497267757,2809.180327868852
12.079982055000073,12.876,2.185792349726776,200.36429872495444,2579.890710382513
12.090058047999264,12.852,2.185792349726776,200.36429872495444,2575.0819672131147
12.100141355000233,12.88,2.185792349726776,200.36429872495444,2580.6921675774133
12.110217680999995,12.856,2.185792349726776,200.36429872495444,2575.8834244080144
12.120294451999143,12.868,2.0036429872495445,218.57923497267757,2812.677595628415
12.130371167000703,12.86,2.185792349726776,200.36429872495444,2576.684881602914
12.14044773400019,12.864,2.0036429872495445,200.36429872495444,2577.486338797814
12.150523948999762,12.86,2.185792349726776,200.36429872495444,2576.684881602914
12.160600571000032,12.872,2.0036429872495445,200.36429872495444,2579.0892531876134
12.170676952999202,12.856,2.185792349726776,200.36429872495444,2575.8834244080144
12.180753204000212,12.876,2.185792349726776,218.57923497267757,2814.4262295081962
12.190830845000164,12.852,2.0036429872495445,218.57923497267757,2809.180327868852
12.200917579000816,12.88,2.0036429872495445,218.57923497267757,2815.300546448087
12.211000256000261,12.852,2.0036429872495445,218.57923497267757,2809.180327868852
12.221081933999812,12.88,2.0036429872495445,218.57923497267757,2815.300546448087
12.231164167000316,12.852,2.0036429872495445,218.57923497267757,2809.180327868852
12.24126754899953,12.88,2.0036429872495445,218.57923497267757,2815.300546448087
12.251352651999696,12.852,2.185792349726776,218.57923497267757,2809.180327868852
12.261433219000537,12.868,2.185792349726776,218.57923497267757,2812.677595628415
12.271514396999919,12.856,2.185792349726776,218.57923497267757,2810.054644808743
12.28159085200059,12.876,2.185792349726776,200.36429872495444,2579.890710382513
12.291672159999507,12.856,2.0036429872495445,218.57923497267757,2810.054644808743
12.301835391999703,12.908,2.0036429872495445,200.36429872495444,2586.302367941712
12.311912458000734,12.88,2.0036429872495445,200.36429872495444,2580.6921675774133
12.321989154999756,12.892,2.0036429872495445,200.36429872495444,2583.0965391621125
12.33206568499918,12.876,1.8214936247723132,200.36429872495444,2579.890710382513
12.342142288000105,12.88,2.0036429872495445,200.36429872495444,2580.6921675774133
12.352218837000692,12.876,2.0036429872495445,200.36429872495444,2579.890710382513
12.362295700000686,12.872,2.185792349726776,200.36429872495444,2579.0892531876134
12.372369007000088,12.88,2.0036429872495445,200.36429872495444,2580.6921675774133
12.382445295999787,12.88,2.0036429872495445,200.36429872495444,2580.6921675774133
12.392521345000205,12.884,2.0036429872495445,200.36429872495444,2581.493624772313
12.402657003000058,12.884,2.0036429872495445,200.36429872495444,2581.493624772313
12.412738495000667,12.88,2.0036429872495445,200.36429872495444,2580.6921675774133
12.422820914000113,12.876,2.0036429872495445,218.57923497267757,2814.4262295081962
12.432901535999918,12.848,2.185792349726776,200.36429872495444,2574.280510018215
12.442983380999067,12.868,2.0036429872495445,218.57923497267757,2812.677595628415
12.45306400300069,12.852,2.185792349726776,218.57923497267757,2809.180327868852
12.463146718000644,12.876,2.0036429872495445,200.36429872495444,2579.890710382513
12.473227394999412,12.864,2.185792349726776,218.57923497267757,2811.803278688524
12.483308073000444,12.864,2.185792349726776,200.36429872495444,2577.486338797814
12.493388806999064,12.864,2.185792349726776,200.36429872495444,2577.486338797814
12.50347846600016,12.864,2.0036429872495445,218.57923497267757,2811.803278688524
12.513559254999564,12.864,2.185792349726776,218.57923497267757,2811.803278688524
12.523640007000722,12.872,2.185792349726776,218.57923497267757,2813.551912568306
12.533720814000844,12.864,2.185792349726776,200.36429872495444,2577.486338797814
12.543801566000184,12.868,2.0036429872495445,218.57923497267757,2812.677595628415
12.553881724999883,12.86,2.185792349726776,200.36429872495444,2576.684881602914
12.563962013999117,12.872,2.0036429872495445,218.57923497267757,2813.551912568306
12.574042377000296,12.864,2.185792349726776,218.57923497267757,2811.803278688524
12.584121907000736,12.864,2.0036429872495445,218.57923497267757,2811.803278688524
12.594201621999673,12.864,2.185792349726776,218.57923497267757,2811.803278688524
12.60430437300056,12.864,2.185792349726776,200.36429872495444,2577.486338797814
12.614385143999243,12.864,2.0036429872495445,200.36429872495444,2577.486338797814
12.624464507000084,12.868,2.0036429872495445,218.57923497267757,2812.677595628415
12.634543813999699,12.86,2.0036429872495445,218.57923497267757,2810.9289617486334
12.64462488100071,12.872,2.0036429872495445,218.57923497267757,2813.551912568306
12.654704946999118,12.856,2.185792349726776,218.57923497267757,2810.054644808743
12.664785032999134,12.876,2.0036429872495445,200.36429872495444,2579.890710382513
12.674867839999933,12.856,2.0036429872495445,200.36429872495444,2575.8834244080144
12.684948850999717,12.876,2.0036429872495445,218.57923497267757,2814.4262295081962
12.695031380999353,12.86,2.0036429872495445,200.36429872495444,2576.684881602914
12.705141577000177,12.864,2.0036429872495445,200.36429872495444,2577.486338797814
12.715224105999368,12.86,2.185792349726776,200.36429872495444,2576.684881602914
12.725304450999829,12.864,2.185792349726776,200.36429872495444,2577.486338797814
12.735385295000015,12.864,2.0036429872495445,218.57923497267757,2811.803278688524
12.745466657999714,12.864,2.0036429872495445,218.57923497267757,2811.803278688524
12.755546521000724,12.86,2.185792349726776,218.57923497267757,2810.9289617486334
12.765625957999873,12.868,2.185792349726776,218.57923497267757,2812.677595628415
12.775707340000736,12.86,2.185792349726776,200.36429872495444,2576.684881602914
12.785788092000075,12.872,2.185792349726776,200.36429872495444,2579.0892531876134
12.795869065999796,12.86,2.185792349726776,200.36429872495444,2576.684881602914
12.805959355000596,12.876,2.185792349726776,218.57923497267757,2814.4262295081962
12.816040514000633,12.864,2.185792349726776,218.57923497267757,2811.803278688524
12.82612156200048,12.864,2.185792349726776,200.36429872495444,2577.486338797814
12.83620183200037,12.864,2.0036429872495445,200.36429872495444,2577.486338797814
12.846282307000365,12.864,2.185792349726776,218.57923497267757,2811.803278688524
12.856362243999683,12.856,2.185792349726776,218.57923497267757,2810.054644808743
12.866442958000334,12.872,2.0036429872495445,218.57923497267757,2813.551912568306
12.876523246999568,12.86,2.185792349726776,200.36429872495444,2576.684881602914
12.886602851000134,12.872,2.185792349726776,200.36429872495444,2579.0892531876134
12.896683639999537,12.852,2.185792349726776,218.57923497267757,2809.180327868852
12.906793873000424,12.876,2.0036429872495445,200.36429872495444,2579.890710382513
12.916873587999362,12.86,2.0036429872495445,218.57923497267757,2810.9289617486334
12.926954190999822,12.876,2.0036429872495445,218.57923497267757,2814.4262295081962
12.93703301700043,12.86,2.185792349726776,218.57923497267757,2810.9289617486334
12.947115195000151,12.86,2.185792349726776,218.57923497267757,2810.9289617486334
12.957195466000485,12.86,2.0036429872495445,200.36429872495444,2576.684881602914
12.967276273000607,12.86,2.185792349726776,218.57923497267757,2810.9289617486334
12.977356135999798,12.86,2.0036429872495445,200.36429872495444,2576.684881602914
12.987436646999413,12.868,2.185792349726776,200.36429872495444,2578.2877959927137
12.997515954999471,12.856,2.185792349726776,200.36429872495444,2575.8834244080144
13.0076191320004,12.872,2.185792349726776,218.57923497267757,2813.551912568306
13.017699179999909,12.856,2.0036429872495445,218.57923497267757,2810.054644808743
13.027778747000411,12.876,2.185792349726776,200.36429872495444,2579.890710382513
13.037859165000555,12.86,2.0036429872495445,218.57923497267757,2810.9289617486334
13.047939824999048,12.868,2.0036429872495445,218.57923497267757,2812.677595628415
13.058020651000334,12.856,2.185792349726776,218.57923497267757,2810.054644808743
13.068101327999102,12.864,2.185792349726776,218.57923497267757,2811.803278688524
13.07818174699969,12.856,2.185792349726776,218.57923497267757,2810.054644808743
13.088262277000467,12.872,2.185792349726776,218.57923497267757,2813.551912568306
13.098343010000463,12.856,2.185792349726776,218.57923497267757,2810.054644808743
13.108436946999063,12.876,2.0036429872495445,200.36429872495444,2579.890710382513
13.118514551000771,12.856,2.0036429872495445,200.36429872495444,2575.8834244080144
13.12859084000047,12.876,2.0036429872495445,218.57923497267757,2814.4262295081962
13.138669091000338,12.86,2.0036429872495445,218.57923497267757,2810.9289617486334
13.148745398999381,12.868,2.185792349726776,200.36429872495444,2578.2877959927137
13.158823576999566,12.86,2.185792349726776,218.57923497267757,2810.9289617486334
13.168900107000809,12.86,2.185792349726776,200.36429872495444,2576.684881602914
13.17897778400038,12.86,2.0036429872495445,218.57923497267757,2810.9289617486334
13.189054276999741,12.868,2.185792349726776,200.36429872495444,2578.2877959927137
13.199132158999419,12.86,2.0036429872495445,218.57923497267757,2810.9289617486334
13.209215095999753,12.872,2.185792349726776,200.36429872495444,2579.0892531876134
13.219300310000108,12.856,2.0036429872495445,200.36429872495444,2575.8834244080144
13.229381433000526,12.876,2.0036429872495445,218.57923497267757,2814.4262295081962
13.239460980999866,12.856,2.185792349726776,200.36429872495444,2575.8834244080144
13.249547862000327,12.876,2.185792349726776,218.57923497267757,2814.4262295081962
13.259628447000068,12.852,2.185792349726776,218.57923497267757,2809.180327868852
13.269709422000233,12.868,2.185792349726776,218.57923497267757,2812.677595628415
13.279790433000016,12.856,2.185792349726776,218.57923497267757,2810.054644808743
13.289873572999568,12.868,2.0036429872495445,200.36429872495444,2578.2877959927137
13.299951899000007,12.86,2.0036429872495445,218.57923497267757,2810.9289617486334
13.310111298000265,12.868,2.0036429872495445,200.36429872495444,2578.2877959927137
13.320188420000704,12.86,2.185792349726776,200.36429872495444,2576.684881602914
13.330265839000276,12.876,2.185792349726776,200.36429872495444,2579.890710382513
13.34034259100008,12.856,2.185792349726776,200.36429872495444,2575.8834244080144
13.350418898000498,12.876,2.185792349726776,218.57923497267757,2814.4262295081962
13.360495464999985,12.856,2.0036429872495445,200.36429872495444,2575.8834244080144
13.370586271999855,12.864,2.185792349726776,200.36429872495444,2577.486338797814
13.38066274599987,12.86,2.0036429872495445,200.36429872495444,2576.684881602914
13.390738943000542,12.868,2.0036429872495445,200.36429872495444,2578.2877959927137
13.400816158000453,12.86,2.0036429872495445,218.57923497267757,2810.9289617486334
13.410902428000554,12.864,2.185792349726776,218.57923497267757,2811.803278688524
13.420984643000338,12.86,2.0036429872495445,218.57923497267757,2810.9289617486334
13.431067375999191,12.872,2.0036429872495445,218.57923497267757,2813.551912568306
13.44114803499906,12.86,2.185792349726776,218.57923497267757,2810.9289617486334
13.451230454000324,12.876,2.185792349726776,218.57923497267757,2814.4262295081962
13.46130742800051,12.848,2.0036429872495445,218.57923497267757,2808.3060109289618
13.471388920999743,12.88,2.185792349726776,200.36429872495444,2580.6921675774133
13.481470061000437,12.848,2.0036429872495445,218.57923497267757,2808.3060109289618
13.491550868999184,12.88,2.0036429872495445,218.57923497267757,2815.300546448087
13.501631380000617,12.856,2.185792349726776,218.57923497267757,2810.054644808743
13.51172005800072,12.868,2.0036429872495445,218.57923497267757,2812.677595628415
13.52180125400082,12.86,2.185792349726776,218.57923497267757,2810.9289617486334
13.531881969000096,12.868,2.185792349726776,200.36429872495444,2578.2877959927137
13.541962572000557,12.856,2.185792349726776,218.57923497267757,2810.054644808743
13.552043638999749,12.876,2.0036429872495445,218.57923497267757,2814.4262295081962
13.562124260999553,12.856,2.185792349726776,218.57923497267757,2810.054644808743
13.572205106000183,12.872,2.0036429872495445,200.36429872495444,2579.0892531876134
13.58228582099946,12.852,2.0036429872495445,200.36429872495444,2575.0819672131147
13.59236642399992,12.876,2.185792349726776,200.36429872495444,2579.890710382513
13.60244728699945,12.856,2.185792349726776,218.57923497267757,2810.054644808743
13.612548409000738,12.876,2.0036429872495445,200.36429872495444,2579.890710382513
13.622630956999274,12.856,2.185792349726776,200.36429872495444,2575.8834244080144
13.632712116999755,12.868,2.0036429872495445,200.36429872495444,2578.2877959927137
13.64279457200064,12.86,2.185792349726776,200.36429872495444,2576.684881602914
13.65287504600019,12.872,2.0036429872495445,200.36429872495444,2579.0892531876134
13.66295700199953,12.852,2.0036429872495445,218.57923497267757,2809.180327868852
13.673037828000815,12.876,2.185792349726776,218.57923497267757,2814.4262295081962
13.683120005000092,12.848,2.185792349726776,200.36429872495444,2574.280510018215
13.693201497999326,12.88,2.185792349726776,200.36429872495444,2580.6921675774133
13.703283786999236,12.848,2.0036429872495445,218.57923497267757,2808.3060109289618
13.71339083500061,12.88,2.0036429872495445,218.57923497267757,2815.300546448087
13.723470846000055,12.856,2.0036429872495445,200.36429872495444,2575.8834244080144
13.7335520609995,12.872,2.185792349726776,218.57923497267757,2813.551912568306
13.743633627000236,12.856,2.185792349726776,218.57923497267757,2810.054644808743
13.753714398000739,12.872,2.185792349726776,218.57923497267757,2813.551912568306
13.763794316000713,12.86,2.185792349726776,200.36429872495444,2576.684881602914
13.773874382999566,12.868,2.0036429872495445,200.36429872495444,2578.2877959927137
13.783955987000809,12.856,2.0036429872495445,200.36429872495444,2575.8834244080144
13.794036552999387,12.876,2.185792349726776,218.57923497267757,2814.4262295081962
13.804117637999298,12.852,2.185792349726776,218.57923497267757,2809.180327868852
13.814221557000565,12.88,2.185792349726776,200.36429872495444,2580.6921675774133
13.82430328999908,12.852,2.185792349726776,200.36429872495444,2575.0819672131147
13.834384707999561,12.88,2.0036429872495445,218.57923497267757,2815.300546448087
13.844465923000826,12.856,2.0036429872495445,200.36429872495444,2575.8834244080144
13.854546489999848,12.872,2.0036429872495445,218.57923497267757,2813.551912568306
13.864627630999166,12.856,2.0036429872495445,218.57923497267757,2810.054644808743
13.87470925299931,12.868,2.0036429872495445,218.57923497267757,2812.677595628415
13.884789282999918,12.852,2.185792349726776,200.36429872495444,2575.0819672131147
13.894872070999554,12.876,2.0036429872495445,200.36429872495444,2579.890710382513
13.904953193999972,12.852,2.0036429872495445,218.57923497267757,2809.180327868852
13.915045890000329,12.88,2.185792349726776,200.36429872495444,2580.6921675774133
13.925126901000112,12.848,2.0036429872495445,200.36429872495444,2574.280510018215
13.935207689999515,12.884,2.185792349726776,200.36429872495444,2581.493624772313
13.945287033999193,12.852,2.0036429872495445,218.57923497267757,2809.180327868852
13.955368045000796,12.88,2.0036429872495445,218.57923497267757,2815.300546448087
13.96544905600058,12.856,2.185792349726776,200.36429872495444,2575.8834244080144
13.975529344999813,12.868,2.0036429872495445,218.57923497267757,2812.677595628415
13.98561017099928,12.856,2.185792349726776,200.36429872495444,2575.8834244080144
13.995691367999825,12.868,2.185792349726776,200.36429872495444,2578.2877959927137
14.005771823000032,12.856,2.0036429872495445,218.57923497267757,2810.054644808743
14.015876797000601,12.876,2.185792349726776,200.36429872495444,2579.890710382513
14.025956104000215,12.852,2.0036429872495445,218.57923497267757,2809.180327868852
14.036037633999513,12.88,2.185792349726776,218.57923497267757,2815.300546448087
14.046119089000058,12.848,2.185792349726776,200.36429872495444,2574.280510018215
14.056199488999482,12.88,2.185792349726776,200.36429872495444,2580.6921675774133
14.066280259999985,12.848,2.0036429872495445,218.57923497267757,2808.3060109289618
14.076361863000784,12.88,2.0036429872495445,200.36429872495444,2580.6921675774133
14.086442040999827,12.848,2.0036429872495445,218.57923497267757,2808.3060109289618
14.096522755999104,12.872,2.185792349726776,218.57923497267757,2813.551912568306
14.106606433999332,12.852,2.185792349726776,200.36429872495444,2575.0819672131147
14.116698870999244,12.876,2.185792349726776,200.36429872495444,2579.890710382513
14.126778252000804,12.848,2.0036429872495445,200.36429872495444,2574.280510018215
14.136854799999128,12.88,2.185792349726776,200.36429872495444,2580.6921675774133
14.146931422999842,12.852,2.0036429872495445,200.36429872495444,2575.0819672131147
14.157007600000725,12.88,2.185792349726776,218.57923497267757,2815.300546448087
14.167083907999768,12.852,2.0036429872495445,200.36429872495444,2575.0819672131147
14.177159364000545,12.868,2.0036429872495445,218.57923497267757,2812.677595628415
14.18723733799925,12.856,2.0036429872495445,218.57923497267757,2810.054644808743
14.197312533999138,12.864,2.185792349726776,200.36429872495444,2577.486338797814
14.20738824900036,12.856,2.0036429872495445,218.57923497267757,2810.054644808743
14.217472001000715,12.872,2.0036429872495445,200.36429872495444,2579.0892531876134
14.227555179000774,12.852,2.0036429872495445,218.57923497267757,2809.180327868852
14.237635985999077,12.876,2.0036429872495445,200.36429872495444,2579.890710382513
14.247722849000638,12.852,2.185792349726776,200.36429872495444,2575.0819672131147
14.257804712000507,12.88,2.185792349726776,200.36429872495444,2580.6921675774133
14.26788500099974,12.848,2.185792349726776,200.36429872495444,2574.280510018215
14.277964086000793,12.884,2.0036429872495445,218.57923497267757,2816.174863387978
14.288045412000429,12.844,2.185792349726776,218.57923497267757,2807.4316939890705
14.298127015999853,12.884,2.185792349726776,200.36429872495444,2581.493624772313
14.30820747100006,12.848,2.185792349726776,200.36429872495444,2574.280510018215
14.318370814000446,12.876,2.185792349726776,200.36429872495444,2579.890710382513
14.328447640000377,12.852,2.0036429872495445,200.36429872495444,2575.0819672131147
14.338525003000541,12.88,2.0036429872495445,218.57923497267757,2815.300546448087
14.348601088000578,12.852,2.185792349726776,200.36429872495444,2575.0819672131147
14.35867913599941,12.884,2.0036429872495445,218.57923497267757,2816.174863387978
14.368755629000589,12.848,2.0036429872495445,200.36429872495444,2574.280510018215
14.378832492000583,12.876,2.0036429872495445,218.57923497267757,2814.4262295081962
14.388913651000621,12.848,2.0036429872495445,218.57923497267757,2808.3060109289618
14.398992033000468,12.872,2.0036429872495445,200.36429872495444,2579.0892531876134
14.409068451999701,12.852,2.185792349726776,200.36429872495444,2575.0819672131147
14.419155259000036,12.872,2.0036429872495445,218.57923497267757,2813.551912568306
14.429235436999079,12.856,2.185792349726776,200.36429872495444,2575.8834244080144
14.439316948000851,12.872,2.0036429872495445,200.36429872495444,2579.0892531876134
14.44939831100055,12.856,2.185792349726776,218.57923497267757,2810.054644808743
14.459479265999107,12.88,2.185792349726776,200.36429872495444,2580.6921675774133
14.46956027700071,12.852,2.185792349726776,218.57923497267757,2809.180327868852
14.479641306999838,12.88,2.0036429872495445,218.57923497267757,2815.300546448087
14.489717892000044,12.84,2.185792349726776,218.57923497267757,2806.55737704918
14.499798552000357,12.884,2.0036429872495445,218.57923497267757,2816.174863387978
14.509879174000162,12.844,2.185792349726776,218.57923497267757,2807.4316939890705
14.51996855499965,12.88,2.185792349726776,218.57923497267757,2815.300546448087
14.53004991799935,12.848,2.0036429872495445,200.36429872495444,2574.280510018215
14.540130374,12.876,2.185792349726776,200.36429872495444,2579.890710382513
14.550211218000186,12.852,2.0036429872495445,218.57923497267757,2809.180327868852
14.560291877000054,12.876,2.0036429872495445,218.57923497267757,2814.4262295081962
14.57037257400043,12.852,2.185792349726776,218.57923497267757,2809.180327868852
14.580452899999727,12.876,2.185792349726776,200.36429872495444,2579.890710382513
14.590533429000061,12.852,2.185792349726776,218.57923497267757,2809.180327868852
14.600614348000818,12.876,2.185792349726776,218.57923497267757,2814.4262295081962
14.610696432999248,12.848,2.0036429872495445,200.36429872495444,2574.280510018215
14.62079772099969,12.88,2.0036429872495445,218.57923497267757,2815.300546448087
14.630878620999283,12.848,2.0036429872495445,200.36429872495444,2574.280510018215
14.640958521000357,12.884,2.185792349726776,200.36429872495444,2581.493624772313
14.651040902999739,12.852,2.0036429872495445,218.57923497267757,2809.180327868852
14.661121783999988,12.876,2.185792349726776,200.36429872495444,2579.890710382513
14.671203739999328,12.852,2.185792349726776,200.36429872495444,2575.0819672131147
14.681284103000507,12.876,2.0036429872495445,200.36429872495444,2579.890710382513
14.691364984000757,12.848,2.0036429872495445,218.57923497267757,2808.3060109289618
14.701445606000561,12.88,2.185792349726776,200.36429872495444,2580.6921675774133
14.711526821000007,12.844,2.185792349726776,200.36429872495444,2573.4790528233148
14.721632238999518,12.884,2.185792349726776,218.57923497267757,2816.174863387978
14.731713712999408,12.844,2.0036429872495445,218.57923497267757,2807.4316939890705
14.741794780000419,12.884,2.185792349726776,218.57923497267757,2816.174863387978
14.751875550000477,12.852,2.0036429872495445,218.57923497267757,2809.180327868852
14.761955062000197,12.884,2.185792349726776,200.36429872495444,2581.493624772313
14.772035906000383,12.852,2.0036429872495445,200.36429872495444,2575.0819672131147
14.782116639000378,12.876,2.0036429872495445,218.57923497267757,2814.4262295081962
14.7921972059994,12.852,2.185792349726776,218.57923497267757,2809.180327868852
14.802277864999269,12.872,2.0036429872495445,200.36429872495444,2579.0892531876134
14.812358709999899,12.852,2.185792349726776,218.57923497267757,2809.180327868852
14.822461182999177,12.88,2.185792349726776,218.57923497267757,2815.300546448087
14.832542120000653,12.848,2.185792349726776,218.57923497267757,2808.3060109289618
14.842623298000035,12.884,2.185792349726776,218.57923497267757,2816.174863387978
14.852704753999205,12.848,2.0036429872495445,218.57923497267757,2808.3060109289618
14.862787838999793,12.884,2.185792349726776,218.57923497267757,2816.174863387978
14.872868054000719,12.852,2.0036429872495445,218.57923497267757,2809.180327868852
14.882947639000122,12.88,2.0036429872495445,218.57923497267757,2815.300546448087
14.893027260999588,12.848,2.0036429872495445,200.36429872495444,2574.280510018215
14.903106642999774,12.876,2.0036429872495445,218.57923497267757,2814.4262295081962
14.913185597999473,12.848,2.185792349726776,218.57923497267757,2808.3060109289618
14.923266424000758,12.88,2.185792349726776,200.36429872495444,2580.6921675774133
14.933345879999251,12.852,2.0036429872495445,200.36429872495444,2575.0819672131147
14.943424613000388,12.884,2.185792349726776,200.36429872495444,2581.493624772313
14.953505994999432,12.844,2.0036429872495445,218.57923497267757,2807.4316939890705
14.963586486999702,12.884,2.185792349726776,200.36429872495444,2581.493624772313
14.973666832000163,12.848,2.0036429872495445,200.36429872495444,2574.280510018215
14.983747787000539,12.88,2.185792349726776,200.36429872495444,2580.6921675774133
14.993828650000069,12.852,2.0036429872495445,218.57923497267757,2809.180327868852
15.003908754000804,12.872,2.0036429872495445,218.57923497267757,2813.551912568306
15.0139894870008,12.852,2.185792349726776,200.36429872495444,2575.0819672131147
15.024079924000034,12.872,2.0036429872495445,218.57923497267757,2813.551912568306
15.034160731000156,12.852,2.0036429872495445,200.36429872495444,2575.0819672131147
15.044240982999327,12.88,2.0036429872495445,200.36429872495444,2580.6921675774133
15.054322141999364,12.848,2.0036429872495445,218.57923497267757,2808.3060109289618
15.064402894000523,12.884,2.185792349726776,218.57923497267757,2816.174863387978
15.074483886999587,12.844,2.185792349726776,218.57923497267757,2807.4316939890705
15.084564879000027,12.884,2.185792349726776,218.57923497267757,2816.174863387978
15.09464757599926,12.844,2.185792349726776,200.36429872495444,2573.4790528233148
15.104728845999489,12.876,2.185792349726776,200.36429872495444,2579.890710382513
15.114809615999548,12.848,2.185792349726776,218.57923497267757,2808.3060109289618
15.124922904999039,12.88,2.185792349726776,218.57923497267757,2815.300546448087
15.135005748999902,12.848,2.185792349726776,218.57923497267757,2808.3060109289618
15.145086074999199,12.88,2.0036429872495445,218.57923497267757,2815.300546448087
15.15516797499913,12.852,2.0036429872495445,200.36429872495444,2575.0819672131147
15.1652484490005,12.884,2.0036429872495445,218.57923497267757,2816.174863387978
15.175329682000665,12.844,2.185792349726776,200.36429872495444,2573.4790528233148
15.185410341999159,12.884,2.185792349726776,218.57923497267757,2816.174863387978
15.195491555999979,12.844,2.185792349726776,200.36429872495444,2573.4790528233148
15.20557141899917,12.876,2.185792349726776,218.57923497267757,2814.4262295081962
15.215653040999314,12.852,2.0036429872495445,200.36429872495444,2575.0819672131147
15.225743719000093,12.876,2.0036429872495445,218.57923497267757,2814.4262295081962
15.235824859999411,12.848,2.185792349726776,200.36429872495444,2574.280510018215
15.245916407999175,12.872,2.185792349726776,200.36429872495444,2579.0892531876134
15.255999029999657,12.852,2.0036429872495445,218.57923497267757,2809.180327868852
15.266081003999716,12.88,2.185792349726776,200.36429872495444,2580.6921675774133
15.27616142199986,12.852,2.0036429872495445,218.57923497267757,2809.180327868852
15.286242119000235,12.884,2.0036429872495445,218.57923497267757,2816.174863387978
15.296323426000527,12.84,2.185792349726776,218.57923497267757,2806.55737704918
15.306404344999464,12.884,2.0036429872495445,200.36429872495444,2581.493624772313
15.316485059000115,12.84,2.0036429872495445,200.36429872495444,2572.677595628415
15.326669198000673,12.884,2.185792349726776,218.57923497267757,2816.174863387978
15.33674758000052,12.848,2.185792349726776,200.36429872495444,2574.280510018215
15.346825942999203,12.876,2.0036429872495445,218.57923497267757,2814.4262295081962
15.356902823999917,12.852,2.185792349726776,218.57923497267757,2809.180327868852
15.366982445999383,12.876,2.185792349726776,218.57923497267757,2814.4262295081962
15.377059921000182,12.848,2.185792349726776,218.57923497267757,2808.3060109289618
15.387140376000389,12.884,2.0036429872495445,200.36429872495444,2581.493624772313
15.397217220999664,12.844,2.0036429872495445,200.36429872495444,2573.4790528233148
15.407294786999046,12.88,2.185792349726776,218.57923497267757,2815.300546448087
15.41737163200014,12.844,2.0036429872495445,200.36429872495444,2573.4790528233148
15.42746416099908,12.88,2.0036429872495445,200.36429872495444,2580.6921675774133
15.437546413000746,12.844,2.185792349726776,200.36429872495444,2573.4790528233148
15.447628460999113,12.884,2.185792349726776,200.36429872495444,2581.493624772313
15.457710045999193,12.852,2.0036429872495445,200.36429872495444,2575.0819672131147
15.467791130999103,12.876,2.0036429872495445,218.57923497267757,2814.4262295081962
15.477868198000579,12.856,2.0036429872495445,218.57923497267757,2810.054644808743
15.487949246000426,12.876,2.185792349726776,218.57923497267757,2814.4262295081962
15.498030516999279,12.848,2.185792349726776,218.57923497267757,2808.3060109289618
15.508110065000437,12.88,2.0036429872495445,218.57923497267757,2815.300546448087
15.518189835000157,12.84,2.185792349726776,218.57923497267757,2806.55737704918
15.528280975999223,12.88,2.185792349726776,218.57923497267757,2815.300546448087
15.538358857000276,12.844,2.185792349726776,218.57923497267757,2807.4316939890705
15.548435572000017,12.88,2.185792349726776,218.57923497267757,2815.300546448087
15.558519528000033,12.848,2.185792349726776,200.36429872495444,2574.280510018215
15.568596391000028,12.88,2.0036429872495445,200.36429872495444,2580.6921675774133
15.578674993999812,12.852,2.185792349726776,200.36429872495444,2575.0819672131147
15.588752301999193,12.876,2.0036429872495445,218.57923497267757,2814.4262295081962
15.598830461000034,12.852,2.185792349726776,218.57923497267757,2809.180327868852
15.608906879999267,12.88,2.0036429872495445,218.57923497267757,2815.300546448087
15.618985039000108,12.848,2.0036429872495445,218.57923497267757,2808.3060109289618
15.629077420000613,12.88,2.185792349726776,200.36429872495444,2580.6921675774133
15.639159190999635,12.844,2.0036429872495445,200.36429872495444,2573.4790528233148
15.649240720000307,12.88,2.185792349726776,218.57923497267757,2815.300546448087
15.659321545999774,12.848,2.0036429872495445,218.57923497267757,2808.3060109289618
15.669402167999579,12.884,2.0036429872495445,200.36429872495444,2581.493624772313
15.679483161000462,12.852,2.0036429872495445,200.36429872495444,2575.0819672131147
15.689565265000056,12.876,2.185792349726776,200.36429872495444,2579.890710382513
15.699646552999184,12.852,2.185792349726776,200.36429872495444,2575.0819672131147
15.709728324000025,12.876,2.185792349726776,200.36429872495444,2579.890710382513
15.719809371999872,12.852,2.185792349726776,218.57923497267757,2809.180327868852
15.729899400999784,12.88,2.0036429872495445,218.57923497267757,2815.300546448087
15.739980911999737,12.844,2.185792349726776,218.57923497267757,2807.4316939890705
15.7500622940006,12.884,2.0036429872495445,200.36429872495444,2581.493624772313
15.760144305000722,12.844,2.185792349726776,218.57923497267757,2807.4316939890705
15.770223890000125,12.88,2.0036429872495445,200.36429872495444,2580.6921675774133
15.780304845999126,12.848,2.185792349726776,200.36429872495444,2574.280510018215
15.790386837999904,12.88,2.185792349726776,218.57923497267757,2815.300546448087
15.800468293999074,12.852,2.0036429872495445,200.36429872495444,2575.0819672131147
15.810549083000296,12.872,2.185792349726776,218.57923497267757,2813.551912568306
15.820630685999276,12.856,2.0036429872495445,218.57923497267757,2810.054644808743
15.830771251999977,12.872,2.0036429872495445,218.57923497267757,2813.551912568306
15.840853151999909,12.848,2.185792349726776,218.57923497267757,2808.3060109289618
15.850930180999057,12.88,2.0036429872495445,200.36429872495444,2580.6921675774133
15.861003247999179,12.848,2.0036429872495445,200.36429872495444,2574.280510018215
15.871080925999195,12.884,2.185792349726776,218.57923497267757,2816.174863387978
15.881157845000416,12.848,2.0036429872495445,200.36429872495444,2574.280510018215
15.891237281999565,12.88,2.0036429872495445,200.36429872495444,2580.6921675774133
15.901313496999137,12.852,2.0036429872495445,218.57923497267757,2809.180327868852
15.911390618999576,12.876,2.0036429872495445,200.36429872495444,2579.890710382513
15.921472926000206,12.848,2.0036429872495445,218.57923497267757,2808.3060109289618
15.931560140999864,12.876,2.185792349726776,200.36429872495444,2579.890710382513
15.941636188999837,12.856,2.185792349726776,200.36429872495444,2575.8834244080144
15.951714830000128,12.88,2.0036429872495445,218.57923497267757,2815.300546448087
15.961791396999615,12.844,2.185792349726776,218.57923497267757,2807.4316939890705
15.97186970400071,12.884,2.185792349726776,218.57923497267757,2816.174863387978
15.981945196999732,12.848,2.0036429872495445,200.36429872495444,2574.280510018215
15.992022059999726,12.88,2.185792349726776,200.36429872495444,2580.6921675774133
16.00209975600046,12.852,2.0036429872495445,200.36429872495444,2575.0819672131147
16.0121758410005,12.876,2.185792349726776,218.57923497267757,2814.4262295081962
16.022251518999838,12.856,2.185792349726776,200.36429872495444,2575.8834244080144
16.032380733000537,12.868,2.185792349726776,200.36429872495444,2578.2877959927137
16.04246233699996,12.856,2.0036429872495445,218.57923497267757,2810.054644808743
16.052542347999406,12.872,2.0036429872495445,218.57923497267757,2813.551912568306
16.062625488000776,12.856,2.0036429872495445,200.36429872495444,2575.8834244080144
16.0727072589998,12.876,2.185792349726776,218.57923497267757,2814.4262295081962
16.08279038100045,12.856,2.185792349726776,200.36429872495444,2575.8834244080144
16.092870299000424,12.88,2.0036429872495445,218.57923497267757,2815.300546448087
16.10295090299951,12.848,2.185792349726776,200.36429872495444,2574.280510018215
16.1130323590005,12.88,2.0036429872495445,200.36429872495444,2580.6921675774133
16.123113535999437,12.844,2.185792349726776,200.36429872495444,2573.4790528233148
16.13320706599916,12.88,2.0036429872495445,200.36429872495444,2580.6921675774133
16.143286466000063,12.852,2.185792349726776,200.36429872495444,2575.0819672131147
16.15336288400067,12.876,2.185792349726776,218.57923497267757,2814.4262295081962
16.16344137700071,12.856,2.185792349726776,200.36429872495444,2575.8834244080144
16.173517535999054,12.88,2.0036429872495445,218.57923497267757,2815.300546448087
16.18359493599928,12.852,2.185792349726776,218.57923497267757,2809.180327868852
16.193670410000777,12.88,2.0036429872495445,218.57923497267757,2815.300546448087
16.203749791999144,12.844,2.0036429872495445,218.57923497267757,2807.4316939890705
16.213824469999963,12.876,2.185792349726776,218.57923497267757,2814.4262295081962
16.223907220999536,12.848,2.185792349726776,200.36429872495444,2574.280510018215
16.2339936770004,12.876,2.185792349726776,218.57923497267757,2814.4262295081962
16.24409889100025,12.852,2.185792349726776,200.36429872495444,2575.0819672131147
16.254180402000202,12.872,2.0036429872495445,200.36429872495444,2579.0892531876134
16.264259654000853,12.86,2.0036429872495445,218.57923497267757,2810.9289617486334
16.274333257999388,12.876,2.0036429872495445,200.36429872495444,2579.890710382513
16.284409342999425,12.856,2.0036429872495445,218.57923497267757,2810.054644808743
16.29448568800035,12.88,2.0036429872495445,218.57923497267757,2815.300546448087
16.30456942099954,12.848,2.185792349726776,218.57923497267757,2808.3060109289618
16.314647598999727,12.88,2.185792349726776,218.57923497267757,2815.300546448087
16.324724239000716,12.844,2.185792349726776,218.57923497267757,2807.4316939890705
16.334833360999255,12.88,2.0036429872495445,200.36429872495444,2580.6921675774133
16.344908965000286,12.848,2.0036429872495445,200.36429872495444,2574.280510018215
16.35498775400083,12.876,2.0036429872495445,218.57923497267757,2814.4262295081962
16.3650645609996,12.852,2.185792349726776,200.36429872495444,2575.0819672131147
16.375137553999593,12.872,2.0036429872495445,200.36429872495444,2579.0892531876134
16.385212786999546,12.856,2.0036429872495445,200.36429872495444,2575.8834244080144
16.395286816999942,12.876,2.185792349726776,218.57923497267757,2814.4262295081962
16.405359420999957,12.852,2.0036429872495445,218.57923497267757,2809.180327868852
16.415437006000502,12.876,2.185792349726776,200.36429872495444,2579.890710382513
16.42551377699965,12.848,2.0036429872495445,218.57923497267757,2808.3060109289618
16.435601862000112,12.872,2.0036429872495445,200.36429872495444,2579.0892531876134
16.44568324300053,12.844,2.185792349726776,200.36429872495444,2573.4790528233148
16.45576438399985,12.876,2.0036429872495445,200.36429872495444,2579.890710382513
16.46584159899976,12.852,2.0036429872495445,200.36429872495444,2575.0819672131147
16.475923721000072,12.88,2.185792349726776,218.57923497267757,2815.300546448087
16.486004843000046,12.852,2.185792349726776,218.57923497267757,2809.180327868852
16.496085835000486,12.872,2.185792349726776,200.36429872495444,2579.0892531876134
16.506166271999973,12.856,2.0036429872495445,218.57923497267757,2810.054644808743
16.51624680200075,12.876,2.185792349726776,200.36429872495444,2579.890710382513
16.52632766500028,12.848,2.0036429872495445,218.57923497267757,2808.3060109289618
16.536412379999092,12.88,2.185792349726776,200.36429872495444,2580.6921675774133
16.546489334999933,12.84,2.185792349726776,200.36429872495444,2572.677595628415
16.556566197999928,12.88,2.185792349726776,218.57923497267757,2815.300546448087
16.56664432099933,12.848,2.185792349726776,218.57923497267757,2808.3060109289618
16.576718386999346,12.876,2.185792349726776,200.36429872495444,2579.890710382513
16.58679086200027,12.852,2.0036429872495445,218.57923497267757,2809.180327868852
16.596867853999356,12.872,2.185792349726776,200.36429872495444,2579.0892531876134
16.60694136500024,12.852,2.0036429872495445,218.57923497267757,2809.180327868852
16.617018098999324,12.876,2.185792349726776,218.57923497267757,2814.4262295081962
16.627095850999467,12.848,2.0036429872495445,200.36429872495444,2574.280510018215
16.637218675999975,12.904,2.0036429872495445,200.36429872495444,2585.500910746812
16.64730161300031,12.876,2.0036429872495445,200.36429872495444,2579.890710382513
16.65738208699986,12.892,2.0036429872495445,200.36429872495444,2583.0965391621125
16.66746367199994,12.864,2.0036429872495445,200.36429872495444,2577.486338797814
16.677544276000845,12.896,2.0036429872495445,200.36429872495444,2583.8979963570127
16.687624583000797,12.868,2.0036429872495445,200.36429872495444,2578.2877959927137
16.697704853000687,12.896,2.0036429872495445,200.36429872495444,2583.8979963570127
16.707785697999498,12.868,2.0036429872495445,200.36429872495444,2578.2877959927137
16.71786622699983,12.892,2.0036429872495445,200.36429872495444,2583.0965391621125
16.72794847899968,12.864,2.0036429872495445,182.1493624772313,2343.1693989071036
16.738031416000013,12.892,2.0036429872495445,200.36429872495444,2583.0965391621125
16.748104390000663,12.856,2.0036429872495445,200.36429872495444,2575.8834244080144
16.75818117900053,12.876,2.0036429872495445,218.57923497267757,2814.4262295081962
16.768255115999636,12.832,2.0036429872495445,218.57923497267757,2804.808743169399
16.778332497999145,12.88,2.0036429872495445,200.36429872495444,2580.6921675774133
16.78840652799954,12.844,2.185792349726776,200.36429872495444,2573.4790528233148
16.798479446000783,12.88,2.185792349726776,200.36429872495444,2580.6921675774133
16.808552734999466,12.852,2.0036429872495445,218.57923497267757,2809.180327868852
16.818596895000155,12.88,2.185792349726776,218.57923497267757,2815.300546448087
16.828672794999875,12.852,2.185792349726776,218.57923497267757,2809.180327868852
16.838761584000167,12.876,2.185792349726776,218.57923497267757,2814.4262295081962
16.84885150199989,12.856,2.0036429872495445,218.57923497267757,2810.054644808743
16.85893532800037,12.88,2.185792349726776,200.36429872495444,2580.6921675774133
16.869016227999964,12.844,2.0036429872495445,200.36429872495444,2573.4790528233148
16.87909381300051,12.884,2.0036429872495445,200.36429872495444,2581.493624772313
16.88917073199991,12.844,2.185792349726776,218.57923497267757,2807.4316939890705
16.899246891000075,12.884,2.0036429872495445,200.36429872495444,2581.493624772313
16.90932788399914,12.848,2.185792349726776,218.57923497267757,2808.3060109289618
16.919404764999854,12.88,2.0036429872495445,218.57923497267757,2815.300546448087
16.929481888000737,12.848,2.185792349726776,200.36429872495444,2574.280510018215
16.93957193499955,12.876,2.185792349726776,200.36429872495444,2579.890710382513
16.949644816999353,12.844,2.185792349726776,200.36429872495444,2573.4790528233148
16.95971897600066,12.88,2.185792349726776,218.57923497267757,2815.300546448087
16.96979365399966,12.844,2.185792349726776,218.57923497267757,2807.4316939890705
16.979867258000013,12.884,2.0036429872495445,218.57923497267757,2816.174863387978
16.989939528999457,12.844,2.0036429872495445,200.36429872495444,2573.4790528233148
17.00001700299981,12.884,2.0036429872495445,218.57923497267757,2816.174863387978
17.010090642999785,12.852,2.185792349726776,200.36429872495444,2575.0819672131147
17.020163876999504,12.88,2.185792349726776,218.57923497267757,2815.300546448087
17.030236628999774,12.856,2.0036429872495445,200.36429872495444,2575.8834244080144
17.04031828799998,12.872,2.185792349726776,200.36429872495444,2579.0892531876134
17.050400910000462,12.856,2.185792349726776,200.36429872495444,2575.8834244080144
17.060481754999273,12.876,2.185792349726776,200.36429872495444,2579.890710382513
17.07056311800079,12.852,2.0036429872495445,200.36429872495444,2575.0819672131147
17.080643961999158,12.88,2.185792349726776,200.36429872495444,2580.6921675774133
17.09072619499966,12.848,2.185792349726776,218.57923497267757,2808.3060109289618
17.10080359499989,12.88,2.0036429872495445,200.36429872495444,2580.6921675774133
17.110883605999334,12.844,2.0036429872495445,218.57923497267757,2807.4316939890705
17.120964450999963,12.884,2.0036429872495445,218.57923497267757,2816.174863387978
17.131046795000657,12.848,2.185792349726776,218.57923497267757,2808.3060109289618
17.141142676000527,12.88,2.185792349726776,200.36429872495444,2580.6921675774133
17.15122181699917,12.848,2.185792349726776,218.57923497267757,2808.3060109289618
17.161298421000538,12.88,2.185792349726776,218.57923497267757,2815.300546448087
17.171376876000068,12.848,2.0036429872495445,218.57923497267757,2808.3060109289618
17.181454831999872,12.884,2.0036429872495445,200.36429872495444,2581.493624772313
17.19153415800065,12.844,2.185792349726776,200.36429872495444,2573.4790528233148
17.20161187300073,12.884,2.185792349726776,200.36429872495444,2581.493624772313
17.21168525400026,12.844,2.185792349726776,218.57923497267757,2807.4316939890705
17.22175833899928,12.884,2.185792349726776,218.57923497267757,2816.174863387978
17.23183107300065,12.852,2.0036429872495445,200.36429872495444,2575.0819672131147
17.241950990999612,12.876,2.185792349726776,218.57923497267757,2814.4262295081962
17.252031482999882,12.856,2.185792349726776,218.57923497267757,2810.054644808743
17.262115215999074,12.872,2.0036429872495445,218.57923497267757,2813.551912568306
17.272193078999408,12.856,2.0036429872495445,218.57923497267757,2810.054644808743
17.28226990499934,12.876,2.0036429872495445,218.57923497267757,2814.4262295081962
17.292346489999545,12.848,2.0036429872495445,218.57923497267757,2808.3060109289618
17.30242285299937,12.88,2.185792349726776,218.57923497267757,2815.300546448087
17.31250177199945,12.848,2.185792349726776,218.57923497267757,2808.3060109289618
17.32259257899932,12.884,2.185792349726776,218.57923497267757,2816.174863387978
17.332668720000584,12.848,2.185792349726776,218.57923497267757,2808.3060109289618
17.342746267999246,12.88,2.0036429872495445,218.57923497267757,2815.300546448087
17.352827242000785,12.844,2.185792349726776,218.57923497267757,2807.4316939890705
17.362907401000484,12.88,2.185792349726776,218.57923497267757,2815.300546448087
17.37298798700067,12.852,2.185792349726776,218.57923497267757,2809.180327868852
17.383076423000603,12.876,2.185792349726776,218.57923497267757,2814.4262295081962
17.39316436000081,12.856,2.0036429872495445,200.36429872495444,2575.8834244080144
17.403246464000404,12.876,2.0036429872495445,218.57923497267757,2814.4262295081962
17.41332912299913,12.856,2.185792349726776,200.36429872495444,2575.8834244080144
17.4234108189994,12.884,2.0036429872495445,200.36429872495444,2581.493624772313
17.43349240399948,12.844,2.185792349726776,218.57923497267757,2807.4316939890705
17.443586989000323,12.876,2.185792349726776,200.36429872495444,2579.890710382513
17.453665204000572,12.848,2.185792349726776,218.57923497267757,2808.3060109289618
17.463744049000525,12.872,2.0036429872495445,218.57923497267757,2813.551912568306
17.473820725999758,12.856,2.185792349726776,200.36429872495444,2575.8834244080144
17.483922515000813,12.876,2.185792349726776,218.57923497267757,2814.4262295081962
17.49399556299977,12.856,2.0036429872495445,218.57923497267757,2810.054644808743
17.504072592999364,12.876,2.185792349726776,200.36429872495444,2579.890710382513
17.514149418999295,12.852,2.185792349726776,218.57923497267757,2809.180327868852
17.524226207999163,12.88,2.185792349726776,200.36429872495444,2580.6921675774133
17.534302459000173,12.848,2.0036429872495445,218.57923497267757,2808.3060109289618
17.54442445099994,12.884,2.185792349726776,218.57923497267757,2816.174863387978
17.554505554999196,12.84,2.0036429872495445,200.36429872495444,2572.677595628415
17.564586696000333,12.88,2.185792349726776,218.57923497267757,2815.300546448087
17.574670039999546,12.848,2.185792349726776,200.36429872495444,2574.280510018215
17.584750792000705,12.88,2.0036429872495445,218.57923497267757,2815.300546448087
17.594828728999346,12.852,2.0036429872495445,200.36429872495444,2575.0819672131147
17.60491068400006,12.876,2.185792349726776,218.57923497267757,2814.4262295081962
17.614987417999146,12.856,2.185792349726776,200.36429872495444,2575.8834244080144
17.625068205999924,12.876,2.0036429872495445,218.57923497267757,2814.4262295081962
17.635150792000786,12.856,2.185792349726776,218.57923497267757,2810.054644808743
17.645241394999175,12.876,2.185792349726776,218.57923497267757,2814.4262295081962
17.65532299900042,12.848,2.0036429872495445,200.36429872495444,2574.280510018215
17.665399805999186,12.876,2.0036429872495445,218.57923497267757,2814.4262295081962
17.675478428000133,12.852,2.0036429872495445,218.57923497267757,2809.180327868852
17.68555405100051,12.876,2.185792349726776,218.57923497267757,2814.4262295081962
17.69563282099989,12.852,2.185792349726776,218.57923497267757,2809.180327868852
17.705709739999293,12.876,2.0036429872495445,200.36429872495444,2579.890710382513
17.715787621000345,12.856,2.0036429872495445,200.36429872495444,2575.8834244080144
17.72586459500053,12.872,2.185792349726776,200.36429872495444,2579.0892531876134
17.735948068999278,12.856,2.185792349726776,200.36429872495444,2575.8834244080144
17.746035338999718,12.876,2.185792349726776,218.57923497267757,2814.4262295081962
17.756116758000644,12.852,2.185792349726776,200.36429872495444,2575.0819672131147
17.76619782399939,12.88,2.185792349726776,218.57923497267757,2815.300546448087
17.776276001999577,12.844,2.185792349726776,200.36429872495444,2573.4790528233148
17.786352884000735,12.88,2.185792349726776,200.36429872495444,2580.6921675774133
17.796433986999546,12.848,2.0036429872495445,218.57923497267757,2808.3060109289618
17.80651531299918,12.88,2.0036429872495445,200.36429872495444,2580.6921675774133
17.816591860999324,12.856,2.0036429872495445,200.36429872495444,2575.8834244080144
17.82667157600008,12.876,2.0036429872495445,200.36429872495444,2579.890710382513
17.83675210599904,12.856,2.0036429872495445,218.57923497267757,2810.054644808743
17.846836209000685,12.868,2.185792349726776,200.36429872495444,2578.2877959927137
17.856917609000448,12.86,2.185792349726776,218.57923497267757,2810.9289617486334
17.867000304999237,12.872,2.185792349726776,200.36429872495444,2579.0892531876134
17.87708118699993,12.848,2.0036429872495445,218.57923497267757,2808.3060109289618
17.887163346000307,12.876,2.0036429872495445,200.36429872495444,2579.890710382513
17.89724402399952,12.848,2.185792349726776,218.57923497267757,2808.3060109289618
17.90732136800034,12.88,2.185792349726776,200.36429872495444,2580.6921675774133
17.91740232399934,12.852,2.185792349726776,218.57923497267757,2809.180327868852
17.927480334999927,12.88,2.185792349726776,218.57923497267757,2815.300546448087
17.93755847600005,12.856,2.185792349726776,218.57923497267757,2810.054644808743
17.94763559800049,12.872,2.0036429872495445,200.36429872495444,2579.0892531876134
17.9577087760008,12.852,2.185792349726776,218.57923497267757,2809.180327868852
17.967787305000456,12.876,2.0036429872495445,218.57923497267757,2814.4262295081962
17.977863983000134,12.844,2.185792349726776,218.57923497267757,2807.4316939890705
17.9879409389996,12.88,2.185792349726776,200.36429872495444,2580.6921675774133
17.998017523999806,12.848,2.185792349726776,218.57923497267757,2808.3060109289618
18.00809101699997,12.88,2.185792349726776,218.57923497267757,2815.300546448087
18.018165675999626,12.852,2.0036429872495445,200.36429872495444,2575.0819672131147
18.02823866899962,12.876,2.185792349726776,200.36429872495444,2579.890710382513
18.0383127719997,12.856,2.0036429872495445,218.57923497267757,2810.054644808743
18.048397542999737,12.876,2.185792349726776,218.57923497267757,2814.4262295081962
18.058478627999648,12.856,2.185792349726776,218.57923497267757,2810.054644808743
18.068559064999135,12.868,2.185792349726776,218.57923497267757,2812.677595628415
18.078642464999575,12.86,2.0036429872495445,218.57923497267757,2810.9289617486334
18.08872321600029,12.876,2.185792349726776,200.36429872495444,2579.890710382513
18.098806060999777,12.852,2.0036429872495445,218.57923497267757,2809.180327868852
18.108886515999984,12.876,2.185792349726776,218.57923497267757,2814.4262295081962
18.118969508999726,12.848,2.185792349726776,200.36429872495444,2574.280510018215
18.129050686000483,12.876,2.0036429872495445,218.57923497267757,2814.4262295081962
18.13913110499925,12.852,2.185792349726776,218.57923497267757,2809.180327868852
18.149221542000305,12.876,2.0036429872495445,218.57923497267757,2814.4262295081962
18.159301904999666,12.852,2.0036429872495445,218.57923497267757,2809.180327868852
18.169378249000147,12.872,2.185792349726776,200.36429872495444,2579.0892531876134
18.179456981999465,12.856,2.185792349726776,200.36429872495444,2575.8834244080144
18.189533475000644,12.88,2.185792349726776,200.36429872495444,2580.6921675774133
18.199610968000343,12.848,2.0036429872495445,200.36429872495444,2574.280510018215
18.209684163999555,12.88,2.185792349726776,218.57923497267757,2815.300546448087
18.219760563999444,12.848,2.185792349726776,200.36429872495444,2574.280510018215
18.229833093999332,12.88,2.185792349726776,218.57923497267757,2815.300546448087
18.23993373399935,12.856,2.0036429872495445,218.57923497267757,2810.054644808743
18.250055021999287,12.876,2.0036429872495445,218.57923497267757,2814.4262295081962
18.260138718000235,12.86,2.0036429872495445,218.57923497267757,2810.9289617486334
18.270216822000293,12.868,2.185792349726776,218.57923497267757,2812.677595628415
18.280293926000013,12.856,2.0036429872495445,218.57923497267757,2810.054644808743
18.29037095499916,12.872,2.185792349726776,200.36429872495444,2579.0892531876134
18.30044865200034,12.852,2.185792349726776,200.36429872495444,2575.0819672131147
18.31052568099949,12.876,2.0036429872495445,200.36429872495444,2579.890710382513
18.320602117999442,12.852,2.185792349726776,218.57923497267757,2809.180327868852
18.330678852000347,12.876,2.0036429872495445,218.57923497267757,2814.4262295081962
18.340755343999263,12.852,2.0036429872495445,218.57923497267757,2809.180327868852
18.350832484999046,12.876,2.0036429872495445,200.36429872495444,2579.890710382513
18.360913181000797,12.848,2.0036429872495445,218.57923497267757,2808.3060109289618
18.370995748000496,12.876,2.0036429872495445,218.57923497267757,2814.4262295081962
18.381085425000492,12.852,2.185792349726776,200.36429872495444,2575.0819672131147
18.391173306999917,12.872,2.185792349726776,200.36429872495444,2579.0892531876134
18.401255909999236,12.86,2.0036429872495445,218.57923497267757,2810.9289617486334
18.411337662000733,12.876,2.0036429872495445,200.36429872495444,2579.890710382513
18.421415394999713,12.86,2.185792349726776,218.57923497267757,2810.9289617486334
18.43149633199937,12.876,2.185792349726776,200.36429872495444,2579.890710382513
18.441577473000507,12.848,2.0036429872495445,200.36429872495444,2574.280510018215
18.451655077000396,12.876,2.0036429872495445,200.36429872495444,2579.890710382513
18.46173206899948,12.852,2.185792349726776,218.57923497267757,2809.180327868852
18.471810413999265,12.872,2.185792349726776,218.57923497267757,2813.551912568306
18.481886813999154,12.86,2.185792349726776,200.36429872495444,2576.684881602914
18.491963750999275,12.868,2.185792349726776,200.36429872495444,2578.2877959927137
18.50204072499946,12.86,2.185792349726776,218.57923497267757,2810.9289617486334
18.512117255000703,12.872,2.185792349726776,200.36429872495444,2579.0892531876134
18.522194265999133,12.852,2.0036429872495445,200.36429872495444,2575.0819672131147
18.532273054999678,12.876,2.0036429872495445,200.36429872495444,2579.890710382513
18.542350084000645,12.852,2.185792349726776,200.36429872495444,2575.0819672131147
18.552436187999774,12.876,2.185792349726776,218.57923497267757,2814.4262295081962
18.562517272999685,12.848,2.0036429872495445,218.57923497267757,2808.3060109289618
18.572597764999955,12.876,2.185792349726776,200.36429872495444,2579.890710382513
18.582674090999717,12.848,2.185792349726776,218.57923497267757,2808.3060109289618
18.592754899000283,12.876,2.0036429872495445,200.36429872495444,2579.890710382513
18.602837910000744,12.856,2.0036429872495445,200.36429872495444,2575.8834244080144
18.612918884000464,12.872,2.0036429872495445,200.36429872495444,2579.0892531876134
18.62300000600044,12.86,2.185792349726776,200.36429872495444,2576.684881602914
18.633076795000306,12.872,2.0036429872495445,218.57923497267757,2813.551912568306
18.643159269000535,12.86,2.0036429872495445,218.57923497267757,2810.9289617486334
18.653250243000002,12.872,2.0036429872495445,218.57923497267757,2813.551912568306
18.66333151300023,12.852,2.185792349726776,200.36429872495444,2575.0819672131147
18.673409413000627,12.868,2.185792349726776,200.36429872495444,2578.2877959927137
18.683487831000093,12.856,2.185792349726776,218.57923497267757,2810.054644808743
18.693564230999982,12.868,2.185792349726776,218.57923497267757,2812.677595628415
18.703641797999808,12.86,2.0036429872495445,218.57923497267757,2810.9289617486334
18.71371821699904,12.868,2.185792349726776,218.57923497267757,2812.677595628415
18.72379585700037,12.86,2.185792349726776,200.36429872495444,2576.684881602914
18.733871812999496,12.872,2.185792349726776,200.36429872495444,2579.0892531876134
18.74394824999945,12.856,2.185792349726776,200.36429872495444,2575.8834244080144
18.75403318700046,12.876,2.185792349726776,200.36429872495444,2579.890710382513
18.764114604999122,12.856,2.185792349726776,218.57923497267757,2810.054644808743
18.774192172000767,12.876,2.185792349726776,200.36429872495444,2579.890710382513
18.784269256999323,12.844,2.185792349726776,200.36429872495444,2573.4790528233148
18.79435050900065,12.876,2.185792349726776,218.57923497267757,2814.4262295081962
18.80443055700016,12.852,2.185792349726776,200.36429872495444,2575.0819672131147
18.814510456999415,12.872,2.0036429872495445,218.57923497267757,2813.551912568306
18.824590857000658,12.86,2.0036429872495445,200.36429872495444,2576.684881602914
18.83467325700076,12.872,2.0036429872495445,200.36429872495444,2579.0892531876134
18.844753674999083,12.86,2.185792349726776,200.36429872495444,2576.684881602914
18.854848000999482,12.868,2.185792349726776,200.36429872495444,2578.2877959927137
18.86492621599973,12.852,2.0036429872495445,218.57923497267757,2809.180327868852
18.875004838000677,12.872,2.185792349726776,200.36429872495444,2579.0892531876134
18.88508107099915,12.852,2.0036429872495445,218.57923497267757,2809.180327868852
18.895158581999567,12.868,2.185792349726776,200.36429872495444,2578.2877959927137
18.905234759999075,12.856,2.0036429872495445,200.36429872495444,2575.8834244080144
18.915311901000678,12.872,2.0036429872495445,218.57923497267757,2813.551912568306
18.925387690000207,12.86,2.185792349726776,218.57923497267757,2810.9289617486334
18.935462756999186,12.868,2.0036429872495445,218.57923497267757,2812.677595628415
18.945536175000598,12.864,2.0036429872495445,200.36429872495444,2577.486338797814
18.955668908000007,12.868,2.0036429872495445,218.57923497267757,2812.677595628415
18.965749289000087,12.86,2.185792349726776,218.57923497267757,2810.9289617486334
18.975826374000462,12.868,2.0036429872495445,218.57923497267757,2812.677595628415
18.985902848000478,12.856,2.0036429872495445,218.57923497267757,2810.054644808743
18.995983007000177,12.876,2.0036429872495445,200.36429872495444,2579.890710382513
19.006060055999114,12.848,2.185792349726776,200.36429872495444,2574.280510018215
19.016137511000125,12.876,2.0036429872495445,218.57923497267757,2814.4262295081962
19.0262143559994,12.852,2.185792349726776,200.36429872495444,2575.0819672131147
19.036291033000452,12.868,2.185792349726776,200.36429872495444,2578.2877959927137
19.04637158100013,12.856,2.185792349726776,218.57923497267757,2810.054644808743
19.056460926,12.868,2.185792349726776,218.57923497267757,2812.677595628415
19.066537029000756,12.86,2.185792349726776,218.57923497267757,2810.9289617486334
19.076612910999756,12.868,2.0036429872495445,200.36429872495444,2578.2877959927137
19.08669029200064,12.856,2.0036429872495445,218.57923497267757,2810.054644808743
19.09676589599985,12.868,2.185792349726776,200.36429872495444,2578.2877959927137
19.10684324000067,12.852,2.0036429872495445,200.36429872495444,2575.0819672131147
19.11691891800001,12.868,2.0036429872495445,218.57923497267757,2812.677595628415
19.12699629999952,12.856,2.0036429872495445,218.57923497267757,2810.054644808743
19.137072329000148,12.872,2.185792349726776,218.57923497267757,2813.551912568306
19.14714965500025,12.86,2.185792349726776,200.36429872495444,2576.684881602914
19.15723740700014,12.868,2.185792349726776,200.36429872495444,2578.2877959927137
19.167319140000473,12.864,2.185792349726776,218.57923497267757,2811.803278688524
19.177430428000662,12.868,2.0036429872495445,218.57923497267757,2812.677595628415
19.187506624999514,12.86,2.185792349726776,218.57923497267757,2810.9289617486334
19.197587598999235,12.868,2.185792349726776,200.36429872495444,2578.2877959927137
19.207664757999737,12.864,2.185792349726776,200.36429872495444,2577.486338797814
19.217741176000345,12.872,2.0036429872495445,218.57923497267757,2813.551912568306
19.227819261999684,12.852,2.0036429872495445,200.36429872495444,2575.0819672131147
19.237896087999616,12.876,2.185792349726776,200.36429872495444,2579.890710382513
19.247982135999337,12.852,2.185792349726776,218.57923497267757,2809.180327868852
19.258065017000263,12.872,2.185792349726776,200.36429872495444,2579.0892531876134
19.268143786999644,12.864,2.185792349726776,218.57923497267757,2811.803278688524
19.27822805699907,12.868,2.0036429872495445,218.57923497267757,2812.677595628415
19.288306217000354,12.864,2.0036429872495445,218.57923497267757,2811.803278688524
19.29838208000001,12.864,2.0036429872495445,218.57923497267757,2811.803278688524
19.308464461000767,12.86,2.185792349726776,218.57923497267757,2810.9289617486334
19.318538434999937,12.868,2.185792349726776,200.36429872495444,2578.2877959927137
19.32863564999934,12.856,2.185792349726776,200.36429872495444,2575.8834244080144
19.338715235000564,12.868,2.0036429872495445,200.36429872495444,2578.2877959927137
19.348792172000685,12.856,2.0036429872495445,218.57923497267757,2810.054644808743
19.35886955299975,12.872,2.0036429872495445,218.57923497267757,2813.551912568306
19.36894675000076,12.864,2.185792349726776,218.57923497267757,2811.803278688524
19.37902387199938,12.868,2.0036429872495445,218.57923497267757,2812.677595628415
19.389100864000284,12.86,2.185792349726776,218.57923497267757,2810.9289617486334
19.399179079000533,12.864,2.185792349726776,218.57923497267757,2811.803278688524
19.409254738000527,12.864,2.185792349726776,218.57923497267757,2811.803278688524
19.41933149000033,12.868,2.185792349726776,218.57923497267757,2812.677595628415
19.429408408999734,12.856,2.185792349726776,218.57923497267757,2810.054644808743
19.439487124000152,12.872,2.185792349726776,200.36429872495444,2579.0892531876134
19.449559041999237,12.856,2.0036429872495445,200.36429872495444,2575.8834244080144
19.459648201000164,12.872,2.185792349726776,218.57923497267757,2813.551912568306
19.469729582999207,12.856,2.185792349726776,218.57923497267757,2810.054644808743
19.47981122300007,12.868,2.185792349726776,218.57923497267757,2812.677595628415
19.48989280800015,12.86,2.185792349726776,218.57923497267757,2810.9289617486334
19.49997354200059,12.86,2.0036429872495445,200.36429872495444,2576.684881602914
19.510050570999738,12.868,2.185792349726776,200.36429872495444,2578.2877959927137
19.520132229999945,12.864,2.0036429872495445,200.36429872495444,2577.486338797814
19.530213518999517,12.868,2.185792349726776,200.36429872495444,2578.2877959927137
19.540291141000125,12.864,2.185792349726776,218.57923497267757,2811.803278688524
19.55037172700031,12.856,2.185792349726776,200.36429872495444,2575.8834244080144
19.560462793000625,12.868,2.185792349726776,200.36429872495444,2578.2877959927137
19.570540692999202,12.86,2.0036429872495445,200.36429872495444,2576.684881602914
19.580616740999176,12.868,2.0036429872495445,218.57923497267757,2812.677595628415
19.59069532600006,12.86,2.185792349726776,218.57923497267757,2810.9289617486334
19.600772077999864,12.868,2.185792349726776,218.57923497267757,2812.677595628415
19.610849126000176,12.864,2.185792349726776,200.36429872495444,2577.486338797814
19.620925229999557,12.864,2.185792349726776,218.57923497267757,2811.803278688524
19.631000740999298,12.864,2.0036429872495445,200.36429872495444,2577.486338797814
19.641075882000223,12.872,2.0036429872495445,218.57923497267757,2813.551912568306
19.65115357799914,12.856,2.0036429872495445,218.57923497267757,2810.054644808743
19.661238978000256,12.872,2.0036429872495445,218.57923497267757,2813.551912568306
19.671322082000188,12.856,2.185792349726776,218.57923497267757,2810.054644808743
19.68140327800029,12.868,2.0036429872495445,218.57923497267757,2812.677595628415
19.69148475200018,12.856,2.185792349726776,200.36429872495444,2575.8834244080144
19.701565911000216,12.864,2.185792349726776,200.36429872495444,2577.486338797814
19.71164694000072,12.864,2.0036429872495445,218.57923497267757,2811.803278688524
19.721727821999593,12.86,2.185792349726776,218.57923497267757,2810.9289617486334
19.73180946299908,12.868,2.0036429872495445,218.57923497267757,2812.677595628415
19.741890213999795,12.86,2.0036429872495445,200.36429872495444,2576.684881602914
19.75196485500055,12.868,2.185792349726776,218.57923497267757,2812.677595628415
19.762056606999977,12.864,2.185792349726776,200.36429872495444,2577.486338797814
19.772139303000586,12.868,2.185792349726776,218.57923497267757,2812.677595628415
19.7822171659991,12.872,2.185792349726776,200.36429872495444,2579.0892531876134
19.79229875099918,12.884,2.0036429872495445,200.36429872495444,2581.493624772313
19.80238646500038,12.892,2.0036429872495445,200.36429872495444,2583.0965391621125
19.812464013999488,12.872,2.0036429872495445,200.36429872495444,2579.0892531876134
19.822545357999843,12.884,2.0036429872495445,200.36429872495444,2581.493624772313
19.83262618399931,12.876,2.0036429872495445,200.36429872495444,2579.890710382513
19.842708565000066,12.88,2.0036429872495445,200.36429872495444,2580.6921675774133
19.85279231700042,12.88,2.0036429872495445,200.36429872495444,2580.6921675774133
19.862940253000488,12.884,2.0036429872495445,200.36429872495444,2581.493624772313
19.87301754100008,12.872,2.0036429872495445,200.36429872495444,2579.0892531876134
19.88309321899942,12.888,2.0036429872495445,200.36429872495444,2582.295081967213
19.893170101000578,12.868,2.0036429872495445,200.36429872495444,2578.2877959927137
19.903247833999558,12.884,2.0036429872495445,200.36429872495444,2581.493624772313
19.91332221599987,12.84,2.185792349726776,218.57923497267757,2806.55737704918
19.92339915299999,12.86,2.0036429872495445,218.57923497267757,2810.9289617486334
19.933474478999415,12.856,2.185792349726776,200.36429872495444,2575.8834244080144
19.943547860000763,12.872,2.0036429872495445,218.57923497267757,2813.551912568306
19.9536237049997,12.86,2.185792349726776,200.36429872495444,2576.684881602914
19.96370815999944,12.868,2.185792349726776,218.57923497267757,2812.677595628415
19.973788355999204,12.864,2.0036429872495445,200.36429872495444,2577.486338797814
19.983869534000405,12.868,2.185792349726776,218.57923497267757,2812.677595628415
19.993950730000506,12.856,2.185792349726776,218.57923497267757,2810.054644808743
20.004031796999698,12.876,2.185792349726776,218.57923497267757,2814.4262295081962
20.014111455999227,12.844,2.185792349726776,200.36429872495444,2573.4790528233148
20.02419126300083,12.876,2.0036429872495445,218.57923497267757,2814.4262295081962
20.03427221899983,12.852,2.185792349726776,218.57923497267757,2809.180327868852
20.044352803999573,12.876,2.185792349726776,218.57923497267757,2814.4262295081962
20.05443175899927,12.856,2.0036429872495445,200.36429872495444,2575.8834244080144
20.064521973999945,12.872,2.0036429872495445,200.36429872495444,2579.0892531876134
20.074605002999306,12.86,2.185792349726776,200.36429872495444,2576.684881602914
20.08468632900076,12.868,2.185792349726776,218.57923497267757,2812.677595628415
20.09477063600025,12.86,2.185792349726776,218.57923497267757,2810.9289617486334
20.10485148099906,12.868,2.0036429872495445,200.36429872495444,2578.2877959927137
20.11493228799918,12.864,2.185792349726776,200.36429872495444,2577.486338797814
20.12501233600051,12.872,2.185792349726776,218.57923497267757,2813.551912568306
20.135092550999616,12.852,2.185792349726776,200.36429872495444,2575.0819672131147
20.14517285799957,12.872,2.185792349726776,218.57923497267757,2813.551912568306
20.155254942999818,12.856,2.0036429872495445,218.57923497267757,2810.054644808743
20.16535112100064,12.872,2.185792349726776,200.36429872495444,2579.0892531876134
20.17542846499964,12.864,2.0036429872495445,200.36429872495444,2577.486338797814
20.18550464299915,12.868,2.185792349726776,200.36429872495444,2578.2877959927137
20.195580117000645,12.86,2.185792349726776,218.57923497267757,2810.9289617486334
20.205656406000344,12.872,2.185792349726776,218.57923497267757,2813.551912568306
20.215731713000423,12.848,2.185792349726776,218.57923497267757,2808.3060109289618
20.225807427999825,12.876,2.185792349726776,218.57923497267757,2814.4262295081962
20.23588334700071,12.848,2.185792349726776,200.36429872495444,2574.280510018215
20.245971098000155,12.872,2.0036429872495445,218.57923497267757,2813.551912568306
20.25604899800055,12.856,2.185792349726776,200.36429872495444,2575.8834244080144
20.266200562999074,12.872,2.0036429872495445,218.57923497267757,2813.551912568306
20.27628159300002,12.856,2.185792349726776,200.36429872495444,2575.8834244080144
20.28636165900025,12.872,2.0036429872495445,218.57923497267757,2813.551912568306
20.296441558999504,12.864,2.185792349726776,200.36429872495444,2577.486338797814
20.306532440999945,12.864,2.185792349726776,218.57923497267757,2811.803278688524
20.316611821999686,12.864,2.185792349726776,200.36429872495444,2577.486338797814
20.326695444000507,12.864,2.185792349726776,200.36429872495444,2577.486338797814
20.33677686199917,12.864,2.185792349726776,200.36429872495444,2577.486338797814
20.346859724999376,12.868,2.185792349726776,218.57923497267757,2812.677595628415
20.356940903000577,12.856,2.0036429872495445,200.36429872495444,2575.8834244080144
20.367091412999798,12.872,2.185792349726776,200.36429872495444,2579.0892531876134
20.377168775999962,12.856,2.0036429872495445,200.36429872495444,2575.8834244080144
20.387244342000486,12.872,2.185792349726776,200.36429872495444,2579.0892531876134
20.39732137200008,12.86,2.185792349726776,218.57923497267757,2810.9289617486334
20.407399476000137,12.868,2.0036429872495445,200.36429872495444,2578.2877959927137
20.41747615299937,12.86,2.0036429872495445,218.57923497267757,2810.9289617486334
20.427553941999577,12.868,2.185792349726776,200.36429872495444,2578.2877959927137
20.437630508999064,12.864,2.185792349726776,218.57923497267757,2811.803278688524
20.44770818699908,12.872,2.0036429872495445,200.36429872495444,2579.0892531876134
20.457784475000153,12.856,2.0036429872495445,200.36429872495444,2575.8834244080144
20.467871430999367,12.872,2.0036429872495445,200.36429872495444,2579.0892531876134
20.477953534000335,12.856,2.0036429872495445,200.36429872495444,2575.8834244080144
20.48803523099923,12.872,2.0036429872495445,200.36429872495444,2579.0892531876134
20.498116741999183,12.856,2.0036429872495445,218.57923497267757,2810.054644808743
20.50819817900083,12.864,2.185792349726776,218.57923497267757,2811.803278688524
20.518279133999386,12.864,2.185792349726776,200.36429872495444,2577.486338797814
20.528359923000608,12.86,2.185792349726776,218.57923497267757,2810.9289617486334
20.538440749000074,12.868,2.185792349726776,200.36429872495444,2578.2877959927137
20.548520185999223,12.864,2.0036429872495445,200.36429872495444,2577.486338797814
20.558603030000086,12.868,2.0036429872495445,218.57923497267757,2812.677595628415
20.568694522000442,12.864,2.185792349726776,218.57923497267757,2811.803278688524
20.578771459000563,12.86,2.185792349726776,218.57923497267757,2810.9289617486334
20.588847136999902,12.872,2.0036429872495445,218.57923497267757,2813.551912568306
20.598924666999665,12.86,2.185792349726776,218.57923497267757,2810.9289617486334
20.609001177999744,12.868,2.0036429872495445,218.57923497267757,2812.677595628415
20.619079115000204,12.856,2.185792349726776,218.57923497267757,2810.054644808743
20.62915277399952,12.868,2.0036429872495445,218.57923497267757,2812.677595628415
20.63923182200051,12.864,2.185792349726776,218.57923497267757,2811.803278688524
20.649308240999744,12.864,2.185792349726776,200.36429872495444,2577.486338797814
20.65938584399919,12.864,2.185792349726776,218.57923497267757,2811.803278688524
20.669504984000014,12.868,2.0036429872495445,218.57923497267757,2812.677595628415
20.67958873600037,12.868,2.0036429872495445,218.57923497267757,2812.677595628415
20.689670599000237,12.868,2.185792349726776,200.36429872495444,2578.2877959927137
20.69975188799981,12.86,2.185792349726776,200.36429872495444,2576.684881602914
20.709833158000038,12.864,2.185792349726776,218.57923497267757,2811.803278688524
20.719914594999864,12.86,2.0036429872495445,218.57923497267757,2810.9289617486334
20.72999625400007,12.864,2.185792349726776,218.57923497267757,2811.803278688524
20.740077283000574,12.864,2.0036429872495445,218.57923497267757,2811.803278688524
20.750158405999173,12.864,2.0036429872495445,200.36429872495444,2577.486338797814
20.76023856500069,12.868,2.185792349726776,200.36429872495444,2578.2877959927137
20.77032937200056,12.864,2.185792349726776,218.57923497267757,2811.803278688524
20.780409716000577,12.868,2.185792349726776,200.36429872495444,2578.2877959927137
20.790489375000107,12.864,2.0036429872495445,218.57923497267757,2811.803278688524
20.800571108999065,12.868,2.0036429872495445,218.57923497267757,2812.677595628415
20.810653693999484,12.868,2.185792349726776,200.36429872495444,2578.2877959927137
20.820735056999183,12.852,2.185792349726776,218.57923497267757,2809.180327868852
20.83081782699992,12.872,2.185792349726776,218.57923497267757,2813.551912568306
20.840899078999428,12.86,2.0036429872495445,200.36429872495444,2576.684881602914
20.850980033999804,12.868,2.0036429872495445,200.36429872495444,2578.2877959927137
20.86106108199965,12.864,2.185792349726776,218.57923497267757,2811.803278688524
20.871168203999332,12.868,2.185792349726776,218.57923497267757,2812.677595628415
20.881248343999687,12.868,2.0036429872495445,218.57923497267757,2812.677595628415
20.891329041000063,12.86,2.0036429872495445,218.57923497267757,2810.9289617486334
20.90141032899919,12.868,2.185792349726776,200.36429872495444,2578.2877959927137
20.911491544000455,12.86,2.0036429872495445,218.57923497267757,2810.9289617486334
20.921571314000175,12.868,2.0036429872495445,218.57923497267757,2812.677595628415
20.93165282500013,12.864,2.0036429872495445,218.57923497267757,2811.803278688524
20.941734299000018,12.86,2.185792349726776,218.57923497267757,2810.9289617486334
20.951815235999675,12.868,2.185792349726776,200.36429872495444,2578.2877959927137
20.961896024999078,12.864,2.0036429872495445,200.36429872495444,2577.486338797814
20.972000294999816,12.864,2.185792349726776,200.36429872495444,2577.486338797814
20.982077620999917,12.868,2.185792349726776,218.57923497267757,2812.677595628415
20.992158483999447,12.864,2.0036429872495445,218.57923497267757,2811.803278688524
21.00223912399997,12.872,2.185792349726776,218.57923497267757,2813.551912568306
21.012320023999564,12.86,2.0036429872495445,218.57923497267757,2810.9289617486334
21.02240025699939,12.864,2.185792349726776,218.57923497267757,2811.803278688524
21.032480898000358,12.864,2.185792349726776,200.36429872495444,2577.486338797814
21.042561131000184,12.856,2.185792349726776,218.57923497267757,2810.054644808743
21.0526416419998,12.868,2.0036429872495445,200.36429872495444,2578.2877959927137
21.062724467999942,12.86,2.0036429872495445,218.57923497267757,2810.9289617486334
21.072828496999136,12.868,2.185792349726776,218.57923497267757,2812.677595628415
21.082911007999428,12.864,2.0036429872495445,200.36429872495444,2577.486338797814
21.092991427000015,12.864,2.185792349726776,200.36429872495444,2577.486338797814
21.103074140999524,12.868,2.0036429872495445,218.57923497267757,2812.677595628415
21.113150134000534,12.86,2.185792349726776,218.57923497267757,2810.9289617486334
21.12323246000051,12.868,2.185792349726776,200.36429872495444,2578.2877959927137
21.13331265600027,12.856,2.185792349726776,218.57923497267757,2810.054644808743
21.1433923149998,12.872,2.185792349726776,218.57923497267757,2813.551912568306
21.153473103999204,12.864,2.185792349726776,218.57923497267757,2811.803278688524
21.163553484999284,12.86,2.185792349726776,200.36429872495444,2576.684881602914
21.17364651400021,12.868,2.0036429872495445,218.57923497267757,2812.677595628415
21.183723654999994,12.864,2.185792349726776,218.57923497267757,2811.803278688524
21.193800166000074,12.864,2.185792349726776,200.36429872495444,2577.486338797814
21.203875769999286,12.868,2.0036429872495445,200.36429872495444,2578.2877959927137
21.213951337000253,12.86,2.185792349726776,200.36429872495444,2576.684881602914
21.224027681000734,12.864,2.0036429872495445,218.57923497267757,2811.803278688524
21.23410334000073,12.864,2.0036429872495445,218.57923497267757,2811.803278688524
21.244189944000027,12.868,2.185792349726776,200.36429872495444,2578.2877959927137
21.254268381000657,12.864,2.185792349726776,218.57923497267757,2811.803278688524
21.264345391999086,12.856,2.185792349726776,218.57923497267757,2810.054644808743
21.274495993999153,12.864,2.185792349726776,218.57923497267757,2811.803278688524
21.28457726399938,12.86,2.0036429872495445,200.36429872495444,2576.684881602914
21.294657848999123,12.9,2.0036429872495445,200.36429872495444,2584.6994535519125
21.304738471000746,12.884,2.0036429872495445,200.36429872495444,2581.493624772313
21.3148223900007,12.88,2.0036429872495445,200.36429872495444,2580.6921675774133
21.324903401000483,12.88,2.0036429872495445,200.36429872495444,2580.6921675774133
21.334985392999442,12.876,2.0036429872495445,200.36429872495444,2579.890710382513
21.345065404000707,12.88,2.0036429872495445,200.36429872495444,2580.6921675774133
21.355157193000196,12.876,2.0036429872495445,200.36429872495444,2579.890710382513
21.365237129999514,12.884,2.185792349726776,200.36429872495444,2581.493624772313
21.375313029999234,12.88,2.0036429872495445,200.36429872495444,2580.6921675774133
21.38539326299906,12.88,2.0036429872495445,200.36429872495444,2580.6921675774133
21.395483107000473,12.888,2.0036429872495445,200.36429872495444,2582.295081967213
21.405565488999855,12.868,2.0036429872495445,200.36429872495444,2578.2877959927137
21.415647424999406,12.88,2.0036429872495445,218.57923497267757,2815.300546448087
21.425729047999994,12.84,2.185792349726776,218.57923497267757,2806.55737704918
21.43581040999925,12.864,2.0036429872495445,218.57923497267757,2811.803278688524
21.44589108800028,12.856,2.185792349726776,200.36429872495444,2575.8834244080144
21.455972302999726,12.868,2.185792349726776,200.36429872495444,2578.2877959927137
21.466053258000102,12.864,2.185792349726776,200.36429872495444,2577.486338797814
21.476143805999527,12.868,2.185792349726776,200.36429872495444,2578.2877959927137
21.486220983999374,12.856,2.0036429872495445,218.57923497267757,2810.054644808743
21.49629332800032,12.872,2.0036429872495445,218.57923497267757,2813.551912568306
21.506370172999596,12.852,2.185792349726776,200.36429872495444,2575.0819672131147
21.516447220999908,12.872,2.185792349726776,218.57923497267757,2813.551912568306
21.526520436000283,12.86,2.0036429872495445,200.36429872495444,2576.684881602914
21.53659713200068,12.868,2.185792349726776,218.57923497267757,2812.677595628415
21.546675364999828,12.864,2.185792349726776,218.57923497267757,2811.803278688524
21.556751820999125,12.864,2.185792349726776,218.57923497267757,2811.803278688524
21.566829887000495,12.864,2.185792349726776,218.57923497267757,2811.803278688524
21.576914564999242,12.868,2.0036429872495445,200.36429872495444,2578.2877959927137
21.586994854000295,12.864,2.185792349726776,200.36429872495444,2577.486338797814
21.59707375399921,12.868,2.0036429872495445,200.36429872495444,2578.2877959927137
21.607155301999228,12.864,2.185792349726776,218.57923497267757,2811.803278688524
21.61723510900083,12.872,2.185792349726776,200.36429872495444,2579.0892531876134
21.62731547200019,12.852,2.185792349726776,200.36429872495444,2575.0819672131147
21.63739613100006,12.872,2.185792349726776,218.57923497267757,2813.551912568306
21.64747738299957,12.848,2.185792349726776,200.36429872495444,2574.280510018215
21.65755857899967,12.872,2.185792349726776,218.57923497267757,2813.551912568306
21.66764005299956,12.86,2.185792349726776,200.36429872495444,2576.684881602914
21.67773034200036,12.868,2.0036429872495445,200.36429872495444,2578.2877959927137
21.687811723000777,12.864,2.0036429872495445,200.36429872495444,2577.486338797814
21.69789252999908,12.868,2.0036429872495445,218.57923497267757,2812.677595628415
21.707974337999985,12.868,2.0036429872495445,218.57923497267757,2812.677595628415
21.718055552000806,12.868,2.0036429872495445,218.57923497267757,2812.677595628415
21.72813706300076,12.856,2.185792349726776,218.57923497267757,2810.054644808743
21.738218092999887,12.864,2.185792349726776,218.57923497267757,2811.803278688524
21.748299455999586,12.856,2.185792349726776,218.57923497267757,2810.054644808743
21.758380948000195,12.868,2.185792349726776,200.36429872495444,2578.2877959927137
21.76846218100036,12.86,2.185792349726776,218.57923497267757,2810.9289617486334
21.778567246999955,12.868,2.185792349726776,200.36429872495444,2578.2877959927137
21.788648998999633,12.864,2.185792349726776,200.36429872495444,2577.486338797814
21.79873186199984,12.896,2.0036429872495445,200.36429872495444,2583.8979963570127
21.80881294699975,12.888,2.0036429872495445,200.36429872495444,2582.295081967213
21.818895958000212,12.884,2.0036429872495445,200.36429872495444,2581.493624772313
21.828975968999657,12.876,2.0036429872495445,200.36429872495444,2579.890710382513
21.83905577599944,12.888,2.0036429872495445,200.36429872495444,2582.295081967213
21.849136897999415,12.864,2.0036429872495445,200.36429872495444,2577.486338797814
21.859219408999707,12.892,2.0036429872495445,200.36429872495444,2583.0965391621125
21.8693001240008,12.864,2.0036429872495445,200.36429872495444,2577.486338797814
21.87941361599951,12.888,2.0036429872495445,182.1493624772313,2347.540983606557
21.889511015999233,12.872,2.0036429872495445,200.36429872495444,2579.0892531876134
21.899590803999672,12.888,2.0036429872495445,200.36429872495444,2582.295081967213
21.90966901899992,12.872,2.0036429872495445,200.36429872495444,2579.0892531876134
21.91974575200038,12.888,2.0036429872495445,200.36429872495444,2582.295081967213
21.929822281999805,12.844,2.0036429872495445,200.36429872495444,2573.4790528233148
21.939900662999207,12.864,2.0036429872495445,218.57923497267757,2811.803278688524
21.949978599999667,12.852,2.185792349726776,200.36429872495444,2575.0819672131147
21.960055499999726,12.876,2.0036429872495445,200.36429872495444,2579.890710382513
21.970131919000778,12.852,2.0036429872495445,218.57923497267757,2809.180327868852
21.98020874500071,12.876,2.0036429872495445,218.57923497267757,2814.4262295081962
21.990285959000175,12.856,2.185792349726776,218.57923497267757,2810.054644808743
22.00036259999979,12.872,2.0036429872495445,200.36429872495444,2579.0892531876134
22.010434481999255,12.86,2.185792349726776,200.36429872495444,2576.684881602914
22.020516974000202,12.872,2.0036429872495445,200.36429872495444,2579.0892531876134
22.03059581799971,12.856,2.0036429872495445,218.57923497267757,2810.054644808743
22.040671941000255,12.876,2.185792349726776,218.57923497267757,2814.4262295081962
22.050750877999235,12.848,2.185792349726776,200.36429872495444,2574.280510018215
22.06082857399997,12.88,2.185792349726776,200.36429872495444,2580.6921675774133
22.07090673300081,12.848,2.185792349726776,218.57923497267757,2808.3060109289618
22.08105407599942,12.876,2.185792349726776,200.36429872495444,2579.890710382513
22.091137364999668,12.848,2.185792349726776,218.57923497267757,2808.3060109289618
22.101214876000085,12.876,2.185792349726776,218.57923497267757,2814.4262295081962
22.11129672000061,12.856,2.0036429872495445,200.36429872495444,2575.8834244080144
22.121393285999147,12.876,2.185792349726776,218.57923497267757,2814.4262295081962
22.131473741999798,12.86,2.0036429872495445,200.36429872495444,2576.684881602914
22.141553882000153,12.868,2.0036429872495445,218.57923497267757,2812.677595628415
22.151634781999746,12.864,2.185792349726776,218.57923497267757,2811.803278688524
22.161716127000545,12.864,2.185792349726776,218.57923497267757,2811.803278688524
22.17179626699908,12.864,2.0036429872495445,200.36429872495444,2577.486338797814
22.181947592000142,12.868,2.185792349726776,200.36429872495444,2578.2877959927137
22.192024751000645,12.852,2.185792349726776,218.57923497267757,2809.180327868852
22.20210140999916,12.876,2.185792349726776,200.36429872495444,2579.890710382513
22.212177143999725,12.852,2.0036429872495445,200.36429872495444,2575.0819672131147
22.222253284000544,12.876,2.0036429872495445,218.57923497267757,2814.4262295081962
22.23232951799946,12.86,2.185792349726776,218.57923497267757,2810.9289617486334
22.242436324000664,12.876,2.185792349726776,218.57923497267757,2814.4262295081962
22.252516409000236,12.856,2.185792349726776,218.57923497267757,2810.054644808743
22.26259549399947,12.872,2.0036429872495445,200.36429872495444,2579.0892531876134
22.272673117000522,12.86,2.185792349726776,218.57923497267757,2810.9289617486334
22.282751442000517,12.872,2.0036429872495445,218.57923497267757,2813.551912568306
22.292827434999708,12.852,2.185792349726776,200.36429872495444,2575.0819672131147
22.302905112999724,12.876,2.0036429872495445,200.36429872495444,2579.890710382513
22.31298186499953,12.852,2.0036429872495445,218.57923497267757,2809.180327868852
22.32305882000037,12.876,2.185792349726776,218.57923497267757,2814.4262295081962
22.333135368000512,12.856,2.0036429872495445,218.57923497267757,2810.054644808743
22.343213231000846,12.872,2.0036429872495445,218.57923497267757,2813.551912568306
22.353298038000503,12.86,2.0036429872495445,218.57923497267757,2810.9289617486334
22.363377068000773,12.864,2.0036429872495445,218.57923497267757,2811.803278688524
22.37345398599973,12.864,2.0036429872495445,200.36429872495444,2577.486338797814
22.383531626999684,12.868,2.185792349726776,200.36429872495444,2578.2877959927137
22.393620933999046,12.864,2.0036429872495445,218.57923497267757,2811.803278688524
22.403702445000818,12.868,2.185792349726776,218.57923497267757,2812.677595628415
22.413783808000517,12.864,2.0036429872495445,200.36429872495444,2577.486338797814
22.423865245000343,12.872,2.0036429872495445,218.57923497267757,2813.551912568306
22.433946384999217,12.852,2.185792349726776,200.36429872495444,2575.0819672131147
22.444028230000185,12.872,2.185792349726776,218.57923497267757,2813.551912568306
22.45410998099942,12.848,2.185792349726776,200.36429872495444,2574.280510018215
22.464191306999055,12.872,2.185792349726776,218.57923497267757,2813.551912568306
22.474272318000658,12.86,2.185792349726776,218.57923497267757,2810.9289617486334
22.48435327399966,12.868,2.0036429872495445,218.57923497267757,2812.677595628415
22.494434006999654,12.864,2.185792349726776,200.36429872495444,2577.486338797814
22.5045152219991,12.868,2.185792349726776,218.57923497267757,2812.677595628415
22.514598677000322,12.864,2.0036429872495445,200.36429872495444,2577.486338797814
22.524680114000148,12.872,2.0036429872495445,218.57923497267757,2813.551912568306
22.53476069899989,12.852,2.185792349726776,200.36429872495444,2575.0819672131147
22.544840505999673,12.868,2.185792349726776,218.57923497267757,2812.677595628415
22.554923072999372,12.856,2.0036429872495445,218.57923497267757,2810.054644808743
22.565004546999262,12.872,2.185792349726776,200.36429872495444,2579.0892531876134
22.575086057999215,12.888,1.8214936247723132,200.36429872495444,2582.295081967213
22.585166143000606,12.892,2.0036429872495445,200.36429872495444,2583.0965391621125
22.595246282999142,12.88,2.0036429872495445,200.36429872495444,2580.6921675774133
22.605327350000152,12.884,2.0036429872495445,200.36429872495444,2581.493624772313
22.61540767599945,12.876,2.0036429872495445,200.36429872495444,2579.890710382513
22.62548864999917,12.888,2.0036429872495445,200.36429872495444,2582.295081967213
22.635569437999948,12.872,2.0036429872495445,200.36429872495444,2579.0892531876134
22.645649783000408,12.892,2.0036429872495445,200.36429872495444,2583.0965391621125
22.655730683,12.86,2.185792349726776,200.36429872495444,2576.684881602914
22.665811582999595,12.896,2.0036429872495445,200.36429872495444,2583.8979963570127
22.67589172299995,12.86,2.185792349726776,200.36429872495444,2576.684881602914
22.685973048999585,12.896,2.0036429872495445,200.36429872495444,2583.8979963570127
22.696054300999094,12.84,2.185792349726776,218.57923497267757,2806.55737704918
22.706135218999407,12.864,2.0036429872495445,218.57923497267757,2811.803278688524
22.71621634099938,12.852,2.0036429872495445,200.36429872495444,2575.0819672131147
22.72629749999942,12.872,2.185792349726776,200.36429872495444,2579.0892531876134
22.736378141000387,12.86,2.185792349726776,218.57923497267757,2810.9289617486334
22.74645855900053,12.876,2.0036429872495445,218.57923497267757,2814.4262295081962
22.756539959000293,12.852,2.0036429872495445,218.57923497267757,2809.180327868852
22.766622563000055,12.872,2.0036429872495445,218.57923497267757,2813.551912568306
22.77670381399912,12.848,2.185792349726776,200.36429872495444,2574.280510018215
22.786784973999602,12.876,2.185792349726776,200.36429872495444,2579.890710382513
22.796865502999935,12.852,2.0036429872495445,200.36429872495444,2575.0819672131147
22.80694814399976,12.876,2.185792349726776,200.36429872495444,2579.890710382513
22.817028765999567,12.86,2.0036429872495445,218.57923497267757,2810.9289617486334
22.827110739999625,12.872,2.0036429872495445,200.36429872495444,2579.0892531876134
22.837191231999896,12.86,2.185792349726776,200.36429872495444,2576.684881602914
22.84727124299934,12.872,2.185792349726776,200.36429872495444,2579.0892531876134
22.857355105999886,12.856,2.0036429872495445,218.57923497267757,2810.054644808743
22.867436153999734,12.876,2.185792349726776,218.57923497267757,2814.4262295081962
22.8775156089996,12.844,2.0036429872495445,200.36429872495444,2573.4790528233148
22.88759686099911,12.88,2.185792349726776,218.57923497267757,2815.300546448087
22.897677353999825,12.848,2.0036429872495445,218.57923497267757,2808.3060109289618
22.907758846000434,12.876,2.0036429872495445,218.57923497267757,2814.4262295081962
22.917839319999985,12.856,2.185792349726776,200.36429872495444,2575.8834244080144
22.92791942400072,12.876,2.0036429872495445,200.36429872495444,2579.890710382513
22.93800052699953,12.86,2.0036429872495445,200.36429872495444,2576.684881602914
22.948082185999738,12.872,2.0036429872495445,200.36429872495444,2579.0892531876134
22.95816245700007,12.86,2.185792349726776,218.57923497267757,2810.9289617486334
22.968243893999897,12.868,2.185792349726776,218.57923497267757,2812.677595628415
22.978325108000718,12.86,2.185792349726776,218.57923497267757,2810.9289617486334
22.98840519300029,12.876,2.0036429872495445,200.36429872495444,2579.890710382513
22.998485815000095,12.852,2.0036429872495445,200.36429872495444,2575.0819672131147
23.008568789000492,12.876,2.0036429872495445,218.57923497267757,2814.4262295081962
23.018650392999916,12.852,2.185792349726776,218.57923497267757,2809.180327868852
23.028730440999425,12.876,2.0036429872495445,200.36429872495444,2579.890710382513
23.038814174000436,12.86,2.185792349726776,218.57923497267757,2810.9289617486334
23.04889398100022,12.872,2.185792349726776,200.36429872495444,2579.0892531876134
23.058977029000744,12.856,2.0036429872495445,218.57923497267757,2810.054644808743
23.06905802199981,12.872,2.185792349726776,218.57923497267757,2813.551912568306
23.07914105099917,12.888,2.0036429872495445,200.36429872495444,2582.295081967213
23.089220988000307,12.904,2.0036429872495445,200.36429872495444,2585.500910746812
23.099302942999202,12.868,2.0036429872495445,200.36429872495444,2578.2877959927137
23.109383639999578,12.896,2.0036429872495445,200.36429872495444,2583.8979963570127
23.119465484000102,12.864,2.0036429872495445,200.36429872495444,2577.486338797814
23.129541198999505,12.896,2.0036429872495445,200.36429872495444,2583.8979963570127
23.139622598999267,12.868,2.0036429872495445,200.36429872495444,2578.2877959927137
23.149703257999136,12.892,2.0036429872495445,200.36429872495444,2583.0965391621125
23.159784232000675,12.872,2.0036429872495445,200.36429872495444,2579.0892531876134
23.169865428000776,12.88,2.0036429872495445,200.36429872495444,2580.6921675774133
23.17994606799948,12.872,2.0036429872495445,218.57923497267757,2813.551912568306
23.19003128300028,12.888,2.0036429872495445,200.36429872495444,2582.295081967213
23.20011336800053,12.872,2.0036429872495445,200.36429872495444,2579.0892531876134
23.210193582999636,12.868,2.0036429872495445,218.57923497267757,2812.677595628415
23.220274371000414,12.84,2.0036429872495445,200.36429872495444,2572.677595628415
23.23035541900026,12.88,2.0036429872495445,218.57923497267757,2815.300546448087
23.24048683699948,12.844,2.185792349726776,218.57923497267757,2807.4316939890705
23.25060605100043,12.88,2.185792349726776,200.36429872495444,2580.6921675774133
23.260690043000068,12.848,2.0036429872495445,218.57923497267757,2808.3060109289618
23.270768110000063,12.88,2.0036429872495445,200.36429872495444,2580.6921675774133
23.280846601999656,12.852,2.185792349726776,218.57923497267757,2809.180327868852
23.29092176099948,12.876,2.185792349726776,218.57923497267757,2814.4262295081962
23.30099642099958,12.852,2.185792349726776,218.57923497267757,2809.180327868852
23.311070432000633,12.88,2.0036429872495445,200.36429872495444,2580.6921675774133
23.32114449800065,12.844,2.185792349726776,200.36429872495444,2573.4790528233148
23.33121839799969,12.884,2.0036429872495445,218.57923497267757,2816.174863387978
23.341295742999137,12.848,2.185792349726776,200.36429872495444,2574.280510018215
23.351373568999406,12.88,2.185792349726776,218.57923497267757,2815.300546448087
23.361450320000586,12.852,2.185792349726776,200.36429872495444,2575.0819672131147
23.37152877600056,12.872,2.185792349726776,218.57923497267757,2813.551912568306
23.38160600899937,12.856,2.185792349726776,218.57923497267757,2810.054644808743
23.391681817000062,12.872,2.185792349726776,200.36429872495444,2579.0892531876134
23.401763289999508,12.856,2.185792349726776,200.36429872495444,2575.8834244080144
23.41184915300073,12.896,2.0036429872495445,200.36429872495444,2583.8979963570127
23.42192605300079,12.88,2.0036429872495445,200.36429872495444,2580.6921675774133
23.432002138000826,12.9,2.0036429872495445,200.36429872495444,2584.6994535519125
23.442079648999425,12.864,2.0036429872495445,200.36429872495444,2577.486338797814
23.452156142000604,12.896,2.0036429872495445,200.36429872495444,2583.8979963570127
23.462232264000704,12.86,2.0036429872495445,218.57923497267757,2810.9289617486334
23.472307590000128,12.892,2.0036429872495445,200.36429872495444,2583.0965391621125
23.482383656999446,12.86,2.0036429872495445,200.36429872495444,2576.684881602914
23.49246562999906,12.892,2.0036429872495445,200.36429872495444,2583.0965391621125
23.50254814099935,12.868,2.0036429872495445,200.36429872495444,2578.2877959927137
23.512624449000214,12.892,2.0036429872495445,200.36429872495444,2583.0965391621125
23.52270205199966,12.864,2.0036429872495445,200.36429872495444,2577.486338797814
23.532796748000692,12.896,2.0036429872495445,200.36429872495444,2583.8979963570127
23.54287120399931,12.864,2.0036429872495445,200.36429872495444,2577.486338797814
23.55294882599992,12.896,2.0036429872495445,218.57923497267757,2818.79781420765
23.563027743999555,12.864,2.0036429872495445,200.36429872495444,2577.486338797814
23.573105292000037,12.892,2.185792349726776,200.36429872495444,2583.0965391621125
23.583184118000645,12.868,1.8214936247723132,200.36429872495444,2578.2877959927137
23.59326524000062,12.896,2.185792349726776,200.36429872495444,2583.8979963570127
23.603345732999514,12.868,2.0036429872495445,218.57923497267757,2812.677595628415
23.6134265769997,12.888,2.0036429872495445,200.36429872495444,2582.295081967213
23.62350734699976,12.872,2.0036429872495445,200.36429872495444,2579.0892531876134
23.63358843199967,12.888,2.0036429872495445,200.36429872495444,2582.295081967213
23.643670257999474,12.872,2.0036429872495445,200.36429872495444,2579.0892531876134
23.65375160199983,12.892,2.0036429872495445,200.36429872495444,2583.0965391621125
23.663832688000184,12.868,2.0036429872495445,200.36429872495444,2578.2877959927137
23.67391325400058,12.896,2.0036429872495445,200.36429872495444,2583.8979963570127
23.68399463499918,12.864,2.0036429872495445,200.36429872495444,2577.486338797814
23.69407549800053,12.896,2.0036429872495445,218.57923497267757,2818.79781420765
23.704151064999678,12.872,2.0036429872495445,200.36429872495444,2579.0892531876134
23.714231501999166,12.884,2.0036429872495445,200.36429872495444,2581.493624772313
23.72431243900064,12.876,2.0036429872495445,200.36429872495444,2579.890710382513
23.7343932269996,12.884,2.0036429872495445,200.36429872495444,2581.493624772313
23.744474035000167,12.876,2.0036429872495445,218.57923497267757,2814.4262295081962
23.75455436000084,12.884,2.185792349726776,200.36429872495444,2581.493624772313
23.764635297000495,12.876,2.0036429872495445,182.1493624772313,2345.35519125683
23.77471782700013,12.884,2.185792349726776,200.36429872495444,2581.493624772313
23.784798115999365,12.872,2.0036429872495445,200.36429872495444,2579.0892531876134
23.794880700999784,12.884,2.185792349726776,200.36429872495444,2581.493624772313
23.80496174899963,12.876,2.0036429872495445,200.36429872495444,2579.890710382513
23.815043667000282,12.888,2.0036429872495445,200.36429872495444,2582.295081967213
23.825123455999346,12.88,2.185792349726776,200.36429872495444,2580.6921675774133
23.83520324500023,12.872,2.0036429872495445,200.36429872495444,2579.0892531876134
23.84528340399993,12.852,2.185792349726776,200.36429872495444,2575.0819672131147
23.855364655000812,12.856,2.185792349726776,218.57923497267757,2810.054644808743
23.865445536999687,12.86,2.185792349726776,218.57923497267757,2810.9289617486334
23.875525213999936,12.868,2.0036429872495445,200.36429872495444,2578.2877959927137
23.88560450300065,12.856,2.0036429872495445,200.36429872495444,2575.8834244080144
23.89568527300071,12.872,2.185792349726776,200.36429872495444,2579.0892531876134
23.905765450999752,12.856,2.185792349726776,200.36429872495444,2575.8834244080144
23.915845240000635,12.876,2.185792349726776,200.36429872495444,2579.890710382513
23.92592432499987,12.86,2.185792349726776,218.57923497267757,2810.9289617486334
23.936005817000478,12.864,2.185792349726776,218.57923497267757,2811.803278688524
23.94608690200039,12.864,2.185792349726776,218.57923497267757,2811.803278688524
23.95616624700051,12.864,2.0036429872495445,218.57923497267757,2811.803278688524
23.966249590999723,12.864,2.0036429872495445,218.57923497267757,2811.803278688524
23.976330953999422,12.864,2.185792349726776,218.57923497267757,2811.803278688524
23.98641231699912,12.86,2.185792349726776,200.36429872495444,2576.684881602914
23.996489364999434,12.868,2.185792349726776,218.57923497267757,2812.677595628415
24.006566486999873,12.864,2.0036429872495445,218.57923497267757,2811.803278688524
24.016641942000206,12.872,2.185792349726776,218.57923497267757,2813.551912568306
24.026717287000793,12.86,2.185792349726776,218.57923497267757,2810.9289617486334
24.036793298000703,12.86,2.0036429872495445,218.57923497267757,2810.9289617486334
24.04687132700019,12.864,2.0036429872495445,218.57923497267757,2811.803278688524
24.056947856999614,12.864,2.0036429872495445,200.36429872495444,2577.486338797814
24.067025016000116,12.864,2.0036429872495445,218.57923497267757,2811.803278688524
24.077101730999857,12.868,2.185792349726776,218.57923497267757,2812.677595628415
24.087180057000296,12.86,2.0036429872495445,200.36429872495444,2576.684881602914
24.097261142000207,12.872,2.0036429872495445,218.57923497267757,2813.551912568306
24.107343577999927,12.856,2.185792349726776,200.36429872495444,2575.8834244080144
24.11742081199918,12.876,2.185792349726776,218.57923497267757,2814.4262295081962
24.127502249000827,12.856,2.185792349726776,218.57923497267757,2810.054644808743
24.13758287100063,12.876,2.185792349726776,218.57923497267757,2814.4262295081962
24.147663456000373,12.86,2.185792349726776,218.57923497267757,2810.9289617486334
24.157744689000538,12.868,2.0036429872495445,218.57923497267757,2812.677595628415
24.16782499600049,12.864,2.0036429872495445,218.57923497267757,2811.803278688524
24.177904673999365,12.864,2.185792349726776,218.57923497267757,2811.803278688524
24.187984887999846,12.864,2.185792349726776,218.57923497267757,2811.803278688524
24.198070992000794,12.864,2.185792349726776,218.57923497267757,2811.803278688524
24.208152781000535,12.86,2.0036429872495445,218.57923497267757,2810.9289617486334
24.21823186599977,12.872,2.0036429872495445,218.57923497267757,2813.551912568306
24.22831283999949,12.856,2.0036429872495445,200.36429872495444,2575.8834244080144
24.238393628000267,12.876,2.0036429872495445,200.36429872495444,2579.890710382513
24.248478379999142,12.86,2.185792349726776,200.36429872495444,2576.684881602914
24.258559595000406,12.876,2.0036429872495445,218.57923497267757,2814.4262295081962
24.268641791000846,12.86,2.185792349726776,218.57923497267757,2810.9289617486334
24.278725913000017,12.868,2.185792349726776,218.57923497267757,2812.677595628415
24.288806275999377,12.856,2.0036429872495445,218.57923497267757,2810.054644808743
24.29889176799952,12.872,2.0036429872495445,200.36429872495444,2579.0892531876134
24.308970019999833,12.856,2.185792349726776,218.57923497267757,2810.054644808743
24.319047142000272,12.876,2.185792349726776,218.57923497267757,2814.4262295081962
24.329123412000627,12.856,2.0036429872495445,218.57923497267757,2810.054644808743
24.339203145000283,12.876,2.185792349726776,200.36429872495444,2579.890710382513
24.34928023000066,12.856,2.185792349726776,218.57923497267757,2810.054644808743
24.359359555999617,12.868,2.0036429872495445,218.57923497267757,2812.677595628415
24.369436511999083,12.86,2.185792349726776,200.36429872495444,2576.684881602914
24.379514337000728,12.868,2.0036429872495445,200.36429872495444,2578.2877959927137
24.389590700000554,12.86,2.185792349726776,218.57923497267757,2810.9289617486334
24.399672174000443,12.86,2.0036429872495445,218.57923497267757,2810.9289617486334
24.409753889000058,12.86,2.185792349726776,200.36429872495444,2576.684881602914
24.419835474000138,12.868,2.185792349726776,218.57923497267757,2812.677595628415
24.429916929000683,12.86,2.0036429872495445,200.36429872495444,2576.684881602914
24.439998440000636,12.872,2.185792349726776,200.36429872495444,2579.0892531876134
24.45007993299987,12.856,2.0036429872495445,218.57923497267757,2810.054644808743
24.46016179599974,12.876,2.185792349726776,200.36429872495444,2579.890710382513
24.47024299199984,12.852,2.0036429872495445,218.57923497267757,2809.180327868852
24.48032457699992,12.876,2.185792349726776,218.57923497267757,2814.4262295081962
24.49041895799928,12.852,2.0036429872495445,200.36429872495444,2575.0819672131147
24.500500357999044,12.868,2.185792349726776,218.57923497267757,2812.677595628415
24.510600626999803,12.856,2.185792349726776,218.57923497267757,2810.054644808743
24.52068195299944,12.868,2.0036429872495445,218.57923497267757,2812.677595628415
24.530765112000154,12.856,2.185792349726776,200.36429872495444,2575.8834244080144
24.540846234000128,12.872,2.0036429872495445,200.36429872495444,2579.0892531876134
24.5509287269997,12.856,2.185792349726776,218.57923497267757,2810.054644808743
24.5610099229998,12.876,2.185792349726776,200.36429872495444,2579.890710382513
24.57109041500007,12.852,2.185792349726776,200.36429872495444,2575.0819672131147
24.58117207400028,12.872,2.0036429872495445,200.36429872495444,2579.0892531876134
24.591264233000402,12.852,2.185792349726776,218.57923497267757,2809.180327868852
24.601346133000334,12.872,2.185792349726776,200.36429872495444,2579.0892531876134
24.61142807000033,12.86,2.0036429872495445,200.36429872495444,2576.684881602914
24.621509229000367,12.864,2.185792349726776,200.36429872495444,2577.486338797814
24.631590369999685,12.86,2.0036429872495445,200.36429872495444,2576.684881602914
24.641670695000357,12.868,2.0036429872495445,200.36429872495444,2578.2877959927137
24.651751020999654,12.856,2.185792349726776,218.57923497267757,2810.054644808743
24.661828532000072,12.872,2.185792349726776,218.57923497267757,2813.551912568306
24.671909228000004,12.856,2.185792349726776,200.36429872495444,2575.8834244080144
24.681990573000803,12.88,2.0036429872495445,200.36429872495444,2580.6921675774133
24.69209841600059,12.848,2.0036429872495445,218.57923497267757,2808.3060109289618
24.702180112999486,12.876,2.185792349726776,218.57923497267757,2814.4262295081962
24.712261401000433,12.848,2.185792349726776,218.57923497267757,2808.3060109289618
24.72234265299994,12.88,2.185792349726776,218.57923497267757,2815.300546448087
24.732424163999895,12.856,2.185792349726776,200.36429872495444,2575.8834244080144
24.742505045000144,12.868,2.185792349726776,200.36429872495444,2578.2877959927137
24.75258585300071,12.856,2.0036429872495445,218.57923497267757,2810.054644808743
24.762668900999415,12.868,2.185792349726776,218.57923497267757,2812.677595628415
24.772749837000447,12.856,2.185792349726776,218.57923497267757,2810.054644808743
24.782832311000675,12.876,2.185792349726776,218.57923497267757,2814.4262295081962
24.792922784999973,12.852,2.0036429872495445,200.36429872495444,2575.0819672131147
24.803004203000455,12.872,2.0036429872495445,218.57923497267757,2813.551912568306
24.813085621999562,12.848,2.185792349726776,200.36429872495444,2574.280510018215
24.823168169999917,12.876,2.0036429872495445,200.36429872495444,2579.890710382513
24.833249217999764,12.856,2.0036429872495445,200.36429872495444,2575.8834244080144
24.84333115499976,12.868,2.0036429872495445,200.36429872495444,2578.2877959927137
24.853411702999438,12.856,2.0036429872495445,200.36429872495444,2575.8834244080144
24.86349252800028,12.868,2.0036429872495445,218.57923497267757,2812.677595628415
24.873573502,12.856,2.185792349726776,218.57923497267757,2810.054644808743
24.883654494999064,12.872,2.0036429872495445,200.36429872495444,2579.0892531876134
24.893736912999884,12.852,2.0036429872495445,218.57923497267757,2809.180327868852
24.9038188680006,12.88,2.185792349726776,218.57923497267757,2815.300546448087
24.91389871299907,12.844,2.185792349726776,218.57923497267757,2807.4316939890705
24.923978909000652,12.88,2.185792349726776,200.36429872495444,2580.6921675774133
24.93405886400069,12.848,2.0036429872495445,218.57923497267757,2808.3060109289618
24.944140153000262,12.88,2.0036429872495445,218.57923497267757,2815.300546448087
24.954222053000194,12.852,2.185792349726776,200.36429872495444,2575.0819672131147
24.964301915999386,12.872,2.185792349726776,218.57923497267757,2813.551912568306
24.974383352000586,12.856,2.185792349726776,218.57923497267757,2810.054644808743
24.984464604000095,12.872,2.0036429872495445,218.57923497267757,2813.551912568306
24.9946058179994,12.856,2.185792349726776,200.36429872495444,2575.8834244080144
25.0046870139995,12.868,2.185792349726776,218.57923497267757,2812.677595628415
25.014768043000004,12.856,2.185792349726776,218.57923497267757,2810.054644808743
25.024848090999512,12.876,2.0036429872495445,200.36429872495444,2579.890710382513
25.03493006499957,12.852,2.185792349726776,200.36429872495444,2575.0819672131147
25.045010854000793,12.88,2.185792349726776,200.36429872495444,2580.6921675774133
25.055093605000366,12.852,2.185792349726776,218.57923497267757,2809.180327868852
25.065173339000467,12.88,2.185792349726776,200.36429872495444,2580.6921675774133
25.075256497999362,12.856,2.185792349726776,200.36429872495444,2575.8834244080144
25.08533798999997,12.868,2.0036429872495445,218.57923497267757,2812.677595628415
25.095448518999547,12.852,2.185792349726776,218.57923497267757,2809.180327868852
25.1055288080006,12.876,2.0036429872495445,200.36429872495444,2579.890710382513
25.115610634000404,12.848,2.185792349726776,218.57923497267757,2808.3060109289618
25.125690793000103,12.876,2.0036429872495445,200.36429872495444,2579.890710382513
25.13577141499991,12.848,2.185792349726776,200.36429872495444,2574.280510018215
25.14585238899963,12.88,2.0036429872495445,200.36429872495444,2580.6921675774133
25.155934066000555,12.848,2.185792349726776,218.57923497267757,2808.3060109289618
25.16601446599998,12.884,2.0036429872495445,218.57923497267757,2816.174863387978
25.176095736000207,12.852,2.185792349726776,200.36429872495444,2575.0819672131147
25.186176672999864,12.88,2.185792349726776,218.57923497267757,2815.300546448087
25.196267627999987,12.856,2.0036429872495445,200.36429872495444,2575.8834244080144
25.20635278699956,12.868,2.185792349726776,218.57923497267757,2812.677595628415
25.216433928000697,12.856,2.185792349726776,218.57923497267757,2810.054644808743
25.226513920000798,12.868,2.0036429872495445,200.36429872495444,2578.2877959927137
25.236594523999884,12.856,2.185792349726776,200.36429872495444,2575.8834244080144
25.246685460999288,12.876,2.185792349726776,218.57923497267757,2814.4262295081962
25.256767675000447,12.852,2.0036429872495445,200.36429872495444,2575.0819672131147
25.26685029699911,12.88,2.0036429872495445,218.57923497267757,2815.300546448087
25.276929622999887,12.848,2.0036429872495445,218.57923497267757,2808.3060109289618
25.287011911999798,12.88,2.185792349726776,218.57923497267757,2815.300546448087
25.297181402000206,12.848,2.0036429872495445,218.57923497267757,2808.3060109289618
25.307259617000454,12.876,2.0036429872495445,218.57923497267757,2814.4262295081962
25.317336406000322,12.852,2.0036429872495445,200.36429872495444,2575.0819672131147
25.327412528000423,12.872,2.185792349726776,218.57923497267757,2813.551912568306
25.337489260999064,12.852,2.185792349726776,200.36429872495444,2575.0819672131147
25.347566993999862,12.88,2.0036429872495445,218.57923497267757,2815.300546448087
25.357642893999582,12.852,2.185792349726776,218.57923497267757,2809.180327868852
25.36772105399905,12.884,2.0036429872495445,200.36429872495444,2581.493624772313
25.377796730999762,12.848,2.0036429872495445,200.36429872495444,2574.280510018215
25.387872556999355,12.884,2.185792349726776,218.57923497267757,2816.174863387978
25.398010066999632,12.852,2.185792349726776,200.36429872495444,2575.0819672131147
25.408092226000008,12.88,2.0036429872495445,200.36429872495444,2580.6921675774133
25.418173440999453,12.852,2.0036429872495445,218.57923497267757,2809.180327868852
25.428254340999047,12.868,2.185792349726776,218.57923497267757,2812.677595628415
25.438334721999126,12.856,2.0036429872495445,200.36429872495444,2575.8834244080144
25.448415398999714,12.872,2.0036429872495445,200.36429872495444,2579.0892531876134
25.45849644699956,12.856,2.185792349726776,218.57923497267757,2810.054644808743
25.468577383999218,12.876,2.185792349726776,218.57923497267757,2814.4262295081962
25.47866020999936,12.852,2.0036429872495445,218.57923497267757,2809.180327868852
25.48874146200069,12.88,2.185792349726776,200.36429872495444,2580.6921675774133
25.498834361000263,12.848,2.185792349726776,200.36429872495444,2574.280510018215
25.50891103899994,12.884,2.0036429872495445,218.57923497267757,2816.174863387978
25.518989124000655,12.848,2.0036429872495445,218.57923497267757,2808.3060109289618
25.529065319999063,12.876,2.0036429872495445,218.57923497267757,2814.4262295081962
25.539143071999206,12.852,2.185792349726776,200.36429872495444,2575.0819672131147
25.549219676000575,12.876,2.0036429872495445,218.57923497267757,2814.4262295081962
25.55929181600004,12.852,2.0036429872495445,200.36429872495444,2575.0819672131147
25.569368679000036,12.88,2.185792349726776,218.57923497267757,2815.300546448087
25.579447394000454,12.852,2.0036429872495445,218.57923497267757,2809.180327868852
25.589520589999665,12.884,2.185792349726776,218.57923497267757,2816.174863387978
25.599611879000804,12.848,2.0036429872495445,218.57923497267757,2808.3060109289618
25.60969372299951,12.88,2.0036429872495445,200.36429872495444,2580.6921675774133
25.619774160000816,12.848,2.185792349726776,218.57923497267757,2808.3060109289618
25.629854374999923,12.88,2.0036429872495445,218.57923497267757,2815.300546448087
25.63993544100049,12.852,2.185792349726776,218.57923497267757,2809.180327868852
25.650013025999215,12.88,2.0036429872495445,200.36429872495444,2580.6921675774133
25.66009498099993,12.852,2.185792349726776,218.57923497267757,2809.180327868852
25.67017534399929,12.872,2.0036429872495445,218.57923497267757,2813.551912568306
25.680255837000004,12.852,2.0036429872495445,218.57923497267757,2809.180327868852
25.690332624999428,12.876,2.0036429872495445,218.57923497267757,2814.4262295081962
25.70042250699953,12.848,2.185792349726776,218.57923497267757,2808.3060109289618
25.710499202999927,12.884,2.0036429872495445,200.36429872495444,2581.493624772313
25.720575287999964,12.844,2.0036429872495445,218.57923497267757,2807.4316939890705
25.73065268800019,12.884,2.185792349726776,200.36429872495444,2581.493624772313
25.74072921699917,12.848,2.185792349726776,200.36429872495444,2574.280510018215
25.750801616999524,12.876,2.0036429872495445,218.57923497267757,2814.4262295081962
25.760877905999223,12.852,2.185792349726776,200.36429872495444,2575.0819672131147
25.770955842999683,12.876,2.185792349726776,218.57923497267757,2814.4262295081962
25.78103081699919,12.852,2.185792349726776,218.57923497267757,2809.180327868852
25.7911033649998,12.88,2.185792349726776,200.36429872495444,2580.6921675774133
25.80118537599992,12.848,2.185792349726776,218.57923497267757,2808.3060109289618
25.811269461000848,12.876,2.185792349726776,218.57923497267757,2814.4262295081962
25.821350101999997,12.848,2.185792349726776,218.57923497267757,2808.3060109289618
25.831430872000055,12.876,2.185792349726776,218.57923497267757,2814.4262295081962
25.84151149399986,12.844,2.0036429872495445,218.57923497267757,2807.4316939890705
25.85159176399975,12.884,2.0036429872495445,218.57923497267757,2816.174863387978
25.86167357100021,12.848,2.185792349726776,218.57923497267757,2808.3060109289618
25.87175415599995,12.884,2.0036429872495445,200.36429872495444,2581.493624772313
25.8818347969991,12.852,2.185792349726776,218.57923497267757,2809.180327868852
25.891915251999308,12.872,2.185792349726776,218.57923497267757,2813.551912568306
25.9020068560003,12.852,2.0036429872495445,218.57923497267757,2809.180327868852
25.91208242200082,12.88,2.185792349726776,200.36429872495444,2580.6921675774133
25.92215706299976,12.844,2.185792349726776,200.36429872495444,2573.4790528233148
25.93223105600009,12.884,2.0036429872495445,218.57923497267757,2816.174863387978
25.94230391900055,12.84,2.185792349726776,200.36429872495444,2572.677595628415
25.952377355999488,12.884,2.0036429872495445,218.57923497267757,2816.174863387978
25.962450126000476,12.848,2.0036429872495445,218.57923497267757,2808.3060109289618
25.972523099999307,12.876,2.0036429872495445,200.36429872495444,2579.890710382513
25.982592795999153,12.852,2.185792349726776,200.36429872495444,2575.0819672131147
25.99266988099953,12.876,2.0036429872495445,218.57923497267757,2814.4262295081962
26.0027566509998,12.852,2.0036429872495445,218.57923497267757,2809.180327868852
26.01283771800081,12.876,2.185792349726776,218.57923497267757,2814.4262295081962
26.02291461799905,12.852,2.0036429872495445,200.36429872495444,2575.0819672131147
26.032995887999277,12.872,2.185792349726776,218.57923497267757,2813.551912568306
26.04307900999993,12.844,2.0036429872495445,218.57923497267757,2807.4316939890705
26.053159557999606,12.88,2.185792349726776,200.36429872495444,2580.6921675774133
26.063242234999052,12.844,2.0036429872495445,200.36429872495444,2573.4790528233148
26.073322635000295,12.884,2.185792349726776,218.57923497267757,2816.174863387978
26.083403108999846,12.848,2.185792349726776,200.36429872495444,2574.280510018215
26.093480416999228,12.88,2.0036429872495445,218.57923497267757,2815.300546448087
26.103570335000768,12.852,2.185792349726776,200.36429872495444,2575.0819672131147
26.113646215999324,12.88,2.185792349726776,200.36429872495444,2580.6921675774133
26.12372402300025,12.848,2.185792349726776,200.36429872495444,2574.280510018215
26.13380042300014,12.884,2.0036429872495445,218.57923497267757,2816.174863387978
26.143878490000134,12.84,2.185792349726776,218.57923497267757,2806.55737704918
26.153954538000107,12.884,2.185792349726776,218.57923497267757,2816.174863387978
26.16403108600025,12.844,2.0036429872495445,200.36429872495444,2573.4790528233148
26.17410792999908,12.884,2.185792349726776,200.36429872495444,2581.493624772313
26.184184792999076,12.848,2.0036429872495445,218.57923497267757,2808.3060109289618
26.194260877999113,12.88,2.185792349726776,200.36429872495444,2580.6921675774133
26.204345426000145,12.852,2.0036429872495445,200.36429872495444,2575.0819672131147
26.214429141000437,12.876,2.185792349726776,200.36429872495444,2579.890710382513
26.224511354999777,12.852,2.185792349726776,200.36429872495444,2575.0819672131147
26.23460362500009,12.872,2.0036429872495445,218.57923497267757,2813.551912568306
26.244701580000765,12.852,2.185792349726776,218.57923497267757,2809.180327868852
26.254788406000444,12.88,2.185792349726776,200.36429872495444,2580.6921675774133
26.264869008999085,12.848,2.0036429872495445,200.36429872495444,2574.280510018215
26.27495155699944,12.884,2.185792349726776,200.36429872495444,2581.493624772313
26.285032604999287,12.844,2.185792349726776,200.36429872495444,2573.4790528233148
26.29511481999907,12.884,2.0036429872495445,200.36429872495444,2581.493624772313
26.30523653399905,12.848,2.0036429872495445,218.57923497267757,2808.3060109289618
26.31531943399932,12.884,2.0036429872495445,218.57923497267757,2816.174863387978
26.325400110999908,12.844,2.185792349726776,218.57923497267757,2807.4316939890705
26.33548162199986,12.88,2.0036429872495445,200.36429872495444,2580.6921675774133
26.34556266999971,12.848,2.185792349726776,200.36429872495444,2574.280510018215
26.355643717999556,12.88,2.0036429872495445,200.36429872495444,2580.6921675774133
26.36572472899934,12.852,2.185792349726776,218.57923497267757,2809.180327868852
26.375806109999758,12.884,2.185792349726776,200.36429872495444,2581.493624772313
26.385887861999436,12.844,2.185792349726776,218.57923497267757,2807.4316939890705
26.395969151000827,12.884,2.0036429872495445,218.57923497267757,2816.174863387978
26.40607895699941,12.844,2.185792349726776,218.57923497267757,2807.4316939890705
26.416158171999996,12.884,2.185792349726776,218.57923497267757,2816.174863387978
26.426237682999272,12.848,2.185792349726776,218.57923497267757,2808.3060109289618
26.43631469399952,12.876,2.185792349726776,200.36429872495444,2579.890710382513
26.44639092699981,12.852,2.185792349726776,218.57923497267757,2809.180327868852
26.456467178999446,12.876,2.185792349726776,218.57923497267757,2814.4262295081962
26.466543652999462,12.856,2.185792349726776,200.36429872495444,2575.8834244080144
26.47661994199916,12.88,2.185792349726776,218.57923497267757,2815.300546448087
26.48669778600015,12.848,2.0036429872495445,200.36429872495444,2574.280510018215
26.496773648999806,12.884,2.0036429872495445,218.57923497267757,2816.174863387978
26.506847103999462,12.848,2.0036429872495445,200.36429872495444,2574.280510018215
26.516924338000535,12.884,2.0036429872495445,218.57923497267757,2816.174863387978
26.527008533999833,12.84,2.185792349726776,218.57923497267757,2806.55737704918
26.53708882200044,12.884,2.185792349726776,200.36429872495444,2581.493624772313
26.547170870000627,12.844,2.185792349726776,218.57923497267757,2807.4316939890705
26.55725121499927,12.88,2.0036429872495445,218.57923497267757,2815.300546448087
26.567332354999962,12.852,2.0036429872495445,200.36429872495444,2575.0819672131147
26.577408274000845,12.88,2.185792349726776,200.36429872495444,2580.6921675774133
26.58748930299953,12.852,2.0036429872495445,218.57923497267757,2809.180327868852
26.597569518000455,12.884,2.0036429872495445,200.36429872495444,2581.493624772313
26.607646806000048,12.844,2.185792349726776,200.36429872495444,2573.4790528233148
26.61772007699983,12.884,2.185792349726776,218.57923497267757,2816.174863387978
26.62779864299955,12.848,2.185792349726776,218.57923497267757,2808.3060109289618
26.637873525000032,12.876,2.185792349726776,218.57923497267757,2814.4262295081962
26.64794829499988,12.852,2.0036429872495445,218.57923497267757,2809.180327868852
26.658020824999767,12.872,2.185792349726776,200.36429872495444,2579.0892531876134
26.668094909999127,12.856,2.185792349726776,200.36429872495444,2575.8834244080144
26.67816819899963,12.876,2.0036429872495445,200.36429872495444,2579.890710382513
26.68824152399975,12.852,2.0036429872495445,218.57923497267757,2809.180327868852
26.698314424000273,12.88,2.185792349726776,200.36429872495444,2580.6921675774133
26.708396990999972,12.844,2.185792349726776,218.57923497267757,2807.4316939890705
26.718474871999206,12.884,2.0036429872495445,218.57923497267757,2816.174863387978
26.728557178999836,12.844,2.185792349726776,218.57923497267757,2807.4316939890705
26.738639430999683,12.884,2.0036429872495445,218.57923497267757,2816.174863387978
26.748720330999276,12.84,2.185792349726776,200.36429872495444,2572.677595628415
26.758802860000287,12.884,2.185792349726776,218.57923497267757,2816.174863387978
26.76888270500058,12.852,2.185792349726776,200.36429872495444,2575.0819672131147
26.778960141000425,12.904,2.0036429872495445,200.36429872495444,2585.500910746812
26.7890369859997,12.88,1.8214936247723132,200.36429872495444,2580.6921675774133
26.799119811999844,12.896,2.0036429872495445,182.1493624772313,2348.998178506375
26.809209433000433,12.872,2.0036429872495445,200.36429872495444,2579.0892531876134
26.819287185000576,12.9,2.0036429872495445,200.36429872495444,2584.6994535519125
26.829362659000253,12.86,1.8214936247723132,200.36429872495444,2576.684881602914
26.839440244000798,12.896,2.0036429872495445,200.36429872495444,2583.8979963570127
26.849515440000687,12.864,2.0036429872495445,200.36429872495444,2577.486338797814
26.859594932999244,12.884,2.0036429872495445,200.36429872495444,2581.493624772313
26.869671036,12.872,2.0036429872495445,200.36429872495444,2579.0892531876134
26.879748917999677,12.888,2.0036429872495445,200.36429872495444,2582.295081967213
26.889824317999228,12.868,2.0036429872495445,200.36429872495444,2578.2877959927137
26.899900513999455,12.892,2.0036429872495445,200.36429872495444,2583.0965391621125
26.909986062000826,12.84,2.185792349726776,200.36429872495444,2572.677595628415
26.920068591000017,12.872,2.185792349726776,200.36429872495444,2579.0892531876134
26.93014602800031,12.848,2.185792349726776,218.57923497267757,2808.3060109289618
26.94022753900026,12.884,2.0036429872495445,218.57923497267757,2816.174863387978
26.950307160999728,12.84,2.185792349726776,218.57923497267757,2806.55737704918
26.960384357000294,12.884,2.185792349726776,200.36429872495444,2581.493624772313
26.970461164999506,12.848,2.0036429872495445,200.36429872495444,2574.280510018215
26.98054178699931,12.884,2.185792349726776,218.57923497267757,2816.174863387978
26.990624075000596,12.852,2.185792349726776,218.57923497267757,2809.180327868852
27.0007046970004,12.876,2.0036429872495445,218.57923497267757,2814.4262295081962
27.01079722599934,12.852,2.0036429872495445,218.57923497267757,2809.180327868852
27.020870701000604,12.872,2.185792349726776,200.36429872495444,2579.0892531876134
27.03094272999988,12.852,2.185792349726776,218.57923497267757,2809.180327868852
27.041018463,12.876,2.185792349726776,218.57923497267757,2814.4262295081962
27.051096437000524,12.848,2.0036429872495445,200.36429872495444,2574.280510018215
27.061172966999948,12.88,2.0036429872495445,200.36429872495444,2580.6921675774133
27.071250552000492,12.848,2.185792349726776,218.57923497267757,2808.3060109289618
27.081326285000614,12.876,2.0036429872495445,218.57923497267757,2814.4262295081962
27.091403815000376,12.852,2.185792349726776,200.36429872495444,2575.0819672131147
27.10147767700073,12.876,2.185792349726776,218.57923497267757,2814.4262295081962
27.111558873999456,12.856,2.185792349726776,200.36429872495444,2575.8834244080144
27.12163614400015,12.872,2.185792349726776,218.57923497267757,2813.551912568306
27.131716210000377,12.852,2.185792349726776,200.36429872495444,2575.0819672131147
27.141796961999717,12.88,2.0036429872495445,218.57923497267757,2815.300546448087
27.15187726899967,12.844,2.185792349726776,200.36429872495444,2573.4790528233148
27.161957206000807,12.884,2.0036429872495445,200.36429872495444,2581.493624772313
27.172036605999892,12.84,2.185792349726776,218.57923497267757,2806.55737704918
27.182116134999887,12.884,2.0036429872495445,200.36429872495444,2581.493624772313
27.19219621999946,12.848,2.0036429872495445,218.57923497267757,2808.3060109289618
27.20227628700013,12.884,2.0036429872495445,200.36429872495444,2581.493624772313
27.212365149000107,12.852,2.0036429872495445,200.36429872495444,2575.0819672131147
27.222444364000694,12.876,2.185792349726776,200.36429872495444,2579.890710382513
27.232517726999504,12.852,2.185792349726776,200.36429872495444,2575.0819672131147
27.242645274000097,12.872,2.0036429872495445,218.57923497267757,2813.551912568306
27.252725025999098,12.852,2.0036429872495445,200.36429872495444,2575.0819672131147
27.262802110999473,12.876,2.0036429872495445,200.36429872495444,2579.890710382513
27.272875602999193,12.848,2.0036429872495445,200.36429872495444,2574.280510018215
27.282953411000562,12.88,2.0036429872495445,200.36429872495444,2580.6921675774133
27.29302940299931,12.848,2.185792349726776,218.57923497267757,2808.3060109289618
27.30310711799939,12.88,2.0036429872495445,218.57923497267757,2815.300546448087
27.313184814000124,12.852,2.185792349726776,218.57923497267757,2809.180327868852
27.32325736200073,12.876,2.185792349726776,218.57923497267757,2814.4262295081962
27.33333305800079,12.852,2.185792349726776,218.57923497267757,2809.180327868852
27.343410440000298,12.876,2.185792349726776,218.57923497267757,2814.4262295081962
27.3534914869997,12.848,2.0036429872495445,218.57923497267757,2808.3060109289618
27.36356959099976,12.88,2.185792349726776,200.36429872495444,2580.6921675774133
27.373645564999606,12.84,2.185792349726776,200.36429872495444,2572.677595628415
27.383724797999093,12.884,2.185792349726776,200.36429872495444,2581.493624772313
27.39380075400004,12.844,2.185792349726776,200.36429872495444,2573.4790528233148
27.403877413000373,12.884,2.185792349726776,200.36429872495444,2581.493624772313
27.414026033000482,12.848,2.0036429872495445,218.57923497267757,2808.3060109289618
27.424106507000033,12.888,2.185792349726776,200.36429872495444,2582.295081967213
27.43418694399952,12.848,2.185792349726776,218.57923497267757,2808.3060109289618
27.44426697400013,12.88,2.185792349726776,200.36429872495444,2580.6921675774133
27.45434685500004,12.852,2.0036429872495445,218.57923497267757,2809.180327868852
27.46442710699921,12.868,2.185792349726776,200.36429872495444,2578.2877959927137
27.47450739499982,12.852,2.185792349726776,218.57923497267757,2809.180327868852
27.484587647000808,12.876,2.185792349726776,218.57923497267757,2814.4262295081962
27.49466954700074,12.848,2.185792349726776,218.57923497267757,2808.3060109289618
27.504746223999973,12.884,2.0036429872495445,200.36429872495444,2581.493624772313
27.514823347000856,12.844,2.185792349726776,200.36429872495444,2573.4790528233148
27.524896339000406,12.88,2.185792349726776,200.36429872495444,2580.6921675774133
27.53496912800074,12.852,2.185792349726776,200.36429872495444,2575.0819672131147
27.545044380000036,12.88,2.0036429872495445,200.36429872495444,2580.6921675774133
27.55511718699927,12.848,2.0036429872495445,218.57923497267757,2808.3060109289618
27.565194494000025,12.88,2.185792349726776,200.36429872495444,2580.6921675774133
27.575267394000548,12.852,2.185792349726776,200.36429872495444,2575.0819672131147
27.58534453500033,12.884,2.0036429872495445,218.57923497267757,2816.174863387978
27.59542165700077,12.844,2.185792349726776,218.57923497267757,2807.4316939890705
27.6054974639992,12.888,2.185792349726776,218.57923497267757,2817.0491803278683
27.615583659999174,12.844,2.0036429872495445,218.57923497267757,2807.4316939890705
27.62566448600046,12.884,2.0036429872495445,200.36429872495444,2581.493624772313
27.63574144099948,12.848,2.185792349726776,200.36429872495444,2574.280510018215
27.64581811899916,12.88,2.185792349726776,200.36429872495444,2580.6921675774133
27.65589970399924,12.852,2.185792349726776,200.36429872495444,2575.0819672131147
27.665976881999086,12.872,2.185792349726776,200.36429872495444,2579.0892531876134
27.676057595999737,12.852,2.185792349726776,200.36429872495444,2575.0819672131147
27.686137848000726,12.876,2.185792349726776,218.57923497267757,2814.4262295081962
27.69621847000053,12.852,2.185792349726776,200.36429872495444,2575.0819672131147
27.70629901800021,12.88,2.185792349726776,200.36429872495444,2580.6921675774133
27.716386140000395,12.848,2.0036429872495445,218.57923497267757,2808.3060109289618
27.726458798999374,12.888,2.0036429872495445,200.36429872495444,2582.295081967213
27.736531069000193,12.848,2.0036429872495445,218.57923497267757,2808.3060109289618
27.746609802999956,12.88,2.185792349726776,218.57923497267757,2815.300546448087
27.756686127999274,12.848,2.0036429872495445,218.57923497267757,2808.3060109289618
27.766766472999734,12.876,2.185792349726776,218.57923497267757,2814.4262295081962
27.776843612999073,12.848,2.185792349726776,218.57923497267757,2808.3060109289618
27.786918013000104,12.88,2.185792349726776,218.57923497267757,2815.300546448087
27.79699095000069,12.848,2.0036429872495445,218.57923497267757,2808.3060109289618
27.807068997999522,12.884,2.0036429872495445,218.57923497267757,2816.174863387978
27.817152731000533,12.848,2.0036429872495445,218.57923497267757,2808.3060109289618
27.827234853000846,12.884,2.185792349726776,218.57923497267757,2816.174863387978
27.83731201199953,12.844,2.185792349726776,200.36429872495444,2573.4790528233148
27.847391930999947,12.884,2.185792349726776,218.57923497267757,2816.174863387978
27.85748062700077,12.848,2.0036429872495445,200.36429872495444,2574.280510018215
27.86755839699981,12.876,2.185792349726776,200.36429872495444,2579.890710382513
27.877640074999363,12.852,2.0036429872495445,218.57923497267757,2809.180327868852
27.887721103999866,12.876,2.0036429872495445,218.57923497267757,2814.4262295081962
27.897801745000834,12.856,2.0036429872495445,218.57923497267757,2810.054644808743
27.90788210699975,12.876,2.185792349726776,218.57923497267757,2814.4262295081962
27.918001340000046,12.852,2.0036429872495445,200.36429872495444,2575.0819672131147
27.928075017000083,12.884,2.185792349726776,200.36429872495444,2581.493624772313
27.938152231999993,12.848,2.0036429872495445,218.57923497267757,2808.3060109289618
27.948228354000094,12.884,2.0036429872495445,218.57923497267757,2816.174863387978
27.95830116199977,12.844,2.0036429872495445,218.57923497267757,2807.4316939890705
27.96837374700044,12.884,2.185792349726776,218.57923497267757,2816.174863387978
27.978449497999463,12.844,2.0036429872495445,218.57923497267757,2807.4316939890705
27.988526121000177,12.88,2.0036429872495445,218.57923497267757,2815.300546448087
27.998603816999093,12.852,2.0036429872495445,218.57923497267757,2809.180327868852
28.008679975999257,12.88,2.0036429872495445,200.36429872495444,2580.6921675774133
28.018752597999992,12.848,2.0036429872495445,200.36429872495444,2574.280510018215
28.02882960900024,12.88,2.0036429872495445,200.36429872495444,2580.6921675774133
28.038912137999432,12.852,2.0036429872495445,200.36429872495444,2575.0819672131147
28.04899266800021,12.884,2.185792349726776,218.57923497267757,2816.174863387978
28.05907438199938,12.844,2.185792349726776,200.36429872495444,2573.4790528233148
28.069151522999164,12.876,2.0036429872495445,236.79417122040073,3048.96174863388
28.079233144999307,12.848,2.0036429872495445,218.57923497267757,2808.3060109289618
28.089313988999493,12.876,2.185792349726776,218.57923497267757,2814.4262295081962
28.09939514799953,12.852,2.185792349726776,200.36429872495444,2575.0819672131147
28.109475752000435,12.876,2.0036429872495445,218.57923497267757,2814.4262295081962
28.119553652000832,12.856,2.185792349726776,200.36429872495444,2575.8834244080144
28.129629940000086,12.88,2.0036429872495445,218.57923497267757,2815.300546448087
28.13970791400061,12.848,2.0036429872495445,218.57923497267757,2808.3060109289618
28.149780850999377,12.884,2.0036429872495445,218.57923497267757,2816.174863387978
28.159856509999372,12.844,2.0036429872495445,218.57923497267757,2807.4316939890705
28.16993207700034,12.884,2.185792349726776,200.36429872495444,2581.493624772313
28.18000786599987,12.84,2.0036429872495445,200.36429872495444,2572.677595628415
28.190083321000202,12.88,2.185792349726776,218.57923497267757,2815.300546448087
28.200158831999943,12.848,2.0036429872495445,200.36429872495444,2574.280510018215
28.210234120999303,12.88,2.185792349726776,218.57923497267757,2815.300546448087
28.220318132000102,12.852,2.185792349726776,218.57923497267757,2809.180327868852
28.2303970869998,12.876,2.0036429872495445,218.57923497267757,2814.4262295081962
28.240525152999908,12.852,2.185792349726776,200.36429872495444,2575.0819672131147
28.2506127559991,12.904,2.0036429872495445,218.57923497267757,2820.546448087431
28.260695397000745,12.88,2.0036429872495445,200.36429872495444,2580.6921675774133
28.270776944000318,12.896,2.0036429872495445,200.36429872495444,2583.8979963570127
28.28085721500065,12.864,1.8214936247723132,200.36429872495444,2577.486338797814
28.2909382630005,12.896,2.0036429872495445,200.36429872495444,2583.8979963570127
28.301019496000663,12.864,2.0036429872495445,200.36429872495444,2577.486338797814
28.311097284000425,12.896,2.0036429872495445,200.36429872495444,2583.8979963570127
28.321214072000657,12.868,2.0036429872495445,218.57923497267757,2812.677595628415
28.331295898000462,12.892,2.0036429872495445,200.36429872495444,2583.0965391621125
28.341376520000267,12.872,2.0036429872495445,218.57923497267757,2813.551912568306
28.351458383000136,12.888,2.0036429872495445,218.57923497267757,2817.0491803278683
28.361540096999306,12.864,2.0036429872495445,200.36429872495444,2577.486338797814
28.37162231199909,12.868,2.185792349726776,218.57923497267757,2812.677595628415
28.381704081999487,12.832,2.0036429872495445,218.57923497267757,2804.808743169399
28.391785407999123,12.88,2.0036429872495445,218.57923497267757,2815.300546448087
28.401867714999753,12.84,2.0036429872495445,218.57923497267757,2806.55737704918
28.4119489299992,12.888,2.0036429872495445,200.36429872495444,2582.295081967213
28.422041458999956,12.844,2.185792349726776,200.36429872495444,2573.4790528233148
28.432126710000375,12.876,2.185792349726776,218.57923497267757,2814.4262295081962
28.442204128999947,12.852,2.185792349726776,200.36429872495444,2575.0819672131147
28.45228078800028,12.876,2.0036429872495445,200.36429872495444,2579.890710382513
28.46235781699943,12.852,2.0036429872495445,218.57923497267757,2809.180327868852
28.472434457999043,12.876,2.0036429872495445,200.36429872495444,2579.890710382513
28.482510395000645,12.848,2.185792349726776,200.36429872495444,2574.280510018215
28.492586386999392,12.88,2.185792349726776,218.57923497267757,2815.300546448087
28.502663417000804,12.848,2.0036429872495445,218.57923497267757,2808.3060109289618
28.51273900200067,12.884,2.185792349726776,200.36429872495444,2581.493624772313
28.522827734999737,12.848,2.0036429872495445,218.57923497267757,2808.3060109289618
28.5329101719999,12.884,2.0036429872495445,200.36429872495444,2581.493624772313
28.54299364600047,12.848,2.185792349726776,218.57923497267757,2808.3060109289618
28.553075100999195,12.884,2.0036429872495445,218.57923497267757,2816.174863387978
28.563157074999253,12.852,2.0036429872495445,218.57923497267757,2809.180327868852
28.573237271000835,12.876,2.0036429872495445,218.57923497267757,2814.4262295081962
28.583318225999392,12.844,2.185792349726776,218.57923497267757,2807.4316939890705
28.593398626000635,12.876,2.185792349726776,200.36429872495444,2579.890710382513
28.603480137000588,12.848,2.185792349726776,218.57923497267757,2808.3060109289618
28.613561185000435,12.884,2.185792349726776,200.36429872495444,2581.493624772313
28.623652177000622,12.844,2.0036429872495445,200.36429872495444,2573.4790528233148
28.633733410000787,12.884,2.0036429872495445,200.36429872495444,2581.493624772313
28.643815401999746,12.844,2.185792349726776,218.57923497267757,2807.4316939890705
28.653896375999466,12.884,2.185792349726776,200.36429872495444,2581.493624772313
28.663972460999503,12.848,2.185792349726776,200.36429872495444,2574.280510018215
28.674052619999202,12.876,2.0036429872495445,218.57923497267757,2814.4262295081962
28.684134204999282,12.852,2.185792349726776,218.57923497267757,2809.180327868852
28.694215698000335,12.872,2.0036429872495445,200.36429872495444,2579.0892531876134
28.704297116000816,12.852,2.185792349726776,200.36429872495444,2575.0819672131147
28.714378201000727,12.88,2.185792349726776,200.36429872495444,2580.6921675774133
28.724482174000514,12.852,2.185792349726776,218.57923497267757,2809.180327868852
28.734563537000213,12.884,2.185792349726776,200.36429872495444,2581.493624772313
28.744645103999574,12.844,2.0036429872495445,200.36429872495444,2573.4790528233148
28.754728428999442,12.884,2.0036429872495445,218.57923497267757,2816.174863387978
28.76480908799931,12.844,2.0036429872495445,200.36429872495444,2573.4790528233148
28.774889469999835,12.884,2.185792349726776,218.57923497267757,2816.174863387978
28.784970239999893,12.844,2.185792349726776,218.57923497267757,2807.4316939890705
28.79505301000063,12.876,2.0036429872495445,218.57923497267757,2814.4262295081962
28.80513387300016,12.848,2.185792349726776,218.57923497267757,2808.3060109289618
28.815217031999055,12.88,2.185792349726776,218.57923497267757,2815.300546448087
28.82532120900032,12.852,2.185792349726776,200.36429872495444,2575.0819672131147
28.835401942000317,12.884,2.0036429872495445,200.36429872495444,2581.493624772313
28.84548265599915,12.848,2.0036429872495445,218.57923497267757,2808.3060109289618
28.85556344500037,12.884,2.0036429872495445,218.57923497267757,2816.174863387978
28.865644289000556,12.844,2.0036429872495445,200.36429872495444,2573.4790528233148
28.875724781999452,12.88,2.185792349726776,200.36429872495444,2580.6921675774133
28.885805792999236,12.848,2.185792349726776,200.36429872495444,2574.280510018215
28.895886673999485,12.88,2.185792349726776,200.36429872495444,2580.6921675774133
28.905967443999543,12.852,2.185792349726776,218.57923497267757,2809.180327868852
28.91604860299958,12.876,2.185792349726776,218.57923497267757,2814.4262295081962
28.92615418800051,12.856,2.0036429872495445,218.57923497267757,2810.054644808743
28.936235753999426,12.876,2.185792349726776,200.36429872495444,2579.890710382513
28.946317523999824,12.852,2.185792349726776,200.36429872495444,2575.0819672131147
28.956397776000813,12.884,2.185792349726776,200.36429872495444,2581.493624772313
28.966477750000195,12.844,2.185792349726776,218.57923497267757,2807.4316939890705
28.976558074999048,12.884,2.0036429872495445,200.36429872495444,2581.493624772313
28.986640957000418,12.84,2.185792349726776,200.36429872495444,2572.677595628415
28.996722244999546,12.884,2.0036429872495445,200.36429872495444,2581.493624772313
29.006805144999817,12.844,2.185792349726776,218.57923497267757,2807.4316939890705
29.016885377999643,12.88,2.185792349726776,218.57923497267757,2815.300546448087
29.02696542599915,12.848,2.0036429872495445,200.36429872495444,2574.280510018215
29.0370463069994,12.876,2.0036429872495445,200.36429872495444,2579.890710382513
29.0471315399991,12.852,2.185792349726776,218.57923497267757,2809.180327868852
29.05721756999992,12.88,2.185792349726776,200.36429872495444,2580.6921675774133
29.067299857999387,12.852,2.185792349726776,218.57923497267757,2809.180327868852
29.077381388000504,12.88,2.185792349726776,200.36429872495444,2580.6921675774133
29.08746062099999,12.844,2.0036429872495445,200.36429872495444,2573.4790528233148
29.097541982999246,12.876,2.185792349726776,218.57923497267757,2814.4262295081962
29.10762441999941,12.848,2.0036429872495445,200.36429872495444,2574.280510018215
29.117706652999914,12.884,2.185792349726776,200.36429872495444,2581.493624772313
29.127797885999826,12.852,2.185792349726776,218.57923497267757,2809.180327868852
29.137874563999503,12.876,2.0036429872495445,218.57923497267757,2814.4262295081962
29.147952834000534,12.856,2.185792349726776,218.57923497267757,2810.054644808743
29.158031289000064,12.88,2.185792349726776,200.36429872495444,2580.6921675774133
29.16810917099974,12.848,2.185792349726776,200.36429872495444,2574.280510018215
29.178180478000286,12.88,2.0036429872495445,218.57923497267757,2815.300546448087
29.188257767000323,12.84,2.185792349726776,218.57923497267757,2806.55737704918
29.198335258999577,12.884,2.185792349726776,200.36429872495444,2581.493624772313
29.208412455000143,12.844,2.185792349726776,200.36429872495444,2573.4790528233148
29.218489003000286,12.88,2.0036429872495445,218.57923497267757,2815.300546448087
29.22857495899916,12.848,2.0036429872495445,218.57923497267757,2808.3060109289618
29.238659025000743,12.884,2.0036429872495445,218.57923497267757,2816.174863387978
29.248746425000718,12.852,2.0036429872495445,200.36429872495444,2575.0819672131147
29.258829509999487,12.876,2.185792349726776,218.57923497267757,2814.4262295081962
29.268910112999947,12.856,2.0036429872495445,200.36429872495444,2575.8834244080144
29.278994623999097,12.876,2.185792349726776,218.57923497267757,2814.4262295081962
29.28907613499905,12.852,2.0036429872495445,200.36429872495444,2575.0819672131147
29.29915914599951,12.876,2.0036429872495445,200.36429872495444,2579.890710382513
29.309240508000585,12.848,2.185792349726776,218.57923497267757,2808.3060109289618
29.31932262999908,12.88,2.185792349726776,218.57923497267757,2815.300546448087
29.329488416999084,12.844,2.0036429872495445,218.57923497267757,2807.4316939890705
29.33956618800039,12.88,2.185792349726776,200.36429872495444,2580.6921675774133
29.34964304999994,12.852,2.185792349726776,200.36429872495444,2575.0819672131147
29.35972065399983,12.876,2.0036429872495445,218.57923497267757,2814.4262295081962
29.36979736899957,12.852,2.185792349726776,218.57923497267757,2809.180327868852
29.379875897999227,12.876,2.0036429872495445,218.57923497267757,2814.4262295081962
29.38995283499935,12.848,2.0036429872495445,218.57923497267757,2808.3060109289618
29.400029864000317,12.88,2.0036429872495445,200.36429872495444,2580.6921675774133
29.41010711600029,12.836,2.185792349726776,218.57923497267757,2805.6830601092893
29.42018334900058,12.884,2.0036429872495445,200.36429872495444,2581.493624772313
29.430269045000387,12.844,2.185792349726776,200.36429872495444,2573.4790528233148
29.44035027800055,12.884,2.185792349726776,218.57923497267757,2816.174863387978
29.450431233999552,12.848,2.185792349726776,218.57923497267757,2808.3060109289618
29.460512077999738,12.88,2.0036429872495445,218.57923497267757,2815.300546448087
29.470594754999183,12.852,2.185792349726776,218.57923497267757,2809.180327868852
29.4806763029992,12.876,2.0036429872495445,218.57923497267757,2814.4262295081962
29.490759406999132,12.856,2.185792349726776,218.57923497267757,2810.054644808743
29.500841713999762,12.868,2.185792349726776,200.36429872495444,2578.2877959927137
29.510921909999524,12.856,2.185792349726776,200.36429872495444,2575.8834244080144
29.52100314299969,12.876,2.185792349726776,200.36429872495444,2579.890710382513
29.531095135000214,12.848,2.185792349726776,218.57923497267757,2808.3060109289618
29.54117514599966,12.876,2.185792349726776,200.36429872495444,2579.890710382513
29.551258008999866,12.848,2.185792349726776,218.57923497267757,2808.3060109289618
29.561339056999714,12.88,2.185792349726776,218.57923497267757,2815.300546448087
29.571420178999688,12.848,2.0036429872495445,218.57923497267757,2808.3060109289618
29.581500745000085,12.88,2.0036429872495445,200.36429872495444,2580.6921675774133
29.59158164499968,12.852,2.185792349726776,218.57923497267757,2809.180327868852
29.601661045000583,12.876,2.185792349726776,218.57923497267757,2814.4262295081962
29.61174238899912,12.852,2.185792349726776,200.36429872495444,2575.0819672131147
29.621823715000573,12.876,2.0036429872495445,200.36429872495444,2579.890710382513
29.631926650999958,12.856,2.185792349726776,218.57923497267757,2810.054644808743
29.64200793999953,12.88,2.185792349726776,218.57923497267757,2815.300546448087
29.65208870999959,12.848,2.185792349726776,218.57923497267757,2808.3060109289618
29.66216831299971,12.88,2.185792349726776,218.57923497267757,2815.300546448087
29.67224939799962,12.848,2.0036429872495445,200.36429872495444,2574.280510018215
29.682329354000103,12.88,2.185792349726776,218.57923497267757,2815.300546448087
29.692410550000204,12.852,2.0036429872495445,218.57923497267757,2809.180327868852
29.70249141199929,12.872,2.185792349726776,218.57923497267757,2813.551912568306
29.712572922999243,12.856,2.185792349726776,218.57923497267757,2810.054644808743
29.72265308200076,12.868,2.185792349726776,200.36429872495444,2578.2877959927137
29.732756499999596,12.856,2.0036429872495445,200.36429872495444,2575.8834244080144
29.742839307000395,12.876,2.0036429872495445,218.57923497267757,2814.4262295081962
29.752920336999523,12.86,2.185792349726776,200.36429872495444,2576.684881602914
29.763003161999222,12.88,2.0036429872495445,218.57923497267757,2815.300546448087
29.77308450700002,12.848,2.185792349726776,218.57923497267757,2808.3060109289618
29.783159517999593,12.88,1.8214936247723132,200.36429872495444,2580.6921675774133
29.79324128799999,12.844,2.185792349726776,218.57923497267757,2807.4316939890705
29.803322076000768,12.88,2.185792349726776,200.36429872495444,2580.6921675774133
29.813403291000213,12.844,2.185792349726776,200.36429872495444,2573.4790528233148
29.823484542999722,12.876,2.185792349726776,200.36429872495444,2579.890710382513
29.833577998000692,12.856,2.185792349726776,218.57923497267757,2810.054644808743
29.843651805000263,12.876,2.0036429872495445,200.36429872495444,2579.890710382513
29.853729057000237,12.848,2.185792349726776,218.57923497267757,2808.3060109289618
29.863808400999915,12.88,2.0036429872495445,218.57923497267757,2815.300546448087
29.87388515299972,12.848,2.0036429872495445,200.36429872495444,2574.280510018215
29.883962182000687,12.88,2.0036429872495445,200.36429872495444,2580.6921675774133
29.894038897000428,12.848,2.185792349726776,200.36429872495444,2574.280510018215
29.904115760000423,12.876,2.0036429872495445,218.57923497267757,2814.4262295081962
29.914192492999064,12.852,2.185792349726776,200.36429872495444,2575.0819672131147
29.92429485499997,12.868,2.0036429872495445,200.36429872495444,2578.2877959927137
29.934433660999275,12.856,2.185792349726776,218.57923497267757,2810.054644808743
29.94451569100056,12.872,2.185792349726776,218.57923497267757,2813.551912568306
29.954609996999352,12.856,2.185792349726776,200.36429872495444,2575.8834244080144
29.964687231000426,12.872,2.0036429872495445,218.57923497267757,2813.551912568306
29.97476929699951,12.86,2.0036429872495445,200.36429872495444,2576.684881602914
29.984850012000607,12.876,2.0036429872495445,200.36429872495444,2579.890710382513
29.99493226300001,12.852,2.0036429872495445,218.57923497267757,2809.180327868852
