=== Silicon board stepwise campaign 2026-09-15T22:49:44+05:30 ===
Seeds: 3 4 5 6 7 8 9

########## SEED 3 START 2026-09-15T22:49:44+05:30 ##########
=== Seed 3 (export ref x1000=62779) ===
  random_seed=3  keep_ratio=0.125  n_keep=128/1024
Patched /home/bsp-lab/1024-HDC/sw/golden_vectors.h
Patched /home/bsp-lab/1024-HDC/sw/emg_board_vectors.h
Patched /home/bsp-lab/1024-HDC/sw/emg_board_vectors_hdc2.h
Done anchor=C keep=0.125 mode=random mask_density=0.1250 export_ref=67.64%
Set EMG_EXPORT_REF_ACCURACY_X1000 = 62779
=== Waiting for Digilent USB cable ===
Digilent cable detected on /dev/ttyUSB0
=== Anchor C: keep_ratio=0.125 ===
Skipping mask patch for anchor C (HDC_ANCHOR_SKIP_PATCH=1)
Rebuilding Final_HDC_dma_emg.elf ...
   text	   data	    bss	    dec	    hex	filename
  49461	   1472	  61008	 111941	  1b545	/home/bsp-lab/1024-HDC/board/HDC_DMA/app/build/Final_HDC_dma_emg.elf
Running board EMG replay ...
=== HDC Phase 3 EMG replay (hdc_emg_board_test.c) ===
=== Waiting for Digilent USB cable ===
Digilent cable detected on /dev/ttyUSB0
=== Program + poll Phase 3 EMG replay ===
Programming HDC_DMA EMG replay with:
  bitstream: /home/bsp-lab/1024-HDC/board/HDC_DMA/app/_ide/bitstream/design_1_wrapper.bit
  app:       /home/bsp-lab/1024-HDC/board/HDC_DMA/app/build/Final_HDC_dma_emg.elf
  initial APU attempt 1/5 ...
  APU target available
=== JTAG targets ===
  1*
  APU
  2
  ARM
  Cortex-A9
  MPCore
  #0
  (Running)
  3
  ARM
  Cortex-A9
  MPCore
  #1
  (Suspended)
  4
  xc7z020

=== PS7 init before PL (releases PL from reset) ===
  pre-PL APU attempt 1/3 ...
  APU target available
  pre-PL PS7 attempt 1...
Pre-PL PS7 init OK

=== Programming PL bitstream ===
  PL attempt 1
PL programmed successfully via xsdb

=== PS7 init after PL ===
  post-PL APU attempt 1/5 ...
  APU target available
  post-PL PS7 attempt 1...
PS7 initialized
FSBL loaded
HDC_app loaded
Loading emg_board_vectors.bin to DDR 0x02000000 (chunk 65536B) ...
  1.0 / 8.5 MiB
  2.0 / 8.5 MiB
  chunk @ 0x022A0000 attempt 1/20: Memory write error at 0x22A3000. Cannot flush JTAG server queue. ftdi_write_data_submit failed: usb bulk read failed
  3.0 / 8.5 MiB
  chunk @ 0x023C0000 attempt 1/20: Memory write error at 0x23C79E8. Cannot flush JTAG server queue. ftdi_read_data failed: usb bulk read failed
  4.0 / 8.5 MiB
  chunk @ 0x024B0000 attempt 1/20: Memory write error at 0x24B0000. Cannot flush CPU cache. Cannot flush JTAG server queue. ftdi_write_data_submit failed: all fine
  5.0 / 8.5 MiB
  6.0 / 8.5 MiB
  7.0 / 8.5 MiB
  8.0 / 8.5 MiB
Vectors bin loaded (8883216 bytes)
Programming and run complete
CPU running EMG replay — polling @ 0x00100300 (max 7200s)...
22:51:24 magic=0xBEC00005 status=0 n=0 correct=0
22:51:34 magic=0xBEC00005 status=0 n=0 correct=0
22:51:44 magic=0xBEC00005 status=0 n=0 correct=0
22:51:54 magic=0xBEC00005 status=0 n=0 correct=0
22:52:06 magic=0xBEC00005 status=0 n=0 correct=0
22:52:16 magic=0xBEC00005 status=0 n=0 correct=0
22:52:26 magic=0xBEC00005 status=0 n=0 correct=0
22:52:36 magic=0xBEC00005 status=0 n=0 correct=0
22:52:46 magic=0xBEC00005 status=0 n=0 correct=0
22:52:56 magic=0xBEC00005 status=0 n=0 correct=0
22:53:06 magic=0xBEC00005 status=0 n=0 correct=0
22:53:17 magic=0xBEC00005 status=0 n=0 correct=0
22:53:27 magic=0xBEC00005 status=0 n=0 correct=0
22:53:37 magic=0xBEC00005 status=0 n=0 correct=0
22:53:47 magic=0xBEC00005 status=0 n=0 correct=0
22:53:57 magic=0xBEC00005 status=0 n=0 correct=0
22:54:07 magic=0xBEC00005 status=0 n=0 correct=0
22:54:17 magic=0xBEC00005 status=0 n=0 correct=0
22:54:27 magic=0xBEC00005 status=0 n=0 correct=0
22:54:37 magic=0xBEC00005 status=0 n=0 correct=0
22:54:47 magic=0xBEC00005 status=0 n=0 correct=0
22:54:57 magic=0xBEC00005 status=0 n=0 correct=0
22:55:08 magic=0xBEC00005 status=0 n=0 correct=0
22:55:19 magic=0xBEC00005 status=0 n=0 correct=0
22:55:30 magic=0xBEC00005 status=0 n=0 correct=0
22:55:40 magic=0xBEC00005 status=0 n=0 correct=0
22:55:50 magic=0xBEC00005 status=0 n=0 correct=0
22:56:00 magic=0xBEC00005 status=0 n=0 correct=0
22:56:10 magic=0xBEC00005 status=0 n=0 correct=0
22:56:21 magic=0xBEC00005 status=0 n=0 correct=0
22:56:31 magic=0xBEC00005 status=0 n=0 correct=0
22:56:41 magic=0xBEC00005 status=0 n=0 correct=0
22:56:51 magic=0xBEC00005 status=0 n=0 correct=0
22:57:02 magic=0xBEC00005 status=0 n=0 correct=0
22:57:12 magic=0xBEC00005 status=0 n=0 correct=0
22:57:23 magic=0xBEC00005 status=0 n=0 correct=0
22:57:36 magic=0xBEC00005 status=0 n=0 correct=0
22:57:46 magic=0xBEC00005 status=0 n=0 correct=0
22:57:56 magic=0xBEC00005 status=0 n=0 correct=0
22:58:08 magic=0xBEC00005 status=0 n=0 correct=0
22:58:19 magic=0xBEC00005 status=0 n=0 correct=0
22:58:29 magic=0xBEC00005 status=0 n=0 correct=0
22:58:41 magic=0xBEC00005 status=0 n=0 correct=0
22:58:51 magic=0xBEC00005 status=0 n=0 correct=0
22:59:01 magic=0xBEC00005 status=0 n=0 correct=0
22:59:11 magic=0xBEC00005 status=0 n=0 correct=0
22:59:21 magic=0xBEC00005 status=0 n=0 correct=0
22:59:31 magic=0xBEC00005 status=0 n=0 correct=0
22:59:41 magic=0xBEC00005 status=0 n=0 correct=0
22:59:51 magic=0xBEC00005 status=0 n=0 correct=0
23:00:01 magic=0xBEC00005 status=0 n=0 correct=0
23:00:11 magic=0xBEC00005 status=0 n=0 correct=0
23:00:21 magic=0xBEC00005 status=0 n=0 correct=0
23:00:31 magic=0xBEC00005 status=0 n=0 correct=0
23:00:41 magic=0xBEC00005 status=0 n=0 correct=0
23:00:51 magic=0xBEC00005 status=0 n=0 correct=0
23:01:01 magic=0xBEC00005 status=0 n=0 correct=0
23:01:12 magic=0xBEC00005 status=0 n=0 correct=0
23:01:29 magic=0xBEC00005 status=0 n=0 correct=0
23:01:39 magic=0xBEC00005 status=0 n=0 correct=0
23:01:52 magic=0xBEC00005 status=0 n=0 correct=0
23:02:02 magic=0xBEC00005 status=0 n=0 correct=0
23:02:12 magic=0xBEC00005 status=0 n=0 correct=0
23:02:23 magic=0xBEC00005 status=0 n=0 correct=0
23:02:33 magic=0xBEC00005 status=0 n=0 correct=0
23:02:43 magic=0xBEC00005 status=0 n=0 correct=0
23:02:54 magic=0xBEC00005 status=0 n=0 correct=0
23:03:04 magic=0xBEC00005 status=0 n=0 correct=0
23:03:19 magic=0xBEC00005 status=0 n=0 correct=0
23:03:31 magic=0xBEC00005 status=0 n=0 correct=0
23:03:41 magic=0xBEC00005 status=0 n=0 correct=0
23:03:51 magic=0xBEC00005 status=0 n=0 correct=0
23:04:01 magic=0xBEC00005 status=0 n=0 correct=0
23:04:11 magic=0xBEC00005 status=0 n=0 correct=0
23:04:21 magic=0xBEC00005 status=0 n=0 correct=0
23:04:31 magic=0xBEC00005 status=0 n=0 correct=0
23:04:42 magic=0xBEC00005 status=0 n=0 correct=0
23:04:52 magic=0xBEC00005 status=0 n=0 correct=0
23:05:02 magic=0xBEC00005 status=0 n=0 correct=0
23:05:12 magic=0xBEC00005 status=0 n=0 correct=0
23:05:22 magic=0xBEC00005 status=0 n=0 correct=0
23:05:32 magic=0xBEC00005 status=0 n=0 correct=0
23:05:42 magic=0xBEC00005 status=0 n=0 correct=0
23:05:52 magic=0xBEC00005 status=0 n=0 correct=0
23:06:02 magic=0xBEC00005 status=0 n=0 correct=0
23:06:15 magic=0xBEC00005 status=0 n=0 correct=0
23:06:25 magic=0xBEC00005 status=0 n=0 correct=0
23:06:35 magic=0xBEC00005 status=0 n=0 correct=0
23:06:46 magic=0xBEC00005 status=0 n=0 correct=0
23:06:56 magic=0xBEC00005 status=0 n=0 correct=0
23:07:06 magic=0xBEC00005 status=0 n=0 correct=0
23:07:16 magic=0xBEC00005 status=0 n=0 correct=0
23:07:26 magic=0xBEC00005 status=0 n=0 correct=0
23:07:38 magic=0xBEC00005 status=0 n=0 correct=0
23:07:52 magic=0xBEC00005 status=0 n=0 correct=0
23:08:02 magic=0xBEC00005 status=0 n=0 correct=0
23:08:13 magic=0xBEC00005 status=0 n=0 correct=0
23:08:23 magic=0xBEC00005 status=0 n=0 correct=0
23:08:34 magic=0xBEC00005 status=0 n=0 correct=0
23:08:45 magic=0xBEC00005 status=0 n=0 correct=0
23:08:57 magic=0xBEC00005 status=0 n=0 correct=0
23:09:07 magic=0xBEC00005 status=0 n=0 correct=0
23:09:17 magic=0xBEC00005 status=0 n=0 correct=0
23:09:27 magic=0xBEC00005 status=0 n=0 correct=0
23:09:37 magic=0xBEC00005 status=0 n=0 correct=0
23:09:48 magic=0xBEC00005 status=0 n=0 correct=0
23:09:59 magic=0xBEC00005 status=0 n=0 correct=0
23:10:09 magic=0xBEC00005 status=0 n=0 correct=0
23:10:19 magic=0xBEC00005 status=0 n=0 correct=0
23:10:29 magic=0xBEC00005 status=0 n=0 correct=0
23:10:41 magic=0xBEC00005 status=0 n=0 correct=0
23:10:51 magic=0xBEC00005 status=0 n=0 correct=0
23:11:01 magic=0xBEC00005 status=0 n=0 correct=0
23:11:11 magic=0xBEC00005 status=0 n=0 correct=0
23:11:21 magic=0xBEC00005 status=0 n=0 correct=0
23:11:36 magic=0xBEC00005 status=0 n=0 correct=0
23:11:46 magic=0xBEC00005 status=0 n=0 correct=0
23:11:56 magic=0xBEC00005 status=0 n=0 correct=0
23:12:06 magic=0xBEC00005 status=0 n=0 correct=0
23:12:16 magic=0xBEC00005 status=0 n=0 correct=0
23:12:26 magic=0xBEC00005 status=0 n=0 correct=0
23:12:36 magic=0xBEC00005 status=0 n=0 correct=0
23:12:46 magic=0xBEC00005 status=0 n=0 correct=0
23:12:56 magic=0xBEC00005 status=0 n=0 correct=0
23:13:06 magic=0xBEC00005 status=0 n=0 correct=0
23:13:17 magic=0xBEC00005 status=0 n=0 correct=0
23:13:27 magic=0xBEC00005 status=0 n=0 correct=0
23:13:37 magic=0xBEC00005 status=0 n=0 correct=0
23:13:47 magic=0xBEC00005 status=0 n=0 correct=0
23:13:57 magic=0xBEC00005 status=0 n=0 correct=0
23:14:12 magic=0xBEC00005 status=0 n=0 correct=0
23:14:22 magic=0xBEC00005 status=0 n=0 correct=0
23:14:32 magic=0xBEC00005 status=0 n=0 correct=0
23:14:44 magic=0xBEC00005 status=0 n=0 correct=0
23:14:54 magic=0xBEC00005 status=0 n=0 correct=0
23:15:04 magic=0xBEC00005 status=0 n=0 correct=0
23:15:15 magic=0xBEC00005 status=0 n=0 correct=0
23:15:25 magic=0xBEC00005 status=0 n=0 correct=0
23:15:35 magic=0xBEC00005 status=0 n=0 correct=0
23:15:45 magic=0xBEC00005 status=0 n=0 correct=0
23:15:55 magic=0xBEC00005 status=0 n=0 correct=0
23:16:05 magic=0xBEC00005 status=0 n=0 correct=0
23:16:15 magic=0xBEC00005 status=0 n=0 correct=0
23:16:25 magic=0xBEC00005 status=0 n=0 correct=0
23:16:35 magic=0xBEC00005 status=0 n=0 correct=0
23:16:45 magic=0xBEC00005 status=0 n=0 correct=0
23:16:55 magic=0xBEC00005 status=0 n=0 correct=0
23:17:05 magic=0xBEC00005 status=0 n=0 correct=0
23:17:16 magic=0xBEC00005 status=0 n=0 correct=0
23:17:26 magic=0xBEC00005 status=0 n=0 correct=0
23:17:36 magic=0xBEC00005 status=0 n=0 correct=0
23:17:46 magic=0xBEC00005 status=0 n=0 correct=0
23:17:56 magic=0xBEC00005 status=0 n=0 correct=0
23:18:06 magic=0xBEC00005 status=0 n=0 correct=0
23:18:16 magic=0xBEC00005 status=0 n=0 correct=0
23:18:26 magic=0xBEC00005 status=0 n=0 correct=0
23:18:36 magic=0xBEC00005 status=0 n=0 correct=0
23:18:46 magic=0xBEC00005 status=0 n=0 correct=0
23:18:56 magic=0xBEC00005 status=0 n=0 correct=0
23:19:06 magic=0xBEC00005 status=0 n=0 correct=0
23:19:17 magic=0xBEC00005 status=0 n=0 correct=0
23:19:27 magic=0xBEC00005 status=0 n=0 correct=0
23:19:37 magic=0xBEC00005 status=0 n=0 correct=0
23:19:47 magic=0xBEC00005 status=0 n=0 correct=0
23:19:58 magic=0xBEC00005 status=0 n=0 correct=0
23:20:09 magic=0xBEC00005 status=0 n=0 correct=0
23:20:21 magic=0xBEC00005 status=0 n=0 correct=0
23:20:31 magic=0xBEC00005 status=0 n=0 correct=0
23:20:41 magic=0xBEC00005 status=0 n=0 correct=0
23:20:52 magic=0xBEC00005 status=0 n=0 correct=0
23:21:02 magic=0xBEC00005 status=0 n=0 correct=0
23:21:12 magic=0xBEC00005 status=0 n=0 correct=0
23:21:22 magic=0xBEC00005 status=0 n=0 correct=0
23:21:32 magic=0xBEC00005 status=0 n=0 correct=0
23:21:42 magic=0xBEC00005 status=0 n=0 correct=0
23:21:52 magic=0xBEC00005 status=0 n=0 correct=0
23:22:02 magic=0xBEC00005 status=0 n=0 correct=0
23:22:13 magic=0xBEC00005 status=0 n=0 correct=0
23:22:25 magic=0xBEC00005 status=0 n=0 correct=0
23:22:36 magic=0xBEC00005 status=0 n=0 correct=0
23:22:51 magic=0xBEC00005 status=0 n=0 correct=0
23:23:02 magic=0xBEC00005 status=0 n=0 correct=0
23:23:13 magic=0xBEC00005 status=0 n=0 correct=0
23:23:23 magic=0xBEC00005 status=0 n=0 correct=0
23:23:35 magic=0xBEC00005 status=0 n=0 correct=0
23:23:46 magic=0xBEC00005 status=0 n=0 correct=0
23:23:56 magic=0xBEC00005 status=0 n=0 correct=0
23:24:07 magic=0xBEC00005 status=0 n=0 correct=0
23:24:17 magic=0xBEC00005 status=0 n=0 correct=0
23:24:30 magic=0xBEC00005 status=0 n=0 correct=0
23:24:40 magic=0xBEC00005 status=0 n=0 correct=0
23:24:51 magic=0xBEC00005 status=0 n=0 correct=0
23:25:02 magic=0xBEC00005 status=0 n=0 correct=0
23:25:12 magic=0xBEC00005 status=0 n=0 correct=0
23:25:24 magic=0xBEC00005 status=0 n=0 correct=0
23:25:34 magic=0xBEC00005 status=0 n=0 correct=0
23:25:45 magic=0xBEC00005 status=0 n=0 correct=0
23:25:55 magic=0xBEC00005 status=0 n=0 correct=0
23:26:05 magic=0xBEC00005 status=0 n=0 correct=0
23:26:21 magic=0xBEC00005 status=0 n=0 correct=0
23:26:31 magic=0xBEC00005 status=0 n=0 correct=0
23:26:41 magic=0xBEC00005 status=0 n=0 correct=0
23:26:53 magic=0xBEC00005 status=0 n=0 correct=0
23:27:03 magic=0xBEC00005 status=0 n=0 correct=0
23:27:14 magic=0xBEC00005 status=0 n=0 correct=0
23:27:24 magic=0xBEC00005 status=0 n=0 correct=0
23:27:34 magic=0xBEC00005 status=0 n=0 correct=0
23:27:44 magic=0xBEC00005 status=0 n=0 correct=0
23:27:54 magic=0xBEC00005 status=0 n=0 correct=0
23:28:04 magic=0xBEC00005 status=0 n=0 correct=0
23:28:14 magic=0xBEC00005 status=0 n=0 correct=0
23:28:24 magic=0xBEC00005 status=0 n=0 correct=0
23:28:35 magic=0xBEC00005 status=0 n=0 correct=0
23:28:45 magic=0xBEC00005 status=0 n=0 correct=0
23:28:55 magic=0xBEC00005 status=0 n=0 correct=0
23:29:09 magic=0xBEC00005 status=0 n=0 correct=0
23:29:19 magic=0xBEC00005 status=0 n=0 correct=0
23:29:31 magic=0xBEC00005 status=0 n=0 correct=0
23:29:42 magic=0xBEC00005 status=0 n=0 correct=0
23:29:53 magic=0xBEC00005 status=0 n=0 correct=0
23:30:03 magic=0xBEC00005 status=0 n=0 correct=0
23:30:14 magic=0xBEC00005 status=0 n=0 correct=0
23:30:26 magic=0xBEC00005 status=0 n=0 correct=0
23:30:36 magic=0xBEC00005 status=0 n=0 correct=0
23:30:46 magic=0xBEC00005 status=0 n=0 correct=0
23:30:57 magic=0xBEC00005 status=0 n=0 correct=0
23:31:07 magic=0xBEC00005 status=0 n=0 correct=0
23:31:17 magic=0xBEC00005 status=0 n=0 correct=0
23:31:27 magic=0xBEC00005 status=0 n=0 correct=0
23:31:39 magic=0xBEC00005 status=0 n=0 correct=0
23:31:49 magic=0xBEC00005 status=0 n=0 correct=0
23:32:00 magic=0xBEC00005 status=0 n=0 correct=0
23:32:10 magic=0xBEC00005 status=0 n=0 correct=0
23:32:21 magic=0xBEC00005 status=0 n=0 correct=0
23:32:32 magic=0xBEC00005 status=0 n=0 correct=0
23:32:42 magic=0xBEC00005 status=0 n=0 correct=0
23:32:52 magic=0xBEC00005 status=0 n=0 correct=0
23:33:03 magic=0xBEC00005 status=0 n=0 correct=0
23:33:15 magic=0xBEC00005 status=0 n=0 correct=0
23:33:25 magic=0xBEC00005 status=0 n=0 correct=0
23:33:35 magic=0xBEC00005 status=0 n=0 correct=0
23:33:46 magic=0xBEC00005 status=0 n=0 correct=0
23:33:56 magic=0xBEC00005 status=0 n=0 correct=0
23:34:06 magic=0xBEC00005 status=0 n=0 correct=0
23:34:17 magic=0xBEC00005 status=0 n=0 correct=0
23:34:27 magic=0xBEC00005 status=0 n=0 correct=0
23:34:38 magic=0xBEC00005 status=0 n=0 correct=0
23:34:49 magic=0xBEC00005 status=0 n=0 correct=0
23:34:59 magic=0xBEC00005 status=0 n=0 correct=0
23:35:09 magic=0xBEC00005 status=0 n=0 correct=0
23:35:19 magic=0xBEC00005 status=0 n=0 correct=0
23:35:29 magic=0xBEC00005 status=0 n=0 correct=0
23:35:40 magic=0xBEC00005 status=0 n=0 correct=0
23:35:50 magic=0xBEC00005 status=0 n=0 correct=0
23:36:00 magic=0xBEC00005 status=0 n=0 correct=0
23:36:10 magic=0xBEC00005 status=0 n=0 correct=0
23:36:22 magic=0xBEC00005 status=0 n=0 correct=0
23:36:33 magic=0xBEC00005 status=0 n=0 correct=0
23:36:44 magic=0xBEC00005 status=0 n=0 correct=0
23:36:54 magic=0xBEC00005 status=0 n=0 correct=0
23:37:04 magic=0xBEC00005 status=0 n=0 correct=0
23:37:15 magic=0xBEC00005 status=0 n=0 correct=0
23:37:26 magic=0xBEC00005 status=0 n=0 correct=0
23:37:36 magic=0xBEC00005 status=0 n=0 correct=0
23:37:46 magic=0xBEC00005 status=0 n=0 correct=0
23:37:56 magic=0xBEC00005 status=0 n=0 correct=0
23:38:06 magic=0xBEC00005 status=0 n=0 correct=0
23:38:17 magic=0xBEC00005 status=0 n=0 correct=0
23:38:27 magic=0xBEC00005 status=0 n=0 correct=0
23:38:37 magic=0xBEC00005 status=0 n=0 correct=0
23:38:47 magic=0xBEC00005 status=0 n=0 correct=0
23:38:57 magic=0xBEC00005 status=0 n=0 correct=0
23:39:08 magic=0xBEC00005 status=0 n=0 correct=0
23:39:18 magic=0xBEC00005 status=0 n=0 correct=0
23:39:28 magic=0xBEC00005 status=0 n=0 correct=0
23:39:39 magic=0xBEC00005 status=0 n=0 correct=0
23:39:50 magic=0xBEC00005 status=0 n=0 correct=0
23:40:00 magic=0xBEC00005 status=0 n=0 correct=0
23:40:10 magic=0xBEC00005 status=0 n=0 correct=0
23:40:20 magic=0xBEC00005 status=0 n=0 correct=0
23:40:30 magic=0xBEC00005 status=0 n=0 correct=0
23:40:40 magic=0xBEC00005 status=0 n=0 correct=0
23:40:50 magic=0xBEC00005 status=0 n=0 correct=0
23:41:00 magic=0xBEC00005 status=0 n=0 correct=0
23:41:11 magic=0xBEC00005 status=0 n=0 correct=0
23:41:23 magic=0xBEC00005 status=0 n=0 correct=0
23:41:34 magic=0xBEC00005 status=0 n=0 correct=0
23:41:45 magic=0xBEC00005 status=0 n=0 correct=0
23:41:56 magic=0xBEC00005 status=0 n=0 correct=0
23:42:07 magic=0xBEC00005 status=0 n=0 correct=0
23:42:18 magic=0xBEC00005 status=0 n=0 correct=0
23:42:29 magic=0xBEC00005 status=0 n=0 correct=0
23:42:39 magic=0xBEC00005 status=0 n=0 correct=0
23:42:49 magic=0xBEC00005 status=0 n=0 correct=0
23:43:01 magic=0xBEC00005 status=0 n=0 correct=0
23:43:11 magic=0xBEC00005 status=0 n=0 correct=0
23:43:22 magic=0xBEC00005 status=0 n=0 correct=0
23:43:32 magic=0xBEC00005 status=0 n=0 correct=0
23:43:42 magic=0xBEC00005 status=0 n=0 correct=0
23:43:53 magic=0xBEC00005 status=0 n=0 correct=0
23:44:05 magic=0xBEC00005 status=0 n=0 correct=0
23:44:16 magic=0xBEC00005 status=0 n=0 correct=0
23:44:26 magic=0xBEC00005 status=0 n=0 correct=0
23:44:38 magic=0xBEC00005 status=0 n=0 correct=0
23:44:54 magic=0xBEC00005 status=0 n=0 correct=0
23:45:04 magic=0xBEC00005 status=0 n=0 correct=0
23:45:14 magic=0xBEC00005 status=0 n=0 correct=0
23:45:24 magic=0xBEC00005 status=0 n=0 correct=0
23:45:34 magic=0xBEC00005 status=0 n=0 correct=0
23:45:45 magic=0xBEC00005 status=0 n=0 correct=0
23:45:56 magic=0xBEC00005 status=0 n=0 correct=0
23:46:07 magic=0xBEC00005 status=0 n=0 correct=0
23:46:17 magic=0xBEC00005 status=0 n=0 correct=0
23:46:27 magic=0xBEC00005 status=0 n=0 correct=0
23:46:39 magic=0xBEC00005 status=0 n=0 correct=0
23:46:50 magic=0xBEC00005 status=0 n=0 correct=0
23:47:00 magic=0xBEC00005 status=0 n=0 correct=0
23:47:12 magic=0xBEC00005 status=0 n=0 correct=0
23:47:22 magic=0xBEC00005 status=0 n=0 correct=0
23:47:32 magic=0xBEC00005 status=0 n=0 correct=0
23:47:42 magic=0xBEC00005 status=0 n=0 correct=0
23:47:52 magic=0xBEC00005 status=0 n=0 correct=0
23:48:02 magic=0xBEC00005 status=0 n=0 correct=0
23:48:15 magic=0xBEC00005 status=0 n=0 correct=0
23:48:25 magic=0xBEC00005 status=0 n=0 correct=0
23:48:37 magic=0xBEC00005 status=0 n=0 correct=0
23:48:48 magic=0xBEC00005 status=0 n=0 correct=0
23:49:00 magic=0xBEC00005 status=0 n=0 correct=0
23:49:10 magic=0xBEC00005 status=0 n=0 correct=0
23:49:20 magic=0xBEC00005 status=0 n=0 correct=0
23:49:30 magic=0xBEC00005 status=0 n=0 correct=0
23:49:41 magic=0xBEC00005 status=0 n=0 correct=0
23:49:51 magic=0xBEC00005 status=0 n=0 correct=0
23:50:02 magic=0xBEC00005 status=0 n=0 correct=0
23:50:12 magic=0xBEC00005 status=0 n=0 correct=0
23:50:22 magic=0xBEC00005 status=0 n=0 correct=0
23:50:32 magic=0xBEC00005 status=0 n=0 correct=0
23:50:43 magic=0xBEC00005 status=0 n=0 correct=0
23:50:53 magic=0xBEC00005 status=0 n=0 correct=0
23:51:04 magic=0xBEC00005 status=0 n=0 correct=0
23:51:16 magic=0xBEC00005 status=0 n=0 correct=0
23:51:26 magic=0xBEC00005 status=0 n=0 correct=0
23:51:36 magic=0xBEC00005 status=0 n=0 correct=0
23:51:46 magic=0xBEC00005 status=0 n=0 correct=0
23:51:58 magic=0xBEC00005 status=0 n=0 correct=0
23:52:11 magic=0xBEC00005 status=0 n=0 correct=0
23:52:21 magic=0xBEC00005 status=0 n=0 correct=0
23:52:31 magic=0xBEC00005 status=0 n=0 correct=0
23:52:41 magic=0xBEC00005 status=0 n=0 correct=0
23:52:53 magic=0xBEC00005 status=0 n=0 correct=0
23:53:03 magic=0xBEC00005 status=0 n=0 correct=0
23:53:14 magic=0xBEC00005 status=0 n=0 correct=0
23:53:25 magic=0xBEC00005 status=0 n=0 correct=0
23:53:35 magic=0xBEC00005 status=0 n=0 correct=0
23:53:46 magic=0xBEC00005 status=0 n=0 correct=0
23:53:56 magic=0xBEC00005 status=0 n=0 correct=0
23:54:07 magic=0xBEC00005 status=0 n=0 correct=0
23:54:17 magic=0xBEC00005 status=0 n=0 correct=0
23:54:27 magic=0xBEC00005 status=0 n=0 correct=0
23:54:37 magic=0xBEC00005 status=0 n=0 correct=0
23:54:52 magic=0xBEC00005 status=0 n=0 correct=0
23:55:02 magic=0xBEC00005 status=0 n=0 correct=0
23:55:12 magic=0xBEC00005 status=0 n=0 correct=0
23:55:22 magic=0xBEC00005 status=0 n=0 correct=0
23:55:32 magic=0xBEC00005 status=0 n=0 correct=0
23:55:42 magic=0xBEC00005 status=0 n=0 correct=0
23:55:54 magic=0xBEC00005 status=0 n=0 correct=0
23:56:05 magic=0xBEC00005 status=0 n=0 correct=0
23:56:18 magic=0xBEC00005 status=0 n=0 correct=0
23:56:28 magic=0xBEC00005 status=0 n=0 correct=0
23:56:38 magic=0xBEC00005 status=0 n=0 correct=0
23:56:48 magic=0xBEC00005 status=0 n=0 correct=0
23:56:58 magic=0xBEC00005 status=0 n=0 correct=0
23:57:08 magic=0xBEC00005 status=0 n=0 correct=0
23:57:18 magic=0xBEC00005 status=0 n=0 correct=0
23:57:28 magic=0xBEC00005 status=0 n=0 correct=0
23:57:38 magic=0xBEC00005 status=0 n=0 correct=0
23:57:48 magic=0xBEC00005 status=0 n=0 correct=0
23:58:02 magic=0xBEC00005 status=0 n=0 correct=0
23:58:14 magic=0xBEC00005 status=0 n=0 correct=0
23:58:24 magic=0xBEC00005 status=0 n=0 correct=0
23:58:34 magic=0xBEC00005 status=0 n=0 correct=0
23:58:45 magic=0xBEC00005 status=0 n=0 correct=0
23:58:55 magic=0xBEC00005 status=0 n=0 correct=0
23:59:06 magic=0xBEC00005 status=0 n=0 correct=0
23:59:16 magic=0xBEC00005 status=0 n=0 correct=0
23:59:26 magic=0xBEC00005 status=0 n=0 correct=0
23:59:36 magic=0xBEC00005 status=0 n=0 correct=0
23:59:46 magic=0xBEC00005 status=0 n=0 correct=0
23:59:56 magic=0xBEC00005 status=0 n=0 correct=0
00:00:07 magic=0xBEC00005 status=0 n=0 correct=0
00:00:17 magic=0xBEC00005 status=0 n=0 correct=0
00:00:27 magic=0xBEC00005 status=0 n=0 correct=0
00:00:38 magic=0xBEC00005 status=0 n=0 correct=0
00:00:49 magic=0xBEC00005 status=0 n=0 correct=0
00:01:06 magic=0xBEC00005 status=0 n=0 correct=0
00:01:16 magic=0xBEC00005 status=0 n=0 correct=0
00:01:29 magic=0xBEC00005 status=0 n=0 correct=0
00:01:39 magic=0xBEC00005 status=0 n=0 correct=0
00:01:50 magic=0xBEC00005 status=0 n=0 correct=0
00:02:06 magic=0xBEC00005 status=0 n=0 correct=0
00:02:16 magic=0xBEC00005 status=0 n=0 correct=0
00:02:27 magic=0xBEC00005 status=0 n=0 correct=0
00:02:37 magic=0xBEC00005 status=0 n=0 correct=0
00:02:48 magic=0xBEC00005 status=0 n=0 correct=0
00:02:58 magic=0xBEC00005 status=0 n=0 correct=0
00:03:08 magic=0xBEC00005 status=0 n=0 correct=0
00:03:19 magic=0xBEC00005 status=0 n=0 correct=0
00:03:30 magic=0xBEC00005 status=0 n=0 correct=0
00:03:40 magic=0xBEC00005 status=0 n=0 correct=0
00:03:50 magic=0xBEC00005 status=0 n=0 correct=0
00:04:01 magic=0xBEC00005 status=0 n=0 correct=0
00:04:12 magic=0xBEC00005 status=0 n=0 correct=0
00:04:23 magic=0xBEC00005 status=0 n=0 correct=0
00:04:33 magic=0xBEC00005 status=0 n=0 correct=0
00:04:47 magic=0xBEC00005 status=0 n=0 correct=0
00:04:57 magic=0xBEC00005 status=0 n=0 correct=0
00:05:07 magic=0xBEC00005 status=0 n=0 correct=0
00:05:17 magic=0xBEC00005 status=0 n=0 correct=0
00:05:27 magic=0xBEC00005 status=0 n=0 correct=0
00:05:37 magic=0xBEC00005 status=0 n=0 correct=0
00:05:47 magic=0xBEC00005 status=0 n=0 correct=0
00:05:59 magic=0xBEC00005 status=0 n=0 correct=0
00:06:11 magic=0xBEC00005 status=0 n=0 correct=0
00:06:23 magic=0xBEC00005 status=0 n=0 correct=0
00:06:33 magic=0xBEC00005 status=0 n=0 correct=0
00:06:43 magic=0xBEC00005 status=0 n=0 correct=0
00:06:53 magic=0xBEC00005 status=0 n=0 correct=0
00:07:03 magic=0xBEC00005 status=0 n=0 correct=0
00:07:13 magic=0xBEC00005 status=0 n=0 correct=0
00:07:23 magic=0xBEC00005 status=0 n=0 correct=0
00:07:33 magic=0xBEC00005 status=0 n=0 correct=0
00:07:43 magic=0xBEC00005 status=0 n=0 correct=0
00:07:55 magic=0xBEC00005 status=0 n=0 correct=0
00:08:05 magic=0xBEC00005 status=0 n=0 correct=0
00:08:15 magic=0xBEC00005 status=0 n=0 correct=0
00:08:25 magic=0xBEC00005 status=0 n=0 correct=0
00:08:36 magic=0xBEC00005 status=0 n=0 correct=0
00:08:47 magic=0xBEC00005 status=0 n=0 correct=0
00:08:57 magic=0xBEC00005 status=0 n=0 correct=0
00:09:08 magic=0xBEC00005 status=0 n=0 correct=0
00:09:18 magic=0xBEC00005 status=0 n=0 correct=0
00:09:28 magic=0xBEC00005 status=0 n=0 correct=0
00:09:40 magic=0xBEC00005 status=0 n=0 correct=0
00:10:02 magic=0xBEC00005 status=0 n=0 correct=0
00:10:14 magic=0xBEC00005 status=0 n=0 correct=0
00:10:24 magic=0xBEC00005 status=0 n=0 correct=0
00:10:36 magic=0xBEC00005 status=0 n=0 correct=0
00:10:46 magic=0xBEC00005 status=0 n=0 correct=0
00:11:03 magic=0xBEC00005 status=0 n=0 correct=0
00:11:16 magic=0xBEC00005 status=0 n=0 correct=0
00:11:27 magic=0xBEC00005 status=0 n=0 correct=0
00:11:38 magic=0xBEC00005 status=0 n=0 correct=0
00:11:48 magic=0xBEC00005 status=0 n=0 correct=0
00:11:58 magic=0xBEC00005 status=0 n=0 correct=0
00:12:10 magic=0xBEC00005 status=0 n=0 correct=0
00:12:20 magic=0xBEC00005 status=0 n=0 correct=0
00:12:30 magic=0xBEC00005 status=0 n=0 correct=0
00:12:41 magic=0xBEC00005 status=0 n=0 correct=0
00:12:51 magic=0xBEC00005 status=0 n=0 correct=0
00:13:01 magic=0xBEC00005 status=0 n=0 correct=0
00:13:11 magic=0xBEC00005 status=0 n=0 correct=0
00:13:21 magic=0xBEC00005 status=0 n=0 correct=0
00:13:31 magic=0xBEC00005 status=0 n=0 correct=0
00:13:44 magic=0xBEC00005 status=0 n=0 correct=0
00:13:54 magic=0xBEC00005 status=0 n=0 correct=0
00:14:04 magic=0xBEC00005 status=0 n=0 correct=0
00:14:15 magic=0xBEC00005 status=0 n=0 correct=0
00:14:25 magic=0xBEC00005 status=0 n=0 correct=0
00:14:35 magic=0xBEC00005 status=0 n=0 correct=0
00:14:50 magic=0xBEC00005 status=0 n=0 correct=0
00:15:02 magic=0xBEC00005 status=0 n=0 correct=0
00:15:14 magic=0xBEC00005 status=0 n=0 correct=0
00:15:24 magic=0xBEC00005 status=0 n=0 correct=0
00:15:34 magic=0xBEC00005 status=0 n=0 correct=0
00:15:44 magic=0xBEC00005 status=0 n=0 correct=0
00:15:55 magic=0xBEC00005 status=0 n=0 correct=0
00:16:11 magic=0xBEC00005 status=0 n=0 correct=0
00:16:21 magic=0xBEC00005 status=0 n=0 correct=0
00:16:31 magic=0xBEC00005 status=0 n=0 correct=0
00:16:41 magic=0xBEC00005 status=0 n=0 correct=0
00:16:52 magic=0xBEC00005 status=0 n=0 correct=0
00:17:02 magic=0xBEC00005 status=0 n=0 correct=0
00:17:12 magic=0xBEC00005 status=0 n=0 correct=0
00:17:22 magic=0xBEC00005 status=0 n=0 correct=0
00:17:32 magic=0xBEC00005 status=0 n=0 correct=0
00:17:42 magic=0xBEC00005 status=0 n=0 correct=0
00:17:53 magic=0xBEC00005 status=0 n=0 correct=0
00:18:03 magic=0xBEC00005 status=0 n=0 correct=0
00:18:14 magic=0xBEC00005 status=0 n=0 correct=0
00:18:26 magic=0xBEC00005 status=0 n=0 correct=0
00:18:36 magic=0xBEC00005 status=0 n=0 correct=0
00:18:46 magic=0xBEC00005 status=0 n=0 correct=0
00:18:56 magic=0xBEC00005 status=0 n=0 correct=0
00:19:06 magic=0xBEC00005 status=0 n=0 correct=0
00:19:16 magic=0xBEC00005 status=0 n=0 correct=0
00:19:26 magic=0xBEC00005 status=0 n=0 correct=0
00:19:38 magic=0xBEC00005 status=0 n=0 correct=0
00:19:50 magic=0xBEC00005 status=0 n=0 correct=0
00:20:00 magic=0xBEC00005 status=0 n=0 correct=0
00:20:10 magic=0xBEC00005 status=0 n=0 correct=0
00:20:22 magic=0xBEC00005 status=0 n=0 correct=0
00:20:33 magic=0xBEC00005 status=0 n=0 correct=0
00:20:44 magic=0xBEC00005 status=0 n=0 correct=0
00:20:54 magic=0xBEC00005 status=0 n=0 correct=0
00:21:04 magic=0xBEC00005 status=0 n=0 correct=0
00:21:14 magic=0xBEC00005 status=0 n=0 correct=0
00:21:24 magic=0xBEC00005 status=0 n=0 correct=0
00:21:35 magic=0xBEC00005 status=0 n=0 correct=0
00:21:45 magic=0xBEC00005 status=0 n=0 correct=0
00:21:55 magic=0xBEC00005 status=0 n=0 correct=0
00:22:05 magic=0xBEC00005 status=0 n=0 correct=0
00:22:16 magic=0xBEC00005 status=0 n=0 correct=0
00:22:26 magic=0xBEC00005 status=0 n=0 correct=0
00:22:36 magic=0xBEC00005 status=0 n=0 correct=0
00:22:46 magic=0xBEC00005 status=0 n=0 correct=0
00:22:56 magic=0xBEC00005 status=0 n=0 correct=0
00:23:07 magic=0xBEC00005 status=0 n=0 correct=0
00:23:17 magic=0xBEC00005 status=0 n=0 correct=0
00:23:27 magic=0xBEC00005 status=0 n=0 correct=0
00:23:39 magic=0xBEC00005 status=0 n=0 correct=0
00:23:49 magic=0xBEC00005 status=0 n=0 correct=0
00:23:59 magic=0xBEC00005 status=0 n=0 correct=0
00:24:09 magic=0xBEC00005 status=0 n=0 correct=0
00:24:19 magic=0xBEC00005 status=0 n=0 correct=0
00:24:29 magic=0xBEC00005 status=0 n=0 correct=0
00:24:39 magic=0xBEC00005 status=0 n=0 correct=0
00:24:51 magic=0xBEC00005 status=0 n=0 correct=0
00:25:03 magic=0xBEC00005 status=0 n=0 correct=0
00:25:13 magic=0xBEC00005 status=0 n=0 correct=0
00:25:23 magic=0xBEC00005 status=0 n=0 correct=0
00:25:33 magic=0xBEC00005 status=0 n=0 correct=0
00:25:44 magic=0xBEC00005 status=0 n=0 correct=0
00:25:55 magic=0xBEC00005 status=0 n=0 correct=0
00:26:06 magic=0xBEC00005 status=0 n=0 correct=0
00:26:16 magic=0xBEC00005 status=0 n=0 correct=0
00:26:26 magic=0xBEC00005 status=0 n=0 correct=0
00:26:36 magic=0xBEC00005 status=0 n=0 correct=0
00:26:49 magic=0xBEC00005 status=0 n=0 correct=0
00:26:59 magic=0xBEC00005 status=0 n=0 correct=0
00:27:12 magic=0xBEC00005 status=0 n=0 correct=0
00:27:22 magic=0xBEC00005 status=0 n=0 correct=0
00:27:32 magic=0xBEC00005 status=0 n=0 correct=0
00:27:42 magic=0xBEC00005 status=0 n=0 correct=0
00:27:52 magic=0xBEC00005 status=0 n=0 correct=0
00:28:03 magic=0xBEC00005 status=0 n=0 correct=0
00:28:13 magic=0xBEC00005 status=0 n=0 correct=0
00:28:23 magic=0xBEC00005 status=0 n=0 correct=0
00:28:34 magic=0xBEC00005 status=0 n=0 correct=0
00:28:44 magic=0xBEC00005 status=0 n=0 correct=0
00:28:56 magic=0xBEC00005 status=0 n=0 correct=0
00:29:06 magic=0xBEC00005 status=0 n=0 correct=0
00:29:16 magic=0xBEC00005 status=0 n=0 correct=0
00:29:27 magic=0xBEC00005 status=0 n=0 correct=0
00:29:37 magic=0xBEC00005 status=0 n=0 correct=0
00:29:47 magic=0xBEC00005 status=0 n=0 correct=0
00:29:57 magic=0xBEC00005 status=0 n=0 correct=0
00:30:07 magic=0xBEC00005 status=0 n=0 correct=0
00:30:17 magic=0xBEC00005 status=0 n=0 correct=0
00:30:27 magic=0xBEC00005 status=0 n=0 correct=0
00:30:37 magic=0xBEC00005 status=0 n=0 correct=0
00:30:48 magic=0xBEC00005 status=0 n=0 correct=0
00:30:59 magic=0xBEC00005 status=0 n=0 correct=0
00:31:09 magic=0xBEC00005 status=0 n=0 correct=0
00:31:19 magic=0xBEC00005 status=0 n=0 correct=0
00:31:30 magic=0xBEC00005 status=0 n=0 correct=0
00:31:41 magic=0xBEC00005 status=0 n=0 correct=0
00:31:51 magic=0xBEC00005 status=0 n=0 correct=0
00:32:01 magic=0xBEC00005 status=0 n=0 correct=0
00:32:12 magic=0xBEC00005 status=0 n=0 correct=0
00:32:22 magic=0xBEC00005 status=0 n=0 correct=0
00:32:33 magic=0xBEC00005 status=0 n=0 correct=0
00:32:44 magic=0xBEC00005 status=0 n=0 correct=0
00:32:54 magic=0xBEC00005 status=0 n=0 correct=0
00:33:04 magic=0xBEC00005 status=0 n=0 correct=0
00:33:15 magic=0xBEC00005 status=0 n=0 correct=0
00:33:26 magic=0xBEC00005 status=0 n=0 correct=0
00:33:36 magic=0xBEC00005 status=0 n=0 correct=0
00:33:46 magic=0xBEC00005 status=0 n=0 correct=0
00:33:56 magic=0xBEC00005 status=0 n=0 correct=0
00:34:08 magic=0xBEC00005 status=0 n=0 correct=0
00:34:18 magic=0xBEC00005 status=0 n=0 correct=0
00:34:33 magic=0xBEC00005 status=0 n=0 correct=0
00:34:43 magic=0xBEC00005 status=0 n=0 correct=0
00:34:53 magic=0xBEC00005 status=0 n=0 correct=0
00:35:03 magic=0xBEC00005 status=0 n=0 correct=0
00:35:13 magic=0xBEC00005 status=0 n=0 correct=0
00:35:23 magic=0xBEC00005 status=0 n=0 correct=0
00:35:33 magic=0xBEC00005 status=0 n=0 correct=0
00:35:43 magic=0xBEC00005 status=0 n=0 correct=0
00:35:56 magic=0xBEC00005 status=0 n=0 correct=0
00:36:06 magic=0xBEC00005 status=0 n=0 correct=0
00:36:19 magic=0xBEC00005 status=0 n=0 correct=0
00:36:29 magic=0xBEC00005 status=0 n=0 correct=0
00:36:39 magic=0xBEC00005 status=0 n=0 correct=0
00:36:50 magic=0xBEC00005 status=0 n=0 correct=0
00:37:09 magic=0xBEC00005 status=0 n=0 correct=0
00:37:21 magic=0xBEC00005 status=0 n=0 correct=0
00:37:31 magic=0xBEC00005 status=0 n=0 correct=0
00:37:41 magic=0xBEC00005 status=0 n=0 correct=0
00:37:51 magic=0xBEC00005 status=0 n=0 correct=0
00:38:01 magic=0xBEC00005 status=0 n=0 correct=0
00:38:11 magic=0xBEC00005 status=0 n=0 correct=0
00:38:21 magic=0xBEC00005 status=0 n=0 correct=0
00:38:31 magic=0xBEC00005 status=0 n=0 correct=0
00:38:42 magic=0xBEC00005 status=0 n=0 correct=0
00:38:52 magic=0xBEC00005 status=0 n=0 correct=0
00:39:02 magic=0xBEC00005 status=0 n=0 correct=0
00:39:12 magic=0xBEC00005 status=0 n=0 correct=0
00:39:25 magic=0xBEC00005 status=0 n=0 correct=0
00:39:36 magic=0xBEC00005 status=0 n=0 correct=0
00:39:46 magic=0xBEC00005 status=0 n=0 correct=0
00:39:56 magic=0xBEC00005 status=0 n=0 correct=0
00:40:06 magic=0xBEC00005 status=0 n=0 correct=0
00:40:17 magic=0xBEC00005 status=0 n=0 correct=0
00:40:27 magic=0xBEC00005 status=0 n=0 correct=0
00:40:39 magic=0xBEC00005 status=0 n=0 correct=0
00:40:51 magic=0xBEC00005 status=0 n=0 correct=0
00:41:04 magic=0xBEC00005 status=0 n=0 correct=0
00:41:14 magic=0xBEC00005 status=0 n=0 correct=0
00:41:24 magic=0xBEC00005 status=0 n=0 correct=0
00:41:34 magic=0xBEC00005 status=0 n=0 correct=0
00:41:44 magic=0xBEC00005 status=0 n=0 correct=0
00:41:55 magic=0xBEC00005 status=0 n=0 correct=0
00:42:07 magic=0xBEC00005 status=0 n=0 correct=0
00:42:17 magic=0xBEC00005 status=0 n=0 correct=0
00:42:27 magic=0xBEC00005 status=0 n=0 correct=0
00:42:38 magic=0xBEC00005 status=0 n=0 correct=0
00:42:49 magic=0xBEC00005 status=0 n=0 correct=0
00:42:59 magic=0xBEC00005 status=0 n=0 correct=0
00:43:12 magic=0xBEC00005 status=0 n=0 correct=0
00:43:24 magic=0xBEC00005 status=0 n=0 correct=0
00:43:36 magic=0xBEC00005 status=0 n=0 correct=0
00:43:46 magic=0xBEC00005 status=0 n=0 correct=0
00:43:56 magic=0xBEC00005 status=0 n=0 correct=0
00:44:07 magic=0xBEC00005 status=0 n=0 correct=0
00:44:18 magic=0xBEC00005 status=0 n=0 correct=0
00:44:29 magic=0xBEC00005 status=0 n=0 correct=0
00:44:40 magic=0xBEC00005 status=0 n=0 correct=0
00:44:51 magic=0xBEC00005 status=0 n=0 correct=0
00:45:01 magic=0xBEC00005 status=0 n=0 correct=0
00:45:11 magic=0xBEC00005 status=0 n=0 correct=0
00:45:21 magic=0xBEC00005 status=0 n=0 correct=0
00:45:32 magic=0xBEC00005 status=0 n=0 correct=0
00:45:45 magic=0xBEC00005 status=0 n=0 correct=0
00:45:55 magic=0xBEC00005 status=0 n=0 correct=0
00:46:06 magic=0xBEC00005 status=0 n=0 correct=0
00:46:16 magic=0xBEC00005 status=0 n=0 correct=0
00:46:28 magic=0xBEC00005 status=0 n=0 correct=0
00:46:38 magic=0xBEC00005 status=0 n=0 correct=0
00:46:48 magic=0xBEC00005 status=0 n=0 correct=0
00:46:58 magic=0xBEC00005 status=0 n=0 correct=0
00:47:11 magic=0xBEC00005 status=0 n=0 correct=0
00:47:21 magic=0xBEC00005 status=0 n=0 correct=0
00:47:31 magic=0xBEC00005 status=0 n=0 correct=0
00:47:44 magic=0xBEC00005 status=0 n=0 correct=0
00:47:56 magic=0xBEC00005 status=0 n=0 correct=0
00:48:07 magic=0xBEC00005 status=0 n=0 correct=0
00:48:18 magic=0xBEC00005 status=0 n=0 correct=0
00:48:28 magic=0xBEC00005 status=0 n=0 correct=0
00:48:43 magic=0xBEC00005 status=0 n=0 correct=0
00:48:53 magic=0xBEC00005 status=0 n=0 correct=0
00:49:03 magic=0xBEC00005 status=0 n=0 correct=0
00:49:13 magic=0xBEC00005 status=0 n=0 correct=0
00:49:23 magic=0xBEC00005 status=0 n=0 correct=0
00:49:33 magic=0xBEC00005 status=0 n=0 correct=0
00:49:43 magic=0xBEC00005 status=0 n=0 correct=0
00:49:54 magic=0xBEC00005 status=0 n=0 correct=0
00:50:04 magic=0xBEC00005 status=0 n=0 correct=0
00:50:17 magic=0xBEC00005 status=0 n=0 correct=0
00:50:27 magic=0xBEC00005 status=0 n=0 correct=0
00:50:38 magic=0xBEC00005 status=0 n=0 correct=0
00:50:48 magic=0xBEC00005 status=0 n=0 correct=0
00:50:58 magic=0xBEC00005 status=0 n=0 correct=0
00:51:08 magic=0xBEC00005 status=0 n=0 correct=0
ERROR: EMG replay did not finish within 7200s (magic=0xBEC00005 status=0)
ERROR: EMG replay output missing expected summary line
=== Silicon board stepwise campaign 2026-09-16T00:52:59+05:30 ===
Seeds: 3 4 5 6 7 8 9

########## SEED 3 START 2026-09-16T00:52:59+05:30 ##########
=== Seed 3 (export ref x1000=62779) ===
  random_seed=3  keep_ratio=0.125  n_keep=128/1024
Patched /home/bsp-lab/1024-HDC/sw/golden_vectors.h
Patched /home/bsp-lab/1024-HDC/sw/emg_board_vectors.h
Patched /home/bsp-lab/1024-HDC/sw/emg_board_vectors_hdc2.h
Done anchor=C keep=0.125 mode=random mask_density=0.1250 export_ref=62.78%
Set EMG_EXPORT_REF_ACCURACY_X1000 = 62779
=== Waiting for Digilent USB cable ===
Digilent cable detected on /dev/ttyUSB0
=== Anchor C: keep_ratio=0.125 ===
Skipping mask patch for anchor C (HDC_ANCHOR_SKIP_PATCH=1)
Rebuilding Final_HDC_dma_emg.elf ...
   text	   data	    bss	    dec	    hex	filename
  49461	   1472	  61008	 111941	  1b545	/home/bsp-lab/1024-HDC/board/HDC_DMA/app/build/Final_HDC_dma_emg.elf
Running board EMG replay ...
=== HDC Phase 3 EMG replay (hdc_emg_board_test.c) ===
=== Waiting for Digilent USB cable ===
Digilent cable detected on /dev/ttyUSB0
=== Program + poll Phase 3 EMG replay ===
Programming HDC_DMA EMG replay with:
  bitstream: /home/bsp-lab/1024-HDC/board/HDC_DMA/app/_ide/bitstream/design_1_wrapper.bit
  app:       /home/bsp-lab/1024-HDC/board/HDC_DMA/app/build/Final_HDC_dma_emg.elf
  initial APU attempt 1/5 ...
  APU target available
=== JTAG targets ===
  1*
  APU
  2
  ARM
  Cortex-A9
  MPCore
  #0
  (Running)
  3
  ARM
  Cortex-A9
  MPCore
  #1
  (Suspended)
  4
  xc7z020

=== PS7 init before PL (releases PL from reset) ===
  pre-PL APU attempt 1/3 ...
  APU target available
  pre-PL PS7 attempt 1...
Pre-PL PS7 init OK

=== Programming PL bitstream ===
  PL attempt 1
PL programmed successfully via xsdb

=== PS7 init after PL ===
  post-PL APU attempt 1/5 ...
  APU target available
  post-PL PS7 attempt 1...
PS7 initialized
FSBL loaded
HDC_app loaded
Loading emg_board_vectors.bin to DDR 0x02000000 (chunk 65536B) ...
  1.0 / 8.5 MiB
  chunk @ 0x02140000 attempt 1/20: Memory write error at 0x214D000. Cannot flush JTAG server queue. ftdi_transfer_data_done failed: usb bulk read failed
  2.0 / 8.5 MiB
  chunk @ 0x022B0000 attempt 1/20: Memory write error at 0x22B59E8. Cannot flush JTAG server queue. ftdi_read_data failed: usb bulk read failed
  3.0 / 8.5 MiB
  4.0 / 8.5 MiB
  5.0 / 8.5 MiB
  6.0 / 8.5 MiB
  chunk @ 0x02630000 attempt 1/20: Memory write error at 0x2633800. Cannot flush JTAG server queue. ftdi_transfer_data_done failed: usb bulk read failed
  7.0 / 8.5 MiB
  chunk @ 0x02720000 attempt 1/20: Memory write error at 0x272CDE8. Cannot flush JTAG server queue. ftdi_transfer_data_done failed: usb bulk read failed
  8.0 / 8.5 MiB
Vectors bin loaded (8883216 bytes)
Programming and run complete
CPU running EMG replay — polling @ 0x00100300 (max 7200s)...
00:54:31 poll error (1): 
00:54:36 poll error (2): 
00:54:42 poll error (3): 
00:54:48 poll error (4): 
00:54:53 poll error (5): 
00:54:59 poll error (6): 
00:55:05 poll error (7): 
00:55:10 poll error (8): 
00:55:15 poll error (9): 
00:55:21 poll error (10): 
00:55:28 poll error (11): 
00:55:33 poll error (12): 
00:55:39 poll error (13): 
00:55:44 poll error (14): 
00:55:49 poll error (15): 
00:55:55 poll error (16): 
00:56:03 poll error (17): 
00:56:14 poll error (18): 
00:56:20 poll error (19): 
00:56:26 poll error (20): 
00:56:32 poll error (21): 
00:56:37 poll error (22): 
00:56:42 poll error (23): 
00:56:49 poll error (24): 
00:56:55 poll error (25): 
00:57:00 poll error (26): 
00:57:05 poll error (27): 
00:57:13 poll error (28): 
00:57:21 poll error (29): 
00:57:29 poll error (30): 
00:57:34 poll error (31): 
00:57:39 poll error (32): 
00:57:44 poll error (33): 
00:57:50 poll error (34): 
00:57:55 poll error (35): 
00:58:00 poll error (36): 
00:58:06 poll error (37): 
00:58:13 poll error (38): 
00:58:19 poll error (39): 
00:58:26 poll error (40): 
00:58:34 poll error (41): 
00:58:40 poll error (42): 
00:58:45 poll error (43): 
00:58:51 poll error (44): 
00:58:59 poll error (45): 
00:59:04 poll error (46): 
00:59:11 poll error (47): 
00:59:19 poll error (48): 
00:59:24 poll error (49): 
00:59:31 poll error (50): 
00:59:36 poll error (51): 
00:59:41 poll error (52): 
00:59:47 poll error (53): 
00:59:53 poll error (54): 
00:59:58 poll error (55): 
01:00:04 poll error (56): 
01:00:10 poll error (57): 
01:00:15 poll error (58): 
01:00:22 poll error (59): 
01:00:27 poll error (60): 
01:00:32 poll error (61): 
01:00:41 poll error (62): 
01:00:46 poll error (63): 
01:00:51 poll error (64): 
01:00:57 poll error (65): 
01:01:02 poll error (66): 
01:01:07 poll error (67): 
01:01:13 poll error (68): 
01:01:20 poll error (69): 
01:01:25 poll error (70): 
01:01:30 poll error (71): 
01:01:36 poll error (72): 
01:01:41 poll error (73): 
01:01:46 poll error (74): 
01:01:52 poll error (75): 
01:02:05 poll error (76): 
01:02:10 poll error (77): 
01:02:16 poll error (78): 
01:02:21 poll error (79): 
01:02:26 poll error (80): 
01:02:33 poll error (81): 
01:02:38 poll error (82): 
01:02:44 poll error (83): 
01:02:50 poll error (84): 
01:02:55 poll error (85): 
01:03:00 poll error (86): 
01:03:05 poll error (87): 
01:03:12 poll error (88): 
01:03:17 poll error (89): 
01:03:22 poll error (90): 
01:03:28 poll error (91): 
01:03:34 poll error (92): 
01:03:41 poll error (93): 
01:03:47 poll error (94): 
01:03:52 poll error (95): 
01:03:59 poll error (96): 
01:04:05 poll error (97): 
01:04:10 poll error (98): 
01:04:24 poll error (99): 
01:04:29 poll error (100): 
01:04:35 poll error (101): 
01:04:41 poll error (102): 
01:04:47 poll error (103): 
01:04:52 poll error (104): 
01:04:58 poll error (105): 
01:05:04 poll error (106): 
01:05:09 poll error (107): 
01:05:14 poll error (108): 
01:05:20 poll error (109): 
01:05:25 poll error (110): 
01:05:30 poll error (111): 
01:05:36 poll error (112): 
01:05:44 poll error (113): 
01:05:50 poll error (114): 
01:05:55 poll error (115): 
01:06:02 poll error (116): 
01:06:07 poll error (117): 
01:06:13 poll error (118): 
01:06:19 poll error (119): 
01:06:28 poll error (120): 
01:06:33 poll error (121): 
01:06:39 poll error (122): 
01:06:44 poll error (123): 
01:06:49 poll error (124): 
01:06:55 poll error (125): 
01:07:02 poll error (126): 
01:07:07 poll error (127): 
01:07:13 poll error (128): 
01:07:18 poll error (129): 
01:07:26 poll error (130): 
01:07:33 poll error (131): 
01:07:39 poll error (132): 
    poll APU attempt 1/3 failed: Timed out waiting for JTAG targets
01:08:14 poll error (133): 
01:08:20 poll error (134): 
01:08:26 poll error (135): 
01:08:32 poll error (136): 
01:08:38 poll error (137): 
01:08:43 poll error (138): 
01:08:49 poll error (139): 
01:08:55 poll error (140): 
01:09:00 poll error (141): 
01:09:07 poll error (142): 
01:09:13 poll error (143): 
01:09:20 poll error (144): 
01:09:25 poll error (145): 
01:09:35 poll error (146): 
01:09:40 poll error (147): 
01:09:45 poll error (148): 
01:09:50 poll error (149): 
01:09:56 poll error (150): 
01:10:01 poll error (151): 
01:10:06 poll error (152): 
01:10:12 poll error (153): 
01:10:17 poll error (154): 
01:10:22 poll error (155): 
01:10:28 poll error (156): 
01:10:33 poll error (157): 
01:10:40 poll error (158): 
01:10:46 poll error (159): 
01:10:51 poll error (160): 
01:10:57 poll error (161): 
01:11:03 poll error (162): 
01:11:09 poll error (163): 
01:11:14 poll error (164): 
01:11:19 poll error (165): 
01:11:28 poll error (166): 
01:11:33 poll error (167): 
01:11:38 poll error (168): 
01:11:44 poll error (169): 
01:11:49 poll error (170): 
01:11:54 poll error (171): 
01:12:00 poll error (172): 
01:12:05 poll error (173): 
01:12:10 poll error (174): 
01:12:15 poll error (175): 
01:12:21 poll error (176): 
01:12:26 poll error (177): 
01:12:33 poll error (178): 
01:12:40 poll error (179): 
01:12:45 poll error (180): 
01:12:51 poll error (181): 
01:13:04 poll error (182): 
01:13:09 poll error (183): 
01:13:22 poll error (184): 
01:13:27 poll error (185): 
01:13:32 poll error (186): 
01:13:39 poll error (187): 
01:13:44 poll error (188): 
01:13:49 poll error (189): 
01:13:54 poll error (190): 
01:14:01 poll error (191): 
01:14:07 poll error (192): 
01:14:12 poll error (193): 
01:14:20 poll error (194): 
01:14:25 poll error (195): 
01:14:32 poll error (196): 
01:14:38 poll error (197): 
01:14:43 poll error (198): 
01:14:50 poll error (199): 
01:14:59 poll error (200): 
01:15:04 poll error (201): 
01:15:10 poll error (202): 
01:15:15 poll error (203): 
01:15:21 poll error (204): 
01:15:28 poll error (205): 
01:15:34 poll error (206): 
01:15:40 poll error (207): 
01:15:46 poll error (208): 
01:15:52 poll error (209): 
01:16:01 poll error (210): 
01:16:06 poll error (211): 
01:16:20 poll error (212): 
01:16:26 poll error (213): 
01:16:31 poll error (214): 
01:16:36 poll error (215): 
01:16:42 poll error (216): 
01:16:49 poll error (217): 
01:16:54 poll error (218): 
01:17:10 poll error (219): 
01:17:15 poll error (220): 
01:17:22 poll error (221): 
01:17:36 poll error (222): 
01:17:42 poll error (223): 
01:17:47 poll error (224): 
01:17:52 poll error (225): 
01:18:02 poll error (226): 
01:18:07 poll error (227): 
01:18:12 poll error (228): 
01:18:17 poll error (229): 
01:18:23 poll error (230): 
01:18:28 poll error (231): 
01:18:34 poll error (232): 
01:18:40 poll error (233): 
01:18:45 poll error (234): 
01:18:50 poll error (235): 
01:18:56 poll error (236): 
01:19:02 poll error (237): 
01:19:08 poll error (238): 
01:19:13 poll error (239): 
01:19:20 poll error (240): 
01:19:26 poll error (241): 
01:19:31 poll error (242): 
01:19:37 poll error (243): 
01:19:42 poll error (244): 
01:19:50 poll error (245): 
01:19:56 poll error (246): 
01:20:02 poll error (247): 
01:20:09 poll error (248): 
01:20:14 poll error (249): 
01:20:20 poll error (250): 
01:20:25 poll error (251): 
01:20:30 poll error (252): 
01:20:39 poll error (253): 
01:20:44 poll error (254): 
01:20:49 poll error (255): 
01:20:54 poll error (256): 
01:21:00 poll error (257): 
01:21:08 poll error (258): 
01:21:13 poll error (259): 
01:21:19 poll error (260): 
01:21:25 poll error (261): 
01:21:33 poll error (262): 
01:21:39 poll error (263): 
01:21:45 poll error (264): 
01:21:53 poll error (265): 
01:21:58 poll error (266): 
01:22:04 poll error (267): 
01:22:09 poll error (268): 
01:22:15 poll error (269): 
01:22:21 poll error (270): 
01:22:26 poll error (271): 
01:22:31 poll error (272): 
01:22:37 poll error (273): 
01:22:43 poll error (274): 
01:22:48 poll error (275): 
01:22:54 poll error (276): 
01:23:00 poll error (277): 
01:23:05 poll error (278): 
01:23:11 poll error (279): 
01:23:17 poll error (280): 
01:23:22 poll error (281): 
01:23:27 poll error (282): 
01:23:33 poll error (283): 
01:23:38 poll error (284): 
01:23:43 poll error (285): 
01:23:49 poll error (286): 
01:23:54 poll error (287): 
01:23:59 poll error (288): 
01:24:04 poll error (289): 
01:24:11 poll error (290): 
01:24:16 poll error (291): 
01:24:21 poll error (292): 
01:24:27 poll error (293): 
01:24:32 poll error (294): 
01:24:37 poll error (295): 
01:24:44 poll error (296): 
01:24:52 poll error (297): 
01:24:57 poll error (298): 
01:25:17 poll error (299): 
01:25:23 poll error (300): 
01:25:28 poll error (301): 
01:25:33 poll error (302): 
01:25:39 poll error (303): 
01:25:45 poll error (304): 
01:25:50 poll error (305): 
01:25:58 poll error (306): 
01:26:04 poll error (307): 
01:26:09 poll error (308): 
01:26:14 poll error (309): 
01:26:20 poll error (310): 
01:26:28 poll error (311): 
01:26:36 poll error (312): 
01:26:42 poll error (313): 
01:26:47 poll error (314): 
01:26:52 poll error (315): 
01:27:00 poll error (316): 
01:27:05 poll error (317): 
01:27:10 poll error (318): 
01:27:16 poll error (319): 
01:27:22 poll error (320): 
01:27:28 poll error (321): 
01:27:33 poll error (322): 
01:27:40 poll error (323): 
01:27:45 poll error (324): 
01:27:54 poll error (325): 
01:28:01 poll error (326): 
01:28:06 poll error (327): 
01:28:11 poll error (328): 
01:28:17 poll error (329): 
01:28:23 poll error (330): 
01:28:31 poll error (331): 
01:28:37 poll error (332): 
01:28:43 poll error (333): 
01:28:49 poll error (334): 
01:28:54 poll error (335): 
01:29:00 poll error (336): 
01:29:05 poll error (337): 
01:29:10 poll error (338): 
01:29:16 poll error (339): 
01:29:21 poll error (340): 
01:29:26 poll error (341): 
01:29:31 poll error (342): 
01:29:37 poll error (343): 
01:29:42 poll error (344): 
01:29:47 poll error (345): 
01:29:53 poll error (346): 
01:29:58 poll error (347): 
01:30:04 poll error (348): 
01:30:10 poll error (349): 
01:30:15 poll error (350): 
01:30:20 poll error (351): 
01:30:26 poll error (352): 
01:30:36 poll error (353): 
01:30:42 poll error (354): 
01:30:47 poll error (355): 
01:30:55 poll error (356): 
01:31:01 poll error (357): 
01:31:07 poll error (358): 
01:31:15 poll error (359): 
01:31:20 poll error (360): 
01:31:25 poll error (361): 
01:31:31 poll error (362): 
01:31:36 poll error (363): 
01:31:41 poll error (364): 
01:31:46 poll error (365): 
01:31:52 poll error (366): 
01:31:58 poll error (367): 
01:32:03 poll error (368): 
01:32:10 poll error (369): 
01:32:15 poll error (370): 
01:32:20 poll error (371): 
01:32:26 poll error (372): 
01:32:46 poll error (373): 
01:32:51 poll error (374): 
01:32:57 poll error (375): 
01:33:05 poll error (376): 
01:33:10 poll error (377): 
01:33:18 poll error (378): 
01:33:24 poll error (379): 
01:33:29 poll error (380): 
01:33:34 poll error (381): 
01:33:40 poll error (382): 
01:33:47 poll error (383): 
01:33:52 poll error (384): 
01:33:57 poll error (385): 
01:34:04 poll error (386): 
01:34:12 poll error (387): 
01:34:17 poll error (388): 
01:34:23 poll error (389): 
01:34:28 poll error (390): 
01:34:34 poll error (391): 
01:34:39 poll error (392): 
01:34:45 poll error (393): 
01:34:50 poll error (394): 
01:34:55 poll error (395): 
01:35:03 poll error (396): 
01:35:11 poll error (397): 
01:35:16 poll error (398): 
01:35:21 poll error (399): 
01:35:27 poll error (400): 
01:35:34 poll error (401): 
01:35:39 poll error (402): 
01:35:45 poll error (403): 
01:35:50 poll error (404): 
01:35:58 poll error (405): 
01:36:11 poll error (406): 
01:36:19 poll error (407): 
01:36:24 poll error (408): 
01:36:30 poll error (409): 
01:36:38 poll error (410): 
01:36:43 poll error (411): 
01:36:48 poll error (412): 
01:36:54 poll error (413): 
01:37:00 poll error (414): 
01:37:05 poll error (415): 
01:37:10 poll error (416): 
01:37:25 poll error (417): 
01:37:30 poll error (418): 
01:37:37 poll error (419): 
01:37:44 poll error (420): 
01:37:49 poll error (421): 
01:37:56 poll error (422): 
01:38:02 poll error (423): 
01:38:07 poll error (424): 
01:38:13 poll error (425): 
01:38:19 poll error (426): 
01:38:25 poll error (427): 
01:38:31 poll error (428): 
01:38:36 poll error (429): 
01:38:42 poll error (430): 
01:38:47 poll error (431): 
01:38:52 poll error (432): 
01:39:11 poll error (433): 
01:39:18 poll error (434): 
01:39:24 poll error (435): 
01:39:29 poll error (436): 
01:39:34 poll error (437): 
01:39:39 poll error (438): 
01:39:47 poll error (439): 
01:39:52 poll error (440): 
01:39:57 poll error (441): 
01:40:03 poll error (442): 
01:40:09 poll error (443): 
01:40:14 poll error (444): 
01:40:20 poll error (445): 
01:40:25 poll error (446): 
01:40:30 poll error (447): 
01:40:35 poll error (448): 
01:40:41 poll error (449): 
01:40:46 poll error (450): 
01:40:52 poll error (451): 
01:40:58 poll error (452): 
01:41:05 poll error (453): 
01:41:10 poll error (454): 
01:41:16 poll error (455): 
01:41:21 poll error (456): 
01:41:26 poll error (457): 
01:41:31 poll error (458): 
01:41:40 poll error (459): 
01:41:45 poll error (460): 
01:41:50 poll error (461): 
01:41:56 poll error (462): 
01:42:01 poll error (463): 
01:42:06 poll error (464): 
01:42:13 poll error (465): 
01:42:18 poll error (466): 
01:42:27 poll error (467): 
01:42:33 poll error (468): 
01:42:41 poll error (469): 
01:42:47 poll error (470): 
01:42:53 poll error (471): 
01:43:01 poll error (472): 
01:43:06 poll error (473): 
01:43:11 poll error (474): 
01:43:19 poll error (475): 
01:43:30 poll error (476): 
01:43:35 poll error (477): 
01:43:41 poll error (478): 
01:43:47 poll error (479): 
01:43:53 poll error (480): 
01:44:02 poll error (481): 
01:44:08 poll error (482): 
01:44:14 poll error (483): 
01:44:20 poll error (484): 
01:44:26 poll error (485): 
01:44:31 poll error (486): 
01:44:36 poll error (487): 
01:44:41 poll error (488): 
01:44:48 poll error (489): 
01:44:54 poll error (490): 
01:44:59 poll error (491): 
01:45:05 poll error (492): 
01:45:10 poll error (493): 
01:45:16 poll error (494): 
01:45:26 poll error (495): 
01:45:31 poll error (496): 
01:45:36 poll error (497): 
01:45:41 poll error (498): 
01:45:47 poll error (499): 
01:45:52 poll error (500): 
01:46:00 poll error (501): 
01:46:06 poll error (502): 
01:46:16 poll error (503): 
01:46:22 poll error (504): 
01:46:27 poll error (505): 
01:46:34 poll error (506): 
01:46:39 poll error (507): 
01:46:45 poll error (508): 
01:46:50 poll error (509): 
01:46:55 poll error (510): 
01:47:01 poll error (511): 
01:47:07 poll error (512): 
01:47:12 poll error (513): 
01:47:19 poll error (514): 
01:47:24 poll error (515): 
01:47:32 poll error (516): 
01:47:38 poll error (517): 
01:47:44 poll error (518): 
01:47:49 poll error (519): 
01:47:54 poll error (520): 
01:48:03 poll error (521): 
01:48:09 poll error (522): 
01:48:14 poll error (523): 
01:48:19 poll error (524): 
01:48:25 poll error (525): 
01:48:30 poll error (526): 
01:48:37 poll error (527): 
01:48:43 poll error (528): 
01:48:49 poll error (529): 
01:48:54 poll error (530): 
01:49:00 poll error (531): 
01:49:14 poll error (532): 
01:49:21 poll error (533): 
01:49:28 poll error (534): 
01:49:33 poll error (535): 
01:49:39 poll error (536): 
01:49:46 poll error (537): 
01:49:54 poll error (538): 
01:49:59 poll error (539): 
01:50:05 poll error (540): 
01:50:10 poll error (541): 
01:50:15 poll error (542): 
01:50:20 poll error (543): 
01:50:26 poll error (544): 
01:50:31 poll error (545): 
01:50:36 poll error (546): 
01:50:55 poll error (547): 
01:51:00 poll error (548): 
01:51:06 poll error (549): 
01:51:11 poll error (550): 
01:51:17 poll error (551): 
01:51:23 poll error (552): 
01:51:29 poll error (553): 
01:51:34 poll error (554): 
01:51:39 poll error (555): 
01:51:48 poll error (556): 
01:51:53 poll error (557): 
01:52:01 poll error (558): 
01:52:07 poll error (559): 
01:52:15 poll error (560): 
01:52:21 poll error (561): 
01:52:27 poll error (562): 
01:52:35 poll error (563): 
01:52:42 poll error (564): 
01:52:50 poll error (565): 
01:52:56 poll error (566): 
01:53:01 poll error (567): 
01:53:06 poll error (568): 
01:53:12 poll error (569): 
01:53:17 poll error (570): 
01:53:25 poll error (571): 
01:53:30 poll error (572): 
01:53:41 poll error (573): 
01:53:46 poll error (574): 
01:53:51 poll error (575): 
01:53:58 poll error (576): 
01:54:03 poll error (577): 
01:54:08 poll error (578): 
01:54:15 poll error (579): 
01:54:24 poll error (580): 
01:54:31 poll error (581): 
01:54:38 poll error (582): 
01:54:45 poll error (583): 
01:54:50 poll error (584): 
01:54:56 poll error (585): 
01:55:03 poll error (586): 
01:55:09 poll error (587): 
01:55:16 poll error (588): 
01:55:25 poll error (589): 
01:55:30 poll error (590): 
01:55:35 poll error (591): 
01:55:41 poll error (592): 
01:55:46 poll error (593): 
01:55:51 poll error (594): 
01:55:57 poll error (595): 
01:56:02 poll error (596): 
01:56:07 poll error (597): 
01:56:13 poll error (598): 
01:56:20 poll error (599): 
01:56:25 poll error (600): 
01:56:30 poll error (601): 
01:56:39 poll error (602): 
01:56:44 poll error (603): 
01:56:53 poll error (604): 
01:56:59 poll error (605): 
01:57:04 poll error (606): 
01:57:11 poll error (607): 
01:57:20 poll error (608): 
01:57:25 poll error (609): 
01:57:30 poll error (610): 
01:57:36 poll error (611): 
01:57:41 poll error (612): 
01:57:46 poll error (613): 
01:57:52 poll error (614): 
01:57:58 poll error (615): 
01:58:03 poll error (616): 
01:58:11 poll error (617): 
01:58:17 poll error (618): 
01:58:22 poll error (619): 
01:58:35 poll error (620): 
01:58:41 poll error (621): 
01:58:46 poll error (622): 
01:58:51 poll error (623): 
01:58:57 poll error (624): 
01:59:02 poll error (625): 
01:59:07 poll error (626): 
01:59:12 poll error (627): 
01:59:18 poll error (628): 
01:59:23 poll error (629): 
01:59:28 poll error (630): 
01:59:34 poll error (631): 
01:59:40 poll error (632): 
01:59:48 poll error (633): 
01:59:59 poll error (634): 
02:00:14 poll error (635): 
02:00:19 poll error (636): 
02:00:32 poll error (637): 
02:00:37 poll error (638): 
02:00:42 poll error (639): 
02:00:55 poll error (640): 
02:01:00 poll error (641): 
02:01:06 poll error (642): 
02:01:12 poll error (643): 
02:01:18 poll error (644): 
02:01:23 poll error (645): 
02:01:30 poll error (646): 
02:01:35 poll error (647): 
02:01:40 poll error (648): 
02:01:46 poll error (649): 
02:01:51 poll error (650): 
02:01:56 poll error (651): 
02:02:09 poll error (652): 
02:02:14 poll error (653): 
02:02:19 poll error (654): 
02:02:26 poll error (655): 
02:02:34 poll error (656): 
02:02:42 poll error (657): 
02:02:48 poll error (658): 
02:02:53 poll error (659): 
02:02:58 poll error (660): 
02:03:06 poll error (661): 
02:03:11 poll error (662): 
02:03:16 poll error (663): 
02:03:21 poll error (664): 
02:03:27 poll error (665): 
02:03:32 poll error (666): 
02:03:37 poll error (667): 
02:03:44 poll error (668): 
02:03:49 poll error (669): 
02:03:54 poll error (670): 
02:04:00 poll error (671): 
02:04:05 poll error (672): 
02:04:10 poll error (673): 
02:04:16 poll error (674): 
02:04:26 poll error (675): 
02:04:31 poll error (676): 
02:04:36 poll error (677): 
02:04:42 poll error (678): 
02:04:47 poll error (679): 
02:04:58 poll error (680): 
02:05:03 poll error (681): 
02:05:08 poll error (682): 
02:05:14 poll error (683): 
02:05:26 poll error (684): 
02:05:34 poll error (685): 
02:05:40 poll error (686): 
02:05:46 poll error (687): 
02:05:51 poll error (688): 
02:05:58 poll error (689): 
02:06:08 poll error (690): 
02:06:13 poll error (691): 
02:06:18 poll error (692): 
02:06:24 poll error (693): 
02:06:29 poll error (694): 
02:06:34 poll error (695): 
02:06:39 poll error (696): 
02:06:45 poll error (697): 
02:06:51 poll error (698): 
02:06:56 poll error (699): 
02:07:02 poll error (700): 
02:07:09 poll error (701): 
02:07:14 poll error (702): 
02:07:20 poll error (703): 
02:07:26 poll error (704): 
02:07:31 poll error (705): 
02:07:37 poll error (706): 
02:07:42 poll error (707): 
02:07:49 poll error (708): 
02:07:55 poll error (709): 
02:08:03 poll error (710): 
02:08:10 poll error (711): 
02:08:15 poll error (712): 
02:08:21 poll error (713): 
02:08:30 poll error (714): 
02:08:35 poll error (715): 
02:08:44 poll error (716): 
02:08:52 poll error (717): 
02:08:57 poll error (718): 
02:09:02 poll error (719): 
02:09:11 poll error (720): 
02:09:17 poll error (721): 
02:09:23 poll error (722): 
02:09:29 poll error (723): 
02:09:35 poll error (724): 
02:09:40 poll error (725): 
02:09:46 poll error (726): 
02:09:53 poll error (727): 
02:09:58 poll error (728): 
02:10:03 poll error (729): 
02:10:09 poll error (730): 
02:10:14 poll error (731): 
02:10:19 poll error (732): 
02:10:24 poll error (733): 
02:10:30 poll error (734): 
02:10:35 poll error (735): 
02:10:40 poll error (736): 
02:10:46 poll error (737): 
02:10:51 poll error (738): 
02:10:58 poll error (739): 
02:11:04 poll error (740): 
02:11:09 poll error (741): 
02:11:14 poll error (742): 
02:11:20 poll error (743): 
02:11:25 poll error (744): 
02:11:32 poll error (745): 
02:11:40 poll error (746): 
02:11:46 poll error (747): 
02:11:51 poll error (748): 
02:11:56 poll error (749): 
02:12:02 poll error (750): 
02:12:10 poll error (751): 
02:12:15 poll error (752): 
02:12:23 poll error (753): 
02:12:30 poll error (754): 
02:12:35 poll error (755): 
02:12:46 poll error (756): 
02:12:51 poll error (757): 
02:12:56 poll error (758): 
02:13:02 poll error (759): 
02:13:08 poll error (760): 
02:13:13 poll error (761): 
02:13:19 poll error (762): 
02:13:24 poll error (763): 
02:13:29 poll error (764): 
02:13:35 poll error (765): 
02:13:40 poll error (766): 
02:13:45 poll error (767): 
02:13:51 poll error (768): 
02:13:59 poll error (769): 
02:14:04 poll error (770): 
02:14:09 poll error (771): 
02:14:17 poll error (772): 
02:14:22 poll error (773): 
02:14:31 poll error (774): 
02:14:38 poll error (775): 
02:14:46 poll error (776): 
02:14:56 poll error (777): 
02:15:02 poll error (778): 
02:15:07 poll error (779): 
02:15:13 poll error (780): 
02:15:19 poll error (781): 
02:15:24 poll error (782): 
02:15:29 poll error (783): 
02:15:36 poll error (784): 
02:15:41 poll error (785): 
02:15:46 poll error (786): 
02:15:52 poll error (787): 
02:15:57 poll error (788): 
02:16:02 poll error (789): 
02:16:07 poll error (790): 
02:16:13 poll error (791): 
02:16:18 poll error (792): 
02:16:23 poll error (793): 
02:16:29 poll error (794): 
02:16:34 poll error (795): 
02:16:39 poll error (796): 
02:16:44 poll error (797): 
02:16:50 poll error (798): 
02:16:56 poll error (799): 
02:17:01 poll error (800): 
02:17:07 poll error (801): 
02:17:13 poll error (802): 
02:17:19 poll error (803): 
02:17:25 poll error (804): 
02:17:30 poll error (805): 
02:17:35 poll error (806): 
02:17:40 poll error (807): 
02:17:46 poll error (808): 
02:17:51 poll error (809): 
02:17:56 poll error (810): 
02:18:02 poll error (811): 
02:18:07 poll error (812): 
02:18:17 poll error (813): 
02:18:23 poll error (814): 
02:18:28 poll error (815): 
02:18:33 poll error (816): 
02:18:41 poll error (817): 
02:18:46 poll error (818): 
02:18:51 poll error (819): 
02:19:00 poll error (820): 
02:19:07 poll error (821): 
02:19:12 poll error (822): 
02:19:18 poll error (823): 
02:19:23 poll error (824): 
02:19:28 poll error (825): 
02:19:33 poll error (826): 
02:19:39 poll error (827): 
02:19:44 poll error (828): 
02:19:49 poll error (829): 
02:19:57 poll error (830): 
02:20:02 poll error (831): 
02:20:07 poll error (832): 
02:20:13 poll error (833): 
02:20:20 poll error (834): 
02:20:25 poll error (835): 
02:20:31 poll error (836): 
02:20:37 poll error (837): 
02:20:42 poll error (838): 
02:20:47 poll error (839): 
02:20:53 poll error (840): 
02:20:58 poll error (841): 
02:21:05 poll error (842): 
02:21:11 poll error (843): 
02:21:16 poll error (844): 
02:21:22 poll error (845): 
02:21:28 poll error (846): 
02:21:34 poll error (847): 
02:21:43 poll error (848): 
02:21:49 poll error (849): 
02:21:54 poll error (850): 
02:22:00 poll error (851): 
02:22:06 poll error (852): 
02:22:13 poll error (853): 
02:22:18 poll error (854): 
02:22:24 poll error (855): 
02:22:30 poll error (856): 
02:22:38 poll error (857): 
02:22:43 poll error (858): 
02:22:48 poll error (859): 
02:23:01 poll error (860): 
02:23:07 poll error (861): 
02:23:13 poll error (862): 
02:23:21 poll error (863): 
02:23:26 poll error (864): 
02:23:31 poll error (865): 
02:23:38 poll error (866): 
02:23:48 poll error (867): 
02:23:53 poll error (868): 
02:23:58 poll error (869): 
02:24:04 poll error (870): 
02:24:10 poll error (871): 
02:24:21 poll error (872): 
02:24:26 poll error (873): 
02:24:32 poll error (874): 
02:24:37 poll error (875): 
02:24:43 poll error (876): 
02:24:48 poll error (877): 
02:24:53 poll error (878): 
02:25:02 poll error (879): 
02:25:07 poll error (880): 
02:25:12 poll error (881): 
02:25:18 poll error (882): 
02:25:23 poll error (883): 
02:25:28 poll error (884): 
02:25:36 poll error (885): 
02:25:41 poll error (886): 
02:25:46 poll error (887): 
02:25:52 poll error (888): 
02:25:57 poll error (889): 
02:26:02 poll error (890): 
02:26:07 poll error (891): 
02:26:14 poll error (892): 
02:26:19 poll error (893): 
02:26:24 poll error (894): 
02:26:30 poll error (895): 
02:26:37 poll error (896): 
02:26:42 poll error (897): 
02:26:48 poll error (898): 
02:26:53 poll error (899): 
02:27:00 poll error (900): 
02:27:06 poll error (901): 
02:27:11 poll error (902): 
02:27:16 poll error (903): 
02:27:22 poll error (904): 
02:27:28 poll error (905): 
02:27:33 poll error (906): 
02:27:41 poll error (907): 
02:27:47 poll error (908): 
02:27:53 poll error (909): 
02:27:58 poll error (910): 
02:28:04 poll error (911): 
02:28:09 poll error (912): 
02:28:14 poll error (913): 
02:28:20 poll error (914): 
02:28:26 poll error (915): 
02:28:31 poll error (916): 
02:28:36 poll error (917): 
02:28:42 poll error (918): 
02:28:48 poll error (919): 
02:28:55 poll error (920): 
02:29:01 poll error (921): 
02:29:06 poll error (922): 
02:29:11 poll error (923): 
02:29:17 poll error (924): 
02:29:23 poll error (925): 
02:29:28 poll error (926): 
02:29:33 poll error (927): 
02:29:39 poll error (928): 
02:29:44 poll error (929): 
02:29:49 poll error (930): 
02:29:55 poll error (931): 
02:30:05 poll error (932): 
02:30:10 poll error (933): 
02:30:17 poll error (934): 
02:30:22 poll error (935): 
02:30:27 poll error (936): 
02:30:33 poll error (937): 
02:30:39 poll error (938): 
02:30:46 poll error (939): 
02:30:52 poll error (940): 
02:30:58 poll error (941): 
02:31:03 poll error (942): 
02:31:08 poll error (943): 
02:31:18 poll error (944): 
02:31:27 poll error (945): 
02:31:33 poll error (946): 
02:31:39 poll error (947): 
02:31:44 poll error (948): 
02:31:51 poll error (949): 
02:31:58 poll error (950): 
02:32:04 poll error (951): 
02:32:09 poll error (952): 
02:32:14 poll error (953): 
02:32:20 poll error (954): 
02:32:25 poll error (955): 
02:32:32 poll error (956): 
02:32:38 poll error (957): 
02:32:44 poll error (958): 
02:32:49 poll error (959): 
02:32:55 poll error (960): 
02:33:00 poll error (961): 
02:33:07 poll error (962): 
02:33:13 poll error (963): 
02:33:18 poll error (964): 
02:33:26 poll error (965): 
02:33:31 poll error (966): 
02:33:37 poll error (967): 
02:33:42 poll error (968): 
02:33:49 poll error (969): 
02:33:55 poll error (970): 
02:34:01 poll error (971): 
02:34:07 poll error (972): 
02:34:15 poll error (973): 
02:34:20 poll error (974): 
02:34:25 poll error (975): 
02:34:31 poll error (976): 
02:34:36 poll error (977): 
02:34:41 poll error (978): 
02:34:46 poll error (979): 
02:34:52 poll error (980): 
02:34:57 poll error (981): 
02:35:05 poll error (982): 
02:35:11 poll error (983): 
02:35:16 poll error (984): 
02:35:21 poll error (985): 
02:35:27 poll error (986): 
02:35:32 poll error (987): 
02:35:37 poll error (988): 
02:35:43 poll error (989): 
02:35:48 poll error (990): 
02:35:53 poll error (991): 
02:35:59 poll error (992): 
02:36:11 poll error (993): 
02:36:16 poll error (994): 
02:36:22 poll error (995): 
02:36:33 poll error (996): 
02:36:38 poll error (997): 
02:36:45 poll error (998): 
02:36:50 poll error (999): 
02:36:55 poll error (1000): 
02:37:01 poll error (1001): 
02:37:06 poll error (1002): 
02:37:11 poll error (1003): 
02:37:16 poll error (1004): 
02:37:22 poll error (1005): 
02:37:27 poll error (1006): 
02:37:33 poll error (1007): 
02:37:42 poll error (1008): 
02:37:47 poll error (1009): 
02:37:52 poll error (1010): 
02:37:58 poll error (1011): 
02:38:03 poll error (1012): 
02:38:08 poll error (1013): 
02:38:14 poll error (1014): 
02:38:19 poll error (1015): 
02:38:24 poll error (1016): 
02:38:30 poll error (1017): 
02:38:36 poll error (1018): 
02:38:43 poll error (1019): 
02:38:49 poll error (1020): 
02:38:55 poll error (1021): 
02:39:00 poll error (1022): 
02:39:05 poll error (1023): 
02:39:12 poll error (1024): 
02:39:17 poll error (1025): 
02:39:22 poll error (1026): 
02:39:28 poll error (1027): 
02:39:36 poll error (1028): 
02:39:41 poll error (1029): 
02:39:48 poll error (1030): 
02:39:54 poll error (1031): 
02:40:00 poll error (1032): 
02:40:06 poll error (1033): 
02:40:12 poll error (1034): 
02:40:23 poll error (1035): 
02:40:28 poll error (1036): 
02:40:34 poll error (1037): 
02:40:39 poll error (1038): 
02:40:45 poll error (1039): 
02:40:51 poll error (1040): 
02:40:56 poll error (1041): 
02:41:01 poll error (1042): 
02:41:07 poll error (1043): 
02:41:12 poll error (1044): 
02:41:17 poll error (1045): 
02:41:25 poll error (1046): 
02:41:31 poll error (1047): 
02:41:36 poll error (1048): 
02:41:41 poll error (1049): 
02:41:49 poll error (1050): 
02:41:54 poll error (1051): 
02:41:59 poll error (1052): 
02:42:05 poll error (1053): 
02:42:10 poll error (1054): 
02:42:15 poll error (1055): 
02:42:22 poll error (1056): 
02:42:36 poll error (1057): 
02:42:41 poll error (1058): 
02:42:47 poll error (1059): 
02:42:52 poll error (1060): 
02:42:58 poll error (1061): 
02:43:04 poll error (1062): 
02:43:10 poll error (1063): 
02:43:15 poll error (1064): 
02:43:20 poll error (1065): 
02:43:27 poll error (1066): 
02:43:32 poll error (1067): 
02:43:37 poll error (1068): 
02:43:43 poll error (1069): 
02:43:48 poll error (1070): 
02:43:53 poll error (1071): 
02:44:08 poll error (1072): 
02:44:15 poll error (1073): 
02:44:20 poll error (1074): 
02:44:26 poll error (1075): 
02:44:31 poll error (1076): 
02:44:36 poll error (1077): 
02:44:45 poll error (1078): 
02:44:50 poll error (1079): 
02:44:55 poll error (1080): 
02:45:03 poll error (1081): 
02:45:08 poll error (1082): 
02:45:13 poll error (1083): 
02:45:19 poll error (1084): 
02:45:24 poll error (1085): 
02:45:29 poll error (1086): 
02:45:35 poll error (1087): 
02:45:41 poll error (1088): 
02:45:46 poll error (1089): 
02:45:51 poll error (1090): 
02:46:02 poll error (1091): 
02:46:09 poll error (1092): 
02:46:15 poll error (1093): 
02:46:21 poll error (1094): 
02:46:26 poll error (1095): 
02:46:32 poll error (1096): 
02:46:40 poll error (1097): 
02:46:47 poll error (1098): 
02:46:52 poll error (1099): 
02:46:57 poll error (1100): 
02:47:04 poll error (1101): 
02:47:10 poll error (1102): 
02:47:15 poll error (1103): 
02:47:20 poll error (1104): 
02:47:26 poll error (1105): 
02:47:31 poll error (1106): 
02:47:37 poll error (1107): 
02:47:43 poll error (1108): 
02:47:48 poll error (1109): 
02:47:54 poll error (1110): 
02:48:00 poll error (1111): 
02:48:05 poll error (1112): 
02:48:10 poll error (1113): 
02:48:16 poll error (1114): 
02:48:21 poll error (1115): 
02:48:27 poll error (1116): 
02:48:32 poll error (1117): 
02:48:39 poll error (1118): 
02:48:44 poll error (1119): 
02:48:50 poll error (1120): 
02:48:56 poll error (1121): 
02:49:01 poll error (1122): 
02:49:07 poll error (1123): 
02:49:15 poll error (1124): 
02:49:20 poll error (1125): 
02:49:27 poll error (1126): 
02:49:33 poll error (1127): 
02:49:38 poll error (1128): 
02:49:43 poll error (1129): 
02:49:48 poll error (1130): 
02:49:54 poll error (1131): 
02:49:59 poll error (1132): 
02:50:04 poll error (1133): 
02:50:10 poll error (1134): 
02:50:18 poll error (1135): 
02:50:25 poll error (1136): 
02:50:31 poll error (1137): 
02:50:36 poll error (1138): 
02:50:41 poll error (1139): 
02:50:49 poll error (1140): 
02:50:54 poll error (1141): 
02:51:00 poll error (1142): 
02:51:07 poll error (1143): 
02:51:12 poll error (1144): 
02:51:17 poll error (1145): 
02:51:22 poll error (1146): 
02:51:31 poll error (1147): 
02:51:37 poll error (1148): 
02:51:42 poll error (1149): 
02:51:48 poll error (1150): 
02:51:56 poll error (1151): 
02:52:01 poll error (1152): 
02:52:07 poll error (1153): 
02:52:13 poll error (1154): 
02:52:18 poll error (1155): 
02:52:23 poll error (1156): 
02:52:30 poll error (1157): 
02:52:35 poll error (1158): 
02:52:40 poll error (1159): 
02:52:48 poll error (1160): 
02:52:54 poll error (1161): 
02:52:59 poll error (1162): 
02:53:04 poll error (1163): 
02:53:11 poll error (1164): 
02:53:16 poll error (1165): 
02:53:22 poll error (1166): 
02:53:27 poll error (1167): 
02:53:34 poll error (1168): 
02:53:39 poll error (1169): 
02:53:46 poll error (1170): 
02:53:52 poll error (1171): 
02:53:58 poll error (1172): 
02:54:03 poll error (1173): 
02:54:09 poll error (1174): 
02:54:14 poll error (1175): 
02:54:19 poll error (1176): 
02:54:24 poll error (1177): 
==================================================
HDC Phase 3 EMG replay (sw/hdc_emg_board_test.c)
DDR readback @ 0x00100300
==================================================
EMG replay: N=493512 correct=309820 accuracy=62.77%
Export ref: 62.77%
Board vs export: delta=0.00%  PASS (0.5% tol)
errors=183692
==================================================
Results saved: /home/bsp-lab/1024-HDC/results/protocol_v2/twist1_silicon/random_seed_3/board_emg_replay.txt
EMG replay: N=493512 correct=309820 accuracy=62.77%
Export ref: 62.77%
Board vs export: delta=0.00%  PASS (0.5% tol)
Export ref: 62.77%
Board vs export: delta=0.00%  PASS (0.5% tol)
SUCCESS: Phase 3 EMG replay complete (board within 0.5% of export ref).
Anchor C complete -> /home/bsp-lab/1024-HDC/results/protocol_v2/twist1_silicon/random_seed_3/board_emg_replay.txt
EMG replay: N=493512 correct=309820 accuracy=62.77%
Export ref: 62.77%
Board vs export: delta=0.00%  PASS (0.5% tol)
Export ref: 62.77%
Board vs export: delta=0.00%  PASS (0.5% tol)
Status: PASS
Wrote /home/bsp-lab/1024-HDC/results/protocol_v2/twist1_silicon/seed_summary.json — measured 4/10 seeds
EMG replay: N=493512 correct=309820 accuracy=62.77%
Board vs export: delta=0.00%  PASS (0.5% tol)
Board vs export: delta=0.00%  PASS (0.5% tol)
Status: PASS
########## SEED 3 END 2026-09-16T02:54:30+05:30 ##########

########## SEED 4 START 2026-09-16T02:54:30+05:30 ##########
=== Seed 4 (export ref x1000=66003) ===
  random_seed=4  keep_ratio=0.125  n_keep=128/1024
Patched /home/bsp-lab/1024-HDC/sw/golden_vectors.h
Patched /home/bsp-lab/1024-HDC/sw/emg_board_vectors.h
Patched /home/bsp-lab/1024-HDC/sw/emg_board_vectors_hdc2.h
Done anchor=C keep=0.125 mode=random mask_density=0.1250 export_ref=62.78%
Set EMG_EXPORT_REF_ACCURACY_X1000 = 66003
=== Waiting for Digilent USB cable ===
Digilent cable detected on /dev/ttyUSB0
=== Anchor C: keep_ratio=0.125 ===
Skipping mask patch for anchor C (HDC_ANCHOR_SKIP_PATCH=1)
Rebuilding Final_HDC_dma_emg.elf ...
   text	   data	    bss	    dec	    hex	filename
  49461	   1472	  61008	 111941	  1b545	/home/bsp-lab/1024-HDC/board/HDC_DMA/app/build/Final_HDC_dma_emg.elf
Running board EMG replay ...
=== HDC Phase 3 EMG replay (hdc_emg_board_test.c) ===
=== Waiting for Digilent USB cable ===
Digilent cable detected on /dev/ttyUSB0
=== Program + poll Phase 3 EMG replay ===
Programming HDC_DMA EMG replay with:
  bitstream: /home/bsp-lab/1024-HDC/board/HDC_DMA/app/_ide/bitstream/design_1_wrapper.bit
  app:       /home/bsp-lab/1024-HDC/board/HDC_DMA/app/build/Final_HDC_dma_emg.elf
  initial APU attempt 1/5 ...
  APU target available
=== JTAG targets ===
  1*
  APU
  2
  ARM
  Cortex-A9
  MPCore
  #0
  (Running)
  3
  ARM
  Cortex-A9
  MPCore
  #1
  (Suspended)
  4
  xc7z020

=== PS7 init before PL (releases PL from reset) ===
  pre-PL APU attempt 1/3 ...
  APU target available
  pre-PL PS7 attempt 1...
Pre-PL PS7 init OK

=== Programming PL bitstream ===
  PL attempt 1
PL programmed successfully via xsdb

=== PS7 init after PL ===
  post-PL APU attempt 1/5 ...
  APU target available
  post-PL PS7 attempt 1...
PS7 initialized
FSBL loaded
HDC_app loaded
Loading emg_board_vectors.bin to DDR 0x02000000 (chunk 65536B) ...
  chunk @ 0x02000000 attempt 1/20: Memory write error at 0x2000000. Cannot flush JTAG server queue. ftdi_write_data_submit failed: all fine
  chunk @ 0x02020000 attempt 1/20: Memory write error at 0x20211E8. Cannot flush JTAG server queue. ftdi_transfer_data_done failed: usb bulk read failed
  1.0 / 8.5 MiB
  chunk @ 0x02100000 attempt 1/20: Memory write error at 0x2100000. Cannot flush JTAG server queue. ftdi_write_data_submit failed: usb bulk read failed
  2.0 / 8.5 MiB
  3.0 / 8.5 MiB
  4.0 / 8.5 MiB
  chunk @ 0x02480000 attempt 1/20: Memory write error at 0x248B000. Cannot flush JTAG server queue. ftdi_transfer_data_done failed: usb bulk read failed
  5.0 / 8.5 MiB
  chunk @ 0x02590000 attempt 1/20: Memory write error at 0x2590000. Cannot flush JTAG server queue. ftdi_transfer_data_done failed: usb bulk read failed
  6.0 / 8.5 MiB
  chunk @ 0x02640000 attempt 1/20: Memory write error at 0x26467D4. Cannot flush JTAG server queue. ftdi_read_data failed: usb bulk read failed
  7.0 / 8.5 MiB
  8.0 / 8.5 MiB
Vectors bin loaded (8883216 bytes)
Programming and run complete
CPU running EMG replay — polling @ 0x00100300 (max 7200s)...
02:56:10 poll error (1): 
02:56:15 poll error (2): 
02:56:20 poll error (3): 
02:56:34 poll error (4): 
02:56:42 poll error (5): 
02:56:49 poll error (6): 
02:56:58 poll error (7): 
02:57:05 poll error (8): 
02:57:10 poll error (9): 
02:57:16 poll error (10): 
02:57:22 poll error (11): 
02:57:27 poll error (12): 
02:57:32 poll error (13): 
02:57:38 poll error (14): 
02:57:43 poll error (15): 
02:57:49 poll error (16): 
02:57:57 poll error (17): 
02:58:02 poll error (18): 
02:58:08 poll error (19): 
02:58:14 poll error (20): 
02:58:21 poll error (21): 
02:58:26 poll error (22): 
02:58:33 poll error (23): 
02:58:38 poll error (24): 
02:58:43 poll error (25): 
02:58:49 poll error (26): 
02:58:54 poll error (27): 
02:58:59 poll error (28): 
02:59:05 poll error (29): 
02:59:10 poll error (30): 
02:59:15 poll error (31): 
02:59:23 poll error (32): 
02:59:29 poll error (33): 
02:59:34 poll error (34): 
02:59:40 poll error (35): 
02:59:45 poll error (36): 
02:59:51 poll error (37): 
02:59:58 poll error (38): 
03:00:04 poll error (39): 
03:00:09 poll error (40): 
03:00:14 poll error (41): 
03:00:22 poll error (42): 
03:00:27 poll error (43): 
03:00:34 poll error (44): 
03:00:43 poll error (45): 
03:00:48 poll error (46): 
03:00:54 poll error (47): 
03:01:00 poll error (48): 
03:01:05 poll error (49): 
03:01:10 poll error (50): 
03:01:16 poll error (51): 
03:01:21 poll error (52): 
03:01:26 poll error (53): 
03:01:37 poll error (54): 
03:01:43 poll error (55): 
03:01:50 poll error (56): 
03:01:56 poll error (57): 
03:02:01 poll error (58): 
03:02:09 poll error (59): 
03:02:16 poll error (60): 
03:02:22 poll error (61): 
03:02:28 poll error (62): 
03:02:34 poll error (63): 
03:02:40 poll error (64): 
03:02:45 poll error (65): 
03:02:50 poll error (66): 
03:02:56 poll error (67): 
03:03:01 poll error (68): 
03:03:06 poll error (69): 
03:03:12 poll error (70): 
03:03:18 poll error (71): 
03:03:23 poll error (72): 
03:03:29 poll error (73): 
03:03:34 poll error (74): 
03:03:39 poll error (75): 
03:03:45 poll error (76): 
03:03:51 poll error (77): 
03:03:58 poll error (78): 
03:04:04 poll error (79): 
03:04:13 poll error (80): 
03:04:21 poll error (81): 
03:04:26 poll error (82): 
03:04:32 poll error (83): 
03:04:38 poll error (84): 
03:04:43 poll error (85): 
03:04:49 poll error (86): 
03:05:02 poll error (87): 
03:05:07 poll error (88): 
03:05:12 poll error (89): 
03:05:18 poll error (90): 
03:05:24 poll error (91): 
03:05:31 poll error (92): 
03:05:46 poll error (93): 
03:05:51 poll error (94): 
03:05:59 poll error (95): 
03:06:05 poll error (96): 
03:06:10 poll error (97): 
03:06:17 poll error (98): 
03:06:22 poll error (99): 
03:06:27 poll error (100): 
03:06:33 poll error (101): 
03:06:39 poll error (102): 
03:06:49 poll error (103): 
03:06:54 poll error (104): 
03:07:00 poll error (105): 
03:07:06 poll error (106): 
03:07:11 poll error (107): 
03:07:18 poll error (108): 
03:07:27 poll error (109): 
03:07:32 poll error (110): 
03:07:39 poll error (111): 
03:07:44 poll error (112): 
03:07:51 poll error (113): 
03:07:57 poll error (114): 
03:08:02 poll error (115): 
03:08:07 poll error (116): 
03:08:12 poll error (117): 
03:08:23 poll error (118): 
03:08:28 poll error (119): 
03:08:34 poll error (120): 
03:08:39 poll error (121): 
03:08:45 poll error (122): 
03:08:51 poll error (123): 
03:08:58 poll error (124): 
03:09:03 poll error (125): 
03:09:11 poll error (126): 
03:09:17 poll error (127): 
03:09:22 poll error (128): 
03:09:36 poll error (129): 
03:09:43 poll error (130): 
03:09:49 poll error (131): 
03:09:54 poll error (132): 
03:10:00 poll error (133): 
03:10:06 poll error (134): 
03:10:11 poll error (135): 
03:10:17 poll error (136): 
03:10:22 poll error (137): 
03:10:27 poll error (138): 
03:10:35 poll error (139): 
03:10:40 poll error (140): 
03:10:45 poll error (141): 
03:10:50 poll error (142): 
03:10:56 poll error (143): 
03:11:01 poll error (144): 
03:11:12 poll error (145): 
03:11:17 poll error (146): 
03:11:24 poll error (147): 
03:11:30 poll error (148): 
03:11:35 poll error (149): 
03:11:40 poll error (150): 
03:11:46 poll error (151): 
03:11:51 poll error (152): 
03:11:56 poll error (153): 
03:12:03 poll error (154): 
03:12:08 poll error (155): 
03:12:13 poll error (156): 
03:12:18 poll error (157): 
03:12:24 poll error (158): 
03:12:30 poll error (159): 
03:12:35 poll error (160): 
03:12:44 poll error (161): 
03:12:50 poll error (162): 
03:12:57 poll error (163): 
03:13:05 poll error (164): 
03:13:10 poll error (165): 
03:13:15 poll error (166): 
03:13:21 poll error (167): 
03:13:26 poll error (168): 
03:13:32 poll error (169): 
03:13:37 poll error (170): 
03:13:44 poll error (171): 
03:13:54 poll error (172): 
03:14:00 poll error (173): 
03:14:05 poll error (174): 
03:14:10 poll error (175): 
03:14:17 poll error (176): 
03:14:22 poll error (177): 
03:14:28 poll error (178): 
03:14:34 poll error (179): 
03:14:40 poll error (180): 
03:14:45 poll error (181): 
03:14:51 poll error (182): 
03:14:57 poll error (183): 
03:15:02 poll error (184): 
03:15:08 poll error (185): 
03:15:14 poll error (186): 
03:15:19 poll error (187): 
03:15:24 poll error (188): 
03:15:31 poll error (189): 
03:15:36 poll error (190): 
03:15:41 poll error (191): 
03:15:46 poll error (192): 
03:15:56 poll error (193): 
03:16:01 poll error (194): 
03:16:06 poll error (195): 
03:16:15 poll error (196): 
03:16:27 poll error (197): 
03:16:33 poll error (198): 
03:16:38 poll error (199): 
03:16:43 poll error (200): 
03:16:48 poll error (201): 
03:16:54 poll error (202): 
03:16:59 poll error (203): 
03:17:04 poll error (204): 
03:17:10 poll error (205): 
03:17:16 poll error (206): 
03:17:21 poll error (207): 
03:17:29 poll error (208): 
03:17:34 poll error (209): 
03:17:40 poll error (210): 
03:17:49 poll error (211): 
03:17:55 poll error (212): 
03:18:05 poll error (213): 
03:18:11 poll error (214): 
03:18:17 poll error (215): 
03:18:23 poll error (216): 
03:18:29 poll error (217): 
03:18:34 poll error (218): 
03:18:40 poll error (219): 
03:18:46 poll error (220): 
03:18:52 poll error (221): 
03:18:58 poll error (222): 
03:19:03 poll error (223): 
03:19:09 poll error (224): 
03:19:14 poll error (225): 
03:19:19 poll error (226): 
03:19:25 poll error (227): 
03:19:31 poll error (228): 
03:19:38 poll error (229): 
03:19:44 poll error (230): 
03:19:49 poll error (231): 
03:19:54 poll error (232): 
03:20:00 poll error (233): 
03:20:06 poll error (234): 
03:20:11 poll error (235): 
03:20:17 poll error (236): 
03:20:23 poll error (237): 
03:20:29 poll error (238): 
03:20:36 poll error (239): 
03:20:42 poll error (240): 
03:20:47 poll error (241): 
03:20:53 poll error (242): 
03:20:58 poll error (243): 
03:21:04 poll error (244): 
03:21:09 poll error (245): 
03:21:15 poll error (246): 
03:21:21 poll error (247): 
03:21:26 poll error (248): 
03:21:33 poll error (249): 
03:21:39 poll error (250): 
03:21:44 poll error (251): 
03:21:52 poll error (252): 
03:21:58 poll error (253): 
03:22:03 poll error (254): 
03:22:09 poll error (255): 
03:22:14 poll error (256): 
03:22:19 poll error (257): 
03:22:26 poll error (258): 
03:22:32 poll error (259): 
03:22:37 poll error (260): 
03:22:45 poll error (261): 
03:22:52 poll error (262): 
03:22:57 poll error (263): 
03:23:02 poll error (264): 
03:23:08 poll error (265): 
03:23:14 poll error (266): 
03:23:19 poll error (267): 
03:23:25 poll error (268): 
03:23:32 poll error (269): 
03:23:37 poll error (270): 
03:23:43 poll error (271): 
03:23:52 poll error (272): 
03:23:57 poll error (273): 
03:24:03 poll error (274): 
03:24:08 poll error (275): 
03:24:14 poll error (276): 
03:24:20 poll error (277): 
03:24:26 poll error (278): 
03:24:31 poll error (279): 
03:24:37 poll error (280): 
03:24:43 poll error (281): 
03:24:48 poll error (282): 
03:24:53 poll error (283): 
03:24:59 poll error (284): 
03:25:06 poll error (285): 
03:25:11 poll error (286): 
03:25:16 poll error (287): 
03:25:22 poll error (288): 
03:25:27 poll error (289): 
03:25:32 poll error (290): 
03:25:41 poll error (291): 
03:25:47 poll error (292): 
03:25:52 poll error (293): 
03:25:58 poll error (294): 
03:26:03 poll error (295): 
03:26:08 poll error (296): 
03:26:13 poll error (297): 
03:26:19 poll error (298): 
03:26:24 poll error (299): 
03:26:29 poll error (300): 
03:26:35 poll error (301): 
03:26:41 poll error (302): 
03:26:47 poll error (303): 
03:26:53 poll error (304): 
03:27:05 poll error (305): 
03:27:10 poll error (306): 
03:27:16 poll error (307): 
03:27:21 poll error (308): 
03:27:26 poll error (309): 
03:27:32 poll error (310): 
03:27:40 poll error (311): 
03:27:45 poll error (312): 
03:27:51 poll error (313): 
03:27:57 poll error (314): 
03:28:02 poll error (315): 
03:28:07 poll error (316): 
03:28:13 poll error (317): 
03:28:19 poll error (318): 
03:28:28 poll error (319): 
03:28:35 poll error (320): 
03:28:43 poll error (321): 
03:28:48 poll error (322): 
03:28:54 poll error (323): 
03:28:59 poll error (324): 
03:29:09 poll error (325): 
03:29:15 poll error (326): 
03:29:20 poll error (327): 
03:29:25 poll error (328): 
03:29:32 poll error (329): 
03:29:37 poll error (330): 
03:29:44 poll error (331): 
03:29:52 poll error (332): 
03:29:57 poll error (333): 
03:30:02 poll error (334): 
03:30:08 poll error (335): 
03:30:15 poll error (336): 
03:30:20 poll error (337): 
03:30:25 poll error (338): 
03:30:31 poll error (339): 
03:30:37 poll error (340): 
03:30:42 poll error (341): 
03:30:48 poll error (342): 
03:30:54 poll error (343): 
03:30:59 poll error (344): 
03:31:05 poll error (345): 
03:31:11 poll error (346): 
03:31:16 poll error (347): 
03:31:21 poll error (348): 
03:31:27 poll error (349): 
03:31:32 poll error (350): 
03:31:37 poll error (351): 
03:31:45 poll error (352): 
03:31:51 poll error (353): 
03:31:57 poll error (354): 
03:32:02 poll error (355): 
03:32:08 poll error (356): 
03:32:15 poll error (357): 
03:32:20 poll error (358): 
03:32:26 poll error (359): 
03:32:32 poll error (360): 
03:32:37 poll error (361): 
03:32:42 poll error (362): 
03:32:47 poll error (363): 
03:32:53 poll error (364): 
03:32:58 poll error (365): 
03:33:05 poll error (366): 
03:33:18 poll error (367): 
03:33:23 poll error (368): 
03:33:29 poll error (369): 
03:33:35 poll error (370): 
03:33:41 poll error (371): 
03:33:46 poll error (372): 
03:33:52 poll error (373): 
03:33:58 poll error (374): 
03:34:03 poll error (375): 
03:34:14 poll error (376): 
03:34:19 poll error (377): 
03:34:26 poll error (378): 
03:34:32 poll error (379): 
03:34:44 poll error (380): 
03:34:49 poll error (381): 
03:34:55 poll error (382): 
03:35:00 poll error (383): 
03:35:05 poll error (384): 
03:35:11 poll error (385): 
03:35:17 poll error (386): 
03:35:22 poll error (387): 
03:35:36 poll error (388): 
03:35:41 poll error (389): 
03:35:49 poll error (390): 
03:35:56 poll error (391): 
03:36:02 poll error (392): 
03:36:07 poll error (393): 
03:36:12 poll error (394): 
03:36:18 poll error (395): 
03:36:25 poll error (396): 
03:36:31 poll error (397): 
03:36:36 poll error (398): 
03:36:42 poll error (399): 
03:36:47 poll error (400): 
03:36:52 poll error (401): 
03:37:01 poll error (402): 
03:37:07 poll error (403): 
03:37:12 poll error (404): 
03:37:18 poll error (405): 
03:37:23 poll error (406): 
03:37:28 poll error (407): 
03:37:34 poll error (408): 
03:37:40 poll error (409): 
03:37:46 poll error (410): 
03:37:53 poll error (411): 
03:37:59 poll error (412): 
03:38:05 poll error (413): 
03:38:11 poll error (414): 
03:38:17 poll error (415): 
03:38:22 poll error (416): 
03:38:27 poll error (417): 
03:38:33 poll error (418): 
03:38:38 poll error (419): 
03:38:43 poll error (420): 
03:38:48 poll error (421): 
03:38:54 poll error (422): 
03:38:59 poll error (423): 
03:39:05 poll error (424): 
03:39:13 poll error (425): 
03:39:18 poll error (426): 
03:39:23 poll error (427): 
03:39:29 poll error (428): 
03:39:34 poll error (429): 
03:39:39 poll error (430): 
03:39:44 poll error (431): 
03:39:50 poll error (432): 
03:39:55 poll error (433): 
03:40:00 poll error (434): 
03:40:06 poll error (435): 
03:40:11 poll error (436): 
03:40:16 poll error (437): 
03:40:22 poll error (438): 
03:40:27 poll error (439): 
03:40:32 poll error (440): 
03:40:38 poll error (441): 
03:40:44 poll error (442): 
03:40:49 poll error (443): 
03:40:54 poll error (444): 
03:41:00 poll error (445): 
03:41:05 poll error (446): 
03:41:10 poll error (447): 
03:41:18 poll error (448): 
03:41:23 poll error (449): 
03:41:35 poll error (450): 
03:41:43 poll error (451): 
03:41:48 poll error (452): 
03:41:53 poll error (453): 
03:41:59 poll error (454): 
03:42:04 poll error (455): 
03:42:09 poll error (456): 
03:42:15 poll error (457): 
03:42:20 poll error (458): 
03:42:25 poll error (459): 
03:42:30 poll error (460): 
03:42:36 poll error (461): 
03:42:41 poll error (462): 
03:42:47 poll error (463): 
03:42:53 poll error (464): 
03:42:58 poll error (465): 
03:43:03 poll error (466): 
03:43:09 poll error (467): 
03:43:17 poll error (468): 
03:43:22 poll error (469): 
03:43:27 poll error (470): 
03:43:34 poll error (471): 
03:43:42 poll error (472): 
03:43:49 poll error (473): 
03:43:54 poll error (474): 
03:44:00 poll error (475): 
03:44:06 poll error (476): 
03:44:11 poll error (477): 
03:44:17 poll error (478): 
03:44:22 poll error (479): 
03:44:27 poll error (480): 
03:44:33 poll error (481): 
03:44:38 poll error (482): 
03:44:47 poll error (483): 
03:44:53 poll error (484): 
03:45:00 poll error (485): 
03:45:05 poll error (486): 
03:45:11 poll error (487): 
03:45:16 poll error (488): 
03:45:21 poll error (489): 
03:45:26 poll error (490): 
03:45:32 poll error (491): 
03:45:37 poll error (492): 
03:45:46 poll error (493): 
03:45:59 poll error (494): 
03:46:04 poll error (495): 
03:46:10 poll error (496): 
03:46:15 poll error (497): 
03:46:20 poll error (498): 
03:46:28 poll error (499): 
03:46:34 poll error (500): 
03:46:40 poll error (501): 
03:46:46 poll error (502): 
03:46:52 poll error (503): 
03:46:57 poll error (504): 
03:47:03 poll error (505): 
03:47:09 poll error (506): 
03:47:15 poll error (507): 
03:47:22 poll error (508): 
03:47:28 poll error (509): 
03:47:34 poll error (510): 
03:47:39 poll error (511): 
03:47:45 poll error (512): 
03:47:51 poll error (513): 
03:47:59 poll error (514): 
03:48:04 poll error (515): 
03:48:10 poll error (516): 
03:48:16 poll error (517): 
03:48:21 poll error (518): 
03:48:26 poll error (519): 
03:48:32 poll error (520): 
03:48:37 poll error (521): 
03:48:42 poll error (522): 
03:48:48 poll error (523): 
03:48:55 poll error (524): 
03:49:00 poll error (525): 
03:49:07 poll error (526): 
03:49:12 poll error (527): 
03:49:17 poll error (528): 
03:49:25 poll error (529): 
03:49:30 poll error (530): 
03:49:38 poll error (531): 
03:49:46 poll error (532): 
03:49:52 poll error (533): 
03:50:00 poll error (534): 
03:50:05 poll error (535): 
03:50:11 poll error (536): 
03:50:21 poll error (537): 
03:50:26 poll error (538): 
03:50:32 poll error (539): 
03:50:38 poll error (540): 
03:50:43 poll error (541): 
03:50:51 poll error (542): 
03:50:56 poll error (543): 
03:51:01 poll error (544): 
03:51:07 poll error (545): 
03:51:12 poll error (546): 
03:51:17 poll error (547): 
03:51:23 poll error (548): 
03:51:29 poll error (549): 
03:51:34 poll error (550): 
03:51:39 poll error (551): 
03:51:47 poll error (552): 
03:51:52 poll error (553): 
03:51:57 poll error (554): 
03:52:03 poll error (555): 
03:52:08 poll error (556): 
03:52:13 poll error (557): 
03:52:19 poll error (558): 
03:52:25 poll error (559): 
03:52:30 poll error (560): 
03:52:37 poll error (561): 
03:52:43 poll error (562): 
03:52:48 poll error (563): 
03:52:53 poll error (564): 
03:52:59 poll error (565): 
03:53:04 poll error (566): 
03:53:09 poll error (567): 
03:53:15 poll error (568): 
03:53:20 poll error (569): 
03:53:25 poll error (570): 
03:53:35 poll error (571): 
03:53:41 poll error (572): 
03:53:51 poll error (573): 
03:53:56 poll error (574): 
03:54:03 poll error (575): 
03:54:08 poll error (576): 
03:54:17 poll error (577): 
03:54:25 poll error (578): 
03:54:30 poll error (579): 
03:54:37 poll error (580): 
03:54:43 poll error (581): 
03:54:48 poll error (582): 
03:54:53 poll error (583): 
03:54:59 poll error (584): 
03:55:04 poll error (585): 
03:55:09 poll error (586): 
03:55:15 poll error (587): 
03:55:21 poll error (588): 
03:55:28 poll error (589): 
03:55:33 poll error (590): 
03:55:39 poll error (591): 
03:55:47 poll error (592): 
03:55:57 poll error (593): 
03:56:03 poll error (594): 
03:56:08 poll error (595): 
03:56:14 poll error (596): 
03:56:20 poll error (597): 
03:56:26 poll error (598): 
03:56:31 poll error (599): 
03:56:39 poll error (600): 
03:56:46 poll error (601): 
03:56:52 poll error (602): 
03:56:58 poll error (603): 
03:57:04 poll error (604): 
03:57:09 poll error (605): 
03:57:14 poll error (606): 
03:57:22 poll error (607): 
03:57:28 poll error (608): 
03:57:35 poll error (609): 
03:57:40 poll error (610): 
03:57:48 poll error (611): 
03:57:54 poll error (612): 
03:58:00 poll error (613): 
03:58:06 poll error (614): 
03:58:12 poll error (615): 
03:58:18 poll error (616): 
03:58:23 poll error (617): 
03:58:30 poll error (618): 
03:58:36 poll error (619): 
03:58:41 poll error (620): 
03:58:52 poll error (621): 
03:58:57 poll error (622): 
03:59:02 poll error (623): 
03:59:08 poll error (624): 
03:59:14 poll error (625): 
03:59:20 poll error (626): 
03:59:27 poll error (627): 
03:59:35 poll error (628): 
03:59:40 poll error (629): 
03:59:48 poll error (630): 
03:59:53 poll error (631): 
04:00:00 poll error (632): 
04:00:05 poll error (633): 
04:00:10 poll error (634): 
04:00:16 poll error (635): 
04:00:21 poll error (636): 
04:00:27 poll error (637): 
04:00:32 poll error (638): 
04:00:38 poll error (639): 
04:00:43 poll error (640): 
04:00:49 poll error (641): 
04:00:55 poll error (642): 
04:01:00 poll error (643): 
04:01:05 poll error (644): 
04:01:11 poll error (645): 
04:01:16 poll error (646): 
04:01:21 poll error (647): 
04:01:26 poll error (648): 
04:01:33 poll error (649): 
04:01:38 poll error (650): 
04:01:43 poll error (651): 
04:01:49 poll error (652): 
04:01:56 poll error (653): 
04:02:04 poll error (654): 
04:02:17 poll error (655): 
04:02:25 poll error (656): 
04:02:30 poll error (657): 
04:02:36 poll error (658): 
04:02:43 poll error (659): 
04:02:50 poll error (660): 
04:02:58 poll error (661): 
04:03:03 poll error (662): 
04:03:08 poll error (663): 
04:03:13 poll error (664): 
04:03:19 poll error (665): 
04:03:24 poll error (666): 
04:03:29 poll error (667): 
04:03:37 poll error (668): 
04:03:42 poll error (669): 
04:03:48 poll error (670): 
04:03:59 poll error (671): 
04:04:05 poll error (672): 
04:04:10 poll error (673): 
04:04:15 poll error (674): 
04:04:21 poll error (675): 
04:04:26 poll error (676): 
04:04:32 poll error (677): 
04:04:43 poll error (678): 
04:04:49 poll error (679): 
04:04:55 poll error (680): 
04:05:03 poll error (681): 
04:05:09 poll error (682): 
04:05:14 poll error (683): 
04:05:20 poll error (684): 
04:05:25 poll error (685): 
04:05:31 poll error (686): 
04:05:37 poll error (687): 
04:05:43 poll error (688): 
04:05:49 poll error (689): 
04:05:54 poll error (690): 
04:06:01 poll error (691): 
04:06:06 poll error (692): 
04:06:11 poll error (693): 
04:06:18 poll error (694): 
04:06:24 poll error (695): 
04:06:30 poll error (696): 
04:06:35 poll error (697): 
04:06:41 poll error (698): 
04:06:49 poll error (699): 
04:06:54 poll error (700): 
04:07:00 poll error (701): 
04:07:07 poll error (702): 
04:07:12 poll error (703): 
04:07:17 poll error (704): 
04:07:23 poll error (705): 
04:07:28 poll error (706): 
04:07:36 poll error (707): 
04:07:42 poll error (708): 
04:07:47 poll error (709): 
04:07:52 poll error (710): 
04:07:58 poll error (711): 
04:08:08 poll error (712): 
04:08:13 poll error (713): 
04:08:18 poll error (714): 
04:08:24 poll error (715): 
04:08:29 poll error (716): 
04:08:35 poll error (717): 
04:08:41 poll error (718): 
04:08:47 poll error (719): 
04:08:53 poll error (720): 
04:09:04 poll error (721): 
04:09:09 poll error (722): 
04:09:15 poll error (723): 
04:09:22 poll error (724): 
04:09:30 poll error (725): 
04:09:36 poll error (726): 
04:09:41 poll error (727): 
04:09:52 poll error (728): 
04:09:57 poll error (729): 
04:10:02 poll error (730): 
04:10:08 poll error (731): 
04:10:13 poll error (732): 
04:10:21 poll error (733): 
04:10:26 poll error (734): 
04:10:32 poll error (735): 
04:10:37 poll error (736): 
04:10:42 poll error (737): 
04:10:51 poll error (738): 
04:10:56 poll error (739): 
04:11:01 poll error (740): 
04:11:07 poll error (741): 
04:11:15 poll error (742): 
04:11:20 poll error (743): 
04:11:25 poll error (744): 
04:11:31 poll error (745): 
04:11:36 poll error (746): 
04:11:41 poll error (747): 
04:11:47 poll error (748): 
04:11:52 poll error (749): 
04:11:57 poll error (750): 
04:12:05 poll error (751): 
04:12:11 poll error (752): 
04:12:17 poll error (753): 
04:12:22 poll error (754): 
04:12:28 poll error (755): 
04:12:33 poll error (756): 
04:12:38 poll error (757): 
04:12:47 poll error (758): 
04:12:52 poll error (759): 
04:12:57 poll error (760): 
04:13:03 poll error (761): 
04:13:08 poll error (762): 
04:13:24 poll error (763): 
04:13:30 poll error (764): 
04:13:35 poll error (765): 
04:13:40 poll error (766): 
04:13:46 poll error (767): 
04:13:51 poll error (768): 
04:13:56 poll error (769): 
04:14:02 poll error (770): 
04:14:07 poll error (771): 
04:14:12 poll error (772): 
04:14:17 poll error (773): 
04:14:23 poll error (774): 
04:14:28 poll error (775): 
04:14:36 poll error (776): 
04:14:42 poll error (777): 
04:14:47 poll error (778): 
04:14:53 poll error (779): 
04:14:59 poll error (780): 
04:15:04 poll error (781): 
04:15:10 poll error (782): 
04:15:18 poll error (783): 
04:15:25 poll error (784): 
04:15:30 poll error (785): 
04:15:35 poll error (786): 
04:15:41 poll error (787): 
04:15:54 poll error (788): 
04:15:59 poll error (789): 
04:16:06 poll error (790): 
04:16:12 poll error (791): 
04:16:20 poll error (792): 
04:16:25 poll error (793): 
04:16:31 poll error (794): 
04:16:36 poll error (795): 
04:16:44 poll error (796): 
04:16:51 poll error (797): 
04:16:56 poll error (798): 
04:17:01 poll error (799): 
04:17:07 poll error (800): 
04:17:13 poll error (801): 
04:17:20 poll error (802): 
04:17:25 poll error (803): 
04:17:31 poll error (804): 
04:17:37 poll error (805): 
04:17:44 poll error (806): 
04:17:50 poll error (807): 
04:17:58 poll error (808): 
04:18:03 poll error (809): 
04:18:08 poll error (810): 
04:18:24 poll error (811): 
04:18:30 poll error (812): 
04:18:35 poll error (813): 
04:18:43 poll error (814): 
04:18:48 poll error (815): 
04:18:54 poll error (816): 
04:18:59 poll error (817): 
04:19:06 poll error (818): 
04:19:15 poll error (819): 
04:19:20 poll error (820): 
04:19:26 poll error (821): 
04:19:31 poll error (822): 
04:19:36 poll error (823): 
04:19:43 poll error (824): 
04:19:48 poll error (825): 
04:19:55 poll error (826): 
04:20:03 poll error (827): 
04:20:09 poll error (828): 
04:20:14 poll error (829): 
04:20:19 poll error (830): 
04:20:25 poll error (831): 
04:20:30 poll error (832): 
04:20:36 poll error (833): 
04:20:42 poll error (834): 
04:20:47 poll error (835): 
04:20:52 poll error (836): 
04:20:58 poll error (837): 
04:21:03 poll error (838): 
04:21:11 poll error (839): 
04:21:16 poll error (840): 
04:21:23 poll error (841): 
04:21:28 poll error (842): 
04:21:35 poll error (843): 
04:21:41 poll error (844): 
04:21:46 poll error (845): 
04:21:54 poll error (846): 
04:22:01 poll error (847): 
04:22:07 poll error (848): 
04:22:13 poll error (849): 
04:22:18 poll error (850): 
04:22:24 poll error (851): 
04:22:31 poll error (852): 
04:22:36 poll error (853): 
04:22:45 poll error (854): 
04:22:50 poll error (855): 
04:22:56 poll error (856): 
04:23:01 poll error (857): 
04:23:08 poll error (858): 
04:23:13 poll error (859): 
04:23:18 poll error (860): 
04:23:24 poll error (861): 
04:23:29 poll error (862): 
04:23:34 poll error (863): 
04:23:40 poll error (864): 
04:23:45 poll error (865): 
04:23:50 poll error (866): 
04:23:56 poll error (867): 
04:24:02 poll error (868): 
04:24:10 poll error (869): 
04:24:15 poll error (870): 
04:24:23 poll error (871): 
04:24:29 poll error (872): 
04:24:35 poll error (873): 
04:24:40 poll error (874): 
04:24:46 poll error (875): 
04:24:51 poll error (876): 
04:24:56 poll error (877): 
04:25:02 poll error (878): 
04:25:09 poll error (879): 
04:25:14 poll error (880): 
04:25:20 poll error (881): 
04:25:27 poll error (882): 
04:25:34 poll error (883): 
04:25:39 poll error (884): 
04:25:44 poll error (885): 
04:25:50 poll error (886): 
04:25:56 poll error (887): 
04:26:01 poll error (888): 
04:26:08 poll error (889): 
04:26:14 poll error (890): 
04:26:20 poll error (891): 
04:26:25 poll error (892): 
04:26:32 poll error (893): 
04:26:37 poll error (894): 
04:26:44 poll error (895): 
04:26:50 poll error (896): 
04:26:55 poll error (897): 
04:27:00 poll error (898): 
04:27:06 poll error (899): 
04:27:11 poll error (900): 
04:27:16 poll error (901): 
04:27:22 poll error (902): 
04:27:27 poll error (903): 
04:27:32 poll error (904): 
04:27:38 poll error (905): 
04:27:44 poll error (906): 
04:27:49 poll error (907): 
04:27:55 poll error (908): 
04:28:03 poll error (909): 
04:28:09 poll error (910): 
04:28:14 poll error (911): 
04:28:20 poll error (912): 
04:28:27 poll error (913): 
04:28:33 poll error (914): 
04:28:38 poll error (915): 
04:28:44 poll error (916): 
04:28:49 poll error (917): 
04:28:55 poll error (918): 
04:29:01 poll error (919): 
04:29:06 poll error (920): 
04:29:11 poll error (921): 
04:29:17 poll error (922): 
04:29:23 poll error (923): 
04:29:30 poll error (924): 
04:29:36 poll error (925): 
04:29:43 poll error (926): 
04:29:48 poll error (927): 
04:29:54 poll error (928): 
04:30:00 poll error (929): 
04:30:05 poll error (930): 
04:30:10 poll error (931): 
04:30:15 poll error (932): 
04:30:21 poll error (933): 
04:30:29 poll error (934): 
04:30:34 poll error (935): 
04:30:39 poll error (936): 
04:30:46 poll error (937): 
04:30:51 poll error (938): 
04:30:56 poll error (939): 
04:31:06 poll error (940): 
04:31:11 poll error (941): 
04:31:18 poll error (942): 
04:31:24 poll error (943): 
04:31:29 poll error (944): 
04:31:35 poll error (945): 
04:31:42 poll error (946): 
04:31:47 poll error (947): 
04:31:53 poll error (948): 
04:31:58 poll error (949): 
04:32:06 poll error (950): 
04:32:11 poll error (951): 
04:32:16 poll error (952): 
04:32:22 poll error (953): 
04:32:27 poll error (954): 
04:32:32 poll error (955): 
04:32:39 poll error (956): 
04:32:44 poll error (957): 
04:32:49 poll error (958): 
04:32:57 poll error (959): 
04:33:02 poll error (960): 
04:33:08 poll error (961): 
04:33:13 poll error (962): 
04:33:21 poll error (963): 
04:33:28 poll error (964): 
04:33:35 poll error (965): 
04:33:41 poll error (966): 
04:33:46 poll error (967): 
04:33:52 poll error (968): 
04:33:58 poll error (969): 
04:34:03 poll error (970): 
04:34:08 poll error (971): 
04:34:16 poll error (972): 
04:34:21 poll error (973): 
04:34:27 poll error (974): 
04:34:32 poll error (975): 
04:34:38 poll error (976): 
04:34:43 poll error (977): 
04:34:48 poll error (978): 
04:34:57 poll error (979): 
04:35:02 poll error (980): 
04:35:07 poll error (981): 
04:35:12 poll error (982): 
04:35:24 poll error (983): 
04:35:31 poll error (984): 
04:35:39 poll error (985): 
04:35:45 poll error (986): 
04:35:51 poll error (987): 
04:35:59 poll error (988): 
04:36:05 poll error (989): 
04:36:13 poll error (990): 
04:36:18 poll error (991): 
04:36:24 poll error (992): 
04:36:31 poll error (993): 
04:36:37 poll error (994): 
04:36:42 poll error (995): 
04:36:47 poll error (996): 
04:36:53 poll error (997): 
04:36:58 poll error (998): 
04:37:09 poll error (999): 
04:37:14 poll error (1000): 
04:37:19 poll error (1001): 
04:37:25 poll error (1002): 
04:37:32 poll error (1003): 
04:37:42 poll error (1004): 
04:37:49 poll error (1005): 
04:37:59 poll error (1006): 
04:38:04 poll error (1007): 
04:38:10 poll error (1008): 
04:38:24 poll error (1009): 
04:38:30 poll error (1010): 
04:38:35 poll error (1011): 
04:38:40 poll error (1012): 
04:38:47 poll error (1013): 
04:38:52 poll error (1014): 
04:38:58 poll error (1015): 
04:39:03 poll error (1016): 
04:39:10 poll error (1017): 
04:39:15 poll error (1018): 
04:39:20 poll error (1019): 
04:39:26 poll error (1020): 
04:39:31 poll error (1021): 
04:39:36 poll error (1022): 
04:39:47 poll error (1023): 
04:39:54 poll error (1024): 
04:40:00 poll error (1025): 
04:40:06 poll error (1026): 
04:40:11 poll error (1027): 
04:40:16 poll error (1028): 
04:40:25 poll error (1029): 
04:40:30 poll error (1030): 
04:40:36 poll error (1031): 
04:40:42 poll error (1032): 
04:40:49 poll error (1033): 
04:40:54 poll error (1034): 
04:41:02 poll error (1035): 
04:41:12 poll error (1036): 
04:41:18 poll error (1037): 
04:41:23 poll error (1038): 
04:41:28 poll error (1039): 
04:41:34 poll error (1040): 
04:41:39 poll error (1041): 
04:41:44 poll error (1042): 
04:41:50 poll error (1043): 
04:41:56 poll error (1044): 
04:42:01 poll error (1045): 
04:42:07 poll error (1046): 
04:42:13 poll error (1047): 
04:42:18 poll error (1048): 
04:42:23 poll error (1049): 
04:42:29 poll error (1050): 
04:42:34 poll error (1051): 
04:42:42 poll error (1052): 
04:42:50 poll error (1053): 
04:42:56 poll error (1054): 
04:43:01 poll error (1055): 
04:43:06 poll error (1056): 
04:43:15 poll error (1057): 
04:43:20 poll error (1058): 
04:43:27 poll error (1059): 
04:43:33 poll error (1060): 
04:43:39 poll error (1061): 
04:43:44 poll error (1062): 
04:43:50 poll error (1063): 
04:43:55 poll error (1064): 
04:44:00 poll error (1065): 
04:44:06 poll error (1066): 
04:44:12 poll error (1067): 
04:44:17 poll error (1068): 
04:44:25 poll error (1069): 
04:44:33 poll error (1070): 
04:44:40 poll error (1071): 
04:44:45 poll error (1072): 
04:44:51 poll error (1073): 
04:44:57 poll error (1074): 
04:45:16 poll error (1075): 
04:45:22 poll error (1076): 
04:45:27 poll error (1077): 
04:45:32 poll error (1078): 
04:45:40 poll error (1079): 
04:45:45 poll error (1080): 
04:45:50 poll error (1081): 
04:45:56 poll error (1082): 
04:46:02 poll error (1083): 
04:46:07 poll error (1084): 
04:46:12 poll error (1085): 
04:46:21 poll error (1086): 
04:46:26 poll error (1087): 
04:46:31 poll error (1088): 
04:46:42 poll error (1089): 
04:46:48 poll error (1090): 
04:47:06 poll error (1091): 
04:47:17 poll error (1092): 
04:47:22 poll error (1093): 
04:47:27 poll error (1094): 
04:47:33 poll error (1095): 
04:47:38 poll error (1096): 
04:47:45 poll error (1097): 
04:47:54 poll error (1098): 
04:48:00 poll error (1099): 
04:48:05 poll error (1100): 
04:48:11 poll error (1101): 
04:48:16 poll error (1102): 
04:48:21 poll error (1103): 
04:48:26 poll error (1104): 
04:48:32 poll error (1105): 
04:48:37 poll error (1106): 
04:48:43 poll error (1107): 
04:48:49 poll error (1108): 
04:48:54 poll error (1109): 
04:48:59 poll error (1110): 
04:49:06 poll error (1111): 
04:49:20 poll error (1112): 
04:49:25 poll error (1113): 
04:49:30 poll error (1114): 
04:49:39 poll error (1115): 
04:49:45 poll error (1116): 
04:49:50 poll error (1117): 
04:49:56 poll error (1118): 
04:50:03 poll error (1119): 
04:50:09 poll error (1120): 
04:50:15 poll error (1121): 
04:50:20 poll error (1122): 
04:50:25 poll error (1123): 
04:50:30 poll error (1124): 
04:50:36 poll error (1125): 
04:50:41 poll error (1126): 
04:50:46 poll error (1127): 
04:50:52 poll error (1128): 
04:51:01 poll error (1129): 
04:51:07 poll error (1130): 
04:51:15 poll error (1131): 
04:51:20 poll error (1132): 
04:51:28 poll error (1133): 
04:51:34 poll error (1134): 
04:51:39 poll error (1135): 
04:51:45 poll error (1136): 
04:51:51 poll error (1137): 
04:51:58 poll error (1138): 
04:52:03 poll error (1139): 
04:52:09 poll error (1140): 
04:52:15 poll error (1141): 
04:52:21 poll error (1142): 
04:52:26 poll error (1143): 
04:52:31 poll error (1144): 
04:52:37 poll error (1145): 
04:52:43 poll error (1146): 
04:52:48 poll error (1147): 
04:52:54 poll error (1148): 
04:53:00 poll error (1149): 
04:53:05 poll error (1150): 
04:53:10 poll error (1151): 
04:53:16 poll error (1152): 
04:53:21 poll error (1153): 
04:53:26 poll error (1154): 
04:53:32 poll error (1155): 
04:53:38 poll error (1156): 
04:53:43 poll error (1157): 
04:53:49 poll error (1158): 
04:53:54 poll error (1159): 
04:54:01 poll error (1160): 
04:54:09 poll error (1161): 
04:54:14 poll error (1162): 
04:54:19 poll error (1163): 
04:54:24 poll error (1164): 
04:54:30 poll error (1165): 
04:54:36 poll error (1166): 
04:54:44 poll error (1167): 
04:54:50 poll error (1168): 
04:54:55 poll error (1169): 
04:55:03 poll error (1170): 
04:55:09 poll error (1171): 
04:55:14 poll error (1172): 
04:55:19 poll error (1173): 
04:55:24 poll error (1174): 
04:55:30 poll error (1175): 
04:55:38 poll error (1176): 
04:55:44 poll error (1177): 
04:55:50 poll error (1178): 
04:55:55 poll error (1179): 
04:56:00 poll error (1180): 
==================================================
HDC Phase 3 EMG replay (sw/hdc_emg_board_test.c)
DDR readback @ 0x00100300
==================================================
EMG replay: N=493512 correct=325734 accuracy=66.00%
Export ref: 66.00%
Board vs export: delta=0.00%  PASS (0.5% tol)
errors=167778
==================================================
Results saved: /home/bsp-lab/1024-HDC/results/protocol_v2/twist1_silicon/random_seed_4/board_emg_replay.txt
EMG replay: N=493512 correct=325734 accuracy=66.00%
Export ref: 66.00%
Board vs export: delta=0.00%  PASS (0.5% tol)
Export ref: 66.00%
Board vs export: delta=0.00%  PASS (0.5% tol)
SUCCESS: Phase 3 EMG replay complete (board within 0.5% of export ref).
Anchor C complete -> /home/bsp-lab/1024-HDC/results/protocol_v2/twist1_silicon/random_seed_4/board_emg_replay.txt
EMG replay: N=493512 correct=325734 accuracy=66.00%
Export ref: 66.00%
Board vs export: delta=0.00%  PASS (0.5% tol)
Export ref: 66.00%
Board vs export: delta=0.00%  PASS (0.5% tol)
Status: PASS
Wrote /home/bsp-lab/1024-HDC/results/protocol_v2/twist1_silicon/seed_summary.json — measured 5/10 seeds
EMG replay: N=493512 correct=325734 accuracy=66.00%
Board vs export: delta=0.00%  PASS (0.5% tol)
Board vs export: delta=0.00%  PASS (0.5% tol)
Status: PASS
########## SEED 4 END 2026-09-16T04:56:07+05:30 ##########

########## SEED 5 START 2026-09-16T04:56:07+05:30 ##########
=== Seed 5 (export ref x1000=61551) ===
  random_seed=5  keep_ratio=0.125  n_keep=128/1024
Patched /home/bsp-lab/1024-HDC/sw/golden_vectors.h
Patched /home/bsp-lab/1024-HDC/sw/emg_board_vectors.h
Patched /home/bsp-lab/1024-HDC/sw/emg_board_vectors_hdc2.h
Done anchor=C keep=0.125 mode=random mask_density=0.1250 export_ref=66.00%
Set EMG_EXPORT_REF_ACCURACY_X1000 = 61551
=== Waiting for Digilent USB cable ===
Digilent cable detected on /dev/ttyUSB0
=== Anchor C: keep_ratio=0.125 ===
Skipping mask patch for anchor C (HDC_ANCHOR_SKIP_PATCH=1)
Rebuilding Final_HDC_dma_emg.elf ...
   text	   data	    bss	    dec	    hex	filename
  49461	   1472	  61008	 111941	  1b545	/home/bsp-lab/1024-HDC/board/HDC_DMA/app/build/Final_HDC_dma_emg.elf
Running board EMG replay ...
=== HDC Phase 3 EMG replay (hdc_emg_board_test.c) ===
=== Waiting for Digilent USB cable ===
Digilent cable detected on /dev/ttyUSB0
=== Program + poll Phase 3 EMG replay ===
Programming HDC_DMA EMG replay with:
  bitstream: /home/bsp-lab/1024-HDC/board/HDC_DMA/app/_ide/bitstream/design_1_wrapper.bit
  app:       /home/bsp-lab/1024-HDC/board/HDC_DMA/app/build/Final_HDC_dma_emg.elf
  initial APU attempt 1/5 ...
  APU target available
=== JTAG targets ===
  1*
  APU
  2
  ARM
  Cortex-A9
  MPCore
  #0
  (Running)
  3
  ARM
  Cortex-A9
  MPCore
  #1
  (Suspended)
  4
  xc7z020

=== PS7 init before PL (releases PL from reset) ===
  pre-PL APU attempt 1/3 ...
  APU target available
  pre-PL PS7 attempt 1...
Pre-PL PS7 init OK

=== Programming PL bitstream ===
  PL attempt 1
PL programmed successfully via xsdb

=== PS7 init after PL ===
  post-PL APU attempt 1/5 ...
  APU target available
  post-PL PS7 attempt 1...
PS7 initialized
FSBL loaded
HDC_app loaded
Loading emg_board_vectors.bin to DDR 0x02000000 (chunk 65536B) ...
  1.0 / 8.5 MiB
  chunk @ 0x02140000 attempt 1/20: Memory write error at 0x2142000. Cannot flush JTAG server queue. ftdi_write_data_submit failed: usb bulk read failed
  chunk @ 0x02170000 attempt 1/20: Memory write error at 0x217C400. Cannot flush JTAG server queue. ftdi_transfer_data_done failed: usb bulk read failed
  2.0 / 8.5 MiB
  3.0 / 8.5 MiB
  4.0 / 8.5 MiB
  5.0 / 8.5 MiB
  6.0 / 8.5 MiB
  7.0 / 8.5 MiB
  8.0 / 8.5 MiB
Vectors bin loaded (8883216 bytes)
Programming and run complete
CPU running EMG replay — polling @ 0x00100300 (max 7200s)...
04:57:19 poll error (1): 
04:57:24 poll error (2): 
04:57:30 poll error (3): 
04:57:38 poll error (4): 
04:57:43 poll error (5): 
04:57:50 poll error (6): 
04:57:57 poll error (7): 
04:58:02 poll error (8): 
04:58:09 poll error (9): 
04:58:15 poll error (10): 
04:58:23 poll error (11): 
04:58:32 poll error (12): 
04:58:37 poll error (13): 
04:58:42 poll error (14): 
04:58:50 poll error (15): 
04:58:56 poll error (16): 
04:59:01 poll error (17): 
04:59:07 poll error (18): 
04:59:12 poll error (19): 
04:59:17 poll error (20): 
04:59:27 poll error (21): 
04:59:38 poll error (22): 
04:59:43 poll error (23): 
04:59:49 poll error (24): 
04:59:54 poll error (25): 
04:59:59 poll error (26): 
05:00:05 poll error (27): 
05:00:10 poll error (28): 
05:00:15 poll error (29): 
05:00:21 poll error (30): 
05:00:26 poll error (31): 
05:00:32 poll error (32): 
05:00:38 poll error (33): 
05:00:43 poll error (34): 
05:00:48 poll error (35): 
05:00:54 poll error (36): 
05:00:59 poll error (37): 
05:01:04 poll error (38): 
05:01:11 poll error (39): 
05:01:16 poll error (40): 
05:01:21 poll error (41): 
05:01:27 poll error (42): 
05:01:32 poll error (43): 
05:01:37 poll error (44): 
05:01:43 poll error (45): 
05:01:48 poll error (46): 
05:01:53 poll error (47): 
05:02:00 poll error (48): 
05:02:07 poll error (49): 
05:02:12 poll error (50): 
05:02:17 poll error (51): 
05:02:23 poll error (52): 
05:02:29 poll error (53): 
05:02:35 poll error (54): 
05:02:41 poll error (55): 
05:02:46 poll error (56): 
05:02:52 poll error (57): 
05:02:58 poll error (58): 
05:03:06 poll error (59): 
05:03:12 poll error (60): 
05:03:17 poll error (61): 
05:03:23 poll error (62): 
05:03:28 poll error (63): 
05:03:33 poll error (64): 
05:03:39 poll error (65): 
05:03:44 poll error (66): 
05:03:49 poll error (67): 
05:03:56 poll error (68): 
05:04:01 poll error (69): 
05:04:07 poll error (70): 
05:04:12 poll error (71): 
05:04:18 poll error (72): 
05:04:26 poll error (73): 
05:04:32 poll error (74): 
05:04:38 poll error (75): 
05:04:43 poll error (76): 
05:04:48 poll error (77): 
05:04:54 poll error (78): 
05:04:59 poll error (79): 
05:05:04 poll error (80): 
05:05:10 poll error (81): 
05:05:19 poll error (82): 
05:05:24 poll error (83): 
05:05:29 poll error (84): 
05:05:35 poll error (85): 
05:05:40 poll error (86): 
05:05:45 poll error (87): 
05:05:51 poll error (88): 
05:05:56 poll error (89): 
05:06:01 poll error (90): 
05:06:06 poll error (91): 
05:06:12 poll error (92): 
05:06:17 poll error (93): 
05:06:23 poll error (94): 
05:06:30 poll error (95): 
05:06:35 poll error (96): 
05:06:40 poll error (97): 
05:06:46 poll error (98): 
05:06:51 poll error (99): 
05:06:56 poll error (100): 
05:07:02 poll error (101): 
05:07:07 poll error (102): 
05:07:13 poll error (103): 
05:07:22 poll error (104): 
05:07:27 poll error (105): 
05:07:34 poll error (106): 
05:07:39 poll error (107): 
05:07:48 poll error (108): 
05:07:53 poll error (109): 
05:07:58 poll error (110): 
05:08:05 poll error (111): 
05:08:10 poll error (112): 
05:08:15 poll error (113): 
05:08:22 poll error (114): 
05:08:28 poll error (115): 
05:08:33 poll error (116): 
05:08:40 poll error (117): 
05:08:45 poll error (118): 
05:08:51 poll error (119): 
05:08:58 poll error (120): 
05:09:04 poll error (121): 
05:09:09 poll error (122): 
05:09:14 poll error (123): 
05:09:21 poll error (124): 
05:09:27 poll error (125): 
05:09:32 poll error (126): 
05:09:40 poll error (127): 
05:09:50 poll error (128): 
05:09:57 poll error (129): 
05:10:03 poll error (130): 
05:10:15 poll error (131): 
05:10:22 poll error (132): 
05:10:33 poll error (133): 
05:10:38 poll error (134): 
05:10:43 poll error (135): 
05:10:49 poll error (136): 
05:10:54 poll error (137): 
05:10:59 poll error (138): 
05:11:05 poll error (139): 
05:11:10 poll error (140): 
05:11:15 poll error (141): 
05:11:21 poll error (142): 
05:11:27 poll error (143): 
05:11:35 poll error (144): 
05:11:46 poll error (145): 
05:11:52 poll error (146): 
05:11:57 poll error (147): 
05:12:02 poll error (148): 
05:12:10 poll error (149): 
05:12:16 poll error (150): 
05:12:21 poll error (151): 
05:12:26 poll error (152): 
05:12:32 poll error (153): 
05:12:37 poll error (154): 
05:12:42 poll error (155): 
05:12:48 poll error (156): 
05:12:53 poll error (157): 
05:12:58 poll error (158): 
05:13:06 poll error (159): 
05:13:15 poll error (160): 
05:13:20 poll error (161): 
05:13:26 poll error (162): 
05:13:31 poll error (163): 
05:13:36 poll error (164): 
05:13:42 poll error (165): 
05:13:48 poll error (166): 
05:13:54 poll error (167): 
05:13:59 poll error (168): 
05:14:07 poll error (169): 
05:14:12 poll error (170): 
05:14:17 poll error (171): 
05:14:24 poll error (172): 
05:14:34 poll error (173): 
05:14:40 poll error (174): 
05:14:45 poll error (175): 
05:14:50 poll error (176): 
05:14:56 poll error (177): 
05:15:04 poll error (178): 
05:15:09 poll error (179): 
05:15:14 poll error (180): 
05:15:20 poll error (181): 
05:15:26 poll error (182): 
05:15:34 poll error (183): 
05:15:40 poll error (184): 
05:15:47 poll error (185): 
05:15:52 poll error (186): 
05:15:58 poll error (187): 
05:16:05 poll error (188): 
05:16:13 poll error (189): 
05:16:18 poll error (190): 
05:16:24 poll error (191): 
05:16:29 poll error (192): 
05:16:34 poll error (193): 
05:16:40 poll error (194): 
05:16:46 poll error (195): 
05:16:51 poll error (196): 
05:16:56 poll error (197): 
05:17:05 poll error (198): 
05:17:12 poll error (199): 
05:17:18 poll error (200): 
05:17:24 poll error (201): 
05:17:29 poll error (202): 
05:17:34 poll error (203): 
05:17:40 poll error (204): 
05:17:48 poll error (205): 
05:17:53 poll error (206): 
05:17:59 poll error (207): 
05:18:04 poll error (208): 
05:18:10 poll error (209): 
05:18:17 poll error (210): 
05:18:23 poll error (211): 
05:18:31 poll error (212): 
05:18:36 poll error (213): 
05:18:42 poll error (214): 
05:18:48 poll error (215): 
05:18:53 poll error (216): 
05:18:59 poll error (217): 
05:19:04 poll error (218): 
05:19:09 poll error (219): 
05:19:14 poll error (220): 
05:19:20 poll error (221): 
05:19:27 poll error (222): 
05:19:32 poll error (223): 
05:19:38 poll error (224): 
05:19:43 poll error (225): 
05:19:49 poll error (226): 
05:19:55 poll error (227): 
05:20:00 poll error (228): 
05:20:10 poll error (229): 
05:20:15 poll error (230): 
05:20:21 poll error (231): 
05:20:27 poll error (232): 
05:20:32 poll error (233): 
05:20:40 poll error (234): 
05:20:47 poll error (235): 
05:20:54 poll error (236): 
05:21:00 poll error (237): 
05:21:06 poll error (238): 
05:21:11 poll error (239): 
05:21:17 poll error (240): 
05:21:22 poll error (241): 
05:21:27 poll error (242): 
05:21:33 poll error (243): 
05:21:39 poll error (244): 
05:21:45 poll error (245): 
05:21:50 poll error (246): 
05:21:58 poll error (247): 
05:22:03 poll error (248): 
05:22:08 poll error (249): 
05:22:16 poll error (250): 
05:22:22 poll error (251): 
05:22:30 poll error (252): 
05:22:36 poll error (253): 
05:22:41 poll error (254): 
05:22:47 poll error (255): 
05:22:53 poll error (256): 
05:22:58 poll error (257): 
05:23:03 poll error (258): 
05:23:08 poll error (259): 
05:23:17 poll error (260): 
05:23:25 poll error (261): 
05:23:33 poll error (262): 
05:23:42 poll error (263): 
05:23:47 poll error (264): 
05:23:52 poll error (265): 
05:24:01 poll error (266): 
05:24:08 poll error (267): 
05:24:13 poll error (268): 
05:24:18 poll error (269): 
05:24:24 poll error (270): 
05:24:29 poll error (271): 
05:24:34 poll error (272): 
05:24:40 poll error (273): 
05:24:46 poll error (274): 
05:24:55 poll error (275): 
05:25:02 poll error (276): 
05:25:07 poll error (277): 
05:25:15 poll error (278): 
05:25:21 poll error (279): 
05:25:26 poll error (280): 
05:25:32 poll error (281): 
05:25:47 poll error (282): 
05:25:52 poll error (283): 
05:25:57 poll error (284): 
05:26:03 poll error (285): 
05:26:11 poll error (286): 
05:26:17 poll error (287): 
05:26:22 poll error (288): 
05:26:31 poll error (289): 
05:26:36 poll error (290): 
05:26:41 poll error (291): 
05:26:48 poll error (292): 
05:26:56 poll error (293): 
05:27:02 poll error (294): 
05:27:11 poll error (295): 
05:27:17 poll error (296): 
05:27:22 poll error (297): 
05:27:30 poll error (298): 
05:27:36 poll error (299): 
05:27:41 poll error (300): 
05:27:46 poll error (301): 
05:27:53 poll error (302): 
05:27:58 poll error (303): 
05:28:04 poll error (304): 
05:28:11 poll error (305): 
05:28:17 poll error (306): 
05:28:22 poll error (307): 
05:28:27 poll error (308): 
05:28:34 poll error (309): 
05:28:39 poll error (310): 
05:28:44 poll error (311): 
05:28:50 poll error (312): 
05:28:55 poll error (313): 
05:29:00 poll error (314): 
05:29:06 poll error (315): 
05:29:12 poll error (316): 
05:29:19 poll error (317): 
05:29:24 poll error (318): 
05:29:30 poll error (319): 
05:29:37 poll error (320): 
05:29:43 poll error (321): 
05:29:49 poll error (322): 
05:29:55 poll error (323): 
05:30:01 poll error (324): 
05:30:07 poll error (325): 
05:30:13 poll error (326): 
05:30:18 poll error (327): 
05:30:23 poll error (328): 
05:30:29 poll error (329): 
05:30:35 poll error (330): 
05:30:40 poll error (331): 
05:30:46 poll error (332): 
05:30:51 poll error (333): 
05:31:03 poll error (334): 
05:31:10 poll error (335): 
05:31:15 poll error (336): 
05:31:20 poll error (337): 
05:31:28 poll error (338): 
05:31:33 poll error (339): 
05:31:40 poll error (340): 
05:31:46 poll error (341): 
05:31:59 poll error (342): 
05:32:06 poll error (343): 
05:32:12 poll error (344): 
05:32:17 poll error (345): 
05:32:22 poll error (346): 
05:32:28 poll error (347): 
05:32:34 poll error (348): 
05:32:39 poll error (349): 
05:32:44 poll error (350): 
05:32:50 poll error (351): 
05:32:55 poll error (352): 
05:33:01 poll error (353): 
05:33:07 poll error (354): 
05:33:12 poll error (355): 
05:33:17 poll error (356): 
05:33:23 poll error (357): 
05:33:30 poll error (358): 
05:33:35 poll error (359): 
05:33:41 poll error (360): 
05:33:46 poll error (361): 
05:33:51 poll error (362): 
05:33:56 poll error (363): 
05:34:02 poll error (364): 
05:34:18 poll error (365): 
05:34:29 poll error (366): 
05:34:36 poll error (367): 
05:34:43 poll error (368): 
05:34:49 poll error (369): 
05:34:54 poll error (370): 
05:34:59 poll error (371): 
05:35:04 poll error (372): 
05:35:12 poll error (373): 
05:35:17 poll error (374): 
05:35:23 poll error (375): 
05:35:29 poll error (376): 
05:35:34 poll error (377): 
05:35:39 poll error (378): 
05:35:45 poll error (379): 
05:35:50 poll error (380): 
05:35:55 poll error (381): 
05:36:03 poll error (382): 
05:36:09 poll error (383): 
05:36:14 poll error (384): 
05:36:19 poll error (385): 
05:36:25 poll error (386): 
05:36:31 poll error (387): 
05:36:37 poll error (388): 
05:36:43 poll error (389): 
05:36:50 poll error (390): 
05:37:00 poll error (391): 
05:37:07 poll error (392): 
05:37:12 poll error (393): 
05:37:17 poll error (394): 
05:37:25 poll error (395): 
05:37:34 poll error (396): 
05:37:41 poll error (397): 
05:37:47 poll error (398): 
05:37:55 poll error (399): 
05:38:01 poll error (400): 
05:38:06 poll error (401): 
05:38:13 poll error (402): 
05:38:18 poll error (403): 
05:38:24 poll error (404): 
05:38:30 poll error (405): 
05:38:36 poll error (406): 
05:38:41 poll error (407): 
05:38:46 poll error (408): 
05:38:56 poll error (409): 
05:39:02 poll error (410): 
05:39:07 poll error (411): 
05:39:13 poll error (412): 
05:39:18 poll error (413): 
05:39:23 poll error (414): 
05:39:33 poll error (415): 
05:39:44 poll error (416): 
05:39:49 poll error (417): 
05:39:55 poll error (418): 
05:40:00 poll error (419): 
05:40:05 poll error (420): 
05:40:13 poll error (421): 
05:40:18 poll error (422): 
05:40:24 poll error (423): 
05:40:29 poll error (424): 
05:40:35 poll error (425): 
05:40:40 poll error (426): 
05:40:45 poll error (427): 
05:40:51 poll error (428): 
05:40:56 poll error (429): 
05:41:02 poll error (430): 
05:41:08 poll error (431): 
05:41:13 poll error (432): 
05:41:18 poll error (433): 
05:41:23 poll error (434): 
05:41:29 poll error (435): 
05:41:37 poll error (436): 
05:41:48 poll error (437): 
05:41:53 poll error (438): 
05:41:58 poll error (439): 
05:42:05 poll error (440): 
05:42:10 poll error (441): 
05:42:18 poll error (442): 
05:42:23 poll error (443): 
05:42:30 poll error (444): 
05:42:35 poll error (445): 
05:42:40 poll error (446): 
05:42:46 poll error (447): 
05:42:51 poll error (448): 
05:42:58 poll error (449): 
05:43:03 poll error (450): 
05:43:09 poll error (451): 
05:43:17 poll error (452): 
05:43:22 poll error (453): 
05:43:30 poll error (454): 
05:43:35 poll error (455): 
05:43:40 poll error (456): 
05:43:46 poll error (457): 
05:43:51 poll error (458): 
05:43:56 poll error (459): 
05:44:04 poll error (460): 
05:44:09 poll error (461): 
05:44:14 poll error (462): 
05:44:20 poll error (463): 
05:44:26 poll error (464): 
05:44:31 poll error (465): 
05:44:36 poll error (466): 
05:44:44 poll error (467): 
05:44:49 poll error (468): 
05:44:54 poll error (469): 
05:45:00 poll error (470): 
05:45:09 poll error (471): 
05:45:14 poll error (472): 
05:45:21 poll error (473): 
05:45:27 poll error (474): 
05:45:32 poll error (475): 
05:45:38 poll error (476): 
05:45:44 poll error (477): 
05:45:49 poll error (478): 
05:45:57 poll error (479): 
05:46:03 poll error (480): 
05:46:08 poll error (481): 
05:46:15 poll error (482): 
05:46:21 poll error (483): 
05:46:26 poll error (484): 
05:46:31 poll error (485): 
05:46:37 poll error (486): 
05:46:42 poll error (487): 
05:46:47 poll error (488): 
05:46:53 poll error (489): 
05:46:58 poll error (490): 
05:47:03 poll error (491): 
05:47:08 poll error (492): 
05:47:15 poll error (493): 
05:47:20 poll error (494): 
05:47:25 poll error (495): 
05:47:31 poll error (496): 
05:47:41 poll error (497): 
05:47:46 poll error (498): 
05:47:54 poll error (499): 
05:48:00 poll error (500): 
05:48:05 poll error (501): 
05:48:15 poll error (502): 
05:48:21 poll error (503): 
05:48:31 poll error (504): 
05:48:36 poll error (505): 
05:48:42 poll error (506): 
05:48:47 poll error (507): 
05:48:53 poll error (508): 
05:49:01 poll error (509): 
05:49:06 poll error (510): 
05:49:11 poll error (511): 
05:49:17 poll error (512): 
05:49:22 poll error (513): 
05:49:27 poll error (514): 
05:49:32 poll error (515): 
05:49:38 poll error (516): 
05:49:43 poll error (517): 
05:49:49 poll error (518): 
05:49:58 poll error (519): 
05:50:03 poll error (520): 
05:50:08 poll error (521): 
05:50:14 poll error (522): 
05:50:19 poll error (523): 
05:50:25 poll error (524): 
05:50:31 poll error (525): 
05:50:38 poll error (526): 
05:50:44 poll error (527): 
05:50:49 poll error (528): 
05:50:55 poll error (529): 
05:51:00 poll error (530): 
05:51:06 poll error (531): 
05:51:12 poll error (532): 
05:51:18 poll error (533): 
05:51:24 poll error (534): 
05:51:29 poll error (535): 
05:51:35 poll error (536): 
05:51:40 poll error (537): 
05:51:45 poll error (538): 
05:51:51 poll error (539): 
05:51:56 poll error (540): 
05:52:01 poll error (541): 
05:52:07 poll error (542): 
05:52:17 poll error (543): 
05:52:22 poll error (544): 
05:52:28 poll error (545): 
05:52:34 poll error (546): 
05:52:41 poll error (547): 
05:52:47 poll error (548): 
05:52:53 poll error (549): 
05:53:00 poll error (550): 
05:53:05 poll error (551): 
05:53:12 poll error (552): 
05:53:18 poll error (553): 
05:53:24 poll error (554): 
05:53:29 poll error (555): 
05:53:38 poll error (556): 
05:53:43 poll error (557): 
05:53:48 poll error (558): 
05:53:54 poll error (559): 
05:53:59 poll error (560): 
05:54:04 poll error (561): 
05:54:10 poll error (562): 
05:54:16 poll error (563): 
05:54:22 poll error (564): 
05:54:29 poll error (565): 
05:54:35 poll error (566): 
05:54:43 poll error (567): 
05:54:50 poll error (568): 
05:54:56 poll error (569): 
05:55:01 poll error (570): 
05:55:06 poll error (571): 
05:55:12 poll error (572): 
05:55:17 poll error (573): 
05:55:23 poll error (574): 
05:55:31 poll error (575): 
05:55:42 poll error (576): 
05:55:47 poll error (577): 
05:55:52 poll error (578): 
05:56:01 poll error (579): 
05:56:06 poll error (580): 
05:56:12 poll error (581): 
05:56:18 poll error (582): 
05:56:23 poll error (583): 
05:56:28 poll error (584): 
05:56:34 poll error (585): 
05:56:43 poll error (586): 
05:56:48 poll error (587): 
05:56:53 poll error (588): 
05:56:58 poll error (589): 
05:57:08 poll error (590): 
05:57:13 poll error (591): 
05:57:18 poll error (592): 
05:57:24 poll error (593): 
05:57:30 poll error (594): 
05:57:35 poll error (595): 
05:57:40 poll error (596): 
05:57:46 poll error (597): 
05:57:51 poll error (598): 
05:57:56 poll error (599): 
05:58:02 poll error (600): 
05:58:07 poll error (601): 
05:58:16 poll error (602): 
05:58:22 poll error (603): 
05:58:27 poll error (604): 
05:58:33 poll error (605): 
05:58:38 poll error (606): 
05:58:44 poll error (607): 
05:58:49 poll error (608): 
05:58:54 poll error (609): 
05:59:00 poll error (610): 
05:59:08 poll error (611): 
05:59:14 poll error (612): 
05:59:19 poll error (613): 
05:59:28 poll error (614): 
05:59:35 poll error (615): 
05:59:40 poll error (616): 
05:59:45 poll error (617): 
05:59:51 poll error (618): 
05:59:56 poll error (619): 
06:00:02 poll error (620): 
06:00:11 poll error (621): 
06:00:16 poll error (622): 
06:00:21 poll error (623): 
06:00:29 poll error (624): 
06:00:34 poll error (625): 
06:00:41 poll error (626): 
06:00:47 poll error (627): 
06:00:52 poll error (628): 
06:00:58 poll error (629): 
06:01:03 poll error (630): 
06:01:09 poll error (631): 
06:01:15 poll error (632): 
06:01:20 poll error (633): 
06:01:27 poll error (634): 
06:01:32 poll error (635): 
06:01:38 poll error (636): 
06:01:44 poll error (637): 
06:01:49 poll error (638): 
06:01:54 poll error (639): 
06:02:00 poll error (640): 
06:02:08 poll error (641): 
06:02:13 poll error (642): 
06:02:20 poll error (643): 
06:02:27 poll error (644): 
06:02:32 poll error (645): 
06:02:37 poll error (646): 
06:02:43 poll error (647): 
06:02:48 poll error (648): 
06:02:53 poll error (649): 
06:02:58 poll error (650): 
06:03:08 poll error (651): 
06:03:16 poll error (652): 
06:03:21 poll error (653): 
06:03:29 poll error (654): 
06:03:38 poll error (655): 
06:03:43 poll error (656): 
06:03:48 poll error (657): 
06:03:54 poll error (658): 
06:03:59 poll error (659): 
06:04:04 poll error (660): 
06:04:13 poll error (661): 
06:04:23 poll error (662): 
06:04:28 poll error (663): 
06:04:34 poll error (664): 
06:04:39 poll error (665): 
06:04:44 poll error (666): 
06:04:52 poll error (667): 
06:04:57 poll error (668): 
06:05:02 poll error (669): 
06:05:12 poll error (670): 
06:05:19 poll error (671): 
06:05:24 poll error (672): 
06:05:30 poll error (673): 
06:05:35 poll error (674): 
06:05:40 poll error (675): 
06:05:45 poll error (676): 
06:05:51 poll error (677): 
06:05:56 poll error (678): 
06:06:02 poll error (679): 
06:06:08 poll error (680): 
06:06:13 poll error (681): 
06:06:26 poll error (682): 
06:06:33 poll error (683): 
06:06:40 poll error (684): 
06:06:45 poll error (685): 
06:06:51 poll error (686): 
06:06:56 poll error (687): 
06:07:02 poll error (688): 
06:07:07 poll error (689): 
06:07:13 poll error (690): 
06:07:18 poll error (691): 
06:07:23 poll error (692): 
06:07:29 poll error (693): 
06:07:34 poll error (694): 
06:07:41 poll error (695): 
06:07:47 poll error (696): 
06:07:52 poll error (697): 
06:07:57 poll error (698): 
06:08:03 poll error (699): 
06:08:11 poll error (700): 
06:08:16 poll error (701): 
06:08:22 poll error (702): 
06:08:30 poll error (703): 
06:08:35 poll error (704): 
06:08:41 poll error (705): 
06:08:46 poll error (706): 
06:08:52 poll error (707): 
06:08:58 poll error (708): 
06:09:03 poll error (709): 
06:09:08 poll error (710): 
06:09:13 poll error (711): 
06:09:20 poll error (712): 
06:09:25 poll error (713): 
06:09:31 poll error (714): 
06:09:37 poll error (715): 
06:09:44 poll error (716): 
06:09:49 poll error (717): 
06:09:55 poll error (718): 
06:10:02 poll error (719): 
06:10:07 poll error (720): 
06:10:12 poll error (721): 
06:10:20 poll error (722): 
06:10:25 poll error (723): 
06:10:30 poll error (724): 
06:10:36 poll error (725): 
06:10:41 poll error (726): 
06:10:46 poll error (727): 
06:10:52 poll error (728): 
06:10:58 poll error (729): 
06:11:03 poll error (730): 
06:11:08 poll error (731): 
06:11:17 poll error (732): 
06:11:27 poll error (733): 
06:11:33 poll error (734): 
06:11:38 poll error (735): 
06:11:43 poll error (736): 
06:11:51 poll error (737): 
06:11:56 poll error (738): 
06:12:01 poll error (739): 
06:12:06 poll error (740): 
06:12:12 poll error (741): 
06:12:18 poll error (742): 
06:12:23 poll error (743): 
06:12:30 poll error (744): 
06:12:35 poll error (745): 
06:12:42 poll error (746): 
06:12:49 poll error (747): 
06:12:55 poll error (748): 
06:13:09 poll error (749): 
06:13:15 poll error (750): 
06:13:20 poll error (751): 
06:13:25 poll error (752): 
06:13:31 poll error (753): 
06:13:37 poll error (754): 
06:13:43 poll error (755): 
06:13:50 poll error (756): 
06:13:56 poll error (757): 
06:14:01 poll error (758): 
06:14:06 poll error (759): 
06:14:12 poll error (760): 
06:14:17 poll error (761): 
06:14:22 poll error (762): 
06:14:28 poll error (763): 
06:14:33 poll error (764): 
06:14:38 poll error (765): 
06:14:44 poll error (766): 
06:14:49 poll error (767): 
06:14:57 poll error (768): 
06:15:02 poll error (769): 
06:15:08 poll error (770): 
06:15:13 poll error (771): 
06:15:18 poll error (772): 
06:15:24 poll error (773): 
06:15:30 poll error (774): 
06:15:40 poll error (775): 
06:15:46 poll error (776): 
06:15:52 poll error (777): 
06:15:57 poll error (778): 
06:16:03 poll error (779): 
06:16:08 poll error (780): 
06:16:13 poll error (781): 
06:16:20 poll error (782): 
06:16:25 poll error (783): 
06:16:30 poll error (784): 
06:16:35 poll error (785): 
06:16:41 poll error (786): 
06:16:47 poll error (787): 
06:16:58 poll error (788): 
06:17:03 poll error (789): 
06:17:08 poll error (790): 
06:17:14 poll error (791): 
06:17:19 poll error (792): 
06:17:24 poll error (793): 
06:17:29 poll error (794): 
06:17:35 poll error (795): 
06:17:41 poll error (796): 
06:17:46 poll error (797): 
06:17:52 poll error (798): 
06:17:57 poll error (799): 
06:18:02 poll error (800): 
06:18:09 poll error (801): 
06:18:15 poll error (802): 
06:18:20 poll error (803): 
06:18:26 poll error (804): 
06:18:32 poll error (805): 
06:18:39 poll error (806): 
06:18:45 poll error (807): 
06:18:54 poll error (808): 
06:18:59 poll error (809): 
06:19:04 poll error (810): 
06:19:10 poll error (811): 
06:19:17 poll error (812): 
06:19:22 poll error (813): 
06:19:31 poll error (814): 
06:19:41 poll error (815): 
06:19:46 poll error (816): 
06:19:52 poll error (817): 
06:19:59 poll error (818): 
06:20:04 poll error (819): 
06:20:12 poll error (820): 
06:20:18 poll error (821): 
06:20:23 poll error (822): 
06:20:29 poll error (823): 
06:20:34 poll error (824): 
06:20:40 poll error (825): 
06:20:45 poll error (826): 
06:20:51 poll error (827): 
06:20:56 poll error (828): 
06:21:01 poll error (829): 
06:21:12 poll error (830): 
06:21:17 poll error (831): 
06:21:23 poll error (832): 
06:21:29 poll error (833): 
06:21:34 poll error (834): 
06:21:39 poll error (835): 
06:21:47 poll error (836): 
06:21:52 poll error (837): 
06:21:57 poll error (838): 
06:22:03 poll error (839): 
06:22:08 poll error (840): 
06:22:13 poll error (841): 
06:22:19 poll error (842): 
06:22:24 poll error (843): 
06:22:29 poll error (844): 
06:22:34 poll error (845): 
06:22:40 poll error (846): 
06:22:45 poll error (847): 
06:22:50 poll error (848): 
06:22:56 poll error (849): 
06:23:01 poll error (850): 
06:23:06 poll error (851): 
06:23:12 poll error (852): 
06:23:17 poll error (853): 
06:23:22 poll error (854): 
06:23:28 poll error (855): 
06:23:33 poll error (856): 
06:23:42 poll error (857): 
06:23:50 poll error (858): 
06:23:57 poll error (859): 
06:24:02 poll error (860): 
06:24:07 poll error (861): 
06:24:17 poll error (862): 
06:24:22 poll error (863): 
06:24:29 poll error (864): 
06:24:37 poll error (865): 
06:24:42 poll error (866): 
06:24:47 poll error (867): 
06:24:54 poll error (868): 
06:24:59 poll error (869): 
06:25:04 poll error (870): 
06:25:13 poll error (871): 
06:25:18 poll error (872): 
06:25:23 poll error (873): 
06:25:33 poll error (874): 
06:25:40 poll error (875): 
06:25:45 poll error (876): 
06:25:57 poll error (877): 
06:26:03 poll error (878): 
06:26:08 poll error (879): 
06:26:13 poll error (880): 
06:26:19 poll error (881): 
06:26:24 poll error (882): 
06:26:29 poll error (883): 
06:26:35 poll error (884): 
06:26:40 poll error (885): 
06:26:45 poll error (886): 
06:26:51 poll error (887): 
06:26:56 poll error (888): 
06:27:02 poll error (889): 
06:27:10 poll error (890): 
06:27:16 poll error (891): 
06:27:22 poll error (892): 
06:27:27 poll error (893): 
06:27:33 poll error (894): 
06:27:38 poll error (895): 
06:27:43 poll error (896): 
06:27:50 poll error (897): 
06:27:56 poll error (898): 
06:28:01 poll error (899): 
06:28:06 poll error (900): 
06:28:13 poll error (901): 
06:28:20 poll error (902): 
06:28:25 poll error (903): 
06:28:31 poll error (904): 
06:28:41 poll error (905): 
06:28:47 poll error (906): 
06:28:53 poll error (907): 
06:28:59 poll error (908): 
06:29:04 poll error (909): 
06:29:10 poll error (910): 
06:29:19 poll error (911): 
06:29:24 poll error (912): 
06:29:29 poll error (913): 
06:29:38 poll error (914): 
06:29:43 poll error (915): 
06:29:49 poll error (916): 
06:30:00 poll error (917): 
06:30:07 poll error (918): 
06:30:21 poll error (919): 
06:30:26 poll error (920): 
06:30:31 poll error (921): 
06:30:39 poll error (922): 
06:30:44 poll error (923): 
06:30:49 poll error (924): 
06:30:54 poll error (925): 
06:31:00 poll error (926): 
06:31:06 poll error (927): 
06:31:11 poll error (928): 
06:31:18 poll error (929): 
06:31:23 poll error (930): 
06:31:33 poll error (931): 
06:31:39 poll error (932): 
06:31:44 poll error (933): 
06:31:49 poll error (934): 
06:31:55 poll error (935): 
06:32:00 poll error (936): 
06:32:05 poll error (937): 
06:32:11 poll error (938): 
06:32:16 poll error (939): 
06:32:21 poll error (940): 
06:32:26 poll error (941): 
06:32:33 poll error (942): 
06:32:38 poll error (943): 
06:32:43 poll error (944): 
06:32:49 poll error (945): 
06:32:54 poll error (946): 
06:33:01 poll error (947): 
06:33:07 poll error (948): 
06:33:14 poll error (949): 
06:33:19 poll error (950): 
06:33:25 poll error (951): 
06:33:36 poll error (952): 
06:33:41 poll error (953): 
06:33:48 poll error (954): 
06:33:54 poll error (955): 
06:33:59 poll error (956): 
06:34:04 poll error (957): 
06:34:10 poll error (958): 
06:34:15 poll error (959): 
06:34:20 poll error (960): 
06:34:25 poll error (961): 
06:34:31 poll error (962): 
06:34:36 poll error (963): 
06:34:41 poll error (964): 
06:34:47 poll error (965): 
06:34:53 poll error (966): 
06:34:58 poll error (967): 
06:35:06 poll error (968): 
06:35:13 poll error (969): 
06:35:18 poll error (970): 
06:35:24 poll error (971): 
06:35:31 poll error (972): 
06:35:37 poll error (973): 
06:35:43 poll error (974): 
06:35:51 poll error (975): 
06:35:56 poll error (976): 
06:36:01 poll error (977): 
06:36:07 poll error (978): 
06:36:12 poll error (979): 
06:36:19 poll error (980): 
06:36:26 poll error (981): 
06:36:32 poll error (982): 
06:36:40 poll error (983): 
06:36:46 poll error (984): 
06:36:51 poll error (985): 
06:36:57 poll error (986): 
06:37:02 poll error (987): 
06:37:08 poll error (988): 
06:37:13 poll error (989): 
06:37:26 poll error (990): 
06:37:33 poll error (991): 
06:37:43 poll error (992): 
06:37:50 poll error (993): 
06:37:55 poll error (994): 
06:38:00 poll error (995): 
06:38:05 poll error (996): 
06:38:12 poll error (997): 
06:38:17 poll error (998): 
06:38:22 poll error (999): 
06:38:28 poll error (1000): 
06:38:33 poll error (1001): 
06:38:38 poll error (1002): 
06:38:44 poll error (1003): 
06:38:50 poll error (1004): 
06:38:56 poll error (1005): 
06:39:02 poll error (1006): 
06:39:07 poll error (1007): 
06:39:12 poll error (1008): 
06:39:17 poll error (1009): 
06:39:24 poll error (1010): 
06:39:29 poll error (1011): 
06:39:34 poll error (1012): 
06:39:40 poll error (1013): 
06:39:46 poll error (1014): 
06:39:51 poll error (1015): 
06:39:56 poll error (1016): 
06:40:02 poll error (1017): 
06:40:09 poll error (1018): 
06:40:14 poll error (1019): 
06:40:20 poll error (1020): 
06:40:25 poll error (1021): 
06:40:30 poll error (1022): 
06:40:36 poll error (1023): 
06:40:49 poll error (1024): 
06:40:56 poll error (1025): 
06:41:02 poll error (1026): 
06:41:10 poll error (1027): 
06:41:15 poll error (1028): 
06:41:21 poll error (1029): 
06:41:26 poll error (1030): 
06:41:31 poll error (1031): 
06:41:36 poll error (1032): 
06:41:42 poll error (1033): 
06:41:48 poll error (1034): 
06:41:53 poll error (1035): 
06:41:59 poll error (1036): 
06:42:05 poll error (1037): 
06:42:17 poll error (1038): 
06:42:23 poll error (1039): 
06:42:29 poll error (1040): 
06:42:34 poll error (1041): 
06:42:40 poll error (1042): 
06:42:52 poll error (1043): 
06:42:58 poll error (1044): 
06:43:04 poll error (1045): 
06:43:09 poll error (1046): 
06:43:16 poll error (1047): 
06:43:22 poll error (1048): 
06:43:27 poll error (1049): 
06:43:32 poll error (1050): 
06:43:37 poll error (1051): 
06:43:43 poll error (1052): 
06:43:48 poll error (1053): 
06:43:53 poll error (1054): 
06:43:59 poll error (1055): 
06:44:11 poll error (1056): 
06:44:17 poll error (1057): 
06:44:22 poll error (1058): 
06:44:27 poll error (1059): 
06:44:33 poll error (1060): 
06:44:39 poll error (1061): 
06:44:44 poll error (1062): 
06:44:49 poll error (1063): 
06:44:58 poll error (1064): 
06:45:05 poll error (1065): 
06:45:10 poll error (1066): 
06:45:18 poll error (1067): 
06:45:23 poll error (1068): 
06:45:29 poll error (1069): 
06:45:36 poll error (1070): 
06:45:41 poll error (1071): 
06:45:46 poll error (1072): 
06:45:51 poll error (1073): 
06:45:57 poll error (1074): 
06:46:06 poll error (1075): 
06:46:11 poll error (1076): 
06:46:17 poll error (1077): 
06:46:22 poll error (1078): 
06:46:27 poll error (1079): 
06:46:35 poll error (1080): 
06:46:40 poll error (1081): 
06:46:45 poll error (1082): 
06:46:52 poll error (1083): 
06:46:57 poll error (1084): 
06:47:02 poll error (1085): 
06:47:08 poll error (1086): 
06:47:13 poll error (1087): 
06:47:19 poll error (1088): 
06:47:25 poll error (1089): 
06:47:31 poll error (1090): 
06:47:36 poll error (1091): 
06:47:43 poll error (1092): 
06:47:51 poll error (1093): 
06:48:01 poll error (1094): 
06:48:07 poll error (1095): 
06:48:15 poll error (1096): 
06:48:23 poll error (1097): 
06:48:31 poll error (1098): 
06:48:36 poll error (1099): 
06:48:45 poll error (1100): 
06:48:51 poll error (1101): 
06:48:56 poll error (1102): 
06:49:01 poll error (1103): 
06:49:07 poll error (1104): 
06:49:12 poll error (1105): 
06:49:17 poll error (1106): 
06:49:23 poll error (1107): 
06:49:30 poll error (1108): 
06:49:36 poll error (1109): 
06:49:42 poll error (1110): 
06:49:47 poll error (1111): 
06:49:53 poll error (1112): 
06:49:59 poll error (1113): 
06:50:04 poll error (1114): 
06:50:11 poll error (1115): 
06:50:19 poll error (1116): 
06:50:27 poll error (1117): 
06:50:32 poll error (1118): 
06:50:37 poll error (1119): 
06:50:43 poll error (1120): 
06:50:49 poll error (1121): 
06:50:54 poll error (1122): 
06:51:00 poll error (1123): 
06:51:05 poll error (1124): 
06:51:12 poll error (1125): 
06:51:26 poll error (1126): 
06:51:31 poll error (1127): 
06:51:36 poll error (1128): 
06:51:42 poll error (1129): 
06:51:48 poll error (1130): 
06:51:53 poll error (1131): 
06:51:59 poll error (1132): 
06:52:06 poll error (1133): 
06:52:13 poll error (1134): 
06:52:19 poll error (1135): 
06:52:25 poll error (1136): 
06:52:30 poll error (1137): 
06:52:35 poll error (1138): 
06:52:47 poll error (1139): 
06:52:53 poll error (1140): 
06:52:58 poll error (1141): 
06:53:04 poll error (1142): 
06:53:09 poll error (1143): 
06:53:14 poll error (1144): 
06:53:21 poll error (1145): 
06:53:26 poll error (1146): 
06:53:32 poll error (1147): 
06:53:37 poll error (1148): 
06:53:50 poll error (1149): 
06:53:55 poll error (1150): 
06:54:01 poll error (1151): 
06:54:07 poll error (1152): 
06:54:13 poll error (1153): 
06:54:19 poll error (1154): 
06:54:25 poll error (1155): 
06:54:32 poll error (1156): 
06:54:43 poll error (1157): 
06:54:48 poll error (1158): 
06:54:53 poll error (1159): 
06:54:59 poll error (1160): 
06:55:06 poll error (1161): 
06:55:11 poll error (1162): 
06:55:17 poll error (1163): 
06:55:23 poll error (1164): 
06:55:28 poll error (1165): 
06:55:33 poll error (1166): 
06:55:47 poll error (1167): 
06:55:55 poll error (1168): 
06:56:00 poll error (1169): 
06:56:06 poll error (1170): 
06:56:11 poll error (1171): 
06:56:16 poll error (1172): 
06:56:25 poll error (1173): 
06:56:32 poll error (1174): 
06:56:37 poll error (1175): 
06:56:43 poll error (1176): 
06:56:51 poll error (1177): 
06:56:56 poll error (1178): 
06:57:02 poll error (1179): 
06:57:08 poll error (1180): 
06:57:13 poll error (1181): 
==================================================
HDC Phase 3 EMG replay (sw/hdc_emg_board_test.c)
DDR readback @ 0x00100300
==================================================
EMG replay: N=493512 correct=303763 accuracy=61.55%
Export ref: 61.55%
Board vs export: delta=0.00%  PASS (0.5% tol)
errors=189749
==================================================
Results saved: /home/bsp-lab/1024-HDC/results/protocol_v2/twist1_silicon/random_seed_5/board_emg_replay.txt
EMG replay: N=493512 correct=303763 accuracy=61.55%
Export ref: 61.55%
Board vs export: delta=0.00%  PASS (0.5% tol)
Export ref: 61.55%
Board vs export: delta=0.00%  PASS (0.5% tol)
SUCCESS: Phase 3 EMG replay complete (board within 0.5% of export ref).
Anchor C complete -> /home/bsp-lab/1024-HDC/results/protocol_v2/twist1_silicon/random_seed_5/board_emg_replay.txt
EMG replay: N=493512 correct=303763 accuracy=61.55%
Export ref: 61.55%
Board vs export: delta=0.00%  PASS (0.5% tol)
Export ref: 61.55%
Board vs export: delta=0.00%  PASS (0.5% tol)
Status: PASS
Wrote /home/bsp-lab/1024-HDC/results/protocol_v2/twist1_silicon/seed_summary.json — measured 6/10 seeds
EMG replay: N=493512 correct=303763 accuracy=61.55%
Board vs export: delta=0.00%  PASS (0.5% tol)
Board vs export: delta=0.00%  PASS (0.5% tol)
Status: PASS
########## SEED 5 END 2026-09-16T06:57:19+05:30 ##########

########## SEED 6 START 2026-09-16T06:57:19+05:30 ##########
=== Seed 6 (export ref x1000=64629) ===
  random_seed=6  keep_ratio=0.125  n_keep=128/1024
Patched /home/bsp-lab/1024-HDC/sw/golden_vectors.h
Patched /home/bsp-lab/1024-HDC/sw/emg_board_vectors.h
Patched /home/bsp-lab/1024-HDC/sw/emg_board_vectors_hdc2.h
Done anchor=C keep=0.125 mode=random mask_density=0.1250 export_ref=61.55%
Set EMG_EXPORT_REF_ACCURACY_X1000 = 64629
=== Waiting for Digilent USB cable ===
Digilent cable detected on /dev/ttyUSB0
=== Anchor C: keep_ratio=0.125 ===
Skipping mask patch for anchor C (HDC_ANCHOR_SKIP_PATCH=1)
Rebuilding Final_HDC_dma_emg.elf ...
   text	   data	    bss	    dec	    hex	filename
  49461	   1472	  61008	 111941	  1b545	/home/bsp-lab/1024-HDC/board/HDC_DMA/app/build/Final_HDC_dma_emg.elf
Running board EMG replay ...
=== HDC Phase 3 EMG replay (hdc_emg_board_test.c) ===
=== Waiting for Digilent USB cable ===
Digilent cable detected on /dev/ttyUSB0
=== Program + poll Phase 3 EMG replay ===
Programming HDC_DMA EMG replay with:
  bitstream: /home/bsp-lab/1024-HDC/board/HDC_DMA/app/_ide/bitstream/design_1_wrapper.bit
  app:       /home/bsp-lab/1024-HDC/board/HDC_DMA/app/build/Final_HDC_dma_emg.elf
  initial APU attempt 1/5 ...
  APU target available
=== JTAG targets ===
  1*
  APU
  2
  ARM
  Cortex-A9
  MPCore
  #0
  (Running)
  3
  ARM
  Cortex-A9
  MPCore
  #1
  (Suspended)
  4
  xc7z020

=== PS7 init before PL (releases PL from reset) ===
  pre-PL APU attempt 1/3 ...
  APU target available
  pre-PL PS7 attempt 1...
Pre-PL PS7 init OK

=== Programming PL bitstream ===
  PL attempt 1
PL programmed successfully via xsdb

=== PS7 init after PL ===
  post-PL APU attempt 1/5 ...
  APU target available
  post-PL PS7 attempt 1...
PS7 initialized
FSBL loaded
HDC_app loaded
Loading emg_board_vectors.bin to DDR 0x02000000 (chunk 65536B) ...
  1.0 / 8.5 MiB
  2.0 / 8.5 MiB
  3.0 / 8.5 MiB
  4.0 / 8.5 MiB
  5.0 / 8.5 MiB
  chunk @ 0x02540000 attempt 1/20: Memory write error at 0x254C000. Cannot flush JTAG server queue. ftdi_read_data failed: usb bulk read failed
  6.0 / 8.5 MiB
  7.0 / 8.5 MiB
  8.0 / 8.5 MiB
Vectors bin loaded (8883216 bytes)
Programming and run complete
CPU running EMG replay — polling @ 0x00100300 (max 7200s)...
06:58:27 poll error (1): 
06:58:32 poll error (2): 
06:58:39 poll error (3): 
06:58:45 poll error (4): 
06:58:50 poll error (5): 
06:58:55 poll error (6): 
06:59:01 poll error (7): 
06:59:07 poll error (8): 
06:59:13 poll error (9): 
06:59:19 poll error (10): 
06:59:24 poll error (11): 
06:59:31 poll error (12): 
06:59:37 poll error (13): 
06:59:43 poll error (14): 
06:59:48 poll error (15): 
06:59:55 poll error (16): 
07:00:00 poll error (17): 
07:00:05 poll error (18): 
07:00:11 poll error (19): 
07:00:16 poll error (20): 
07:00:22 poll error (21): 
07:00:28 poll error (22): 
07:00:34 poll error (23): 
07:00:39 poll error (24): 
07:00:46 poll error (25): 
07:00:52 poll error (26): 
07:00:57 poll error (27): 
07:01:04 poll error (28): 
07:01:10 poll error (29): 
07:01:15 poll error (30): 
07:01:26 poll error (31): 
07:01:33 poll error (32): 
07:01:38 poll error (33): 
07:01:52 poll error (34): 
07:01:57 poll error (35): 
07:02:02 poll error (36): 
07:02:10 poll error (37): 
07:02:17 poll error (38): 
07:02:22 poll error (39): 
07:02:32 poll error (40): 
07:02:39 poll error (41): 
07:02:45 poll error (42): 
07:02:51 poll error (43): 
07:02:57 poll error (44): 
07:03:02 poll error (45): 
07:03:08 poll error (46): 
07:03:13 poll error (47): 
07:03:20 poll error (48): 
07:03:27 poll error (49): 
07:03:35 poll error (50): 
07:03:42 poll error (51): 
07:03:47 poll error (52): 
07:03:53 poll error (53): 
07:03:58 poll error (54): 
07:04:03 poll error (55): 
07:04:11 poll error (56): 
07:04:16 poll error (57): 
07:04:22 poll error (58): 
07:04:28 poll error (59): 
07:04:34 poll error (60): 
07:04:42 poll error (61): 
07:04:48 poll error (62): 
07:04:55 poll error (63): 
07:05:00 poll error (64): 
07:05:06 poll error (65): 
07:05:12 poll error (66): 
07:05:18 poll error (67): 
07:05:24 poll error (68): 
07:05:33 poll error (69): 
07:05:38 poll error (70): 
07:05:43 poll error (71): 
07:05:49 poll error (72): 
07:05:54 poll error (73): 
07:05:59 poll error (74): 
07:06:05 poll error (75): 
07:06:10 poll error (76): 
07:06:15 poll error (77): 
07:06:21 poll error (78): 
07:06:26 poll error (79): 
07:06:31 poll error (80): 
07:06:37 poll error (81): 
07:06:45 poll error (82): 
07:06:50 poll error (83): 
07:06:55 poll error (84): 
07:07:01 poll error (85): 
07:07:06 poll error (86): 
07:07:11 poll error (87): 
07:07:17 poll error (88): 
07:07:22 poll error (89): 
07:07:29 poll error (90): 
07:07:36 poll error (91): 
07:07:41 poll error (92): 
07:07:46 poll error (93): 
07:07:52 poll error (94): 
07:07:57 poll error (95): 
07:08:02 poll error (96): 
07:08:08 poll error (97): 
07:08:14 poll error (98): 
07:08:19 poll error (99): 
07:08:24 poll error (100): 
07:08:30 poll error (101): 
07:08:37 poll error (102): 
07:08:42 poll error (103): 
07:08:50 poll error (104): 
07:08:55 poll error (105): 
07:09:00 poll error (106): 
07:09:06 poll error (107): 
07:09:12 poll error (108): 
07:09:19 poll error (109): 
07:09:25 poll error (110): 
07:09:30 poll error (111): 
07:09:37 poll error (112): 
07:09:43 poll error (113): 
07:09:55 poll error (114): 
07:10:01 poll error (115): 
07:10:08 poll error (116): 
07:10:13 poll error (117): 
07:10:19 poll error (118): 
07:10:25 poll error (119): 
07:10:30 poll error (120): 
07:10:35 poll error (121): 
07:10:41 poll error (122): 
07:10:46 poll error (123): 
07:10:51 poll error (124): 
07:10:57 poll error (125): 
07:11:03 poll error (126): 
07:11:08 poll error (127): 
07:11:19 poll error (128): 
07:11:24 poll error (129): 
07:11:32 poll error (130): 
07:11:37 poll error (131): 
07:11:42 poll error (132): 
07:11:48 poll error (133): 
07:11:56 poll error (134): 
07:12:01 poll error (135): 
07:12:08 poll error (136): 
07:12:17 poll error (137): 
07:12:22 poll error (138): 
07:12:27 poll error (139): 
07:12:33 poll error (140): 
07:12:40 poll error (141): 
07:12:45 poll error (142): 
07:12:51 poll error (143): 
07:12:59 poll error (144): 
07:13:04 poll error (145): 
07:13:11 poll error (146): 
07:13:17 poll error (147): 
07:13:22 poll error (148): 
07:13:27 poll error (149): 
07:13:36 poll error (150): 
07:13:41 poll error (151): 
07:13:46 poll error (152): 
07:13:53 poll error (153): 
07:13:59 poll error (154): 
07:14:04 poll error (155): 
07:14:13 poll error (156): 
07:14:18 poll error (157): 
07:14:23 poll error (158): 
07:14:29 poll error (159): 
07:14:34 poll error (160): 
07:14:39 poll error (161): 
07:14:44 poll error (162): 
07:14:50 poll error (163): 
07:14:55 poll error (164): 
07:15:00 poll error (165): 
07:15:06 poll error (166): 
07:15:11 poll error (167): 
07:15:16 poll error (168): 
07:15:22 poll error (169): 
07:15:31 poll error (170): 
07:15:37 poll error (171): 
07:15:43 poll error (172): 
07:15:48 poll error (173): 
07:15:53 poll error (174): 
07:15:59 poll error (175): 
07:16:06 poll error (176): 
07:16:11 poll error (177): 
07:16:16 poll error (178): 
07:16:23 poll error (179): 
07:16:28 poll error (180): 
07:16:33 poll error (181): 
07:16:44 poll error (182): 
07:16:51 poll error (183): 
07:16:56 poll error (184): 
07:17:05 poll error (185): 
07:17:11 poll error (186): 
07:17:16 poll error (187): 
07:17:26 poll error (188): 
07:17:32 poll error (189): 
07:17:37 poll error (190): 
07:17:43 poll error (191): 
07:17:48 poll error (192): 
07:17:53 poll error (193): 
07:17:58 poll error (194): 
07:18:04 poll error (195): 
07:18:10 poll error (196): 
07:18:15 poll error (197): 
07:18:21 poll error (198): 
07:18:26 poll error (199): 
07:18:31 poll error (200): 
07:18:37 poll error (201): 
07:18:42 poll error (202): 
07:18:48 poll error (203): 
07:18:55 poll error (204): 
07:19:02 poll error (205): 
07:19:07 poll error (206): 
07:19:12 poll error (207): 
07:19:21 poll error (208): 
07:19:26 poll error (209): 
07:19:32 poll error (210): 
07:19:38 poll error (211): 
07:19:43 poll error (212): 
07:19:54 poll error (213): 
07:20:00 poll error (214): 
07:20:06 poll error (215): 
07:20:12 poll error (216): 
07:20:17 poll error (217): 
07:20:22 poll error (218): 
07:20:28 poll error (219): 
07:20:33 poll error (220): 
07:20:38 poll error (221): 
07:20:44 poll error (222): 
07:20:49 poll error (223): 
07:20:54 poll error (224): 
07:21:00 poll error (225): 
07:21:06 poll error (226): 
07:21:12 poll error (227): 
07:21:17 poll error (228): 
07:21:23 poll error (229): 
07:21:28 poll error (230): 
07:21:35 poll error (231): 
07:21:46 poll error (232): 
07:21:52 poll error (233): 
07:21:57 poll error (234): 
07:22:03 poll error (235): 
07:22:09 poll error (236): 
07:22:14 poll error (237): 
07:22:23 poll error (238): 
07:22:28 poll error (239): 
07:22:33 poll error (240): 
07:22:38 poll error (241): 
07:22:44 poll error (242): 
07:22:51 poll error (243): 
07:22:57 poll error (244): 
07:23:03 poll error (245): 
07:23:09 poll error (246): 
07:23:14 poll error (247): 
07:23:20 poll error (248): 
07:23:26 poll error (249): 
07:23:31 poll error (250): 
07:23:37 poll error (251): 
07:23:43 poll error (252): 
07:23:48 poll error (253): 
07:23:53 poll error (254): 
07:23:59 poll error (255): 
07:24:04 poll error (256): 
07:24:09 poll error (257): 
07:24:15 poll error (258): 
07:24:21 poll error (259): 
07:24:26 poll error (260): 
07:24:32 poll error (261): 
07:24:39 poll error (262): 
07:24:45 poll error (263): 
07:24:50 poll error (264): 
07:24:58 poll error (265): 
07:25:03 poll error (266): 
07:25:10 poll error (267): 
07:25:16 poll error (268): 
07:25:21 poll error (269): 
07:25:27 poll error (270): 
07:25:34 poll error (271): 
07:25:39 poll error (272): 
07:25:44 poll error (273): 
07:25:51 poll error (274): 
07:25:57 poll error (275): 
07:26:02 poll error (276): 
07:26:07 poll error (277): 
07:26:16 poll error (278): 
07:26:23 poll error (279): 
07:26:28 poll error (280): 
07:26:35 poll error (281): 
07:26:40 poll error (282): 
07:26:45 poll error (283): 
07:26:51 poll error (284): 
07:26:57 poll error (285): 
07:27:02 poll error (286): 
07:27:09 poll error (287): 
07:27:15 poll error (288): 
07:27:20 poll error (289): 
07:27:27 poll error (290): 
07:27:34 poll error (291): 
07:27:39 poll error (292): 
07:27:45 poll error (293): 
07:27:52 poll error (294): 
07:27:57 poll error (295): 
07:28:02 poll error (296): 
07:28:08 poll error (297): 
07:28:14 poll error (298): 
07:28:19 poll error (299): 
07:28:24 poll error (300): 
07:28:32 poll error (301): 
07:28:37 poll error (302): 
07:28:42 poll error (303): 
07:28:55 poll error (304): 
07:29:00 poll error (305): 
07:29:05 poll error (306): 
07:29:13 poll error (307): 
07:29:20 poll error (308): 
07:29:26 poll error (309): 
07:29:32 poll error (310): 
07:29:42 poll error (311): 
07:29:50 poll error (312): 
07:30:03 poll error (313): 
07:30:09 poll error (314): 
07:30:14 poll error (315): 
07:30:19 poll error (316): 
07:30:25 poll error (317): 
07:30:30 poll error (318): 
07:30:35 poll error (319): 
07:30:41 poll error (320): 
07:30:46 poll error (321): 
07:30:51 poll error (322): 
07:30:57 poll error (323): 
07:31:06 poll error (324): 
07:31:14 poll error (325): 
07:31:20 poll error (326): 
07:31:29 poll error (327): 
07:31:38 poll error (328): 
07:31:44 poll error (329): 
07:31:49 poll error (330): 
07:31:55 poll error (331): 
07:32:00 poll error (332): 
07:32:05 poll error (333): 
07:32:13 poll error (334): 
07:32:19 poll error (335): 
07:32:24 poll error (336): 
07:32:30 poll error (337): 
07:32:36 poll error (338): 
07:32:41 poll error (339): 
07:32:46 poll error (340): 
07:32:52 poll error (341): 
07:32:57 poll error (342): 
07:33:02 poll error (343): 
07:33:08 poll error (344): 
07:33:13 poll error (345): 
07:33:19 poll error (346): 
07:33:25 poll error (347): 
07:33:31 poll error (348): 
07:33:37 poll error (349): 
07:33:42 poll error (350): 
07:33:48 poll error (351): 
07:33:53 poll error (352): 
07:33:58 poll error (353): 
07:34:04 poll error (354): 
07:34:09 poll error (355): 
07:34:14 poll error (356): 
07:34:21 poll error (357): 
07:34:26 poll error (358): 
07:34:31 poll error (359): 
07:34:37 poll error (360): 
07:34:42 poll error (361): 
07:34:48 poll error (362): 
07:34:53 poll error (363): 
07:34:59 poll error (364): 
07:35:06 poll error (365): 
07:35:11 poll error (366): 
07:35:17 poll error (367): 
07:35:23 poll error (368): 
07:35:28 poll error (369): 
07:35:34 poll error (370): 
07:35:39 poll error (371): 
07:35:44 poll error (372): 
07:35:49 poll error (373): 
07:35:55 poll error (374): 
07:36:00 poll error (375): 
07:36:05 poll error (376): 
07:36:11 poll error (377): 
07:36:16 poll error (378): 
07:36:21 poll error (379): 
07:36:29 poll error (380): 
07:36:35 poll error (381): 
07:36:40 poll error (382): 
07:36:45 poll error (383): 
07:36:51 poll error (384): 
07:36:56 poll error (385): 
07:37:01 poll error (386): 
07:37:07 poll error (387): 
07:37:12 poll error (388): 
07:37:17 poll error (389): 
07:37:25 poll error (390): 
07:37:30 poll error (391): 
07:37:35 poll error (392): 
07:37:43 poll error (393): 
07:37:49 poll error (394): 
07:37:54 poll error (395): 
07:37:59 poll error (396): 
07:38:05 poll error (397): 
07:38:10 poll error (398): 
07:38:15 poll error (399): 
07:38:24 poll error (400): 
07:38:30 poll error (401): 
07:38:35 poll error (402): 
07:38:42 poll error (403): 
07:38:47 poll error (404): 
07:38:52 poll error (405): 
07:38:57 poll error (406): 
07:39:03 poll error (407): 
07:39:08 poll error (408): 
07:39:14 poll error (409): 
07:39:23 poll error (410): 
07:39:29 poll error (411): 
07:39:36 poll error (412): 
07:39:42 poll error (413): 
07:39:47 poll error (414): 
07:39:52 poll error (415): 
07:39:57 poll error (416): 
07:40:03 poll error (417): 
07:40:09 poll error (418): 
07:40:15 poll error (419): 
07:40:21 poll error (420): 
07:40:27 poll error (421): 
07:40:32 poll error (422): 
07:40:39 poll error (423): 
07:40:44 poll error (424): 
07:40:50 poll error (425): 
07:40:55 poll error (426): 
07:41:01 poll error (427): 
07:41:07 poll error (428): 
07:41:13 poll error (429): 
07:41:24 poll error (430): 
07:41:35 poll error (431): 
07:41:40 poll error (432): 
07:41:46 poll error (433): 
07:41:51 poll error (434): 
07:41:56 poll error (435): 
07:42:03 poll error (436): 
07:42:09 poll error (437): 
07:42:16 poll error (438): 
07:42:24 poll error (439): 
07:42:30 poll error (440): 
07:42:35 poll error (441): 
07:42:48 poll error (442): 
07:42:54 poll error (443): 
07:43:00 poll error (444): 
07:43:06 poll error (445): 
07:43:12 poll error (446): 
07:43:19 poll error (447): 
07:43:25 poll error (448): 
07:43:31 poll error (449): 
07:43:38 poll error (450): 
07:43:43 poll error (451): 
07:43:51 poll error (452): 
07:43:57 poll error (453): 
07:44:02 poll error (454): 
07:44:08 poll error (455): 
07:44:14 poll error (456): 
07:44:19 poll error (457): 
07:44:24 poll error (458): 
07:44:32 poll error (459): 
07:44:38 poll error (460): 
07:44:43 poll error (461): 
07:44:51 poll error (462): 
07:45:00 poll error (463): 
07:45:07 poll error (464): 
07:45:12 poll error (465): 
07:45:18 poll error (466): 
07:45:23 poll error (467): 
07:45:28 poll error (468): 
07:45:34 poll error (469): 
07:45:40 poll error (470): 
07:45:46 poll error (471): 
07:45:51 poll error (472): 
07:45:57 poll error (473): 
07:46:04 poll error (474): 
07:46:09 poll error (475): 
07:46:22 poll error (476): 
07:46:27 poll error (477): 
07:46:33 poll error (478): 
07:46:45 poll error (479): 
07:46:54 poll error (480): 
07:47:03 poll error (481): 
07:47:14 poll error (482): 
07:47:22 poll error (483): 
07:47:30 poll error (484): 
07:47:36 poll error (485): 
07:47:41 poll error (486): 
07:47:47 poll error (487): 
07:47:53 poll error (488): 
07:48:02 poll error (489): 
07:48:08 poll error (490): 
07:48:13 poll error (491): 
07:48:19 poll error (492): 
07:48:25 poll error (493): 
07:48:33 poll error (494): 
07:48:38 poll error (495): 
07:48:45 poll error (496): 
07:48:51 poll error (497): 
07:48:57 poll error (498): 
07:49:02 poll error (499): 
07:49:08 poll error (500): 
07:49:14 poll error (501): 
07:49:19 poll error (502): 
07:49:25 poll error (503): 
07:49:31 poll error (504): 
07:49:36 poll error (505): 
07:49:44 poll error (506): 
07:49:49 poll error (507): 
07:49:54 poll error (508): 
07:49:59 poll error (509): 
07:50:07 poll error (510): 
07:50:13 poll error (511): 
07:50:18 poll error (512): 
07:50:24 poll error (513): 
07:50:29 poll error (514): 
07:50:34 poll error (515): 
07:50:40 poll error (516): 
07:50:45 poll error (517): 
07:50:50 poll error (518): 
07:50:56 poll error (519): 
07:51:01 poll error (520): 
07:51:07 poll error (521): 
07:51:12 poll error (522): 
07:51:18 poll error (523): 
07:51:23 poll error (524): 
07:51:28 poll error (525): 
07:51:34 poll error (526): 
07:51:39 poll error (527): 
07:51:48 poll error (528): 
07:51:55 poll error (529): 
07:52:01 poll error (530): 
07:52:11 poll error (531): 
07:52:16 poll error (532): 
07:52:22 poll error (533): 
07:52:27 poll error (534): 
07:52:34 poll error (535): 
07:52:40 poll error (536): 
07:52:45 poll error (537): 
07:52:50 poll error (538): 
07:52:59 poll error (539): 
07:53:06 poll error (540): 
07:53:11 poll error (541): 
07:53:19 poll error (542): 
07:53:25 poll error (543): 
07:53:30 poll error (544): 
07:53:36 poll error (545): 
07:53:42 poll error (546): 
07:53:47 poll error (547): 
07:53:52 poll error (548): 
07:53:58 poll error (549): 
07:54:03 poll error (550): 
07:54:08 poll error (551): 
07:54:13 poll error (552): 
07:54:19 poll error (553): 
07:54:24 poll error (554): 
07:54:32 poll error (555): 
07:54:38 poll error (556): 
07:54:45 poll error (557): 
07:54:56 poll error (558): 
07:55:01 poll error (559): 
07:55:07 poll error (560): 
07:55:12 poll error (561): 
07:55:20 poll error (562): 
07:55:29 poll error (563): 
07:55:34 poll error (564): 
07:55:39 poll error (565): 
07:55:47 poll error (566): 
07:55:54 poll error (567): 
07:55:59 poll error (568): 
07:56:14 poll error (569): 
07:56:19 poll error (570): 
07:56:24 poll error (571): 
07:56:30 poll error (572): 
07:56:36 poll error (573): 
07:56:41 poll error (574): 
07:56:48 poll error (575): 
07:56:53 poll error (576): 
07:56:58 poll error (577): 
07:57:06 poll error (578): 
07:57:11 poll error (579): 
07:57:16 poll error (580): 
07:57:21 poll error (581): 
07:57:27 poll error (582): 
07:57:32 poll error (583): 
07:57:37 poll error (584): 
07:57:45 poll error (585): 
07:57:50 poll error (586): 
07:57:55 poll error (587): 
07:58:03 poll error (588): 
07:58:08 poll error (589): 
07:58:14 poll error (590): 
07:58:20 poll error (591): 
07:58:29 poll error (592): 
07:58:34 poll error (593): 
07:58:40 poll error (594): 
07:58:46 poll error (595): 
07:58:56 poll error (596): 
07:59:02 poll error (597): 
07:59:07 poll error (598): 
07:59:12 poll error (599): 
07:59:18 poll error (600): 
07:59:30 poll error (601): 
07:59:36 poll error (602): 
07:59:41 poll error (603): 
07:59:47 poll error (604): 
07:59:52 poll error (605): 
07:59:57 poll error (606): 
08:00:03 poll error (607): 
08:00:09 poll error (608): 
08:00:15 poll error (609): 
08:00:20 poll error (610): 
08:00:26 poll error (611): 
08:00:31 poll error (612): 
08:00:36 poll error (613): 
08:00:43 poll error (614): 
08:00:50 poll error (615): 
08:00:59 poll error (616): 
08:01:06 poll error (617): 
08:01:11 poll error (618): 
08:01:17 poll error (619): 
08:01:22 poll error (620): 
08:01:28 poll error (621): 
08:01:33 poll error (622): 
08:01:38 poll error (623): 
08:01:51 poll error (624): 
08:01:56 poll error (625): 
08:02:02 poll error (626): 
08:02:08 poll error (627): 
08:02:16 poll error (628): 
08:02:21 poll error (629): 
08:02:27 poll error (630): 
08:02:33 poll error (631): 
08:02:38 poll error (632): 
08:02:43 poll error (633): 
08:02:53 poll error (634): 
08:02:58 poll error (635): 
08:03:03 poll error (636): 
08:03:12 poll error (637): 
08:03:17 poll error (638): 
08:03:22 poll error (639): 
08:03:29 poll error (640): 
08:03:34 poll error (641): 
08:03:39 poll error (642): 
08:03:44 poll error (643): 
08:03:50 poll error (644): 
08:03:57 poll error (645): 
08:04:02 poll error (646): 
08:04:11 poll error (647): 
08:04:17 poll error (648): 
08:04:22 poll error (649): 
08:04:28 poll error (650): 
08:04:33 poll error (651): 
08:04:38 poll error (652): 
08:04:44 poll error (653): 
08:04:50 poll error (654): 
08:04:55 poll error (655): 
08:05:02 poll error (656): 
08:05:13 poll error (657): 
08:05:19 poll error (658): 
08:05:24 poll error (659): 
08:05:31 poll error (660): 
08:05:36 poll error (661): 
08:05:41 poll error (662): 
08:05:47 poll error (663): 
08:05:52 poll error (664): 
08:06:00 poll error (665): 
08:06:06 poll error (666): 
08:06:11 poll error (667): 
08:06:19 poll error (668): 
08:06:24 poll error (669): 
08:06:30 poll error (670): 
08:06:35 poll error (671): 
08:06:40 poll error (672): 
08:06:47 poll error (673): 
08:06:55 poll error (674): 
08:07:00 poll error (675): 
08:07:06 poll error (676): 
08:07:11 poll error (677): 
08:07:16 poll error (678): 
08:07:21 poll error (679): 
08:07:27 poll error (680): 
08:07:33 poll error (681): 
08:07:38 poll error (682): 
08:07:44 poll error (683): 
08:07:51 poll error (684): 
08:07:56 poll error (685): 
08:08:02 poll error (686): 
08:08:07 poll error (687): 
08:08:15 poll error (688): 
08:08:21 poll error (689): 
08:08:26 poll error (690): 
08:08:32 poll error (691): 
08:08:37 poll error (692): 
08:08:45 poll error (693): 
08:08:51 poll error (694): 
08:08:56 poll error (695): 
08:09:04 poll error (696): 
08:09:09 poll error (697): 
08:09:14 poll error (698): 
08:09:20 poll error (699): 
08:09:25 poll error (700): 
08:09:30 poll error (701): 
08:09:38 poll error (702): 
08:09:43 poll error (703): 
08:09:48 poll error (704): 
08:09:54 poll error (705): 
08:10:01 poll error (706): 
08:10:10 poll error (707): 
08:10:16 poll error (708): 
08:10:21 poll error (709): 
08:10:26 poll error (710): 
08:10:31 poll error (711): 
08:10:42 poll error (712): 
08:10:47 poll error (713): 
08:10:52 poll error (714): 
08:10:58 poll error (715): 
08:11:05 poll error (716): 
08:11:10 poll error (717): 
08:11:17 poll error (718): 
08:11:22 poll error (719): 
08:11:27 poll error (720): 
08:11:33 poll error (721): 
08:11:38 poll error (722): 
08:11:48 poll error (723): 
08:11:56 poll error (724): 
08:12:01 poll error (725): 
08:12:08 poll error (726): 
08:12:14 poll error (727): 
08:12:19 poll error (728): 
08:12:24 poll error (729): 
08:12:30 poll error (730): 
08:12:35 poll error (731): 
08:12:43 poll error (732): 
08:12:50 poll error (733): 
08:12:57 poll error (734): 
08:13:02 poll error (735): 
08:13:07 poll error (736): 
08:13:13 poll error (737): 
08:13:19 poll error (738): 
08:13:25 poll error (739): 
08:13:30 poll error (740): 
08:13:37 poll error (741): 
08:13:46 poll error (742): 
08:13:51 poll error (743): 
08:14:04 poll error (744): 
08:14:16 poll error (745): 
08:14:22 poll error (746): 
08:14:29 poll error (747): 
08:14:34 poll error (748): 
08:14:40 poll error (749): 
08:14:45 poll error (750): 
08:14:52 poll error (751): 
08:14:58 poll error (752): 
08:15:03 poll error (753): 
08:15:08 poll error (754): 
08:15:14 poll error (755): 
08:15:19 poll error (756): 
08:15:25 poll error (757): 
08:15:31 poll error (758): 
08:15:36 poll error (759): 
08:15:41 poll error (760): 
08:15:46 poll error (761): 
08:15:52 poll error (762): 
08:15:57 poll error (763): 
08:16:03 poll error (764): 
08:16:09 poll error (765): 
08:16:14 poll error (766): 
08:16:19 poll error (767): 
08:16:25 poll error (768): 
08:16:31 poll error (769): 
08:16:36 poll error (770): 
08:16:42 poll error (771): 
08:16:47 poll error (772): 
08:16:52 poll error (773): 
08:16:57 poll error (774): 
08:17:03 poll error (775): 
08:17:08 poll error (776): 
08:17:13 poll error (777): 
08:17:22 poll error (778): 
08:17:28 poll error (779): 
08:17:35 poll error (780): 
08:17:41 poll error (781): 
08:17:46 poll error (782): 
08:17:51 poll error (783): 
08:17:57 poll error (784): 
08:18:03 poll error (785): 
08:18:08 poll error (786): 
08:18:13 poll error (787): 
08:18:19 poll error (788): 
08:18:25 poll error (789): 
08:18:30 poll error (790): 
08:18:36 poll error (791): 
08:18:41 poll error (792): 
08:18:46 poll error (793): 
08:18:52 poll error (794): 
08:18:57 poll error (795): 
08:19:02 poll error (796): 
08:19:08 poll error (797): 
08:19:14 poll error (798): 
08:19:20 poll error (799): 
08:19:26 poll error (800): 
08:19:35 poll error (801): 
08:19:42 poll error (802): 
08:19:47 poll error (803): 
08:19:53 poll error (804): 
08:19:59 poll error (805): 
08:20:14 poll error (806): 
08:20:20 poll error (807): 
08:20:26 poll error (808): 
08:20:31 poll error (809): 
08:20:36 poll error (810): 
08:20:44 poll error (811): 
08:20:50 poll error (812): 
08:20:55 poll error (813): 
08:21:01 poll error (814): 
08:21:06 poll error (815): 
08:21:11 poll error (816): 
08:21:18 poll error (817): 
08:21:24 poll error (818): 
08:21:31 poll error (819): 
08:21:36 poll error (820): 
08:21:42 poll error (821): 
08:21:47 poll error (822): 
08:21:52 poll error (823): 
08:21:58 poll error (824): 
08:22:07 poll error (825): 
08:22:12 poll error (826): 
08:22:18 poll error (827): 
08:22:23 poll error (828): 
08:22:31 poll error (829): 
08:22:42 poll error (830): 
08:22:47 poll error (831): 
08:22:52 poll error (832): 
08:22:59 poll error (833): 
08:23:05 poll error (834): 
08:23:10 poll error (835): 
08:23:16 poll error (836): 
08:23:21 poll error (837): 
08:23:27 poll error (838): 
08:23:32 poll error (839): 
08:23:45 poll error (840): 
08:23:50 poll error (841): 
08:23:57 poll error (842): 
08:24:03 poll error (843): 
08:24:10 poll error (844): 
08:24:15 poll error (845): 
08:24:21 poll error (846): 
08:24:26 poll error (847): 
08:24:31 poll error (848): 
08:24:37 poll error (849): 
08:24:43 poll error (850): 
08:24:48 poll error (851): 
08:24:54 poll error (852): 
08:24:59 poll error (853): 
08:25:05 poll error (854): 
08:25:10 poll error (855): 
08:25:16 poll error (856): 
08:25:22 poll error (857): 
08:25:28 poll error (858): 
08:25:34 poll error (859): 
08:25:39 poll error (860): 
08:25:46 poll error (861): 
08:25:52 poll error (862): 
08:25:57 poll error (863): 
08:26:02 poll error (864): 
08:26:08 poll error (865): 
08:26:13 poll error (866): 
08:26:18 poll error (867): 
08:26:23 poll error (868): 
08:26:32 poll error (869): 
08:26:37 poll error (870): 
08:26:42 poll error (871): 
08:26:48 poll error (872): 
08:26:55 poll error (873): 
08:27:00 poll error (874): 
08:27:06 poll error (875): 
08:27:12 poll error (876): 
08:27:17 poll error (877): 
08:27:23 poll error (878): 
08:27:33 poll error (879): 
08:27:40 poll error (880): 
08:27:46 poll error (881): 
08:27:52 poll error (882): 
08:27:57 poll error (883): 
08:28:03 poll error (884): 
08:28:09 poll error (885): 
08:28:14 poll error (886): 
08:28:19 poll error (887): 
08:28:25 poll error (888): 
08:28:30 poll error (889): 
08:28:38 poll error (890): 
08:28:44 poll error (891): 
08:28:49 poll error (892): 
08:28:55 poll error (893): 
08:29:01 poll error (894): 
08:29:09 poll error (895): 
08:29:15 poll error (896): 
08:29:21 poll error (897): 
08:29:26 poll error (898): 
08:29:31 poll error (899): 
08:29:39 poll error (900): 
08:29:44 poll error (901): 
08:29:49 poll error (902): 
08:29:55 poll error (903): 
08:30:01 poll error (904): 
08:30:11 poll error (905): 
08:30:17 poll error (906): 
08:30:22 poll error (907): 
08:30:28 poll error (908): 
08:30:34 poll error (909): 
08:30:39 poll error (910): 
08:30:44 poll error (911): 
08:30:59 poll error (912): 
08:31:04 poll error (913): 
08:31:10 poll error (914): 
08:31:17 poll error (915): 
08:31:22 poll error (916): 
08:31:27 poll error (917): 
08:31:32 poll error (918): 
08:31:41 poll error (919): 
08:31:46 poll error (920): 
08:31:51 poll error (921): 
08:32:00 poll error (922): 
08:32:05 poll error (923): 
08:32:10 poll error (924): 
08:32:16 poll error (925): 
08:32:21 poll error (926): 
08:32:26 poll error (927): 
08:32:32 poll error (928): 
08:32:39 poll error (929): 
08:32:44 poll error (930): 
08:32:49 poll error (931): 
08:32:56 poll error (932): 
08:33:01 poll error (933): 
08:33:06 poll error (934): 
08:33:12 poll error (935): 
08:33:17 poll error (936): 
08:33:22 poll error (937): 
08:33:28 poll error (938): 
08:33:33 poll error (939): 
08:33:40 poll error (940): 
08:33:45 poll error (941): 
08:33:51 poll error (942): 
08:33:58 poll error (943): 
08:34:03 poll error (944): 
08:34:09 poll error (945): 
08:34:14 poll error (946): 
08:34:19 poll error (947): 
08:34:26 poll error (948): 
08:34:31 poll error (949): 
08:34:36 poll error (950): 
08:34:41 poll error (951): 
08:34:47 poll error (952): 
08:34:52 poll error (953): 
08:34:59 poll error (954): 
08:35:05 poll error (955): 
08:35:10 poll error (956): 
08:35:15 poll error (957): 
08:35:21 poll error (958): 
08:35:27 poll error (959): 
08:35:32 poll error (960): 
08:35:40 poll error (961): 
08:35:45 poll error (962): 
08:35:50 poll error (963): 
08:35:59 poll error (964): 
08:36:05 poll error (965): 
08:36:10 poll error (966): 
08:36:15 poll error (967): 
08:36:21 poll error (968): 
08:36:27 poll error (969): 
08:36:34 poll error (970): 
08:36:39 poll error (971): 
08:36:46 poll error (972): 
08:36:54 poll error (973): 
08:36:59 poll error (974): 
08:37:05 poll error (975): 
08:37:11 poll error (976): 
08:37:16 poll error (977): 
08:37:21 poll error (978): 
08:37:30 poll error (979): 
08:37:35 poll error (980): 
08:37:40 poll error (981): 
08:37:46 poll error (982): 
08:37:56 poll error (983): 
08:38:01 poll error (984): 
08:38:07 poll error (985): 
08:38:12 poll error (986): 
08:38:18 poll error (987): 
08:38:24 poll error (988): 
08:38:29 poll error (989): 
08:38:35 poll error (990): 
08:38:50 poll error (991): 
08:38:55 poll error (992): 
08:39:01 poll error (993): 
08:39:09 poll error (994): 
08:39:14 poll error (995): 
08:39:21 poll error (996): 
08:39:30 poll error (997): 
08:39:35 poll error (998): 
08:39:42 poll error (999): 
08:39:49 poll error (1000): 
08:39:55 poll error (1001): 
08:40:03 poll error (1002): 
08:40:10 poll error (1003): 
08:40:16 poll error (1004): 
08:40:21 poll error (1005): 
08:40:26 poll error (1006): 
08:40:32 poll error (1007): 
08:40:41 poll error (1008): 
08:40:47 poll error (1009): 
08:40:56 poll error (1010): 
08:41:01 poll error (1011): 
08:41:07 poll error (1012): 
08:41:13 poll error (1013): 
08:41:19 poll error (1014): 
08:41:24 poll error (1015): 
08:41:30 poll error (1016): 
08:41:39 poll error (1017): 
08:41:44 poll error (1018): 
08:41:49 poll error (1019): 
08:41:55 poll error (1020): 
08:42:00 poll error (1021): 
08:42:11 poll error (1022): 
08:42:18 poll error (1023): 
08:42:24 poll error (1024): 
08:42:29 poll error (1025): 
08:42:35 poll error (1026): 
08:42:40 poll error (1027): 
08:42:45 poll error (1028): 
08:42:52 poll error (1029): 
08:42:59 poll error (1030): 
08:43:05 poll error (1031): 
08:43:12 poll error (1032): 
08:43:21 poll error (1033): 
08:43:28 poll error (1034): 
08:43:33 poll error (1035): 
08:43:39 poll error (1036): 
08:43:45 poll error (1037): 
08:43:51 poll error (1038): 
08:43:58 poll error (1039): 
08:44:04 poll error (1040): 
08:44:09 poll error (1041): 
08:44:14 poll error (1042): 
08:44:20 poll error (1043): 
08:44:32 poll error (1044): 
08:44:39 poll error (1045): 
08:44:44 poll error (1046): 
08:44:49 poll error (1047): 
08:44:54 poll error (1048): 
08:45:01 poll error (1049): 
08:45:06 poll error (1050): 
08:45:11 poll error (1051): 
08:45:32 poll error (1052): 
08:45:37 poll error (1053): 
08:45:43 poll error (1054): 
08:45:51 poll error (1055): 
08:45:56 poll error (1056): 
08:46:04 poll error (1057): 
08:46:09 poll error (1058): 
08:46:17 poll error (1059): 
08:46:27 poll error (1060): 
08:46:32 poll error (1061): 
08:46:37 poll error (1062): 
08:46:43 poll error (1063): 
08:46:48 poll error (1064): 
08:46:54 poll error (1065): 
08:47:00 poll error (1066): 
08:47:05 poll error (1067): 
08:47:11 poll error (1068): 
08:47:17 poll error (1069): 
08:47:23 poll error (1070): 
08:47:28 poll error (1071): 
08:47:36 poll error (1072): 
08:47:43 poll error (1073): 
08:47:48 poll error (1074): 
08:47:54 poll error (1075): 
08:48:01 poll error (1076): 
08:48:09 poll error (1077): 
08:48:14 poll error (1078): 
08:48:21 poll error (1079): 
08:48:26 poll error (1080): 
08:48:31 poll error (1081): 
08:48:36 poll error (1082): 
08:48:42 poll error (1083): 
08:48:47 poll error (1084): 
08:48:52 poll error (1085): 
08:48:58 poll error (1086): 
08:49:03 poll error (1087): 
08:49:10 poll error (1088): 
08:49:17 poll error (1089): 
08:49:22 poll error (1090): 
08:49:28 poll error (1091): 
08:49:34 poll error (1092): 
08:49:39 poll error (1093): 
08:49:44 poll error (1094): 
08:49:49 poll error (1095): 
08:49:55 poll error (1096): 
08:50:00 poll error (1097): 
08:50:08 poll error (1098): 
08:50:16 poll error (1099): 
08:50:21 poll error (1100): 
08:50:27 poll error (1101): 
08:50:40 poll error (1102): 
08:50:47 poll error (1103): 
08:50:52 poll error (1104): 
08:50:58 poll error (1105): 
08:51:10 poll error (1106): 
08:51:15 poll error (1107): 
08:51:23 poll error (1108): 
08:51:28 poll error (1109): 
08:51:33 poll error (1110): 
08:51:41 poll error (1111): 
08:51:46 poll error (1112): 
08:51:51 poll error (1113): 
08:51:59 poll error (1114): 
08:52:06 poll error (1115): 
08:52:11 poll error (1116): 
08:52:18 poll error (1117): 
08:52:23 poll error (1118): 
08:52:29 poll error (1119): 
08:52:34 poll error (1120): 
08:52:40 poll error (1121): 
08:52:45 poll error (1122): 
08:52:53 poll error (1123): 
08:53:06 poll error (1124): 
08:53:12 poll error (1125): 
08:53:18 poll error (1126): 
08:53:23 poll error (1127): 
08:53:29 poll error (1128): 
08:53:35 poll error (1129): 
08:53:41 poll error (1130): 
08:53:46 poll error (1131): 
08:53:52 poll error (1132): 
08:53:57 poll error (1133): 
08:54:02 poll error (1134): 
08:54:08 poll error (1135): 
08:54:13 poll error (1136): 
08:54:18 poll error (1137): 
08:54:24 poll error (1138): 
08:54:31 poll error (1139): 
08:54:36 poll error (1140): 
08:54:43 poll error (1141): 
08:54:50 poll error (1142): 
08:54:55 poll error (1143): 
08:55:01 poll error (1144): 
08:55:06 poll error (1145): 
08:55:13 poll error (1146): 
08:55:18 poll error (1147): 
08:55:25 poll error (1148): 
08:55:31 poll error (1149): 
08:55:36 poll error (1150): 
08:55:49 poll error (1151): 
08:55:55 poll error (1152): 
08:56:01 poll error (1153): 
08:56:08 poll error (1154): 
08:56:13 poll error (1155): 
08:56:20 poll error (1156): 
08:56:26 poll error (1157): 
08:56:31 poll error (1158): 
08:56:37 poll error (1159): 
08:56:43 poll error (1160): 
08:56:48 poll error (1161): 
08:56:53 poll error (1162): 
08:57:03 poll error (1163): 
08:57:14 poll error (1164): 
08:57:20 poll error (1165): 
08:57:25 poll error (1166): 
08:57:33 poll error (1167): 
08:57:40 poll error (1168): 
08:57:45 poll error (1169): 
08:57:54 poll error (1170): 
08:57:59 poll error (1171): 
08:58:04 poll error (1172): 
08:58:11 poll error (1173): 
08:58:18 poll error (1174): 
==================================================
HDC Phase 3 EMG replay (sw/hdc_emg_board_test.c)
DDR readback @ 0x00100300
==================================================
EMG replay: N=493512 correct=318952 accuracy=64.62%
Export ref: 64.62%
Board vs export: delta=0.00%  PASS (0.5% tol)
errors=174560
==================================================
Results saved: /home/bsp-lab/1024-HDC/results/protocol_v2/twist1_silicon/random_seed_6/board_emg_replay.txt
EMG replay: N=493512 correct=318952 accuracy=64.62%
Export ref: 64.62%
Board vs export: delta=0.00%  PASS (0.5% tol)
Export ref: 64.62%
Board vs export: delta=0.00%  PASS (0.5% tol)
SUCCESS: Phase 3 EMG replay complete (board within 0.5% of export ref).
Anchor C complete -> /home/bsp-lab/1024-HDC/results/protocol_v2/twist1_silicon/random_seed_6/board_emg_replay.txt
EMG replay: N=493512 correct=318952 accuracy=64.62%
Export ref: 64.62%
Board vs export: delta=0.00%  PASS (0.5% tol)
Export ref: 64.62%
Board vs export: delta=0.00%  PASS (0.5% tol)
Status: PASS
Wrote /home/bsp-lab/1024-HDC/results/protocol_v2/twist1_silicon/seed_summary.json — measured 7/10 seeds
EMG replay: N=493512 correct=318952 accuracy=64.62%
Board vs export: delta=0.00%  PASS (0.5% tol)
Board vs export: delta=0.00%  PASS (0.5% tol)
Status: PASS
########## SEED 6 END 2026-09-16T08:58:24+05:30 ##########

########## SEED 7 START 2026-09-16T08:58:24+05:30 ##########
=== Seed 7 (export ref x1000=67565) ===
  random_seed=7  keep_ratio=0.125  n_keep=128/1024
Patched /home/bsp-lab/1024-HDC/sw/golden_vectors.h
Patched /home/bsp-lab/1024-HDC/sw/emg_board_vectors.h
Patched /home/bsp-lab/1024-HDC/sw/emg_board_vectors_hdc2.h
Done anchor=C keep=0.125 mode=random mask_density=0.1250 export_ref=64.63%
Set EMG_EXPORT_REF_ACCURACY_X1000 = 67565
=== Waiting for Digilent USB cable ===
Digilent cable detected on /dev/ttyUSB0
=== Anchor C: keep_ratio=0.125 ===
Skipping mask patch for anchor C (HDC_ANCHOR_SKIP_PATCH=1)
Rebuilding Final_HDC_dma_emg.elf ...
   text	   data	    bss	    dec	    hex	filename
  49461	   1472	  61008	 111941	  1b545	/home/bsp-lab/1024-HDC/board/HDC_DMA/app/build/Final_HDC_dma_emg.elf
Running board EMG replay ...
=== HDC Phase 3 EMG replay (hdc_emg_board_test.c) ===
=== Waiting for Digilent USB cable ===
Digilent cable detected on /dev/ttyUSB0
=== Program + poll Phase 3 EMG replay ===
Programming HDC_DMA EMG replay with:
  bitstream: /home/bsp-lab/1024-HDC/board/HDC_DMA/app/_ide/bitstream/design_1_wrapper.bit
  app:       /home/bsp-lab/1024-HDC/board/HDC_DMA/app/build/Final_HDC_dma_emg.elf
  initial APU attempt 1/5 ...
  APU target available
=== JTAG targets ===
  1*
  APU
  2
  ARM
  Cortex-A9
  MPCore
  #0
  (Running)
  3
  ARM
  Cortex-A9
  MPCore
  #1
  (Suspended)
  4
  xc7z020

=== PS7 init before PL (releases PL from reset) ===
  pre-PL APU attempt 1/3 ...
  APU target available
  pre-PL PS7 attempt 1...
Pre-PL PS7 init OK

=== Programming PL bitstream ===
  PL attempt 1
PL programmed successfully via xsdb

=== PS7 init after PL ===
  post-PL APU attempt 1/5 ...
  APU target available
  post-PL PS7 attempt 1...
PS7 initialized
FSBL loaded
HDC_app loaded
Loading emg_board_vectors.bin to DDR 0x02000000 (chunk 65536B) ...
  chunk @ 0x020C0000 attempt 1/20: Memory write error at 0x20C8000. Cannot flush JTAG server queue. ftdi_write_data_submit failed: usb bulk read failed
  1.0 / 8.5 MiB
  2.0 / 8.5 MiB
  3.0 / 8.5 MiB
  4.0 / 8.5 MiB
  5.0 / 8.5 MiB
  6.0 / 8.5 MiB
  7.0 / 8.5 MiB
  8.0 / 8.5 MiB
Vectors bin loaded (8883216 bytes)
Programming and run complete
CPU running EMG replay — polling @ 0x00100300 (max 7200s)...
08:59:35 poll error (1): 
08:59:46 poll error (2): 
08:59:51 poll error (3): 
08:59:57 poll error (4): 
09:00:02 poll error (5): 
09:00:07 poll error (6): 
09:00:13 poll error (7): 
09:00:20 poll error (8): 
09:00:26 poll error (9): 
09:00:34 poll error (10): 
09:00:40 poll error (11): 
09:00:46 poll error (12): 
09:00:52 poll error (13): 
09:00:57 poll error (14): 
09:01:03 poll error (15): 
09:01:09 poll error (16): 
09:01:15 poll error (17): 
09:01:20 poll error (18): 
09:01:27 poll error (19): 
09:01:33 poll error (20): 
09:01:38 poll error (21): 
09:01:43 poll error (22): 
09:01:49 poll error (23): 
09:02:01 poll error (24): 
09:02:12 poll error (25): 
09:02:17 poll error (26): 
09:02:25 poll error (27): 
09:02:30 poll error (28): 
09:02:38 poll error (29): 
09:02:44 poll error (30): 
09:02:50 poll error (31): 
09:02:57 poll error (32): 
09:03:03 poll error (33): 
09:03:09 poll error (34): 
09:03:17 poll error (35): 
09:03:22 poll error (36): 
09:03:28 poll error (37): 
09:03:35 poll error (38): 
09:03:40 poll error (39): 
09:03:46 poll error (40): 
09:03:54 poll error (41): 
09:03:59 poll error (42): 
09:04:05 poll error (43): 
09:04:13 poll error (44): 
09:04:24 poll error (45): 
09:04:30 poll error (46): 
09:04:36 poll error (47): 
09:04:41 poll error (48): 
09:04:48 poll error (49): 
09:04:55 poll error (50): 
09:05:02 poll error (51): 
09:05:08 poll error (52): 
09:05:14 poll error (53): 
09:05:19 poll error (54): 
09:05:24 poll error (55): 
09:05:31 poll error (56): 
09:05:36 poll error (57): 
09:05:41 poll error (58): 
09:05:47 poll error (59): 
09:05:53 poll error (60): 
09:05:59 poll error (61): 
09:06:05 poll error (62): 
09:06:11 poll error (63): 
09:06:17 poll error (64): 
09:06:22 poll error (65): 
09:06:28 poll error (66): 
09:06:33 poll error (67): 
09:06:40 poll error (68): 
09:06:46 poll error (69): 
09:06:51 poll error (70): 
09:06:56 poll error (71): 
09:07:02 poll error (72): 
09:07:08 poll error (73): 
09:07:13 poll error (74): 
09:07:22 poll error (75): 
09:07:27 poll error (76): 
09:07:32 poll error (77): 
09:07:38 poll error (78): 
09:07:44 poll error (79): 
09:07:49 poll error (80): 
09:07:54 poll error (81): 
09:08:01 poll error (82): 
09:08:07 poll error (83): 
09:08:12 poll error (84): 
09:08:18 poll error (85): 
09:08:30 poll error (86): 
09:08:36 poll error (87): 
09:08:41 poll error (88): 
09:08:47 poll error (89): 
09:08:54 poll error (90): 
09:09:00 poll error (91): 
09:09:10 poll error (92): 
09:09:15 poll error (93): 
09:09:21 poll error (94): 
09:09:26 poll error (95): 
09:09:31 poll error (96): 
09:09:38 poll error (97): 
09:09:43 poll error (98): 
09:09:49 poll error (99): 
09:09:55 poll error (100): 
09:10:02 poll error (101): 
09:10:07 poll error (102): 
09:10:13 poll error (103): 
09:10:19 poll error (104): 
09:10:24 poll error (105): 
09:10:29 poll error (106): 
09:10:35 poll error (107): 
09:10:41 poll error (108): 
09:10:46 poll error (109): 
09:10:52 poll error (110): 
09:10:59 poll error (111): 
09:11:06 poll error (112): 
09:11:12 poll error (113): 
09:11:18 poll error (114): 
09:11:23 poll error (115): 
09:11:29 poll error (116): 
09:11:35 poll error (117): 
09:11:43 poll error (118): 
09:11:56 poll error (119): 
09:12:10 poll error (120): 
09:12:18 poll error (121): 
09:12:23 poll error (122): 
09:12:28 poll error (123): 
09:12:37 poll error (124): 
09:12:43 poll error (125): 
09:12:49 poll error (126): 
09:12:55 poll error (127): 
09:13:03 poll error (128): 
09:13:10 poll error (129): 
09:13:15 poll error (130): 
09:13:21 poll error (131): 
09:13:28 poll error (132): 
09:13:33 poll error (133): 
09:13:39 poll error (134): 
09:13:44 poll error (135): 
09:13:50 poll error (136): 
09:13:56 poll error (137): 
09:14:03 poll error (138): 
09:14:09 poll error (139): 
09:14:17 poll error (140): 
09:14:22 poll error (141): 
09:14:27 poll error (142): 
09:14:35 poll error (143): 
09:14:40 poll error (144): 
09:14:45 poll error (145): 
09:14:51 poll error (146): 
09:14:56 poll error (147): 
09:15:01 poll error (148): 
09:15:06 poll error (149): 
09:15:12 poll error (150): 
09:15:20 poll error (151): 
09:15:27 poll error (152): 
09:15:33 poll error (153): 
09:15:38 poll error (154): 
09:15:59 poll error (155): 
09:16:06 poll error (156): 
09:16:11 poll error (157): 
09:16:17 poll error (158): 
09:16:23 poll error (159): 
09:16:29 poll error (160): 
09:16:34 poll error (161): 
09:16:40 poll error (162): 
09:16:45 poll error (163): 
09:16:50 poll error (164): 
09:16:56 poll error (165): 
09:17:01 poll error (166): 
09:17:08 poll error (167): 
09:17:14 poll error (168): 
09:17:20 poll error (169): 
09:17:26 poll error (170): 
09:17:33 poll error (171): 
09:17:40 poll error (172): 
09:17:45 poll error (173): 
09:17:50 poll error (174): 
09:17:58 poll error (175): 
09:18:07 poll error (176): 
09:18:12 poll error (177): 
09:18:18 poll error (178): 
09:18:23 poll error (179): 
09:18:28 poll error (180): 
09:18:34 poll error (181): 
09:18:39 poll error (182): 
09:18:44 poll error (183): 
09:18:50 poll error (184): 
09:18:57 poll error (185): 
09:19:02 poll error (186): 
09:19:07 poll error (187): 
09:19:13 poll error (188): 
09:19:18 poll error (189): 
09:19:23 poll error (190): 
09:19:29 poll error (191): 
09:19:35 poll error (192): 
09:19:40 poll error (193): 
09:19:47 poll error (194): 
09:19:52 poll error (195): 
09:19:57 poll error (196): 
09:20:02 poll error (197): 
09:20:08 poll error (198): 
09:20:13 poll error (199): 
09:20:19 poll error (200): 
09:20:25 poll error (201): 
09:20:30 poll error (202): 
09:20:35 poll error (203): 
09:20:41 poll error (204): 
09:20:46 poll error (205): 
09:20:51 poll error (206): 
09:20:57 poll error (207): 
09:21:03 poll error (208): 
09:21:08 poll error (209): 
09:21:14 poll error (210): 
09:21:21 poll error (211): 
09:21:26 poll error (212): 
09:21:32 poll error (213): 
09:21:38 poll error (214): 
09:21:45 poll error (215): 
09:21:51 poll error (216): 
09:21:57 poll error (217): 
09:22:05 poll error (218): 
09:22:10 poll error (219): 
09:22:18 poll error (220): 
09:22:23 poll error (221): 
09:22:29 poll error (222): 
09:22:34 poll error (223): 
09:22:41 poll error (224): 
09:22:47 poll error (225): 
09:22:52 poll error (226): 
09:22:59 poll error (227): 
09:23:05 poll error (228): 
09:23:10 poll error (229): 
09:23:15 poll error (230): 
09:23:20 poll error (231): 
09:23:26 poll error (232): 
09:23:31 poll error (233): 
09:23:37 poll error (234): 
09:23:43 poll error (235): 
09:23:48 poll error (236): 
09:23:53 poll error (237): 
09:23:59 poll error (238): 
09:24:04 poll error (239): 
09:24:14 poll error (240): 
09:24:20 poll error (241): 
09:24:25 poll error (242): 
09:24:30 poll error (243): 
09:24:36 poll error (244): 
09:24:41 poll error (245): 
09:24:46 poll error (246): 
09:24:52 poll error (247): 
09:24:57 poll error (248): 
09:25:02 poll error (249): 
09:25:07 poll error (250): 
09:25:13 poll error (251): 
09:25:18 poll error (252): 
09:25:23 poll error (253): 
09:25:29 poll error (254): 
09:25:34 poll error (255): 
09:25:39 poll error (256): 
09:25:45 poll error (257): 
09:25:50 poll error (258): 
09:25:55 poll error (259): 
09:26:00 poll error (260): 
09:26:06 poll error (261): 
09:26:11 poll error (262): 
09:26:16 poll error (263): 
09:26:22 poll error (264): 
09:26:27 poll error (265): 
09:26:32 poll error (266): 
09:26:38 poll error (267): 
09:26:48 poll error (268): 
09:26:58 poll error (269): 
09:27:04 poll error (270): 
09:27:10 poll error (271): 
09:27:15 poll error (272): 
09:27:21 poll error (273): 
09:27:26 poll error (274): 
09:27:34 poll error (275): 
09:27:40 poll error (276): 
09:27:45 poll error (277): 
09:27:50 poll error (278): 
09:27:55 poll error (279): 
09:28:02 poll error (280): 
09:28:07 poll error (281): 
09:28:12 poll error (282): 
09:28:18 poll error (283): 
09:28:23 poll error (284): 
09:28:28 poll error (285): 
09:28:34 poll error (286): 
09:28:39 poll error (287): 
09:28:44 poll error (288): 
09:28:50 poll error (289): 
09:28:55 poll error (290): 
09:29:00 poll error (291): 
09:29:06 poll error (292): 
09:29:12 poll error (293): 
09:29:17 poll error (294): 
09:29:22 poll error (295): 
09:29:28 poll error (296): 
09:29:33 poll error (297): 
09:29:39 poll error (298): 
09:29:45 poll error (299): 
09:29:50 poll error (300): 
09:29:57 poll error (301): 
09:30:04 poll error (302): 
09:30:10 poll error (303): 
09:30:15 poll error (304): 
09:30:21 poll error (305): 
09:30:27 poll error (306): 
09:30:33 poll error (307): 
09:30:38 poll error (308): 
09:30:45 poll error (309): 
09:30:50 poll error (310): 
09:30:56 poll error (311): 
09:31:01 poll error (312): 
09:31:07 poll error (313): 
09:31:15 poll error (314): 
09:31:20 poll error (315): 
09:31:33 poll error (316): 
09:31:38 poll error (317): 
09:31:44 poll error (318): 
09:31:50 poll error (319): 
09:31:55 poll error (320): 
09:32:00 poll error (321): 
09:32:08 poll error (322): 
09:32:13 poll error (323): 
09:32:20 poll error (324): 
09:32:31 poll error (325): 
09:32:36 poll error (326): 
09:32:45 poll error (327): 
09:32:53 poll error (328): 
09:33:00 poll error (329): 
09:33:06 poll error (330): 
09:33:12 poll error (331): 
09:33:17 poll error (332): 
09:33:23 poll error (333): 
09:33:38 poll error (334): 
09:33:43 poll error (335): 
09:33:49 poll error (336): 
09:33:57 poll error (337): 
09:34:03 poll error (338): 
09:34:08 poll error (339): 
09:34:14 poll error (340): 
09:34:19 poll error (341): 
09:34:24 poll error (342): 
09:34:30 poll error (343): 
09:34:35 poll error (344): 
09:34:40 poll error (345): 
09:34:46 poll error (346): 
09:34:51 poll error (347): 
09:34:56 poll error (348): 
09:35:02 poll error (349): 
09:35:08 poll error (350): 
09:35:15 poll error (351): 
09:35:20 poll error (352): 
09:35:26 poll error (353): 
09:35:32 poll error (354): 
09:35:37 poll error (355): 
09:35:43 poll error (356): 
09:35:48 poll error (357): 
09:35:53 poll error (358): 
09:35:59 poll error (359): 
09:36:05 poll error (360): 
09:36:13 poll error (361): 
09:36:18 poll error (362): 
09:36:25 poll error (363): 
09:36:30 poll error (364): 
09:36:35 poll error (365): 
09:36:40 poll error (366): 
09:36:46 poll error (367): 
09:36:52 poll error (368): 
09:36:57 poll error (369): 
09:37:05 poll error (370): 
09:37:10 poll error (371): 
09:37:16 poll error (372): 
09:37:24 poll error (373): 
09:37:29 poll error (374): 
09:37:36 poll error (375): 
09:37:42 poll error (376): 
09:37:47 poll error (377): 
09:37:53 poll error (378): 
09:37:58 poll error (379): 
09:38:09 poll error (380): 
09:38:14 poll error (381): 
09:38:19 poll error (382): 
09:38:25 poll error (383): 
09:38:30 poll error (384): 
09:38:35 poll error (385): 
09:38:41 poll error (386): 
09:38:46 poll error (387): 
09:38:52 poll error (388): 
09:38:59 poll error (389): 
09:39:04 poll error (390): 
09:39:09 poll error (391): 
09:39:16 poll error (392): 
09:39:22 poll error (393): 
09:39:27 poll error (394): 
09:39:33 poll error (395): 
09:39:39 poll error (396): 
09:39:45 poll error (397): 
09:39:50 poll error (398): 
09:39:56 poll error (399): 
09:40:01 poll error (400): 
09:40:06 poll error (401): 
09:40:16 poll error (402): 
09:40:23 poll error (403): 
09:40:28 poll error (404): 
09:40:33 poll error (405): 
09:40:41 poll error (406): 
09:40:47 poll error (407): 
09:40:52 poll error (408): 
09:40:58 poll error (409): 
09:41:03 poll error (410): 
09:41:08 poll error (411): 
09:41:14 poll error (412): 
09:41:19 poll error (413): 
09:41:24 poll error (414): 
09:41:30 poll error (415): 
09:41:36 poll error (416): 
09:41:42 poll error (417): 
09:41:49 poll error (418): 
09:41:55 poll error (419): 
09:42:00 poll error (420): 
09:42:05 poll error (421): 
09:42:11 poll error (422): 
09:42:16 poll error (423): 
09:42:23 poll error (424): 
09:42:29 poll error (425): 
09:42:34 poll error (426): 
09:42:39 poll error (427): 
09:42:46 poll error (428): 
09:42:51 poll error (429): 
09:42:56 poll error (430): 
09:43:01 poll error (431): 
09:43:07 poll error (432): 
09:43:14 poll error (433): 
09:43:22 poll error (434): 
09:43:29 poll error (435): 
09:43:34 poll error (436): 
09:43:43 poll error (437): 
09:43:49 poll error (438): 
09:43:54 poll error (439): 
09:44:00 poll error (440): 
09:44:06 poll error (441): 
09:44:12 poll error (442): 
09:44:18 poll error (443): 
09:44:25 poll error (444): 
09:44:31 poll error (445): 
09:44:40 poll error (446): 
09:44:45 poll error (447): 
09:44:53 poll error (448): 
09:44:59 poll error (449): 
09:45:05 poll error (450): 
09:45:16 poll error (451): 
09:45:22 poll error (452): 
09:45:27 poll error (453): 
09:45:32 poll error (454): 
09:45:38 poll error (455): 
09:45:43 poll error (456): 
09:45:48 poll error (457): 
09:45:53 poll error (458): 
09:45:59 poll error (459): 
09:46:05 poll error (460): 
09:46:11 poll error (461): 
09:46:17 poll error (462): 
09:46:22 poll error (463): 
09:46:28 poll error (464): 
09:46:34 poll error (465): 
09:46:40 poll error (466): 
09:46:46 poll error (467): 
09:46:51 poll error (468): 
09:47:00 poll error (469): 
09:47:07 poll error (470): 
09:47:12 poll error (471): 
09:47:18 poll error (472): 
09:47:23 poll error (473): 
09:47:29 poll error (474): 
09:47:36 poll error (475): 
09:47:42 poll error (476): 
09:47:48 poll error (477): 
09:47:53 poll error (478): 
09:48:00 poll error (479): 
09:48:05 poll error (480): 
09:48:10 poll error (481): 
09:48:16 poll error (482): 
09:48:23 poll error (483): 
09:48:33 poll error (484): 
09:48:39 poll error (485): 
09:48:45 poll error (486): 
09:48:52 poll error (487): 
09:48:58 poll error (488): 
09:49:03 poll error (489): 
09:49:09 poll error (490): 
09:49:15 poll error (491): 
09:49:21 poll error (492): 
09:49:26 poll error (493): 
09:49:31 poll error (494): 
09:49:37 poll error (495): 
09:49:42 poll error (496): 
09:49:47 poll error (497): 
09:49:53 poll error (498): 
09:49:58 poll error (499): 
09:50:03 poll error (500): 
09:50:09 poll error (501): 
09:50:17 poll error (502): 
09:50:22 poll error (503): 
09:50:28 poll error (504): 
09:50:33 poll error (505): 
09:50:38 poll error (506): 
09:50:44 poll error (507): 
09:50:50 poll error (508): 
09:50:56 poll error (509): 
09:51:01 poll error (510): 
09:51:07 poll error (511): 
09:51:12 poll error (512): 
09:51:24 poll error (513): 
09:51:32 poll error (514): 
09:51:39 poll error (515): 
09:51:45 poll error (516): 
09:51:51 poll error (517): 
09:51:56 poll error (518): 
09:52:01 poll error (519): 
09:52:07 poll error (520): 
09:52:13 poll error (521): 
09:52:20 poll error (522): 
09:52:26 poll error (523): 
09:52:32 poll error (524): 
09:52:37 poll error (525): 
09:52:46 poll error (526): 
09:52:53 poll error (527): 
09:52:58 poll error (528): 
09:53:04 poll error (529): 
09:53:09 poll error (530): 
09:53:14 poll error (531): 
09:53:21 poll error (532): 
09:53:26 poll error (533): 
09:53:33 poll error (534): 
09:53:39 poll error (535): 
09:53:45 poll error (536): 
09:53:50 poll error (537): 
09:53:56 poll error (538): 
09:54:02 poll error (539): 
09:54:07 poll error (540): 
09:54:12 poll error (541): 
09:54:18 poll error (542): 
09:54:23 poll error (543): 
09:54:28 poll error (544): 
09:54:33 poll error (545): 
09:54:42 poll error (546): 
09:54:47 poll error (547): 
09:54:52 poll error (548): 
09:54:58 poll error (549): 
09:55:03 poll error (550): 
09:55:08 poll error (551): 
09:55:19 poll error (552): 
09:55:24 poll error (553): 
09:55:30 poll error (554): 
09:55:36 poll error (555): 
09:55:42 poll error (556): 
09:55:47 poll error (557): 
09:55:54 poll error (558): 
09:56:00 poll error (559): 
09:56:05 poll error (560): 
09:56:11 poll error (561): 
09:56:17 poll error (562): 
09:56:22 poll error (563): 
09:56:30 poll error (564): 
09:56:36 poll error (565): 
09:56:42 poll error (566): 
09:56:50 poll error (567): 
09:56:55 poll error (568): 
09:57:04 poll error (569): 
09:57:09 poll error (570): 
09:57:14 poll error (571): 
09:57:20 poll error (572): 
09:57:28 poll error (573): 
09:57:33 poll error (574): 
09:57:39 poll error (575): 
09:57:44 poll error (576): 
09:57:50 poll error (577): 
09:57:55 poll error (578): 
09:58:01 poll error (579): 
09:58:06 poll error (580): 
09:58:12 poll error (581): 
09:58:18 poll error (582): 
09:58:23 poll error (583): 
09:58:28 poll error (584): 
09:58:34 poll error (585): 
09:58:39 poll error (586): 
09:58:45 poll error (587): 
09:58:50 poll error (588): 
09:59:01 poll error (589): 
09:59:12 magic=0x00000000 status=16711680 n=131072 correct=0
09:59:22 magic=0x00000000 status=131072 n=0 correct=16711680
09:59:32 magic=0x00000000 status=16711680 n=0 correct=0
09:59:43 magic=0x00000000 status=16711680 n=0 correct=0
09:59:53 magic=0x00000000 status=131072 n=0 correct=0
10:00:03 magic=0x00000000 status=131072 n=0 correct=0
10:00:13 magic=0x00000000 status=16711680 n=0 correct=0
10:00:23 magic=0x00000000 status=131072 n=0 correct=0
10:00:34 magic=0x00000000 status=131072 n=0 correct=0
10:00:49 magic=0x00000000 status=131072 n=16711680 correct=14352384
10:01:00 magic=0x00000000 status=131072 n=0 correct=0
10:01:10 magic=0x00000000 status=16711680 n=16711680 correct=0
10:01:20 magic=0x00000000 status=16711680 n=0 correct=0
10:01:30 magic=0x00000000 status=131072 n=0 correct=16711680
10:01:40 magic=0x00000000 status=16711680 n=0 correct=0
10:01:50 magic=0x00000000 status=131072 n=0 correct=0
10:02:01 magic=0x00000000 status=16711680 n=0 correct=0
10:02:12 magic=0x00000000 status=16711680 n=0 correct=14352384
10:02:22 magic=0x00000000 status=131072 n=0 correct=0
10:02:32 magic=0x00000000 status=131072 n=0 correct=0
10:02:43 magic=0x00000000 status=131072 n=0 correct=0
10:02:53 magic=0x00000000 status=131072 n=0 correct=0
10:03:03 magic=0x00000000 status=16711680 n=0 correct=0
10:03:13 magic=0x00000000 status=16711680 n=0 correct=0
10:03:25 magic=0x00000000 status=131072 n=0 correct=0
10:03:36 magic=0x00000000 status=131072 n=0 correct=0
10:03:47 magic=0x00000000 status=131072 n=0 correct=0
10:03:57 magic=0x00000000 status=131072 n=0 correct=0
10:04:07 magic=0x00000000 status=131072 n=0 correct=0
10:04:22 magic=0x00000000 status=131072 n=0 correct=14286848
10:04:32 magic=0x00000000 status=16711680 n=0 correct=0
10:04:42 magic=0x00000000 status=131072 n=0 correct=0
10:04:59 magic=0x00000000 status=131072 n=0 correct=0
10:05:09 magic=0x00000000 status=131072 n=0 correct=0
10:05:19 magic=0x00000000 status=131072 n=0 correct=0
10:05:30 magic=0x00000000 status=131072 n=0 correct=0
10:05:40 magic=0x00000000 status=16711680 n=0 correct=16711680
10:05:52 magic=0x00000000 status=131072 n=0 correct=0
10:06:02 magic=0x00000000 status=131072 n=0 correct=0
10:06:12 magic=0x00000000 status=131072 n=0 correct=0
10:06:23 magic=0x00000000 status=131072 n=0 correct=0
10:06:33 magic=0x00000000 status=131072 n=16711680 correct=0
10:06:44 magic=0x00000000 status=16711680 n=0 correct=0
10:06:54 magic=0x00000000 status=131072 n=0 correct=14352384
10:07:04 magic=0x00000000 status=131072 n=0 correct=0
10:07:15 magic=0x00000000 status=131072 n=0 correct=16711680
10:07:25 magic=0x00000000 status=131072 n=0 correct=0
10:07:36 magic=0x00000000 status=16711680 n=0 correct=0
10:07:46 magic=0x00000000 status=16711680 n=0 correct=0
10:07:57 magic=0x00000000 status=131072 n=16711680 correct=0
10:08:07 magic=0x00000000 status=131072 n=0 correct=0
10:08:17 magic=0x00000000 status=16711680 n=0 correct=14286848
10:08:27 magic=0x00000000 status=16711680 n=0 correct=655360
10:08:38 magic=0x00000000 status=131072 n=16711680 correct=0
10:08:55 magic=0x00000000 status=16711680 n=0 correct=0
10:09:07 magic=0x00000000 status=16711680 n=0 correct=0
10:09:17 magic=0x00000000 status=131072 n=0 correct=0
10:09:27 magic=0x00000000 status=131072 n=0 correct=0
10:09:38 magic=0x00000000 status=16711680 n=16711680 correct=0
10:09:49 magic=0x00000000 status=131072 n=0 correct=0
10:10:00 magic=0x00000000 status=16711680 n=0 correct=0
10:10:15 magic=0x00000000 status=131072 n=0 correct=16449536
10:10:26 magic=0x00000000 status=131072 n=0 correct=0
10:10:40 magic=0x00000000 status=16711680 n=0 correct=16711680
10:10:50 magic=0x00000000 status=16711680 n=0 correct=0
10:11:00 magic=0x00000000 status=16711680 n=0 correct=16711680
10:11:10 magic=0x00000000 status=131072 n=0 correct=16711680
10:11:23 magic=0x00000000 status=16711680 n=0 correct=0
10:11:33 magic=0x00000000 status=131072 n=16711680 correct=0
10:11:43 magic=0x00000000 status=16711680 n=0 correct=655360
10:11:53 magic=0x00000000 status=131072 n=0 correct=13303808
10:12:03 magic=0x00000000 status=131072 n=0 correct=16711680
10:12:13 magic=0x00000000 status=16711680 n=0 correct=655360
10:12:23 magic=0x00000000 status=131072 n=0 correct=0
10:12:33 magic=0x00000000 status=16711680 n=0 correct=0
10:12:43 magic=0x00000000 status=16711680 n=0 correct=16711680
10:12:53 magic=0x00000000 status=131072 n=0 correct=0
10:13:03 magic=0x00000000 status=16711680 n=16711680 correct=14286848
10:13:13 magic=0x00000000 status=131072 n=0 correct=0
10:13:23 magic=0x00000000 status=131072 n=16711680 correct=0
10:13:33 magic=0x00000000 status=131072 n=0 correct=16711680
10:13:43 magic=0x00000000 status=16711680 n=0 correct=0
10:13:53 magic=0x00000000 status=16711680 n=0 correct=14352384
10:14:03 magic=0x00000000 status=16711680 n=0 correct=0
10:14:13 magic=0x00000000 status=16711680 n=0 correct=655360
10:14:24 magic=0x00000000 status=131072 n=16711680 correct=0
10:14:34 magic=0x00000000 status=16711680 n=0 correct=16711680
10:14:44 magic=0x00000000 status=131072 n=0 correct=5898240
10:14:55 magic=0x00000000 status=16711680 n=16711680 correct=0
10:15:05 magic=0x00000000 status=16711680 n=0 correct=16711680
10:15:15 magic=0x00000000 status=131072 n=0 correct=0
10:15:25 magic=0x00000000 status=131072 n=0 correct=0
10:15:36 magic=0x00000000 status=16711680 n=0 correct=16711680
10:15:48 magic=0x00000000 status=131072 n=0 correct=16449536
10:15:59 magic=0x00000000 status=16711680 n=0 correct=12255232
10:16:10 magic=0x00000000 status=131072 n=0 correct=14352384
10:16:20 magic=0x00000000 status=131072 n=0 correct=0
10:16:31 magic=0x00000000 status=131072 n=0 correct=0
10:16:41 magic=0x00000000 status=131072 n=16711680 correct=0
10:16:51 magic=0x00000000 status=16711680 n=0 correct=0
10:17:03 magic=0x00000000 status=16711680 n=0 correct=0
10:17:13 magic=0x00000000 status=131072 n=0 correct=0
10:17:23 magic=0x00000000 status=131072 n=0 correct=0
10:17:33 magic=0x00000000 status=131072 n=0 correct=16711680
10:17:45 magic=0x00000000 status=131072 n=0 correct=0
10:17:55 magic=0x00000000 status=131072 n=0 correct=0
10:18:06 magic=0x00000000 status=131072 n=0 correct=14352384
10:18:22 magic=0x00000000 status=16711680 n=0 correct=0
10:18:32 magic=0x00000000 status=131072 n=0 correct=0
10:18:43 magic=0x00000000 status=131072 n=0 correct=14352384
10:18:53 magic=0x00000000 status=131072 n=0 correct=0
10:19:03 magic=0x00000000 status=16711680 n=0 correct=16711680
10:19:13 magic=0x00000000 status=16711680 n=0 correct=0
10:19:26 magic=0x00000000 status=131072 n=16711680 correct=16711680
10:19:36 magic=0x00000000 status=16711680 n=0 correct=0
10:19:46 magic=0x00000000 status=16711680 n=0 correct=14286848
10:19:57 magic=0x00000000 status=131072 n=0 correct=0
10:20:07 magic=0x00000000 status=131072 n=0 correct=0
10:20:17 magic=0x00000000 status=131072 n=0 correct=0
10:20:27 magic=0x00000000 status=131072 n=0 correct=0
10:20:39 magic=0x00000000 status=16711680 n=0 correct=0
10:20:51 magic=0x00000000 status=16711680 n=0 correct=0
10:21:04 magic=0x00000000 status=131072 n=0 correct=14352384
10:21:14 magic=0x00000000 status=131072 n=0 correct=16711680
10:21:24 magic=0x00000000 status=16711680 n=0 correct=0
10:21:34 magic=0x00000000 status=16711680 n=16711680 correct=0
10:21:44 magic=0x00000000 status=131072 n=0 correct=16711680
10:21:54 magic=0x00000000 status=131072 n=0 correct=0
10:22:04 magic=0x00000000 status=131072 n=16711680 correct=0
10:22:15 magic=0x00000000 status=16711680 n=16711680 correct=16711680
10:22:25 magic=0x00000000 status=131072 n=0 correct=0
10:22:35 magic=0x00000000 status=16711680 n=0 correct=0
10:22:45 magic=0x00000000 status=131072 n=0 correct=0
10:22:56 magic=0x00000000 status=131072 n=0 correct=12255232
10:23:06 magic=0x00000000 status=131072 n=0 correct=0
10:23:16 magic=0x00000000 status=16711680 n=0 correct=0
10:23:26 magic=0x00000000 status=131072 n=0 correct=0
10:23:37 magic=0x00000000 status=131072 n=0 correct=0
10:23:50 magic=0x00000000 status=131072 n=16711680 correct=14352384
10:24:02 magic=0x00000000 status=131072 n=0 correct=0
10:24:12 magic=0x00000000 status=16711680 n=0 correct=3866624
10:24:22 magic=0x00000000 status=131072 n=16711680 correct=16711680
10:24:32 magic=0x00000000 status=131072 n=0 correct=14352384
10:24:43 magic=0x00000000 status=16711680 n=131072 correct=0
10:24:53 magic=0x00000000 status=16711680 n=0 correct=0
10:25:03 magic=0x00000000 status=16711680 n=131072 correct=0
10:25:13 magic=0x00000000 status=16711680 n=0 correct=0
10:25:23 magic=0x00000000 status=131072 n=0 correct=0
10:25:33 magic=0x00000000 status=131072 n=0 correct=0
10:25:46 magic=0x00000000 status=131072 n=0 correct=16711680
10:25:56 magic=0x00000000 status=16711680 n=16711680 correct=0
10:26:06 magic=0x00000000 status=131072 n=0 correct=0
10:26:16 magic=0x00000000 status=131072 n=0 correct=0
10:26:26 magic=0x00000000 status=131072 n=0 correct=0
10:26:36 magic=0x00000000 status=131072 n=0 correct=16711680
10:26:47 magic=0x00000000 status=131072 n=0 correct=0
10:26:57 magic=0x00000000 status=131072 n=0 correct=0
10:27:07 magic=0x00000000 status=131072 n=0 correct=0
10:27:18 magic=0x00000000 status=16711680 n=0 correct=0
10:27:28 magic=0x00000000 status=131072 n=0 correct=0
10:27:38 magic=0x00000000 status=131072 n=0 correct=0
10:27:51 magic=0x00000000 status=131072 n=0 correct=0
10:28:01 magic=0x00000000 status=131072 n=0 correct=0
10:28:11 magic=0x00000000 status=131072 n=0 correct=0
10:28:21 magic=0x00000000 status=131072 n=0 correct=0
10:28:33 magic=0x00000000 status=131072 n=16711680 correct=0
10:28:43 magic=0x00000000 status=131072 n=0 correct=0
10:28:53 magic=0x00000000 status=131072 n=0 correct=0
10:29:03 magic=0x00000000 status=131072 n=0 correct=0
10:29:13 magic=0x00000000 status=131072 n=0 correct=0
10:29:24 magic=0x00000000 status=131072 n=0 correct=0
10:29:36 magic=0x00000000 status=131072 n=0 correct=0
10:29:48 magic=0x00000000 status=131072 n=0 correct=0
10:29:58 magic=0x00000000 status=131072 n=0 correct=0
10:30:08 magic=0x00000000 status=16711680 n=0 correct=0
10:30:18 magic=0x00000000 status=131072 n=0 correct=0
10:30:29 magic=0x00000000 status=131072 n=0 correct=0
10:30:39 magic=0x00000000 status=131072 n=0 correct=0
10:30:56 magic=0x00000000 status=131072 n=0 correct=0
10:31:07 magic=0x00000000 status=131072 n=0 correct=0
10:31:17 magic=0x00000000 status=131072 n=0 correct=3866624
10:31:27 magic=0x00000000 status=131072 n=0 correct=0
10:31:37 magic=0x00000000 status=16711680 n=0 correct=0
10:31:47 magic=0x00000000 status=131072 n=0 correct=0
10:31:57 magic=0x00000000 status=131072 n=0 correct=0
10:32:07 magic=0x00000000 status=131072 n=0 correct=0
10:32:18 magic=0x00000000 status=131072 n=0 correct=0
10:32:28 magic=0x00000000 status=16711680 n=0 correct=16711680
10:32:39 magic=0x00000000 status=131072 n=0 correct=0
10:32:49 magic=0x00000000 status=131072 n=0 correct=0
10:33:00 magic=0x00000000 status=131072 n=0 correct=0
10:33:10 magic=0x00000000 status=16711680 n=0 correct=0
10:33:20 magic=0x00000000 status=131072 n=0 correct=0
10:33:30 magic=0x00000000 status=131072 n=0 correct=0
10:33:40 magic=0x00000000 status=131072 n=0 correct=0
10:33:50 magic=0x00000000 status=131072 n=0 correct=0
10:34:00 magic=0x00000000 status=131072 n=0 correct=0
10:34:10 magic=0x00000000 status=131072 n=0 correct=0
10:34:26 magic=0x00000000 status=131072 n=0 correct=0
10:34:36 magic=0x00000000 status=131072 n=0 correct=0
10:34:46 magic=0x00000000 status=131072 n=0 correct=0
10:34:56 magic=0x00000000 status=131072 n=0 correct=0
10:35:07 magic=0x00000000 status=16711680 n=0 correct=0
10:35:17 magic=0x00000000 status=131072 n=0 correct=0
10:35:28 magic=0x00000000 status=131072 n=0 correct=0
10:35:39 magic=0x00000000 status=131072 n=0 correct=0
10:35:53 magic=0x00000000 status=131072 n=0 correct=0
10:36:03 magic=0x00000000 status=16711680 n=0 correct=0
10:36:13 magic=0x00000000 status=131072 n=0 correct=0
10:36:26 magic=0x00000000 status=131072 n=0 correct=0
10:36:38 magic=0x00000000 status=131072 n=0 correct=16711680
10:36:50 magic=0x00000000 status=131072 n=0 correct=0
10:37:01 magic=0x00000000 status=131072 n=0 correct=0
10:37:11 magic=0x00000000 status=131072 n=0 correct=0
10:37:21 magic=0x00000000 status=16711680 n=16449536 correct=0
10:37:31 magic=0x00000000 status=16711680 n=0 correct=0
10:37:41 magic=0x00000000 status=131072 n=0 correct=0
10:37:51 magic=0x00000000 status=131072 n=0 correct=0
10:38:01 magic=0x00000000 status=131072 n=0 correct=0
10:38:11 magic=0x00000000 status=131072 n=0 correct=0
10:38:21 magic=0x00000000 status=131072 n=0 correct=0
10:38:33 magic=0x00000000 status=131072 n=0 correct=0
10:38:43 magic=0x00000000 status=16711680 n=0 correct=0
10:38:56 magic=0x00000000 status=131072 n=0 correct=0
10:39:06 magic=0x00000000 status=131072 n=0 correct=0
10:39:16 magic=0x00000000 status=131072 n=0 correct=0
10:39:26 magic=0x00000000 status=131072 n=0 correct=0
10:39:36 magic=0x00000000 status=16711680 n=0 correct=0
10:39:46 magic=0x00000000 status=131072 n=0 correct=0
10:39:56 magic=0x00000000 status=16711680 n=0 correct=0
10:40:07 magic=0x00000000 status=131072 n=0 correct=0
10:40:17 magic=0x00000000 status=131072 n=0 correct=0
10:40:28 magic=0x00000000 status=131072 n=0 correct=655360
10:40:39 magic=0x00000000 status=131072 n=0 correct=0
10:40:49 magic=0x00000000 status=131072 n=0 correct=0
10:41:00 magic=0x00000000 status=131072 n=0 correct=0
10:41:11 magic=0x00000000 status=131072 n=0 correct=0
10:41:21 magic=0x00000000 status=131072 n=0 correct=0
10:41:31 magic=0x00000000 status=131072 n=0 correct=0
10:41:41 magic=0x00000000 status=16711680 n=0 correct=16711680
10:41:52 magic=0x00000000 status=16711680 n=16711680 correct=0
10:42:02 magic=0x00000000 status=131072 n=0 correct=0
10:42:12 magic=0x00000000 status=131072 n=0 correct=0
10:42:22 magic=0x00000000 status=131072 n=0 correct=0
10:42:32 magic=0x00000000 status=16711680 n=16711680 correct=14286848
10:42:43 magic=0x00000000 status=131072 n=0 correct=0
10:42:57 magic=0x00000000 status=131072 n=0 correct=0
10:43:07 magic=0x00000000 status=131072 n=0 correct=0
10:43:17 magic=0x00000000 status=131072 n=0 correct=0
10:43:27 magic=0x00000000 status=131072 n=0 correct=0
10:43:41 magic=0x00000000 status=131072 n=0 correct=0
10:43:53 magic=0x00000000 status=131072 n=0 correct=0
10:44:03 magic=0x00000000 status=131072 n=0 correct=0
10:44:18 magic=0x00000000 status=131072 n=0 correct=0
10:44:28 magic=0x00000000 status=16711680 n=0 correct=0
10:44:39 magic=0x00000000 status=131072 n=0 correct=0
10:44:49 magic=0x00000000 status=131072 n=0 correct=0
10:44:59 magic=0x00000000 status=131072 n=0 correct=0
10:45:09 magic=0x00000000 status=131072 n=0 correct=0
10:45:19 magic=0x00000000 status=131072 n=0 correct=16711680
10:45:29 magic=0x00000000 status=16711680 n=0 correct=0
10:45:39 magic=0x00000000 status=131072 n=0 correct=0
10:45:49 magic=0x00000000 status=131072 n=0 correct=0
10:45:59 magic=0x00000000 status=131072 n=0 correct=0
10:46:12 magic=0x00000000 status=131072 n=0 correct=0
10:46:24 magic=0x00000000 status=131072 n=0 correct=0
10:46:34 magic=0x00000000 status=16711680 n=0 correct=0
10:46:47 magic=0x00000000 status=16711680 n=0 correct=16711680
10:46:57 magic=0x00000000 status=131072 n=0 correct=16711680
10:47:07 magic=0x00000000 status=131072 n=0 correct=3866624
10:47:18 magic=0x00000000 status=131072 n=0 correct=0
10:47:28 magic=0x00000000 status=131072 n=0 correct=0
10:47:38 magic=0x00000000 status=131072 n=0 correct=0
10:47:48 magic=0x00000000 status=131072 n=0 correct=0
10:47:59 magic=0x00000000 status=131072 n=0 correct=0
10:48:11 magic=0x00000000 status=131072 n=16711680 correct=3866624
10:48:22 magic=0x00000000 status=131072 n=0 correct=0
10:48:32 magic=0x00000000 status=16711680 n=0 correct=0
10:48:42 magic=0x00000000 status=16711680 n=0 correct=0
10:48:52 magic=0x00000000 status=131072 n=0 correct=0
10:49:03 magic=0x00000000 status=131072 n=0 correct=14286848
10:49:13 magic=0x00000000 status=16711680 n=0 correct=0
10:49:23 magic=0x00000000 status=16711680 n=16711680 correct=0
10:49:37 magic=0x00000000 status=131072 n=0 correct=0
10:49:47 magic=0x00000000 status=131072 n=0 correct=0
10:49:57 magic=0x00000000 status=131072 n=0 correct=0
10:50:07 magic=0x00000000 status=16711680 n=0 correct=0
10:50:17 magic=0x00000000 status=16711680 n=16711680 correct=0
10:50:27 magic=0x00000000 status=131072 n=0 correct=0
10:50:42 magic=0x00000000 status=131072 n=0 correct=14286848
10:50:52 magic=0x00000000 status=131072 n=0 correct=0
10:51:02 magic=0x00000000 status=131072 n=0 correct=16711680
10:51:12 magic=0x00000000 status=131072 n=0 correct=0
10:51:22 magic=0x00000000 status=16711680 n=0 correct=0
10:51:32 magic=0x00000000 status=131072 n=0 correct=16711680
10:51:42 magic=0x00000000 status=131072 n=0 correct=0
10:51:52 magic=0x00000000 status=131072 n=0 correct=0
10:52:02 magic=0x00000000 status=131072 n=0 correct=0
10:52:12 magic=0x00000000 status=131072 n=0 correct=0
10:52:23 magic=0x00000000 status=131072 n=0 correct=0
10:52:33 magic=0x00000000 status=131072 n=0 correct=0
10:52:43 magic=0x00000000 status=131072 n=0 correct=0
10:52:54 magic=0x00000000 status=131072 n=0 correct=0
10:53:04 magic=0x00000000 status=131072 n=0 correct=0
10:53:14 magic=0x00000000 status=131072 n=0 correct=0
10:53:24 magic=0x00000000 status=131072 n=0 correct=0
10:53:34 magic=0x00000000 status=131072 n=16711680 correct=3866624
10:53:44 magic=0x00000000 status=16711680 n=0 correct=0
10:53:54 magic=0x00000000 status=131072 n=0 correct=0
10:54:05 magic=0x00000000 status=131072 n=0 correct=0
10:54:15 magic=0x00000000 status=131072 n=0 correct=0
10:54:25 magic=0x00000000 status=16711680 n=0 correct=0
10:54:36 magic=0x00000000 status=16711680 n=0 correct=0
10:54:46 magic=0x00000000 status=16711680 n=0 correct=0
10:54:56 magic=0x00000000 status=131072 n=0 correct=0
10:55:07 magic=0x00000000 status=16711680 n=16711680 correct=0
10:55:17 magic=0x00000000 status=16711680 n=0 correct=0
10:55:28 magic=0x00000000 status=131072 n=0 correct=0
10:55:38 magic=0x00000000 status=16711680 n=0 correct=0
10:55:48 magic=0x00000000 status=131072 n=0 correct=0
10:55:58 magic=0x00000000 status=131072 n=16711680 correct=0
10:56:13 magic=0x00000000 status=16711680 n=0 correct=16711680
10:56:23 magic=0x00000000 status=16711680 n=0 correct=0
10:56:33 magic=0x00000000 status=16711680 n=0 correct=0
10:56:43 magic=0x00000000 status=131072 n=0 correct=5898240
10:56:53 magic=0x00000000 status=131072 n=0 correct=0
10:57:04 magic=0x00000000 status=131072 n=0 correct=0
10:57:15 magic=0x00000000 status=131072 n=0 correct=0
10:57:27 magic=0x00000000 status=16711680 n=0 correct=0
10:57:38 magic=0x00000000 status=131072 n=0 correct=16711680
10:57:48 magic=0x00000000 status=16711680 n=0 correct=0
10:57:58 magic=0x00000000 status=131072 n=0 correct=16711680
10:58:09 magic=0x00000000 status=131072 n=0 correct=16711680
10:58:20 magic=0x00000000 status=131072 n=0 correct=0
10:58:30 magic=0x00000000 status=131072 n=0 correct=0
10:58:40 magic=0x00000000 status=131072 n=0 correct=0
10:58:50 magic=0x00000000 status=131072 n=0 correct=0
10:59:00 magic=0x00000000 status=131072 n=0 correct=0
10:59:10 magic=0x00000000 status=131072 n=0 correct=0
10:59:25 magic=0x00000000 status=16711680 n=0 correct=0
==================================================
HDC Phase 3 EMG replay (sw/hdc_emg_board_test.c)
DDR readback @ 0x00100300
==================================================
EMG replay: N=0 correct=0 accuracy=0.00%
Board vs export: delta=0.00%  PASS (0.5% tol)
errors=131072
==================================================
Results saved: /home/bsp-lab/1024-HDC/results/protocol_v2/twist1_silicon/random_seed_7/board_emg_replay.txt
EMG replay: N=0 correct=0 accuracy=0.00%
Board vs export: delta=0.00%  PASS (0.5% tol)
Board vs export: delta=0.00%  PASS (0.5% tol)
SUCCESS: Phase 3 EMG replay complete (board within 0.5% of export ref).
Anchor C complete -> /home/bsp-lab/1024-HDC/results/protocol_v2/twist1_silicon/random_seed_7/board_emg_replay.txt
EMG replay: N=0 correct=0 accuracy=0.00%
Board vs export: delta=0.00%  PASS (0.5% tol)
Board vs export: delta=0.00%  PASS (0.5% tol)
Status: PASS
Wrote /home/bsp-lab/1024-HDC/results/protocol_v2/twist1_silicon/seed_summary.json — measured 8/10 seeds
EMG replay: N=0 correct=0 accuracy=0.00%
Board vs export: delta=0.00%  PASS (0.5% tol)
Board vs export: delta=0.00%  PASS (0.5% tol)
Status: PASS
########## SEED 7 END 2026-09-16T10:59:34+05:30 ##########

########## SEED 8 START 2026-09-16T10:59:34+05:30 ##########
=== Seed 8 (export ref x1000=69230) ===
  random_seed=8  keep_ratio=0.125  n_keep=128/1024
Patched /home/bsp-lab/1024-HDC/sw/golden_vectors.h
Patched /home/bsp-lab/1024-HDC/sw/emg_board_vectors.h
Patched /home/bsp-lab/1024-HDC/sw/emg_board_vectors_hdc2.h
Done anchor=C keep=0.125 mode=random mask_density=0.1250 export_ref=67.56%
Set EMG_EXPORT_REF_ACCURACY_X1000 = 69230
=== Waiting for Digilent USB cable ===
Digilent cable detected on /dev/ttyUSB0
=== Anchor C: keep_ratio=0.125 ===
Skipping mask patch for anchor C (HDC_ANCHOR_SKIP_PATCH=1)
Rebuilding Final_HDC_dma_emg.elf ...
   text	   data	    bss	    dec	    hex	filename
  49461	   1472	  61008	 111941	  1b545	/home/bsp-lab/1024-HDC/board/HDC_DMA/app/build/Final_HDC_dma_emg.elf
Running board EMG replay ...
=== HDC Phase 3 EMG replay (hdc_emg_board_test.c) ===
=== Waiting for Digilent USB cable ===
Digilent cable detected on /dev/ttyUSB0
=== Program + poll Phase 3 EMG replay ===
Programming HDC_DMA EMG replay with:
  bitstream: /home/bsp-lab/1024-HDC/board/HDC_DMA/app/_ide/bitstream/design_1_wrapper.bit
  app:       /home/bsp-lab/1024-HDC/board/HDC_DMA/app/build/Final_HDC_dma_emg.elf
  initial APU attempt 1/5 ...
  APU target available
=== JTAG targets ===
  1*
  APU
  2
  ARM
  Cortex-A9
  MPCore
  #0
  (Running)
  3
  ARM
  Cortex-A9
  MPCore
  #1
  (Suspended)
  4
  xc7z020

=== PS7 init before PL (releases PL from reset) ===
  pre-PL APU attempt 1/3 ...
  APU target available
  pre-PL PS7 attempt 1...
Pre-PL PS7 init OK

=== Programming PL bitstream ===
  PL attempt 1
PL programmed successfully via xsdb

=== PS7 init after PL ===
  post-PL APU attempt 1/5 ...
  APU target available
  post-PL PS7 attempt 1...
PS7 initialized
FSBL loaded
HDC_app loaded
Loading emg_board_vectors.bin to DDR 0x02000000 (chunk 65536B) ...
  chunk @ 0x020D0000 attempt 1/20: Invalid context
  1.0 / 8.5 MiB
  2.0 / 8.5 MiB
  chunk @ 0x02230000 attempt 1/20: Memory write error at 0x2231400. Cannot flush JTAG server queue. ftdi_read_data failed: usb bulk read failed
  3.0 / 8.5 MiB
  4.0 / 8.5 MiB
  5.0 / 8.5 MiB
  6.0 / 8.5 MiB
  7.0 / 8.5 MiB
  8.0 / 8.5 MiB
Vectors bin loaded (8883216 bytes)
Programming and run complete
CPU running EMG replay — polling @ 0x00100300 (max 7200s)...
11:01:05 poll error (1): 
11:01:10 poll error (2): 
11:01:15 poll error (3): 
11:01:21 poll error (4): 
11:01:26 poll error (5): 
11:01:32 poll error (6): 
11:01:40 poll error (7): 
11:01:48 poll error (8): 
11:01:55 poll error (9): 
11:02:00 poll error (10): 
11:02:07 poll error (11): 
11:02:12 poll error (12): 
11:02:18 poll error (13): 
11:02:24 poll error (14): 
11:02:29 poll error (15): 
11:02:35 poll error (16): 
11:02:44 poll error (17): 
11:02:49 poll error (18): 
11:02:54 poll error (19): 
11:03:03 poll error (20): 
11:03:08 poll error (21): 
11:03:13 poll error (22): 
11:03:21 poll error (23): 
11:03:28 poll error (24): 
11:03:34 poll error (25): 
11:03:39 poll error (26): 
11:03:45 poll error (27): 
11:03:50 poll error (28): 
11:03:55 poll error (29): 
11:04:01 poll error (30): 
11:04:06 poll error (31): 
11:04:12 poll error (32): 
11:04:17 poll error (33): 
11:04:23 poll error (34): 
11:04:28 poll error (35): 
11:04:35 poll error (36): 
11:04:42 poll error (37): 
11:04:50 poll error (38): 
11:04:55 poll error (39): 
11:05:01 poll error (40): 
11:05:06 poll error (41): 
11:05:15 poll error (42): 
11:05:21 poll error (43): 
11:05:26 poll error (44): 
11:05:33 poll error (45): 
11:05:41 poll error (46): 
11:05:46 poll error (47): 
11:05:51 poll error (48): 
11:05:57 poll error (49): 
11:06:02 poll error (50): 
11:06:07 poll error (51): 
11:06:14 poll error (52): 
11:06:19 poll error (53): 
11:06:24 poll error (54): 
11:06:30 poll error (55): 
11:06:35 poll error (56): 
11:06:41 poll error (57): 
11:06:47 poll error (58): 
11:06:58 poll error (59): 
11:07:03 poll error (60): 
11:07:14 poll error (61): 
11:07:21 poll error (62): 
11:07:28 poll error (63): 
11:07:35 poll error (64): 
11:07:40 poll error (65): 
11:07:46 poll error (66): 
11:07:54 poll error (67): 
11:08:00 poll error (68): 
11:08:12 poll error (69): 
11:08:18 poll error (70): 
11:08:23 poll error (71): 
11:08:28 poll error (72): 
11:08:35 poll error (73): 
11:08:45 poll error (74): 
11:08:51 poll error (75): 
11:08:57 poll error (76): 
11:09:03 poll error (77): 
11:09:09 poll error (78): 
11:09:14 poll error (79): 
11:09:19 poll error (80): 
11:09:25 poll error (81): 
11:09:31 poll error (82): 
11:09:36 poll error (83): 
11:09:43 poll error (84): 
11:09:49 poll error (85): 
11:09:54 poll error (86): 
11:09:59 poll error (87): 
11:10:05 poll error (88): 
11:10:10 poll error (89): 
11:10:15 poll error (90): 
11:10:21 poll error (91): 
11:10:26 poll error (92): 
11:10:32 poll error (93): 
11:10:38 poll error (94): 
11:10:44 poll error (95): 
11:10:49 poll error (96): 
11:10:55 poll error (97): 
11:11:00 poll error (98): 
11:11:05 poll error (99): 
11:11:12 poll error (100): 
11:11:18 poll error (101): 
11:11:23 poll error (102): 
11:11:28 poll error (103): 
11:11:34 poll error (104): 
11:11:39 poll error (105): 
11:11:44 poll error (106): 
11:11:50 poll error (107): 
11:11:55 poll error (108): 
11:12:00 poll error (109): 
11:12:06 poll error (110): 
11:12:12 poll error (111): 
11:12:19 poll error (112): 
11:12:25 poll error (113): 
11:12:31 poll error (114): 
11:12:36 poll error (115): 
11:12:42 poll error (116): 
11:12:47 poll error (117): 
11:12:53 poll error (118): 
11:12:59 poll error (119): 
11:13:04 poll error (120): 
11:13:10 poll error (121): 
11:13:15 poll error (122): 
11:13:21 poll error (123): 
11:13:27 poll error (124): 
11:13:32 poll error (125): 
11:13:38 poll error (126): 
11:13:43 poll error (127): 
11:13:49 poll error (128): 
11:13:55 poll error (129): 
11:14:04 poll error (130): 
11:14:09 poll error (131): 
11:14:15 poll error (132): 
11:14:22 poll error (133): 
11:14:27 poll error (134): 
11:14:32 poll error (135): 
11:14:37 poll error (136): 
11:14:43 poll error (137): 
11:14:48 poll error (138): 
11:14:53 poll error (139): 
11:14:59 poll error (140): 
11:15:04 poll error (141): 
11:15:13 poll error (142): 
11:15:19 poll error (143): 
11:15:26 poll error (144): 
11:15:31 poll error (145): 
11:15:38 poll error (146): 
11:15:43 poll error (147): 
11:15:54 poll error (148): 
11:16:00 poll error (149): 
11:16:05 poll error (150): 
11:16:10 poll error (151): 
11:16:16 poll error (152): 
11:16:22 poll error (153): 
11:16:27 poll error (154): 
11:16:43 poll error (155): 
11:16:51 poll error (156): 
11:16:56 poll error (157): 
11:17:07 poll error (158): 
11:17:12 poll error (159): 
11:17:17 poll error (160): 
11:17:23 poll error (161): 
11:17:31 poll error (162): 
11:17:36 poll error (163): 
11:17:44 poll error (164): 
11:17:49 poll error (165): 
11:17:54 poll error (166): 
11:18:00 poll error (167): 
11:18:05 poll error (168): 
11:18:11 poll error (169): 
11:18:17 poll error (170): 
11:18:22 poll error (171): 
11:18:32 poll error (172): 
11:18:37 poll error (173): 
11:18:43 poll error (174): 
11:18:48 poll error (175): 
11:18:53 poll error (176): 
11:18:59 poll error (177): 
11:19:04 poll error (178): 
11:19:09 poll error (179): 
11:19:19 poll error (180): 
11:19:24 poll error (181): 
11:19:29 poll error (182): 
11:19:35 poll error (183): 
11:19:42 poll error (184): 
11:19:53 poll error (185): 
11:20:00 poll error (186): 
11:20:06 poll error (187): 
11:20:11 poll error (188): 
11:20:18 poll error (189): 
11:20:23 poll error (190): 
11:20:34 poll error (191): 
11:20:40 poll error (192): 
11:20:47 poll error (193): 
11:20:52 poll error (194): 
11:20:57 poll error (195): 
11:21:04 poll error (196): 
11:21:14 poll error (197): 
11:21:19 poll error (198): 
11:21:25 poll error (199): 
11:21:30 poll error (200): 
11:21:35 poll error (201): 
11:21:41 poll error (202): 
11:21:47 poll error (203): 
11:21:52 poll error (204): 
11:21:57 poll error (205): 
11:22:03 poll error (206): 
11:22:08 poll error (207): 
11:22:14 poll error (208): 
11:22:20 poll error (209): 
11:22:26 poll error (210): 
11:22:31 poll error (211): 
11:22:38 poll error (212): 
11:22:44 poll error (213): 
11:22:51 poll error (214): 
11:22:57 poll error (215): 
11:23:02 poll error (216): 
11:23:09 poll error (217): 
11:23:22 poll error (218): 
11:23:27 poll error (219): 
11:23:32 poll error (220): 
11:23:40 poll error (221): 
11:23:46 poll error (222): 
11:23:54 poll error (223): 
11:24:02 poll error (224): 
11:24:10 poll error (225): 
11:24:15 poll error (226): 
11:24:20 poll error (227): 
11:24:26 poll error (228): 
11:24:31 poll error (229): 
11:24:36 poll error (230): 
11:24:41 poll error (231): 
11:24:47 poll error (232): 
11:24:52 poll error (233): 
11:24:57 poll error (234): 
11:25:03 poll error (235): 
11:25:08 poll error (236): 
11:25:13 poll error (237): 
11:25:19 poll error (238): 
11:25:27 poll error (239): 
11:25:34 poll error (240): 
11:25:40 poll error (241): 
11:25:45 poll error (242): 
11:25:52 poll error (243): 
11:26:00 poll error (244): 
11:26:06 poll error (245): 
11:26:11 poll error (246): 
11:26:16 poll error (247): 
11:26:21 poll error (248): 
11:26:28 poll error (249): 
11:26:33 poll error (250): 
11:26:39 poll error (251): 
11:26:45 poll error (252): 
11:26:50 poll error (253): 
11:26:55 poll error (254): 
11:27:01 poll error (255): 
11:27:09 poll error (256): 
11:27:14 poll error (257): 
11:27:23 poll error (258): 
11:27:28 poll error (259): 
11:27:33 poll error (260): 
11:27:38 poll error (261): 
11:27:44 poll error (262): 
11:27:49 poll error (263): 
11:27:55 poll error (264): 
11:28:01 poll error (265): 
11:28:06 poll error (266): 
11:28:11 poll error (267): 
11:28:18 poll error (268): 
11:28:23 poll error (269): 
11:28:33 poll error (270): 
11:28:40 poll error (271): 
11:28:45 poll error (272): 
11:28:54 poll error (273): 
11:29:00 poll error (274): 
11:29:08 poll error (275): 
11:29:13 poll error (276): 
11:29:20 poll error (277): 
11:29:28 poll error (278): 
11:29:34 poll error (279): 
11:29:42 poll error (280): 
11:29:48 poll error (281): 
11:29:55 poll error (282): 
11:30:08 poll error (283): 
11:30:15 poll error (284): 
11:30:21 poll error (285): 
11:30:26 poll error (286): 
11:30:33 poll error (287): 
11:30:38 poll error (288): 
11:30:45 poll error (289): 
11:30:53 poll error (290): 
11:30:59 poll error (291): 
11:31:05 poll error (292): 
11:31:10 poll error (293): 
11:31:18 poll error (294): 
11:31:25 poll error (295): 
11:31:33 poll error (296): 
11:31:39 poll error (297): 
11:31:46 poll error (298): 
11:31:51 poll error (299): 
11:31:57 poll error (300): 
11:32:03 poll error (301): 
11:32:08 poll error (302): 
11:32:15 poll error (303): 
11:32:21 poll error (304): 
11:32:31 poll error (305): 
11:32:37 poll error (306): 
11:32:44 poll error (307): 
11:32:51 poll error (308): 
11:32:56 poll error (309): 
11:33:04 poll error (310): 
11:33:09 poll error (311): 
11:33:14 poll error (312): 
11:33:20 poll error (313): 
11:33:25 poll error (314): 
11:33:33 poll error (315): 
11:33:38 poll error (316): 
11:33:45 poll error (317): 
11:33:56 poll error (318): 
11:34:01 poll error (319): 
11:34:07 poll error (320): 
11:34:12 poll error (321): 
11:34:17 poll error (322): 
11:34:23 poll error (323): 
11:34:29 poll error (324): 
11:34:34 poll error (325): 
11:34:40 poll error (326): 
11:34:45 poll error (327): 
11:34:50 poll error (328): 
11:34:56 poll error (329): 
11:35:02 poll error (330): 
11:35:07 poll error (331): 
11:35:13 poll error (332): 
11:35:22 poll error (333): 
11:35:27 poll error (334): 
11:35:32 poll error (335): 
11:35:38 poll error (336): 
11:35:43 poll error (337): 
11:35:48 poll error (338): 
11:35:56 poll error (339): 
11:36:01 poll error (340): 
11:36:06 poll error (341): 
11:36:14 poll error (342): 
11:36:19 poll error (343): 
11:36:25 poll error (344): 
11:36:31 poll error (345): 
11:36:37 poll error (346): 
11:36:43 poll error (347): 
11:36:48 poll error (348): 
11:36:55 poll error (349): 
11:37:09 poll error (350): 
11:37:14 poll error (351): 
11:37:20 poll error (352): 
11:37:27 poll error (353): 
11:37:33 poll error (354): 
11:37:39 poll error (355): 
11:37:45 poll error (356): 
11:37:53 poll error (357): 
11:37:59 poll error (358): 
11:38:07 poll error (359): 
11:38:13 poll error (360): 
11:38:19 poll error (361): 
11:38:24 poll error (362): 
11:38:30 poll error (363): 
11:38:37 poll error (364): 
11:38:43 poll error (365): 
11:38:51 poll error (366): 
11:38:57 poll error (367): 
11:39:03 poll error (368): 
11:39:09 poll error (369): 
11:39:14 poll error (370): 
11:39:19 poll error (371): 
11:39:25 poll error (372): 
11:39:30 poll error (373): 
11:39:35 poll error (374): 
11:39:42 poll error (375): 
11:39:49 poll error (376): 
11:39:54 poll error (377): 
11:40:00 poll error (378): 
11:40:08 poll error (379): 
11:40:13 poll error (380): 
11:40:20 poll error (381): 
11:40:26 poll error (382): 
11:40:31 poll error (383): 
11:40:36 poll error (384): 
11:40:45 poll error (385): 
11:40:51 poll error (386): 
11:40:57 poll error (387): 
11:41:02 poll error (388): 
11:41:09 poll error (389): 
11:41:16 poll error (390): 
11:41:22 poll error (391): 
11:41:28 poll error (392): 
11:41:34 poll error (393): 
11:41:39 poll error (394): 
11:41:47 poll error (395): 
11:41:55 poll error (396): 
11:42:00 poll error (397): 
11:42:06 poll error (398): 
11:42:12 poll error (399): 
11:42:17 poll error (400): 
11:42:22 poll error (401): 
11:42:30 poll error (402): 
11:42:40 poll error (403): 
11:42:46 poll error (404): 
11:42:51 poll error (405): 
11:42:56 poll error (406): 
11:43:02 poll error (407): 
11:43:12 poll error (408): 
11:43:17 poll error (409): 
11:43:24 poll error (410): 
11:43:35 poll error (411): 
11:43:44 poll error (412): 
11:43:50 poll error (413): 
11:43:55 poll error (414): 
11:44:01 poll error (415): 
11:44:08 poll error (416): 
11:44:13 poll error (417): 
11:44:19 poll error (418): 
11:44:24 poll error (419): 
11:44:29 poll error (420): 
11:44:35 poll error (421): 
11:44:40 poll error (422): 
11:44:45 poll error (423): 
11:44:55 poll error (424): 
11:45:02 poll error (425): 
11:45:08 poll error (426): 
11:45:14 poll error (427): 
11:45:20 poll error (428): 
11:45:25 poll error (429): 
11:45:30 poll error (430): 
11:45:37 poll error (431): 
11:45:42 poll error (432): 
11:45:54 poll error (433): 
11:45:59 poll error (434): 
11:46:05 poll error (435): 
11:46:10 poll error (436): 
11:46:15 poll error (437): 
11:46:21 poll error (438): 
11:46:29 poll error (439): 
11:46:34 poll error (440): 
11:46:42 poll error (441): 
11:46:47 poll error (442): 
11:46:54 poll error (443): 
11:47:09 poll error (444): 
11:47:14 poll error (445): 
11:47:19 poll error (446): 
11:47:26 poll error (447): 
11:47:36 poll error (448): 
11:47:41 poll error (449): 
11:47:48 poll error (450): 
11:47:54 poll error (451): 
11:48:06 poll error (452): 
11:48:12 poll error (453): 
11:48:17 poll error (454): 
11:48:23 poll error (455): 
11:48:29 poll error (456): 
11:48:39 poll error (457): 
11:48:46 poll error (458): 
11:48:53 poll error (459): 
11:48:58 poll error (460): 
11:49:09 poll error (461): 
11:49:14 poll error (462): 
11:49:19 poll error (463): 
11:49:25 poll error (464): 
11:49:30 poll error (465): 
11:49:35 poll error (466): 
11:49:41 poll error (467): 
11:49:46 poll error (468): 
11:49:51 poll error (469): 
11:49:57 poll error (470): 
11:50:02 poll error (471): 
11:50:07 poll error (472): 
11:50:15 poll error (473): 
11:50:20 poll error (474): 
11:50:26 poll error (475): 
11:50:38 poll error (476): 
11:50:45 poll error (477): 
11:50:51 poll error (478): 
11:50:57 poll error (479): 
11:51:02 poll error (480): 
11:51:07 poll error (481): 
11:51:13 poll error (482): 
11:51:18 poll error (483): 
11:51:23 poll error (484): 
11:51:29 poll error (485): 
11:51:38 poll error (486): 
11:51:43 poll error (487): 
11:51:49 poll error (488): 
11:51:54 poll error (489): 
11:51:59 poll error (490): 
11:52:05 poll error (491): 
11:52:10 poll error (492): 
11:52:20 poll error (493): 
11:52:28 poll error (494): 
11:52:33 poll error (495): 
11:52:38 poll error (496): 
11:52:47 poll error (497): 
11:53:00 poll error (498): 
11:53:06 poll error (499): 
11:53:15 poll error (500): 
11:53:20 poll error (501): 
11:53:25 poll error (502): 
11:53:31 poll error (503): 
11:53:39 poll error (504): 
11:53:44 poll error (505): 
11:53:50 poll error (506): 
11:53:55 poll error (507): 
11:54:03 poll error (508): 
11:54:08 poll error (509): 
11:54:17 poll error (510): 
11:54:22 poll error (511): 
11:54:28 poll error (512): 
11:54:35 poll error (513): 
11:54:40 poll error (514): 
11:54:45 poll error (515): 
11:54:51 poll error (516): 
11:55:01 poll error (517): 
11:55:06 poll error (518): 
11:55:13 poll error (519): 
11:55:18 poll error (520): 
11:55:24 poll error (521): 
11:55:31 poll error (522): 
11:55:39 poll error (523): 
11:55:45 poll error (524): 
11:55:50 poll error (525): 
11:55:56 poll error (526): 
11:56:01 poll error (527): 
11:56:06 poll error (528): 
11:56:12 poll error (529): 
11:56:18 poll error (530): 
11:56:25 poll error (531): 
11:56:31 poll error (532): 
11:56:36 poll error (533): 
11:56:42 poll error (534): 
11:56:49 poll error (535): 
11:57:00 poll error (536): 
11:57:05 poll error (537): 
11:57:11 poll error (538): 
11:57:19 poll error (539): 
11:57:25 poll error (540): 
11:57:30 poll error (541): 
11:57:35 poll error (542): 
11:57:47 poll error (543): 
11:57:52 poll error (544): 
11:57:57 poll error (545): 
11:58:06 poll error (546): 
11:58:18 poll error (547): 
11:58:25 poll error (548): 
11:58:32 poll error (549): 
11:58:37 poll error (550): 
11:58:42 poll error (551): 
11:58:47 poll error (552): 
11:58:53 poll error (553): 
11:58:58 poll error (554): 
11:59:03 poll error (555): 
11:59:15 poll error (556): 
11:59:20 poll error (557): 
11:59:27 poll error (558): 
11:59:33 poll error (559): 
11:59:38 poll error (560): 
11:59:43 poll error (561): 
11:59:49 poll error (562): 
11:59:54 poll error (563): 
11:59:59 poll error (564): 
12:00:05 poll error (565): 
12:00:10 poll error (566): 
12:00:15 poll error (567): 
12:00:22 poll error (568): 
12:00:30 poll error (569): 
12:00:35 poll error (570): 
12:00:40 poll error (571): 
12:00:46 poll error (572): 
12:00:51 poll error (573): 
12:00:56 poll error (574): 
12:01:02 poll error (575): 
12:01:07 poll error (576): 
12:01:14 poll error (577): 
12:01:20 poll error (578): 
12:01:25 poll error (579): 
12:01:30 poll error (580): 
12:01:35 poll error (581): 
12:01:41 poll error (582): 
12:01:47 poll error (583): 
12:01:53 poll error (584): 
12:02:00 poll error (585): 
12:02:05 poll error (586): 
12:02:10 poll error (587): 
12:02:15 poll error (588): 
12:02:21 poll error (589): 
12:02:27 poll error (590): 
12:02:34 poll error (591): 
12:02:40 poll error (592): 
12:02:45 poll error (593): 
12:02:51 poll error (594): 
12:02:57 poll error (595): 
12:03:02 poll error (596): 
12:03:07 poll error (597): 
12:03:13 poll error (598): 
12:03:20 poll error (599): 
12:03:26 poll error (600): 
12:03:32 poll error (601): 
12:03:41 poll error (602): 
12:03:46 poll error (603): 
12:03:52 poll error (604): 
12:03:58 poll error (605): 
12:04:03 poll error (606): 
12:04:08 poll error (607): 
12:04:19 poll error (608): 
12:04:24 poll error (609): 
12:04:29 poll error (610): 
12:04:35 poll error (611): 
12:04:40 poll error (612): 
12:04:47 poll error (613): 
12:04:52 poll error (614): 
12:04:58 poll error (615): 
12:05:04 poll error (616): 
12:05:10 poll error (617): 
12:05:16 poll error (618): 
12:05:21 poll error (619): 
12:05:26 poll error (620): 
12:05:35 poll error (621): 
12:05:40 poll error (622): 
12:05:45 poll error (623): 
12:05:51 poll error (624): 
12:05:56 poll error (625): 
12:06:01 poll error (626): 
12:06:09 poll error (627): 
12:06:15 poll error (628): 
12:06:24 poll error (629): 
12:06:29 poll error (630): 
12:06:37 poll error (631): 
12:06:43 poll error (632): 
12:06:48 poll error (633): 
12:06:54 poll error (634): 
12:06:59 poll error (635): 
12:07:05 poll error (636): 
12:07:13 poll error (637): 
12:07:19 poll error (638): 
12:07:24 poll error (639): 
12:07:29 poll error (640): 
12:07:35 poll error (641): 
12:07:43 poll error (642): 
12:07:48 poll error (643): 
12:07:56 poll error (644): 
12:08:04 poll error (645): 
12:08:09 poll error (646): 
12:08:16 poll error (647): 
12:08:21 poll error (648): 
12:08:26 poll error (649): 
12:08:35 poll error (650): 
12:08:40 poll error (651): 
12:08:45 poll error (652): 
12:08:51 poll error (653): 
12:08:56 poll error (654): 
12:09:04 poll error (655): 
12:09:11 poll error (656): 
12:09:18 poll error (657): 
12:09:26 poll error (658): 
12:09:31 poll error (659): 
12:09:37 poll error (660): 
12:09:43 poll error (661): 
12:09:48 poll error (662): 
12:09:55 poll error (663): 
12:10:03 poll error (664): 
12:10:08 poll error (665): 
12:10:14 poll error (666): 
12:10:20 poll error (667): 
12:10:25 poll error (668): 
12:10:30 poll error (669): 
12:10:37 poll error (670): 
12:10:42 poll error (671): 
12:10:50 poll error (672): 
12:10:58 poll error (673): 
12:11:03 poll error (674): 
12:11:08 poll error (675): 
12:11:13 poll error (676): 
12:11:21 poll error (677): 
12:11:28 poll error (678): 
12:11:33 poll error (679): 
12:11:39 poll error (680): 
12:11:47 poll error (681): 
12:11:52 poll error (682): 
12:11:58 poll error (683): 
12:12:03 poll error (684): 
12:12:15 poll error (685): 
12:12:24 poll error (686): 
12:12:30 poll error (687): 
12:12:35 poll error (688): 
12:12:41 poll error (689): 
12:12:49 poll error (690): 
12:12:54 poll error (691): 
12:12:59 poll error (692): 
12:13:07 poll error (693): 
12:13:13 poll error (694): 
12:13:18 poll error (695): 
12:13:25 poll error (696): 
12:13:30 poll error (697): 
12:13:35 poll error (698): 
12:13:41 poll error (699): 
12:13:46 poll error (700): 
12:13:51 poll error (701): 
12:13:57 poll error (702): 
12:14:02 poll error (703): 
12:14:08 poll error (704): 
12:14:13 poll error (705): 
12:14:30 poll error (706): 
12:14:38 poll error (707): 
12:14:43 poll error (708): 
12:14:48 poll error (709): 
12:14:54 poll error (710): 
12:14:59 poll error (711): 
12:15:05 poll error (712): 
12:15:11 poll error (713): 
12:15:16 poll error (714): 
12:15:24 poll error (715): 
12:15:30 poll error (716): 
12:15:35 poll error (717): 
12:15:40 poll error (718): 
12:15:45 poll error (719): 
12:15:52 poll error (720): 
12:15:57 poll error (721): 
12:16:02 poll error (722): 
12:16:08 poll error (723): 
12:16:17 poll error (724): 
12:16:23 poll error (725): 
12:16:31 poll error (726): 
12:16:36 poll error (727): 
12:16:41 poll error (728): 
12:16:47 poll error (729): 
12:16:54 poll error (730): 
12:16:59 poll error (731): 
12:17:05 poll error (732): 
12:17:12 poll error (733): 
12:17:17 poll error (734): 
12:17:23 poll error (735): 
12:17:29 poll error (736): 
12:17:34 poll error (737): 
12:17:39 poll error (738): 
12:17:45 poll error (739): 
12:17:50 poll error (740): 
12:17:55 poll error (741): 
12:18:04 poll error (742): 
12:18:10 poll error (743): 
12:18:15 poll error (744): 
12:18:22 poll error (745): 
12:18:28 poll error (746): 
12:18:33 poll error (747): 
12:18:41 poll error (748): 
12:18:47 poll error (749): 
12:18:52 poll error (750): 
12:18:57 poll error (751): 
12:19:02 poll error (752): 
12:19:09 poll error (753): 
12:19:15 poll error (754): 
12:19:21 poll error (755): 
12:19:29 poll error (756): 
12:19:35 poll error (757): 
12:19:40 poll error (758): 
12:19:45 poll error (759): 
12:19:51 poll error (760): 
12:19:57 poll error (761): 
12:20:03 poll error (762): 
12:20:12 poll error (763): 
12:20:18 poll error (764): 
12:20:23 poll error (765): 
12:20:29 poll error (766): 
12:20:34 poll error (767): 
12:20:39 poll error (768): 
12:20:44 poll error (769): 
12:20:53 poll error (770): 
12:20:58 poll error (771): 
12:21:03 poll error (772): 
12:21:09 poll error (773): 
12:21:15 poll error (774): 
12:21:20 poll error (775): 
12:21:26 poll error (776): 
12:21:31 poll error (777): 
12:21:36 poll error (778): 
12:21:44 poll error (779): 
12:21:50 poll error (780): 
12:21:55 poll error (781): 
12:22:00 poll error (782): 
12:22:06 poll error (783): 
12:22:12 poll error (784): 
12:22:17 poll error (785): 
12:22:23 poll error (786): 
12:22:28 poll error (787): 
12:22:33 poll error (788): 
12:22:39 poll error (789): 
12:22:44 poll error (790): 
12:22:49 poll error (791): 
12:22:54 poll error (792): 
12:23:00 poll error (793): 
12:23:05 poll error (794): 
12:23:16 poll error (795): 
12:23:24 poll error (796): 
12:23:29 poll error (797): 
12:23:34 poll error (798): 
12:23:42 poll error (799): 
12:23:48 poll error (800): 
12:23:53 poll error (801): 
12:23:59 poll error (802): 
12:24:04 poll error (803): 
12:24:09 poll error (804): 
12:24:17 poll error (805): 
12:24:22 poll error (806): 
12:24:30 poll error (807): 
12:24:36 poll error (808): 
12:24:41 poll error (809): 
12:24:49 poll error (810): 
12:24:55 poll error (811): 
12:25:01 poll error (812): 
12:25:07 poll error (813): 
12:25:13 poll error (814): 
12:25:19 poll error (815): 
12:25:26 poll error (816): 
12:25:31 poll error (817): 
12:25:39 poll error (818): 
12:25:45 poll error (819): 
12:25:54 poll error (820): 
12:26:01 poll error (821): 
12:26:07 poll error (822): 
12:26:13 poll error (823): 
12:26:18 poll error (824): 
12:26:25 poll error (825): 
12:26:30 poll error (826): 
12:26:35 poll error (827): 
12:26:41 poll error (828): 
12:26:46 poll error (829): 
12:26:51 poll error (830): 
12:26:57 poll error (831): 
12:27:02 poll error (832): 
12:27:07 poll error (833): 
12:27:14 poll error (834): 
12:27:21 poll error (835): 
12:27:26 poll error (836): 
12:27:31 poll error (837): 
12:27:37 poll error (838): 
12:27:43 poll error (839): 
12:27:49 poll error (840): 
12:27:54 poll error (841): 
12:28:02 poll error (842): 
12:28:07 poll error (843): 
12:28:12 poll error (844): 
12:28:18 poll error (845): 
12:28:23 poll error (846): 
12:28:28 poll error (847): 
12:28:45 poll error (848): 
12:28:50 poll error (849): 
12:28:56 poll error (850): 
12:29:01 poll error (851): 
12:29:06 poll error (852): 
12:29:12 poll error (853): 
12:29:19 poll error (854): 
12:29:28 poll error (855): 
12:29:36 poll error (856): 
12:29:42 poll error (857): 
12:29:48 poll error (858): 
12:29:54 poll error (859): 
12:29:59 poll error (860): 
12:30:04 poll error (861): 
12:30:13 poll error (862): 
12:30:18 poll error (863): 
12:30:23 poll error (864): 
12:30:28 poll error (865): 
12:30:34 poll error (866): 
12:30:40 poll error (867): 
12:30:46 poll error (868): 
12:30:53 poll error (869): 
12:30:58 poll error (870): 
12:31:03 poll error (871): 
12:31:08 poll error (872): 
12:31:14 poll error (873): 
12:31:24 poll error (874): 
12:31:30 poll error (875): 
12:31:35 poll error (876): 
12:31:42 poll error (877): 
12:31:48 poll error (878): 
12:31:53 poll error (879): 
12:32:01 poll error (880): 
12:32:06 poll error (881): 
12:32:15 poll error (882): 
12:32:20 poll error (883): 
12:32:25 poll error (884): 
12:32:34 poll error (885): 
12:32:39 poll error (886): 
12:32:45 poll error (887): 
12:32:51 poll error (888): 
12:32:56 poll error (889): 
12:33:01 poll error (890): 
12:33:14 poll error (891): 
12:33:19 poll error (892): 
12:33:25 poll error (893): 
12:33:32 poll error (894): 
12:33:37 poll error (895): 
12:33:43 poll error (896): 
12:33:49 poll error (897): 
12:33:54 poll error (898): 
12:33:59 poll error (899): 
12:34:05 poll error (900): 
12:34:20 poll error (901): 
12:34:25 poll error (902): 
12:34:31 poll error (903): 
12:34:36 poll error (904): 
12:34:41 poll error (905): 
12:34:47 poll error (906): 
12:34:56 poll error (907): 
12:35:01 poll error (908): 
12:35:06 poll error (909): 
12:35:12 poll error (910): 
12:35:17 poll error (911): 
12:35:22 poll error (912): 
12:35:30 poll error (913): 
12:35:35 poll error (914): 
12:35:41 poll error (915): 
12:35:47 poll error (916): 
12:35:54 poll error (917): 
12:35:59 poll error (918): 
12:36:10 poll error (919): 
12:36:16 poll error (920): 
12:36:24 poll error (921): 
12:36:29 poll error (922): 
12:36:35 poll error (923): 
12:36:41 poll error (924): 
12:36:46 poll error (925): 
12:36:52 poll error (926): 
12:36:57 poll error (927): 
12:37:02 poll error (928): 
12:37:07 poll error (929): 
12:37:13 poll error (930): 
12:37:18 poll error (931): 
12:37:23 poll error (932): 
12:37:32 poll error (933): 
12:37:39 poll error (934): 
12:37:46 poll error (935): 
12:37:55 poll error (936): 
12:38:00 poll error (937): 
12:38:12 poll error (938): 
12:38:18 poll error (939): 
12:38:24 poll error (940): 
12:38:29 poll error (941): 
12:38:35 poll error (942): 
12:38:41 poll error (943): 
12:38:46 poll error (944): 
12:38:52 poll error (945): 
12:39:00 poll error (946): 
12:39:05 poll error (947): 
12:39:16 poll error (948): 
12:39:21 poll error (949): 
12:39:28 poll error (950): 
12:39:34 poll error (951): 
12:39:40 poll error (952): 
12:39:45 poll error (953): 
12:39:53 poll error (954): 
12:39:58 poll error (955): 
12:40:03 poll error (956): 
12:40:09 poll error (957): 
12:40:15 poll error (958): 
12:40:21 poll error (959): 
12:40:27 poll error (960): 
12:40:34 poll error (961): 
12:40:42 poll error (962): 
12:40:47 poll error (963): 
12:41:00 poll error (964): 
12:41:06 poll error (965): 
12:41:16 poll error (966): 
12:41:22 poll error (967): 
12:41:29 poll error (968): 
12:41:35 poll error (969): 
12:41:41 poll error (970): 
12:41:47 poll error (971): 
12:41:52 poll error (972): 
12:41:57 poll error (973): 
12:42:03 poll error (974): 
12:42:08 poll error (975): 
12:42:13 poll error (976): 
12:42:22 poll error (977): 
12:42:27 poll error (978): 
12:42:32 poll error (979): 
12:42:40 poll error (980): 
12:42:45 poll error (981): 
12:42:50 poll error (982): 
12:42:56 poll error (983): 
12:43:02 poll error (984): 
12:43:07 poll error (985): 
12:43:14 poll error (986): 
12:43:20 poll error (987): 
12:43:25 poll error (988): 
12:43:31 poll error (989): 
12:43:42 poll error (990): 
12:43:47 poll error (991): 
12:43:53 poll error (992): 
12:44:00 poll error (993): 
12:44:05 poll error (994): 
12:44:11 poll error (995): 
12:44:17 poll error (996): 
12:44:22 poll error (997): 
12:44:30 poll error (998): 
12:44:35 poll error (999): 
12:44:41 poll error (1000): 
12:44:46 poll error (1001): 
12:44:54 poll error (1002): 
12:45:00 poll error (1003): 
12:45:10 poll error (1004): 
12:45:16 poll error (1005): 
12:45:23 poll error (1006): 
12:45:29 poll error (1007): 
12:45:37 poll error (1008): 
12:45:43 poll error (1009): 
12:45:48 poll error (1010): 
12:45:53 poll error (1011): 
12:45:59 poll error (1012): 
12:46:07 poll error (1013): 
12:46:13 poll error (1014): 
12:46:21 poll error (1015): 
12:46:28 poll error (1016): 
12:46:34 poll error (1017): 
12:46:42 poll error (1018): 
12:46:54 poll error (1019): 
12:47:01 poll error (1020): 
12:47:10 poll error (1021): 
12:47:16 poll error (1022): 
12:47:22 poll error (1023): 
12:47:28 poll error (1024): 
12:47:34 poll error (1025): 
12:47:46 poll error (1026): 
12:47:54 poll error (1027): 
12:48:00 poll error (1028): 
12:48:05 poll error (1029): 
12:48:11 poll error (1030): 
12:48:16 poll error (1031): 
12:48:27 poll error (1032): 
12:48:32 poll error (1033): 
12:48:38 poll error (1034): 
12:48:46 poll error (1035): 
12:48:51 poll error (1036): 
12:48:57 poll error (1037): 
12:49:02 poll error (1038): 
12:49:07 poll error (1039): 
12:49:13 poll error (1040): 
12:49:20 poll error (1041): 
12:49:26 poll error (1042): 
12:49:31 poll error (1043): 
12:49:37 poll error (1044): 
12:49:43 poll error (1045): 
12:49:53 poll error (1046): 
12:49:58 poll error (1047): 
12:50:05 poll error (1048): 
12:50:10 poll error (1049): 
12:50:15 poll error (1050): 
12:50:21 poll error (1051): 
12:50:26 poll error (1052): 
12:50:34 poll error (1053): 
12:50:42 poll error (1054): 
12:50:48 poll error (1055): 
12:50:54 poll error (1056): 
12:50:59 poll error (1057): 
12:51:09 poll error (1058): 
12:51:21 poll error (1059): 
12:51:27 poll error (1060): 
12:51:33 poll error (1061): 
12:51:38 poll error (1062): 
12:51:43 poll error (1063): 
12:51:49 poll error (1064): 
12:51:55 poll error (1065): 
12:52:00 poll error (1066): 
12:52:06 poll error (1067): 
12:52:11 poll error (1068): 
12:52:16 poll error (1069): 
12:52:23 poll error (1070): 
12:52:28 poll error (1071): 
12:52:34 poll error (1072): 
12:52:39 poll error (1073): 
12:52:47 poll error (1074): 
12:52:52 poll error (1075): 
12:52:57 poll error (1076): 
12:53:03 poll error (1077): 
12:53:09 poll error (1078): 
12:53:15 poll error (1079): 
12:53:20 poll error (1080): 
12:53:27 poll error (1081): 
12:53:32 poll error (1082): 
12:53:37 poll error (1083): 
12:53:46 poll error (1084): 
12:53:51 poll error (1085): 
12:53:56 poll error (1086): 
12:54:02 poll error (1087): 
12:54:07 poll error (1088): 
12:54:13 poll error (1089): 
12:54:21 poll error (1090): 
12:54:32 poll error (1091): 
12:54:37 poll error (1092): 
12:54:42 poll error (1093): 
12:54:50 poll error (1094): 
12:54:55 poll error (1095): 
12:55:06 poll error (1096): 
12:55:13 poll error (1097): 
12:55:20 poll error (1098): 
12:55:26 poll error (1099): 
12:55:32 poll error (1100): 
12:55:37 poll error (1101): 
12:55:43 poll error (1102): 
12:55:50 poll error (1103): 
12:55:56 poll error (1104): 
12:56:01 poll error (1105): 
12:56:08 poll error (1106): 
12:56:13 poll error (1107): 
12:56:19 poll error (1108): 
12:56:27 poll error (1109): 
12:56:34 poll error (1110): 
12:56:40 poll error (1111): 
12:56:45 poll error (1112): 
12:56:51 poll error (1113): 
12:57:03 poll error (1114): 
12:57:09 poll error (1115): 
12:57:15 poll error (1116): 
12:57:20 poll error (1117): 
12:57:28 poll error (1118): 
12:57:41 poll error (1119): 
12:57:46 poll error (1120): 
12:57:52 poll error (1121): 
12:58:01 poll error (1122): 
12:58:06 poll error (1123): 
12:58:11 poll error (1124): 
12:58:17 poll error (1125): 
12:58:24 poll error (1126): 
12:58:31 poll error (1127): 
12:58:37 poll error (1128): 
12:58:45 poll error (1129): 
12:58:51 poll error (1130): 
12:59:01 poll error (1131): 
12:59:06 poll error (1132): 
12:59:11 poll error (1133): 
12:59:17 poll error (1134): 
12:59:22 poll error (1135): 
12:59:28 poll error (1136): 
12:59:33 poll error (1137): 
12:59:39 poll error (1138): 
12:59:44 poll error (1139): 
12:59:49 poll error (1140): 
12:59:55 poll error (1141): 
13:00:00 poll error (1142): 
13:00:05 poll error (1143): 
13:00:14 poll error (1144): 
13:00:21 poll error (1145): 
13:00:26 poll error (1146): 
13:00:32 poll error (1147): 
13:00:37 poll error (1148): 
13:00:42 poll error (1149): 
13:00:50 poll error (1150): 
==================================================
HDC Phase 3 EMG replay (sw/hdc_emg_board_test.c)
DDR readback @ 0x00100300
==================================================
EMG replay: N=493512 correct=341659 accuracy=69.23%
Export ref: 69.23%
Board vs export: delta=0.00%  PASS (0.5% tol)
errors=151853
==================================================
Results saved: /home/bsp-lab/1024-HDC/results/protocol_v2/twist1_silicon/random_seed_8/board_emg_replay.txt
EMG replay: N=493512 correct=341659 accuracy=69.23%
Export ref: 69.23%
Board vs export: delta=0.00%  PASS (0.5% tol)
Export ref: 69.23%
Board vs export: delta=0.00%  PASS (0.5% tol)
SUCCESS: Phase 3 EMG replay complete (board within 0.5% of export ref).
Anchor C complete -> /home/bsp-lab/1024-HDC/results/protocol_v2/twist1_silicon/random_seed_8/board_emg_replay.txt
EMG replay: N=493512 correct=341659 accuracy=69.23%
Export ref: 69.23%
Board vs export: delta=0.00%  PASS (0.5% tol)
Export ref: 69.23%
Board vs export: delta=0.00%  PASS (0.5% tol)
Status: PASS
Wrote /home/bsp-lab/1024-HDC/results/protocol_v2/twist1_silicon/seed_summary.json — measured 9/10 seeds
EMG replay: N=493512 correct=341659 accuracy=69.23%
Board vs export: delta=0.00%  PASS (0.5% tol)
Board vs export: delta=0.00%  PASS (0.5% tol)
Status: PASS
########## SEED 8 END 2026-09-16T13:01:05+05:30 ##########

########## SEED 9 START 2026-09-16T13:01:05+05:30 ##########
=== Seed 9 (export ref x1000=67486) ===
  random_seed=9  keep_ratio=0.125  n_keep=128/1024
Patched /home/bsp-lab/1024-HDC/sw/golden_vectors.h
Patched /home/bsp-lab/1024-HDC/sw/emg_board_vectors.h
Patched /home/bsp-lab/1024-HDC/sw/emg_board_vectors_hdc2.h
Done anchor=C keep=0.125 mode=random mask_density=0.1250 export_ref=69.23%
Set EMG_EXPORT_REF_ACCURACY_X1000 = 67486
=== Waiting for Digilent USB cable ===
Digilent cable detected on /dev/ttyUSB0
=== Anchor C: keep_ratio=0.125 ===
Skipping mask patch for anchor C (HDC_ANCHOR_SKIP_PATCH=1)
Rebuilding Final_HDC_dma_emg.elf ...
   text	   data	    bss	    dec	    hex	filename
  49461	   1472	  61008	 111941	  1b545	/home/bsp-lab/1024-HDC/board/HDC_DMA/app/build/Final_HDC_dma_emg.elf
Running board EMG replay ...
=== HDC Phase 3 EMG replay (hdc_emg_board_test.c) ===
=== Waiting for Digilent USB cable ===
Digilent cable detected on /dev/ttyUSB0
=== Program + poll Phase 3 EMG replay ===
Programming HDC_DMA EMG replay with:
  bitstream: /home/bsp-lab/1024-HDC/board/HDC_DMA/app/_ide/bitstream/design_1_wrapper.bit
  app:       /home/bsp-lab/1024-HDC/board/HDC_DMA/app/build/Final_HDC_dma_emg.elf
  initial APU attempt 1/5 ...
  APU target available
=== JTAG targets ===
  1*
  APU
  2
  ARM
  Cortex-A9
  MPCore
  #0
  (Running)
  3
  ARM
  Cortex-A9
  MPCore
  #1
  (Suspended)
  4
  xc7z020

=== PS7 init before PL (releases PL from reset) ===
  pre-PL APU attempt 1/3 ...
  APU target available
  pre-PL PS7 attempt 1...
Pre-PL PS7 init OK

=== Programming PL bitstream ===
  PL attempt 1
PL programmed successfully via xsdb

=== PS7 init after PL ===
  post-PL APU attempt 1/5 ...
  APU target available
  post-PL PS7 attempt 1...
PS7 initialized
FSBL loaded
HDC_app loaded
Loading emg_board_vectors.bin to DDR 0x02000000 (chunk 65536B) ...
  chunk @ 0x020A0000 attempt 1/20: Memory write error at 0x20AA000. Cannot flush JTAG server queue. ftdi_write_data_submit failed: usb bulk read failed
  1.0 / 8.5 MiB
  2.0 / 8.5 MiB
  chunk @ 0x022B0000 attempt 1/20: Memory write error at 0x22BB1E8. Cannot flush JTAG server queue. ftdi_read_data failed: usb bulk read failed
  3.0 / 8.5 MiB
  4.0 / 8.5 MiB
  chunk @ 0x02480000 attempt 1/20: Memory write error at 0x24831E8. Cannot flush JTAG server queue. ftdi_transfer_data_done failed: usb bulk read failed
  5.0 / 8.5 MiB
  6.0 / 8.5 MiB
  chunk @ 0x02630000 attempt 1/20: Memory write error at 0x2634000. Cannot flush JTAG server queue. ftdi_read_data failed: usb bulk read failed
  chunk @ 0x026A0000 attempt 1/20: Memory write error at 0x26A8C00. Cannot flush JTAG server queue. ftdi_read_data failed: usb bulk read failed
  7.0 / 8.5 MiB
  chunk @ 0x02770000 attempt 1/20: Memory write error at 0x277BC00. Cannot flush JTAG server queue. ftdi_read_data failed: usb bulk read failed
  8.0 / 8.5 MiB
  chunk @ 0x02800000 attempt 1/20: Memory write error at 0x2804000. Cannot flush JTAG server queue. ftdi_transfer_data_done failed: usb bulk read failed
Vectors bin loaded (8883216 bytes)
Programming and run complete
CPU running EMG replay — polling @ 0x00100300 (max 7200s)...
13:03:07 magic=0xBEC00005 status=0 n=0 correct=0
13:03:17 magic=0xBEC00005 status=0 n=0 correct=0
13:03:28 magic=0xBEC00005 status=0 n=0 correct=0
13:03:38 magic=0xBEC00005 status=0 n=0 correct=0
13:03:48 magic=0xBEC00005 status=0 n=0 correct=0
13:03:58 magic=0xBEC00005 status=0 n=0 correct=0
13:04:08 magic=0xBEC00005 status=0 n=0 correct=0
13:04:18 magic=0xBEC00005 status=0 n=0 correct=0
13:04:28 magic=0xBEC00005 status=0 n=0 correct=0
13:04:41 magic=0xBEC00005 status=0 n=0 correct=0
13:04:53 magic=0xBEC00005 status=0 n=0 correct=0
13:05:03 magic=0xBEC00005 status=0 n=0 correct=0
13:05:14 magic=0xBEC00005 status=0 n=0 correct=0
13:05:24 magic=0xBEC00005 status=0 n=0 correct=0
13:05:34 magic=0xBEC00005 status=0 n=0 correct=0
13:05:46 magic=0xBEC00005 status=0 n=0 correct=0
13:05:56 magic=0xBEC00005 status=0 n=0 correct=0
13:06:08 magic=0xBEC00005 status=0 n=0 correct=0
13:06:21 magic=0xBEC00005 status=0 n=0 correct=0
13:06:31 magic=0xBEC00005 status=0 n=0 correct=0
13:06:41 magic=0xBEC00005 status=0 n=0 correct=0
13:06:55 magic=0xBEC00005 status=0 n=0 correct=0
13:07:07 magic=0xBEC00005 status=0 n=0 correct=0
13:07:18 magic=0xBEC00005 status=0 n=0 correct=0
13:07:28 magic=0xBEC00005 status=0 n=0 correct=0
13:07:38 magic=0xBEC00005 status=0 n=0 correct=0
13:07:48 magic=0xBEC00005 status=0 n=0 correct=0
13:07:59 magic=0xBEC00005 status=0 n=0 correct=0
13:08:09 magic=0xBEC00005 status=0 n=0 correct=0
13:08:21 magic=0xBEC00005 status=0 n=0 correct=0
13:08:31 magic=0xBEC00005 status=0 n=0 correct=0
13:08:42 magic=0xBEC00005 status=0 n=0 correct=0
13:08:52 magic=0xBEC00005 status=0 n=0 correct=0
13:09:07 magic=0xBEC00005 status=0 n=0 correct=0
13:09:18 magic=0xBEC00005 status=0 n=0 correct=0
13:09:29 magic=0xBEC00005 status=0 n=0 correct=0
13:09:41 magic=0xBEC00005 status=0 n=0 correct=0
13:09:51 magic=0xBEC00005 status=0 n=0 correct=0
13:10:07 magic=0xBEC00005 status=0 n=0 correct=0
13:10:18 magic=0xBEC00005 status=0 n=0 correct=0
13:10:28 magic=0xBEC00005 status=0 n=0 correct=0
13:10:38 magic=0xBEC00005 status=0 n=0 correct=0
13:10:48 magic=0xBEC00005 status=0 n=0 correct=0
13:10:59 magic=0xBEC00005 status=0 n=0 correct=0
13:11:11 magic=0xBEC00005 status=0 n=0 correct=0
13:11:22 magic=0xBEC00005 status=0 n=0 correct=0
13:11:32 magic=0xBEC00005 status=0 n=0 correct=0
13:11:43 magic=0xBEC00005 status=0 n=0 correct=0
13:11:56 magic=0xBEC00005 status=0 n=0 correct=0
13:12:06 magic=0xBEC00005 status=0 n=0 correct=0
13:12:17 magic=0xBEC00005 status=0 n=0 correct=0
13:12:29 magic=0xBEC00005 status=0 n=0 correct=0
13:12:39 magic=0xBEC00005 status=0 n=0 correct=0
13:12:51 magic=0xBEC00005 status=0 n=0 correct=0
13:13:03 magic=0xBEC00005 status=0 n=0 correct=0
13:13:13 magic=0xBEC00005 status=0 n=0 correct=0
13:13:23 magic=0xBEC00005 status=0 n=0 correct=0
13:13:33 magic=0xBEC00005 status=0 n=0 correct=0
13:13:45 magic=0xBEC00005 status=0 n=0 correct=0
13:13:55 magic=0xBEC00005 status=0 n=0 correct=0
13:14:05 magic=0xBEC00005 status=0 n=0 correct=0
13:14:15 magic=0xBEC00005 status=0 n=0 correct=0
13:14:25 magic=0xBEC00005 status=0 n=0 correct=0
13:14:35 magic=0xBEC00005 status=0 n=0 correct=0
13:14:45 magic=0xBEC00005 status=0 n=0 correct=0
13:14:55 magic=0xBEC00005 status=0 n=0 correct=0
13:15:05 magic=0xBEC00005 status=0 n=0 correct=0
13:15:15 magic=0xBEC00005 status=0 n=0 correct=0
13:15:25 magic=0xBEC00005 status=0 n=0 correct=0
13:15:35 magic=0xBEC00005 status=0 n=0 correct=0
13:15:45 magic=0xBEC00005 status=0 n=0 correct=0
13:15:55 magic=0xBEC00005 status=0 n=0 correct=0
13:16:06 magic=0xBEC00005 status=0 n=0 correct=0
13:16:16 magic=0xBEC00005 status=0 n=0 correct=0
13:16:27 magic=0xBEC00005 status=0 n=0 correct=0
13:16:37 magic=0xBEC00005 status=0 n=0 correct=0
13:16:47 magic=0xBEC00005 status=0 n=0 correct=0
13:16:57 magic=0xBEC00005 status=0 n=0 correct=0
13:17:08 magic=0xBEC00005 status=0 n=0 correct=0
13:17:21 magic=0xBEC00005 status=0 n=0 correct=0
13:17:31 magic=0xBEC00005 status=0 n=0 correct=0
13:17:43 magic=0xBEC00005 status=0 n=0 correct=0
13:17:53 magic=0xBEC00005 status=0 n=0 correct=0
13:18:03 magic=0xBEC00005 status=0 n=0 correct=0
13:18:14 magic=0xBEC00005 status=0 n=0 correct=0
13:18:24 magic=0xBEC00005 status=0 n=0 correct=0
13:18:34 magic=0xBEC00005 status=0 n=0 correct=0
13:18:45 magic=0xBEC00005 status=0 n=0 correct=0
13:18:55 magic=0xBEC00005 status=0 n=0 correct=0
13:19:06 magic=0xBEC00005 status=0 n=0 correct=0
13:19:16 magic=0xBEC00005 status=0 n=0 correct=0
13:19:26 magic=0xBEC00005 status=0 n=0 correct=0
13:19:37 magic=0xBEC00005 status=0 n=0 correct=0
13:19:47 magic=0xBEC00005 status=0 n=0 correct=0
13:19:57 magic=0xBEC00005 status=0 n=0 correct=0
13:20:07 magic=0xBEC00005 status=0 n=0 correct=0
13:20:18 magic=0xBEC00005 status=0 n=0 correct=0
13:20:28 magic=0xBEC00005 status=0 n=0 correct=0
13:20:38 magic=0xBEC00005 status=0 n=0 correct=0
13:20:48 magic=0xBEC00005 status=0 n=0 correct=0
13:20:58 magic=0xBEC00005 status=0 n=0 correct=0
13:21:10 magic=0xBEC00005 status=0 n=0 correct=0
13:21:23 magic=0xBEC00005 status=0 n=0 correct=0
13:21:40 magic=0xBEC00005 status=0 n=0 correct=0
13:21:50 magic=0xBEC00005 status=0 n=0 correct=0
13:22:00 magic=0xBEC00005 status=0 n=0 correct=0
13:22:10 magic=0xBEC00005 status=0 n=0 correct=0
13:22:20 magic=0xBEC00005 status=0 n=0 correct=0
13:22:30 magic=0xBEC00005 status=0 n=0 correct=0
13:22:40 magic=0xBEC00005 status=0 n=0 correct=0
13:22:53 magic=0xBEC00005 status=0 n=0 correct=0
13:23:05 magic=0xBEC00005 status=0 n=0 correct=0
13:23:15 magic=0xBEC00005 status=0 n=0 correct=0
13:23:27 magic=0xBEC00005 status=0 n=0 correct=0
13:23:38 magic=0xBEC00005 status=0 n=0 correct=0
13:23:52 magic=0xBEC00005 status=0 n=0 correct=0
13:24:02 magic=0xBEC00005 status=0 n=0 correct=0
13:24:12 magic=0xBEC00005 status=0 n=0 correct=0
13:24:22 magic=0xBEC00005 status=0 n=0 correct=0
13:24:33 magic=0xBEC00005 status=0 n=0 correct=0
13:24:45 magic=0xBEC00005 status=0 n=0 correct=0
13:24:55 magic=0xBEC00005 status=0 n=0 correct=0
13:25:05 magic=0xBEC00005 status=0 n=0 correct=0
13:25:15 magic=0xBEC00005 status=0 n=0 correct=0
13:25:25 magic=0xBEC00005 status=0 n=0 correct=0
13:25:35 magic=0xBEC00005 status=0 n=0 correct=0
13:25:45 magic=0xBEC00005 status=0 n=0 correct=0
13:25:57 magic=0xBEC00005 status=0 n=0 correct=0
13:26:10 magic=0xBEC00005 status=0 n=0 correct=0
13:26:20 magic=0xBEC00005 status=0 n=0 correct=0
13:26:32 magic=0xBEC00005 status=0 n=0 correct=0
13:26:42 magic=0xBEC00005 status=0 n=0 correct=0
13:26:54 magic=0xBEC00005 status=0 n=0 correct=0
13:27:04 magic=0xBEC00005 status=0 n=0 correct=0
13:27:14 magic=0xBEC00005 status=0 n=0 correct=0
13:27:24 magic=0xBEC00005 status=0 n=0 correct=0
13:27:34 magic=0xBEC00005 status=0 n=0 correct=0
13:27:44 magic=0xBEC00005 status=0 n=0 correct=0
13:27:54 magic=0xBEC00005 status=0 n=0 correct=0
13:28:04 magic=0xBEC00005 status=0 n=0 correct=0
13:28:17 magic=0xBEC00005 status=0 n=0 correct=0
13:28:27 magic=0xBEC00005 status=0 n=0 correct=0
13:28:39 magic=0xBEC00005 status=0 n=0 correct=0
13:28:49 magic=0xBEC00005 status=0 n=0 correct=0
13:29:01 magic=0xBEC00005 status=0 n=0 correct=0
13:29:14 magic=0xBEC00005 status=0 n=0 correct=0
13:29:27 magic=0xBEC00005 status=0 n=0 correct=0
13:29:45 magic=0xBEC00005 status=0 n=0 correct=0
13:29:55 magic=0xBEC00005 status=0 n=0 correct=0
13:30:05 magic=0xBEC00005 status=0 n=0 correct=0
13:30:15 magic=0xBEC00005 status=0 n=0 correct=0
13:30:25 magic=0xBEC00005 status=0 n=0 correct=0
13:30:35 magic=0xBEC00005 status=0 n=0 correct=0
13:30:45 magic=0xBEC00005 status=0 n=0 correct=0
13:30:56 magic=0xBEC00005 status=0 n=0 correct=0
13:31:07 magic=0xBEC00005 status=0 n=0 correct=0
13:31:17 magic=0xBEC00005 status=0 n=0 correct=0
13:31:27 magic=0xBEC00005 status=0 n=0 correct=0
13:31:38 magic=0xBEC00005 status=0 n=0 correct=0
13:31:48 magic=0xBEC00005 status=0 n=0 correct=0
13:31:58 magic=0xBEC00005 status=0 n=0 correct=0
13:32:08 magic=0xBEC00005 status=0 n=0 correct=0
13:32:18 magic=0xBEC00005 status=0 n=0 correct=0
13:32:28 magic=0xBEC00005 status=0 n=0 correct=0
13:32:40 magic=0xBEC00005 status=0 n=0 correct=0
13:32:52 magic=0xBEC00005 status=0 n=0 correct=0
13:33:02 magic=0xBEC00005 status=0 n=0 correct=0
13:33:12 magic=0xBEC00005 status=0 n=0 correct=0
13:33:23 magic=0xBEC00005 status=0 n=0 correct=0
13:33:33 magic=0xBEC00005 status=0 n=0 correct=0
13:33:44 magic=0xBEC00005 status=0 n=0 correct=0
13:33:55 magic=0xBEC00005 status=0 n=0 correct=0
13:34:05 magic=0xBEC00005 status=0 n=0 correct=0
13:34:15 magic=0xBEC00005 status=0 n=0 correct=0
13:34:28 magic=0xBEC00005 status=0 n=0 correct=0
13:34:38 magic=0xBEC00005 status=0 n=0 correct=0
13:34:48 magic=0xBEC00005 status=0 n=0 correct=0
13:34:59 magic=0xBEC00005 status=0 n=0 correct=0
13:35:09 magic=0xBEC00005 status=0 n=0 correct=0
13:35:22 magic=0xBEC00005 status=0 n=0 correct=0
13:35:32 magic=0xBEC00005 status=0 n=0 correct=0
13:35:43 magic=0xBEC00005 status=0 n=0 correct=0
13:35:53 magic=0xBEC00005 status=0 n=0 correct=0
13:36:03 magic=0xBEC00005 status=0 n=0 correct=0
13:36:22 magic=0xBEC00005 status=0 n=0 correct=0
13:36:32 magic=0xBEC00005 status=0 n=0 correct=0
13:36:42 magic=0xBEC00005 status=0 n=0 correct=0
13:36:52 magic=0xBEC00005 status=0 n=0 correct=0
13:37:03 magic=0xBEC00005 status=0 n=0 correct=0
13:37:13 magic=0xBEC00005 status=0 n=0 correct=0
13:37:23 magic=0xBEC00005 status=0 n=0 correct=0
13:37:33 magic=0xBEC00005 status=0 n=0 correct=0
13:37:43 magic=0xBEC00005 status=0 n=0 correct=0
13:37:53 magic=0xBEC00005 status=0 n=0 correct=0
13:38:04 magic=0xBEC00005 status=0 n=0 correct=0
13:38:14 magic=0xBEC00005 status=0 n=0 correct=0
13:38:25 magic=0xBEC00005 status=0 n=0 correct=0
13:38:35 magic=0xBEC00005 status=0 n=0 correct=0
13:38:45 magic=0xBEC00005 status=0 n=0 correct=0
13:38:55 magic=0xBEC00005 status=0 n=0 correct=0
13:39:11 magic=0xBEC00005 status=0 n=0 correct=0
13:39:21 magic=0xBEC00005 status=0 n=0 correct=0
13:39:31 magic=0xBEC00005 status=0 n=0 correct=0
13:39:42 magic=0xBEC00005 status=0 n=0 correct=0
13:39:58 magic=0xBEC00005 status=0 n=0 correct=0
13:40:08 magic=0xBEC00005 status=0 n=0 correct=0
13:40:18 magic=0xBEC00005 status=0 n=0 correct=0
13:40:28 magic=0xBEC00005 status=0 n=0 correct=0
13:40:42 magic=0xBEC00005 status=0 n=0 correct=0
13:40:52 magic=0xBEC00005 status=0 n=0 correct=0
13:41:02 magic=0xBEC00005 status=0 n=0 correct=0
13:41:12 magic=0xBEC00005 status=0 n=0 correct=0
13:41:24 magic=0xBEC00005 status=0 n=0 correct=0
13:41:36 magic=0xBEC00005 status=0 n=0 correct=0
13:41:46 magic=0xBEC00005 status=0 n=0 correct=0
13:41:56 magic=0xBEC00005 status=0 n=0 correct=0
13:42:06 magic=0xBEC00005 status=0 n=0 correct=0
13:42:16 magic=0xBEC00005 status=0 n=0 correct=0
13:42:27 magic=0xBEC00005 status=0 n=0 correct=0
13:42:37 magic=0xBEC00005 status=0 n=0 correct=0
13:42:47 magic=0xBEC00005 status=0 n=0 correct=0
13:42:58 magic=0xBEC00005 status=0 n=0 correct=0
13:43:09 magic=0xBEC00005 status=0 n=0 correct=0
13:43:26 magic=0xBEC00005 status=0 n=0 correct=0
13:43:36 magic=0xBEC00005 status=0 n=0 correct=0
13:43:46 magic=0xBEC00005 status=0 n=0 correct=0
13:43:56 magic=0xBEC00005 status=0 n=0 correct=0
13:44:06 magic=0xBEC00005 status=0 n=0 correct=0
13:44:17 magic=0xBEC00005 status=0 n=0 correct=0
13:44:27 magic=0xBEC00005 status=0 n=0 correct=0
13:44:37 magic=0xBEC00005 status=0 n=0 correct=0
13:44:48 magic=0xBEC00005 status=0 n=0 correct=0
13:44:58 magic=0xBEC00005 status=0 n=0 correct=0
13:45:10 magic=0xBEC00005 status=0 n=0 correct=0
13:45:20 magic=0xBEC00005 status=0 n=0 correct=0
13:45:31 magic=0xBEC00005 status=0 n=0 correct=0
13:45:44 magic=0xBEC00005 status=0 n=0 correct=0
13:45:54 magic=0xBEC00005 status=0 n=0 correct=0
13:46:04 magic=0xBEC00005 status=0 n=0 correct=0
13:46:14 magic=0xBEC00005 status=0 n=0 correct=0
13:46:29 magic=0xBEC00005 status=0 n=0 correct=0
13:46:41 magic=0xBEC00005 status=0 n=0 correct=0
13:46:51 magic=0xBEC00005 status=0 n=0 correct=0
13:47:01 magic=0xBEC00005 status=0 n=0 correct=0
13:47:11 magic=0xBEC00005 status=0 n=0 correct=0
13:47:23 magic=0xBEC00005 status=0 n=0 correct=0
13:47:33 magic=0xBEC00005 status=0 n=0 correct=0
13:47:43 magic=0xBEC00005 status=0 n=0 correct=0
13:47:58 magic=0xBEC00005 status=0 n=0 correct=0
13:48:13 magic=0xBEC00005 status=0 n=0 correct=0
13:48:25 magic=0xBEC00005 status=0 n=0 correct=0
13:48:40 magic=0xBEC00005 status=0 n=0 correct=0
13:48:51 magic=0xBEC00005 status=0 n=0 correct=0
13:49:01 magic=0xBEC00005 status=0 n=0 correct=0
13:49:15 magic=0xBEC00005 status=0 n=0 correct=0
13:49:25 magic=0xBEC00005 status=0 n=0 correct=0
13:49:35 magic=0xBEC00005 status=0 n=0 correct=0
13:49:51 magic=0xBEC00005 status=0 n=0 correct=0
13:50:01 magic=0xBEC00005 status=0 n=0 correct=0
13:50:11 magic=0xBEC00005 status=0 n=0 correct=0
13:50:21 magic=0xBEC00005 status=0 n=0 correct=0
13:50:31 magic=0xBEC00005 status=0 n=0 correct=0
13:50:41 magic=0xBEC00005 status=0 n=0 correct=0
13:50:51 magic=0xBEC00005 status=0 n=0 correct=0
13:51:01 magic=0xBEC00005 status=0 n=0 correct=0
13:51:11 magic=0xBEC00005 status=0 n=0 correct=0
13:51:21 magic=0xBEC00005 status=0 n=0 correct=0
13:51:32 magic=0xBEC00005 status=0 n=0 correct=0
13:51:47 magic=0xBEC00005 status=0 n=0 correct=0
13:51:57 magic=0xBEC00005 status=0 n=0 correct=0
13:52:07 magic=0xBEC00005 status=0 n=0 correct=0
13:52:22 magic=0xBEC00005 status=0 n=0 correct=0
13:52:32 magic=0xBEC00005 status=0 n=0 correct=0
13:52:42 magic=0xBEC00005 status=0 n=0 correct=0
13:52:52 magic=0xBEC00005 status=0 n=0 correct=0
13:53:05 magic=0xBEC00005 status=0 n=0 correct=0
13:53:17 magic=0xBEC00005 status=0 n=0 correct=0
13:53:27 magic=0xBEC00005 status=0 n=0 correct=0
13:53:37 magic=0xBEC00005 status=0 n=0 correct=0
13:53:47 magic=0xBEC00005 status=0 n=0 correct=0
13:53:57 magic=0xBEC00005 status=0 n=0 correct=0
13:54:07 magic=0xBEC00005 status=0 n=0 correct=0
13:54:18 magic=0xBEC00005 status=0 n=0 correct=0
13:54:34 magic=0xBEC00005 status=0 n=0 correct=0
13:54:44 magic=0xBEC00005 status=0 n=0 correct=0
13:54:58 magic=0xBEC00005 status=0 n=0 correct=0
13:55:08 magic=0xBEC00005 status=0 n=0 correct=0
13:55:18 magic=0xBEC00005 status=0 n=0 correct=0
13:55:28 magic=0xBEC00005 status=0 n=0 correct=0
13:55:40 magic=0xBEC00005 status=0 n=0 correct=0
13:55:50 magic=0xBEC00005 status=0 n=0 correct=0
13:56:00 magic=0xBEC00005 status=0 n=0 correct=0
13:56:10 magic=0xBEC00005 status=0 n=0 correct=0
13:56:24 magic=0xBEC00005 status=0 n=0 correct=0
13:56:38 magic=0xBEC00005 status=0 n=0 correct=0
13:56:48 magic=0xBEC00005 status=0 n=0 correct=0
13:56:58 magic=0xBEC00005 status=0 n=0 correct=0
13:57:08 magic=0xBEC00005 status=0 n=0 correct=0
13:57:22 magic=0xBEC00005 status=0 n=0 correct=0
13:57:32 magic=0xBEC00005 status=0 n=0 correct=0
13:57:42 magic=0xBEC00005 status=0 n=0 correct=0
13:57:52 magic=0xBEC00005 status=0 n=0 correct=0
13:58:02 magic=0xBEC00005 status=0 n=0 correct=0
13:58:12 magic=0xBEC00005 status=0 n=0 correct=0
13:58:27 magic=0xBEC00005 status=0 n=0 correct=0
13:58:38 magic=0xBEC00005 status=0 n=0 correct=0
13:58:49 magic=0xBEC00005 status=0 n=0 correct=0
13:59:00 magic=0xBEC00005 status=0 n=0 correct=0
13:59:12 magic=0xBEC00005 status=0 n=0 correct=0
13:59:24 magic=0xBEC00005 status=0 n=0 correct=0
13:59:34 magic=0xBEC00005 status=0 n=0 correct=0
13:59:45 magic=0xBEC00005 status=0 n=0 correct=0
13:59:55 magic=0xBEC00005 status=0 n=0 correct=0
14:00:05 magic=0xBEC00005 status=0 n=0 correct=0
14:00:15 magic=0xBEC00005 status=0 n=0 correct=0
14:00:25 magic=0xBEC00005 status=0 n=0 correct=0
14:00:35 magic=0xBEC00005 status=0 n=0 correct=0
14:00:45 magic=0xBEC00005 status=0 n=0 correct=0
14:00:59 magic=0xBEC00005 status=0 n=0 correct=0
14:01:09 magic=0xBEC00005 status=0 n=0 correct=0
14:01:19 magic=0xBEC00005 status=0 n=0 correct=0
14:01:31 magic=0xBEC00005 status=0 n=0 correct=0
14:01:41 magic=0xBEC00005 status=0 n=0 correct=0
14:01:51 magic=0xBEC00005 status=0 n=0 correct=0
14:02:01 magic=0xBEC00005 status=0 n=0 correct=0
14:02:11 magic=0xBEC00005 status=0 n=0 correct=0
14:02:22 magic=0xBEC00005 status=0 n=0 correct=0
14:02:33 magic=0xBEC00005 status=0 n=0 correct=0
14:02:43 magic=0xBEC00005 status=0 n=0 correct=0
14:02:53 magic=0xBEC00005 status=0 n=0 correct=0
14:03:03 magic=0xBEC00005 status=0 n=0 correct=0
14:03:13 magic=0xBEC00005 status=0 n=0 correct=0
14:03:23 magic=0xBEC00005 status=0 n=0 correct=0
14:03:33 magic=0xBEC00005 status=0 n=0 correct=0
14:03:43 magic=0xBEC00005 status=0 n=0 correct=0
14:03:53 magic=0xBEC00005 status=0 n=0 correct=0
14:04:03 magic=0xBEC00005 status=0 n=0 correct=0
14:04:13 magic=0xBEC00005 status=0 n=0 correct=0
14:04:23 magic=0xBEC00005 status=0 n=0 correct=0
14:04:35 magic=0xBEC00005 status=0 n=0 correct=0
14:04:45 magic=0xBEC00005 status=0 n=0 correct=0
14:04:55 magic=0xBEC00005 status=0 n=0 correct=0
14:05:05 magic=0xBEC00005 status=0 n=0 correct=0
14:05:16 magic=0xBEC00005 status=0 n=0 correct=0
14:05:27 magic=0xBEC00005 status=0 n=0 correct=0
14:05:39 magic=0xBEC00005 status=0 n=0 correct=0
14:05:51 magic=0xBEC00005 status=0 n=0 correct=0
14:06:01 magic=0xBEC00005 status=0 n=0 correct=0
14:06:11 magic=0xBEC00005 status=0 n=0 correct=0
14:06:21 magic=0xBEC00005 status=0 n=0 correct=0
14:06:31 magic=0xBEC00005 status=0 n=0 correct=0
14:06:41 magic=0xBEC00005 status=0 n=0 correct=0
14:06:52 magic=0xBEC00005 status=0 n=0 correct=0
14:07:02 magic=0xBEC00005 status=0 n=0 correct=0
14:07:28 magic=0xBEC00005 status=0 n=0 correct=0
14:07:45 magic=0xBEC00005 status=0 n=0 correct=0
14:07:58 magic=0xBEC00005 status=0 n=0 correct=0
14:08:08 magic=0xBEC00005 status=0 n=0 correct=0
14:08:18 magic=0xBEC00005 status=0 n=0 correct=0
14:08:29 magic=0xBEC00005 status=0 n=0 correct=0
14:08:39 magic=0xBEC00005 status=0 n=0 correct=0
14:08:49 magic=0xBEC00005 status=0 n=0 correct=0
14:08:59 magic=0xBEC00005 status=0 n=0 correct=0
14:09:11 magic=0xBEC00005 status=0 n=0 correct=0
14:09:21 magic=0xBEC00005 status=0 n=0 correct=0
14:09:34 magic=0xBEC00005 status=0 n=0 correct=0
14:09:47 magic=0xBEC00005 status=0 n=0 correct=0
14:10:00 magic=0xBEC00005 status=0 n=0 correct=0
14:10:10 magic=0xBEC00005 status=0 n=0 correct=0
14:10:20 magic=0xBEC00005 status=0 n=0 correct=0
14:10:30 magic=0xBEC00005 status=0 n=0 correct=0
14:10:41 magic=0xBEC00005 status=0 n=0 correct=0
14:10:52 magic=0xBEC00005 status=0 n=0 correct=0
14:11:02 magic=0xBEC00005 status=0 n=0 correct=0
14:11:14 magic=0xBEC00005 status=0 n=0 correct=0
14:11:26 magic=0xBEC00005 status=0 n=0 correct=0
14:11:37 magic=0xBEC00005 status=0 n=0 correct=0
14:11:47 magic=0xBEC00005 status=0 n=0 correct=0
14:11:57 magic=0xBEC00005 status=0 n=0 correct=0
14:12:07 magic=0xBEC00005 status=0 n=0 correct=0
14:12:17 magic=0xBEC00005 status=0 n=0 correct=0
14:12:27 magic=0xBEC00005 status=0 n=0 correct=0
14:12:42 magic=0xBEC00005 status=0 n=0 correct=0
14:12:52 magic=0xBEC00005 status=0 n=0 correct=0
14:13:02 magic=0xBEC00005 status=0 n=0 correct=0
14:13:15 magic=0xBEC00005 status=0 n=0 correct=0
14:13:27 magic=0xBEC00005 status=0 n=0 correct=0
14:13:37 magic=0xBEC00005 status=0 n=0 correct=0
14:13:47 magic=0xBEC00005 status=0 n=0 correct=0
14:13:57 magic=0xBEC00005 status=0 n=0 correct=0
14:14:07 magic=0xBEC00005 status=0 n=0 correct=0
14:14:18 magic=0xBEC00005 status=0 n=0 correct=0
14:14:28 magic=0xBEC00005 status=0 n=0 correct=0
14:14:38 magic=0xBEC00005 status=0 n=0 correct=0
14:14:48 magic=0xBEC00005 status=0 n=0 correct=0
14:15:00 magic=0xBEC00005 status=0 n=0 correct=0
14:15:10 magic=0xBEC00005 status=0 n=0 correct=0
14:15:20 magic=0xBEC00005 status=0 n=0 correct=0
14:15:31 magic=0xBEC00005 status=0 n=0 correct=0
14:15:42 magic=0xBEC00005 status=0 n=0 correct=0
14:15:53 magic=0xBEC00005 status=0 n=0 correct=0
14:16:03 magic=0xBEC00005 status=0 n=0 correct=0
14:16:14 magic=0xBEC00005 status=0 n=0 correct=0
14:16:24 magic=0xBEC00005 status=0 n=0 correct=0
14:16:34 magic=0xBEC00005 status=0 n=0 correct=0
14:16:44 magic=0xBEC00005 status=0 n=0 correct=0
14:16:55 magic=0xBEC00005 status=0 n=0 correct=0
14:17:13 magic=0xBEC00005 status=0 n=0 correct=0
14:17:23 magic=0xBEC00005 status=0 n=0 correct=0
14:17:33 magic=0xBEC00005 status=0 n=0 correct=0
14:17:43 magic=0xBEC00005 status=0 n=0 correct=0
14:17:55 magic=0xBEC00005 status=0 n=0 correct=0
14:18:06 magic=0xBEC00005 status=0 n=0 correct=0
14:18:17 magic=0xBEC00005 status=0 n=0 correct=0
14:18:27 magic=0xBEC00005 status=0 n=0 correct=0
14:18:37 magic=0xBEC00005 status=0 n=0 correct=0
14:18:48 magic=0xBEC00005 status=0 n=0 correct=0
14:18:58 magic=0xBEC00005 status=0 n=0 correct=0
14:19:08 magic=0xBEC00005 status=0 n=0 correct=0
14:19:18 magic=0xBEC00005 status=0 n=0 correct=0
14:19:31 magic=0xBEC00005 status=0 n=0 correct=0
14:19:41 magic=0xBEC00005 status=0 n=0 correct=0
14:19:52 magic=0xBEC00005 status=0 n=0 correct=0
14:20:02 magic=0xBEC00005 status=0 n=0 correct=0
14:20:13 magic=0xBEC00005 status=0 n=0 correct=0
14:20:25 magic=0xBEC00005 status=0 n=0 correct=0
14:20:35 magic=0xBEC00005 status=0 n=0 correct=0
14:20:47 magic=0xBEC00005 status=0 n=0 correct=0
14:20:57 magic=0xBEC00005 status=0 n=0 correct=0
14:21:08 magic=0xBEC00005 status=0 n=0 correct=0
14:21:18 magic=0xBEC00005 status=0 n=0 correct=0
14:21:28 magic=0xBEC00005 status=0 n=0 correct=0
14:21:38 magic=0xBEC00005 status=0 n=0 correct=0
14:21:49 magic=0xBEC00005 status=0 n=0 correct=0
14:21:59 magic=0xBEC00005 status=0 n=0 correct=0
14:22:13 magic=0xBEC00005 status=0 n=0 correct=0
14:22:23 magic=0xBEC00005 status=0 n=0 correct=0
14:22:33 magic=0xBEC00005 status=0 n=0 correct=0
14:22:43 magic=0xBEC00005 status=0 n=0 correct=0
14:22:54 magic=0xBEC00005 status=0 n=0 correct=0
14:23:04 magic=0xBEC00005 status=0 n=0 correct=0
14:23:14 magic=0xBEC00005 status=0 n=0 correct=0
14:23:25 magic=0xBEC00005 status=0 n=0 correct=0
14:23:35 magic=0xBEC00005 status=0 n=0 correct=0
14:23:46 magic=0xBEC00005 status=0 n=0 correct=0
14:23:56 magic=0xBEC00005 status=0 n=0 correct=0
14:24:06 magic=0xBEC00005 status=0 n=0 correct=0
14:24:17 magic=0xBEC00005 status=0 n=0 correct=0
14:24:27 magic=0xBEC00005 status=0 n=0 correct=0
14:24:43 magic=0xBEC00005 status=0 n=0 correct=0
14:24:53 magic=0xBEC00005 status=0 n=0 correct=0
14:25:03 magic=0xBEC00005 status=0 n=0 correct=0
14:25:13 magic=0xBEC00005 status=0 n=0 correct=0
14:25:24 magic=0xBEC00005 status=0 n=0 correct=0
14:25:36 magic=0xBEC00005 status=0 n=0 correct=0
14:25:46 magic=0xBEC00005 status=0 n=0 correct=0
14:25:56 magic=0xBEC00005 status=0 n=0 correct=0
14:26:06 magic=0xBEC00005 status=0 n=0 correct=0
14:26:16 magic=0xBEC00005 status=0 n=0 correct=0
14:26:26 magic=0xBEC00005 status=0 n=0 correct=0
14:26:36 magic=0xBEC00005 status=0 n=0 correct=0
14:26:49 magic=0xBEC00005 status=0 n=0 correct=0
14:26:59 magic=0xBEC00005 status=0 n=0 correct=0
14:27:09 magic=0xBEC00005 status=0 n=0 correct=0
14:27:22 magic=0xBEC00005 status=0 n=0 correct=0
14:27:36 magic=0xBEC00005 status=0 n=0 correct=0
14:27:48 magic=0xBEC00005 status=0 n=0 correct=0
14:28:04 magic=0xBEC00005 status=0 n=0 correct=0
14:28:14 magic=0xBEC00005 status=0 n=0 correct=0
14:28:25 magic=0xBEC00005 status=0 n=0 correct=0
14:28:35 magic=0xBEC00005 status=0 n=0 correct=0
14:28:48 magic=0xBEC00005 status=0 n=0 correct=0
14:28:58 magic=0xBEC00005 status=0 n=0 correct=0
14:29:08 magic=0xBEC00005 status=0 n=0 correct=0
14:29:19 magic=0xBEC00005 status=0 n=0 correct=0
14:29:29 magic=0xBEC00005 status=0 n=0 correct=0
14:29:41 magic=0xBEC00005 status=0 n=0 correct=0
14:29:51 magic=0xBEC00005 status=0 n=0 correct=0
14:30:01 magic=0xBEC00005 status=0 n=0 correct=0
14:30:11 magic=0xBEC00005 status=0 n=0 correct=0
14:30:21 magic=0xBEC00005 status=0 n=0 correct=0
14:30:31 magic=0xBEC00005 status=0 n=0 correct=0
14:30:42 magic=0xBEC00005 status=0 n=0 correct=0
14:30:53 magic=0xBEC00005 status=0 n=0 correct=0
14:31:03 magic=0xBEC00005 status=0 n=0 correct=0
14:31:14 magic=0xBEC00005 status=0 n=0 correct=0
14:31:24 magic=0xBEC00005 status=0 n=0 correct=0
14:31:34 magic=0xBEC00005 status=0 n=0 correct=0
14:31:49 magic=0xBEC00005 status=0 n=0 correct=0
14:31:59 magic=0xBEC00005 status=0 n=0 correct=0
14:32:09 magic=0xBEC00005 status=0 n=0 correct=0
14:32:19 magic=0xBEC00005 status=0 n=0 correct=0
14:32:31 magic=0xBEC00005 status=0 n=0 correct=0
14:32:43 magic=0xBEC00005 status=0 n=0 correct=0
14:32:53 magic=0xBEC00005 status=0 n=0 correct=0
14:33:06 magic=0xBEC00005 status=0 n=0 correct=0
14:33:16 magic=0xBEC00005 status=0 n=0 correct=0
14:33:30 magic=0xBEC00005 status=0 n=0 correct=0
14:33:42 magic=0xBEC00005 status=0 n=0 correct=0
14:33:52 magic=0xBEC00005 status=0 n=0 correct=0
14:34:04 magic=0xBEC00005 status=0 n=0 correct=0
14:34:14 magic=0xBEC00005 status=0 n=0 correct=0
14:34:25 magic=0xBEC00005 status=0 n=0 correct=0
14:34:35 magic=0xBEC00005 status=0 n=0 correct=0
14:34:45 magic=0xBEC00005 status=0 n=0 correct=0
14:34:55 magic=0xBEC00005 status=0 n=0 correct=0
14:35:05 magic=0xBEC00005 status=0 n=0 correct=0
14:35:15 magic=0xBEC00005 status=0 n=0 correct=0
14:35:25 magic=0xBEC00005 status=0 n=0 correct=0
14:35:35 magic=0xBEC00005 status=0 n=0 correct=0
14:35:47 magic=0xBEC00005 status=0 n=0 correct=0
14:35:57 magic=0xBEC00005 status=0 n=0 correct=0
14:36:08 magic=0xBEC00005 status=0 n=0 correct=0
14:36:18 magic=0xBEC00005 status=0 n=0 correct=0
14:36:28 magic=0xBEC00005 status=0 n=0 correct=0
14:36:39 magic=0xBEC00005 status=0 n=0 correct=0
14:36:49 magic=0xBEC00005 status=0 n=0 correct=0
14:36:59 magic=0xBEC00005 status=0 n=0 correct=0
14:37:10 magic=0xBEC00005 status=0 n=0 correct=0
14:37:22 magic=0xBEC00005 status=0 n=0 correct=0
14:37:32 magic=0xBEC00005 status=0 n=0 correct=0
14:37:43 magic=0xBEC00005 status=0 n=0 correct=0
14:37:57 magic=0xBEC00005 status=0 n=0 correct=0
14:38:07 magic=0xBEC00005 status=0 n=0 correct=0
14:38:17 magic=0xBEC00005 status=0 n=0 correct=0
14:38:29 magic=0xBEC00005 status=0 n=0 correct=0
14:38:40 magic=0xBEC00005 status=0 n=0 correct=0
14:38:50 magic=0xBEC00005 status=0 n=0 correct=0
14:39:00 magic=0xBEC00005 status=0 n=0 correct=0
14:39:10 magic=0xBEC00005 status=0 n=0 correct=0
14:39:20 magic=0xBEC00005 status=0 n=0 correct=0
14:39:34 magic=0xBEC00005 status=0 n=0 correct=0
14:39:46 magic=0xBEC00005 status=0 n=0 correct=0
14:39:58 magic=0xBEC00005 status=0 n=0 correct=0
14:40:08 magic=0xBEC00005 status=0 n=0 correct=0
14:40:24 magic=0xBEC00005 status=0 n=0 correct=0
14:40:34 magic=0xBEC00005 status=0 n=0 correct=0
14:40:44 magic=0xBEC00005 status=0 n=0 correct=0
14:40:54 magic=0xBEC00005 status=0 n=0 correct=0
14:41:04 magic=0xBEC00005 status=0 n=0 correct=0
14:41:14 magic=0xBEC00005 status=0 n=0 correct=0
14:41:24 magic=0xBEC00005 status=0 n=0 correct=0
14:41:35 magic=0xBEC00005 status=0 n=0 correct=0
14:41:45 magic=0xBEC00005 status=0 n=0 correct=0
14:41:58 magic=0xBEC00005 status=0 n=0 correct=0
14:42:08 magic=0xBEC00005 status=0 n=0 correct=0
14:42:18 magic=0xBEC00005 status=0 n=0 correct=0
14:42:29 magic=0xBEC00005 status=0 n=0 correct=0
14:42:39 magic=0xBEC00005 status=0 n=0 correct=0
14:42:49 magic=0xBEC00005 status=0 n=0 correct=0
14:42:59 magic=0xBEC00005 status=0 n=0 correct=0
14:43:09 magic=0xBEC00005 status=0 n=0 correct=0
14:43:19 magic=0xBEC00005 status=0 n=0 correct=0
14:43:30 magic=0xBEC00005 status=0 n=0 correct=0
14:43:42 magic=0xBEC00005 status=0 n=0 correct=0
14:43:52 magic=0xBEC00005 status=0 n=0 correct=0
14:44:04 magic=0xBEC00005 status=0 n=0 correct=0
14:44:14 magic=0xBEC00005 status=0 n=0 correct=0
14:44:24 magic=0xBEC00005 status=0 n=0 correct=0
14:44:38 magic=0xBEC00005 status=0 n=0 correct=0
14:44:48 magic=0xBEC00005 status=0 n=0 correct=0
14:44:58 magic=0xBEC00005 status=0 n=0 correct=0
14:45:13 magic=0xBEC00005 status=0 n=0 correct=0
14:45:23 magic=0xBEC00005 status=0 n=0 correct=0
14:45:33 magic=0xBEC00005 status=0 n=0 correct=0
14:45:43 magic=0xBEC00005 status=0 n=0 correct=0
14:45:53 magic=0xBEC00005 status=0 n=0 correct=0
14:46:03 magic=0xBEC00005 status=0 n=0 correct=0
14:46:14 magic=0xBEC00005 status=0 n=0 correct=0
14:46:24 magic=0xBEC00005 status=0 n=0 correct=0
14:46:34 magic=0xBEC00005 status=0 n=0 correct=0
14:46:45 magic=0xBEC00005 status=0 n=0 correct=0
14:46:55 magic=0xBEC00005 status=0 n=0 correct=0
14:47:05 magic=0xBEC00005 status=0 n=0 correct=0
14:47:15 magic=0xBEC00005 status=0 n=0 correct=0
14:47:28 magic=0xBEC00005 status=0 n=0 correct=0
14:47:38 magic=0xBEC00005 status=0 n=0 correct=0
14:47:51 magic=0xBEC00005 status=0 n=0 correct=0
14:48:02 magic=0xBEC00005 status=0 n=0 correct=0
14:48:15 magic=0xBEC00005 status=0 n=0 correct=0
14:48:25 magic=0xBEC00005 status=0 n=0 correct=0
14:48:35 magic=0xBEC00005 status=0 n=0 correct=0
14:48:45 magic=0xBEC00005 status=0 n=0 correct=0
14:48:59 magic=0xBEC00005 status=0 n=0 correct=0
14:49:09 magic=0xBEC00005 status=0 n=0 correct=0
14:49:19 magic=0xBEC00005 status=0 n=0 correct=0
14:49:29 magic=0xBEC00005 status=0 n=0 correct=0
14:49:40 magic=0xBEC00005 status=0 n=0 correct=0
14:49:53 magic=0xBEC00005 status=0 n=0 correct=0
14:50:03 magic=0xBEC00005 status=0 n=0 correct=0
14:50:13 magic=0xBEC00005 status=0 n=0 correct=0
14:50:23 magic=0xBEC00005 status=0 n=0 correct=0
14:50:33 magic=0xBEC00005 status=0 n=0 correct=0
14:50:44 magic=0xBEC00005 status=0 n=0 correct=0
14:51:04 magic=0xBEC00005 status=0 n=0 correct=0
14:51:15 magic=0xBEC00005 status=0 n=0 correct=0
14:51:31 magic=0xBEC00005 status=0 n=0 correct=0
14:51:41 magic=0xBEC00005 status=0 n=0 correct=0
14:51:51 magic=0xBEC00005 status=0 n=0 correct=0
14:52:02 magic=0xBEC00005 status=0 n=0 correct=0
14:52:14 magic=0xBEC00005 status=0 n=0 correct=0
14:52:26 magic=0xBEC00005 status=0 n=0 correct=0
14:52:36 magic=0xBEC00005 status=0 n=0 correct=0
14:52:51 magic=0xBEC00005 status=0 n=0 correct=0
14:53:01 magic=0xBEC00005 status=0 n=0 correct=0
14:53:11 magic=0xBEC00005 status=0 n=0 correct=0
14:53:21 magic=0xBEC00005 status=0 n=0 correct=0
14:53:32 magic=0xBEC00005 status=0 n=0 correct=0
14:53:42 magic=0xBEC00005 status=0 n=0 correct=0
14:53:52 magic=0xBEC00005 status=0 n=0 correct=0
14:54:02 magic=0xBEC00005 status=0 n=0 correct=0
14:54:12 magic=0xBEC00005 status=0 n=0 correct=0
14:54:22 magic=0xBEC00005 status=0 n=0 correct=0
14:54:32 magic=0xBEC00005 status=0 n=0 correct=0
14:54:42 magic=0xBEC00005 status=0 n=0 correct=0
14:54:53 magic=0xBEC00005 status=0 n=0 correct=0
14:55:05 magic=0xBEC00005 status=0 n=0 correct=0
14:55:15 magic=0xBEC00005 status=0 n=0 correct=0
14:55:26 magic=0xBEC00005 status=0 n=0 correct=0
14:55:37 magic=0xBEC00005 status=0 n=0 correct=0
14:55:47 magic=0xBEC00005 status=0 n=0 correct=0
14:55:57 magic=0xBEC00005 status=0 n=0 correct=0
14:56:09 magic=0xBEC00005 status=0 n=0 correct=0
14:56:19 magic=0xBEC00005 status=0 n=0 correct=0
14:56:30 magic=0xBEC00005 status=0 n=0 correct=0
14:56:41 magic=0xBEC00005 status=0 n=0 correct=0
14:56:54 magic=0xBEC00005 status=0 n=0 correct=0
14:57:06 magic=0xBEC00005 status=0 n=0 correct=0
14:57:16 magic=0xBEC00005 status=0 n=0 correct=0
14:57:27 magic=0xBEC00005 status=0 n=0 correct=0
14:57:37 magic=0xBEC00005 status=0 n=0 correct=0
14:57:47 magic=0xBEC00005 status=0 n=0 correct=0
14:57:57 magic=0xBEC00005 status=0 n=0 correct=0
14:58:08 magic=0xBEC00005 status=0 n=0 correct=0
14:58:18 magic=0xBEC00005 status=0 n=0 correct=0
14:58:28 magic=0xBEC00005 status=0 n=0 correct=0
14:58:38 magic=0xBEC00005 status=0 n=0 correct=0
14:58:54 magic=0xBEC00005 status=0 n=0 correct=0
14:59:04 magic=0xBEC00005 status=0 n=0 correct=0
14:59:14 magic=0xBEC00005 status=0 n=0 correct=0
14:59:24 magic=0xBEC00005 status=0 n=0 correct=0
14:59:39 magic=0xBEC00005 status=0 n=0 correct=0
14:59:51 magic=0xBEC00005 status=0 n=0 correct=0
15:00:01 magic=0xBEC00005 status=0 n=0 correct=0
15:00:14 magic=0xBEC00005 status=0 n=0 correct=0
15:00:24 magic=0xBEC00005 status=0 n=0 correct=0
15:00:34 magic=0xBEC00005 status=0 n=0 correct=0
15:00:44 magic=0xBEC00005 status=0 n=0 correct=0
15:00:54 magic=0xBEC00005 status=0 n=0 correct=0
15:01:04 magic=0xBEC00005 status=0 n=0 correct=0
15:01:14 magic=0xBEC00005 status=0 n=0 correct=0
15:01:24 magic=0xBEC00005 status=0 n=0 correct=0
15:01:34 magic=0xBEC00005 status=0 n=0 correct=0
15:01:45 magic=0xBEC00005 status=0 n=0 correct=0
15:02:06 magic=0xBEC00005 status=0 n=0 correct=0
15:02:16 magic=0xBEC00005 status=0 n=0 correct=0
15:02:26 magic=0xBEC00005 status=0 n=0 correct=0
15:02:36 magic=0xBEC00005 status=0 n=0 correct=0
15:02:46 magic=0xBEC00005 status=0 n=0 correct=0
15:03:01 magic=0xBEC00005 status=0 n=0 correct=0
ERROR: EMG replay did not finish within 7200s (magic=0xBEC00005 status=0)
ERROR: EMG replay output missing expected summary line
